Speed,LapDistPct,Lat,Lon,Brake,Throttle,RPM,SteeringWheelAngle,Gear,Clutch,ABSActive,DRSActive,LatAccel,LongAccel,VertAccel,Yaw,PositionType
52.580364,0.0002121046,49.327754448107775,8.565771014411139,0,1,6381.4375,-0.007844424,5,1,false,false,-0.25825167,1.7785902,8.490215,2.0164893,3
52.60698,0.00040562058,49.32776155133109,8.565765648959896,0,1,6383.057,-0.009297136,5,1,false,false,-0.10019307,1.4657626,9.070759,2.0164788,3
52.627995,0.0005992328,49.32776865469161,8.565760421213508,0,1,6403.4287,-0.010168989,5,1,false,false,-0.31658468,1.2169881,8.152808,2.01646,3
52.650387,0.00079291535,49.32777575791493,8.565755193467119,0,1,6442.723,-0.010168989,5,1,false,false,-0.3188938,1.5114768,8.563943,2.0164237,3
52.680992,0.0009867019,49.32778286127544,8.565749828855541,0,1,6442.2104,-0.008716277,5,1,false,false,-0.42072928,2.1284783,8.846763,2.01636,3
52.716866,0.0011806124,49.327789964498756,8.565744601109152,0,1,6408.7295,-0.0075545562,5,1,false,false,-0.30134392,2.132954,9.344231,2.0162723,3
52.749958,0.0013746558,49.327797067722074,8.565739373362762,0,1,6399.691,-0.0066827037,5,1,false,false,-0.0571263,1.8991506,9.273462,2.0161767,3
52.779034,0.0015688124,49.32780417108259,8.565734007911521,0,1,6407.2925,-0.005810851,5,1,false,false,-0.37484372,1.6989074,9.909331,2.0161126,3
52.80673,0.0017630717,49.32781127430591,8.565728780165133,0,1,6407.3447,-0.004938999,5,1,false,false,-0.32477817,1.676838,10.008566,2.016038,3
52.833652,0.001957431,49.327818377666425,8.565723552418742,0,1,6411.293,-0.00464913,5,1,false,false,-0.4758284,1.6475215,9.642559,2.015957,3
52.860928,0.0021518974,49.32782548088974,8.565718186967501,0,1,6421.012,-0.00406827,5,1,false,false,-0.24999936,1.6527479,9.4165745,2.0158699,3
52.88853,0.0023464644,49.32783267411585,8.565712960060775,0,1,6421.603,-0.0031964178,5,1,false,false,-0.33665213,1.7107157,9.995798,2.0158067,3
52.916924,0.0025411344,49.327839777339165,8.565707594609535,0,1,6423.3916,-0.002906549,5,1,false,false,-0.2897586,1.7019874,10.574653,2.0157385,3
52.94391,0.0027359077,49.32784688069968,8.565702366863146,0,1,6428.9473,-0.00406827,5,1,false,false,-0.23540607,1.6424856,9.877256,2.0156815,3
52.97175,0.0029307825,49.32785407392579,8.565697001411904,0,1,6435.3477,-0.0052299905,5,1,false,false,-0.22194561,1.7461791,9.309071,2.0156507,3
53.00113,0.0031257628,49.3278611771491,8.565691773665515,0,1,6429.6357,-0.0058108508,5,1,false,false,-0.6308268,1.8078225,9.6643305,2.0156417,3
53.029877,0.0033208493,49.327868370375214,8.565686408214274,0,1,6425.209,-0.006972572,5,1,false,false,-0.32346916,1.705549,9.779293,2.0155828,3
53.0563,0.0035160442,49.32787547359853,8.565681181307548,0,1,6433.2524,-0.008135416,5,1,false,false,-0.35108227,1.5432775,9.474281,2.0155165,3
53.081482,0.0037113358,49.327882666824635,8.565675815856308,0,1,6444.8735,-0.008135417,5,1,false,false,-0.4774732,1.5576067,9.680513,2.0154467,3
53.107544,0.003906715,49.327889860050746,8.565670450405067,0,1,6451.564,-0.008135417,5,1,false,false,-0.5508887,1.6151154,10.29827,2.0153553,3
53.134514,0.004102201,49.327896963274064,8.565665222658676,0,1,6454.6704,-0.008135417,5,1,false,false,-0.31718028,1.6617118,10.06268,2.015246,3
53.16222,0.004297786,49.32790415650017,8.565659857207436,0,1,6456.0537,-0.008425285,5,1,false,false,-0.5912156,1.6987586,9.274503,2.015153,3
53.190357,0.0044934736,49.32791134972628,8.565654492595858,0,1,6454.9736,-0.0075545553,5,1,false,false,-0.53691304,1.7221148,10.448497,2.015044,3
53.218468,0.0046892683,49.32791854295238,8.565649264849469,0,1,6452.884,-0.0061018434,5,1,false,false,-0.49136296,1.6799272,10.312307,2.0149124,3
53.24512,0.004885167,49.3279256461757,8.565643899398228,0,1,6455.4526,-0.006101843,5,1,false,false,-0.44188887,1.572472,8.505358,2.0147781,3
53.26999,0.0050811563,49.32793283940181,8.565638533946986,0,1,6465.564,-0.006101843,5,1,false,false,-0.4549046,1.4979272,8.123851,2.0146594,3
53.29459,0.0052772365,49.327940032627914,8.565633306200597,0,1,6472.8804,-0.004938999,5,1,false,false,-0.7390599,1.5500704,10.155262,2.0145805,3
53.320496,0.0054734163,49.327947225854025,8.565627940749357,0,1,6475.245,-0.0023245658,5,1,false,false,-0.45072135,1.433886,9.000384,2.014452,3
53.341404,0.0056696874,49.32795441894294,8.565622576137779,0,1,6495.2007,-0.0005808602,5,1,false,false,-0.21534915,1.3185432,9.822117,2.0143287,3
53.36999,0.0058660368,49.32796161216904,8.56561734839139,0,1,6519.211,0.0023245653,5,1,false,false,-0.62679005,2.0703635,10.693272,2.0142694,3
53.39916,0.006062502,49.32796880539515,8.56561198294015,0,1,6489.543,0.006390588,5,1,false,false,-0.46816802,1.897315,10.754417,2.0142717,3
53.43206,0.0062590875,49.327975998621255,8.565606617488907,0,1,6479.2026,0.008716276,5,1,false,false,-0.014566332,1.847183,9.313023,2.0143087,3
53.460785,0.0064557837,49.32798328171295,8.565601252037666,0,1,6477.2285,0.009297137,5,1,false,false,-0.08479446,1.6544173,10.757293,2.0144467,3
53.4871,0.00665258,49.327990474939064,8.56559602513094,0,1,6471.7563,0.010168989,5,1,false,false,-0.36898524,1.5627146,9.962785,2.0146313,3
53.508842,0.0068494705,49.327997668165175,8.5655906596797,0,1,6485.2236,0.009877997,5,1,false,false,-0.2103386,1.3415391,10.158739,2.0148458,3
53.532673,0.0070464457,49.32800486125408,8.565585294228459,0,1,6511.624,0.007844425,5,1,false,false,0.21090983,1.4301474,9.9663725,2.0151093,3
53.556526,0.007243507,49.32801214434578,8.565579928777217,0,1,6508.283,0.0046480075,5,1,false,false,0.065212086,1.4185443,9.178018,2.0154455,3
53.586464,0.007440671,49.32801933757189,8.56557456416564,0,1,6510.2554,0.0011617213,5,1,false,false,0.10374875,1.7092091,9.244799,2.015778,3
53.613293,0.00763794,49.328026620663586,8.565569198714398,0,1,6505.3823,-0.002033573,5,1,false,false,-0.13941097,1.6571615,9.5744705,2.0160635,3
53.639935,0.0078353,49.3280338138897,8.565563833263157,0,1,6510.8604,-0.00348741,5,1,false,false,-0.018868148,1.5960832,9.268147,2.01627,3
53.665344,0.008032763,49.3280410071158,8.565558467811917,0,1,6517.0845,-0.00464913,5,1,false,false,0.07724726,1.5353448,9.159746,2.016419,3
53.691364,0.008230327,49.3280482902075,8.565553102360676,0,1,6521.803,-0.00464913,5,1,false,false,0.0004311055,1.6221931,9.196315,2.016534,3
53.717964,0.008427983,49.3280555732992,8.565547737749098,0,1,6522.5044,-0.0037772781,5,1,false,false,-0.057068184,1.5944797,9.589432,2.0166023,3
53.743866,0.008625734,49.328062766525306,8.565542372297857,0,1,6525.0215,-0.0023245655,5,1,false,false,0.2039899,1.5768267,9.710044,2.0166068,3
53.769886,0.008823586,49.328070049617004,8.565537006846615,0,1,6531.02,-0.0005808602,5,1,false,false,0.19424386,1.5819287,10.154996,2.0165935,3
53.796227,0.009021536,49.328077242843115,8.565531641395374,0,1,6531.2573,0.0014527128,5,1,false,false,0.12523901,1.640297,10.194109,2.0165792,3
53.823055,0.009219586,49.32808452593481,8.565526276783796,0,1,6531.0474,0.0031952937,5,1,false,false,0.06424856,1.6133426,9.923378,2.0165668,3
53.849407,0.009417734,49.32809180902651,8.565520911332555,0,1,6533.0093,0.004357015,5,1,false,false,0.10157046,1.6293424,10.573454,2.0165672,3
53.87564,0.009615978,49.328099092255414,8.565515408176463,0,1,6534.054,0.004357015,5,1,false,false,0.06786835,1.6019168,10.578575,2.0165954,3
53.901314,0.009814317,49.32810628534432,8.565510043564885,0,1,6533.697,0.0020335736,5,1,false,false,0.011124641,1.5543786,10.06017,2.0166435,3
53.92669,0.010012749,49.32811356857322,8.565504678113644,0,1,6539.334,-0.0011617208,5,1,false,false,-0.01759243,1.5477877,10.387124,2.0167089,3
53.951813,0.010211284,49.32812085166492,8.565499312662403,0,1,6542.5933,-0.004358139,5,1,false,false,-0.27287006,1.535213,10.201879,2.0167751,3
53.97675,0.010409901,49.32812813475662,8.56549380950631,0,1,6544.884,-0.0069725714,5,1,false,false,-0.11320305,1.5569452,10.171281,2.0168045,3
54.001957,0.010608616,49.328135417848316,8.565488444894733,0,1,6549.4185,-0.008716276,5,1,false,false,-0.12111792,1.5275801,10.181735,2.0168002,3
54.027233,0.010807427,49.32814270094001,8.565483079443492,0,1,6552.3237,-0.009297137,5,1,false,false,-0.24561036,1.5333148,9.684705,2.016761,3
54.05216,0.011006326,49.32814998403172,8.56547771399225,0,1,6555.4287,-0.008716277,5,1,false,false,-0.25170976,1.5359793,9.168576,2.0166855,3
54.07715,0.011205312,49.328157267123416,8.565472211675822,0,1,6559.747,-0.0072635645,5,1,false,false,-0.20831436,1.5237852,9.02579,2.0165744,3
54.101833,0.011404374,49.32816455035231,8.565466846224579,0,1,6561.719,-0.0061018434,5,1,false,false,-0.16749401,1.4972826,9.764727,2.0164568,3
54.125668,0.011603509,49.32817183344401,8.565461343068486,0,1,6567.888,-0.0055209827,5,1,false,false,-0.2898205,1.4253383,10.227115,2.0163488,3
54.148594,0.0118027255,49.328179116535715,8.565455977617246,0,1,6580.1826,-0.005229991,5,1,false,false,-0.41005987,1.4475615,9.809543,2.0162396,3
54.173557,0.012002007,49.32818648949301,8.565450613005668,0,1,6588.38,-0.005520982,5,1,false,false,-0.3687631,1.6303471,10.5890875,2.016121,3
54.201153,0.012201345,49.3281937727219,8.565445109849575,0,1,6581.2456,-0.0066827033,5,1,false,false,-0.45702824,1.7370462,9.945522,2.0160081,3
54.228745,0.012400779,49.3282010558136,8.565439744398335,0,1,6571.956,-0.007844424,5,1,false,false,-0.4626959,1.637581,9.945061,2.0158958,3
54.254433,0.0126003185,49.32820842877089,8.565434242081905,0,1,6573.5845,-0.008716276,5,1,false,false,-0.497998,1.5552803,10.004351,2.0157912,3
54.27861,0.012799948,49.32821571186259,8.565428876630664,0,1,6578.269,-0.009006145,5,1,false,false,-0.48421198,1.45974,9.570663,2.0156755,3
54.30232,0.012999667,49.32822299509149,8.565423373474571,0,1,6583.3823,-0.009006145,5,1,false,false,-0.51559246,1.4519138,9.755582,2.0155458,3
54.32575,0.013199478,49.32823036804878,8.565418008862993,0,1,6591.5293,-0.0075545562,5,1,false,false,-0.5005381,1.4343436,9.161708,2.0153992,3
54.349247,0.013399375,49.32823765114048,8.5654125057069,0,1,6598.252,-0.0049389997,5,1,false,false,-0.4888184,1.4525231,9.055597,2.0152462,3
54.373497,0.013599364,49.328245024234974,8.565407140255658,0,1,6603.8755,-0.0031964178,5,1,false,false,-0.40647495,1.495901,9.439122,2.0150952,3
54.398056,0.01379944,49.32825230732667,8.56540163793923,0,1,6606.827,-0.0011617204,5,1,false,false,-0.4376792,1.5027065,9.6117115,2.0149658,3
54.42299,0.013999614,49.32825968042116,8.56539627248799,0,1,6610.479,0.0005808604,5,1,false,false,-0.48986012,1.5243896,9.42366,2.0148587,3
54.44836,0.014199883,49.328267053378454,8.565390769331895,0,1,6612.8477,0.0020335729,5,1,false,false,-0.52370274,1.5730505,9.624719,2.0147684,3
54.474033,0.014400245,49.32827433647015,8.565385404720319,0,1,6611.89,0.003776154,5,1,false,false,-0.45434207,1.5921481,9.492804,2.014692,3
54.49989,0.014600702,49.32828170956464,8.565379901564224,0,1,6610.297,0.0049389983,5,1,false,false,-0.2723878,1.5675652,10.116531,2.0146399,3
54.52526,0.014801259,49.328289082521934,8.565374398408132,0,1,6610.2124,0.0058097276,5,1,false,false,-0.14833774,1.5066043,9.669229,2.0146315,3
54.549274,0.015001912,49.328296455616425,8.565369033796555,0,1,6613.0386,0.007263563,5,1,false,false,-0.31592906,1.4478278,9.787634,2.0146587,3
54.573097,0.015202653,49.32830373870812,8.565363530640461,0,1,6620.0405,0.008716277,5,1,false,false,-0.346748,1.4508814,10.036559,2.0147095,3
54.59682,0.015403479,49.328311111665414,8.565358027484368,0,1,6623.31,0.009877997,5,1,false,false,-0.056130707,1.4578257,9.435284,2.0147753,3
54.62083,0.015604396,49.328318484759905,8.56535266287279,0,1,6625.6294,0.0107498495,5,1,false,false,-0.29738897,1.4950962,9.40291,2.0148876,3
54.645267,0.015805412,49.328325857717196,8.565347159716698,0,1,6628.3,0.01249243,5,1,false,false,-0.16526267,1.4559277,9.916429,2.0150108,3
54.669003,0.016006516,49.32833323081169,8.565341656560605,0,1,6629.6714,0.014236135,5,1,false,false,-0.0014659017,1.4477555,10.066163,2.0151596,3
54.69242,0.0162077,49.32834060390617,8.565336291949027,0,1,6637.0864,0.015106864,5,1,false,false,0.12467782,1.4245528,9.401502,2.0153277,3
54.71628,0.016408978,49.32834797686346,8.565330788792934,0,1,6641.979,0.015106864,5,1,false,false,0.16378579,1.4838709,9.859646,2.0155406,3
54.74114,0.01661035,49.32835534995795,8.565325285636842,0,1,6641.192,0.015106864,5,1,false,false,0.13105226,1.5235434,10.177176,2.015799,3
54.765415,0.016811816,49.32836281278084,8.565319783320412,0,1,6641.4253,0.013654152,5,1,false,false,0.106893316,1.4488328,9.140743,2.016085,3
54.789127,0.017013367,49.32837018587533,8.565314417869171,0,1,6647.6846,0.011330711,5,1,false,false,0.13255906,1.4464642,9.765783,2.016375,3
54.812943,0.01721501,49.32837755883262,8.565308914713079,0,1,6651.4795,0.009588129,5,1,false,false,0.15612644,1.4992708,10.370952,2.0166676,3
54.83668,0.017416747,49.32838493192711,8.565303412396648,0,1,6651.5967,0.008716277,5,1,false,false,0.2356756,1.4438076,9.812011,2.0169473,3
54.860447,0.017618567,49.328392304884396,8.565297909240556,0,1,6656.7524,0.008425285,5,1,false,false,0.25230092,1.445638,9.393164,2.0172195,3
54.88446,0.017820476,49.32839976784448,8.565292406924126,0,1,6658.1343,0.009588128,5,1,false,false,0.49690732,1.4648392,10.812484,2.0174801,3
54.908684,0.018022476,49.32840714093897,8.565286903768033,0,1,6655.167,0.01191157,5,1,false,false,0.30469567,1.4663395,10.194607,2.0177274,3
54.93201,0.018224575,49.32841451389626,8.56528140061194,0,1,6659.3887,0.014526004,5,1,false,false,0.46886832,1.379618,9.361472,2.0179644,3
54.954674,0.018426752,49.32842197685635,8.56527589829551,0,1,6667.0005,0.01714156,5,1,false,false,0.55961514,1.3889933,10.192296,2.0182247,3
54.977993,0.01862902,49.32842934995084,8.565270395139418,0,1,6667.47,0.019175135,5,1,false,false,0.6456706,1.4659362,11.128432,2.0185204,3
55.00114,0.018831369,49.32843672290812,8.565264892822988,0,1,6668.054,0.020336855,5,1,false,false,0.69579047,1.3933473,10.598347,2.0188446,3
55.02424,0.019033816,49.32844418586821,8.565259389666895,0,1,6675.481,0.019756,5,1,false,false,0.88051975,1.415195,10.440645,2.0192122,3
55.047737,0.019236336,49.3284515589627,8.565253749645615,0,1,6678.9033,0.017722422,5,1,false,false,0.64644164,1.4549894,10.289255,2.01963,3
55.071236,0.019438956,49.32845902192278,8.56524824648952,0,1,6675.4604,0.014816998,5,1,false,false,0.5905628,1.4893651,10.3089285,2.0200593,3
55.09476,0.01964166,49.32846639488007,8.565242743333428,0,1,6678.257,0.011621702,5,1,false,false,0.65605515,1.4313089,10.454506,2.0204751,3
55.1175,0.019844448,49.32847385784015,8.565237241017,0,1,6681.075,0.0081354175,5,1,false,false,0.65226305,1.4030749,10.076476,2.0208755,3
55.14008,0.02004733,49.32848123093464,8.565231600156054,0,1,6684.492,0.0046480056,5,1,false,false,0.4822368,1.3928138,9.750247,2.021256,3
55.162872,0.020250294,49.32848869375753,8.565226097839625,0,1,6688.557,0.0017425817,5,1,false,false,0.5008918,1.3751986,9.064421,2.021585,3
55.18521,0.020453338,49.32849606685201,8.56522045697868,0,1,6691.0815,0.0005808605,5,1,false,false,0.5186094,1.3587853,9.405076,2.0218475,3
55.20805,0.020656478,49.328503529812096,8.56521495466225,0,1,6695.3354,0.0011617207,5,1,false,false,0.5142114,1.3785074,8.93815,2.0220482,3
55.229614,0.020859698,49.32851099277218,8.565209313801306,0,1,6700.0957,0.003776154,5,1,false,false,0.49673054,1.3028669,8.457953,2.0222,3
55.251392,0.02106299,49.32851836572947,8.565203811484876,0,1,6710.34,0.0081354175,5,1,false,false,0.6280637,1.3880693,8.965,2.0223393,3
55.274605,0.021266377,49.32852582868955,8.565198170623932,0,1,6712.328,0.012783422,5,1,false,false,0.51376987,1.3979002,9.12474,2.0224848,3
55.297543,0.021469843,49.328533291649634,8.565192668307501,0,1,6711.974,0.018013414,5,1,false,false,0.6580222,1.3984659,9.452256,2.0226274,3
55.320324,0.021673398,49.328540664606926,8.565187027446557,0,1,6719.749,0.022370428,5,1,false,false,0.8125621,1.3848641,10.037874,2.0228078,3
55.343483,0.021877037,49.328548127567004,8.565181387425277,0,1,6721.615,0.026438702,5,1,false,false,0.9045861,1.4480376,10.8958435,2.0230565,3
55.367844,0.02208077,49.32855559052709,8.565175884269182,0,1,6717.5576,0.029924989,5,1,false,false,0.92702156,1.5152935,10.551312,2.0233994,3
55.392128,0.022284592,49.328563053487166,8.565170244247902,0,1,6714.527,0.0331214,5,1,false,false,0.9371753,1.4750298,10.029709,2.0238209,3
55.415653,0.022488507,49.32857051644725,8.565164603386958,0,1,6713.487,0.03515497,5,1,false,false,0.9978452,1.4702098,10.263874,2.0243154,3
55.438103,0.022692507,49.328577889473145,8.565158963365676,0,1,6710.8335,0.037478417,5,1,false,false,1.1446737,1.3598403,10.693061,2.024864,3
55.458416,0.022896584,49.32858535243322,8.565153322504731,0,1,6711.2314,0.038931124,5,1,false,false,1.0785052,1.2577368,9.868297,2.0254607,3
55.477375,0.023100736,49.32859281539331,8.565147682483449,0,1,6720.6733,0.039511982,5,1,false,false,1.4164491,1.0215513,8.641465,2.0260665,3
55.49534,0.023304962,49.32860027828479,8.565142042462169,0,1,6729.3193,0.03951199,5,1,false,false,1.3008327,1.0273124,8.0303545,2.0266871,3
55.511227,0.023509247,49.328607741244866,8.565136401601224,0,1,6742.4053,0.043290395,5,1,false,false,1.2204978,1.0879807,10.433904,2.0273666,3
55.52931,0.02371359,49.32861520420495,8.565130761579942,0,1,6755.3643,0.053168386,5,1,false,false,2.0402212,1.0695269,12.58052,2.0281515,3
55.54726,0.023918005,49.328622667165035,8.565125120718998,0,1,6776.0044,0.060431946,5,1,false,false,2.4483933,1.3411869,13.388927,2.0292099,3
55.57407,0.02412251,49.32863013005652,8.565119342992864,0,1,6778.401,0.060140956,5,1,false,false,2.793946,1.705294,8.082801,2.0305088,3
55.601467,0.02432711,49.328637503082405,8.565113702971583,0,1,6737.4634,0.04968211,5,1,false,false,2.3459523,1.7865549,8.414111,2.0319436,3
55.627415,0.024531813,49.32864496604249,8.565107924405787,0,1,6714.3525,0.041546695,5,1,false,false,2.0976894,1.2626865,9.853533,2.0332696,3
55.64092,0.024736602,49.32865242900257,8.565102284384505,0,1,6721.588,0.035154983,5,1,false,false,2.0497837,0.67331463,11.520203,2.0343847,3
55.65296,0.024941422,49.32865989196265,8.565096506658373,0,1,6771.6035,0.030214857,5,1,false,false,2.2785575,0.79690343,9.961388,2.0354545,3
55.66749,0.025146294,49.32866735485413,8.565090865797428,0,1,6790.5605,0.02818128,5,1,false,false,2.5825596,1.0620403,9.882624,2.036632,3
55.691013,0.02535128,49.32867481781422,8.565085088071294,0,1,6786.2124,0.02789141,5,1,false,false,2.7463214,2.0917094,9.526094,2.0379004,3
55.720486,0.025556376,49.328682280774295,8.565079310345162,0,1,6748.612,0.027600415,5,1,false,false,2.2280815,1.5721453,9.749981,2.0391035,3
55.743454,0.025761569,49.32868974373438,8.565073531779364,0,1,6727.934,0.02847227,5,1,false,false,2.789799,1.3218703,10.436565,2.0400498,3
55.76041,0.02596684,49.32869711676027,8.565067754053231,0,1,6754.465,0.02731055,5,1,false,false,2.4662702,0.9915695,9.698605,2.040855,3
55.776886,0.026172167,49.32870457965175,8.565061976327097,0,1,6765.666,0.02847227,5,1,false,false,2.701904,1.1352967,10.68466,2.041548,3
55.796097,0.026377562,49.32871204261183,8.565056197761301,0,1,6761.3735,0.031667564,5,1,false,false,2.8188992,1.2972302,10.869978,2.042221,3
55.8161,0.02658303,49.32871950557192,8.565050282330317,0,1,6770.2456,0.032830413,5,1,false,false,2.7903445,1.2004136,9.752635,2.042946,3
55.8363,0.026788563,49.328726968531996,8.565044504604183,0,1,6779.125,0.032249555,5,1,false,false,2.491608,1.2589451,8.946976,2.0437262,3
55.856964,0.026994176,49.32873443142348,8.56503872687805,0,1,6776.0923,0.029633991,5,1,false,false,2.496004,1.3610436,10.482511,2.0445204,3
55.87852,0.02719986,49.32874180451797,8.565032811447065,0,1,6773.775,0.028763257,5,1,false,false,2.118243,1.3069346,9.575744,2.0452979,3
55.898346,0.027405623,49.32874926740945,8.565026895176416,0,1,6779.3296,0.027600415,5,1,false,false,2.3672242,1.2249889,9.910053,2.046003,3
55.918175,0.027611455,49.328756730369534,8.565021117450284,0,1,6789.74,0.026729684,5,1,false,false,3.1891563,1.2700622,14.522226,2.0467308,3
55.93978,0.02781736,49.32876419332961,8.565015202019298,0,1,6783.93,0.028472275,5,1,false,false,2.2646828,1.4181919,10.022549,2.0475874,3
55.961906,0.028023338,49.328771656289696,8.565009286588314,0,1,6777.3022,0.029924989,5,1,false,false,2.4112828,1.3729094,8.990311,2.0483513,3
55.985207,0.028229404,49.32877911918118,8.565003371157328,0,1,6775.6045,0.03137769,5,1,false,false,3.0574086,1.4505167,13.622381,2.04905,3
56.00494,0.028435547,49.32878649220707,8.564997455726344,0,1,6756.262,0.032540545,5,1,false,false,2.3707633,1.0611196,9.64262,2.0496624,3
56.02068,0.02864175,49.32879395516715,8.56499154029536,0,1,6778.021,0.027310546,5,1,false,false,2.3286314,0.9813425,9.981927,2.0502417,3
56.03794,0.028848013,49.328801418127235,8.56498562402471,0,1,6803.2944,0.020917717,5,1,false,false,2.1945717,1.2099001,12.459631,2.0508862,3
56.058323,0.029054342,49.32880888108731,8.564979571728538,0,1,6782.4307,0.017432554,5,1,false,false,1.5743581,1.3002754,10.1942625,2.0514967,3
56.07802,0.029260743,49.32881625411321,8.564973655457889,0,1,6789.096,0.015106866,5,1,false,false,1.9404039,1.2317084,9.858361,2.0519962,3
56.096413,0.02946721,49.32882371700469,8.564967740026903,0,1,6801.9688,0.01626971,5,1,false,false,1.8195359,1.1916727,9.910234,2.052442,3
56.116173,0.02967374,49.328831179964766,8.564961686891067,0,1,6787.9814,0.02091772,5,1,false,false,1.8481357,1.2887251,8.97318,2.052813,3
56.135254,0.029880345,49.32883864292485,8.564955633755229,0,1,6789.527,0.028763266,5,1,false,false,1.6830975,1.1436567,7.200034,2.053139,3
56.151913,0.030087013,49.328846105884935,8.564949718324245,0,1,6807.4976,0.037769407,5,1,false,false,1.4508219,1.0254368,6.977437,2.053436,3
56.16821,0.030293738,49.32885347891082,8.564943665188407,0,1,6819.218,0.048229396,5,1,false,false,1.6962327,0.96172976,7.0035706,2.053737,3
56.181442,0.030500518,49.328860941802304,8.564937749757423,0,1,6835.036,0.05839838,5,1,false,false,1.6933354,0.75472903,6.8716283,2.054139,3
56.195232,0.030707337,49.32886840476239,8.564931696621587,0,1,6872.9375,0.06740452,5,1,false,false,2.0082126,0.99484366,7.964582,2.0547347,3
56.21405,0.030914217,49.328875867722466,8.564925643485749,0,1,6884.845,0.07292549,5,1,false,false,2.8409114,1.3346431,11.526754,2.05563,3
56.24048,0.031121172,49.32888333068255,8.564919590349913,0,1,6866.2134,0.0717638,5,1,false,false,2.8664837,1.8956683,10.751463,2.0569038,3
56.27329,0.03132824,49.32889070370844,8.564913537214075,0,1,6834.827,0.064790085,5,1,false,false,3.0733612,1.930549,11.029198,2.0584412,3
56.303055,0.031535417,49.32889816666852,8.564907484078239,0,1,6797.3564,0.052587517,5,1,false,false,2.9108205,1.651854,10.980727,2.0600069,3
56.324207,0.031742696,49.328905629560005,8.564901430942403,0,1,6784.1597,0.036897548,5,1,false,false,2.7632403,1.1913544,10.04294,2.0613194,3
56.33997,0.03195003,49.32891309252009,8.564895240941377,0,1,6802.4434,0.02324228,5,1,false,false,2.5460558,0.9139044,10.116918,2.0623064,3
56.353733,0.032157417,49.32892055548017,8.564889187805539,0,1,6817.649,0.0116217015,5,1,false,false,2.1242113,0.7971939,9.076842,2.0630403,3
56.367916,0.03236485,49.32892792850606,8.564883134669703,0,1,6838.7046,0.0058097285,5,1,false,false,2.075366,0.98478574,7.970999,2.063637,3
56.384674,0.032572336,49.32893539146614,8.564876943829015,0,1,6857.2324,0.0049389987,5,1,false,false,1.6236832,1.0822873,7.995182,2.064167,3
56.40407,0.03277988,49.32894285435762,8.564870890693177,0,1,6859.838,0.008135416,5,1,false,false,1.9840915,1.2876664,8.666278,2.0646043,3
56.424717,0.032987505,49.328950317317705,8.564864699852489,0,1,6863.1313,0.0116217015,5,1,false,false,1.8584782,1.3025237,8.52735,2.065012,3
56.447617,0.0331952,49.32895769034359,8.5648585090118,0,1,6867.551,0.014816996,5,1,false,false,1.6037595,1.5083224,8.529739,2.0654044,3
56.47525,0.03340299,49.32896515330368,8.564852455875963,0,1,6852.6665,0.015688848,5,1,false,false,1.6967803,1.6457752,8.381992,2.0657353,3
56.50058,0.033610873,49.32897261626376,8.564846265874937,0,1,6829.1123,0.012783423,5,1,false,false,1.8773307,1.4792756,9.682148,2.0659819,3
56.52203,0.033818845,49.328980079155244,8.56484007503425,0,1,6835.1865,0.0081354175,5,1,false,false,1.6923732,1.2249997,12.243426,2.066176,3
56.540577,0.03402688,49.32898754211532,8.564833884193561,0,1,6847.28,0.0014527123,5,1,false,false,1.6985266,1.1406054,11.992829,2.066332,3
56.561592,0.03423499,49.328994915141216,8.564827693352871,0,1,6851.482,-0.0061018434,5,1,false,false,1.271506,1.484304,10.451902,2.066453,3
56.586452,0.03444318,49.32900237810129,8.564821502512183,0,1,6836.646,-0.015979843,5,1,false,false,0.95925814,1.4992969,9.64978,2.066462,3
56.609013,0.03465146,49.32900984106138,8.564815312511158,0,1,6820.3945,-0.022952411,5,1,false,false,0.9588784,1.3379198,10.102508,2.0662882,3
56.628033,0.0348598,49.32901730402146,8.56480912167047,0,1,6828.441,-0.029053131,5,1,false,false,0.37532014,1.1063669,10.146382,2.065975,3
56.64478,0.035068214,49.329024766912944,8.564802930829782,0,1,6843.0596,-0.03399325,5,1,false,false,-0.28904754,1.0361416,10.122861,2.0655375,3
56.66257,0.03527668,49.32903222987302,8.56479660228424,0,1,6852.6855,-0.038931135,5,1,false,false,-0.250503,1.1213723,11.260347,2.0649464,3
56.682697,0.035485223,49.329039692833106,8.564790412283216,0,1,6857.823,-0.044741977,5,1,false,false,-0.6153119,1.26065,9.893164,2.0642226,3
56.704422,0.03569384,49.32904715579319,8.564784221442526,0,1,6854.461,-0.04793839,5,1,false,false,-1.2103782,1.3797609,8.918112,2.0633595,3
56.726864,0.03590253,49.32905461868467,8.564778030601838,0,1,6848.035,-0.0479384,5,1,false,false,-1.2408078,1.4333872,9.910424,2.0623577,3
56.747192,0.0361113,49.32906208164475,8.56477183976115,0,1,6844.0264,-0.04561384,5,1,false,false,-1.5519149,1.3608513,10.540235,2.061293,3
56.766045,0.03632014,49.329069544604835,8.56476564892046,0,1,6847.557,-0.040965833,5,1,false,false,-1.7438968,1.1119534,10.638258,2.0602207,3
56.78407,0.036529046,49.32907700756491,8.564759321214584,0,1,6854.828,-0.036026828,5,1,false,false,-1.6099576,1.063827,10.816566,2.0591304,3
56.802685,0.036738012,49.329084470456394,8.564753130373894,0,1,6862.02,-0.032830417,5,1,false,false,-1.5622543,1.0923164,9.269234,2.058027,3
56.821617,0.036947045,49.32909202335067,8.564746939533206,0,1,6864.973,-0.03137882,5,1,false,false,-1.8212881,1.1992851,9.557595,2.0569785,3
56.840626,0.037156157,49.32909948631075,8.564740748692516,0,1,6867.4673,-0.028472267,5,1,false,false,-1.6588122,1.2158765,10.029162,2.0559876,3
56.85826,0.03736532,49.329106949202234,8.564734557851828,0,1,6872.5034,-0.025857832,5,1,false,false,-2.209515,1.1016258,9.903575,2.055065,3
56.877453,0.03757456,49.32911450209651,8.564728367850803,0,1,6881.2656,-0.021499695,5,1,false,false,-1.8119141,1.1266247,8.64495,2.0541394,3
56.897038,0.03778386,49.329121965056586,8.564722177010115,0,1,6884.472,-0.016560702,5,1,false,false,-2.3943348,1.5574541,9.136304,2.0533051,3
56.91931,0.037993237,49.329129517882265,8.564716123874279,0,1,6873.978,-0.009878,5,1,false,false,-2.6752963,1.3063194,9.982748,2.0525486,3
56.93839,0.038202688,49.329137070742235,8.564709933033589,0,1,6869.4487,-0.0002898681,5,1,false,false,-1.8444558,1.2810597,10.748956,2.0518365,3
56.95726,0.038412213,49.32914453370232,8.5647037421929,0,1,6879.807,0.009006145,5,1,false,false,-1.3287498,1.0122378,10.864973,2.0512533,3
56.975674,0.038621794,49.32915208652799,8.564697552191875,0,1,6877.115,0.018594272,5,1,false,false,-1.2266897,0.8554816,9.888016,2.05084,3
56.995758,0.03883145,49.32915963938797,8.564691361351187,0,1,6884.069,0.026729694,5,1,false,false,-1.0948908,1.2351577,9.69339,2.0505886,3
57.013847,0.03904117,49.32916719224794,8.56468530821535,0,1,6888.0215,0.033702265,5,1,false,false,-1.2115748,1.3334033,8.590135,2.0505314,3
57.031418,0.039250948,49.32917465520802,8.564679117374661,0,1,6892.425,0.041256815,5,1,false,false,-1.0277574,1.3613756,8.762318,2.050648,3
57.049362,0.0394608,49.32918220806799,8.564672926533973,0,0.96448827,6897.4917,0.04590482,5,1,false,false,-0.7079544,1.1576389,9.535483,2.0509193,3
57.06724,0.039670713,49.32918976092797,8.564666873398135,0,0.8838472,6897.028,0.045032974,5,1,false,false,-0.2531756,1.0440778,9.724939,2.051336,3
57.085056,0.03988069,49.32919731378794,8.564660682557447,0.0027403792,0.78643644,6892.3745,0.03835027,5,1,false,false,-0.1736469,0.9940912,9.625109,2.0518794,3
57.101173,0.04009073,49.32920486664791,8.564654492556421,0.010604075,0.67743516,6874.662,0.027600423,5,1,false,false,-0.11214616,0.8553288,10.190836,2.0524588,3
57.109848,0.040300816,49.32921241950788,8.564648301715733,0.020016683,0.5494453,6839.5127,0.010168988,5,1,false,false,-0.1842916,0.28726336,10.226019,2.0530076,3
57.10501,0.040510908,49.32921997236786,8.564642248579895,0.02883355,0.4335388,6814.558,-0.0055209836,5,1,false,false,-0.23555602,-0.6041257,10.960076,2.0534601,3
57.085102,0.040720955,49.32922752522783,8.564636057739207,0.039914206,0.3257707,6803.021,-0.018594274,5,1,false,false,-0.41359922,-1.5011009,11.038,2.0537612,3
57.05255,0.040930897,49.329235078087805,8.56462986689852,0.05599904,0.23181254,6786.6953,-0.03137882,5,1,false,false,-0.627437,-2.1899292,10.533893,2.0538573,3
57.008163,0.041140705,49.32924263094778,8.564623813762681,0.077207185,0.15363745,6768.199,-0.040965818,5,1,false,false,-0.74024683,-2.904756,9.656309,2.0537262,3
56.954655,0.041350327,49.32925018377345,8.564617623761658,0.10425356,0.092231795,6717.079,-0.049100116,5,1,false,false,-0.9334406,-3.3031461,8.953249,2.0533876,3
56.893196,0.041559737,49.32925773663342,8.56461157062582,0.13856785,0.047595568,6633.669,-0.05839726,5,1,false,false,-1.3817091,-3.8103862,9.7902565,2.052866,3
56.822304,0.041768912,49.3292652894934,8.564605379785132,0.18634577,0.037977807,6537.3677,-0.07030882,5,1,false,false,-1.3167614,-4.4228344,10.674575,2.0521317,3
56.720573,0.04197782,49.32927275245348,8.564599326649294,0.22578336,0.037977803,6715.741,-0.08280126,5,1,false,false,-1.8761216,-7.1310997,10.373824,2.0511649,3
56.59606,0.04218629,49.32928030531345,8.564593273513458,0.2645061,0.037977803,6732.647,-0.09645652,5,1,false,false,-2.49875,-7.12454,10.546083,2.0498822,3
56.480076,0.04239433,49.32928776823923,8.564587220377621,0.29512694,0.036251534,6625.0654,-0.11069267,5,1,false,false,-2.9796023,-7.015851,9.200434,2.0482695,3
56.353252,0.042602077,49.32929523119932,8.564581167241784,0.324437,0,6594.117,-0.123474956,5,1,false,false,-3.3837543,-8.300637,9.356131,2.046364,3
56.20137,0.042809304,49.3293026941251,8.564575114105947,0.35005355,0,6635.212,-0.14003457,5,1,false,false,-4.1196513,-9.329744,9.809292,2.0442765,3
56.046318,0.043015968,49.32931015708518,8.564569198674961,0.3616109,0,6600.833,-0.15775697,5,1,false,false,-4.5601907,-9.075006,10.1865,2.0420144,3
55.895084,0.043221656,49.32931762001096,8.564563283243977,0.3670917,0,6546.7397,-0.17693101,5,1,false,false,-4.9912753,-8.939764,8.379109,2.0395079,3
55.739334,0.043426707,49.329324993036856,8.564557367812993,0.36780652,0,6528.516,-0.19988112,5,1,false,false,-5.5527315,-9.407029,8.521161,2.036719,3
55.579308,0.04363118,49.32933245599693,8.564551451542343,0.3655427,0,6507.5312,-0.22457615,5,1,false,false,-6.294698,-9.635877,9.267461,2.0335805,3
55.421093,0.043834846,49.32933982902283,8.56454567381621,0.36161095,0,6477.1006,-0.2507205,5,1,false,false,-7.098969,-9.25839,8.801416,2.0299945,3
55.26172,0.044037793,49.329347202048716,8.564539896090077,0.3555344,0,6445.569,-0.2815151,5,1,false,false,-8.544218,-9.535588,9.725358,2.0258043,3
55.100018,0.044240143,49.3293545750746,8.564534118363945,0.3488621,0,6421.3853,-0.30620784,5,1,false,false,-9.931214,-9.647853,10.083789,2.0208662,3
54.938175,0.044441827,49.3293619481005,8.564528339798148,0.33778143,0,6410.742,-0.32334712,5,1,false,false,-10.703543,-9.437901,9.318326,2.0152175,3
54.775116,0.044642754,49.329369231226494,8.564522699776866,0.32610512,0,6397.8945,-0.33090058,5,1,false,false,-12.219731,-9.605909,9.823724,2.0090733,3
54.612995,0.044843085,49.32937660425239,8.564517196620773,0.3066841,0,6394.9727,-0.32886708,5,1,false,false,-12.844034,-9.377822,10.957063,2.0025783,3
54.45931,0.045042835,49.329383887378384,8.564511556599491,0.2827356,0,6381.1694,-0.32247636,5,1,false,false,-13.080199,-8.589426,9.856899,1.9958798,3
54.319077,0.045241907,49.32939126040428,8.56450619114825,0.2550935,0,6347.5635,-0.3108558,5,1,false,false,-13.119787,-7.774599,8.545596,1.989021,3
54.18702,0.045440488,49.32939854349598,8.564500688831822,0.21696648,0,6315.152,-0.29807454,5,1,false,false,-13.669921,-7.4586287,8.382381,1.982069,3
54.0655,0.045638613,49.329405916521864,8.56449532338058,0.18908612,0,6307.7925,-0.28703377,5,1,false,false,-13.009355,-6.6929803,7.668892,1.975179,3
53.947838,0.04583628,49.32941319964787,8.564490095634191,0.15918022,0,6300.3105,-0.2794814,5,1,false,false,-13.732063,-6.442135,8.446251,1.9684435,3
53.83466,0.04603352,49.32942048275672,8.564484867887803,0.13141905,0,6290.23,-0.28035215,5,1,false,false,-16.113062,-5.9992113,10.809478,1.961587,3
53.729465,0.046230372,49.32942785579976,8.564479640141412,0.10913855,0,6279.5044,-0.28645298,5,1,false,false,-18.6286,-5.607943,12.00862,1.9540571,3
53.621475,0.046426848,49.32943513890861,8.564474550099876,0.09090911,0,6279.241,-0.2893594,5,1,false,false,-19.632687,-5.8721375,12.162042,1.9454006,3
53.51503,0.04662296,49.329442511934495,8.564469597763189,0.076373175,0,6311.3955,-0.286453,5,1,false,false,-18.491667,-5.150955,10.252792,1.9362073,3
53.42254,0.046818722,49.329449795043345,8.564464507721652,0.06481593,0,6329.7363,-0.2768671,5,1,false,false,-17.13141,-4.2872524,9.483762,1.9275955,3
53.339725,0.047014177,49.32945716806923,8.564459692250155,0.052067198,0,6318.256,-0.26495662,5,1,false,false,-17.967957,-3.9369955,8.491717,1.9203748,3
53.25789,0.047209453,49.329464451195236,8.564454877618322,0.043131173,0,6315.485,-0.26524645,5,1,false,false,-19.68576,-3.9422314,11.124037,1.9148425,3
53.174824,0.047404435,49.32947182422112,8.564450199851676,0.032050528,0,6312.98,-0.27773774,5,1,false,false,-20.424364,-3.8805616,12.597501,1.9101082,3
53.0999,0.047599148,49.32947919724702,8.564445522924695,0.013821039,0,6290.2476,-0.29633087,5,1,false,false,-17.974415,-3.1860237,9.08477,1.9048305,3
53.033405,0.047793716,49.329486570272906,8.56444084515805,0.0016680546,0,6281.3604,-0.3079515,5,1,false,false,-16.748795,-3.1141503,8.143758,1.898828,3
52.967583,0.047988143,49.32949394329879,8.564436305096255,0,0,6287.1587,-0.32073277,5,1,false,false,-16.955564,-3.0891414,8.495971,1.8924665,3
52.904057,0.048182357,49.32950131632469,8.564431903578978,0,0,6287.3857,-0.33148137,5,1,false,false,-17.083218,-2.7468963,8.327683,1.8864541,3
52.842484,0.048376422,49.32950868936773,8.564427501222037,0,0,6275.6943,-0.3465871,5,1,false,false,-18.325497,-2.750938,9.733396,1.8805673,3
52.7803,0.048570447,49.329516062393616,8.564423098865094,0,0,6265.8647,-0.36663184,5,1,false,false,-18.352028,-2.7169712,9.442027,1.8744051,3
52.719376,0.048764277,49.32952343541951,8.564418834213004,0,0,6260.4287,-0.38231853,5,1,false,false,-16.785404,-2.6548104,8.261117,1.8680377,3
52.65778,0.04895793,49.32953089836244,8.564414707265767,0,0,6250.5503,-0.39277732,5,1,false,false,-18.593616,-2.7744312,9.504936,1.8619273,3
52.591988,0.049151544,49.32953827138833,8.564410579478865,0,0,6245.0425,-0.40439686,5,1,false,false,-20.530663,-2.8268373,11.253173,1.8560139,3
52.526997,0.049344998,49.329545644414225,8.564406452531626,0,0,6245.0137,-0.41543534,5,1,false,false,-20.144785,-2.7315593,10.906843,1.8499625,3
52.463337,0.049538247,49.32955310735716,8.564402463289241,0,0,6234.6514,-0.41892174,5,1,false,false,-20.079033,-2.7159379,10.172605,1.8435657,3
52.39751,0.04973138,49.32956057030009,8.564398610912043,0,0,6222.7217,-0.41863182,5,1,false,false,-20.823757,-2.85336,10.155065,1.8369272,3
52.330765,0.04992444,49.32956794333455,8.564394759374508,0,0,6222.256,-0.41863182,5,1,false,false,-19.855665,-2.8432806,9.782682,1.8304125,3
52.265778,0.0501173,49.329575406277485,8.564391044702163,0,0,6216.795,-0.42095408,5,1,false,false,-19.52904,-2.7080183,9.557449,1.8242652,3
52.202854,0.05030997,49.32958286922042,8.564387330029817,0,0,6204.892,-0.42414936,5,1,false,false,-19.242271,-2.6395867,9.718008,1.8184146,3
52.141888,0.050502617,49.32959033216335,8.564383753901987,0,0,6196.104,-0.4285075,5,1,false,false,-18.772966,-2.5803018,9.204569,1.8126427,3
52.08122,0.050695084,49.32959779510628,8.564380176934492,0,0,6187.124,-0.43518913,5,1,false,false,-18.684427,-2.5866368,9.483123,1.8066353,3
52.019188,0.05088738,49.32960525804921,8.56437673767185,0,0,6177.8813,-0.44593677,5,1,false,false,-19.767937,-2.6524136,10.867173,1.8002048,3
51.95481,0.05107955,49.329612720992145,8.56437343611406,0,0,6170.2505,-0.4543621,5,1,false,false,-20.837091,-2.717944,10.553126,1.7932514,3
51.888515,0.051271558,49.32962018393508,8.564370133716606,0,0,6163.8867,-0.45610458,5,1,false,false,-20.6535,-2.7666814,10.47932,1.7859128,3
51.821945,0.05146335,49.32962764687801,8.564366832158816,0,0,6156.9253,-0.44942304,5,1,false,false,-20.827755,-2.7834399,10.567571,1.7786173,3
51.75389,0.05165495,49.32963519973798,8.564363668305877,0,0,6148.7993,-0.44070783,5,1,false,false,-21.352543,-2.7876027,10.90658,1.77171,3
51.687492,0.05184635,49.32964266268091,8.564360641318126,0,0,6142.6006,-0.43605983,5,1,false,false,-20.933563,-2.675771,10.488414,1.7652599,3
51.623478,0.05203752,49.32965012562813,8.56435761517004,0,0,6135.2773,-0.43518907,5,1,false,false,-19.682667,-2.5627434,9.54023,1.7589784,3
51.561283,0.052228495,49.32965767848382,8.564354725887142,0,0,6124.2236,-0.43605995,5,1,false,false,-18.968714,-2.5981135,8.927993,1.7527009,3
51.49969,0.052419353,49.32966514142675,8.564351974309096,0,0,6114.9004,-0.43954623,5,1,false,false,-17.758993,-2.5755641,8.075339,1.7465177,3
51.43732,0.052610047,49.32967260437182,8.564349223570712,0,0,6107.301,-0.44622773,5,1,false,false,-19.315842,-2.6579332,9.779979,1.7405434,3
51.372913,0.05280051,49.32968015722965,8.564346471992666,0,0,6099.919,-0.46075156,5,1,false,false,-20.668047,-2.5922039,10.950566,1.7343602,3
51.310425,0.05299076,49.32968762017366,8.564343858119472,0,0,6094.368,-0.47527638,5,1,false,false,-16.629292,-2.6055934,7.4813323,1.727691,3
51.251144,0.053180587,49.32969517303149,8.564341244246277,0,0,6084.767,-0.48921922,5,1,false,false,-16.026525,-2.6007347,6.7693014,1.7213148,3
51.189144,0.053370178,49.329702635975224,8.564338768077935,0,0,6078.537,-0.5142007,5,1,false,false,-16.691685,-2.7028506,7.993327,1.7156875,3
51.129498,0.05355955,49.329710098918426,8.564336429614443,0,0,6072.802,-0.5557396,5,1,false,false,-15.616556,-2.4155545,6.982305,1.7110815,3
51.07644,0.05374851,49.32971765177732,8.564333952606436,0,0,6056.4624,-0.59495384,5,1,false,false,-13.865162,-2.283442,5.873645,1.7067298,3
51.023933,0.053937074,49.32972511472133,8.564331614142946,0,0,6039.718,-0.64694935,5,1,false,false,-13.699296,-2.4046106,5.4369764,1.7017409,3
50.968456,0.05412542,49.32973266757916,8.564329413384307,0,0,6033.043,-0.7032982,5,1,false,false,-13.72903,-2.5714855,5.5843596,1.696081,3
50.909622,0.054313548,49.32974013052209,8.564327211786004,0,0,6027.4697,-0.75906646,5,1,false,false,-14.596011,-2.7157192,6.3130164,1.6899568,3
50.84699,0.05450112,49.32974759346717,8.564325011027366,0,0,6022.598,-0.8162863,5,1,false,false,-16.480877,-2.791815,7.665254,1.6836238,3
50.78114,0.05468842,49.32975514632285,8.564322947133915,0,0,6019.986,-0.86537296,5,1,false,false,-19.010063,-2.8195882,9.6986065,1.6769841,3
50.7123,0.054875452,49.329762609265785,8.564320884080127,0,0,6014.3076,-0.9028392,5,1,false,false,-19.661678,-2.9123578,9.346402,1.6697291,3
50.643764,0.055062104,49.329770072213,8.564318957891528,0,0,6005.812,-0.91707087,5,1,false,false,-18.844898,-2.8469126,8.698848,1.6620799,3
50.57503,0.055248346,49.329777535155934,8.564317169407781,0,0,5995.0596,-0.9159092,5,1,false,false,-20.015335,-2.875157,9.492001,1.6542591,3
50.504154,0.055434298,49.3297850880159,8.564315380924034,0,0,5984.916,-0.9121339,5,1,false,false,-19.61218,-2.883117,8.681853,1.6462716,3
50.435314,0.055619985,49.329792550958835,8.564313592440287,0,0,5977.476,-0.9063254,5,1,false,false,-18.910927,-2.771655,8.7823515,1.6383617,3
50.36639,0.055805236,49.32980001390177,8.564311941661392,0,0,5962.7935,-0.89964485,5,1,false,false,-19.821516,-2.7965512,8.794104,1.6304332,3
50.29407,0.05599018,49.3298074768447,8.56431042858735,0,0,5952.638,-0.8958698,5,1,false,false,-21.135473,-2.8863978,10.362536,1.6223341,3
50.220055,0.05617483,49.32981493978763,8.564308915513305,0,0,5948.569,-0.8909321,5,1,false,false,-21.745073,-2.9041066,11.150134,1.6138264,3
50.142216,0.056359164,49.329822402730564,8.56430753930445,0,0,5936.1675,-0.87815183,5,1,false,false,-22.99747,-2.9589114,10.57216,1.604781,3
50.063557,0.056543116,49.329829865673496,8.564306163935258,0,0,5927.863,-0.8610148,5,1,false,false,-21.701042,-2.9958544,9.818078,1.5953413,3
49.985313,0.056726743,49.32983732861643,8.564304925431255,0,0,5923.106,-0.84300697,5,1,false,false,-21.820536,-2.9773498,10.654321,1.586166,3
49.90459,0.056910068,49.32984479155936,8.564303824632104,0,0,5912.8994,-0.8319707,5,1,false,false,-23.125021,-2.9862852,11.0763035,1.5776649,3
49.824207,0.05709307,49.32985225451087,8.564302724672617,0,0.19136867,5948.188,-0.8299373,5,1,false,false,-23.605923,-2.8169925,11.353839,1.5698056,3
49.75412,0.057275746,49.329859627536756,8.564301761578317,0,0.36004928,6043.241,-0.82993716,5,1,false,false,-20.562756,-2.1870553,9.768183,1.562289,3
49.69067,0.05745815,49.32986709047969,8.56430093618887,0,0.46880394,6235.831,-0.82848555,5,1,false,false,-19.905647,-2.1383886,8.717615,1.5552257,3
49.645195,0.05764035,49.32987446350558,8.564300110799422,0,0.5546239,6061.4233,-0.8328425,5,1,false,false,-22.365301,0.2748689,9.982118,1.5486885,3
49.63506,0.057822462,49.329881926448515,8.564299285409975,0,0.6609124,5935.784,-0.8432982,5,1,false,false,-19.736418,0.9074246,10.221069,1.5420271,3
49.603443,0.058004472,49.32988938939145,8.564298734590567,0,0.74254024,6132.5493,-0.84794617,5,1,false,false,-21.122208,-0.49718633,9.97448,1.5352726,3
49.567745,0.058186322,49.329896762417334,8.564298184610823,0,0.8091247,6141.812,-0.8540458,5,1,false,false,-17.584784,0.37146002,9.810677,1.5276448,3
49.54692,0.058368124,49.329904225360266,8.56429763463108,0,0.8722566,6140.166,-0.85055953,5,1,false,false,-17.503803,0.2697206,7.361136,1.5193698,3
49.556976,0.0585499,49.32991159838616,8.564297221516524,0,0.9284835,6208.3135,-0.84184545,5,1,false,false,-22.470285,3.2229352,10.914362,1.5111573,3
49.568058,0.058731694,49.32991906132909,8.564296809241633,0,0.9731196,6052.653,-0.83777946,5,1,false,false,-25.86866,2.8600352,14.299424,1.5041531,3
49.559364,0.058913503,49.32992643437213,8.56429667153678,0,1,5989.0815,-0.83226186,5,1,false,false,-24.149395,0.5251663,14.298422,1.4978344,3
49.5354,0.059095357,49.329933897315065,8.564296533831929,0,1,6135.1636,-0.8098957,5,1,false,false,-28.62362,1.1806747,14.874011,1.4909607,3
49.513107,0.059277117,49.32994127034095,8.564296396127077,0,1,6101.6216,-0.77649474,5,1,false,false,-28.491066,1.3651032,15.743847,1.4838841,3
49.503178,0.059458803,49.329948733283885,8.564296533831929,0,1,6029.521,-0.74222064,5,1,false,false,-27.995409,1.7115521,14.368203,1.476267,3
49.490795,0.059640504,49.32995610630977,8.56429667153678,0,1,6071.685,-0.7082362,5,1,false,false,-27.071655,1.287034,13.621996,1.4684421,3
49.480064,0.0598223,49.329963569252705,8.56429694610682,0,1,6068.108,-0.6728003,5,1,false,false,-25.867903,1.7075744,13.088695,1.460896,3
49.481285,0.06000406,49.3299709422786,8.564297359221376,0,1,6028.787,-0.64404386,5,1,false,false,-22.766954,2.0258996,11.222015,1.4540162,3
49.484188,0.060185835,49.32997840522153,8.564297772335932,0,1,6028.8477,-0.6231305,5,1,false,false,-21.157166,1.7677037,10.040555,1.448324,3
49.486618,0.06036776,49.32998577824742,8.564298322315675,0,1,6039.498,-0.61615795,5,1,false,false,-19.900663,1.6829742,9.560844,1.4438698,3
49.48924,0.060549777,49.32999315129046,8.564298872295419,0,1,6039.445,-0.6205161,5,1,false,false,-17.94403,1.4032596,8.516753,1.440402,3
49.48991,0.060731787,49.330000614216246,8.564299559980014,0,1,6066.0356,-0.63213444,5,1,false,false,-15.829187,1.0807257,7.185274,1.4372891,3
49.489468,0.060913797,49.33000798724213,8.564300385369462,0,1,6114.5894,-0.64636743,5,1,false,false,-14.266605,1.0530448,6.220409,1.4339893,3
49.49472,0.06109606,49.33001536026802,8.564301211598574,0,1,6141.461,-0.66582906,5,1,false,false,-16.338993,1.4929816,7.4379663,1.4302442,3
49.504795,0.061278336,49.330022823228106,8.564302036988021,0,1,6125.8066,-0.69138896,5,1,false,false,-17.45946,1.9250242,9.209601,1.4256359,3
49.52223,0.061460637,49.33003019625399,8.564302999242656,0,1,6101.9478,-0.7067835,5,1,false,false,-18.023708,2.3745067,10.168813,1.4201173,3
49.541813,0.061643083,49.33003756927989,8.564303962336956,0,1,6072.403,-0.7024276,5,1,false,false,-17.519417,2.1908314,9.676779,1.4143095,3
49.555984,0.06182579,49.330044942305776,8.564305063136107,0,1,6054.283,-0.6838378,5,1,false,false,-18.31997,1.8648161,10.398921,1.408899,3
49.564503,0.062008478,49.33005231533167,8.564306163935258,0,1,6062.4194,-0.6696039,5,1,false,false,-18.510155,1.6297455,9.701363,1.4038625,3
49.57362,0.06219117,49.33005977829175,8.5643074015996,0,1,6068.095,-0.65885866,5,1,false,false,-16.4062,1.5911427,8.220463,1.3990006,3
49.58485,0.062373847,49.33006715131764,8.5643086401036,0,1,6070.588,-0.65014356,5,1,false,false,-16.585297,1.6005245,8.279282,1.3944143,3
49.59433,0.0625565,49.33007452434353,8.564310015472794,0,1,6078.685,-0.64927155,5,1,false,false,-17.258783,1.6119825,9.288516,1.389863,3
49.602722,0.06273914,49.330081897369425,8.564311391681649,0,1,6082.0776,-0.65421045,5,1,false,false,-17.076698,1.3441007,9.25839,1.3850427,3
49.606075,0.06292177,49.33008927039531,8.564312904755692,0,1,6099.912,-0.65595305,5,1,false,false,-18.593773,1.2159201,10.9974985,1.3795582,3
49.617165,0.06310417,49.3300966434212,8.564314417829735,0,1,6119.4395,-0.6504332,5,1,false,false,-18.642447,1.7924821,10.800224,1.3731829,3
49.63125,0.063286565,49.330104016447095,8.56431606860863,0,1,6086.86,-0.63736236,5,1,false,false,-18.108574,1.9999154,9.853664,1.3663578,3
49.646843,0.06346899,49.33011129957309,8.564317719387525,0,1,6072.205,-0.6222589,5,1,false,false,-17.89914,2.0877252,9.652899,1.3593825,3
49.662735,0.06365141,49.330118672598985,8.56431937016642,0,1,6071.0264,-0.6065732,5,1,false,false,-16.250624,1.8292971,7.8373113,1.3529387,3
49.676773,0.06383375,49.33012604562487,8.564321158650166,0,1,6062.3354,-0.5952447,5,1,false,false,-16.550705,1.7386587,8.781014,1.3474656,3
49.685455,0.064016104,49.33013341865077,8.564323084838767,0,1,6071.8047,-0.59640646,5,1,false,false,-17.727104,1.3979862,9.903633,1.3425457,3
49.68933,0.06419845,49.33014070177676,8.564325011027366,0,1,6097.6733,-0.6013454,5,1,false,false,-17.126482,1.0865043,9.70545,1.3372855,3
49.69196,0.064380676,49.33014807480265,8.564327074081152,0,1,6127.4844,-0.60047364,5,1,false,false,-17.11944,1.2074808,9.362362,1.3311505,3
49.700905,0.064562865,49.330155357894355,8.564329137974603,0,1,6141.6826,-0.59321135,5,1,false,false,-18.097427,1.8808899,10.392177,1.3241208,3
49.71834,0.06474506,49.33016273092024,8.564331201868054,0,1,6112.5947,-0.5818827,5,1,false,false,-19.017643,2.2719448,10.525414,1.316628,3
49.735245,0.0649273,49.330170014046246,8.564333402626692,0,1,6075.7207,-0.5702635,5,1,false,false,-19.744974,2.0865698,11.423188,1.309163,3
49.747524,0.06510946,49.33017729717224,8.564335741090183,0,1,6073.241,-0.5580643,5,1,false,false,-19.533728,1.8831134,10.661781,1.3019266,3
49.75634,0.06529163,49.33018458026394,8.564338080393338,0,1,6073.87,-0.54644346,5,1,false,false,-19.616957,1.705957,11.429605,1.2952278,3
49.76487,0.06547381,49.33019186338994,8.564340556561682,0,1,6073.2236,-0.5374396,5,1,false,false,-18.3981,1.7237954,9.597975,1.2889935,3
49.774357,0.06565597,49.33019914651594,8.564343032730024,0,1,6079.4624,-0.5336635,5,1,false,false,-17.959837,1.6387888,9.420679,1.2832444,3
49.782097,0.06583808,49.33020642960764,8.564345508898366,0,1,6086.3506,-0.5348251,5,1,false,false,-17.478548,1.5548521,9.752491,1.2778068,3
49.788956,0.06602019,49.33021371273364,8.56434812277156,0,1,6100.072,-0.53889227,5,1,false,false,-17.866161,1.4669242,10.095112,1.2723306,3
49.79592,0.06620231,49.330220905925444,8.564350874349607,0,1,6113.675,-0.54237854,5,1,false,false,-17.018005,1.5439601,9.073506,1.2665259,3
49.806816,0.06638438,49.33022818905145,8.564353625927653,0,1,6120.378,-0.5417968,5,1,false,false,-17.413383,1.8060327,9.06616,1.2604239,3
49.820602,0.06656647,49.33023538224325,8.564356514370889,0,1,6110.313,-0.53714967,5,1,false,false,-17.267715,1.9174352,9.913923,1.2542149,3
49.834366,0.06674858,49.330242665369255,8.564359403653787,0,1,6099.11,-0.52814364,5,1,false,false,-18.102987,1.8711698,10.664859,1.2480924,3
49.84567,0.066930726,49.33024985856106,8.564362292097021,0,1,6095.289,-0.5159446,5,1,false,false,-16.871338,1.6729709,9.681504,1.2421434,3
49.856766,0.067112856,49.33025705175287,8.564365319084771,0,1,6096.15,-0.50258243,5,1,false,false,-16.358166,1.6745386,9.152787,1.2366155,3
49.867886,0.06729499,49.33026424494468,8.564368482937711,0,1,6096.725,-0.48950914,5,1,false,false,-14.512103,1.5552436,8.054322,1.2315403,3
49.876373,0.06747717,49.330271438136485,8.564371647630313,0,1,6105.8623,-0.47934356,5,1,false,false,-16.067444,1.2798874,8.618118,1.2269266,3
49.87916,0.06765933,49.33027863136259,8.564374811483251,0,1,6140.041,-0.4712093,5,1,false,false,-18.044117,1.4372238,10.21941,1.2217294,3
49.890926,0.067841485,49.3302858245544,8.564378113041041,0,1,6151.1807,-0.45668542,5,1,false,false,-15.764464,1.6183516,7.6196246,1.215687,3
49.898487,0.06802367,49.330292927846315,8.564381414598833,0,1,6131.969,-0.43025017,5,1,false,false,-15.247712,1.5545555,10.152036,1.2094313,3
49.92855,0.0682059,49.33030012100382,8.564384716156622,0,1,6136.3667,-0.40730226,5,1,false,false,-9.056466,2.7592516,4.9528556,1.2038567,3
49.947094,0.06838824,49.33030722429574,8.564388155419264,0,1,6086.611,-0.38958088,5,1,false,false,-10.100265,0.08526872,3.5068924,1.2013184,3
49.909218,0.06857052,49.33031432758766,8.564391594681906,0,1,6180.2656,-0.40294406,5,1,false,false,-26.485975,-2.0614524,14.5349045,1.1988546,3
49.85151,0.06875258,49.33032143087957,8.564395171649402,0,1,6434.666,-0.41804993,5,1,false,false,-30.777763,0.86161613,19.435936,1.1907759,3
49.873688,0.0689346,49.33032853417149,8.564398886321747,0,1,6384.541,-0.39510086,5,1,false,false,-35.491753,5.3730035,23.012056,1.1774898,3
49.938557,0.06911682,49.330335637463406,8.564402600994093,0,1,6033.7334,-0.3454254,5,1,false,false,-32.01565,5.3242693,20.065752,1.1645982,3
49.963142,0.06929921,49.33034265082113,8.564406452531626,0,1,5918.4575,-0.27890056,5,1,false,false,-26.186508,1.938211,13.989737,1.156395,3
49.957233,0.069481626,49.330349664178854,8.564410441774013,0,1,6093.9385,-0.24142444,5,1,false,false,-18.472252,0.76114905,9.112823,1.1521679,3
49.960083,0.0696641,49.330356677536585,8.564414569560915,0,1,6109.553,-0.24665333,5,1,false,false,-10.941248,1.0225642,4.9028583,1.1512163,3
49.96394,0.069846615,49.33036369089431,8.564418696508152,0,1,6104.0444,-0.286453,5,1,false,false,-7.7160835,1.2970191,2.9657302,1.151127,3
49.98531,0.07002919,49.33037061438644,8.56442282345539,0,1,6212.6973,-0.34716922,5,1,false,false,-3.2088256,0.8224117,0.22589768,1.1510181,3
49.971016,0.07021181,49.33037762774416,8.564426950402629,0,1,6244.5386,-0.41543546,5,1,false,false,-3.667962,-1.3915136,-1.0577352,1.1514649,3
49.983936,0.07039452,49.330384641101894,8.564431077349866,0,1,6406.318,-0.50141954,5,1,false,false,-4.3652053,2.618388,1.0716923,1.1515455,3
49.99378,0.07057731,49.330391564594024,8.564435205136768,0,1,6361.084,-0.58565885,5,1,false,false,-12.1859045,-0.8595933,6.9654093,1.1514649,3
50.00519,0.07076007,49.33039857795175,8.564439469788857,0,1,6392.8384,-0.6428822,5,1,false,false,-20.250233,5.0974154,13.084792,1.148777,3
50.07489,0.07094314,49.33040550137528,8.564443734440948,0,1,6318.4575,-0.62051606,5,1,false,false,-16.76052,2.3299823,12.253434,1.1433738,3
50.107735,0.07112643,49.33041242486742,8.564448136797889,0,1,6110.491,-0.5438293,5,1,false,false,-20.132366,3.7910724,13.574757,1.1373419,3
50.165073,0.07130991,49.33041934829095,8.56445253915483,0,1,6150.034,-0.48050535,5,1,false,false,-14.629935,2.9821475,9.994172,1.1310581,3
50.184277,0.071493536,49.33042627171449,8.564456940672109,0,1,6060.4805,-0.4322838,5,1,false,false,-17.896832,1.4768176,12.443368,1.126367,3
50.20559,0.07167741,49.330433195206616,8.564461480733902,0,1,6073.5615,-0.41717914,5,1,false,false,-17.71649,2.2171474,13.079912,1.1211956,3
50.218956,0.071861394,49.33044011863015,8.564466158500547,0,1,6102.3438,-0.38958097,5,1,false,false,-15.067027,0.76250106,10.469503,1.1162398,3
50.226734,0.07204541,49.3304469521881,8.56447083542753,0,1,6117.5146,-0.3465871,5,1,false,false,-16.811638,2.1331732,12.65488,1.1109022,3
50.258286,0.07222956,49.33045387561163,8.564475513194175,0,1,6121.5034,-0.3155039,5,1,false,false,-13.162716,2.046704,8.328511,1.1052859,3
50.269897,0.072413966,49.33046070916957,8.564480327826008,0,1,6080.93,-0.28296667,5,1,false,false,-15.723952,1.3061577,12.86284,1.1004736,3
50.296196,0.07259844,49.33046754272751,8.564485143297507,0,1,6139.578,-0.2754143,5,1,false,false,-13.523421,2.3128803,10.699577,1.0949957,3
50.312332,0.072783016,49.33047437628546,8.564490095634191,0,1,6110.8306,-0.25740314,5,1,false,false,-12.900105,0.9519577,9.089141,1.0903069,3
50.326435,0.07296757,49.330481209774796,8.564495047970876,0,1,6142.4023,-0.24752513,5,1,false,false,-15.220329,2.494756,12.0476675,1.0852526,3
50.355587,0.0731522,49.33048804333274,8.564500000307563,0,1,6155.693,-0.23822917,5,1,false,false,-12.294701,1.638571,7.8358107,1.0803242,3
50.3698,0.07333691,49.33049478695649,8.564504953483912,0,1,6109.776,-0.22225045,5,1,false,false,-14.711006,1.963442,13.065078,1.0757909,3
50.40502,0.0735217,49.33050153058024,8.564510043525448,0,1,6149.3696,-0.21847427,5,1,false,false,-12.120289,2.4271824,9.219997,1.0709653,3
50.422577,0.07370665,49.33050836413818,8.564515271271839,0,1,6103.7437,-0.19988114,5,1,false,false,-13.9286995,1.2227329,11.555174,1.0672812,3
50.44686,0.07389164,49.33051510776194,8.564520361313376,0,1,6133.312,-0.19378045,5,1,false,false,-14.123168,2.6869266,12.099159,1.0633053,3
50.469776,0.07407674,49.33052185138569,8.564525725924954,0,1,6131.2305,-0.1778017,5,1,false,false,-11.561588,1.1725881,9.21831,1.0598646,3
50.483135,0.07426191,49.33052859500944,8.564530953671342,0,1,6138.309,-0.16182299,5,1,false,false,-13.38363,2.1786172,11.927327,1.056423,3
50.518982,0.07444719,49.330535248699,8.564536319122583,0,1,6162.454,-0.15136524,5,1,false,false,-11.2828045,2.0683546,8.302723,1.0529388,3
50.53433,0.07463257,49.33054199232275,8.564541684573825,0,1,6110.5806,-0.13393384,5,1,false,false,-12.834009,1.4774332,12.758481,1.0502046,3
50.567905,0.074818045,49.3305487359465,8.564547050025066,0,1,6162.9126,-0.13102837,5,1,false,false,-10.777296,2.6221788,10.405552,1.0470052,3
50.588028,0.075003624,49.33055538963606,8.564552552341494,0,1,6131.995,-0.11621143,5,1,false,false,-9.836833,1.1891172,9.837025,1.0445647,3
50.616932,0.0751893,49.330562043394224,8.564558055497589,0,1,6145.592,-0.10982082,5,1,false,false,-10.556654,2.8292832,11.562747,1.0420929,3
50.64753,0.0753751,49.330568697083784,8.564563557814017,0,1,6138.9185,-0.10110453,5,1,false,false,-10.781947,1.5090158,9.713634,1.0402645,3
50.66866,0.075560994,49.33057535077334,8.564569198674961,0,1,6125.5684,-0.093551084,5,1,false,false,-9.714964,2.0250094,12.644446,1.0387682,3
50.70191,0.07574699,49.3305820044629,8.564574700991392,0,1,6156.6514,-0.0871594,5,1,false,false,-7.786123,1.9951068,8.693168,1.0372528,3
50.721874,0.075933106,49.33058865822106,8.564580341852336,0,1,6134.405,-0.07495794,5,1,false,false,-8.237885,1.8450062,12.231958,1.0362608,3
50.7564,0.07611932,49.33059531191062,8.56458611957847,0,1,6155.2505,-0.073214255,5,1,false,false,-8.123397,2.216092,10.85713,1.0351084,3
50.779327,0.07630566,49.33060196560018,8.564591760439415,0,1,6134.1987,-0.06856514,5,1,false,false,-6.545458,1.1261199,10.226525,1.0342934,3
50.805206,0.07649208,49.33060852942415,8.564597538165547,0,1,6171.052,-0.0662417,5,1,false,false,-6.1651154,2.4127793,10.13702,1.0334482,3
50.837112,0.07667863,49.33061518311371,8.56460331589168,0,1,6163.7246,-0.06362724,5,1,false,false,-5.5096684,1.7298521,7.8796597,1.0327888,3
50.863308,0.07686529,49.33062183680327,8.564609093617813,0,1,6139.4404,-0.065660805,5,1,false,false,-5.6029353,2.2153847,10.194703,1.0324237,3
50.89424,0.077052064,49.33062840062723,8.564614872183611,0,1,6170.0376,-0.07495798,5,1,false,false,-4.6396017,1.618424,8.497846,1.0320042,3
50.91194,0.07723894,49.330635054316794,8.564620649909743,0,1,6173.0854,-0.082510255,5,1,false,false,-4.1618156,1.3460312,8.529733,1.0316534,3
50.940514,0.077425905,49.33064161814077,8.564626565340728,0,1,6208.1465,-0.08861211,5,1,false,false,-3.4662673,2.1540315,6.8188705,1.0310742,3
50.967297,0.07761298,49.33064827183033,8.564632343066862,0,1,6193.718,-0.08803123,5,1,false,false,-4.290327,1.3669643,4.435467,1.0304697,3
50.994705,0.07780017,49.33065483565429,8.564638258497846,0,1,6205.229,-0.08251028,5,1,false,false,-4.60844,1.8015385,10.284026,1.0295355,3
51.012997,0.07798746,49.33066148934385,8.564644037063644,0,1,6233.3857,-0.065660805,5,1,false,false,-4.0456257,0.70709294,11.445297,1.0281937,3
51.02485,0.07817479,49.330668053099224,8.564649952494628,0,1,6291.9077,-0.04125683,5,1,false,false,-4.168629,1.6799327,13.864385,1.0264163,3
51.073082,0.07836224,49.33067470685738,8.564655867925612,0,1,6292.7393,-0.013074413,5,1,false,false,-3.4098673,3.3833816,11.360666,1.0243088,3
51.123764,0.07854989,49.33068127061275,8.564661783356598,0,1,6158.3423,0.014236137,5,1,false,false,-4.293908,3.196988,16.249472,1.0226145,3
51.15979,0.078737706,49.330687834436716,8.564667836492434,0,1,6128.066,0.029924981,5,1,false,false,-3.9564993,1.5942845,14.642637,1.0215908,3
51.169384,0.07892561,49.33069448812628,8.56467375192342,0,1,6171.161,0.02469612,5,1,false,false,-3.9298368,0.49004275,13.190933,1.0216609,3
51.184753,0.07911354,49.33070105195024,8.564679805059257,0,1,6217.057,0.0034862822,5,1,false,false,-3.5964658,1.5012794,13.225686,1.0222211,3
51.20811,0.07930156,49.3307077056398,8.564685720490242,0,1,6207.7876,-0.029053133,5,1,false,false,-2.916177,1.4763192,9.241167,1.0229105,3
51.22868,0.07948966,49.330714269463776,8.564691773626079,0,1,6223.266,-0.06159367,5,1,false,false,-2.6771073,1.6371547,11.81065,1.0235511,3
51.257854,0.079677865,49.33072083321914,8.564697826761915,0,1,6261.858,-0.09820024,5,1,false,false,-2.4979048,1.8781028,10.657497,1.0238634,3
51.28302,0.07986618,49.3307274869087,8.564703879897753,0,1,6231.721,-0.12841398,5,1,false,false,-2.7914848,1.6646725,10.541406,1.0238534,3
51.313328,0.08005458,49.33073405073267,8.564709933033589,0,1,6254.181,-0.15485151,5,1,false,false,-3.0704308,2.1831656,8.943589,1.0233989,3
51.342274,0.08024312,49.330740614488036,8.564715986169427,0,1,6260.612,-0.17722082,5,1,false,false,-3.2689865,1.7692487,8.158458,1.0225888,3
51.369473,0.080431774,49.3307472682462,8.564722039305263,0,1,6247.0186,-0.1917468,5,1,false,false,-2.989291,1.90226,8.145409,1.0214423,3
51.397854,0.080620535,49.33075383200157,8.564728092441099,0,1,6263.4194,-0.20830645,5,1,false,false,-3.8409798,1.6313044,8.577293,1.0199683,3
51.422688,0.08080939,49.330760395825536,8.564734145576937,0,1,6267.9575,-0.21237355,5,1,false,false,-4.053152,1.6958585,8.386503,1.017989,3
51.44806,0.08099838,49.330766959580906,8.564740336417625,0,1,6281.522,-0.20946927,5,1,false,false,-4.27433,1.6921185,9.227539,1.0154603,3
51.475254,0.081187464,49.33077361333906,8.564746389553463,0,1,6293.2935,-0.1993003,5,1,false,false,-4.563041,1.8608066,9.5357065,1.0124533,3
51.506245,0.08137665,49.33078017709443,8.56475258039415,0,1,6283.1387,-0.18390352,5,1,false,false,-4.8915844,2.1008747,9.574086,1.009082,3
51.538452,0.08156599,49.3307867409184,8.564758770395176,0,1,6271.7114,-0.16879672,5,1,false,false,-5.301389,2.1560583,9.609966,1.0055234,3
51.56915,0.08175545,49.33079330467377,8.564764961235865,0,1,6266.0283,-0.15281796,5,1,false,false,-5.8549795,1.9795207,9.9355545,1.0019691,3
51.597473,0.08194503,49.330799868497735,8.564771152076553,0,1,6263.1636,-0.14003456,5,1,false,false,-6.0885506,1.8909001,10.509099,0.99854505,3
51.623905,0.08213471,49.330806432253105,8.564777480622094,0,1,6267.9136,-0.13190028,5,1,false,false,-6.2956924,1.7783893,10.384823,0.9952725,3
51.649296,0.08232455,49.33081299607707,8.564783670623118,0,1,6275.856,-0.12841392,5,1,false,false,-6.683818,1.7645974,10.457251,0.992116,3
51.675167,0.08251447,49.330819559901045,8.56478999916866,0,1,6281.307,-0.12783308,5,1,false,false,-7.1848173,1.8266022,11.198473,0.98900944,3
51.70146,0.0827045,49.33082612365641,8.5647963277142,0,1,6282.2715,-0.124056935,5,1,false,false,-7.500204,1.8433453,10.693448,0.98593736,3
51.72873,0.08289465,49.33083268748038,8.564802655420078,0,1,6282.8887,-0.11882584,5,1,false,false,-7.7497187,1.9466771,10.807607,0.98290855,3
51.75596,0.08308495,49.330839251235744,8.56480912167047,0,1,6280.0776,-0.10923998,5,1,false,false,-7.542927,1.9422545,10.316851,0.98002297,3
51.782703,0.08327533,49.33084572512553,8.564815449376347,0,1,6278.231,-0.09761826,5,1,false,false,-7.382851,1.8849479,11.138451,0.97738916,3
51.808456,0.08346584,49.330852288949494,8.56482191562674,0,1,6280.9297,-0.08832225,5,1,false,false,-7.343756,1.8082885,11.043294,0.975024,3
51.832836,0.08365643,49.33085876277067,8.564828381037469,0,1,6286.91,-0.07931498,5,1,false,false,-7.019577,1.7407027,11.157669,0.97286737,3
51.85766,0.08384711,49.330865326663236,8.56483484728786,0,1,6295.01,-0.07117956,5,1,false,false,-7.4008017,1.8195808,11.645283,0.9708442,3
51.88372,0.08403789,49.330871800415814,8.564841312698588,0,1,6296.5254,-0.06072069,5,1,false,false,-6.6912947,1.8644513,10.948131,0.96893054,3
51.91059,0.08422873,49.33087827430559,8.564847916653834,0,1,6293.884,-0.04997085,5,1,false,false,-6.3936906,1.9002521,10.781899,0.96723026,3
51.937473,0.08441966,49.330884748195366,8.564854519769414,0,1,6294.47,-0.0432904,5,1,false,false,-5.8306684,1.89337,10.925577,0.965775,3
51.963005,0.08461068,49.33089122208515,8.564861122884995,0,1,6294.648,-0.04125683,5,1,false,false,-5.6460457,1.7955772,10.394504,0.9645923,3
51.987705,0.08480179,49.33089778584051,8.56486772684024,0,1,6302.7656,-0.042127553,5,1,false,false,-5.424592,1.7308104,10.690923,0.96357226,3
52.013092,0.08499299,49.33090425973029,8.56487432995582,0,1,6309.8877,-0.04416111,5,1,false,false,-5.2834997,1.7688936,10.898127,0.96263415,3
52.039165,0.08518428,49.33091064375448,8.5648809330714,0,1,6309.847,-0.046775557,5,1,false,false,-4.8452644,1.8090994,9.920553,0.9617419,3
52.065697,0.085375674,49.330917117644255,8.564887673891834,0,1,6312.3027,-0.051134814,5,1,false,false,-4.6861663,1.8342518,10.226439,0.9609114,3
52.09173,0.08556716,49.33092359153403,8.564894277847078,0,1,6314.2827,-0.05636369,5,1,false,false,-4.551592,1.8006325,10.450834,0.9601323,3
52.11735,0.08575875,49.33093006542381,8.56490101866751,0,1,6315.842,-0.06304639,5,1,false,false,-4.471656,1.7535086,10.276261,0.9593746,3
52.142136,0.085950434,49.33093653931358,8.564907759487943,0,1,6324.127,-0.06856512,5,1,false,false,-4.140383,1.7089757,9.6510315,0.95855933,3
52.166866,0.08614221,49.33094301320336,8.564914500308374,0,1,6332.9663,-0.07466697,5,1,false,false,-3.975154,1.7600405,9.780072,0.9576654,3
52.192318,0.08633408,49.33094939709035,8.564921241128808,0,1,6335.935,-0.07931496,5,1,false,false,-3.8284497,1.7737266,10.198202,0.95666224,3
52.21785,0.08652605,49.33095587098013,8.564927982788904,0,1,6339.129,-0.08309112,5,1,false,false,-3.7674868,1.7623674,10.036321,0.9555487,3
52.24338,0.08671811,49.3309623448699,8.564934861314189,0,1,6345.7856,-0.083091125,5,1,false,false,-3.7378964,1.7700758,8.696263,0.95432967,3
52.269093,0.08691028,49.33096881875968,8.56494160213462,0,1,6349.465,-0.08134854,5,1,false,false,-3.9938803,1.8045267,8.925427,0.95305383,3
52.29542,0.087102555,49.33097520264666,8.564948480659906,0,1,6350.386,-0.080476694,5,1,false,false,-4.134332,1.7960548,10.698501,0.95170474,3
52.320312,0.08729492,49.330981676536446,8.56495535918519,0,1,6353.7744,-0.08163952,5,1,false,false,-4.114278,1.694306,9.850877,0.9502695,3
52.344845,0.08748739,49.33098806056063,8.564962100005623,0,1,6366.6636,-0.081639536,5,1,false,false,-4.089774,1.7380925,10.531476,0.94872725,3
52.372154,0.087679945,49.330994534450404,8.564968978530906,0,1,6368.449,-0.08047671,5,1,false,false,-4.26416,1.9621222,10.203337,0.94709724,3
52.40015,0.08787262,49.331000918337395,8.564975857056192,0,1,6355.2485,-0.077281386,5,1,false,false,-4.308162,1.9495904,11.126558,0.9454534,3
52.427635,0.08806539,49.33100739222717,8.564982873286327,0,1,6353.5386,-0.0726334,5,1,false,false,-4.3116293,1.8474486,10.301419,0.943835,3
52.452198,0.08825826,49.33101377625135,8.564989751811611,0,1,6359.7456,-0.06827525,5,1,false,false,-4.1563497,1.6630876,10.45199,0.9423029,3
52.476467,0.08845123,49.33102025014113,8.564996630336896,0,1,6367.516,-0.06536984,5,1,false,false,-4.089159,1.7420559,11.285081,0.9408414,3
52.499603,0.088644296,49.33102663402812,8.565003646567032,0,1,6373.206,-0.06362724,5,1,false,false,-4.0016274,1.6354842,10.643347,0.9394402,3
52.52317,0.088837445,49.3310330180523,8.565010661957505,0,1,6385.6094,-0.063046366,5,1,false,false,-4.017871,1.744589,11.138132,0.9380337,3
52.549217,0.08903069,49.33103949194208,8.56501754048279,0,1,6389.4478,-0.0642081,5,1,false,false,-4.1392236,1.8596148,10.545866,0.9366202,3
52.576344,0.08922404,49.33104587582906,8.565024556712926,0,1,6379.6934,-0.06595069,5,1,false,false,-4.2247605,1.8738425,10.541283,0.9352237,3
52.602894,0.0894175,49.33105225985325,8.565031572943061,0,1,6380.057,-0.068275265,5,1,false,false,-4.3127646,1.8216457,10.797663,0.9338568,3
52.628147,0.08961105,49.331058643740235,8.565038589173199,0,1,6383.26,-0.06856511,5,1,false,false,-4.09932,1.734571,10.400828,0.93253756,3
52.65254,0.08980472,49.33106511763001,8.565045743108186,0,1,6384.544,-0.06769439,5,1,false,false,-4.30208,1.705934,9.994351,0.9312828,3
52.677166,0.08999846,49.3310715016542,8.565052758498659,0,1,6391.0693,-0.06624167,5,1,false,false,-3.7183464,1.717325,9.481236,0.9300663,3
52.701065,0.09019232,49.33107788567838,8.565059912433647,0,1,6395.0615,-0.06536983,5,1,false,false,-3.8570035,1.6594423,9.315316,0.928921,3
52.724503,0.090386264,49.33108426956537,8.565066928663784,0,1,6402.4365,-0.06595071,5,1,false,false,-3.4379818,1.6529441,8.953299,0.92780715,3
52.74755,0.0905803,49.331090653589555,8.565074082598771,0,1,6413.5044,-0.067984246,5,1,false,false,-3.316413,1.5813818,8.00678,0.9267108,3
52.77063,0.09077444,49.33109703747654,8.565081235694096,0,1,6423.9697,-0.0705987,5,1,false,false,-3.1936214,1.6434219,7.7036624,0.9256221,3
52.79446,0.09096867,49.33110342150073,8.565088389629084,0,1,6432.582,-0.07437712,5,1,false,false,-3.4353423,1.657269,8.65903,0.92452097,3
52.8182,0.091163,49.33110980538771,8.565095543564073,0,1,6439.7456,-0.079314955,5,1,false,false,-4.0736213,1.662814,10.011799,0.9233043,3
52.842392,0.09135743,49.3311161894119,8.565102696659396,0,1,6448.962,-0.08280126,5,1,false,false,-4.047662,1.7478181,9.557348,0.92186064,3
52.86971,0.09155196,49.331122573298885,8.565109850594386,0,1,6452.7783,-0.08134853,5,1,false,false,-4.3917637,2.0831378,9.946114,0.9201805,3
52.902687,0.091746606,49.33112886745748,8.565117142234225,0,1,6433.0596,-0.07699152,5,1,false,false,-4.4605412,2.305521,10.002359,0.9183994,3
52.933956,0.09194138,49.33113525134446,8.56512429532955,0,1,6405.2344,-0.07147056,5,1,false,false,-4.8097887,1.9827809,11.268495,0.91670984,3
52.959938,0.09213627,49.33114163536865,8.56513158696939,0,1,6406.572,-0.06740342,5,1,false,false,-4.8195124,1.6848072,10.972163,0.9151594,3
52.982437,0.09233125,49.331148019255636,8.565138877769567,0,1,6421.913,-0.06478896,5,1,false,false,-4.7617903,1.5716432,11.592426,0.913681,3
53.005577,0.09252633,49.33115431341423,8.565146169409406,0,1,6425.7373,-0.06449911,5,1,false,false,-4.549806,1.7409363,10.174455,0.9122306,3
53.030552,0.0927215,49.331160697301215,8.565153460209583,0,1,6425.407,-0.0639171,5,1,false,false,-4.196598,1.7214444,9.088855,0.9108446,3
53.055744,0.09291679,49.331167081325404,8.565160751849422,0,1,6425.2065,-0.067403406,5,1,false,false,-4.149557,1.734698,9.223639,0.90959686,3
53.079144,0.093112156,49.33117337534679,8.565168180354451,0,1,6427.609,-0.07292437,5,1,false,false,-3.8622909,1.5457265,8.819392,0.90848196,3
53.10015,0.09330762,49.331179759233784,8.56517547199429,0,1,6440.457,-0.08163955,5,1,false,false,-4.1292877,1.4277029,9.665392,0.90739757,3
53.120373,0.09350317,49.33118605339238,8.56518290049932,0,1,6460.6187,-0.09093669,5,1,false,false,-4.1379337,1.4675311,9.046569,0.90617067,3
53.14235,0.093698815,49.33119243727936,8.565190192139159,0,1,6472.6104,-0.100523695,5,1,false,false,-4.0164957,1.6213472,9.333822,0.90472823,3
53.169067,0.09389455,49.33119873130076,8.565197620644188,0,1,6472.107,-0.10865909,5,1,false,false,-4.423546,1.9205642,8.845621,0.9030969,3
53.197037,0.09409041,49.331205025459354,8.565205049149217,0,1,6459.272,-0.11911684,5,1,false,false,-4.3331423,1.8543022,8.127872,0.90137786,3
53.22306,0.094286375,49.33121140934634,8.565212478493908,0,1,6455.824,-0.12725224,5,1,false,false,-4.64251,1.6884481,8.688081,0.89967996,3
53.24674,0.094482444,49.331217703367734,8.565219906998935,0,1,6462.9,-0.13422367,5,1,false,false,-5.132508,1.560464,8.57505,0.89795554,3
53.26771,0.094678596,49.33122399752632,8.565227335503964,0,1,6472.074,-0.14293998,5,1,false,false,-5.154481,1.4105753,8.608386,0.8960911,3
53.287872,0.09487486,49.33123029154772,8.565234902553508,0,1,6490.962,-0.14991255,5,1,false,false,-5.2978578,1.4583318,8.493684,0.89400053,3
53.310814,0.0950712,49.331236585569116,8.565242468763389,0,1,6501.4556,-0.15310892,5,1,false,false,-5.602906,1.6431662,8.795133,0.8916524,3
53.336098,0.09526763,49.33124287959051,8.565249897268417,0,1,6495.471,-0.14991257,5,1,false,false,-5.811108,1.7654326,8.604029,0.8890601,3
53.361736,0.09546415,49.3312491736119,8.565257463478297,0,1,6492.4443,-0.14381185,5,1,false,false,-6.148488,1.7985799,9.262241,0.88628674,3
53.387535,0.09566073,49.3312554677705,8.56526503052784,0,1,6493.1943,-0.13451582,5,1,false,false,-6.1633677,1.7567921,9.573097,0.88339883,3
53.412548,0.09585742,49.33126176179189,8.56527259673772,0,1,6488.6733,-0.12318508,5,1,false,false,-6.3499823,1.727274,9.114503,0.88053834,3
53.43722,0.09605418,49.33126805581329,8.565280300652454,0,1,6489.964,-0.11127354,5,1,false,false,-6.364197,1.7086,9.135693,0.877789,3
53.46062,0.09625099,49.33127425996909,8.565287866862333,0,1,6492.435,-0.10400997,5,1,false,false,-6.7476296,1.5877051,10.222053,0.87521815,3
53.483486,0.096447885,49.33128055399048,8.565295570777065,0,1,6494.0713,-0.098200254,5,1,false,false,-6.9944367,1.6348344,10.962407,0.87275887,3
53.50603,0.09664485,49.331286758146284,8.565303274691797,0,1,6499.5605,-0.09384098,5,1,false,false,-7.1201763,1.6270448,10.236593,0.8703153,3
53.529667,0.0968419,49.331292962302086,8.56531097860653,0,1,6503.8,-0.0886121,5,1,false,false,-6.855559,1.7509993,10.074683,0.8678937,3
53.555058,0.09703904,49.33129925632348,8.56531868252126,0,1,6497.459,-0.08251026,5,1,false,false,-6.6612186,1.7896876,9.591141,0.86565703,3
53.579613,0.09723626,49.331305460479285,8.565326524140845,0,1,6490.834,-0.077281386,5,1,false,false,-6.5922966,1.6742603,9.543864,0.8637261,3
53.60231,0.097433574,49.33131166449789,8.565334365760428,0,1,6496.0605,-0.071179554,5,1,false,false,-6.1531715,1.5599213,9.019297,0.86208045,3
53.622913,0.097630955,49.33131786865369,8.565342069675161,0,1,6505.843,-0.06507994,5,1,false,false,-6.0311794,1.4494184,9.488336,0.8606421,3
53.643867,0.09782842,49.331324072809494,8.565349911294744,0,1,6517.8857,-0.059558988,5,1,false,false,-5.6684933,1.4961021,8.956164,0.85923666,3
53.665546,0.098025955,49.331330276965296,8.565357752914329,0,1,6525.1045,-0.05461998,5,1,false,false,-5.323806,1.5184715,9.571815,0.8578531,3
53.68894,0.0982236,49.33133639111831,8.565365731399101,0,1,6531.5933,-0.048228275,5,1,false,false,-5.17155,1.6920025,9.318349,0.8564742,3
53.714172,0.09842132,49.331342595274116,8.565373573018684,0,1,6530.1294,-0.04096583,5,1,false,false,-4.840376,1.7207642,8.585715,0.85515726,3
53.7396,0.09861915,49.33134879942992,8.565381414638269,0,1,6527.0396,-0.034283124,5,1,false,false,-4.4312053,1.7918386,8.614772,0.85398775,3
53.764915,0.09881708,49.331354913720126,8.565389393962704,0,1,6528.0645,-0.03224954,5,1,false,false,-4.4361143,1.6540987,8.938635,0.8530379,3
53.7882,0.099015094,49.33136111773873,8.56539737328714,0,1,6528.997,-0.031668693,5,1,false,false,-4.487105,1.5393168,10.029186,0.8522654,3
53.810616,0.099213205,49.331367232028946,8.565405351771911,0,1,6539.7373,-0.03166869,5,1,false,false,-4.3616557,1.5058423,9.857566,0.85152936,3
53.83348,0.09941142,49.33137343618475,8.565413331096348,0,1,6549.1426,-0.029344121,5,1,false,false,-4.408685,1.5996928,11.422521,0.85076654,3
53.859486,0.09960973,49.33137955033776,8.565421310420783,0,1,6546.945,-0.024696123,5,1,false,false,-4.029872,1.8196192,10.642026,0.8499332,3
53.8865,0.09980815,49.33138566462797,8.565429288905555,0,1,6536.1514,-0.020046989,5,1,false,false,-3.6728354,1.7807347,9.933051,0.8491598,3
53.913094,0.10000668,49.331391868783776,8.565437268229992,0,1,6532.2476,-0.018303283,5,1,false,false,-3.0916376,1.8036073,8.631536,0.84855664,3
53.93754,0.10020532,49.331397982936785,8.56544538525928,0,1,6529.8643,-0.019175135,5,1,false,false,-3.5145264,1.520868,11.403045,0.8482019,3
53.959496,0.10040406,49.331404097226994,8.565453363744052,0,1,6533.6235,-0.020627841,5,1,false,false,-3.203914,1.4351015,9.274147,0.8479325,3
53.976505,0.10060288,49.33141021138001,8.565461480773338,0,1,6556.094,-0.018884143,5,1,false,false,-2.6033738,1.1330255,7.4758773,0.8476576,3
53.9996,0.1008018,49.33141641553581,8.565469597802627,0,1,6585.9697,-0.02120983,5,1,false,false,-2.204351,1.8260473,7.656528,0.8473512,3
54.026245,0.10100084,49.33142252968882,8.565477576287398,0,1,6563.432,-0.023243403,5,1,false,false,-2.1887562,1.6591926,8.63159,0.84712017,3
54.048878,0.101199985,49.33142864397903,8.565485693316687,0,1,6559.808,-0.024115257,5,1,false,false,-2.2000163,1.3677709,8.426176,0.8468736,3
54.068565,0.10139922,49.33143475813205,8.56549380950631,0,1,6602.956,-0.026438698,5,1,false,false,-1.8701407,1.2768812,7.553022,0.8465228,3
54.09273,0.10159857,49.331440872422256,8.565501926535598,0,1,6610.3813,-0.026729695,5,1,false,false,-2.0345225,1.8446827,9.36298,0.8461136,3
54.125183,0.10179803,49.33144698657527,8.565510043564885,0,1,6580.7275,-0.024696117,5,1,false,false,-2.0836523,2.0429962,9.973354,0.8456519,3
54.15409,0.10199762,49.331453190731075,8.56551815975451,0,1,6564.828,-0.023243409,5,1,false,false,-2.0647357,1.7384764,10.050843,0.84517163,3
54.17947,0.10219736,49.33145930502128,8.565526414488648,0,1,6578.2686,-0.023243405,5,1,false,false,-1.7426248,1.6270856,9.785395,0.8446776,3
54.20478,0.1023972,49.33146541917429,8.565534530678272,0,1,6575.7,-0.02382426,5,1,false,false,-1.6825719,1.6372766,9.180707,0.84423316,3
54.229904,0.10259714,49.33147153346451,8.565542647707561,0,1,6566.333,-0.027310554,5,1,false,false,-1.9677536,1.611429,10.563756,0.84382844,3
54.25324,0.10279722,49.33147764761752,8.565550901602036,0,1,6576.654,-0.03195968,5,1,false,false,-2.0672982,1.4312906,10.161481,0.8434152,3
54.274937,0.10299738,49.331483761907734,8.565559018631324,0,1,6587.6284,-0.035444856,5,1,false,false,-2.0257692,1.4220371,9.701125,0.8429396,3
54.29886,0.10319764,49.33148987606074,8.565567272525799,0,1,6591.8926,-0.03718855,5,1,false,false,-1.9793448,1.5646005,9.411079,0.84238786,3
54.32368,0.10339802,49.33149599021375,8.565575526420275,0,1,6589.697,-0.038059283,5,1,false,false,-1.7857128,1.5982448,8.718583,0.8417881,3
54.348034,0.10359852,49.33150210450397,8.565583643449564,0,1,6590.0273,-0.03980298,5,1,false,false,-1.8086733,1.5530554,9.2001505,0.84118176,3
54.371025,0.10379911,49.33150821865698,8.565591897344039,0,1,6597.623,-0.040674835,5,1,false,false,-1.7659899,1.4531856,9.183635,0.8405704,3
54.393143,0.10399981,49.33151433294719,8.56560015207818,0,1,6606.0625,-0.040384978,5,1,false,false,-2.0577397,1.4071295,9.43991,0.83993196,3
54.41569,0.104200624,49.33152053710299,8.565608405972654,0,1,6615.1304,-0.04125682,5,1,false,false,-1.8965715,1.478652,9.306019,0.8392105,3
54.43974,0.104401544,49.331526651256006,8.565616660706795,0,1,6619.639,-0.041837674,5,1,false,false,-1.9952476,1.595132,9.921879,0.8384323,3
54.465786,0.104602545,49.331532765546214,8.565624914601269,0,1,6615.2534,-0.040965825,5,1,false,false,-2.2340932,1.6819599,9.981108,0.83762974,3
54.491398,0.1048037,49.331538879699224,8.565633168495745,0,1,6610.9487,-0.038059272,5,1,false,false,-1.9990605,1.6481485,9.288404,0.83680826,3
54.516003,0.105004944,49.33154499398944,8.565641423229884,0,1,6612.7285,-0.035735834,5,1,false,false,-2.0886612,1.5562549,9.5253105,0.8359988,3
54.53969,0.10520629,49.33155110814245,8.565649814829213,0,1,6614.6504,-0.03166869,5,1,false,false,-2.0053492,1.5010121,10.184741,0.83520633,3
54.56292,0.10540776,49.331557222432664,8.565658068723689,0,1,6618.2925,-0.028181281,5,1,false,false,-1.9953806,1.4766347,9.703675,0.8344435,3
54.58508,0.10560932,49.331563336585674,8.565666323457828,0,1,6626.6543,-0.023824265,5,1,false,false,-1.744743,1.4294528,8.454907,0.83370095,3
54.608383,0.10581098,49.33156945087588,8.565674715057156,0,1,6634.5996,-0.02091884,5,1,false,false,-1.5567434,1.5475752,7.75359,0.8330143,3
54.633358,0.10601273,49.3315755650289,8.565682968951633,0,1,6630.4653,-0.019175135,5,1,false,false,-1.7774079,1.5454828,8.048098,0.8324503,3
54.656124,0.10621462,49.33158167931911,8.565691361390623,0,1,6630.177,-0.018013414,5,1,false,false,-1.8519549,1.3326118,9.057915,0.83196956,3
54.674908,0.106416576,49.33158779347212,8.565699752989952,0,1,6653.219,-0.018303283,5,1,false,false,-1.7762487,1.1951866,9.4416275,0.83147895,3
54.696545,0.10661861,49.33159381775954,8.565708006884426,0,1,6675.417,-0.01975599,5,1,false,false,-1.7453523,1.4886308,8.882048,0.8309247,3
54.723324,0.10682077,49.331599932049755,8.565716399323419,0,1,6665.1636,-0.020918842,5,1,false,false,-1.9543588,1.8733011,10.4813595,0.830351,3
54.75378,0.107023045,49.331606046202765,8.565724790922745,0,1,6644.8696,-0.021209836,5,1,false,false,-1.8177676,1.8550494,9.464965,0.8297741,3
54.781055,0.107225426,49.33161216049297,8.565733182522074,0,1,6635.2656,-0.021499699,5,1,false,false,-1.6600194,1.6307839,8.846715,0.8292666,3
54.806118,0.107427925,49.33161827464599,8.565741574121402,0,1,6637.6445,-0.02004699,5,1,false,false,-1.9110305,1.5460248,10.071612,0.82885975,3
54.82847,0.10763051,49.3316243889362,8.565749966560393,0,1,6636.465,-0.019175135,5,1,false,false,-1.665229,1.3223177,8.142988,0.8284968,3
54.848026,0.10783318,49.33163050308921,8.565758358159721,0,1,6650.82,-0.01975599,5,1,false,false,-1.2464526,1.2073586,7.6855717,0.82815343,3
54.867844,0.108035825,49.331636617242225,8.5657668874639,0,1,6674.71,-0.02004699,5,1,false,false,-1.3651721,1.2831393,8.140147,0.8278344,3
54.888676,0.108238414,49.33164273153243,8.565775279063228,0,1,6680.308,-0.020627841,5,1,false,false,-1.3824553,1.2676533,7.3705993,0.82751745,3
54.909107,0.10844107,49.33164884568544,8.565783670662555,0,1,6693.2686,-0.021790694,5,1,false,false,-1.215425,1.2916299,7.960562,0.8271626,3
54.932064,0.10864381,49.33165495997566,8.565792063101547,0,1,6711.7983,-0.022081688,5,1,false,false,-1.5399816,1.5197335,11.162267,0.82675624,3
54.959454,0.10884657,49.33166107412867,8.565800592405726,0,1,6702.0293,-0.021790687,5,1,false,false,-1.8301369,1.7817283,11.744845,0.82623684,3
54.989147,0.10904943,49.33166718841888,8.565808984005054,0,1,6685.33,-0.020046987,5,1,false,false,-1.6193367,1.9709494,9.986803,0.8256151,3
55.021458,0.10925241,49.3316732127063,8.565817513309234,0,1,6671.966,-0.018303283,5,1,false,false,-1.4806308,2.0636365,10.649896,0.8249963,3
55.05035,0.109455466,49.331679326859316,8.565826042613413,0,1,6640.7324,-0.016560696,5,1,false,false,-1.5815449,1.6478292,11.027342,0.82451206,3
55.073124,0.10965859,49.331685441149524,8.565834434212741,0,1,6637.6123,-0.013946267,5,1,false,false,-1.548357,1.2836332,10.306831,0.82416654,3
55.091175,0.10986179,49.331691555302534,8.565842963516921,0,1,6667.059,-0.013074415,5,1,false,false,-1.3668544,1.086297,9.251699,0.8238805,3
55.1094,0.11006502,49.33169766959275,8.5658514928211,0,1,6681.5684,-0.013074415,5,1,false,false,-1.0827533,1.2116832,9.682587,0.8236213,3
55.129963,0.110268295,49.33170378374576,8.565860022964943,0,1,6686.7397,-0.012784546,5,1,false,false,-1.2637278,1.3376786,9.794965,0.8233715,3
55.151493,0.11047164,49.331709898035975,8.565868552269123,0,1,6698.709,-0.012203686,5,1,false,false,-1.2682372,1.3260953,10.091509,0.8230786,3
55.17366,0.110675044,49.331716012188984,8.565877081573303,0,1,6706.8125,-0.012203686,5,1,false,false,-0.96766454,1.4860678,8.53151,0.8227551,3
55.19855,0.11087849,49.33172212647919,8.565885610877482,0,1,6705.911,-0.011621702,5,1,false,false,-0.73565155,1.6122237,7.086139,0.82245475,3
55.225433,0.11108204,49.33172824063221,8.565894140181662,0,1,6696.38,-0.01016899,5,1,false,false,-0.81937313,1.5941318,8.248436,0.82221663,3
55.248657,0.111285664,49.33173435492242,8.565902669485842,0,1,6690.702,-0.009587006,5,1,false,false,-0.87783045,1.2712471,9.203521,0.8220394,3
55.265324,0.11148931,49.33174046907543,8.56591119879002,0,1,6715.2524,-0.009006145,5,1,false,false,-0.9009589,0.960765,9.319377,0.82185745,3
55.2836,0.111693025,49.33174658336564,8.565919728094201,0,1,6750.41,-0.009006145,5,1,false,false,-0.8808098,1.3192532,9.056089,0.82162905,3
55.31078,0.111896805,49.33175260765306,8.565928395103231,0,1,6742.2695,-0.008716277,5,1,false,false,-0.6433072,1.8961878,9.583134,0.8213662,3
55.34208,0.11210064,49.331758721806075,8.565936924407412,0,1,6707.7524,-0.008425285,5,1,false,false,-0.87569404,1.8535644,9.861782,0.8211203,3
55.368782,0.112304576,49.33176483609628,8.565945453711592,0,1,6699.807,-0.008425284,5,1,false,false,-0.8482433,1.5108203,10.934569,0.82090855,3
55.391026,0.112508595,49.3317709502493,8.565954120720622,0,1,6712.957,-0.007844424,5,1,false,false,-0.6455984,1.3192875,11.286469,0.82071036,3
55.412735,0.11271266,49.33177706453951,8.565962650024803,0,1,6716.916,-0.006972572,5,1,false,false,-0.728014,1.3986874,9.905447,0.8205156,3
55.436043,0.112916775,49.33178317869252,8.565971317033833,0,1,6716.255,-0.004938999,5,1,false,false,-0.8493943,1.4853615,9.782252,0.8203303,3
55.459446,0.11312098,49.331789292982734,8.565979846338013,0,1,6715.1533,-0.002033573,5,1,false,false,-0.6572006,1.4198487,9.07463,0.82014567,3
55.481056,0.11332525,49.331795497138536,8.565988513347046,0,1,6717.332,0.0017425816,5,1,false,false,-0.3689386,1.2864995,9.415063,0.8199699,3
55.501724,0.11352956,49.331801611291546,8.565997042651224,0,1,6728.4497,0.0066827023,5,1,false,false,-0.2917176,1.2412592,9.624928,0.8198334,3
55.52132,0.113733925,49.331807725581754,8.566005709660256,0,1,6740.695,0.0116217015,5,1,false,false,-0.17440945,1.219264,10.463284,0.81973535,3
55.542595,0.113938354,49.33181383973477,8.566014376669287,0,1,6752.532,0.0165607,5,1,false,false,-0.11584908,1.3924315,9.080728,0.8196892,3
55.56673,0.11414284,49.33181995388778,8.56602304367832,0,1,6752.411,0.020917716,5,1,false,false,0.014988273,1.524418,7.315817,0.8197195,3
55.592426,0.114347406,49.331826068177996,8.566031572982498,0,1,6742.86,0.023824269,5,1,false,false,0.061225697,1.6044533,9.552099,0.8198359,3
55.61657,0.114552066,49.331832182331006,8.56604023999153,0,1,6736.7285,0.02353327,5,1,false,false,0.18505128,1.3354157,10.156591,0.8200357,3
55.63455,0.11475674,49.331838296621214,8.566048907000562,0,1,6750.687,0.020627849,5,1,false,false,0.25693408,1.0233686,9.500369,0.8203198,3
55.65496,0.1149615,49.33184450077702,8.566057574009593,0,1,6779.8535,0.016269704,5,1,false,false,0.2090753,1.454732,9.217319,0.8206423,3
55.681137,0.11516634,49.33185061493003,8.566066241018625,0,1,6765.7993,0.011039719,5,1,false,false,0.24223757,1.6666269,10.810358,0.8209728,3
55.7085,0.11537122,49.33185672922024,8.566074770322803,0,1,6740.6133,0.004939,5,1,false,false,0.17930326,1.6177645,9.403322,0.8212838,3
55.731575,0.11557621,49.33186284337325,8.566083437331836,0,1,6748.2344,-0.0002898688,5,1,false,false,0.3763541,1.2853812,8.156524,0.8215518,3
55.752453,0.11578127,49.33186904752906,8.566092104340868,0,1,6760.6694,-0.0046491297,5,1,false,false,0.09495419,1.2828829,10.349297,0.8217645,3
55.773525,0.11598638,49.33187516181927,8.566100771349898,0,1,6758.493,-0.007844424,5,1,false,false,0.20169203,1.2567977,10.881211,0.82188535,3
55.79227,0.11619155,49.33188127597228,8.566109437519266,0,1,6771.1445,-0.009297136,5,1,false,false,0.28607965,1.0955079,9.349889,0.8219369,3
55.813538,0.11639679,49.33188748012808,8.566118104528298,0,1,6793.0034,-0.008135417,5,1,false,false,0.19726487,1.4946362,9.314602,0.8219334,3
55.840298,0.1166021,49.3318935942811,8.566126771537329,0,1,6776.211,-0.006101844,5,1,false,false,0.19787894,1.6468947,9.465052,0.8218653,3
55.86583,0.1168075,49.3318997984369,8.566135438546361,0,1,6754.6914,-0.0046491306,5,1,false,false,0.20803092,1.5024366,10.2723465,0.8217592,3
55.887497,0.11701298,49.33190591272711,8.566144105555392,0,1,6769.343,-0.0034874096,5,1,false,false,0.35537192,1.2175218,10.321391,0.821665,3
55.906925,0.11721853,49.33191211674571,8.566152772564424,0,1,6782.1465,-0.0023245658,5,1,false,false,0.17306781,1.220922,10.381919,0.8215617,3
55.928448,0.11742414,49.33191823103593,8.566161577278306,0,1,6783.037,-0.002324565,5,1,false,false,0.11289069,1.4029737,9.639049,0.82145303,3
55.95198,0.11762983,49.33192443519173,8.566170244287338,0,1,6781.994,-0.0029065486,5,1,false,false,0.097709835,1.4143472,10.087763,0.8213501,3
55.97447,0.117835596,49.33193063934753,8.56617891129637,0,1,6778.704,-0.00464913,5,1,false,false,0.15327318,1.3726168,11.004264,0.82123417,3
55.99599,0.11804143,49.33193675350054,8.566187578305401,0,1,6784.201,-0.0061018425,5,1,false,false,0.0508229,1.2895639,9.364822,0.82110447,3
56.016895,0.11824736,49.331942957656345,8.566196244474769,0,1,6791.0825,-0.0075545553,5,1,false,false,-0.16657284,1.3295044,10.308148,0.8209729,3
56.038925,0.11845335,49.33194916181215,8.566205049188653,0,1,6792.346,-0.008135417,5,1,false,false,-0.15410694,1.3585911,11.083602,0.82082236,3
56.06063,0.11865943,49.33195527596516,8.566213716197684,0,1,6791.139,-0.008135417,5,1,false,false,-0.09036462,1.3206968,9.654204,0.8206527,3
56.082344,0.11886559,49.33196148012097,8.566222383206716,0,1,6795.4683,-0.008135417,5,1,false,false,-0.34759527,1.3617045,10.035329,0.8204796,3
56.10441,0.11907182,49.33196768427677,8.566231187920598,0,1,6797.015,-0.007844425,5,1,false,false,-0.20450373,1.3409647,9.330344,0.8202828,3
56.125736,0.11927814,49.33197388843257,8.56623985492963,0,1,6793.4272,-0.007844424,5,1,false,false,-0.30546516,1.2860096,9.688592,0.8200965,3
56.146183,0.11948453,49.33198000258558,8.566248521938661,0,1,6802.6567,-0.008425284,5,1,false,false,-0.223852,1.2383695,10.238714,0.81989557,3
56.165848,0.11969099,49.331986206741384,8.566257325812881,0,1,6811.491,-0.008716276,5,1,false,false,-0.364775,1.2291945,9.806542,0.81968856,3
56.186474,0.11989754,49.331992410897186,8.566265992821913,0,1,6815.855,-0.008716277,5,1,false,false,-0.38616785,1.3097279,10.88213,0.81946456,3
56.208366,0.120104164,49.33199861505299,8.566274797535796,0,1,6818.747,-0.009006145,5,1,false,false,-0.13698325,1.3629568,9.851567,0.81921124,3
56.230198,0.12031089,49.33200481920879,8.566283464544828,0,1,6817.7617,-0.009006145,5,1,false,false,-0.5562809,1.3879513,9.494294,0.8189814,3
56.252987,0.12051769,49.33201102336459,8.56629226925871,0,1,6817.26,-0.009587006,5,1,false,false,-0.40398422,1.4132283,10.923991,0.8187562,3
56.274666,0.12072459,49.33201713751761,8.566301073972594,0,1,6813.5127,-0.012493554,5,1,false,false,-0.4049485,1.2834988,11.161202,0.8185342,3
56.294975,0.120931566,49.33202334167341,8.566309740141962,0,1,6819.369,-0.01597984,5,1,false,false,-0.68424153,1.288253,11.073271,0.8183024,3
56.315834,0.121138625,49.332029545829215,8.566318544855845,0,1,6827.57,-0.019175135,5,1,false,false,-0.82638824,1.3284047,11.01012,0.81804377,3
56.337833,0.1213458,49.33203574998502,8.566327349569729,0,1,6821.075,-0.02411526,5,1,false,false,-0.8157794,1.4006572,10.874546,0.8177344,3
56.35986,0.12155307,49.33204195414082,8.566336154283611,0,1,6815.3687,-0.029344123,5,1,false,false,-0.8480784,1.3596275,10.66369,0.8173807,3
56.38024,0.1217604,49.33204815829662,8.566344821292644,0,1,6818.655,-0.03428312,5,1,false,false,-1.0504034,1.2558299,10.134401,0.81698376,3
56.39959,0.12196782,49.33205436217803,8.566353625166863,0,1,6823.7383,-0.039802976,5,1,false,false,-1.2214109,1.2103455,9.650411,0.8165348,3
56.41861,0.122175306,49.33206056633383,8.566362429880746,0,1,6828.5376,-0.044161126,5,1,false,false,-1.1581581,1.1832397,9.125425,0.81601894,3
56.43723,0.122382864,49.33206677048963,8.56637123459463,0,1,6836.4707,-0.047066554,5,1,false,false,-1.2923673,1.1587439,8.507114,0.8154282,3
56.45556,0.122590505,49.332072974645435,8.566380039308513,0,1,6846.251,-0.0479384,5,1,false,false,-1.4413258,1.1470577,8.00158,0.81476206,3
56.4741,0.1227982,49.33207917880124,8.566388843182732,0,1,6855.4595,-0.0476474,5,1,false,false,-1.2092018,1.1570312,6.9450865,0.81402993,3
56.493065,0.12300597,49.33208538295704,8.566397647896617,0,1,6864.6084,-0.044161115,5,1,false,false,-0.9601197,1.1663328,5.619936,0.8132754,3
56.511513,0.12321383,49.33209158711284,8.566406590315351,0,1,6874.912,-0.039802976,5,1,false,false,-1.1400409,1.0847728,5.730316,0.81255317,3
56.528027,0.123421736,49.33209770126586,8.566415395029235,0,1,6888.222,-0.036026835,5,1,false,false,-1.4561418,0.8691552,9.141569,0.81184,3
56.541584,0.123629704,49.33210390542166,8.566424198903455,0,1,6913.307,-0.033121414,5,1,false,false,-1.7893926,0.8710471,11.013932,0.8110183,3
56.562164,0.12383775,49.332110109577464,8.566433003617338,0,1,6937.3228,-0.029344123,5,1,false,false,-1.7740088,1.6556499,11.3673,0.81001246,3
56.600636,0.124045886,49.332116313733266,8.566441946036074,0,1,6899.2505,-0.024405126,5,1,false,false,-2.4749303,2.6653392,12.370818,0.8089213,3
56.638023,0.1242542,49.33212251788907,8.566450749910294,0,1,6810.5083,-0.018594276,5,1,false,false,-2.2446902,1.969074,11.132083,0.80794483,3
56.66051,0.124462605,49.33212872204487,8.566459692329028,0,1,6804.733,-0.013655277,5,1,false,false,-1.8625909,1.060514,13.146092,0.8072584,3
56.6736,0.124671094,49.33213492620067,8.566468497042912,0,1,6846.142,-0.009587007,5,1,false,false,-2.0482993,0.76229405,12.190218,0.80686146,3
56.686905,0.124879606,49.332141130356476,8.566477438621982,0,1,6849.9565,-0.005229992,5,1,false,false,-1.6993268,0.923562,9.725879,0.8066062,3
56.704113,0.12508819,49.332147244509486,8.566486381040718,0,1,6860.4404,-0.0023245658,5,1,false,false,-1.2351565,1.1770107,9.329567,0.8063913,3
56.722015,0.12529685,49.33215344866529,8.566495323459453,0,1,6873.8247,0.00029099226,5,1,false,false,-1.0234176,1.0142643,8.507656,0.8062423,3
56.738087,0.12550557,49.3321596528211,8.566504265038525,0,1,6877.909,0.002324565,5,1,false,false,-0.89932656,1.0067868,8.76179,0.80616575,3
56.754665,0.12571433,49.3321658569769,8.56651320745726,0,1,6897.6064,0.0046480065,5,1,false,false,-0.76219785,0.847725,8.550388,0.80610985,3
56.76908,0.12592317,49.3321720611327,8.566522149036333,0,1,6921.4775,0.006100719,5,1,false,false,-0.47778416,1.2712086,8.307186,0.8060576,3
56.79262,0.12613209,49.33217817528571,8.566531091455067,0,1,6925.9917,0.008135416,5,1,false,false,-0.49281898,1.6360242,9.050059,0.8060253,3
56.819843,0.12634107,49.332184379441514,8.566540033873801,0,1,6893.1196,0.01191157,5,1,false,false,-0.46329525,1.6618367,9.372844,0.8060252,3
56.844845,0.12655017,49.33219058359732,8.566548975452873,0,1,6881.0996,0.014816996,5,1,false,false,-0.35347953,1.3903173,9.974982,0.8060801,3
56.865295,0.12675937,49.33219678775312,8.56655791787161,0,1,6889.561,0.018594272,5,1,false,false,-0.102330804,1.2118524,9.475824,0.8062097,3
56.88484,0.12696862,49.33220299190892,8.566566859450681,0,1,6890.3965,0.021789568,5,1,false,false,0.26893336,1.2289159,9.196669,0.8063987,3
56.90421,0.12717795,49.33220919579033,8.566575801869416,0,1,6892.1543,0.024696121,5,1,false,false,0.11955997,1.1812936,9.937852,0.80665725,3
56.923294,0.12738736,49.33221531021774,8.566584744288152,0,1,6897.8115,0.027600415,5,1,false,false,0.3536958,1.157054,8.548586,0.806993,3
56.941616,0.12759683,49.33222151437354,8.566593685867222,0,1,6903.6973,0.027891416,5,1,false,false,0.59691405,1.0800028,9.474021,0.80737484,3
56.960022,0.12780637,49.332227718529346,8.56660276599081,0,1,6913.3613,0.02672969,5,1,false,false,0.6501944,1.1302345,8.818213,0.80781347,3
56.978447,0.12801597,49.33223392241075,8.566611707569882,0,1,6921.565,0.025276981,5,1,false,false,0.56263065,1.166071,8.771306,0.80831325,3
56.99964,0.12822564,49.33224012656655,8.566620649988616,0,1,6923.325,0.023242276,5,1,false,false,0.7436774,1.3169212,8.054001,0.8088207,3
57.020954,0.1284354,49.332246330722356,8.56662972927254,0,1,6916.717,0.020627841,5,1,false,false,0.97147703,1.2971072,9.609987,0.8093335,3
57.042465,0.12864524,49.33225253487816,8.566638671691274,0,1,6917.1016,0.018303286,5,1,false,false,0.88789666,1.2490011,9.671623,0.80985594,3
57.061462,0.12885517,49.33225882903675,8.566647613270346,0,1,6920.8984,0.017141562,5,1,false,false,0.897287,1.128223,9.632964,0.81037277,3
57.081356,0.12906513,49.332265033192556,8.566656555689082,0,1,6929.1353,0.015688844,5,1,false,false,1.1416281,1.3060645,9.9451,0.8108704,3
57.10287,0.1292752,49.33227123734836,8.566665635812669,0,1,6923.0957,0.013945144,5,1,false,false,1.0856597,1.2965611,10.460641,0.8113384,3
57.12403,0.12948532,49.33227744150416,8.56667457739174,0,1,6916.9907,0.011621702,5,1,false,false,1.4470657,1.3128555,10.048397,0.81177694,3
57.14457,0.12969553,49.332283645385566,8.566683519810475,0,1,6919.71,0.010458859,5,1,false,false,1.3630366,1.2255372,11.257676,0.81220615,3
57.164,0.12990583,49.33228993954416,8.566692599094399,0,1,6918.877,0.009877997,5,1,false,false,1.1842827,1.1951547,10.664996,0.81255066,3
57.183193,0.1301162,49.33229614369996,8.566701541513135,0,1,6920.966,0.007844425,5,1,false,false,1.4482906,1.1612482,9.52122,0.81284326,3
57.202362,0.13032661,49.33230243785855,8.566710483092205,0,1,6924.4478,0.0063905884,5,1,false,false,1.3477747,1.1853739,10.835075,0.8131237,3
57.220913,0.13053712,49.33230864201436,8.566719563215793,0,1,6923.6934,0.0058097276,5,1,false,false,0.99533963,1.1021689,12.539116,0.8133633,3
57.238754,0.13074769,49.33231493589855,8.566728504794865,0,1,6930.3125,0.003776155,5,1,false,false,1.2772201,1.1238691,9.665424,0.8135329,3
57.257233,0.13095832,49.332321140054354,8.5667374472136,0,1,6939.1143,0.0011617213,5,1,false,false,1.2225125,1.2281228,9.703277,0.81369317,3
57.27753,0.13116904,49.33232743421295,8.566746526497523,0,1,6932.993,-0.0005808604,5,1,false,false,0.93608296,1.2157342,9.982007,0.81383127,3
57.296375,0.13137981,49.33233363836875,8.566755468916257,0,1,6926.118,-0.0029065493,5,1,false,false,0.95745873,1.0862966,10.545253,0.81391454,3
57.313095,0.13159063,49.33233993225295,8.566764411334994,0,1,6943.0366,-0.00464913,5,1,false,false,0.7735033,0.9638906,11.142439,0.81394005,3
57.32963,0.13180155,49.332346226411545,8.566773490618917,0,1,6956.5312,-0.0069725714,5,1,false,false,0.543604,1.1208313,10.148461,0.8139323,3
57.350143,0.13201252,49.33235243056735,8.566782433037652,0,1,6951.7974,-0.0090061445,5,1,false,false,0.72041845,1.3390436,9.560858,0.8138901,3
57.37152,0.13222356,49.33235872445154,8.566791374616724,0,1,6939.0913,-0.010458858,5,1,false,false,0.6948681,1.3266326,9.840164,0.8138081,3
57.38993,0.1324347,49.33236501861013,8.56680045474031,0,1,6941.16,-0.0107498495,5,1,false,false,0.44794178,1.0488788,8.783584,0.81368715,3
57.40657,0.13264589,49.33237131249433,8.566809396319382,0,1,6953.712,-0.010168989,5,1,false,false,0.3419935,1.012606,9.29243,0.8135115,3
57.42308,0.13285714,49.33237751665013,8.56681847644297,0,1,6960.4907,-0.009006145,5,1,false,false,0.3226764,0.99007505,8.861383,0.81329936,3
57.44002,0.13306844,49.33238381080873,8.566827418022042,0,1,6967.8555,-0.0069725728,5,1,false,false,0.16431504,1.0944295,9.126721,0.81307447,3
57.458073,0.13327982,49.33239010496732,8.566836498145628,0,1,6976.4795,-0.0037772786,5,1,false,false,0.3085655,1.1331371,9.767881,0.812842,3
57.47736,0.13349126,49.332396398851515,8.5668454397247,0,1,6977.406,-0.0005808601,5,1,false,false,0.27608445,1.2348613,9.959081,0.8126136,3
57.498127,0.13370278,49.33240269301011,8.566854519848286,0,1,6973.9966,0.002033573,5,1,false,false,0.14346206,1.2762673,9.584235,0.81241935,3
57.518604,0.13391438,49.3324089868943,8.566863461427358,0,1,6970.1016,0.004648006,5,1,false,false,0.19621825,1.247058,9.262305,0.81227195,3
57.538544,0.13412605,49.332415281052896,8.566872541550946,0,1,6968.6284,0.0055198586,5,1,false,false,0.32861128,1.1991453,9.624216,0.81217873,3
57.557343,0.13433781,49.33242157521149,8.566881483130016,0,1,6967.886,0.0043570152,5,1,false,false,0.107029825,1.1268393,10.986444,0.81213987,3
57.575005,0.13454963,49.33242786909569,8.566890563253605,0,1,6972.8247,0.001452713,5,1,false,false,0.11843568,1.0902498,10.3225765,0.81213063,3
57.592823,0.13476151,49.33243416325428,8.566899642537528,0,1,6980.5386,-0.00348741,5,1,false,false,0.0014474094,1.1194683,9.724942,0.8121452,3
57.61191,0.13497348,49.332440457138475,8.566908584956263,0,1,6978.666,-0.007263563,5,1,false,false,-0.1110318,1.1884723,9.898431,0.81214267,3
57.63107,0.13518551,49.33244675129707,8.566917664240187,0,1,6972.848,-0.010458858,5,1,false,false,0.02420196,1.1669785,9.08831,0.81211025,3
57.64926,0.1353976,49.332453045455665,8.566926744363773,0,1,6976.562,-0.012203685,5,1,false,false,-0.17936885,1.0655792,8.967988,0.81204087,3
57.666092,0.13560978,49.332459339339856,8.566935823647697,0,1,6982.4707,-0.0124935545,5,1,false,false,-0.06747168,0.9996757,10.63196,0.81192315,3
57.682262,0.135822,49.33246563349845,8.566944766066433,0,1,6990.2886,-0.01074985,5,1,false,false,0.16421947,1.0192713,10.795481,0.8117615,3
57.69949,0.1360343,49.33247192738265,8.566953845350355,0,1,6999.059,-0.008425285,5,1,false,false,-0.37613204,1.091957,10.331372,0.8115763,3
57.718773,0.13624665,49.332478221541244,8.566962925473943,0,1,6997.9087,-0.0055209827,5,1,false,false,0.18551287,1.3006397,10.56435,0.8113524,3
57.73991,0.13645908,49.33248451569983,8.566972004757867,0,1,6986.508,-0.0029065497,5,1,false,false,-0.048638046,1.2799501,10.774579,0.8111428,3
57.75924,0.13667159,49.33249089958682,8.566981084881453,0,1,6978.3003,-0.0014527129,5,1,false,false,-0.0020530522,1.1599865,10.221401,0.81097233,3
57.77593,0.13688415,49.33249719347101,8.566990164165377,0,1,6986.701,-0.00028986833,5,1,false,false,0.25046018,1.0158231,10.544334,0.8108379,3
57.791702,0.13709679,49.33250348762961,8.566999244288963,0,1,6995.37,-0.00028986845,5,1,false,false,-0.17667606,0.9705717,9.543951,0.81074065,3
57.80751,0.13730948,49.332509781788204,8.567008323572887,0,1,7000.3296,-0.00087185233,5,1,false,false,-0.021092713,1.0448853,8.903587,0.81064945,3
57.82439,0.13752222,49.3325160756724,8.567017402856811,0,1,7007.0024,-0.003196418,5,1,false,false,-0.032693893,1.0474068,11.013182,0.81056404,3
57.840748,0.13773504,49.33252245983378,8.567026482980397,0,1,7010.686,-0.0049389987,5,1,false,false,-0.31976926,1.0196503,10.449774,0.810473,3
57.85802,0.1379479,49.33252875371798,8.567035562264321,0,1,7018.171,-0.0061018425,5,1,false,false,0.17507073,1.115254,9.946869,0.81035584,3
57.877823,0.13816085,49.332535047876576,8.567044642387907,0,1,7016.9854,-0.0066827033,5,1,false,false,0.037389934,1.332703,9.562678,0.8102088,3
57.89819,0.13837387,49.332541341760766,8.567053721671831,0,1,7002.4014,-0.005229991,5,1,false,false,-0.1724618,1.2700965,8.016416,0.8100657,3
57.91661,0.13858695,49.332547725922154,8.56706280179542,0,1,6999.33,-0.0026155575,5,1,false,false,0.03659129,1.0623927,8.84011,0.80992824,3
57.931755,0.13880008,49.332554019806345,8.567071881079341,0,1,7008.383,0.0005808606,5,1,false,false,0.06044063,0.81723285,9.395676,0.8097975,3
57.943016,0.13901328,49.33256031396494,8.567080960363265,0,1,7026.9927,0.0026144336,5,1,false,false,0.116224915,0.7084608,9.96031,0.809691,3
57.957172,0.13922651,49.33256669785193,8.567090040486853,0,1,7052.9614,0.005228867,5,1,false,false,-0.08700943,0.9967,9.269517,0.80959934,3
57.976723,0.13943982,49.33257299201052,8.567099257475627,0,1,7048.9756,0.006390588,5,1,false,false,0.024591625,1.4486347,9.877409,0.80952555,3
58.00056,0.13965319,49.33257928589472,8.567108337599215,0,1,7026.357,0.006390588,5,1,false,false,0.1585528,1.4420204,10.8373375,0.8094857,3
58.021324,0.13986665,49.332585670056105,8.56711741688314,0,1,7014.05,0.0049389987,5,1,false,false,0.2255457,1.2251506,11.281211,0.809483,3
58.038757,0.14008018,49.332591963940295,8.567126633871913,0,1,7021.6484,0.0034862864,5,1,false,false,0.17519242,1.040869,10.573191,0.8095077,3
58.055714,0.14029376,49.33259825809889,8.567135713995501,0,1,7022.5215,0.0031952942,5,1,false,false,0.2585711,1.1154269,10.629599,0.80953443,3
58.07316,0.14050743,49.332604641985874,8.567144793279423,0,1,7017.6973,0.0026144336,5,1,false,false,0.17625427,1.0639887,10.7673855,0.8095727,3
58.089325,0.14072114,49.33261093614447,8.567154011107863,0,1,7019.4834,0.003195294,5,1,false,false,0.10856786,1.0192552,11.060012,0.8096101,3
58.104717,0.14093491,49.33261732003146,8.567163090391787,0,1,7028.506,0.004357015,5,1,false,false,0.20285797,0.99411404,10.009469,0.8096384,3
58.12005,0.14114873,49.33262361419005,8.567172307380561,0,1,7032.805,0.0055198586,5,1,false,false,0.25959492,0.9869218,9.31631,0.8096759,3
58.13628,0.14136261,49.33262999807704,8.56718138750415,0,1,7035.5303,0.007263563,5,1,false,false,0.27996913,1.0517142,8.695703,0.80971813,3
58.152092,0.14157656,49.33263629196123,8.567190466788073,0,1,7038.925,0.008425284,5,1,false,false,0.26113927,0.9720728,8.86947,0.80977464,3
58.16747,0.14179055,49.33264267612262,8.567199683776847,0,1,7045.588,0.0090061445,5,1,false,false,0.3290628,0.96736264,9.101394,0.80984735,3
58.1819,0.14200461,49.33264897000681,8.567208763900435,0,1,7056.1387,0.009006145,5,1,false,false,0.37105912,0.8539518,7.916217,0.80995065,3
58.197052,0.14221871,49.332655354168196,8.56721798088921,0,1,7067.026,0.008425285,5,1,false,false,0.31414133,1.0396917,8.01663,0.8100843,3
58.214577,0.14243288,49.33266173805518,8.567227061012797,0,1,7068.9634,0.00610072,5,1,false,false,0.33044255,1.1015064,9.018085,0.81023735,3
58.23238,0.1426471,49.33266803193938,8.567236278001573,0,1,7065.516,0.0023245658,5,1,false,false,0.545532,1.1062562,9.381317,0.8103982,3
58.250175,0.1428614,49.332674416100765,8.567245494990347,0,1,7070.2007,0.00029099188,5,1,false,false,0.086598545,1.1107378,9.324279,0.8105525,3
58.26864,0.14307575,49.33268079998775,8.567254575113935,0,1,7070.4746,-0.0014527128,5,1,false,false,0.28385067,1.1757057,8.840753,0.810659,3
58.28792,0.14329018,49.332687094146344,8.567263792102711,0,1,7061.122,-0.002033573,5,1,false,false,0.45187843,1.1796011,10.000553,0.81072587,3
58.306328,0.1435047,49.33269347803333,8.567272871386633,0,1,7055.664,-0.0014527128,5,1,false,false,0.39405048,1.0964826,11.654236,0.81074756,3
58.322456,0.14371924,49.33269986192031,8.567282089215073,0,1,7062.869,0.00029099197,5,1,false,false,0.601324,0.98016036,9.493348,0.8107551,3
58.338715,0.14393388,49.3327062458073,8.567291306203847,0,1,7069.6074,0.0040671458,5,1,false,false,0.29001123,1.082464,9.250312,0.81077725,3
58.357185,0.14414854,49.3327125399659,8.567300385487771,0,1,7062.3374,0.008425283,5,1,false,false,0.50773704,1.1366174,11.255956,0.8107864,3
58.3742,0.14436331,49.33271892385288,8.567309603316211,0,1,7056.0273,0.010168988,5,1,false,false,0.7590186,0.97992146,11.75754,0.8108126,3
58.38894,0.14457811,49.33272530801427,8.567318820304985,0,1,7068.978,0.01133071,5,1,false,false,0.6634452,0.90310794,10.511159,0.81088203,3
58.404774,0.14479297,49.33273169190125,8.567327899588909,0,1,7077.905,0.01133071,5,1,false,false,0.49910587,1.0945697,10.74519,0.8109974,3
58.423,0.1450079,49.332738075788235,8.567337117417347,0,1,7065.7515,0.009297137,5,1,false,false,0.5527235,1.1701411,10.735334,0.81113476,3
58.440414,0.14522287,49.332744459675226,8.567346334406123,0,1,7058.089,0.0052288687,5,1,false,false,0.8667964,1.0581274,10.222237,0.81127906,3
58.455776,0.14543793,49.33275084383661,8.567355551394899,0,1,7065.718,0.0011617208,5,1,false,false,0.324233,0.9142243,10.478713,0.8114416,3
58.470318,0.14565302,49.3327572277236,8.567364631098654,0,1,7069.7646,-0.0008718524,5,1,false,false,0.5321536,0.94070584,9.573942,0.8115562,3
58.484844,0.14586818,49.33276361161058,8.56737384850726,0,1,7074.7935,-0.0034874098,5,1,false,false,0.56172824,0.9330729,8.855619,0.81162876,3
58.49897,0.1460834,49.33276999577197,8.567383065496037,0,1,7082.5127,-0.0037772781,5,1,false,false,0.2230747,0.90364003,10.695736,0.81167257,3
58.513664,0.14629865,49.33277637965895,8.567392282904644,0,1,7088.3213,-0.0034874093,5,1,false,false,0.47746354,0.92206705,9.230395,0.8116675,3
58.528214,0.14651398,49.332782763545936,8.56740149989342,0,1,7094.4116,-0.0014527123,5,1,false,false,0.39639047,0.95826447,9.570148,0.811641,3
58.544807,0.14672935,49.332789147432926,8.567410579597174,0,1,7099.3384,0.0014527129,5,1,false,false,0.308199,1.0877433,9.242822,0.8116134,3
58.562157,0.14694478,49.33279553159431,8.567419797005781,0,1,7091.544,0.0037761542,5,1,false,false,0.50524604,1.0859197,9.343058,0.81157804,3
58.578762,0.14716028,49.3328019154813,8.567429013994557,0,1,7089.7603,0.0046480065,5,1,false,false,0.45675465,1.0038419,11.242712,0.8115545,3
58.594006,0.14737584,49.33280829936828,8.567438231403164,0,1,7097.278,0.0055198586,5,1,false,false,0.568014,0.9715875,9.285229,0.81155694,3
58.609592,0.14759144,49.33281468352966,8.567447448391938,0,1,7100.305,0.0069736945,5,1,false,false,0.3020048,1.0267458,8.251172,0.81158435,3
58.626583,0.14780712,49.33282115714504,8.567456665800545,0,1,7096.2637,0.009297137,5,1,false,false,0.50111985,1.0534786,9.055239,0.8116016,3
58.642376,0.14802286,49.33282754130643,8.567465883209152,0,1,7093.3467,0.0107498495,5,1,false,false,0.5909531,0.90137315,9.1371975,0.81164455,3
58.655254,0.14823863,49.33283392519341,8.567475100197928,0,1,7106.164,0.01249243,5,1,false,false,0.66909015,0.7765737,9.468624,0.81173164,3
58.66812,0.14845447,49.3328403090804,8.567484317606535,0,1,7124.122,0.013364283,5,1,false,false,0.539804,0.88530236,10.413109,0.8118567,3
58.68445,0.14867036,49.33284678297018,8.56749339731029,0,1,7125.573,0.012783423,5,1,false,false,0.48328796,1.1278818,10.741799,0.81200886,3
58.703827,0.14888631,49.33285316713156,8.567502614299066,0,1,7113.8755,0.011039719,5,1,false,false,0.7177327,1.2420969,9.572302,0.8121973,3
58.723278,0.14910235,49.33285955101855,8.567511831707673,0,1,7102.189,0.009877997,5,1,false,false,0.45482168,1.1869291,10.606948,0.81240755,3
58.73999,0.14931844,49.33286602490833,8.567521048696449,0,1,7096.3467,0.009006145,5,1,false,false,0.84555894,0.9876864,10.272137,0.81260216,3
58.75441,0.14953461,49.33287240879531,8.567530266105056,0,1,7101.865,0.008425285,5,1,false,false,0.8509059,0.8954509,8.9559,0.8127971,3
58.767746,0.14975081,49.332878792682294,8.567539483093832,0,1,7109.9136,0.0090061445,5,1,false,false,0.45934743,0.84051746,10.00043,0.8129906,3
58.7815,0.14996707,49.33288526657208,8.567548700502439,0,1,7114.4956,0.009588129,5,1,false,false,0.8793665,0.867598,9.086706,0.8131674,3
58.79473,0.15018338,49.33289165073346,8.567558055196065,0,1,7121.158,0.009588129,5,1,false,false,0.6467774,0.8498576,10.093512,0.8133467,3
58.80861,0.15039973,49.332898124623235,8.567567272604672,0,1,7132.231,0.009877997,5,1,false,false,0.6933609,0.9237521,10.023097,0.8135335,3
58.823895,0.15061614,49.332904508510225,8.567576489593447,0,1,7134.3174,0.009877997,5,1,false,false,0.6341427,0.9866799,9.877544,0.8137441,3
58.841465,0.15083262,49.3329109824,8.567585707002054,0,1,7128.3174,0.009877997,5,1,false,false,0.7729511,1.1433882,10.706985,0.8139431,3
58.858746,0.15104915,49.332917366286985,8.56759492399083,0,1,7121.9663,0.009006145,5,1,false,false,1.139973,1.0504591,10.445015,0.8141462,3
58.874557,0.15126574,49.33292384017676,8.567604141399437,0,1,7120.74,0.008425285,5,1,false,false,0.861894,1.0087348,10.307582,0.8143692,3
58.889954,0.15148239,49.33293031406654,8.567613358808044,0,1,7122.466,0.008425284,5,1,false,false,1.0872484,0.9767505,10.193817,0.81456864,3
58.90451,0.15169911,49.33293669795353,8.56762257579682,0,1,7120.599,0.008135416,5,1,false,false,0.7668899,0.9142834,11.266651,0.81476223,3
58.91858,0.15191586,49.332943171843304,8.567631793205427,0,1,7125.018,0.008135417,5,1,false,false,1.0327283,0.91473216,10.375142,0.8149432,3
58.93209,0.15213268,49.33294964573308,8.567641010194203,0,1,7131.7495,0.007844425,5,1,false,false,0.88520956,0.9151601,12.025124,0.81511885,3
58.946083,0.15234952,49.33295611962286,8.56765022760281,0,1,7133.426,0.007844424,5,1,false,false,0.7530327,0.9358908,13.862536,0.81528205,3
58.961746,0.15256645,49.33296250350984,8.567659444591584,0,1,7131.2817,0.007844424,5,1,false,false,0.9975577,1.0365617,10.792099,0.8154203,3
58.97729,0.15278342,49.33296897739962,8.567668662000193,0,1,7126.557,0.007844424,5,1,false,false,1.00857,1.0367819,10.457299,0.8155295,3
58.99232,0.15300044,49.3329754512894,8.567677878988967,0,1,7120.9287,0.010749849,5,1,false,false,0.8792352,0.8893833,10.999786,0.81563556,3
59.00378,0.15321751,49.332981925179176,8.567687234102426,0,1,7119.363,0.016269708,5,1,false,false,1.2058605,0.78348416,12.721889,0.81570506,3
59.013832,0.15343463,49.33298839906895,8.567696451091201,0,1,7138.627,0.022080557,5,1,false,false,1.2280729,0.6760715,10.066524,0.81580323,3
59.024433,0.15365177,49.33299487295873,8.567705668499809,0,1,7155.575,0.027600423,5,1,false,false,1.3391466,0.8555481,8.13473,0.81600255,3
59.039284,0.15386897,49.333001346848505,8.567714885488584,0,1,7153.473,0.032830413,5,1,false,false,1.209162,1.0270405,10.222722,0.8163321,3
59.054256,0.15408622,49.33300782073828,8.567724102897191,0,1,7141.268,0.034283116,5,1,false,false,1.0544271,0.92678356,10.361565,0.81673247,3
59.065456,0.15430352,49.33301429462806,8.567733319885967,0,1,7154.5283,0.032830417,5,1,false,false,1.4263514,0.7041659,9.70631,0.81717575,3
59.07838,0.15452085,49.333020768517834,8.567742537294574,0,1,7175.8853,0.028763264,5,1,false,false,1.2269137,1.0233529,11.750421,0.8176955,3
59.095104,0.15473826,49.33302724240761,8.567751754703181,0,1,7159.05,0.024985986,5,1,false,false,1.3183773,1.1874495,11.405894,0.8182529,3
59.112423,0.15495573,49.33303371629739,8.567760971691955,0,1,7140.9688,0.022661416,5,1,false,false,1.6365248,1.131031,13.455683,0.81877834,3
59.126877,0.15517324,49.33304019018717,8.567770189100564,0,1,7146.076,0.020336859,5,1,false,false,1.9205242,0.959834,13.900882,0.8192648,3
59.13973,0.15539081,49.333046664076946,8.567779406089338,0,1,7146.361,0.019175135,5,1,false,false,1.6892396,0.97261727,14.724422,0.81974953,3
59.15303,0.15560842,49.333053227969515,8.567788623497945,0,1,7139.6914,0.019175135,5,1,false,false,1.9504697,0.94428736,13.918861,0.8202018,3
59.165424,0.15582608,49.33305970158489,8.56779784048672,0,1,7134.693,0.020046987,5,1,false,false,1.7165194,0.8285561,12.013775,0.82060176,3
59.176132,0.15604377,49.33306617547467,8.567807057895328,0,1,7138.7334,0.020627841,5,1,false,false,1.7131513,0.80871516,12.574686,0.82094604,3
59.18597,0.15626149,49.33307273936723,8.567816275303935,0,1,7142.984,0.021789568,5,1,false,false,1.6997529,0.7476311,11.731645,0.82125807,3
59.19516,0.15647925,49.333079213257015,8.56782549229271,0,1,7149.827,0.020046983,5,1,false,false,1.4467671,0.72767216,9.9799,0.82157034,3
59.205162,0.15669703,49.33308577714958,8.567834709701318,0,1,7162.2036,0.01859428,5,1,false,false,1.1826243,0.8246123,9.149271,0.8219139,3
59.215744,0.15691487,49.33309225103936,8.567843926690093,0,1,7165.304,0.016560702,5,1,false,false,1.0621014,0.8009488,10.152263,0.8222275,3
59.2263,0.15713274,49.333098814657525,8.5678531440987,0,1,7169.478,0.013654153,5,1,false,false,1.2325903,0.80872464,9.545673,0.8225037,3
59.236496,0.15735064,49.3331052885473,8.567862361087474,0,1,7183.7026,0.012783423,5,1,false,false,1.1320176,0.79280794,9.77937,0.8228029,3
59.24919,0.15756859,49.33311185243987,8.567871578496083,0,1,7187.835,0.013364283,5,1,false,false,1.1689476,1.056766,10.529026,0.8230997,3
59.26434,0.1577866,49.33311832632965,8.567880795484857,0,1,7176.7534,0.013654152,5,1,false,false,1.1717767,1.0966101,8.988014,0.82340014,3
59.278847,0.15800464,49.33312488994782,8.567890012893464,0,1,7167.8433,0.013945144,5,1,false,false,1.2282931,1.0115037,10.159706,0.82370514,3
59.291454,0.15822275,49.33313145384039,8.567899230302071,0.006672227,1,7169.5503,0.013945144,5,1,false,false,1.15603,0.8508759,9.15348,0.8240096,3
59.301113,0.1584409,49.333138017732956,8.567908309585995,0.033718575,1,7174.343,0.012783423,5,1,false,false,1.1046486,0.745801,9.819588,0.82427585,3
59.306664,0.15865907,49.33314449162273,8.567917526994602,0.07148814,1,7177.7456,0.010458859,5,1,false,false,0.9298285,0.30833855,9.330313,0.8245181,3
59.301743,0.15887725,49.3331510552409,8.56792674440321,0.1229596,0.9504317,7171.537,0.008425285,5,1,false,false,1.354046,-0.3221504,10.616316,0.82470655,3
59.28549,0.15909539,49.333157619133466,8.567935961391985,0.1902776,0.8372381,7159.411,0.0072635636,5,1,false,false,1.0495087,-1.0695136,10.04889,0.8249115,3
59.25141,0.15931344,49.333164183026035,8.567945178800592,0.28059098,0.68631333,7112.929,0.008425284,5,1,false,false,0.89293605,-2.3005304,8.863641,0.8251146,3
59.188427,0.15953131,49.33317065691581,8.567954395789368,0.37447867,0.5415537,7054.4155,0.010168988,5,1,false,false,0.99822116,-4.5022945,8.987952,0.82527685,3
59.083393,0.15974888,49.33317722053398,8.567963475493123,0.47217926,0.4029593,7001.8467,0.010458858,5,1,false,false,0.9458759,-7.1988177,10.341249,0.82535803,3
58.93646,0.15996598,49.33318378442655,8.56797269290173,0.5697605,0.28360045,6953.8496,0.0107498495,5,1,false,false,0.9431629,-9.442536,9.832792,0.82538885,3
58.757538,0.16018248,49.33319025831633,8.567981772605485,0.6612653,0.18717632,6888.442,0.01133071,5,1,false,false,0.61112463,-11.390631,9.573294,0.8254645,3
58.540226,0.16039824,49.333196732206105,8.567990851889409,0.7421661,0.11344018,6806.543,0.01133071,5,1,false,false,0.46889,-13.970389,11.076544,0.82550895,3
58.285027,0.16061315,49.33320320609588,8.567999931593164,0.826522,0.04660912,6726.9985,0.009297137,5,1,false,false,1.0737425,-15.853487,11.300201,0.82547474,3
58.00817,0.16082706,49.333209589982864,8.568008873592067,0.8716787,0.015043158,6622.713,0.0072635645,5,1,false,false,0.44620478,-16.838236,9.14753,0.82557815,3
57.706776,0.1610399,49.333215973869855,8.568017816010803,0.9115929,0,6513.035,0.0069736955,5,1,false,false,0.37612185,-18.626118,10.907878,0.8256971,3
57.384266,0.16125159,49.333222358031236,8.568026758009706,0.93923515,0,6421.8804,0.0069736955,5,1,false,false,1.2071383,-19.696203,11.065019,0.8257451,3
57.04551,0.16146207,49.333228651915434,8.568035562303757,0.96151567,0,6558.695,0.007263564,5,1,false,false,0.20066208,-20.240585,10.257681,0.8258755,3
56.701294,0.16167128,49.33323494607403,8.56804436701764,0.9804598,0,6491.1387,0.009877997,5,1,false,false,0.709159,-20.468887,10.312712,0.8259942,3
56.348515,0.1618792,49.33324123995822,8.568053171311693,0.99261284,0,6384.152,0.010168989,5,1,false,false,0.7319846,-21.585955,12.386666,0.8260116,3
55.98622,0.16208579,49.33324744411402,8.568061838320723,0.9997618,0,6279.372,0.008135417,5,1,false,false,0.48595086,-21.6626,12.547613,0.825994,3
55.62733,0.16229102,49.333253648269825,8.568070505329755,0.9999999,0,6177.4487,0.0046480056,5,1,false,false,0.5290041,-21.407658,11.767683,0.8260671,3
55.259323,0.16249494,49.33325976242284,8.568079034633934,1,0,6160.153,0.0014527132,5,1,false,false,1.5740876,-21.369518,9.66626,0.82622707,3
54.89117,0.16269752,49.33326578684746,8.568087563938114,0.9970213,0,6288.6436,0.0014527128,5,1,false,false,0.51629317,-22.77724,10.758398,0.82665735,3
54.517323,0.1628987,49.33327190100047,8.568096093662126,0.9886811,0,6220.3745,0.012492433,5,1,false,false,0.5131594,-22.178732,12.211366,0.827056,3
54.161465,0.16309854,49.333277925425094,8.568104485261454,0.979745,0,6123.0864,0.01714156,5,1,false,false,1.5960493,-19.871841,10.581129,0.827304,3
53.829628,0.16329712,49.33328385984692,8.568112739575762,0.9693792,0,6041.2905,0.01626971,5,1,false,false,0.6602262,-20.108553,9.77994,0.8277504,3
53.48685,0.16349447,49.33328979426875,8.568121131175088,0.9592519,0,5948.0083,0.009877998,5,1,false,false,0.38653994,-20.516087,8.646415,0.8282426,3
53.14959,0.16369055,49.33329572841618,8.568129385489396,0.94721794,0,5935.8174,-0.00348741,5,1,false,false,0.41269344,-20.19336,8.788543,0.8286533,3
52.808044,0.1638854,49.333301573109615,8.568137502098851,0.93709064,0,5911.984,-0.019466126,5,1,false,false,0.03887877,-19.859488,8.179326,0.8289203,3
52.483013,0.16407901,49.33330741752865,8.568145618708309,0.9281544,0,5827.4062,-0.03370226,5,1,false,false,0.1784313,-19.136326,10.744293,0.82893425,3
52.161434,0.16427143,49.3333131719449,8.568153735737596,0.91933745,0,5736.1113,-0.050843813,5,1,false,false,0.07503542,-19.603241,11.280151,0.8288398,3
51.819077,0.16446264,49.33331892663555,8.5681617146422,0.913142,0.77,5977.8164,-0.061012816,0,1,false,false,-0.3538404,-20.271776,8.641619,0.82869405,3
51.500763,0.16465263,49.33332468105179,8.568169693546803,0.90825677,0.77,6402.6797,-0.06507994,0,1,false,false,0.020862654,-18.773972,6.2559075,0.8283129,3
51.18192,0.16484144,49.33333034573965,8.56817767287124,0.9037293,0,6407.0044,-0.06130269,4,1,false,false,-0.13862987,-18.688595,5.980713,0.8278374,3
50.853157,0.1650291,49.3333360104275,8.568185651775844,0.89932084,0,6750.011,-0.052296538,4,1,false,false,0.1310208,-20.076603,7.7712307,0.82727367,3
50.537716,0.16521554,49.333341585112564,8.568193493395427,0.89491236,0,6910.2915,-0.044741984,4,1,false,false,-0.6957917,-17.486246,10.646474,0.8267128,3
50.26055,0.16540089,49.33334715979763,8.56820119731016,0.89169556,0,6649.534,-0.0377694,4,1,false,false,-1.1150935,-15.987261,9.213852,0.82577074,3
49.964375,0.16558522,49.3333526447543,8.568209038929743,0.8882401,0,5910.105,-0.03602682,4,1,false,false,0.09380522,-19.291761,12.7173,0.82433015,3
49.61716,0.16576836,49.33335821943937,8.568216742844475,0.88430846,0,5770.04,-0.033993267,4,1,false,false,0.29201037,-21.403042,9.952784,0.82296443,3
49.24118,0.16595015,49.33336361439325,8.568224309054354,0.8810915,0,6214.9546,-0.027891409,4,1,false,false,-1.0496818,-23.058615,6.918045,0.8218591,3
48.848812,0.16613054,49.33336909907552,8.568232012969087,0.8771596,0,6617.577,-0.012493553,4,1,false,false,-1.1375769,-25.04367,10.099386,0.8207058,3
48.43783,0.16630945,49.33337440402661,8.568239441893947,0.8731087,0,6509.839,-0.0023245644,4,1,false,false,-1.3950953,-23.206192,12.365789,0.8194458,3
48.087757,0.16648692,49.33337979898049,8.56824700852366,0.8709639,0,6495.078,0.0040671467,4,1,false,false,-0.33554375,-19.962341,12.2596035,0.81822646,3
47.768955,0.1666632,49.33338501420319,8.568254437028688,0.867747,0,6552.9297,0.009006145,4,1,false,false,-0.52137554,-18.155697,11.324173,0.8173746,3
47.47219,0.16683833,49.333390319154276,8.568261728248697,0.86548316,0,6441.855,0.016269708,4,1,false,false,-0.8305958,-17.674915,9.978527,0.81673735,3
47.172565,0.16701238,49.33339553410258,8.568269157173557,0.8638152,0,6336.3936,0.01946613,4,1,false,false,-0.89334965,-18.083765,9.234245,0.81621367,3
46.86795,0.1671853,49.33340074932527,8.568276448393565,0.862862,0,6232.6104,0.018013418,4,1,false,false,-1.2913804,-18.201208,9.04286,0.8157457,3
46.565575,0.16735713,49.33340587427078,8.568283739613573,0.86286193,0,6131.501,0.013073292,4,1,false,false,-0.89577734,-17.808483,8.826566,0.81521493,3
46.27036,0.16752785,49.33341099949069,8.56829089312873,0.86286193,0,6057.43,0.0026144325,4,1,false,false,-0.71401906,-17.466972,8.588648,0.8147631,3
45.969162,0.16769749,49.3334160347078,8.568298047063717,0.86286193,0,6188.4116,-0.008716278,4,1,false,false,-1.1013227,-17.949017,8.303434,0.81444645,3
45.67005,0.16786602,49.33342106992492,8.568305200578873,0.863815,0,6127.8374,-0.018594272,4,1,false,false,-1.2638932,-17.491728,8.299583,0.8140644,3
45.377087,0.16803347,49.33342610514203,8.56831235451386,0.8642918,0,6029.6196,-0.029924987,4,1,false,false,-1.079664,-17.430544,9.177506,0.81357414,3
45.07931,0.16819982,49.33343105063076,8.568319370324167,0.8654833,0,5933.425,-0.041256826,4,1,false,false,-1.5351768,-17.91687,9.638537,0.81305736,3
44.77353,0.16836509,49.33343599584508,8.568326386554302,0.86548316,0,5838.7837,-0.04968097,4,1,false,false,-1.9915841,-18.373152,10.392446,0.8123794,3
44.46399,0.16852921,49.333440941333805,8.568333265079586,0.86286175,0.77,6076.7163,-0.056072682,0,1,false,false,-1.8146625,-18.532833,10.029008,0.8114175,3
44.14898,0.16869217,49.33344579654534,8.568340281309723,0.85988325,0.77,6495.8384,-0.058687128,0,1,false,false,-2.270249,-18.918722,9.758115,0.8102743,3
43.83083,0.16885398,49.33345056202848,8.568347159835007,0.853211,0.77,6887.73,-0.055201955,0,1,false,false,-2.3183515,-18.974482,11.270263,0.8089475,3
43.515842,0.16901465,49.33345532751162,8.56835390065544,0.84558564,0,6953.976,-0.049100116,3,1,false,false,-2.0757406,-18.837893,12.078012,0.80745953,3
43.196465,0.16917413,49.33346009299476,8.568360779180724,0.8327178,0,7027.2207,-0.039511982,3,1,false,false,-2.156434,-19.654634,11.16914,0.80598956,3
42.859917,0.16933241,49.3334648587523,8.568367520001157,0.821637,0,7291.663,-0.027019557,3,1,false,false,-2.193219,-19.890959,10.881453,0.8045977,3
42.53482,0.16948946,49.33346944422986,8.56837412353657,0.8043608,0,7230.322,-0.013655273,3,1,false,false,-2.0153368,-18.634792,10.5600605,0.8031276,3
42.235508,0.16964537,49.333474119984615,8.568380864357001,0.78505886,0,7104.5215,-0.002033571,3,1,false,false,-1.7963684,-17.658178,10.10785,0.8016212,3
41.94728,0.1698002,49.33347870546217,8.568387467892414,0.7638509,0,6982.455,0.009006146,3,1,false,false,-2.1454191,-16.654432,10.494925,0.8002888,3
41.67397,0.16995402,49.33348329121413,8.568394071007996,0.73990226,0,6978.002,0.01772242,3,1,false,false,-1.7589535,-16.333708,8.3414755,0.7991293,3
41.393368,0.1701068,49.333487786963296,8.568400536838556,0.7163111,0,7048.4805,0.02266142,3,1,false,false,-1.4859445,-16.495142,8.921866,0.7981784,3
41.123665,0.17025857,49.33349228271246,8.568407002669117,0.68962216,0,6995.047,0.023533272,3,1,false,false,-1.6671189,-15.62966,9.665818,0.79742324,3
40.862186,0.17040938,49.333496688458844,8.568413468499678,0.670678,0,6878.0645,0.020627849,3,1,false,false,-1.9161607,-15.445859,10.08878,0.7967452,3
40.619076,0.17055924,49.33350118420801,8.568419934330237,0.6541166,0,6836.1577,0.015398981,3,1,false,false,-1.7155138,-14.000322,8.643758,0.7960588,3
40.382305,0.17070824,49.33350559022878,8.568426400160797,0.6418445,0,6811.8735,0.008135418,3,1,false,false,-1.38326,-14.123428,8.266033,0.79541564,3
40.143524,0.17085636,49.33350990597237,8.56843272870634,0.63409996,0,6764.405,0.00029099174,3,1,false,false,-1.845199,-14.220535,8.182966,0.7949484,3
39.89895,0.17100388,49.333514221990356,8.568439056832048,0.6285001,0,6741.8584,-0.009587005,3,1,false,false,-2.228668,-14.849637,9.509298,0.7945452,3
39.647743,0.1711505,49.33351853773394,8.568445384957757,0.62623614,0,6756.999,-0.02527698,3,1,false,false,-2.5984962,-14.955726,10.846022,0.7940757,3
39.40507,0.17129621,49.33352285375192,8.568451575798445,0.62528306,0,6746.365,-0.046485692,3,1,false,false,-2.6610315,-14.221185,10.814011,0.79340416,3
39.170654,0.17144105,49.333527079767116,8.568457903924154,0.6240914,0,6677.299,-0.075538814,3,1,false,false,-3.2251573,-13.706928,10.23492,0.79253685,3
38.943443,0.17158492,49.33353130578231,8.568464094764842,0.621351,0,6614.9644,-0.1045908,3,1,false,false,-3.4033046,-13.586932,9.5137615,0.7914079,3
38.709183,0.17172775,49.3335355317975,8.568470285185699,0.6208744,0,6597.3833,-0.13073741,3,1,false,false,-3.60286,-14.140768,9.573849,0.7900123,3
38.466633,0.1718697,49.33353966780991,8.568476338321537,0.61789584,0,6610.24,-0.1565941,3,1,false,false,-3.8465745,-14.463608,10.020815,0.7883868,3
38.227577,0.17201073,49.333543804096706,8.568482529162225,0.61694276,0,6613.302,-0.17925441,3,1,false,false,-4.0926332,-13.944472,9.721215,0.78655744,3
37.995987,0.17215091,49.33354785010632,8.568488582298063,0.615632,0,6580.125,-0.19930026,3,1,false,false,-4.4448605,-13.461348,10.381639,0.78449345,3
37.772526,0.17228991,49.333551896390325,8.56849477271892,0.61420226,0,6518.3076,-0.21876419,3,1,false,false,-4.9837475,-13.108764,10.45421,0.78210545,3
37.552357,0.17242795,49.33355594239994,8.568500825854755,0.61193854,0,6449.914,-0.23677644,3,1,false,false,-5.45714,-13.056047,10.008413,0.7792878,3
37.334892,0.17256518,49.33355989868116,8.56850674128574,0.60848314,0,6393.579,-0.24897791,3,1,false,false,-5.2616816,-12.630635,9.22933,0.77597094,3
37.12044,0.17270161,49.33356385496238,8.568512794421578,0.6031217,0,6340.7812,-0.25943673,3,1,false,false,-5.46762,-12.70961,8.996386,0.77222985,3
36.902645,0.17283726,49.3335678112436,8.568518847557414,0.59513867,0,6288.3423,-0.26669914,3,1,false,false,-5.6713705,-12.839511,8.931112,0.76811147,3
36.683884,0.17297184,49.33357167752202,8.5685247629884,0.5858455,0,6256.3857,-0.272219,3,1,false,false,-6.19176,-12.9981365,9.032318,0.7637065,3
36.460773,0.1731056,49.333575544074854,8.568530816124236,0.5764326,0,6240.425,-0.27715683,3,1,false,false,-7.0438285,-13.387756,10.290722,0.759046,3
36.23972,0.17323852,49.33357932035049,8.568536731975053,0.5663054,0,6215.876,-0.281515,3,1,false,false,-7.5292063,-12.848505,9.9664135,0.7540488,3
36.030167,0.17337066,49.33358318662892,8.568542647406037,0.55867994,0,6171.107,-0.2832576,3,1,false,false,-7.7538004,-12.115341,9.279138,0.7487312,3
35.83072,0.17350204,49.333586873176166,8.568548562837023,0.54974383,0,6121.639,-0.28122413,3,1,false,false,-7.537574,-11.451296,8.774023,0.74317056,3
35.633278,0.17363262,49.3335906497262,8.568554478268007,0.54235667,0,6069.7617,-0.27773774,3,1,false,false,-8.214652,-11.388465,8.45595,0.73745686,3
35.431282,0.17376244,49.33359424627066,8.568560394118824,0.53651845,0,6025.994,-0.2742527,3,1,false,false,-8.780385,-11.850499,8.777364,0.7316022,3
35.228714,0.17389156,49.3335979328179,8.568566171844958,0.53032297,0,6011.887,-0.27279994,3,1,false,false,-8.831006,-11.884895,9.506795,0.7256992,3
35.027313,0.17401993,49.333601529362355,8.568572087275943,0.5231739,0,5994.766,-0.2727999,3,1,false,false,-9.428052,-11.70667,10.0655985,0.7196954,3
34.83414,0.17414758,49.33360512590681,8.568577865421908,0.5148338,0,5940.6123,-0.2727999,3,1,false,false,-9.208343,-11.184993,9.372429,0.71336997,3
34.6464,0.17427456,49.33360863272287,8.568583780852892,0.5047065,0,5879.338,-0.27134722,3,1,false,false,-9.924461,-10.669912,9.323083,0.70682615,3
34.461433,0.17440088,49.33361213926453,8.568589696283878,0.48814493,0,5834.398,-0.2690237,3,1,false,false,-10.274958,-10.634699,9.155802,0.70011795,3
34.27346,0.17452654,49.3336155560778,8.568595474429843,0.47039205,0,5799.922,-0.26611838,3,1,false,false,-10.645411,-10.961563,9.53987,0.6932272,3
34.083115,0.17465153,49.333618972891074,8.568601252575807,0.44989866,0,5779.933,-0.26495656,3,1,false,false,-11.475119,-10.895283,9.714894,0.68625903,3
33.901543,0.17477585,49.333622389704345,8.568607168006793,0.42654598,0,5773.1045,-0.2678609,3,1,false,false,-10.843469,-10.212501,8.777475,0.67917687,3
33.731197,0.1748996,49.333625716514824,8.568612945732925,0.40772074,0,5758.4717,-0.27279994,3,1,false,false,-11.046481,-9.372623,8.471674,0.6721241,3
33.568363,0.17502283,49.3336290433253,8.568618861583742,0.3855594,0,5734.344,-0.27599514,3,1,false,false,-11.704248,-9.147788,9.043204,0.6652506,3
33.407627,0.17514549,49.33363228040739,8.568624639309876,0.35946614,0,5709.5356,-0.27773774,3,1,false,false,-11.668954,-8.955205,8.804565,0.6584273,3
33.250263,0.17526759,49.333635517215086,8.56863041745584,0.34123668,0,5693.5063,-0.27802873,3,1,false,false,-12.300609,-8.949871,9.640425,0.65163714,3
33.096153,0.17538916,49.33363875429717,8.568636332886825,0.32610515,0,5679.7583,-0.2765761,3,1,false,false,-12.377336,-8.3626175,8.873767,0.644774,3
32.95638,0.17551021,49.33364190110207,8.56864211103279,0.3138329,0,5650.8076,-0.27396163,3,1,false,false,-12.393561,-7.5041056,8.914539,0.6377479,3
32.82207,0.17563097,49.33364495845297,8.568648026463775,0.30620763,0,5603.3584,-0.27018544,3,1,false,false,-12.524315,-7.503002,9.2335825,0.63051283,3
32.68891,0.17575128,49.33364810525787,8.568653804189909,0.2995353,0,5570.7344,-0.2649566,3,1,false,false,-12.31012,-7.429457,8.772869,0.62308645,3
32.55357,0.17587112,49.33365107260599,8.568659720040724,0.2933398,0,5566.5464,-0.2594368,3,1,false,false,-12.156399,-7.5464993,8.178771,0.6155563,3
32.416965,0.17599049,49.33365412968249,8.568665497766858,0.28666744,0,5574.354,-0.25217438,3,1,false,false,-12.09973,-7.2838106,7.866878,0.6081434,3
32.290073,0.17610945,49.333657096756205,8.568671413197842,0.282259,0,5573.7783,-0.24432993,3,1,false,false,-12.041426,-6.8514695,8.483406,0.6010218,3
32.16588,0.17622809,49.33366006410432,8.568677191343808,0.277374,0,5551.4966,-0.23474286,3,1,false,false,-12.472867,-6.906634,9.025522,0.59427524,3
32.038082,0.17634638,49.333662941449646,8.568683106774794,0.271655,0,5524.5205,-0.22748044,3,1,false,false,-13.135713,-7.2177405,9.375053,0.58771455,3
31.907799,0.17646424,49.333665818520565,8.568689022205778,0.26796138,0,5506.49,-0.22864327,3,1,false,false,-13.364875,-7.022785,9.066576,0.5811223,3
31.781857,0.17658167,49.333668605863096,8.568694938056595,0.262838,0,5492.782,-0.23822914,3,1,false,false,-13.122253,-6.757274,9.157489,0.5744432,3
31.661615,0.1766987,49.333671393205634,8.568700715782727,0.2590254,0,5468.4253,-0.25246528,3,1,false,false,-13.261331,-6.593823,9.412501,0.56760174,3
31.542862,0.17681535,49.33367418082256,8.568706631213713,0.2561658,0,5432.611,-0.27134717,3,1,false,false,-13.552343,-6.432087,9.194167,0.560468,3
31.42143,0.17693172,49.3336768781623,8.56871254706453,0.2516383,0,5405.725,-0.29923642,3,1,false,false,-14.038451,-6.642254,9.255731,0.5530474,3
31.2993,0.1770477,49.333679575502046,8.568718462495514,0.24722978,0,5403.74,-0.32567167,3,1,false,false,-14.247989,-6.6342063,9.039559,0.54552877,3
31.180819,0.17716327,49.333682183113396,8.568724377926499,0.24353625,0,5407.148,-0.35646397,3,1,false,false,-14.205829,-6.2922587,8.954158,0.5381404,3
31.065292,0.17727846,49.33368479072474,8.568730293357484,0.23686403,0,5389.3,-0.3913247,3,1,false,false,-14.784305,-6.198233,9.456793,0.53088385,3
30.951359,0.1773933,49.333687308333296,8.568736209208302,0.22900036,0,5358.6235,-0.4195025,3,1,false,false,-15.076357,-6.059846,9.422685,0.52363676,3
30.841644,0.17750783,49.33368982594186,8.568742262344138,0.21696654,0,5339.724,-0.45029485,3,1,false,false,-14.970815,-5.899584,8.727688,0.516415,3
30.735407,0.1776222,49.33369234355042,8.568748177775124,0.20457526,0,5332.223,-0.47759977,3,1,false,false,-14.385612,-5.6214914,8.318054,0.5092586,3
30.632206,0.17773622,49.33369477115618,8.568754093206108,0.18729895,0,5320.445,-0.5049058,3,1,false,false,-14.615299,-5.577404,8.884918,0.50210536,3
30.527542,0.17784993,49.33369710903356,8.568760146341944,0.16513763,0,5299.4663,-0.53046834,3,1,false,false,-15.588428,-5.679843,9.871559,0.4946236,3
30.42331,0.1779633,49.33369953663932,8.56876606177293,0.15179318,0,5285.3667,-0.55341613,3,1,false,false,-16.535265,-5.5578995,10.192602,0.4865406,3
30.325367,0.17807639,49.333701784513906,8.568772114908766,0.13034675,0,5283.6323,-0.57781565,3,1,false,false,-16.668177,-5.073689,10.32986,0.47781348,3
30.234598,0.17818926,49.33370412239128,8.568778168044604,0.114857614,0,5277.646,-0.5935012,3,1,false,false,-16.157135,-4.4546247,9.025325,0.4684586,3
30.154945,0.17830203,49.33370628026307,8.568784083475588,0.10079829,0,5262.567,-0.59873,3,1,false,false,-15.87249,-4.0620813,8.817562,0.458606,3
30.076588,0.17841455,49.333708528137656,8.568790136611426,0.08924105,0,5250.7466,-0.59117764,3,1,false,false,-16.253609,-4.0459423,9.068214,0.44849643,3
29.997288,0.17852685,49.33371068628385,8.568796189747262,0.08209223,0,5258.3257,-0.57345974,3,1,false,false,-16.659513,-4.056078,9.406971,0.4384054,3
29.918919,0.17863892,49.33371275415285,8.568802242883098,0.074943416,0,5275.9033,-0.55196345,3,1,false,false,-16.6629,-3.8705623,9.719833,0.428558,3
29.845016,0.17875081,49.33371482229625,8.568808433723788,0.068747774,0,5280.87,-0.52611125,3,1,false,false,-17.041964,-3.5566874,9.892203,0.4190587,3
29.778173,0.17886208,49.33371680043686,8.568814486859624,0.064815916,0,5269.666,-0.5089719,3,1,false,false,-16.119816,-3.0667484,9.294819,0.40980145,3
29.717062,0.17897247,49.33371877857747,8.56882053957563,0.061598964,0,5250.679,-0.49909607,3,1,false,false,-15.949282,-2.9693027,9.096356,0.40073088,3
29.655727,0.17908268,49.33372075671808,8.568826730416319,0.05862027,0,5234.9277,-0.5022915,3,1,false,false,-15.719219,-3.056334,8.825782,0.39178744,3
29.59308,0.1791927,49.3337226448559,8.568832921257007,0.05647563,0,5223.957,-0.52088237,3,1,false,false,-15.899702,-3.1207623,9.046506,0.38289064,3
29.529932,0.17930259,49.33372453299372,8.568838974392843,0.05325866,0,5214.04,-0.5577731,3,1,false,false,-16.029682,-3.1185734,9.21024,0.3739421,3
29.467987,0.17941234,49.33372633140314,8.5688451648137,0.050518297,0,5203.306,-0.60773516,3,1,false,false,-16.263872,-3.020277,9.16687,0.36490953,3
29.408669,0.17952183,49.33372812981257,8.56885135565439,0.04658644,0,5191.456,-0.6617619,3,1,false,false,-16.555098,-2.8635664,9.068258,0.35573798,3
29.350111,0.17963088,49.33372983794481,8.568857546075247,0.04217801,0,5177.2847,-0.7198545,3,1,false,false,-16.19868,-2.7441597,8.960461,0.34629473,3
29.29289,0.17973977,49.333731546351444,8.568863736915935,0.03991422,0,5164.806,-0.77010524,3,1,false,false,-16.832716,-2.8396997,9.134879,0.3366012,3
29.234097,0.17984848,49.333733165029685,8.568869927756623,0.039914213,0,5154.6675,-0.8043781,3,1,false,false,-17.399738,-2.8409853,9.270411,0.32666978,3
29.175385,0.17995703,49.33373478343353,8.56887611817748,0.042177998,0,5148.235,-0.8212242,3,1,false,false,-17.59094,-2.8286014,9.160985,0.31654325,3
29.117044,0.18006547,49.33373640183738,8.568882446303189,0.04539498,0,5141.301,-0.8154146,3,1,false,false,-17.412992,-2.8096058,9.297074,0.30629703,3
29.058687,0.18017387,49.333737930512825,8.568888637143878,0.04753962,0,5132.3667,-0.79159796,3,1,false,false,-17.329895,-2.6955967,9.3521185,0.29599625,3
28.998882,0.18028226,49.33373936918549,8.568894965269587,0.04932682,0,5124.175,-0.7613911,3,1,false,false,-18.557549,-3.0145354,10.216469,0.2855961,3
28.93611,0.18039045,49.33374080758375,8.568901156110275,0.050518297,0,5117.268,-0.73466814,3,1,false,false,-18.820515,-3.1263993,10.327432,0.2748863,3
28.87193,0.18049844,49.33374215652802,8.568907484235984,0.049326807,0,5111.7603,-0.7137562,3,1,false,false,-18.873682,-3.1922402,10.585387,0.2638111,3
28.805178,0.18060626,49.333743505197894,8.568913812361693,0.04658645,0,5103.429,-0.704751,3,1,false,false,-18.93007,-3.1253104,10.061136,0.25241613,3
28.743427,0.18071392,49.33374485386776,8.568920003202381,0.043131176,0,5091.7515,-0.7117226,3,1,false,false,-18.08643,-2.8057244,9.535332,0.24081768,3
28.685339,0.1808216,49.33374611280924,8.56892633132809,0.038246162,0,5073.7153,-0.7332156,3,1,false,false,-18.410103,-2.6765924,9.664797,0.22926384,3
28.625874,0.18092977,49.33374728147353,8.568932659873632,0.035505787,0,5051.641,-0.7750418,3,1,false,false,-18.734587,-2.6908529,9.805404,0.21781771,3
28.565891,0.1810377,49.333748450412216,8.56893898799934,0.035982363,0,5034.6123,-0.8299371,3,1,false,false,-19.495876,-2.8957152,10.47452,0.20641977,3
28.499035,0.18114541,49.33374952934811,8.568945316125049,0.039914217,0,5023.7383,-0.898773,3,1,false,false,-20.94024,-3.2099733,11.262479,0.19482408,3
28.431482,0.18125294,49.33375060855841,8.568951644250758,0.04658643,0,5023.2666,-0.96528435,3,1,false,false,-20.32793,-3.0661082,10.513459,0.18293868,3
28.365374,0.1813603,49.33375159749151,8.568957972796298,0.0520672,0,5018.1323,-1.0137856,3,1,false,false,-19.975964,-3.007955,10.384807,0.17083125,3
28.302092,0.18146756,49.33375249669623,8.568964300922007,0.055999048,0,4997.902,-1.0468948,3,1,false,false,-19.493212,-2.8451288,9.389839,0.15862255,3
28.2404,0.18157579,49.33375339590094,8.568970629047715,0.05862028,0,4970.0054,-1.0741953,3,1,false,false,-18.8596,-2.8389213,9.002728,0.14636157,3
28.175974,0.18168375,49.33375429483125,8.568976957593256,0.058620278,0,4947.8022,-1.0988815,3,1,false,false,-18.90155,-3.0886872,9.294047,0.13416342,3
28.10669,0.1817915,49.333755014304785,8.568983285718964,0.055999044,0,4939.89,-1.1255995,3,1,false,false,-19.745508,-3.3807049,9.738564,0.12219733,3
28.032782,0.18189898,49.333755823506706,8.568989613844673,0.04658644,0,4939.8677,-1.1537707,3,1,false,false,-20.07399,-3.5623345,10.212065,0.11032496,3
27.957857,0.18200628,49.333756542705835,8.568995941970382,0.035505787,0,4937.6035,-1.1790365,3,1,false,false,-20.497581,-3.4244294,10.678217,0.09826994,3
27.886358,0.18211342,49.333757172176576,8.569002270515924,0.022637913,0,4929.2,-1.1964614,3,1,false,false,-20.749958,-3.2012172,10.579809,0.08583252,3
27.82107,0.18222152,49.33375771164452,8.569008598641632,0.010604073,0,4919.0356,-1.2069168,3,1,false,false,-20.046162,-2.7773533,9.916837,0.07301081,3
27.758963,0.18232949,49.33375825111247,8.569014926767341,2.3283064e-10,0,4911.2637,-1.2118521,3,1,false,false,-20.077196,-2.7063766,9.864468,0.059896436,3
27.695444,0.1824372,49.33375879058042,8.569021255312881,0,0,4904.9717,-1.2217271,3,1,false,false,-21.03853,-2.840099,10.429571,0.04650956,3
27.626654,0.18254466,49.33375924031998,8.56902758343859,0,0,4899.0054,-1.2371192,3,1,false,false,-22.41236,-3.063491,11.585825,0.03267717,3
27.55596,0.18265192,49.333759600056744,8.569033773859447,0,0,4892.6167,-1.2481534,3,1,false,false,-22.629627,-2.9699135,11.198418,0.018265227,3
27.488047,0.18275905,49.33375995951911,8.569040102404987,0,0,4883.774,-1.2481533,3,1,false,false,-22.110043,-2.7590528,10.783408,0.0035365643,3
27.423613,0.18286681,49.33376022925308,8.569046430530696,0,0,4870.6265,-1.2417647,3,1,false,false,-21.442108,-2.5436707,10.401999,-0.011214606,3
27.360844,0.1829746,49.333760409258666,8.569052621371386,0,0,4852.165,-1.234214,3,1,false,false,-21.609745,-2.5172007,10.407518,-0.025938502,3
27.295355,0.18308207,49.33376058898985,8.569058949497094,0,0,4834.2354,-1.2281154,3,1,false,false,-22.486542,-2.6136663,11.236359,-0.040648468,3
27.229387,0.18318924,49.33376067899264,8.569065139917951,0,0,4822.124,-1.2240505,3,1,false,false,-22.224615,-2.5928981,10.750052,-0.05528822,3
27.164381,0.1832962,49.33376076872103,8.569071468463491,0,0,4812.957,-1.2185329,3,1,false,false,-21.30086,-2.4729338,10.140694,-0.06958143,3
27.102543,0.18340297,49.33376076872103,8.569077658884348,0,0,4802.251,-1.2162082,3,1,false,false,-20.37883,-2.3267076,9.838231,-0.08341392,3
27.043056,0.18351002,49.33376067899264,8.569083849725036,0,0,4786.3076,-1.2194033,3,1,false,false,-20.113415,-2.304015,9.783426,-0.09697087,3
26.979546,0.18361697,49.33376058898985,8.569090040565726,0,0,4769.388,-1.2272441,3,1,false,false,-22.647676,-2.4969492,11.459892,-0.11050872,3
26.916098,0.1837235,49.333760409258666,8.569096230986583,0,0.77,5041.25,-1.2347947,0,1,false,false,-23.775965,-2.0554657,12.392815,-0.12465345,3
26.859362,0.18382968,49.33376022925308,8.56910242182727,0,0.4644444,5492.117,-1.2272444,0,1,false,false,-21.631348,-1.7798278,10.983238,-0.13927911,3
26.808033,0.18393561,49.33375995951911,8.569108474963107,0,0,5453.8115,-1.2048829,2,1,false,false,-20.401346,-1.6530945,9.604146,-0.15375815,3
26.732008,0.1840413,49.333759600056744,8.569114665383964,0,0,5591.883,-1.1938467,2,1,false,false,-19.965424,-4.602151,8.7492285,-0.16765974,3
26.620098,0.18414617,49.33375924031998,8.569120718519802,0,0,5815.2646,-1.1961714,2,1,false,false,-17.940758,-5.298161,9.052533,-0.18093146,3
26.53001,0.1842492,49.33375888058321,8.569126771655638,0,0,5869.2397,-1.201688,2,1,false,false,-17.83578,-3.2180843,8.275246,-0.19355877,3
26.46617,0.18435176,49.333758431118056,8.569132824791476,0,0,5779.5244,-1.2118523,2,1,false,false,-20.5252,-2.1417794,10.216888,-0.20607565,3
26.407335,0.18445389,49.33375789165011,8.569138877927312,0,0,5687.6475,-1.2307293,2,1,false,false,-18.45247,-1.7871954,9.92612,-0.21938914,3
26.35365,0.18455566,49.33375735218216,8.569144793358298,0,0,5622.139,-1.2350856,2,1,false,false,-18.658035,-2.3064,8.496853,-0.23308036,3
26.272427,0.18465711,49.33375681243981,8.569150708789282,0,0,5649.002,-1.2336329,2,1,false,false,-21.287352,-3.545214,10.776231,-0.24674639,3
26.185938,0.18475816,49.33375609324068,8.569156761925118,0,0,5713.607,-1.2452501,2,1,false,false,-18.685642,-3.6702871,9.404676,-0.2599231,3
26.110226,0.1848578,49.33375546376994,8.569162540071083,0,0,5740.049,-1.2472836,2,1,false,false,-17.93988,-2.666697,9.191775,-0.27214098,3
26.044376,0.18495668,49.33375474457081,8.56916845550207,0,0,5694.0205,-1.2597706,2,1,false,false,-19.943329,-2.3307014,9.947339,-0.28377748,3
25.978935,0.18505508,49.33375393536889,8.569174370933053,0,0,5632.2173,-1.2835835,2,1,false,false,-20.651035,-2.5660956,10.307332,-0.295184,3
25.905558,0.18515307,49.33375312616697,8.569180149079019,0,0,5619.9365,-1.3030398,2,1,false,false,-22.74888,-2.844813,12.146409,-0.30648643,3
25.820305,0.18525064,49.333752226962254,8.569185927224984,0,0,5636.6084,-1.3274333,2,1,false,false,-22.623955,-3.5401382,12.281335,-0.31859553,3
25.740557,0.18534784,49.33375132775754,8.569191704951116,0,0,5652.86,-1.3297566,2,1,false,false,-19.774683,-2.9012601,10.269305,-0.33117455,3
25.673494,0.18544468,49.333750428552825,8.56919734539223,0,0,5633.51,-1.3175602,2,1,false,false,-19.161379,-2.547194,9.317076,-0.34418994,3
25.601326,0.18554051,49.33374934961693,8.569202985833343,0,0.015043158,5587.086,-1.3155272,2,1,false,false,-20.05626,-2.7869356,9.530434,-0.35754493,3
25.53366,0.18563585,49.33374836068383,8.569208626274456,0,0.042416777,5579.5767,-1.3233688,2,1,false,false,-18.748346,-2.7176769,9.789884,-0.3706191,3
25.462122,0.18573076,49.33374719174514,8.56921426671557,0,0.06954378,5604.1543,-1.3402114,2,1,false,false,-19.198349,-2.8790615,9.865744,-0.3832329,3
25.386862,0.18582524,49.33374611280924,8.56921976945183,0,0.105548725,5631.684,-1.3567638,2,1,false,false,-23.108704,-2.8075519,12.779902,-0.39560524,3
25.311125,0.18591934,49.33374485386776,8.569225409892944,0,0.16596796,5659.632,-1.3733158,2,1,false,false,-25.03554,-2.5139277,13.935207,-0.40848812,3
25.244377,0.18601316,49.333743684929075,8.569230774924351,0,0.24586934,5711.6133,-1.363152,2,1,false,false,-23.8326,-2.0952473,12.142061,-0.4222148,3
25.1855,0.18610673,49.333742336259206,8.569236277660613,0,0.3353884,5824.2324,-1.3227863,2,1,false,false,-22.196272,-1.9031154,11.06544,-0.4362576,3
25.130518,0.18619993,49.33374098758934,8.569241643111855,0,0.36695442,5978.238,-1.2902625,2,1,false,false,-20.955708,-1.6884986,10.294947,-0.4498628,3
25.088814,0.18629278,49.33373963891946,8.569247008143265,0,0.41085085,6033.2036,-1.2800983,2,1,false,false,-20.651564,-0.0666883,10.808814,-0.4627712,3
25.09384,0.18638542,49.3337382002468,8.569252235889653,0,0.44241682,5913.897,-1.2847453,2,1,false,false,-20.17312,2.7450378,10.709245,-0.47503254,3
25.124187,0.18647802,49.33373667157135,8.569257601340894,0,0.47299626,5821.98,-1.2861972,2,1,false,false,-20.019293,3.129903,10.963942,-0.4868339,3
25.14519,0.18657063,49.333735143170294,8.569262829087284,0,0.5011098,5813.905,-1.2841642,2,1,false,false,-19.805538,2.1362863,10.6824,-0.49814302,3
25.150898,0.18666324,49.333733524492054,8.569268056413842,0,0.5230581,5864.6387,-1.2841644,2,1,false,false,-19.020172,1.2454318,9.85091,-0.5092307,3
25.154081,0.18675584,49.33373190608821,8.56927328416023,0,0.5521578,5943.7144,-1.2856171,2,1,false,false,-17.753386,1.4854757,9.0844345,-0.5205242,3
25.168037,0.18684885,49.33373028768436,8.569278511906619,0,0.5881627,6013.46,-1.2876499,2,1,false,false,-16.798985,2.2418847,8.673458,-0.5319817,3
25.195168,0.18694182,49.333728579277725,8.569283601948158,0,0.6081381,6036.498,-1.2949095,2,1,false,false,-17.147427,2.8808196,8.901272,-0.54345316,3
25.23235,0.18703471,49.333726780868304,8.569288691989694,0,0.6300864,6023.935,-1.3079774,2,1,false,false,-17.542995,3.6235328,10.249098,-0.55505705,3
25.277792,0.1871276,49.33372507246167,8.569293782451064,0,0.653021,6010.4966,-1.3158174,2,1,false,false,-18.28906,3.9471703,10.725635,-0.56673986,3
25.324345,0.18722059,49.333723184323844,8.5692988724926,0,0.66362536,6001.345,-1.3108807,2,1,false,false,-19.397385,3.9808142,11.378674,-0.5783351,3
25.369896,0.18731365,49.33372129618603,8.569303962534137,0,0.6722565,5993.794,-1.3007175,2,1,false,false,-19.775938,3.910533,11.12926,-0.5897669,3
25.41595,0.18740687,49.33371940804821,8.569309052575676,0,0.6784216,5992.3438,-1.2891,2,1,false,false,-19.45182,3.9055526,10.957546,-0.6010138,3
25.46197,0.18750104,49.3337174299076,8.569314005332194,0,0.6818743,5996.6562,-1.2766131,2,1,false,false,-19.240236,3.8267124,10.758442,-0.61200935,3
25.506525,0.1875954,49.3337153617642,8.569318957668878,0,0.68360054,6006.2534,-1.2623839,2,1,false,false,-18.687016,3.647687,10.218077,-0.62282723,3
25.550179,0.18768974,49.3337132936208,8.569323910425396,0,0.6872998,6026.8975,-1.2475737,2,1,false,false,-17.310068,3.553754,9.580043,-0.6336401,3
25.596146,0.18778406,49.3337112257518,8.569328725057229,0,0.6907522,6058.491,-1.2333442,2,1,false,false,-16.868837,3.733845,9.411785,-0.64439756,3
25.64482,0.18787843,49.333709067605604,8.569333677813747,0,0.6942047,6081.547,-1.2214373,2,1,false,false,-16.890701,3.8387012,9.622375,-0.6549617,3
25.694792,0.18797286,49.33370690973381,8.569338492865413,0,0.6993835,6088.447,-1.2138861,2,1,false,false,-16.64525,3.899655,9.660356,-0.6654112,3
25.746572,0.18806742,49.33370466185923,8.569343307497245,0,0.7048087,6095.4014,-1.2054638,2,1,false,false,-16.716381,3.9561641,9.967864,-0.6759136,3
25.79787,0.1881624,49.333702413984646,8.569348122548911,0,0.71344024,6110.7896,-1.1906525,2,1,false,false,-16.841879,3.9098058,10.007207,-0.6865875,3
25.849852,0.1882575,49.33370007610727,8.569352799895725,0,0.72404426,6129.821,-1.1633534,2,1,false,false,-16.735916,3.959021,9.861271,-0.6974191,3
25.903168,0.1883526,49.3336977385043,8.569357614947391,0,0.74426645,6149.083,-1.1206626,2,1,false,false,-16.20526,4.0693245,9.564185,-0.70832103,3
25.959682,0.18844773,49.33369540062692,8.569362292294205,0,0.77583236,6173.875,-1.057932,2,1,false,false,-15.903119,4.2556667,9.380594,-0.7192195,3
26.018621,0.18854293,49.33369297302115,8.569366969641017,0,0.8118372,6201.913,-0.97690153,2,1,false,false,-15.889827,4.3634324,9.359897,-0.7300575,3
26.080095,0.18863826,49.33369054514099,8.569371647407664,0,0.85302097,6230.03,-0.88337976,2,1,false,false,-15.472577,4.5540094,9.392636,-0.7408739,3
26.145662,0.1887337,49.33368802753243,8.569376187049624,0,0.8976572,6256.774,-0.8023448,2,1,false,false,-15.627473,4.793906,9.884593,-0.7516551,3
26.214806,0.18882899,49.333685509923875,8.569380864396438,0,0.9442665,6278.6724,-0.71695024,2,1,false,false,-15.381386,5.0433803,10.273393,-0.7624062,3
26.287477,0.18892431,49.33368299231532,8.569385404458233,0,0.9854501,6295.632,-0.6542105,2,1,false,false,-15.442858,5.2235913,10.267029,-0.7731074,3
26.363419,0.18901977,49.33368038470397,8.569389944100193,0,0.9999999,6309.6885,-0.6004738,2,1,false,false,-15.033807,5.3903093,9.924018,-0.78374803,3
26.440794,0.18911535,49.33367768736422,8.569394483742155,0,1,6323.6475,-0.5630008,2,1,false,false,-14.493296,5.4288745,9.428394,-0.7942077,3
26.518854,0.18921113,49.33367507975288,8.569398886099098,0,1,6340.596,-0.5397644,2,1,false,false,-13.960228,5.4341516,9.163877,-0.80439407,3
26.597122,0.18930708,49.33367229241034,8.569403426160891,0,1,6360.0703,-0.5307581,2,1,false,false,-13.569102,5.4265285,8.834405,-0.8142335,3
26.676859,0.18940322,49.3336695950706,8.569407828098,0,1,6377.994,-0.53366345,2,1,false,false,-13.562296,5.5812845,9.028965,-0.8236589,3
26.756958,0.18949932,49.33366680772807,8.569412230454942,0,1,6387.1772,-0.5426686,2,1,false,false,-14.153809,5.525313,9.512679,-0.83261234,3
26.835516,0.18959555,49.33366402038554,8.569416632811883,0,1,6389.377,-0.5560306,2,1,false,false,-14.671838,5.456274,10.007895,-0.84122974,3
26.912777,0.18969192,49.33366114304022,8.569421035168826,0,1,6396.1255,-0.56735915,2,1,false,false,-15.097427,5.334448,10.315271,-0.8497172,3
26.987944,0.18978843,49.33365826569489,8.569425299820915,0,1,6414.5117,-0.5740406,2,1,false,false,-14.928193,5.230755,9.874995,-0.85827464,3
27.061487,0.18988511,49.33365538834957,8.569429564473005,0,1,6441.471,-0.57578194,2,1,false,false,-14.4296255,5.076348,9.370501,-0.86692786,3
27.13434,0.18998197,49.33365242127586,8.569433829125094,0,1,6471.167,-0.57636285,2,1,false,false,-14.298619,5.0434504,9.43333,-0.87565565,3
27.207859,0.190079,49.33364945420214,8.569438093777185,0,1,6496.9863,-0.57694376,2,1,false,false,-14.176914,5.138195,9.455097,-0.884477,3
27.284544,0.19017603,49.333646396851236,8.569442358429274,0,1,6514.958,-0.5769438,2,1,false,false,-13.787755,5.352484,9.159769,-0.893323,3
27.363468,0.19027318,49.33364333977473,8.569446485376512,0,1,6523.211,-0.576073,2,1,false,false,-14.241823,5.4235435,9.917448,-0.90202874,3
27.44267,0.19037049,49.33364028269823,8.569450612743582,0,1,6524.962,-0.57578194,2,1,false,false,-14.742496,5.4337335,10.363367,-0.91061074,3
27.520555,0.19046798,49.33363713561893,8.56945473969082,0,1,6528.435,-0.5754924,2,1,false,false,-15.358802,5.32798,10.6291895,-0.9191743,3
27.597868,0.19056568,49.33363398881403,8.56945886705789,0,1,6538.97,-0.572879,2,1,false,false,-15.059975,5.3327017,10.24102,-0.9278172,3
27.675175,0.19066356,49.33363084173473,8.569462994005127,0,1,6552.4785,-0.5688119,2,1,false,false,-15.108814,5.2680893,10.108221,-0.9364334,3
27.750616,0.19076164,49.33362760465265,8.569466983667345,0,1,6564.1494,-0.5650345,2,1,false,false,-14.960207,5.090516,10.004406,-0.944968,3
27.82516,0.19085985,49.333624367844955,8.569470972909732,0,1,6581.1343,-0.5609683,2,1,false,false,-15.494553,5.133008,10.767647,-0.95355976,3
27.899656,0.1909582,49.333621041034476,8.56947482528693,0,1,6599.485,-0.5557396,2,1,false,false,-15.248986,5.1418076,10.600712,-0.96225303,3
27.976511,0.19105671,49.333617714224,8.569478814529315,0,1,6612.727,-0.54789615,2,1,false,false,-14.80316,5.270846,10.014692,-0.9709336,3
28.056032,0.19115545,49.333614387139114,8.569482666486682,0,1,6619.506,-0.5394734,2,1,false,false,-13.788207,5.377654,9.19846,-0.9793802,3
28.13615,0.19125438,49.333611060328636,8.569486518444048,0,1,6625.7627,-0.53395325,2,1,false,false,-13.202873,5.2874246,8.6701,-0.9873886,3
28.215275,0.1913535,49.333607643515364,8.569490233116394,0,1,6640.638,-0.53395337,2,1,false,false,-12.619522,5.235263,8.61914,-0.994972,3
28.29373,0.1914529,49.333604136973705,8.56949408507376,0,1,6661.34,-0.5383114,2,1,false,false,-13.052522,5.137775,9.420044,-1.0021365,3
28.370022,0.19155252,49.33360072016043,8.569497799326273,0,1,6677.7383,-0.543829,2,1,false,false,-13.658075,5.0507026,10.159963,-1.0090358,3
28.445698,0.19165231,49.33359721334437,8.569501513578787,0,1,6690.931,-0.5490591,2,1,false,false,-13.917348,4.965045,10.020305,-1.0159093,3
28.518711,0.19175225,49.33359370680271,8.569505228251133,0,1,6711.137,-0.54905915,2,1,false,false,-13.321572,4.7606516,9.460605,-1.0229777,3
28.590197,0.19185238,49.33359011025825,8.569508804798796,0,1,6746.1196,-0.5447011,2,1,false,false,-12.743675,4.639872,8.78352,-1.030366,3
28.660318,0.19195266,49.3335865137138,8.56951238176629,0,1,6787.0854,-0.5388924,2,1,false,false,-12.239325,4.621005,8.578264,-1.0380393,3
28.73275,0.19205314,49.33358291689495,8.569515958733785,0,1,6819.4717,-0.53250194,2,1,false,false,-12.604214,4.842269,9.459828,-1.0459054,3
28.809816,0.19215412,49.33357932035049,8.569519535281445,0,1,6831.0723,-0.5278537,2,1,false,false,-12.942832,5.142987,9.923191,-1.0538476,3
28.889725,0.1922553,49.33357563380324,8.569523112248941,0,1,6824.8804,-0.5246584,2,1,false,false,-13.957998,5.229292,10.708739,-1.06178,3
28.969612,0.19235666,49.333571947256,8.569526551511583,0,1,6818.7437,-0.5208823,2,1,false,false,-14.392899,5.2412453,10.785566,-1.0698087,3
29.047419,0.19245824,49.333568170980364,8.569529990774225,0,1,6824.491,-0.5159446,2,1,false,false,-14.224637,5.0140004,10.289818,-1.0779514,3
29.122206,0.19256003,49.33356448443312,8.569533430036866,0,1,6841.866,-0.508391,2,1,false,false,-13.905507,4.9122,9.977903,-1.0861701,3
29.196812,0.192662,49.33356070788308,8.569536731594658,0,1,6863.477,-0.5014194,2,1,false,false,-13.544943,4.892688,9.6941395,-1.0943605,3
29.27296,0.19276445,49.333556841604654,8.56954003357228,0,1,6878.4854,-0.495029,2,1,false,false,-12.967371,5.040395,9.137756,-1.1023254,3
29.351059,0.19286746,49.33355306532901,8.56954333513007,0,1,6884.5947,-0.49154267,2,1,false,false,-13.142401,5.0946083,9.3726,-1.1098756,3
29.429356,0.19297066,49.33354919877619,8.56954663668786,0,1,6887.208,-0.49270555,2,1,false,false,-13.155225,5.096845,9.427703,-1.1170297,3
29.506279,0.19307405,49.33354533249776,8.56954980096063,0,1,6894.1724,-0.49677268,2,1,false,false,-13.167015,4.907205,9.721183,-1.1238518,3
29.57993,0.19317764,49.333541376216544,8.5695529652334,0,1,6910.4375,-0.5002578,2,1,false,false,-13.616383,4.7275424,10.5379,-1.1305463,3
29.65126,0.19328141,49.333537419935325,8.569556129086338,0,1,6934.0503,-0.50025785,2,1,false,false,-13.608011,4.5718284,10.232479,-1.137344,3
29.720266,0.19338539,49.333533463654106,8.569559155654257,0,1,6962.0723,-0.49444818,2,1,false,false,-13.091556,4.4491806,9.551934,-1.144371,3
29.790035,0.19349037,49.33352950737289,8.569562182222176,0,1,6993.9385,-0.48457244,2,1,false,false,-12.229758,4.507896,8.677077,-1.1516443,3
29.860163,0.19359553,49.33352546136327,8.569565208790095,0,1,7022.6455,-0.47208118,2,1,false,false,-11.926231,4.4777575,8.734648,-1.1590123,3
29.932556,0.19370085,49.33352141507926,8.569568235358012,0,1,7045.025,-0.4619132,2,1,false,false,-11.86293,4.8106046,8.972648,-1.1664351,3
30.009514,0.19380635,49.333517369069654,8.56957112422108,0,1,7054.675,-0.4526183,2,1,false,false,-11.721734,4.949458,9.189723,-1.1737156,3
30.08815,0.19391206,49.33351332278564,8.569574150788998,0,1,7050.454,-0.44535595,2,1,false,false,-11.825605,5.0248523,9.2675905,-1.1806676,3
30.16633,0.194018,49.33350918677324,8.569576902367045,0,1,7048.3765,-0.4407078,2,1,false,false,-11.7694845,4.8713007,9.014602,-1.187312,3
30.240438,0.19412437,49.33350505048644,8.569579791230112,0,1,7063.3745,-0.43838438,2,1,false,false,-12.015277,4.5984344,9.357561,-1.1937909,3
30.310526,0.19423102,49.33350091447404,8.56958268051301,0,1,7093.257,-0.43838444,2,1,false,false,-13.048346,4.424145,10.504521,-1.2003523,3
30.378592,0.19433784,49.33349677846163,8.569585431671223,0,1,7121.6216,-0.43722162,2,1,false,false,-12.928114,4.3846,10.153139,-1.2071706,3
30.448145,0.19444485,49.33349255244644,8.56958804554442,0,1,7142.9473,-0.43257353,2,1,false,false,-12.863022,4.5198603,10.156229,-1.2142586,3
30.518854,0.19455206,49.333488326431244,8.569590797122466,0,1,7157.544,-0.4258931,2,1,false,false,-12.3692465,4.521658,9.36215,-1.2215282,3
30.592247,0.19465949,49.33348410041605,8.56959341099566,0,1,7172.2524,-0.4189217,2,1,false,false,-11.505142,4.721402,8.399063,-1.2288445,3
30.667868,0.19476743,49.33347987440086,8.569596024868854,0,1,7183.3936,-0.4145647,2,1,false,false,-11.7769375,4.882407,9.25097,-1.2359172,3
30.744627,0.19487588,49.33347555838287,8.569598638322217,0,1,7180.969,-0.41659832,2,1,false,false,-12.31395,4.8797274,9.94231,-1.2425627,3
30.821205,0.19498456,49.33347124263929,8.569601114910391,0,1,7173.2124,-0.42095417,2,1,false,false,-12.963262,4.882704,10.517656,-1.2488455,3
30.895603,0.19509345,49.333466926621306,8.569603591078735,0,1,7175.2896,-0.4238595,2,1,false,false,-13.468006,4.5941606,10.753784,-1.25498,3
30.964933,0.19520259,49.33346261087772,8.569606067247078,0,1,7192.466,-0.42414942,2,1,false,false,-13.019864,4.2939835,9.6918955,-1.2611874,3
31.02989,0.19531192,49.333458204856946,8.56960854341542,0,1,6954.5244,-0.4200823,2,1,false,false,-12.415792,3.93612,9.286191,-1.2675866,3
31.058907,0.19542165,49.333453799110565,8.569610882298743,0,1,6738.9,-0.4148545,0,1,false,false,-11.794617,0.15563925,8.87109,-1.2740365,3
31.046455,0.19553168,49.333449483092586,8.569613221182065,0,1,6607.2764,-0.41136944,3,1,false,false,-12.222954,-0.71494997,9.5256405,-1.2800722,3
31.101044,0.19564173,49.333445077346205,8.569615421940705,0,1,5948.929,-0.4093359,3,1,false,false,-12.35038,6.2584653,10.511953,-1.2858816,3
31.216608,0.19575208,49.33344058159704,8.569617760824027,0,1,5687.33,-0.40730217,3,1,false,false,-11.601779,6.959726,9.500751,-1.2921482,3
31.30634,0.19586278,49.333436175850665,8.569619962002498,0,1,5752.302,-0.40439686,3,1,false,false,-10.769832,4.437343,8.156287,-1.2987136,3
31.364809,0.19597372,49.3334316801015,8.569622025476116,0,1,5874.4697,-0.4035249,3,1,false,false,-10.874848,3.4980922,8.89285,-1.3049022,3
31.42688,0.19608508,49.33342718435233,8.569624226654588,0,1,5901.2656,-0.40788305,3,1,false,false,-11.719975,4.2456665,9.896474,-1.310679,3
31.50111,0.19619697,49.333422688603164,8.569626290128207,0,1,5873.0215,-0.41369277,3,1,false,false,-12.208553,4.7405024,10.46116,-1.3164538,3
31.576021,0.19630913,49.333418102851205,8.569628353601825,0,1,5868.232,-0.41746902,3,1,false,false,-11.87011,4.569813,9.643997,-1.3224841,3
31.645596,0.19642153,49.33341360710204,8.569630417495276,0,1,5899.773,-0.41514546,3,1,false,false,-11.653398,4.081133,9.250434,-1.3287797,3
31.71081,0.19653417,49.33340902135008,8.569632343264043,0,1,5939.7964,-0.40991667,3,1,false,false,-11.477208,4.1671987,9.592119,-1.3353541,3
31.781113,0.19664702,49.33340443587252,8.569634269452642,0,1,5963.0396,-0.4023632,3,1,false,false,-11.771626,4.5341587,9.645853,-1.3421395,3
31.857317,0.19676046,49.33339985012056,8.56963619522141,0,1,5954.3027,-0.39335817,3,1,false,false,-11.483539,4.833269,9.276102,-1.3488879,3
31.935347,0.19687445,49.33339517464021,8.569637983705157,0,1,5934.905,-0.38377127,3,1,false,false,-11.2130575,4.8170285,9.167092,-1.3553225,3
32.0111,0.1969887,49.33339058888825,8.569639909473924,0,1,5936.1606,-0.37650883,3,1,false,false,-11.21541,4.608,9.365622,-1.361387,3
32.082893,0.1971032,49.3333859134079,8.569641697957671,0,1,5956.189,-0.37157083,3,1,false,false,-11.53244,4.3972244,9.64985,-1.3671292,3
32.152294,0.19721796,49.33338123765315,8.569643348736566,0,1,5974.678,-0.36750376,3,1,false,false,-11.826898,4.245141,10.10007,-1.3726505,3
32.220585,0.19733298,49.3333765621728,8.569645137220313,0,1,5988.8584,-0.36256474,3,1,false,false,-11.97321,4.214653,10.490833,-1.3781536,3
32.288383,0.19744873,49.33337179668966,8.569646787999208,0,1,6009.7153,-0.35472143,3,1,false,false,-11.99941,4.1966543,10.534421,-1.3838636,3
32.356518,0.19756489,49.33336712093491,8.569648301493084,0,1,6034.695,-0.3422302,3,1,false,false,-11.765556,4.2579384,9.839005,-1.3898661,3
32.42607,0.19768131,49.33336235545177,8.569649952271979,0,1,6051.9497,-0.32886702,3,1,false,false,-11.147223,4.3369765,9.641661,-1.3960514,3
32.49824,0.19779797,49.33335758996863,8.569651465765853,0,1,6059.7773,-0.31376117,3,1,false,false,-11.026218,4.5403147,9.845051,-1.4022311,3
32.573402,0.19791491,49.33335282448549,8.569652978839898,0,1,6061.1494,-0.29981732,3,1,false,false,-10.861146,4.6930265,9.6477995,-1.4082419,3
32.6509,0.19803217,49.33334805900234,8.56965435462892,0,1,6057.016,-0.28790572,3,1,false,false,-9.899456,4.7724504,8.521811,-1.4138325,3
32.727516,0.19815041,49.33334320379081,8.569655867702963,0,1,6052.753,-0.27977142,3,1,false,false,-9.904952,4.5762897,8.49938,-1.4187471,3
32.798668,0.1982689,49.333338438033266,8.569657243491987,0,1,6061.646,-0.28035215,3,1,false,false,-9.969207,4.2479663,9.06622,-1.4231284,3
32.867554,0.19838765,49.33333358282174,8.56965861928101,0,1,6090.4766,-0.28354868,3,1,false,false,-10.212161,4.163716,10.121447,-1.4272987,3
32.935192,0.19850665,49.333328727335804,8.569659857365181,0,1,6117.9497,-0.28267673,3,1,false,false,-10.97896,4.106002,11.049413,-1.4314928,3
33.000854,0.19862592,49.33332387184987,8.569661233154205,0,1,6136.72,-0.27773777,3,1,false,false,-11.088075,3.9518528,10.783286,-1.4360051,3
33.06731,0.19874582,49.33331892663555,8.569662471238376,0,1,6165.5713,-0.2646656,3,1,false,false,-10.311993,4.1111927,9.785956,-1.4410689,3
33.138103,0.19886638,49.333314071149616,8.569663571617696,0,1,6194.4316,-0.24752522,3,1,false,false,-9.383214,4.3564324,9.06733,-1.4464793,3
33.21339,0.1989872,49.33330912593529,8.569664810121699,0,1,6197.126,-0.22806127,3,1,false,false,-8.244911,4.7004914,8.332838,-1.4517767,3
33.294247,0.1991083,49.333304270449354,8.569665910501017,0,1,6180.398,-0.21179272,3,1,false,false,-8.146371,4.959606,8.14362,-1.4565302,3
33.375732,0.19922972,49.33329932523503,8.569667010880337,0,1,6161.2485,-0.200753,3,1,false,false,-8.912214,4.8020983,9.484232,-1.460556,3
33.451794,0.19935143,49.333294379746306,8.569668111679489,0,1,6154.4976,-0.19639485,3,1,false,false,-9.551116,4.415233,10.620708,-1.4639815,3
33.522102,0.19947429,49.33328934452919,8.569669212058809,0,1,6172.3535,-0.19319955,3,1,false,false,-10.061281,4.108203,11.558244,-1.4671823,3
33.58821,0.1995974,49.33328439931487,8.569670175153108,0,1,6206.5933,-0.1850653,3,1,false,false,-9.365187,3.831727,10.678513,-1.4705012,3
33.65315,0.19972073,49.333279364097756,8.569671138247408,0,1,6245.7695,-0.16850567,3,1,false,false,-8.347183,3.9028351,9.7010765,-1.4740804,3
33.722404,0.1998443,49.33327441860903,8.569672101341707,0,1,6278.1733,-0.14729694,3,1,false,false,-7.5519247,4.242271,9.178996,-1.4778479,3
33.79767,0.1999681,49.333269383391915,8.569673064016175,0,1,6285.018,-0.1263804,3,1,false,false,-7.090525,4.5903125,9.230607,-1.4815072,3
33.878036,0.20009285,49.3332643481748,8.569673889405623,0,1,6267.875,-0.11011182,3,1,false,false,-6.773445,4.8454423,9.120644,-1.4847796,3
33.95868,0.20021823,49.33325931295768,8.569674715214902,0,1,6249.952,-0.096747525,3,1,false,false,-6.4458094,4.6804113,9.295998,-1.487513,3
34.035194,0.20034386,49.33325418773778,8.56967567788937,0,1,6252.103,-0.08454495,3,1,false,false,-6.5272903,4.351695,10.003736,-1.4897438,3
34.10661,0.20046973,49.33324915252066,8.569676365993796,0,1,6275.1357,-0.070598684,3,1,false,false,-6.509929,4.0847464,10.669354,-1.4916841,3
34.176086,0.20059584,49.33324402730075,8.569677191383244,0,1,6304.791,-0.05026184,3,1,false,false,-5.994771,4.0637364,10.872884,-1.4935184,3
34.24647,0.20072283,49.33323890235525,8.569678016772691,0,1,6327.211,-0.028181272,3,1,false,false,-5.082593,4.0841374,10.004626,-1.4952676,3
34.318787,0.20085102,49.333233867138134,8.569678704457287,0,1,6343.4473,0.0017425837,3,1,false,false,-3.9215214,4.254704,8.641478,-1.496851,3
34.39387,0.20097946,49.33322874191823,8.569679529846734,0,1,6358.045,0.03399326,3,1,false,false,-3.1865523,4.3816032,7.952714,-1.498108,3
34.47064,0.2011081,49.33322361669832,8.569680217951163,0,1,6362.839,0.0662428,3,1,false,false,-2.896486,4.442232,9.328827,-1.4989041,3
34.548004,0.201237,49.33321840175002,8.569680905635758,0,1,6358.672,0.09326347,3,1,false,false,-2.5661006,4.443342,11.098755,-1.4992096,3
34.62417,0.2013663,49.33321327653011,8.569681731025206,0,1,6359.5054,0.116797894,3,1,false,false,-1.8099746,4.265342,11.436265,-1.4990582,3
34.69559,0.20149635,49.33320806130742,8.569682419129634,0,1,6377.74,0.13597415,3,1,false,false,-0.98918194,3.9173627,9.581948,-1.498471,3
34.763306,0.2016266,49.33320293636191,8.56968310681423,0,1,6416.8696,0.15689358,3,1,false,false,-0.39047948,3.8367867,8.269121,-1.4975281,3
34.833813,0.20175701,49.33319772113921,8.569683794498825,0,1,6454.951,0.17723149,3,1,false,false,-0.032054223,4.176703,7.90652,-1.496292,3
34.91053,0.20188764,49.33319250619091,8.569684482603252,0,1,6457.47,0.19728023,3,1,false,false,0.5888056,4.4900484,9.398185,-1.4947687,3
34.990444,0.20201847,49.33318729096821,8.569685170287848,0,1,6431.8184,0.21994388,3,1,false,false,1.53651,4.548527,10.130193,-1.4929128,3
35.06693,0.2021495,49.33318207601992,8.569685995677295,0,1,6422.854,0.23941115,3,1,false,false,2.2935328,4.1481767,9.739555,-1.4906929,3
35.13539,0.20228072,49.333176861071614,8.569686683781724,0,1,6455.106,0.25916988,3,1,false,false,2.9635642,3.6530206,9.1463585,-1.488088,3
35.1989,0.20241211,49.33317155584613,8.569687371466319,0,1,6508.528,0.27427897,3,1,false,false,3.4344287,3.550431,8.846848,-1.485092,3
35.26657,0.20254368,49.333166340897826,8.569688196855767,0,1,6545.6895,0.28619233,3,1,false,false,3.9223318,4.04191,9.130475,-1.4817245,3
35.34017,0.20267546,49.33316103594674,8.569688884960193,0,1,6543.0127,0.2954906,3,1,false,false,4.489399,4.2663064,9.403515,-1.4780657,3
35.416157,0.20280746,49.33315582072404,8.569689710349643,0,1,6526.2764,0.3044972,3,1,false,false,5.3138485,4.3080716,10.115295,-1.4741732,3
35.489883,0.20293964,49.33315051577295,8.56969053573909,0,1,6530.548,0.3140865,3,1,false,false,5.865795,4.090051,9.681281,-1.4700199,3
35.55935,0.20307206,49.33314521082186,8.569691361128537,0,1,6552.537,0.324256,3,1,false,false,6.2277193,3.8824284,9.266068,-1.4656324,3
35.626663,0.20320468,49.33313990587077,8.569692324222837,0,1,6574.0396,0.3347172,3,1,false,false,6.379419,3.8151946,8.631856,-1.4610866,3
35.6943,0.20333749,49.333134600919685,8.569693149612284,0,1,6589.9307,0.3445968,3,1,false,false,6.759049,3.8854997,8.759101,-1.456441,3
35.763435,0.20347053,49.33312929596859,8.56969411228675,0,1,6602.182,0.35418501,3,1,false,false,7.8143144,3.982382,9.909874,-1.4516838,3
35.83135,0.20360377,49.3331239910175,8.569695075381052,0,1,6608.606,0.36667958,3,1,false,false,8.870831,3.8923366,10.655549,-1.4467275,3
35.89765,0.20373721,49.33311859606362,8.569696038475351,0,1,6619.937,0.37743118,3,1,false,false,9.491916,3.776159,10.37687,-1.4414289,3
35.961357,0.20387088,49.33311329111253,8.56969700156965,0,1,6641.5293,0.38353303,3,1,false,false,9.421277,3.6374633,9.407756,-1.4357182,3
36.024384,0.20400473,49.333107986161444,8.569698101948969,0,1,6667.3833,0.38469532,3,1,false,false,9.165103,3.702989,8.714487,-1.4296764,3
36.09017,0.20413885,49.33310259120756,8.56969920274812,0,1,6683.382,0.38208032,3,1,false,false,9.490718,3.9358816,8.928776,-1.4235088,3
36.158356,0.20427315,49.33309719625368,8.56970030312744,0,1,6679.833,0.37888384,3,1,false,false,10.457253,4.0567527,10.252971,-1.4174026,3
36.226532,0.20440768,49.333091891302594,8.56970154121161,0,1,6669.842,0.378012,3,1,false,false,10.623703,4.0011234,9.647185,-1.4113846,3
36.29158,0.20454243,49.33308649634871,8.569702779295783,0,1,6674.7397,0.37743124,3,1,false,false,10.659988,3.7221613,9.433382,-1.4054649,3
36.35139,0.2046774,49.33308110139483,8.569704017379955,0,1,6700.8364,0.3768497,3,1,false,false,11.002595,3.4252746,9.554506,-1.399538,3
36.40921,0.20481262,49.33307570671535,8.569705255464125,0,1,6736.3228,0.37626898,3,1,false,false,11.268899,3.500672,9.412111,-1.3934228,3
36.469402,0.20494801,49.33307031176147,8.56970663125315,0,1,6756.542,0.37394378,3,1,false,false,11.479126,3.665971,9.656968,-1.387153,3
36.530453,0.2050836,49.33306491680759,8.569708007042172,0,1,6757.1616,0.36987543,3,1,false,false,11.749806,3.7016459,9.908335,-1.380807,3
36.59194,0.20521939,49.333059521853706,8.569709520536048,0,1,6765.6763,0.36609823,3,1,false,false,12.348407,3.7295156,10.382457,-1.3742914,3
36.65256,0.2053554,49.333054126899825,8.569710895905239,0,1,6781.8794,0.36174017,3,1,false,false,12.784971,3.672026,10.0337305,-1.3675921,3
36.712975,0.20549172,49.33304873222034,8.569712547103967,0,1,6790.7266,0.35883403,3,1,false,false,12.001279,3.7287674,9.036956,-1.3608528,3
36.7741,0.2056282,49.33304333726647,8.56971406017801,0,1,6794.8984,0.357091,3,1,false,false,12.512702,3.7427802,9.936178,-1.3542833,3
36.833904,0.20576487,49.333037942312586,8.569715710956904,0,1,6803.717,0.35854417,3,1,false,false,13.161443,3.7211683,10.442977,-1.3477788,3
36.893696,0.20590177,49.333032547358705,8.5697173617358,0,1,6811.3096,0.36435568,3,1,false,false,13.878806,3.7214706,10.987756,-1.3413029,3
36.952095,0.20603894,49.333027152404824,8.569719150219546,0,1,6814.7744,0.36987546,3,1,false,false,13.948765,3.573996,10.280425,-1.334843,3
37.007847,0.20617634,49.33302175772534,8.569720938703293,0,1,6827.5005,0.37655884,3,1,false,false,13.469661,3.491169,9.864087,-1.328291,3
37.06495,0.20631392,49.33301627276867,8.569722864891892,0,1,6852.3613,0.38208038,3,1,false,false,13.367864,3.5956748,9.244538,-1.3216456,3
37.121723,0.2064517,49.333010877814786,8.56972479066066,0,1,6862.1733,0.38731027,3,1,false,false,13.148799,3.610819,9.73107,-1.3151157,3
37.17992,0.20658967,49.333005482860905,8.569726716849258,0,1,6861.788,0.39399362,3,1,false,false,14.101992,3.6617827,10.680257,-1.308737,3
37.235928,0.20672794,49.33300008818143,8.569728780322878,0,1,6866.416,0.40213013,3,1,false,false,15.557267,3.5318348,11.795977,-1.3022708,3
37.28938,0.20686643,49.332994603224755,8.569730843796496,0,1,6879.7725,0.40968463,3,1,false,false,15.424705,3.3680882,11.070296,-1.2954484,3
37.3413,0.20700508,49.332989208270874,8.569732907270115,0,1,6898.762,0.4088133,3,1,false,false,14.36512,3.3620243,9.796933,-1.2882409,3
37.394787,0.20714393,49.33298381359139,8.569735108448587,0,1,6919.127,0.40038586,3,1,false,false,13.949893,3.425058,9.465452,-1.2809078,3
37.450157,0.20728296,49.33297841863751,8.569737447331908,0,1,6929.9717,0.38992524,3,1,false,false,14.377383,3.6693244,9.77877,-1.2736609,3
37.50909,0.2074223,49.33297302368363,8.569739648090549,0,1,6923.578,0.38382345,3,1,false,false,14.257972,3.8213744,9.554295,-1.2666665,3
37.56862,0.20756187,49.33296762872975,8.569742124678722,0,1,6910.429,0.38178927,3,1,false,false,13.484821,3.7731378,9.128375,-1.2601348,3
37.62298,0.20770161,49.332962233775866,8.569744463142213,0,1,6915.9165,0.3844043,3,1,false,false,13.273547,3.2743874,8.977674,-1.2540275,3
37.67459,0.20784153,49.3329567490936,8.569746939730388,0,1,6952.082,0.38963532,3,1,false,false,14.00705,3.305403,9.810092,-1.2479953,3
37.722633,0.20798165,49.332951354139716,8.569749553183751,0,1,6979.2075,0.39602765,3,1,false,false,15.287322,3.0881948,11.06342,-1.2418365,3
37.771923,0.20812204,49.332945959185835,8.569752029771925,0,1,6990.4434,0.3992242,3,1,false,false,14.346712,3.3372996,10.291356,-1.2351766,3
37.82416,0.20826261,49.332940564231954,8.56975478093014,0,1,7002.984,0.39370254,3,1,false,false,14.105575,3.306307,9.29557,-1.2281516,3
37.87225,0.20840333,49.33293516955247,8.569757394803334,0,1,7020.7383,0.3829521,3,1,false,false,15.90911,3.1951919,11.416239,-1.2207658,3
37.92372,0.20854422,49.33292986460138,8.56976014638138,0,1,7034.334,0.3753971,3,1,false,false,13.946123,3.4080386,9.245609,-1.2130195,3
37.974705,0.20868537,49.3329244696475,8.569763035244447,0,1,7041.9263,0.36144903,3,1,false,false,15.930142,3.443975,10.367853,-1.2054232,3
38.026802,0.20882675,49.33291907469362,8.569765786822494,0,1,7043.936,0.35360417,3,1,false,false,16.034937,3.7059653,11.611915,-1.1978437,3
38.085384,0.20896834,49.33291367973974,8.569768813390413,0,1,7032.572,0.34750172,3,1,false,false,14.964991,4.227046,10.025555,-1.1904793,3
38.140682,0.20911014,49.33290837478865,8.569771839958332,0,1,7010.506,0.3399477,3,1,false,false,17.14952,3.3318489,12.197087,-1.1837436,3
38.188446,0.2092521,49.33290297983477,8.569774866526249,0,1,7014.037,0.3355884,3,1,false,false,16.09868,3.2773218,11.308611,-1.1771426,3
38.24195,0.20939466,49.33289767488368,8.569778030379188,0,1,7046.2163,0.32716203,3,1,false,false,16.178728,3.2822309,10.169817,-1.1709043,3
38.281876,0.20953745,49.3328922799298,8.569781194651958,0,1,7055.021,0.31844467,3,1,false,false,17.499342,2.7557163,12.900415,-1.1650177,3
38.32855,0.20968038,49.33288697497871,8.569784358504897,0,1,7074.3936,0.3146679,3,1,false,false,13.575737,3.8912017,9.354914,-1.1588749,3
38.389248,0.2098235,49.33288167002762,8.569787660482518,0,1,7086.913,0.30856553,3,1,false,false,13.261786,3.7856512,9.168005,-1.1532168,3
38.442314,0.2099668,49.33287636507653,8.569791099745162,0,1,7062.4443,0.31350562,3,1,false,false,13.235577,3.4617698,9.299659,-1.1482276,3
38.500847,0.21011004,49.33287097012265,8.569794539007804,0,1,7072.587,0.32948607,3,1,false,false,13.952262,4.0826273,9.936786,-1.1433673,3
38.555977,0.21025346,49.33286566517156,8.569797978270445,0,1,7075.942,0.35389504,3,1,false,false,15.463195,3.1491568,11.174923,-1.1388481,3
38.600517,0.21039706,49.33286036022047,8.569801417533087,0,1,7072.281,0.38120785,3,1,false,false,14.433672,3.1698616,11.257402,-1.1343911,3
38.655937,0.21054083,49.332855055269384,8.56980499408075,0,1,7102.7373,0.4021302,3,1,false,false,15.844874,3.601779,12.016109,-1.1295617,3
38.702835,0.21068467,49.332849840046684,8.569808708753095,0,1,7109.7095,0.411138,3,1,false,false,15.488647,2.7514572,11.690494,-1.1247095,3
38.741756,0.21082851,49.332844535095596,8.56981242300561,0,1,7129.183,0.41055644,3,1,false,false,14.653411,2.6357443,10.284851,-1.1194092,3
38.78328,0.2109725,49.3328392301445,8.569816137677956,0,1,7194.0527,0.40358332,3,1,false,false,15.102287,2.220721,9.874833,-1.1133108,3
38.812893,0.21111661,49.332834015196205,8.56981985193047,0,1,7236.5483,0.3931217,3,1,false,false,14.669496,2.035877,11.797001,-1.1062683,3
38.86113,0.21126086,49.332828799973505,8.569823703887836,0,1,7263.298,0.38760138,3,1,false,false,15.202337,3.877661,11.899414,-1.0981007,3
38.922108,0.21140511,49.33282349502242,8.569827693550055,0,1,7222.6533,0.3751072,3,1,false,false,15.6094475,3.8398297,11.833619,-1.0897968,3
38.97464,0.21154955,49.33281828007412,8.56983168279244,0,1,7157.78,0.3617401,3,1,false,false,13.578265,3.1731834,10.629407,-1.0820675,3
39.025105,0.21169417,49.33281306485142,8.569835672454658,0,1,7191.835,0.3472118,3,1,false,false,13.097003,3.5360498,9.053898,-1.0748756,3
39.070786,0.21183896,49.332807849903126,8.569839799821727,0,1,7248.0957,0.3399477,3,1,false,false,15.999179,2.4470599,10.71841,-1.0686511,3
39.110126,0.21198384,49.33280272468322,8.569843926768966,0,1,7252.431,0.34488672,3,1,false,false,15.293993,3.12731,12.164687,-1.0624485,3
39.16886,0.2121288,49.33279750973492,8.569848053716203,0,1,7246.3545,0.3483736,3,1,false,false,13.876812,3.5747285,9.894602,-1.0559871,3
39.207417,0.21227393,49.33279229451222,8.569852318368293,0,1,7234.7896,0.34343347,3,1,false,false,12.024444,1.8402143,8.202977,-1.049664,3
39.24128,0.21241917,49.33278716929232,8.569856583020384,0,1,7280.462,0.3445968,3,1,false,false,12.124015,3.2737105,7.4839673,-1.0429956,3
39.292576,0.21256457,49.332781954344014,8.569860985377325,0,1,7276.345,0.35186097,3,1,false,false,12.022181,2.6321888,7.152623,-1.0366389,3
39.328114,0.21271004,49.33277682912411,8.569865250029414,0,1,7281.5684,0.3713288,3,1,false,false,12.428806,2.5919812,8.402993,-1.0309428,3
39.380604,0.2128556,49.3327717039042,8.569869790091209,0,1,7278.3066,0.40096718,3,1,false,false,13.8947935,3.818533,9.960158,-1.0252537,3
39.429283,0.21300137,49.3327665789587,8.56987419244815,0,1,7252.6562,0.427411,3,1,false,false,16.818768,3.18583,12.529814,-1.0195402,3
39.474686,0.2131473,49.33276145373879,8.569878732090112,0,1,7252.392,0.44600695,3,1,false,false,17.219463,3.203371,12.299733,-1.0130559,3
39.522427,0.21329339,49.33275632851888,8.569883409436926,0,1,7279.123,0.4372907,3,1,false,false,17.03692,3.2997086,11.068805,-1.0058339,3
39.56476,0.2134396,49.33275129330177,8.56988794949872,0,1,7276.3203,0.40794158,3,1,false,false,16.069462,3.011176,11.243907,-0.9985742,3
39.609177,0.21358596,49.33274625808465,8.569892764130552,0,1,7014.466,0.38033712,3,1,false,false,17.06198,3.0818057,11.131104,-0.99138415,3
39.60366,0.2137324,49.33274113286474,8.569897441477366,0,1,6876.447,0.3602873,0,1,false,false,17.767199,-1.0998304,12.626579,-0.9844188,3
39.59339,0.2138788,49.33273618765042,8.569902394233884,0,1,6385.854,0.34953582,4,1,false,false,17.01486,2.5694945,12.853212,-0.9777598,3
39.690598,0.21402535,49.332731152433304,8.56990720928555,0,1,5574.1406,0.3382035,4,1,false,false,16.10467,7.1646814,11.664304,-0.97073853,3
39.76005,0.21417226,49.33272611721619,8.569912161622234,0,1,5701.2793,0.32251287,4,1,false,false,15.556605,2.3252559,10.509807,-0.9633297,3
39.771908,0.21431927,49.332721171727464,8.569917251663771,0,1,5963.004,0.3105996,4,1,false,false,15.26649,1.2983589,10.718174,-0.9565598,3
39.809246,0.21446636,49.33271622651314,8.569922204420289,0,1,5914.046,0.3059505,4,1,false,false,15.376461,3.5757048,11.188957,-0.95053834,3
39.8686,0.21461368,49.33271128129881,8.569927432166677,0,1,5800.384,0.3085655,4,1,false,false,15.673119,3.8936112,11.41318,-0.94462603,3
39.91869,0.21476123,49.332706335810094,8.569932522208216,0,1,5834.3003,0.31350562,4,1,false,false,15.868972,2.9696376,11.763161,-0.93848443,3
39.956615,0.21490893,49.33270148032416,8.569937749954605,0,1,5892.647,0.3158297,4,1,false,false,15.520845,2.7325025,10.967091,-0.93229353,3
39.999878,0.21505679,49.33269653510983,8.569943114986014,0,1,5888.2983,0.31495774,4,1,false,false,15.050141,3.2899892,10.754295,-0.92614615,3
40.05085,0.21520483,49.3326916796239,8.569948480437255,0,1,5867.5957,0.31118053,4,1,false,false,14.977154,3.489575,11.108916,-0.9201321,3
40.09921,0.21535315,49.33268682441237,8.569953845468664,0,1,5865.047,0.30769363,4,1,false,false,15.493594,3.2429268,12.185803,-0.91442335,3
40.143982,0.21550165,49.33268196892644,8.569959348204925,0,1,5878.3936,0.30653137,4,1,false,false,15.2237835,3.053115,11.12648,-0.90892434,3
40.187714,0.21565032,49.3326771134405,8.56996485136102,0,1,5891.141,0.30595058,4,1,false,false,14.436478,3.0206685,10.589326,-0.90356004,3
40.232384,0.21579917,49.33267234795736,8.56997035409728,0,1,5902.2188,0.30595052,4,1,false,false,13.496601,3.0955179,10.177725,-0.8982297,3
40.279182,0.21594822,49.33266758247422,8.569975994538392,0,1,5913.377,0.3056596,4,1,false,false,13.212893,3.1918366,9.989312,-0.8929532,3
40.32633,0.2160976,49.33266272698829,8.569981634979506,0,1,5915.9185,0.30653143,4,1,false,false,13.005867,3.1462386,9.73081,-0.88785475,3
40.372654,0.2162471,49.33265796150515,8.569987275000788,0,1,5919.3438,0.3088565,4,1,false,false,13.399764,3.0926232,10.951923,-0.88285637,3
40.41763,0.2163968,49.332653286024794,8.569993053146753,0,1,5933.605,0.3114715,4,1,false,false,13.791727,2.9809527,11.653804,-0.8777053,3
40.46151,0.21654668,49.33264852054165,8.569998831292716,0,1,5948.303,0.31118056,4,1,false,false,13.953839,3.0049014,11.121122,-0.8722403,3
40.506466,0.21669692,49.332643845061305,8.570004746723702,0,1,5959.0327,0.30682242,4,1,false,false,13.050042,3.0954766,10.271969,-0.86641854,3
40.554718,0.21684733,49.33263907930376,8.570010524449835,0,1,5965.0645,0.30013973,4,1,false,false,12.721574,3.3020198,10.092499,-0.8604698,3
40.604538,0.21699792,49.33263440382341,8.570016440300652,0,1,5959.8765,0.29374635,4,1,false,false,13.2744,3.3764176,10.448442,-0.8547159,3
40.65377,0.21714875,49.332629728343065,8.57002249343649,0,1,5951.017,0.29200318,4,1,false,false,14.10049,3.2884514,12.196608,-0.84926164,3
40.700073,0.21729985,49.33262505258831,8.570028546152495,0,1,5952.4727,0.29432824,4,1,false,false,14.394467,3.0601954,11.440783,-0.8439856,3
40.743267,0.21745124,49.33262046711075,8.57003459928833,0,1,5969.3506,0.2972331,4,1,false,false,13.839571,2.931829,10.832199,-0.8386867,3
40.78608,0.21760282,49.3326158813588,8.570040652424167,0,1,5987.504,0.2975246,4,1,false,false,13.2754545,2.9558327,10.2198105,-0.8333035,3
40.83182,0.21775454,49.33261120587844,8.570046843264857,0,1,5995.402,0.2969432,4,1,false,false,13.392374,3.2303514,11.542068,-0.8278648,3
40.879482,0.2179065,49.332606620126484,8.570053034105545,0,1,5988.351,0.29519945,4,1,false,false,13.531699,3.238638,10.709096,-0.82249814,3
40.9263,0.21805888,49.33260212437732,8.570059362231254,0,1,5985.8623,0.29142228,4,1,false,false,12.930544,3.1057236,10.473255,-0.8172748,3
40.97077,0.21821146,49.33259753862536,8.570065690356962,0,1,6000.828,0.28619233,4,1,false,false,12.703908,2.9702322,10.636426,-0.8121788,3
41.014545,0.2183642,49.33259304287619,8.570072018482671,0,1,6018.5703,0.27892813,4,1,false,false,12.656526,3.0080693,10.742637,-0.8071042,3
41.059902,0.2185171,49.332588547127024,8.570078347028211,0,1,6023.962,0.2705012,4,1,false,false,12.245404,3.0791528,10.14847,-0.80203587,3
41.105755,0.21866988,49.33258405137786,8.570084812858772,0,1,6026.859,0.2617849,4,1,false,false,11.957992,3.0939746,10.337185,-0.7969903,3
41.151825,0.21882275,49.33257955562869,8.570091278689333,0,1,6039.8613,0.25364888,4,1,false,false,11.895787,3.0996768,10.148592,-0.7919485,3
41.198215,0.21897577,49.332575059879524,8.570097744519893,0,1,6048.8247,0.24725723,4,1,false,false,10.96284,3.1186678,8.884251,-0.7870019,3
41.245316,0.21912898,49.33257065413315,8.570104347635475,0,1,6049.361,0.2449321,4,1,false,false,10.722631,3.1274707,9.3099575,-0.78234404,3
41.292587,0.21928224,49.332566158383976,8.570110951170888,0,1,6055.716,0.24580398,4,1,false,false,10.8427,3.1221745,9.407005,-0.7779174,3
41.338352,0.21943548,49.3325617526376,8.570117554286467,0,1,6066.106,0.24841891,4,1,false,false,11.328032,3.0398896,10.04092,-0.7736367,3
41.381977,0.2195889,49.33255734661683,8.570124295526732,0,1,6075.453,0.25103393,4,1,false,false,11.54185,2.8471885,10.453345,-0.7693138,3
41.42512,0.21974249,49.33255294087045,8.570130898642313,0,1,6094.835,0.2521957,4,1,false,false,11.504752,2.9551165,10.736572,-0.76467645,3
41.469646,0.21989623,49.332548535124076,8.570137639882578,0,1,6111.92,0.24899986,4,1,false,false,11.612074,3.0180821,10.12326,-0.75970614,3
41.51689,0.22005007,49.33254421910609,8.570144518407862,0,1,6111.792,0.24405971,4,1,false,false,11.243594,3.2401226,9.645315,-0.754528,3
41.566826,0.22020406,49.332539903088104,8.570151259228295,0,1,6104.1006,0.23941115,4,1,false,false,11.187962,3.371072,9.5799885,-0.74940336,3
41.616688,0.22035827,49.33253549734173,8.570158137753578,0,1,6096.671,0.23621473,4,1,false,false,11.443024,3.2837636,9.6098585,-0.7445735,3
41.664253,0.22051264,49.332531181323745,8.570165016278862,0,1,6094.814,0.23505294,4,1,false,false,11.685936,3.138393,10.055956,-0.74012214,3
41.709194,0.22066714,49.33252695558295,8.570172032509,0,1,6102.444,0.23679614,4,1,false,false,11.726064,2.9566135,10.308493,-0.73593986,3
41.752148,0.22082177,49.332522639564964,8.570178911034283,0,1,6118.1743,0.23795894,4,1,false,false,11.577389,2.8595538,10.162093,-0.73180723,3
41.79434,0.22097655,49.33251841354977,8.570185926844587,0,1,6136.1143,0.23766793,4,1,false,false,11.440304,2.8422372,9.990986,-0.72754604,3
41.837635,0.22113149,49.33251409753179,8.570193080779577,0,1,6150.291,0.23418109,4,1,false,false,11.000881,2.9617398,10.261366,-0.7230828,3
41.88302,0.22128655,49.3325098715166,8.57020009658988,0,1,6157.248,0.22982298,4,1,false,false,11.479214,3.0928423,10.769581,-0.71846,3
41.92992,0.22144173,49.33250573550419,8.570207250524868,0,1,6157.6694,0.22546484,4,1,false,false,11.371887,3.159193,10.296525,-0.7137282,3
41.977215,0.22159709,49.332501509489,8.570214404040025,0,1,6155.813,0.22023372,4,1,false,false,11.310183,3.1453784,10.368035,-0.7090434,3
42.023933,0.22175263,49.332497283473806,8.570221557975014,0,1,6158.0522,0.21558519,4,1,false,false,11.1379175,3.1353467,10.497161,-0.704503,3
42.07064,0.22190835,49.332493147461406,8.570228849195022,0,1,6162.4736,0.210936,4,1,false,false,11.44401,3.1037009,10.615666,-0.70019203,3
42.11616,0.22206414,49.332489011449,8.57023614041503,0,1,6163.1025,0.20657842,4,1,false,false,11.398659,3.0382066,10.708015,-0.6961127,3
42.160988,0.22222008,49.3324848751622,8.570243431635038,0,1,6170.2104,0.20396347,4,1,false,false,11.4050045,2.9855056,11.092414,-0.6921517,3
42.205036,0.22237623,49.3324807391498,8.570250722855047,0,1,6182.2114,0.19989517,4,1,false,false,11.130364,2.9493842,10.665836,-0.6882071,3
42.249454,0.22253254,49.33247669286579,8.570258151360074,0,1,6191.62,0.19524665,4,1,false,false,10.4659605,2.9863524,9.935257,-0.6842617,3
42.295242,0.2226889,49.332472646856175,8.570265580284934,0,1,6197.9424,0.1903076,4,1,false,false,9.81401,3.059346,9.428373,-0.6803949,3
42.342075,0.22284546,49.332468510843775,8.570273009209794,0,1,6202.06,0.18682075,4,1,false,false,9.936629,3.0874085,9.845635,-0.6766954,3
42.388596,0.2230022,49.33246446455976,8.570280575419675,0,1,6203.6255,0.18652976,4,1,false,false,9.903509,3.0274763,10.348573,-0.6731765,3
42.43375,0.22315912,49.33246041827575,8.570288004344535,0,1,6210.47,0.18740168,4,1,false,false,9.740636,2.9068482,9.908057,-0.669754,3
42.477264,0.22331613,49.33245646199453,8.570295570554416,0,1,6227.3496,0.18769266,4,1,false,false,9.283689,2.8701172,9.226738,-0.6663059,3
42.521595,0.22347328,49.332452415984925,8.570303137184126,0,1,6243.732,0.18740161,4,1,false,false,8.749541,2.9448702,8.558339,-0.6628172,3
42.567837,0.22363062,49.332448459703706,8.570310841098859,0,1,6247.995,0.18740164,4,1,false,false,8.594234,3.054683,8.870206,-0.6593788,3
42.614964,0.22378814,49.33244450342249,8.57031840730874,0,1,6247.4443,0.18943574,4,1,false,false,8.927769,3.0308154,9.400365,-0.6560342,3
42.660736,0.22394581,49.33244054714127,8.570326111223471,0,1,6253.8716,0.19088845,4,1,false,false,9.084797,2.931501,9.96965,-0.65268725,3
42.70442,0.22410361,49.33243659086005,8.570333815138204,0,1,6268.79,0.1894358,4,1,false,false,9.481197,2.8142073,10.828192,-0.64918834,3
42.74807,0.22426158,49.33243263457883,8.570341519052935,0,1,6285.115,0.18362494,4,1,false,false,9.41585,2.8979115,10.137477,-0.6453944,3
42.79459,0.22441971,49.33242867829761,8.570349223387499,0,1,6291.2563,0.1720021,4,1,false,false,8.960029,3.094456,9.398625,-0.641399,3
42.843777,0.22457802,49.33242481201918,8.57035706458725,0,1,6284.1694,0.15602113,4,1,false,false,8.618933,3.2498357,9.527173,-0.63747954,3
42.89464,0.2247365,49.33242085573796,8.570364906206835,0,1,6273.92,0.1429467,4,1,false,false,9.175866,3.2541506,10.686018,-0.633875,3
42.94272,0.22489513,49.33241698945953,8.570372747826418,0,1,6267.16,0.13510232,4,1,false,false,9.445214,3.050287,11.231336,-0.6306421,3
42.987442,0.22505398,49.332413123181105,8.570380589446003,0,1,6276.648,0.12929146,4,1,false,false,8.977093,2.8229685,10.3366585,-0.6276468,3
43.030193,0.22521298,49.33240934663107,8.570388568350607,0,1,6297.676,0.12260873,4,1,false,false,8.177614,2.7926536,9.732563,-0.6247858,3
43.074738,0.22537209,49.33240548035264,8.57039640997019,0,1,6312.092,0.1147643,4,1,false,false,7.845948,2.9470642,9.87427,-0.62206084,3
43.121464,0.22553141,49.332401614074215,8.570404388874795,0,1,6311.4146,0.10691934,4,1,false,false,7.9955716,3.0307574,10.69282,-0.6194978,3
43.168777,0.22569089,49.33239783752418,8.57041236819923,0,1,6309.6807,0.103722356,4,1,false,false,7.293652,3.0044098,9.269399,-0.61706525,3
43.21454,0.22585057,49.332394061248536,8.570420347103834,0,1,6318.661,0.104594775,4,1,false,false,6.9042544,2.8784645,9.264319,-0.61482966,3
43.25926,0.22601041,49.33239019469571,8.57042846371329,0,1,6335.1157,0.10866246,4,1,false,false,6.502879,2.8608525,8.853017,-0.6127467,3
43.305664,0.22617044,49.33238641842007,8.570436443037726,0,1,6344.8623,0.11621704,4,1,false,false,6.565963,2.9585848,9.516715,-0.6107983,3
43.350845,0.22633062,49.33238264187004,8.570444559647182,0,1,6343.5957,0.12580459,4,1,false,false,6.4957366,2.6713412,9.220882,-0.6089332,3
43.39498,0.22649099,49.332378955322795,8.570452676256638,0,1,6362.063,0.13655497,4,1,false,false,6.3741336,2.8174627,9.172779,-0.6069695,3
43.43888,0.22665155,49.332375179047155,8.570460792866093,0,1,6384.6426,0.14352758,4,1,false,false,6.5032964,2.7499478,9.466693,-0.604834,3
43.484825,0.22681227,49.33237140249712,8.570469047180401,0,1,6389.369,0.14498088,4,1,false,false,6.491131,2.9970524,9.794841,-0.6024978,3
43.53375,0.22697318,49.33236771594987,8.570477163789857,0,1,6386.448,0.14091319,4,1,false,false,6.5581627,3.077979,9.595647,-0.60001606,3
43.58234,0.2271343,49.33236393967424,8.570485418104164,0,1,6384.017,0.13568318,4,1,false,false,6.386902,2.9941406,9.888822,-0.5974639,3
43.62993,0.22729565,49.33236025312699,8.570493672418472,0,1,6388.3716,0.1295813,4,1,false,false,6.4918404,2.9651937,10.109236,-0.59491056,3
43.676704,0.22745715,49.33235656657975,8.570501789027928,0,1,6394.4985,0.12406142,4,1,false,false,6.578841,2.9258642,10.469149,-0.592376,3
43.723183,0.22761887,49.3323528800325,8.570510180627256,0,1,6397.754,0.11854101,4,1,false,false,6.579154,2.9219708,10.527825,-0.58988047,3
43.769688,0.22778074,49.33234919348526,8.570518434941564,0,1,6402.566,0.11331103,4,1,false,false,6.512342,2.9185054,10.472889,-0.5874231,3
43.816135,0.22794287,49.33234550693801,8.570526689255871,0,1,6408.785,0.108662456,4,1,false,false,6.24548,2.9321215,9.951603,-0.58502746,3
43.862476,0.2281052,49.332341820390766,8.5705350808552,0,1,6412.4424,0.10459476,4,1,false,false,6.067636,2.9042926,9.793889,-0.58275956,3
43.908848,0.22826771,49.332338223846314,8.570543472874359,0,1,6416.3643,0.10227076,4,1,false,false,5.913244,2.9079578,9.766552,-0.58063567,3
43.954674,0.22843038,49.33233453729907,8.570551864473686,0,1,6422.0034,0.1013989,4,1,false,false,5.95475,2.8099635,10.15303,-0.57866067,3
43.999096,0.2285933,49.332330940754616,8.570560256492845,0,1,6431.1655,0.1013989,4,1,false,false,5.760537,2.752531,10.22644,-0.57674617,3
44.0432,0.22875644,49.33232725420737,8.570568648092173,0,1,6445.741,0.10168876,4,1,false,false,5.5788255,2.7538402,10.083833,-0.5748141,3
44.087303,0.22891976,49.33232365766291,8.570577177396352,0,1,6457.716,0.09965575,4,1,false,false,5.3398128,2.7703068,9.5339155,-0.5728358,3
44.133373,0.22908323,49.33232006111846,8.570585569415512,0,1,6464.824,0.09558806,4,1,false,false,5.2155943,2.93542,9.437189,-0.57083994,3
44.180767,0.22924688,49.332316464574006,8.570594098719692,0,1,6464.277,0.090358056,4,1,false,false,5.02304,2.9276266,9.15893,-0.5689102,3
44.227882,0.22941071,49.33231286775515,8.570602628023872,0,1,6463.4663,0.08687177,4,1,false,false,4.7452636,2.8992748,8.804273,-0.5671152,3
44.273243,0.22957471,49.3323092712107,8.57061115732805,0,1,6471.132,0.08716163,4,1,false,false,4.731768,2.744845,9.495253,-0.5654619,3
44.317,0.22973888,49.332305674666244,8.57061968663223,0,1,6485.2515,0.091809645,4,1,false,false,4.7551346,2.6740794,9.512238,-0.56387216,3
44.360283,0.22990319,49.33230207812179,8.570628216356242,0,1,6500.263,0.09674979,4,1,false,false,4.857118,2.671346,9.821792,-0.5622529,3
44.40365,0.23006769,49.33229857130573,8.570636882945442,0,1,6513.1113,0.09965577,4,1,false,false,4.8884964,2.7432113,9.808339,-0.5605176,3
44.449883,0.23023231,49.332294974761275,8.570645412669453,0,1,6521.817,0.09994562,4,1,false,false,4.9865313,2.9190695,10.060582,-0.5586376,3
44.49758,0.23039712,49.33229137821682,8.570654079258652,0,1,6517.682,0.097912066,4,1,false,false,4.945795,2.9708705,9.80235,-0.5566829,3
44.546177,0.2305621,49.33228787140076,8.570662746267685,0,1,6512.192,0.09500717,4,1,false,false,4.82066,2.9985957,9.705298,-0.55473524,3
44.593292,0.23072723,49.33228436485909,8.570671413276715,0,1,6512.031,0.093263485,4,1,false,false,4.8778906,2.849622,10.267972,-0.5528889,3
44.63883,0.23089252,49.33228076831464,8.570680080285747,0,1,6517.123,0.09268261,4,1,false,false,4.9033904,2.787745,9.939637,-0.5511524,3
44.682983,0.23105802,49.332277261498575,8.57068874729478,0,1,6525.1885,0.092392765,4,1,false,false,4.7214484,2.6769633,9.68554,-0.5495067,3
44.72585,0.23122361,49.332273754956915,8.57069755158883,0,1,6537.368,0.092973635,4,1,false,false,4.6902833,2.6524518,9.881745,-0.5479044,3
44.76937,0.23138934,49.33227024814085,8.570706218597861,0,1,6551.374,0.0935545,4,1,false,false,4.7332387,2.6811092,10.178023,-0.546277,3
44.81304,0.23155524,49.33226674159919,8.570715023311745,0,1,6558.245,0.09384433,4,1,false,false,4.7894034,2.7226133,10.445706,-0.5446079,3
44.857677,0.23172133,49.33226323478313,8.570723827605796,0,1,6564.065,0.09297361,4,1,false,false,4.637515,2.767269,9.919835,-0.54286104,3
44.90284,0.23188755,49.33225972824147,8.57073263231968,0,1,6570.4414,0.09180963,4,1,false,false,4.5403852,2.8012724,9.8254175,-0.54107374,3
44.94845,0.23205388,49.3322562214254,8.570741436613732,0,1,6572.9106,0.09035805,4,1,false,false,4.634172,2.8298311,10.451861,-0.5392894,3
44.99433,0.23222038,49.33225280461213,8.570750241327614,0,1,6573.0625,0.08948621,4,1,false,false,4.570658,2.8186107,10.220967,-0.53753287,3
45.039207,0.23238707,49.332249298070465,8.570759045621667,0,1,6575.2275,0.08716163,4,1,false,false,4.430117,2.7358496,9.820967,-0.53583884,3
45.08276,0.23255387,49.332245881257194,8.57076798762057,0,1,6584.675,0.083675355,4,1,false,false,4.4079804,2.6862705,10.048083,-0.53420186,3
45.126266,0.23272082,49.33224237444114,8.570776792334453,0,1,6595.247,0.08048004,4,1,false,false,4.3847384,2.681015,10.510172,-0.5326051,3
45.16978,0.23288792,49.33223895790226,8.570785734333356,0,1,6599.3945,0.07670168,4,1,false,false,4.4712377,2.6848943,11.192407,-0.53103775,3
45.213024,0.23305517,49.33223554108899,8.570794676332259,0,1,6607.0723,0.07205366,4,1,false,false,4.275762,2.6797457,10.197623,-0.52944803,3
45.256786,0.23322254,49.33223203427293,8.570803618750995,0,1,6616.845,0.06711464,4,1,false,false,3.9639957,2.705803,9.457929,-0.52786684,3
45.301243,0.23339006,49.332228617459656,8.570812560749898,0,1,6619.8154,0.059560094,4,1,false,false,3.6594787,2.7858317,9.340773,-0.52637357,3
45.347073,0.23355776,49.33222520064639,8.570821502748801,0,1,6618.9297,0.05171567,4,1,false,false,3.738168,2.8117244,10.028667,-0.5250408,3
45.39063,0.23372559,49.33222178410752,8.570830582452556,0,1,6618.806,0.046194684,4,1,false,false,3.4716666,2.6110466,10.02398,-0.5238695,3
45.431915,0.23389354,49.332218367294246,8.570839524451461,0,1,6633.877,0.042999398,4,1,false,false,3.1980948,2.491217,9.836925,-0.5228054,3
45.47229,0.23406164,49.332214950480974,8.570848604155216,0,1,6656.473,0.040965833,4,1,false,false,3.0620377,2.5093946,9.379238,-0.521795,3
45.51448,0.23422985,49.3322115336677,8.57085754615412,0,1,6668.0386,0.04038497,4,1,false,false,2.9592154,2.6582165,9.646206,-0.52081347,3
45.55922,0.23439826,49.332208206857224,8.570866625857875,0,1,6667.0693,0.04125682,4,1,false,false,2.9301698,2.795702,9.526505,-0.5198799,3
45.604576,0.23456676,49.33220479004395,8.57087570556163,0,1,6665.1377,0.042999405,4,1,false,false,2.8027618,2.7435117,9.096434,-0.5190117,3
45.648342,0.23473543,49.33220137323068,8.570884785055469,0,1,6670.1475,0.04648569,4,1,false,false,2.768051,2.6364117,9.659672,-0.5182083,3
45.691097,0.23490424,49.33219795641741,8.570893864759224,0,1,6680.3335,0.051134802,4,1,false,false,2.7294924,2.5848272,9.539992,-0.51742786,3
45.733364,0.23507321,49.33219462960693,8.57090294446298,0,1,6689.3247,0.054621104,4,1,false,false,2.958282,2.5802684,9.83326,-0.51664484,3
45.775486,0.23524228,49.33219121279366,8.57091216166167,0,1,6697.37,0.056654662,4,1,false,false,3.0226219,2.5918946,10.247528,-0.515789,3
45.819202,0.2354115,49.332187796254786,8.570921241365426,0,1,6706.091,0.057526525,4,1,false,false,2.809455,2.6975777,9.690925,-0.5148157,3
45.863056,0.23558086,49.33218446916991,8.570930458564117,0,1,6706.9766,0.05810738,4,1,false,false,2.5586107,2.670846,8.710943,-0.5137981,3
45.908108,0.23575039,49.332181052631036,8.570939538267872,0,1,6707.987,0.05897924,4,1,false,false,2.5892513,2.791693,9.586939,-0.5127997,3
45.95232,0.23592007,49.33217772554615,8.570948755466564,0,1,6707.4575,0.05985109,4,1,false,false,2.7168837,2.6200821,9.979679,-0.5118488,3
45.994488,0.23608984,49.332174309007286,8.570957972665255,0,1,6711.1987,0.060431946,4,1,false,false,2.7457218,2.5134418,9.638812,-0.5109001,3
46.03427,0.2362598,49.3321709819224,8.570967189863946,0,1,6727.2876,0.060140956,4,1,false,false,2.719444,2.4115036,9.674686,-0.50987744,3
46.07513,0.2364299,49.332167565383536,8.570976407062638,0,1,6747.115,0.0581074,4,1,false,false,2.7853863,2.5770707,10.162044,-0.5087493,3
46.118797,0.23660009,49.33216423829865,8.57098562426133,0,1,6748.338,0.05665468,4,1,false,false,2.625606,2.753576,10.175211,-0.5075659,3
46.16337,0.23677045,49.332160911488174,8.57099484146002,0,1,6738.3774,0.05578394,4,1,false,false,2.3839746,2.7008164,9.930422,-0.5064138,3
46.207058,0.23694097,49.3321574946749,8.571004058868628,0,1,6743.2803,0.055201955,4,1,false,false,2.6823218,2.6340625,9.888755,-0.50533646,3
46.24873,0.23711163,49.332154167864424,8.571013413562254,0,1,6753.35,0.055201963,4,1,false,false,2.7240958,2.5133781,9.712369,-0.5043068,3
46.29012,0.23728243,49.332150841053945,8.571022630760945,0,1,6758.525,0.056364812,4,1,false,false,2.80863,2.5205529,9.924011,-0.50331473,3
46.331657,0.23745336,49.33214751424346,8.571031985664488,0,1,6765.2007,0.058979243,4,1,false,false,2.8285894,2.5487385,10.565419,-0.5023088,3
46.372776,0.23762442,49.33214418743298,8.571041340358116,0,1,6772.8467,0.060431946,4,1,false,false,2.707836,2.4858444,9.596421,-0.5012661,3
46.413563,0.23779565,49.3321408606225,8.57105069526166,0,1,6781.997,0.060140956,4,1,false,false,2.6949315,2.5107763,9.045818,-0.5001873,3
46.455147,0.237967,49.332137533537626,8.571060049955285,0,1,6790.682,0.058398373,4,1,false,false,2.6784098,2.5595243,9.260566,-0.4990875,3
46.49731,0.2381385,49.33213420672714,8.571069404858829,0,1,6792.4546,0.056945674,4,1,false,false,2.5437295,2.5587358,9.623227,-0.4979901,3
46.538486,0.23831016,49.33213087991666,8.571078759552456,0,1,6795.262,0.056073815,4,1,false,false,2.6029003,2.4765368,9.8602915,-0.49691075,3
46.578205,0.23848195,49.33212755310618,8.571088114456,0,1,6809.538,0.05433011,4,1,false,false,2.6072521,2.3838565,9.590654,-0.4958059,3
46.6181,0.23865388,49.332124226295704,8.571097469149626,0,1,6825.9644,0.052587524,4,1,false,false,2.5398726,2.4697688,9.58862,-0.49466318,3
46.65983,0.23882595,49.332120899485226,8.571106961548105,0,1,6829.535,0.05142468,4,1,false,false,2.6583862,2.607455,10.212204,-0.49351904,3
46.703426,0.2389982,49.33211757267474,8.571116316241733,0,1,6824.423,0.050843827,4,1,false,false,2.7410212,2.6760058,10.378833,-0.49238798,3
46.746197,0.2391706,49.332114245589864,8.571125808640211,0,1,6822.043,0.050843824,4,1,false,false,2.8141766,2.5695329,10.172857,-0.4912849,3
46.78759,0.23934312,49.33211100878218,8.57113530103869,0,1,6828.335,0.050843824,4,1,false,false,2.9065506,2.5123906,10.691689,-0.4902063,3
46.828876,0.23951581,49.33210768197169,8.57114479343717,0,1,6834.952,0.05142468,4,1,false,false,2.9076123,2.552526,10.488557,-0.4891495,3
46.86977,0.23968865,49.33210435516121,8.571154285835648,0,1,6834.743,0.05258753,4,1,false,false,2.7885988,2.4810462,10.182937,-0.48814133,3
46.910324,0.23986161,49.33210111807913,8.571163778234128,0,1,6839.44,0.053458262,4,1,false,false,2.8003285,2.4784884,10.108246,-0.48716858,3
46.9502,0.2400347,49.332097791268644,8.57117327042269,0,1,6848.509,0.054910965,4,1,false,false,2.7906425,2.4215035,9.725408,-0.4862252,3
46.98924,0.24020793,49.332094464458166,8.57118276282117,0,1,6854.986,0.05578394,4,1,false,false,2.6767693,2.3564174,8.980168,-0.48531875,3
47.02821,0.24038129,49.33209122737608,8.57119225521965,0,1,6864.597,0.05694566,4,1,false,false,2.4757779,2.3798308,8.73449,-0.4844173,3
47.06657,0.2405547,49.33208799056839,8.571201885113064,0,1,6875.317,0.058398373,4,1,false,false,2.7614632,2.3069596,10.303462,-0.48352066,3
47.10461,0.24072827,49.33208466375791,8.571211377511544,0,1,6887.5215,0.05839838,4,1,false,false,2.7972417,2.3019807,10.300217,-0.4825416,3
47.14267,0.24090196,49.33208142667582,8.571221007404958,0,1,6901.0273,0.05839838,4,1,false,false,2.5264335,2.3265605,9.1742935,-0.48144367,3
47.18197,0.2410758,49.33207809986534,8.571230637298374,0,1,6911.7144,0.057817526,4,1,false,false,2.428127,2.547604,9.40545,-0.48027584,3
47.22607,0.24124978,49.332074863057656,8.571240129696852,0,1,6908.8135,0.057236664,4,1,false,false,2.6735656,2.6683311,9.518044,-0.47912374,3
47.269497,0.24142395,49.332071625975566,8.571249759800184,0,1,6891.089,0.05694566,4,1,false,false,2.8600595,2.6059783,10.379223,-0.47804388,3
47.31016,0.24159826,49.33206838916787,8.571259389693598,0,1,6891.26,0.05781752,4,1,false,false,2.8593287,2.412551,10.668319,-0.47699043,3
47.347897,0.24177273,49.33206515208579,8.571269019587014,0,1,6909.9297,0.05897923,4,1,false,false,2.853966,2.2475996,9.837218,-0.47593063,3
47.385292,0.24194732,49.33206182527531,8.571278786975364,0,1,6923.005,0.05897924,4,1,false,false,2.8144734,2.3529003,9.314588,-0.4748465,3
47.42509,0.24212208,49.33205858819322,8.571288417078696,0,1,6924.6514,0.057817526,4,1,false,false,2.8011782,2.4844177,10.191834,-0.4737615,3
47.465374,0.24229698,49.33205535138553,8.57129804697211,0,1,6922.056,0.056364812,4,1,false,false,2.699447,2.4132578,10.349515,-0.47268713,3
47.50415,0.24247201,49.332052114303444,8.57130781436046,0,1,6927.727,0.056364805,4,1,false,false,2.857997,2.3140132,9.468241,-0.47162881,3
47.54107,0.24264723,49.33204887749575,8.571317444463793,0,1,6943.194,0.0546211,4,1,false,false,2.6089203,2.2511744,9.899203,-0.47053212,3
47.57823,0.24282256,49.33204573041645,8.571327211852143,0,1,6956.6973,0.052877396,4,1,false,false,2.905024,2.2756553,9.555427,-0.46941712,3
47.617966,0.24299802,49.33204249360877,8.57133697945041,0,1,6959.9707,0.05142469,4,1,false,false,2.6777008,2.4471016,10.4136505,-0.46826848,3
47.657383,0.24317364,49.33203925652668,8.571346746838762,0,1,6957.1025,0.052006677,4,1,false,false,2.653985,2.3995776,9.8403,-0.46714523,3
47.69796,0.24334943,49.33203601971899,8.571356514437028,0,1,6961.2554,0.05316838,4,1,false,false,2.7333496,2.5019803,10.181855,-0.46605426,3
47.737495,0.24352534,49.3320327826369,8.571366281825378,0,1,6961.699,0.053749245,4,1,false,false,3.026532,2.3976266,10.2523,-0.46502185,3
47.77624,0.24370143,49.3320296355576,8.571376049423646,0,1,6962.1973,0.05374925,4,1,false,false,2.9752717,2.3439455,9.783445,-0.46400964,3
47.813717,0.24387765,49.33202639874992,8.571385817021913,0,1,6970.414,0.0546211,4,1,false,false,2.7352405,2.2652054,9.542619,-0.46300665,3
47.850655,0.24405402,49.33202325167062,8.5713957219052,0,1,6980.9634,0.055201955,4,1,false,false,2.7868931,2.2583811,9.832131,-0.46202415,3
47.887875,0.24423051,49.332020014862934,8.571405489503466,0,1,6988.7837,0.05433011,4,1,false,false,2.6903856,2.2623656,9.361358,-0.4610489,3
47.924698,0.24440716,49.332016867783636,8.57141539459667,0,1,6994.9604,0.05229655,4,1,false,false,2.782118,2.2503064,9.956117,-0.46006504,3
47.96157,0.24458396,49.332013630701546,8.571425162194936,0,1,7005.495,0.051134806,4,1,false,false,2.5298064,2.250793,8.849449,-0.45905852,3
47.998676,0.24476092,49.332010483896646,8.571435067078223,0,1,7014.8325,0.05026296,4,1,false,false,2.6391973,2.251989,10.233089,-0.45806295,3
48.036633,0.24493799,49.33200733681735,8.571444972171426,0,1,7019.579,0.05055396,4,1,false,false,2.6815593,2.3753047,10.3772335,-0.45704645,3
48.07512,0.2451152,49.332004099872464,8.571454877264628,0,1,7020.7954,0.05113481,4,1,false,false,2.6322277,2.2911255,9.6763525,-0.45601523,3
48.112957,0.24529257,49.332000952793166,8.57146478235783,0,1,7024.88,0.051424675,4,1,false,false,2.7634993,2.3623152,9.999612,-0.45497045,3
48.15212,0.2454701,49.33199780585107,8.571474687451035,0,1,7030.164,0.051424682,4,1,false,false,2.6488605,2.374042,9.686902,-0.45393562,3
48.190617,0.24564779,49.33199465877177,8.571484592544238,0,1,7025.0303,0.051424682,4,1,false,false,2.622402,2.33859,9.667182,-0.4529668,3
48.22827,0.24582559,49.33199151169247,8.57149449763744,0,1,7027.2285,0.05258753,4,1,false,false,2.7304478,2.2815912,10.531102,-0.45204523,3
48.26418,0.24600355,49.33198827474759,8.571504402730643,0,1,7039.139,0.054621093,4,1,false,false,2.8629892,2.1283712,10.452915,-0.4511187,3
48.29948,0.24618167,49.33198512780549,8.571514445318781,0,1,7050.7393,0.056073807,4,1,false,false,2.7130568,2.1760778,9.728484,-0.4501441,3
48.335598,0.2463599,49.331982070728984,8.571524350411984,0,1,7059.0557,0.056364812,4,1,false,false,2.7254846,2.2977996,10.247778,-0.44912976,3
48.37334,0.2465383,49.331978923649686,8.571534393000123,0,1,7060.9927,0.056364805,4,1,false,false,2.8213623,2.2916374,10.525412,-0.44809103,3
48.41163,0.24671683,49.33197577657039,8.571544435798177,0,1,7058.23,0.056654662,4,1,false,false,2.5770087,2.3095183,9.056165,-0.44706243,3
48.448692,0.24689554,49.33197262962829,8.571554478386316,0,1,7061.0127,0.05694567,4,1,false,false,2.6110344,2.2650402,9.227491,-0.44608018,3
48.484577,0.24707434,49.33196948254899,8.571564520974455,0,1,7068.8853,0.05752652,4,1,false,false,2.710833,2.2040153,9.98173,-0.4451461,3
48.51976,0.24725333,49.33196633560689,8.571574563562594,0,1,7076.2593,0.057526525,4,1,false,false,2.6684942,2.061007,9.725193,-0.44420376,3
48.55347,0.24743243,49.33196327839319,8.571584606360648,0,1,7088.3936,0.057526525,4,1,false,false,2.557784,2.0532484,9.730137,-0.4431957,3
48.58768,0.24761163,49.33196013145109,8.571594648948787,0,1,7107.264,0.05491097,4,1,false,false,2.667327,2.178945,10.064548,-0.44209284,3
48.62457,0.247791,49.33195707423739,8.571604691536926,0,1,7112.3247,0.049682096,4,1,false,false,2.608039,2.2769663,9.716228,-0.44094875,3
48.663258,0.24797054,49.33195392729529,8.571614734334982,0,1,7103.2163,0.042418547,4,1,false,false,2.4189434,2.4086127,9.740858,-0.43982714,3
48.702084,0.2481502,49.33195087021878,8.571624914418056,0,1,7098.2085,0.038060397,4,1,false,false,2.3688478,2.3173506,9.427884,-0.43879768,3
48.738667,0.24833003,49.331947723139486,8.571634957006195,0,1,7100.8594,0.036026835,4,1,false,false,2.3342278,2.1501682,9.1737,-0.43790206,3
48.773907,0.24850999,49.33194466606298,8.571645137299186,0,1,7109.724,0.03486398,4,1,false,false,2.4424899,2.1319234,9.993019,-0.4371226,3
48.807846,0.24869008,49.33194151898368,8.571655317592176,0,1,7118.9263,0.034283128,4,1,false,false,2.408275,2.0527894,10.291777,-0.4363783,3
48.841152,0.24887031,49.33193846190718,8.571665497675252,0,1,7130.1685,0.035154976,4,1,false,false,2.3729336,2.0076694,10.090794,-0.4356075,3
48.87563,0.24905066,49.33193540483067,8.571675540473306,0,1,7144.3784,0.03573583,4,1,false,false,2.1145701,2.1400647,9.138651,-0.43480018,3
48.913387,0.24923116,49.331932257751376,8.571685720556381,0,1,7147.4824,0.034863982,4,1,false,false,2.2021415,2.4287574,9.60551,-0.4340163,3
48.95167,0.24941182,49.33192920067487,8.571695900849372,0,1,7132.7075,0.03457412,4,1,false,false,2.16982,2.3436081,9.591592,-0.43331012,3
48.98841,0.24959259,49.331926143598366,8.571706081142363,0,1,7129.2236,0.036607675,4,1,false,false,2.1640139,2.0948932,9.955412,-0.4326609,3
49.0223,0.24977352,49.331923086384656,8.571716398930288,0,1,7146.179,0.03864125,4,1,false,false,2.1444104,1.9955338,10.234768,-0.4320208,3
49.05511,0.2499546,49.33192002930815,8.571726579013363,0,1,7162.7476,0.039511994,4,1,false,false,2.2606792,2.0629027,9.642238,-0.4313478,3
49.089394,0.25013578,49.331916972231646,8.571736759306354,0,1,7166.809,0.039802987,4,1,false,false,2.0462306,2.1402767,9.251569,-0.43063927,3
49.126003,0.2503171,49.33191391515514,8.571747077094281,0,1,7166.9946,0.03922213,4,1,false,false,1.9980049,2.254851,9.830499,-0.42991847,3
49.16249,0.25049856,49.33191085794144,8.571757257387272,0,1,7165.5894,0.03922212,4,1,false,false,1.9867365,2.146133,9.413049,-0.42921704,3
49.196976,0.25068018,49.331907800864926,8.571767575175198,0,1,7168.9844,0.040965825,4,1,false,false,2.1043096,2.0519497,10.105272,-0.42853287,3
49.230907,0.25086188,49.33190474378842,8.571777892963125,0,1,7182.3647,0.042127535,4,1,false,false,2.0129776,2.0582163,9.773664,-0.42783093,3
49.264523,0.25104377,49.331901686711916,8.5717880730462,0,1,7190.9707,0.042709537,4,1,false,false,2.062702,2.0914187,9.888237,-0.42710876,3
49.299328,0.25122574,49.33189862949821,8.571798390834127,0,1,7193.8047,0.043580264,4,1,false,false,2.102928,2.1592653,10.227678,-0.42634112,3
49.33535,0.25140786,49.33189557242171,8.571808708622052,0,1,7194.4814,0.043871257,4,1,false,false,2.2170262,2.1530735,10.010924,-0.4255289,3
49.370956,0.25159013,49.3318925153452,8.57181902640998,0,1,7194.494,0.043290395,4,1,false,false,2.1102252,2.1566632,9.476749,-0.42468745,3
49.405956,0.25177252,49.331889548134285,8.571829344197907,0,1,7197.184,0.042127542,4,1,false,false,2.0165868,2.1320574,10.316653,-0.42384595,3
49.44042,0.25195497,49.33188649105778,8.571839661985832,0,1,7200.9116,0.04125681,4,1,false,false,2.0618942,2.0924728,10.557396,-0.4230251,3
49.473896,0.25213757,49.331883433981275,8.57184997977376,0,1,7205.7695,0.04125682,4,1,false,false,2.0159335,2.0051646,9.724108,-0.42221665,3
49.47095,0.25232026,49.33188046677036,8.571860435266538,0,1,7238.809,0.042418532,0,1,false,false,1.9210768,-1.0932995,9.435358,-0.4214303,3
49.474678,0.25250286,49.33187740969385,8.571870753054464,0,1,6545.109,0.043871246,5,1,false,false,2.0815768,3.9106357,11.578472,-0.42070454,3
49.57146,0.2526856,49.331874442482935,8.571881070842391,0,1,5783.8335,0.045904834,5,1,false,false,2.461571,4.756619,10.230854,-0.41993248,3
49.598587,0.25286865,49.33187138526923,8.571891526125254,0,1,6094.1953,0.047939528,5,1,false,false,2.0825336,0.24628423,9.851846,-0.4190715,3
49.615868,0.2530517,49.331868328192726,8.571901981408116,0,1,6112.655,0.051134814,5,1,false,false,2.1537876,2.1143546,10.241881,-0.41822928,3
49.66421,0.25323486,49.331865360981816,8.571912299196043,0,1,5969.7646,0.053168397,5,1,false,false,2.276169,3.047481,10.077545,-0.4173799,3
49.702103,0.2534182,49.3318623937709,8.571922754688822,0,1,6017.3984,0.055201955,5,1,false,false,2.3880563,1.7886281,10.561125,-0.4165034,3
49.72927,0.25360167,49.33185933669439,8.571933209971684,0,1,6069.2417,0.055783957,5,1,false,false,2.5702558,1.8044127,10.620192,-0.4156007,3
49.764137,0.2537852,49.331856369483475,8.571943665254548,0,1,6037.648,0.055201955,5,1,false,false,2.5300593,2.30448,9.910043,-0.41464803,3
49.800823,0.25396883,49.331853402272564,8.571954120747325,0,1,6035.1006,0.05433011,5,1,false,false,2.3713582,2.1612234,9.869321,-0.4136396,3
49.834072,0.25415263,49.33185034519606,8.571964576030188,0,1,6055.367,0.0531684,5,1,false,false,2.2926753,2.0006788,9.543697,-0.41264418,3
49.867466,0.25433654,49.33184737798514,8.57197503131305,0,1,6052.151,0.052006677,5,1,false,false,2.3487194,2.0716941,9.261706,-0.41169754,3
49.90085,0.2545205,49.33184441077423,8.57198548680583,0,1,6054.9185,0.051134817,5,1,false,false,2.2583845,1.9930123,8.954517,-0.4107737,3
49.93252,0.25470462,49.33184144370051,8.571996079583627,0,1,6072.1455,0.05055396,5,1,false,false,2.2571294,1.8861766,9.020813,-0.409844,3
49.96458,0.25488883,49.3318384764896,8.572006535076406,0,1,6083.3306,0.050843813,5,1,false,false,2.3583195,1.9960215,9.584773,-0.40888682,3
49.998302,0.25507313,49.33183550927868,8.57201712806412,0,1,6086.567,0.05113482,5,1,false,false,2.3239589,2.0837924,9.387348,-0.4078822,3
50.03271,0.25525758,49.33183254206777,8.572027583346983,0,1,6090.9985,0.051134814,5,1,false,false,2.399719,2.1251123,9.4379,-0.40683976,3
50.06789,0.2554421,49.331829574856854,8.572038176334697,0,1,6093.6787,0.05055396,5,1,false,false,2.5653636,2.1756072,9.77706,-0.4057668,3
50.104267,0.2556268,49.331826607645944,8.572048769112497,0,1,6089.1943,0.050262958,5,1,false,false,2.566791,2.1989527,9.589398,-0.4046916,3
50.139683,0.25581157,49.331823640435026,8.572059224605274,0,1,6085.731,0.048520375,5,1,false,false,2.619011,2.129435,9.645909,-0.40365443,3
50.173473,0.25599647,49.3318207632269,8.572069817383074,0,1,6091.375,0.047647413,5,1,false,false,2.6090581,2.0511496,10.168726,-0.40265965,3
50.206654,0.2561815,49.33181779601599,8.572080410370788,0,1,6096.4736,0.047357544,5,1,false,false,2.5772913,1.9888325,9.421684,-0.4017045,3
50.239475,0.25636664,49.33181482880507,8.572091003358501,0,1,6101.832,0.046775542,5,1,false,false,2.6964,2.0019047,10.047744,-0.4007752,3
50.272316,0.25655186,49.33181195145975,8.572101596346217,0,1,6110.3677,0.04590482,5,1,false,false,2.7552607,2.0237513,10.176535,-0.3998216,3
50.3058,0.2567372,49.331808984386036,8.572112326828867,0,1,6113.968,0.04561383,5,1,false,false,2.4963117,2.0260127,9.263932,-0.39884135,3
50.339832,0.25692266,49.331806017175126,8.572122919606665,0,1,6115.772,0.045032978,5,1,false,false,2.7043526,2.1031969,9.766689,-0.39787593,3
50.374237,0.25710824,49.3318031398298,8.57213351259438,0,1,6118.0757,0.04503297,5,1,false,false,2.6922753,2.1188033,10.552362,-0.39691898,3
50.40786,0.25729394,49.33180026262168,8.57214424307703,0,1,6116.991,0.045613825,5,1,false,false,2.6668968,2.0352159,10.142128,-0.39598033,3
50.440376,0.25747976,49.33179729541076,8.572154836064746,0,1,6124.391,0.046194687,5,1,false,false,2.654387,1.9895045,9.638966,-0.395048,3
50.47301,0.25766563,49.33179441806544,8.572165566547396,0,1,6133.3525,0.04619469,5,1,false,false,2.7580233,2.024436,9.799732,-0.3941114,3
50.5066,0.25785166,49.33179154085732,8.572176297030046,0,1,6131.826,0.045904834,5,1,false,false,2.6171324,2.0678442,9.344704,-0.3931745,3
50.540043,0.2580378,49.3317885736464,8.572187027512696,0,1,6132.3076,0.045904826,5,1,false,false,2.8110735,2.0031083,9.620725,-0.39225757,3
50.572227,0.25822404,49.331785696301075,8.572197620500411,0,1,6140.914,0.047357533,5,1,false,false,2.637628,1.9446154,10.105005,-0.39134216,3
50.603848,0.2584104,49.33178281909296,8.572208350983061,0,1,6148.6553,0.04822939,5,1,false,false,2.5077035,1.9138882,9.658636,-0.39041546,3
50.635765,0.25859684,49.331779941747634,8.572219081465711,0,1,6155.509,0.048810244,5,1,false,false,2.6323442,1.9659826,9.191042,-0.38947305,3
50.668694,0.25878343,49.33177706453951,8.572229949443297,0,1,6160.8735,0.048520394,5,1,false,false,2.6707509,2.0197835,9.509303,-0.3884912,3
50.701702,0.2589701,49.331774187194185,8.572240680135865,0,1,6161.1914,0.048520382,5,1,false,false,2.6993847,1.9878556,10.212969,-0.3874924,3
50.734837,0.25915688,49.33177130998606,8.572251410618515,0,1,6164.8853,0.048520382,5,1,false,false,2.7075,1.9622366,9.765676,-0.38647622,3
50.767143,0.25934377,49.331768432640736,8.572262141101165,0,1,6171.3228,0.048810244,5,1,false,false,2.887635,1.9848737,9.599305,-0.3854619,3
50.799625,0.2595308,49.331765645298205,8.572273009078751,0,1,6175.613,0.048229396,5,1,false,false,2.8785136,2.019574,10.707348,-0.3844305,3
50.833637,0.25971794,49.33176276809009,8.572283739561403,0,1,6174.4326,0.04822939,5,1,false,false,3.0389,2.0619764,10.628025,-0.38338786,3
50.866825,0.2599052,49.33175989074476,8.572294607748905,0,1,6171.9106,0.04822939,5,1,false,false,2.8453474,2.0237815,9.947085,-0.38234726,3
50.89888,0.26009256,49.33175710340223,8.572305475726491,0,1,6179.101,0.04793953,5,1,false,false,2.8301873,1.9706044,9.71591,-0.3813448,3
50.93116,0.26028,49.33175422605691,8.572316206209141,0,1,6183.3164,0.04793952,5,1,false,false,2.825303,1.9669482,10.409594,-0.38039395,3
50.96302,0.2604676,49.33175143871438,8.572327074396643,0,1,6182.8735,0.048810255,5,1,false,false,2.7921324,1.9230283,9.747103,-0.3795008,3
50.993217,0.26065528,49.33174856150625,8.57233794237423,0,1,6192.7603,0.04881025,5,1,false,false,2.6805427,1.8118304,9.650097,-0.37863404,3
51.02344,0.26084307,49.33174577416372,8.572348810351816,0,1,6207.2144,0.048520394,5,1,false,false,2.8144407,1.8839598,10.070493,-0.37773815,3
51.05563,0.26103097,49.331742986683984,8.57235967853932,0,1,6209.2026,0.047939528,5,1,false,false,2.8361516,1.985699,10.154785,-0.3767847,3
51.087914,0.26121897,49.33174010947587,8.572370684221756,0,1,6208.1587,0.04706655,5,1,false,false,2.6198604,1.9809927,9.770323,-0.37579355,3
51.120445,0.2614071,49.331737322133336,8.572381552199344,0,1,6216.5703,0.046485692,5,1,false,false,2.5730042,1.9941169,9.229779,-0.37480396,3
51.15324,0.26159537,49.3317345347908,8.572392420386846,0,1,6215.5625,0.046775542,5,1,false,false,2.4829593,2.0304935,9.326384,-0.37387002,3
51.18615,0.2617837,49.33173174731107,8.572403425859369,0,1,6212.748,0.048810255,5,1,false,false,2.6256099,1.9882592,9.205134,-0.3730073,3
51.217262,0.2619722,49.33172895996854,8.57241429404687,0,1,6219.484,0.051715665,5,1,false,false,2.5205135,1.8106428,9.239309,-0.3721915,3
51.246758,0.26216078,49.331726172626006,8.572425299729309,0,1,6231.8516,0.05374924,5,1,false,false,2.7039535,1.8166486,9.923744,-0.37137157,3
51.276867,0.26234943,49.331723385283475,8.572436167706895,0,1,6243.5063,0.054910958,5,1,false,false,2.7041059,1.8745104,9.811509,-0.37046668,3
51.307552,0.26253822,49.331720597940944,8.572447173389333,0,1,6249.533,0.055491824,5,1,false,false,2.609335,1.8956742,8.797154,-0.36945897,3
51.341545,0.26272714,49.33171781059841,8.572458179071772,0,1,6252.905,0.0563648,5,1,false,false,2.4992518,2.135302,9.232768,-0.36839482,3
51.3763,0.26291618,49.331715023118676,8.572469184544294,0,1,6242.1675,0.056364805,5,1,false,false,2.7490344,2.0986495,9.583569,-0.36736217,3
51.40976,0.26310533,49.33171232577894,8.572480190226733,0,1,6237.6616,0.05578395,5,1,false,false,2.9441366,1.9343095,9.625425,-0.36634222,3
51.439835,0.2632946,49.33170953829921,8.572491195909171,0,1,6248.961,0.055783946,5,1,false,false,2.783542,1.797358,10.36453,-0.36530316,3
51.47038,0.263484,49.33170675095668,8.57250220159161,0,1,6260.401,0.05549183,5,1,false,false,2.8765082,1.8562301,10.436371,-0.36422884,3
51.50192,0.26367348,49.33170405347973,8.572513207274048,0,1,6260.1284,0.053458266,5,1,false,false,3.0010767,1.9542031,10.221835,-0.363129,3
51.534496,0.26386312,49.3317012661372,8.572524212746568,0,1,6261.2944,0.051715672,5,1,false,false,2.8460376,1.9974887,10.020991,-0.36200798,3
51.56707,0.2640528,49.331698568797464,8.572535356133859,0,1,6261.112,0.05142468,5,1,false,false,3.0272882,1.9413694,10.262907,-0.36092478,3
51.599045,0.26424268,49.33169587132052,8.572546361606381,0,1,6260.091,0.051134825,5,1,false,false,3.0299966,1.932918,11.2552185,-0.35987929,3
51.62999,0.26443264,49.33169308397799,8.572557504993672,0,1,6264.373,0.05055396,5,1,false,false,2.9962223,1.8684851,9.760959,-0.35884216,3
51.66059,0.26462272,49.33169038650105,8.572568510466194,0,1,6271.0425,0.04910125,5,1,false,false,2.8799274,1.8600395,9.244326,-0.35782355,3
51.691772,0.26481292,49.33168768902411,8.572579653853484,0,1,6273.718,0.047647394,5,1,false,false,2.7488518,1.9165609,10.1716385,-0.3568483,3
51.722862,0.2650032,49.33168499154717,8.572590797030859,0,1,6273.138,0.0461947,5,1,false,false,2.880951,1.8388156,10.238878,-0.35592946,3
51.75222,0.26519355,49.33168229407023,8.572601802503382,0,1,6281.415,0.044452105,5,1,false,false,2.6471426,1.7665131,9.024516,-0.3550205,3
51.781216,0.26538405,49.33167959673049,8.57261294589067,0,1,6296.62,0.0432904,5,1,false,false,2.650562,1.8084044,9.493088,-0.35409743,3
51.812305,0.26557466,49.331676899253544,8.572624089068045,0,1,6299.423,0.04329039,5,1,false,false,2.6811898,1.9464877,9.629035,-0.35316986,3
51.844482,0.26576534,49.33167420177661,8.57263523224542,0,1,6293.507,0.043871246,5,1,false,false,2.7024682,1.9157585,9.626414,-0.352259,3
51.8756,0.26595616,49.331671594302456,8.572646513022688,0,1,6298.6104,0.045613836,5,1,false,false,2.6602216,1.8747777,9.942245,-0.3513612,3
51.905895,0.2661471,49.33166889682552,8.572657656200061,0,1,6305.3027,0.046485685,5,1,false,false,2.7917144,1.8482447,10.294192,-0.3504712,3
51.936848,0.26633814,49.331666199348575,8.572668799482393,0,1,6306.552,0.046775542,5,1,false,false,2.8144045,1.8947704,10.392817,-0.34956565,3
51.967762,0.2665293,49.331663591737225,8.572679942659768,0,1,6308.062,0.047357544,5,1,false,false,2.832747,1.8835888,10.576327,-0.34864017,3
51.998577,0.26672053,49.33166089439749,8.572691223437037,0,1,6312.271,0.047647394,5,1,false,false,2.8931682,1.8909022,10.518977,-0.34769574,3
52.02939,0.2669119,49.33165828678614,8.572702366614411,0,1,6314.0454,0.04706655,5,1,false,false,2.7980719,1.8975714,10.241458,-0.34674355,3
52.060234,0.2671034,49.3316555893092,8.572713647391678,0,1,6313.8945,0.04561384,5,1,false,false,2.7576325,1.8858167,9.990942,-0.3458032,3
52.090656,0.26729497,49.33165298183505,8.572724928168947,0,1,6316.2417,0.043871246,5,1,false,false,2.7767577,1.8426657,9.914952,-0.34490183,3
52.120182,0.26748666,49.3316503743609,8.57273607145128,0,1,6320.182,0.043290395,5,1,false,false,2.6541927,1.8037839,10.165584,-0.344031,3
52.149258,0.26767844,49.33164767688396,8.572747352228546,0,1,6327.1504,0.043871246,5,1,false,false,2.5865433,1.7602718,9.959198,-0.3431781,3
52.177868,0.26787034,49.33164506927261,8.572758633005815,0,1,6335.028,0.045032963,5,1,false,false,2.6013656,1.763715,9.729535,-0.34233296,3
52.207096,0.26806235,49.33164246179846,8.572769913783084,0,1,6342.3086,0.04619468,5,1,false,false,2.5888577,1.8145866,9.83535,-0.34146762,3
52.237312,0.26825446,49.33163985418711,8.572781194560351,0,1,6344.5576,0.047939513,5,1,false,false,2.6447587,1.8553525,9.453707,-0.34058237,3
52.26766,0.26844668,49.331637246712965,8.57279247533762,0,1,6344.83,0.05026296,5,1,false,false,2.3746412,1.8574071,9.083584,-0.33968428,3
52.297592,0.26863897,49.331634639238814,8.572803756114888,0,1,6348.832,0.051424675,5,1,false,false,2.55482,1.8241484,8.878705,-0.33881876,3
52.326958,0.2688314,49.331632031627464,8.57281517449205,0,1,6353.916,0.05258753,5,1,false,false,2.4979782,1.766589,9.14149,-0.33796233,3
52.355488,0.26902393,49.33162942415331,8.572826455269318,0,1,6359.8413,0.054330114,5,1,false,false,2.7301457,1.7230371,10.198489,-0.33708984,3
52.383583,0.26921657,49.33162681654196,8.572837736046587,0,1,6371.571,0.055783957,5,1,false,false,2.7615702,1.7287047,10.264664,-0.33613032,3
52.412365,0.2694093,49.331624298933406,8.57284915431879,0,1,6380.982,0.056073807,5,1,false,false,2.77325,1.8172224,9.6450205,-0.33505788,3
52.44469,0.26960215,49.33162169145926,8.572860435096059,0,1,6380.141,0.05549182,5,1,false,false,2.744269,2.055015,9.838529,-0.33390665,3
52.477848,0.2697951,49.33161908384791,8.57287185347322,0,1,6365.559,0.053458266,5,1,false,false,3.0126657,2.0210187,11.138567,-0.33278096,3
52.509594,0.26998818,49.331616566239354,8.572883271850383,0,1,6360.5312,0.051424675,5,1,false,false,3.0737762,1.8612463,10.344866,-0.33168054,3
52.538055,0.27018136,49.3316139587652,8.572894690227544,0,1,6368.4185,0.051424682,5,1,false,false,2.8995707,1.711033,10.064321,-0.33061588,3
52.566357,0.27037466,49.331611441156646,8.572905971004813,0,1,6376.8076,0.051424682,5,1,false,false,2.8840294,1.7742496,10.759914,-0.32958427,3
52.595226,0.27056804,49.33160892354809,8.572917389381974,0,1,6378.1733,0.051424682,5,1,false,false,3.0490808,1.7736702,9.470462,-0.3285951,3
52.62361,0.27076152,49.33160640593953,8.57292880765418,0,1,6381.153,0.052006677,5,1,false,false,2.7956977,1.7310896,9.290167,-0.32762304,3
52.65161,0.27095512,49.33160379832818,8.57294022603134,0,1,6390.838,0.05433011,5,1,false,false,2.7534237,1.7163185,9.37159,-0.326673,3
52.679688,0.27114883,49.331601280719624,8.572951782008397,0,1,6396.7637,0.055201963,5,1,false,false,2.9806135,1.6940905,9.662389,-0.32572794,3
52.707214,0.2713426,49.33159876311107,8.5729632002806,0,1,6402.709,0.05549182,5,1,false,false,2.7763183,1.7075827,9.106991,-0.32471257,3
52.7354,0.2715365,49.33159624550251,8.572974618657764,0,1,6413.864,0.05549183,5,1,false,false,2.7339013,1.7362753,9.254152,-0.32364544,3
52.765156,0.2717305,49.331593727893946,8.572986174634819,0,1,6415.534,0.05316839,5,1,false,false,3.0410895,1.8572874,11.439203,-0.32253215,3
52.795517,0.27192464,49.33159121028539,8.572997592907024,0,1,6411.213,0.052587535,5,1,false,false,3.2712808,1.8553845,10.4315195,-0.3213537,3
52.8252,0.27211887,49.331588782542426,8.573009011284185,0,1,6413.317,0.052587528,5,1,false,false,2.9003396,1.8161865,9.8819275,-0.32012326,3
52.855904,0.2723132,49.33158626493387,8.573020567261242,0,1,6414.814,0.05229653,5,1,false,false,3.2251563,1.9441624,11.062332,-0.31894138,3
52.88678,0.27250767,49.33158374732531,8.57303212313334,0,1,6403.6494,0.05084383,5,1,false,false,3.4512782,1.8492708,10.681128,-0.3178372,3
52.915165,0.2727022,49.33158131958234,8.573043679005437,0,1,6402.87,0.050843824,5,1,false,false,3.1985075,1.6777581,9.193361,-0.3167957,3
52.94178,0.2728969,49.331578801973784,8.5730550973826,0,1,6418.0757,0.05142468,5,1,false,false,3.034537,1.6296587,9.991051,-0.31581998,3
52.968414,0.2730916,49.33157637423082,8.573066653359655,0,1,6423.862,0.051424682,5,1,false,false,3.072135,1.6617914,9.735555,-0.31490275,3
52.995026,0.27328646,49.33157394662505,8.573078209231753,0,1,6427.0522,0.05171568,5,1,false,false,2.9921973,1.5462874,10.030284,-0.31398475,3
53.02065,0.2734814,49.33157142887929,8.57308976520881,0,1,6442.9893,0.05287739,5,1,false,false,2.8570714,1.6179297,10.208666,-0.313002,3
53.047764,0.27367646,49.33156900127353,8.573101321080907,0,1,6453.7935,0.05345825,5,1,false,false,2.7006023,1.7054676,8.526053,-0.31195223,3
53.077137,0.27387163,49.331566573530566,8.573113014552899,0,1,6449.7227,0.05433011,5,1,false,false,2.7240396,1.8696458,8.771064,-0.3109163,3
53.10729,0.27406687,49.331564145787596,8.573124570529956,0,1,6447.1045,0.056364812,5,1,false,false,2.921673,1.8239925,9.3712845,-0.30991623,3
53.13505,0.27426225,49.33156171818183,8.573136126402053,0,1,6448.244,0.061012805,5,1,false,false,3.0862772,1.5994045,9.605057,-0.30895516,3
53.16074,0.27445772,49.33155929043886,8.573147682379108,0,1,6463.5747,0.06450022,5,1,false,false,3.13776,1.6011176,9.097811,-0.30792865,3
53.188034,0.2746533,49.3315568626959,8.573159375851102,0,1,6476.877,0.06711466,5,1,false,false,3.5317402,1.7044088,9.894729,-0.30680138,3
53.21762,0.27484894,49.33155443495293,8.5731709317232,0,1,6469.545,0.06856626,5,1,false,false,3.205868,1.8838607,9.827407,-0.3055527,3
53.24803,0.27504474,49.33155209721276,8.573182625300149,0,1,6464.5234,0.06885722,5,1,false,false,3.4094856,1.8137796,10.088255,-0.3042639,3
53.277195,0.27524063,49.33154966946979,8.57319431877214,0,1,6467.958,0.0662428,5,1,false,false,3.4295475,1.7871985,10.077354,-0.30295545,3
53.305496,0.27543664,49.33154733172962,8.573206012244134,0,1,6468.19,0.06217452,5,1,false,false,3.2597947,1.7309201,10.078546,-0.30164504,3
53.333748,0.27563274,49.33154490398665,8.573217568221189,0,1,6469.132,0.059560094,5,1,false,false,3.4829214,1.7365315,9.56689,-0.30037084,3
53.36111,0.27582896,49.33154256624647,8.57322926169318,0,1,6473.9,0.05549184,5,1,false,false,3.2315536,1.6737953,9.617988,-0.299128,3
53.388596,0.27602527,49.3315402285063,8.573240955165172,0,1,6477.721,0.052587535,5,1,false,false,3.3636327,1.6756786,9.884383,-0.29795364,3
53.415226,0.2762217,49.33153780076333,8.573252648637165,0,1,6481.928,0.048229385,5,1,false,false,3.3593233,1.6324807,10.034877,-0.29681766,3
53.442207,0.2764182,49.33153546302316,8.573264342109157,0,1,6490.385,0.04358027,5,1,false,false,3.171333,1.6541204,9.374595,-0.29568365,3
53.469902,0.27661481,49.33153312514578,8.573276173181043,0,1,6493.6416,0.040384967,5,1,false,false,2.8741157,1.7090999,8.666786,-0.29459372,3
53.498264,0.27681154,49.331530787405605,8.573287866653034,0,1,6493.301,0.03660768,5,1,false,false,2.8309956,1.7439111,9.301231,-0.2936153,3
53.52621,0.27700838,49.33152844952823,8.573299560229984,0,1,6494.6216,0.033993248,5,1,false,false,2.884385,1.6535783,9.460284,-0.29275012,3
53.552082,0.27720532,49.331526201653645,8.57331139130187,0,1,6501.683,0.03254055,5,1,false,false,2.996743,1.5696032,10.5534,-0.2919338,3
53.57836,0.27740234,49.331523863913475,8.573323084773863,0,1,6515.4653,0.032249544,5,1,false,false,2.945682,1.6462859,10.105104,-0.29107475,3
53.606575,0.27759948,49.3315215261733,8.573334915845749,0,1,6516.541,0.031377696,5,1,false,false,2.79883,1.7951368,9.961965,-0.29019865,3
53.637463,0.27779672,49.331519278298714,8.57334660931774,0,1,6507.8477,0.029633991,5,1,false,false,2.9216282,1.9029919,10.545684,-0.2893625,3
53.66728,0.27799407,49.33151694042134,8.573358440389626,0,1,6499.7397,0.02847227,5,1,false,false,2.8538773,1.7660612,10.198564,-0.28860912,3
53.69475,0.2781915,49.33151460268116,8.573370271461512,0,1,6502.0474,0.02847227,5,1,false,false,2.6925843,1.6460985,10.315988,-0.28794813,3
53.721046,0.27838907,49.33151235480658,8.573382102533397,0,1,6510.2393,0.02847227,5,1,false,false,2.6876788,1.6061664,10.709275,-0.2873633,3
53.74738,0.2785867,49.331510106931994,8.573393933605283,0,1,6514.5107,0.027891416,5,1,false,false,2.552055,1.6095325,10.401977,-0.2868045,3
53.773647,0.27878442,49.33150776919182,8.573405764572211,0,1,6518.654,0.02789141,5,1,false,false,2.4965336,1.6198957,10.88838,-0.2862475,3
53.800404,0.27898222,49.33150552131724,8.573417595644097,0,1,6525.206,0.02818128,5,1,false,false,2.3166356,1.6655731,10.47474,-0.28567192,3
53.827568,0.27918014,49.33150327344265,8.573429426715983,0,1,6525.6455,0.029924983,5,1,false,false,2.2196994,1.6750149,9.737855,-0.2851105,3
53.854893,0.27937815,49.331501025568066,8.573441257787868,0,1,6525.464,0.032830402,5,1,false,false,2.127153,1.6980742,9.873349,-0.28457662,3
53.881866,0.27957624,49.33149877769348,8.573453088859754,0,1,6527.992,0.03864126,5,1,false,false,2.220675,1.6173465,9.697587,-0.28406963,3
53.90742,0.27977446,49.3314965298189,8.57346491993164,0,1,6532.2095,0.046485692,5,1,false,false,2.2707045,1.5415827,9.825906,-0.28354675,3
53.932426,0.27997276,49.331494281944316,8.57347688860342,0,1,6543.765,0.054910973,5,1,false,false,2.3408418,1.5490009,10.638408,-0.28293464,3
53.95797,0.28017116,49.33149203406973,8.573488719675305,0,1,6551.128,0.062174525,5,1,false,false,2.3702524,1.5788137,9.783582,-0.28219932,3
53.984165,0.2803696,49.33148978619515,8.573500550747191,0,1,6553.8237,0.06391936,5,1,false,false,2.6946428,1.6563673,10.199752,-0.28132716,3
54.01245,0.28056818,49.331487538320566,8.573512519314013,0,1,6555.1064,0.063628346,5,1,false,false,2.5299976,1.7614663,10.224028,-0.28030032,3
54.040276,0.28076687,49.33148538031158,8.573524487985793,0,1,6548.4673,0.061884664,5,1,false,false,2.3605494,1.6854028,9.030646,-0.27921522,3
54.067074,0.28096563,49.33148313243699,8.5735363190052,0,1,6551.395,0.05897925,5,1,false,false,2.551285,1.613384,10.233004,-0.2781376,3
54.092804,0.2811645,49.33148088456241,8.57354828767698,0,1,6557.755,0.05549183,5,1,false,false,2.8211834,1.562524,10.2188225,-0.27704722,3
54.1172,0.28136346,49.331478726553414,8.57356025629628,0,1,6563.0957,0.052006662,5,1,false,false,2.424458,1.4906877,8.863773,-0.27591547,3
54.14211,0.2815625,49.33147647867883,8.573572224915582,0,1,6575.0444,0.045613825,5,1,false,false,2.3981905,1.5747527,9.190138,-0.2747826,3
54.168705,0.28176162,49.33147432080704,8.573584055987467,0,1,6577.975,0.038350277,5,1,false,false,2.5041523,1.6632541,9.595967,-0.273688,3
54.195187,0.28196084,49.33147216279805,8.573596024606768,0,1,6573.9736,0.03486398,5,1,false,false,2.3345973,1.5862231,9.226221,-0.2726571,3
54.220314,0.2821602,49.33146991492346,8.573607993278548,0,1,6584.852,0.03515498,5,1,false,false,2.4366477,1.5401341,9.191385,-0.27169687,3
54.246468,0.2823596,49.33146775691447,8.57361996189785,0,1,6594.506,0.03835027,5,1,false,false,2.6265528,1.6263237,9.38485,-0.2708006,3
54.273556,0.2825591,49.33146559904268,8.573632068117044,0,1,6587.692,0.04270953,5,1,false,false,2.6778748,1.6704966,9.767445,-0.2699415,3
54.300426,0.28275874,49.331463441033684,8.573644036736344,0,1,6588.6733,0.04735753,5,1,false,false,2.943611,1.5740649,10.612108,-0.26908004,3
54.32654,0.28295842,49.33146128316189,8.573656005355645,0,1,6594.8745,0.04706654,5,1,false,false,3.2035053,1.620046,10.716454,-0.26815313,3
54.353165,0.28315824,49.331459125152904,8.573667973974946,0,1,6597.7734,0.04067596,5,1,false,false,2.8338296,1.6822107,9.338988,-0.26713258,3
54.380264,0.28335813,49.33145696714391,8.57368008019414,0,1,6594.0425,0.03486399,5,1,false,false,2.70397,1.7166034,10.18185,-0.2661308,3
54.409447,0.28355813,49.33145480927212,8.573692048813442,0,1,6587.523,0.03137769,5,1,false,false,2.5576797,1.6637714,9.309984,-0.26525,3
54.43392,0.28375825,49.33145265126313,8.573704155032637,0,1,6585.187,0.029633991,5,1,false,false,2.8275025,1.4388324,11.183554,-0.26451483,3
54.45752,0.28395844,49.331450583256924,8.573716123651938,0,1,6605.505,0.031377696,5,1,false,false,2.676087,1.4452211,10.697213,-0.26377144,3
54.48056,0.2841587,49.33144842524793,8.573728229871131,0,1,6612.984,0.030214846,5,1,false,false,2.7462144,1.48856,9.58434,-0.2630101,3
54.507755,0.28435907,49.33144626723894,8.573740336090326,0,1,6614.363,0.027600415,5,1,false,false,2.3902626,1.8058473,10.025923,-0.26219612,3
54.536118,0.28455955,49.331444199232735,8.573752442309521,0,1,6604.019,0.027600419,5,1,false,false,2.4904118,1.6767479,9.802682,-0.2614534,3
54.562275,0.28476012,49.33144213122654,8.573764410928822,0,1,6599.678,0.030214857,5,1,false,false,1.98149,1.5750507,9.589626,-0.26081342,3
54.586323,0.28496078,49.33143997321754,8.573776517148016,0,1,6613.134,0.033121403,5,1,false,false,2.218249,1.4108509,9.371843,-0.26029497,3
54.609188,0.28516153,49.331437905211345,8.573788623314732,0,1,6622.955,0.0380604,5,1,false,false,2.603409,1.4198852,10.489381,-0.2597933,3
54.633034,0.28536236,49.33143583720514,8.573800729533927,0,1,6628.5684,0.042999398,5,1,false,false,2.7431338,1.4499881,10.720993,-0.25920543,3
54.65718,0.2855633,49.33143367919615,8.573812835753122,0,1,6637.4346,0.044452105,5,1,false,false,2.5941267,1.5579724,9.526303,-0.25848332,3
54.684307,0.2857643,49.33143161118995,8.57382507951973,0,1,6638.6587,0.041546695,5,1,false,false,2.464781,1.6746019,9.794682,-0.25764465,3
54.71206,0.2859654,49.331429543046546,8.573837185738926,0,1,6627.0654,0.040675953,5,1,false,false,2.1412373,1.7567171,9.447841,-0.25677577,3
54.738262,0.28616664,49.33142747504035,8.573849291905642,0,1,6624.157,0.038931135,5,1,false,false,2.1348636,1.4950749,9.937151,-0.25598043,3
54.761597,0.28636795,49.331425407034146,8.573861398124837,0,1,6635.4136,0.038060393,5,1,false,false,2.3798962,1.4254447,10.886413,-0.25523466,3
54.78447,0.28656936,49.33142333902794,8.573873641891446,0,1,6644.8726,0.03747841,5,1,false,false,2.5384698,1.3696479,10.022804,-0.25446156,3
54.807915,0.28677082,49.33142127088455,8.57388574811064,0,1,6652.4595,0.03486398,5,1,false,false,2.1712801,1.5434718,8.693397,-0.25362468,3
54.83452,0.28697237,49.33141929274393,8.573897991877251,0,1,6655.0874,0.033121396,5,1,false,false,2.2263024,1.6335198,9.623021,-0.25279292,3
54.861347,0.28717405,49.331417224737734,8.573910098096444,0,1,6643.3696,0.03254055,5,1,false,false,2.1876035,1.6237051,10.139455,-0.25202224,3
54.885475,0.2873758,49.33141515673153,8.573922341863055,0,1,6645.816,0.03137769,5,1,false,false,2.300126,1.3740357,9.578376,-0.25131816,3
54.90759,0.28757766,49.33141317859092,8.57393444808225,0,1,6665.88,0.031086706,5,1,false,false,2.173016,1.3798996,10.514397,-0.25060004,3
54.931896,0.2877796,49.331411110584725,8.573946691848858,0,1,6671.6235,0.031086706,5,1,false,false,2.0812795,1.569792,9.341317,-0.24985875,3
54.957672,0.2879816,49.33140904244132,8.573958935615469,0,1,6663.541,0.032249555,5,1,false,false,2.3107991,1.5908084,9.784907,-0.24914186,3
54.983288,0.28818372,49.33140706430071,8.573971179382077,0,1,6665.977,0.033702254,5,1,false,false,2.4000351,1.5774933,11.9397135,-0.24843654,3
55.007717,0.28838596,49.3314050862973,8.573983285601273,0,1,6668.1333,0.034574114,5,1,false,false,2.4504833,1.4394345,10.599333,-0.24771306,3
55.03184,0.28858826,49.3314030181539,8.573995529367883,0,1,6672.249,0.035735823,5,1,false,false,2.5069618,1.5900881,9.8130455,-0.24695233,3
55.058025,0.28879064,49.33140104001329,8.574007773134491,0,1,6674.253,0.03515498,5,1,false,false,1.981563,1.6096082,8.166186,-0.24619941,3
55.08299,0.28899312,49.33139906187268,8.574020016901102,0,1,6664.759,0.035154976,5,1,false,false,2.5085642,1.4930762,10.600798,-0.24557611,3
55.10616,0.2891957,49.33139699386648,8.574032398267606,0,1,6669.6777,0.037769414,5,1,false,false,2.4229577,1.324402,9.917894,-0.24494351,3
55.12371,0.28939834,49.33139501572587,8.574044642034215,0,1,6691.153,0.041546695,5,1,false,false,2.0873458,1.0654258,8.194277,-0.24425897,3
55.146122,0.28960106,49.33139303758526,8.574056885800825,0,1,6717.804,0.0444521,5,1,false,false,2.243182,1.6220306,9.21666,-0.24348678,3
55.173676,0.28980386,49.33139105944465,8.574069129593674,0,1,6699.8896,0.04822938,5,1,false,false,2.5163035,1.6870917,10.782746,-0.24266964,3
55.200336,0.2900068,49.33138908130404,8.574081510933938,0,1,6683.465,0.051134802,5,1,false,false,2.614765,1.5561639,10.170156,-0.24178791,3
55.223522,0.2902098,49.33138710330063,8.574093754700547,0,1,6705.45,0.05171567,5,1,false,false,2.6347656,1.4107504,10.651042,-0.2408042,3
55.24811,0.29041287,49.33138521502561,8.574105998467157,0,1,6708.96,0.051715676,5,1,false,false,2.5858583,1.6361272,9.925145,-0.2397368,3
55.27511,0.29061607,49.331383236885,8.57411837983366,0,1,6689.549,0.05026297,5,1,false,false,2.486585,1.6558118,8.647088,-0.23872195,3
55.300198,0.29081935,49.33138125874439,8.57413062360027,0,1,6690.11,0.048810255,5,1,false,false,2.1106048,1.4891076,7.5971565,-0.237826,3
55.321247,0.2910227,49.331379280603784,8.574143004940534,0,1,6701.0703,0.0499731,5,1,false,false,2.8793378,1.1201993,8.218433,-0.23711795,3
55.338245,0.29122612,49.33137739246597,8.574155386280799,0,1,6717.501,0.053168386,5,1,false,false,2.8555014,1.0741158,11.565253,-0.23633467,3
55.3547,0.29142964,49.33137541432536,8.574167630073648,0,1,6745.4385,0.058398385,5,1,false,false,3.23025,0.76181215,10.196083,-0.23534472,3
55.376602,0.29163328,49.331373526050335,8.574180011413912,0,1,6773.8315,0.056945674,5,1,false,false,2.5942037,1.8589183,9.15428,-0.23400813,3
55.4116,0.291837,49.33137163791252,8.574192392754176,0,1,6743.4443,0.05549182,5,1,false,false,3.3078566,2.1307228,10.41921,-0.23259945,3
55.44572,0.29204088,49.33136965977191,8.57420477409444,0,1,6686.457,0.054330118,5,1,false,false,3.2388256,1.9037632,10.139192,-0.23128831,3
55.47023,0.29224485,49.33136777149689,8.574217155447824,0,1,6695.276,0.051715672,5,1,false,false,3.5861328,1.2251785,10.27391,-0.23018771,3
55.488953,0.29244888,49.33136588335908,8.574229536788089,0,1,6722.72,0.04997309,5,1,false,false,3.3144407,1.2380668,10.841842,-0.22916949,3
55.509686,0.29265293,49.331363995084054,8.574241918128353,0,1,6723.3203,0.047357537,5,1,false,false,3.2326117,1.3402399,10.379922,-0.22818726,3
55.53184,0.2928571,49.33136210680904,8.574254299481735,0,1,6726.5107,0.04358027,5,1,false,false,3.1217427,1.396586,11.037514,-0.22718094,3
55.554302,0.29306135,49.33136021867122,8.574266680822,0,1,6737.8945,0.038641263,5,1,false,false,2.997223,1.391211,10.109622,-0.22614619,3
55.57737,0.29326564,49.33135842039899,8.57427919973592,0,1,6738.053,0.03515497,5,1,false,false,2.8333979,1.4563782,10.236228,-0.22513783,3
55.60136,0.29347005,49.331356532123976,8.574291581082742,0,1,6736.868,0.033993267,5,1,false,false,2.86495,1.4972781,10.298588,-0.22418591,3
55.62462,0.2936745,49.33135464398615,8.574303962429566,0,1,6738.1294,0.03573584,5,1,false,false,2.6547039,1.4222542,8.412564,-0.22332834,3
55.647026,0.29387906,49.33135284557673,8.574316481350044,0,1,6741.8213,0.04067595,5,1,false,false,2.7274513,1.3837421,8.606434,-0.22259049,3
55.668762,0.29408368,49.33135095743891,8.574328862690308,0,1,6747.719,0.051424686,5,1,false,false,2.9821637,1.3144784,10.508318,-0.22189304,3
55.688816,0.29428837,49.331349159166685,8.574341381607507,0,1,6755.1406,0.06391937,5,1,false,false,3.3175414,1.1691487,10.399381,-0.22111838,3
55.708324,0.29449314,49.331347360757256,8.574353762954331,0,1,6776.1206,0.0694381,5,1,false,false,3.4303162,1.3570262,9.919404,-0.22009802,3
55.73364,0.29469794,49.33134547261944,8.57436628186825,0,1,6780.068,0.076701656,5,1,false,false,3.2478862,1.6723591,9.022445,-0.21885547,3
55.761368,0.29490286,49.33134367434721,8.574378800783808,0,1,6753.5874,0.083094485,5,1,false,false,3.4644623,1.7309883,9.886325,-0.21757568,3
55.786404,0.29510787,49.33134187593778,8.574391182129812,0,1,6745.7812,0.08687176,5,1,false,false,4.3389754,1.427584,12.635097,-0.21629262,3
55.807026,0.29531297,49.33134007766556,8.57440370104537,0,1,6759.231,0.08745265,5,1,false,false,4.019733,1.2125049,9.19841,-0.21486585,3
55.826797,0.29551813,49.33133827939333,8.57441621996175,0,1,6772.224,0.0842562,5,1,false,false,3.2978928,1.303039,7.750069,-0.21335252,3
55.850513,0.29572335,49.33133657098669,8.574428738877307,0,1,6772.902,0.07902734,5,1,false,false,3.7984447,1.5218467,10.007305,-0.21189454,3
55.87221,0.2959287,49.33133477271447,8.574441257791225,0,1,6762.168,0.076120816,5,1,false,false,4.293289,1.2144887,10.6575165,-0.21048194,3
55.888805,0.29613405,49.33133297444224,8.574453776708424,0,1,6784.552,0.07757353,5,1,false,false,4.012936,1.039677,11.087788,-0.2089102,3
55.908436,0.2963395,49.331331266035605,8.574466295622342,0,1,6816.3584,0.07437821,5,1,false,false,4.495994,1.4621555,10.703766,-0.20709549,3
55.935707,0.29654503,49.33132955762897,8.574478814542822,0,1,6795.051,0.064790085,5,1,false,false,4.398942,1.8400149,9.734507,-0.2051432,3
55.964535,0.29675063,49.33132784922233,8.574491471023833,0,1,6761.9746,0.050553955,5,1,false,false,4.0326376,1.7295827,9.759587,-0.20333719,3
55.988197,0.29695636,49.3313260509501,8.574503989944313,0,1,6763.333,0.040384963,5,1,false,false,4.0614376,1.3094733,9.220927,-0.20188993,3
56.006653,0.29716215,49.33132434254347,8.574516508858231,0,1,6775.9487,0.033993263,5,1,false,false,3.6734605,1.101075,8.863854,-0.20081548,3
56.023624,0.297368,49.331322724139625,8.574529165345805,0,1,6792.388,0.03602682,5,1,false,false,3.6667964,1.102246,9.6616535,-0.19994058,3
56.04149,0.29757392,49.33132101573299,8.574541684259723,0,1,6810.6665,0.04416112,5,1,false,false,3.5913618,1.1351823,9.863669,-0.1990679,3
56.060776,0.2977799,49.33131930732635,8.574554340747296,0,1,6821.892,0.050553963,5,1,false,false,3.7499564,1.2851198,10.648425,-0.19808257,3
56.0855,0.2979859,49.33131768892251,8.574566859661214,0,1,6825.1455,0.0546211,5,1,false,false,4.073423,1.6291733,9.979821,-0.19691959,3
56.111813,0.29819208,49.331315980515875,8.574579516148786,0,1,6806.8096,0.05578395,5,1,false,false,3.816834,1.6923484,9.246013,-0.19568613,3
56.138287,0.29839832,49.33131436197483,8.57459217263636,0,1,6794.302,0.055201955,5,1,false,false,3.72959,1.6174136,9.504521,-0.19453087,3
56.161224,0.29860464,49.3313126535682,8.574604829123933,0,1,6790.8076,0.053749256,5,1,false,false,3.8703852,1.3210297,9.65004,-0.19355965,3
56.180412,0.29881108,49.331311035164354,8.574617348037851,0,1,6798.6904,0.055491835,5,1,false,false,3.9188612,1.1438463,10.280189,-0.19269171,3
56.198395,0.29901752,49.331309416623306,8.574630004525424,0,1,6818.064,0.060431946,5,1,false,false,3.7846112,1.1485066,9.457961,-0.1917703,3
56.21768,0.29922405,49.33130779821946,8.574642661012996,0,1,6828.6035,0.066242814,5,1,false,false,3.7329266,1.28507,9.885822,-0.19073257,3
56.240288,0.29943067,49.33130617981562,8.57465531750057,0,1,6829.001,0.07059983,5,1,false,false,3.8560205,1.4871751,9.547915,-0.18957156,3
56.263866,0.29963735,49.331304651140165,8.574667973988143,0,1,6821.5996,0.0717638,5,1,false,false,3.8233898,1.4514573,9.864093,-0.18832675,3
56.286583,0.29984415,49.33130303273632,8.574680630475715,0,1,6820.4253,0.07147281,5,1,false,false,4.132697,1.3972262,10.315918,-0.1870326,3
56.30781,0.300051,49.33130141419527,8.574693424536942,0,1,6824.6304,0.06856626,5,1,false,false,4.187581,1.316998,11.34509,-0.1856858,3
56.329136,0.30025792,49.331299885657025,8.574706080998276,0,1,6827.0894,0.0647901,5,1,false,false,4.278279,1.3505557,11.1174965,-0.18426335,3
56.35058,0.30046496,49.33129835711877,8.57471873748585,0,1,6827.7603,0.06072182,5,1,false,false,4.147943,1.3886122,10.506317,-0.18280944,3
56.37276,0.30067205,49.331296738714926,8.574731393973423,0,1,6825.9995,0.054910973,5,1,false,false,4.1931496,1.4347419,11.194326,-0.1813908,3
56.394318,0.30087924,49.33129521017668,8.57474418803465,0,1,6822.6265,0.049682096,5,1,false,false,4.319654,1.355878,12.847837,-0.18005273,3
56.414333,0.30108646,49.33129368163842,8.574756844522222,0,1,6824.981,0.046485692,5,1,false,false,4.1230755,1.2536838,11.189908,-0.17876616,3
56.433907,0.3012938,49.33129224296576,8.574769638583449,0,1,6833.42,0.04329039,5,1,false,false,4.0093265,1.2879331,11.533437,-0.17753677,3
56.454445,0.3015012,49.3312907144275,8.574782295071023,0,1,6834.081,0.03922213,5,1,false,false,4.052101,1.3513205,11.276887,-0.17636907,3
56.475327,0.30170867,49.331289185889254,8.57479508913225,0,1,6828.1426,0.03573583,5,1,false,false,3.4804778,1.3279458,9.573857,-0.17532334,3
56.495426,0.3019162,49.33128774721659,8.574807883193477,0,1,6832.7866,0.035735834,5,1,false,false,3.3346539,1.2193401,9.104875,-0.17446107,3
56.5136,0.30212384,49.331286218678336,8.57482053968105,0,1,6841.1997,0.040384974,5,1,false,false,3.2234135,1.1666666,9.625344,-0.17375389,3
56.53106,0.3023315,49.331284780005674,8.574833333716038,0,1,6850.3525,0.048810255,5,1,false,false,3.1723404,1.0785096,8.988019,-0.17310563,3
56.54818,0.3025393,49.331283251467426,8.574846127777265,0,1,6866.9604,0.05839839,5,1,false,false,3.1837714,1.1126398,8.0777445,-0.17237905,3
56.56742,0.30274707,49.331281812794764,8.574858921838493,0,1,6880.5693,0.06914823,5,1,false,false,2.8421426,1.3081183,6.8955607,-0.1715226,3
56.589077,0.302955,49.3312803741221,8.57487171589972,0,1,6876.2183,0.08076993,5,1,false,false,2.9257364,1.3830793,7.8695564,-0.17062293,3
56.611153,0.30316296,49.33127893544944,8.574884509960947,0,1,6872.936,0.09297363,5,1,false,false,3.3795476,1.2845838,7.7782693,-0.16967583,3
56.628803,0.30337098,49.33127749691398,8.574897304022175,0,1,6885.153,0.10343249,5,1,false,false,3.0720158,0.9869106,6.703551,-0.1685849,3
56.646706,0.30357912,49.331276058241315,8.574910098083402,0,1,6908.375,0.112730175,5,1,false,false,3.5989037,1.2350512,7.9062104,-0.1672927,3
56.66878,0.30378732,49.33127461956865,8.57492289214463,0,1,6907.6396,0.12057461,5,1,false,false,3.7255409,1.3918477,7.2434807,-0.1657738,3
56.690525,0.30399558,49.331273270898784,8.574935686153378,0,1,6896.6807,0.124642305,5,1,false,false,4.10686,1.333624,8.250326,-0.16406736,3
56.71348,0.30420396,49.33127183222612,8.574948480214605,0,1,6907.285,0.12260874,5,1,false,false,4.497052,1.4153534,8.39228,-0.16211952,3
56.735695,0.30441236,49.33127048355625,8.574961274275832,0,1,6902.199,0.113600895,5,1,false,false,4.4803786,1.3163499,7.638206,-0.16002503,3
56.757507,0.3046209,49.33126904488359,8.574974205936954,0,1,6898.767,0.10256062,5,1,false,false,5.6962676,1.4179572,12.266319,-0.15776116,3
56.779785,0.3048295,49.33126769607652,8.574986999998181,0,1,6898.182,0.090938926,5,1,false,false,5.8738184,1.2811501,10.852547,-0.1552807,3
56.80047,0.30503818,49.331266347406654,8.574999931606824,0,1,6897.2793,0.06362835,5,1,false,false,5.140832,1.451032,9.272623,-0.15266046,3
56.827023,0.30524698,49.33126499873678,8.575012725668051,0,1,6892.1265,0.036316685,5,1,false,false,5.744749,1.6090516,12.212565,-0.1502089,3
56.850315,0.30545583,49.3312637399325,8.575025657276694,0,1,6862.385,0.011039715,5,1,false,false,5.2378206,1.4117867,11.765219,-0.14824831,3
56.86975,0.30566478,49.331262391125435,8.575038451337921,0,1,6868.575,-0.0072635645,5,1,false,false,4.873252,1.126594,10.250596,-0.14683628,3
56.88712,0.30587378,49.33126113232115,8.575051382946564,0,1,6891.8027,-0.015979843,5,1,false,false,4.2786803,1.1483234,10.852177,-0.1458561,3
56.906464,0.30608287,49.331259783651284,8.575064314607685,0,1,6884.337,-0.015979841,5,1,false,false,3.946123,1.2868794,10.662399,-0.14532359,3
56.92622,0.30629206,49.331258524847,8.575077246216326,0,1,6879.9805,-0.012493556,5,1,false,false,3.79994,1.1928674,11.524556,-0.14513893,3
56.944374,0.3065013,49.331257266042726,8.575090040277553,0,1,6895.7246,-0.006682704,5,1,false,false,3.7272367,1.0978216,11.168641,-0.14510632,3
56.9627,0.3067106,49.331256007238444,8.575102971886196,0,1,6904.52,0.0023245653,5,1,false,false,2.994591,1.2281116,9.830457,-0.14512415,3
56.9832,0.30692,49.33125474843417,8.575115903547317,0,1,6902.666,0.009297137,5,1,false,false,2.9316437,1.3372297,10.537085,-0.14519627,3
57.00468,0.3071294,49.33125348962989,8.57512883515596,0,1,6897.627,0.015688848,5,1,false,false,2.8201892,1.301782,10.412486,-0.14528337,3
57.024696,0.30733898,49.33125223082561,8.575141766817081,0,1,6898.1523,0.021789566,5,1,false,false,2.2956088,1.2026701,9.325864,-0.1453551,3
57.043476,0.30754858,49.331251061886924,8.575154698425724,0,1,6908.158,0.026729694,5,1,false,false,2.160918,1.1270969,9.612978,-0.1453957,3
57.061737,0.30775827,49.33124980308264,8.575167630034366,0,1,6916.1665,0.031667568,5,1,false,false,2.5926137,1.1870978,11.227871,-0.14535046,3
57.080555,0.30796802,49.331248634143954,8.575180699242901,0,1,6919.1665,0.039511997,5,1,false,false,1.8238487,1.0966134,9.206561,-0.14513263,3
57.09957,0.30817783,49.33124737533968,8.575193630851544,0,1,6926.2334,0.046775546,5,1,false,false,1.9759458,1.2889519,8.758269,-0.14481848,3
57.122894,0.30838776,49.33124620640099,8.575206562512665,0,1,6923.384,0.047357544,5,1,false,false,2.299836,1.3523527,11.307215,-0.14438006,3
57.14384,0.30859774,49.33124494759671,8.575219494121308,0,1,6906.648,0.05026295,5,1,false,false,2.0640068,1.2754977,10.848534,-0.14378779,3
57.16216,0.30880782,49.33124377879522,8.575232563329845,0,1,6920.973,0.053458255,5,1,false,false,1.8544939,1.0795741,10.29064,-0.14307348,3
57.180412,0.30901793,49.33124260985654,8.575245494938486,0,1,6936.3877,0.049101233,5,1,false,false,1.9631945,1.2045823,9.137203,-0.14229071,3
57.200897,0.30922812,49.331241351052256,8.575258426599607,0,1,6924.952,0.047647394,5,1,false,false,2.020581,1.3293883,9.668395,-0.14149849,3
57.221462,0.3094384,49.33124018211357,8.575271495755665,0,1,6920.782,0.049682107,5,1,false,false,2.1204622,1.1993673,10.703444,-0.1406944,3
57.2385,0.30964875,49.33123901331208,8.575284427364307,0,1,6935.441,0.05345825,5,1,false,false,2.333587,0.97913134,9.601682,-0.13985148,3
57.255108,0.30985916,49.33123784437339,8.575297496625323,0,1,6951.108,0.058107376,5,1,false,false,2.2561772,1.1101325,10.07471,-0.13891156,3
57.2755,0.31006962,49.33123667543471,8.575310428181485,0,1,6951.822,0.06304639,5,1,false,false,2.6078947,1.3582927,9.820275,-0.13787553,3
57.297104,0.31028017,49.33123550663322,8.5753234974425,0,1,6940.334,0.06537097,5,1,false,false,2.8069913,1.3264961,10.121422,-0.13676247,3
57.317467,0.31049076,49.33123433769453,8.575336566598558,0,1,6940.9688,0.06566193,5,1,false,false,2.708955,1.2429162,9.343227,-0.13558048,3
57.33622,0.3107015,49.331233168755844,8.57534949825968,0,1,6947.0303,0.06624282,5,1,false,false,2.7732644,1.1446736,8.518724,-0.13438052,3
57.35486,0.31091228,49.33123208981995,8.575362567415736,0,1,6948.4,0.065370955,5,1,false,false,3.0633206,1.1721199,10.878634,-0.13318598,3
57.373005,0.31112313,49.33123092088126,8.575375636676752,0,1,6953.0283,0.06362837,5,1,false,false,3.2815528,1.0902698,9.322959,-0.13192312,3
57.3897,0.31133404,49.331229841945365,8.57538870583281,0,1,6964.2114,0.062465537,5,1,false,false,2.935312,1.0817825,9.268656,-0.13055211,3
57.40977,0.311545,49.33122867300668,8.57540163749393,0,1,6972.3486,0.062465526,5,1,false,false,3.400572,1.3767295,10.276166,-0.12912655,3
57.431324,0.31175604,49.33122759407078,8.575414706649987,0,1,6957.0166,0.061593674,5,1,false,false,3.446542,1.3058372,10.354557,-0.12771171,3
57.451588,0.31196716,49.33122651513489,8.575427775911002,0,1,6954.015,0.060721822,5,1,false,false,3.8403888,1.2557104,10.5668335,-0.12629691,3
57.470345,0.31217834,49.331225436061786,8.57544084506706,0,1,6964.4375,0.060140967,5,1,false,false,3.6676023,1.167896,9.178447,-0.1248789,3
57.489433,0.31238955,49.33122435712589,8.575453914223116,0,1,6960.284,0.061593667,5,1,false,false,3.615276,1.2663707,9.279618,-0.123551376,3
57.509308,0.31260088,49.331223278189995,8.575466983484132,0,1,6955.7207,0.066533804,5,1,false,false,3.559376,1.1796218,8.888928,-0.12235301,3
57.52578,0.31281224,49.3312221991169,8.575480190240084,0,1,6961.7764,0.07553994,5,1,false,false,3.8914495,0.9464537,9.140052,-0.12126491,3
57.540157,0.31302363,49.331221120181006,8.57549325939614,0,1,6982.624,0.08774363,5,1,false,false,4.30222,0.937185,10.3383045,-0.1200783,3
57.555847,0.3132351,49.3312200412451,8.575506328657156,0,1,6996.139,0.09762162,5,1,false,false,4.8321695,1.0896612,10.331276,-0.11860449,3
57.575623,0.31344658,49.3312190521748,8.575519397813213,0,1,6995.09,0.10168876,5,1,false,false,4.872426,1.3836801,10.177948,-0.11679406,3
57.59854,0.3136582,49.331218063104494,8.57553246696927,0,1,6983.5264,0.09500721,5,1,false,false,4.525999,1.518138,9.0750885,-0.1147869,3
57.620987,0.31386983,49.3312169840314,8.57554567383018,0,1,6967.0293,0.0813508,5,1,false,false,4.6340675,1.3158029,9.135223,-0.11288533,3
57.639694,0.31408158,49.3312159949611,8.575558742986237,0,1,6964.024,0.069438115,5,1,false,false,4.527497,1.103198,10.10159,-0.11121995,3
57.654083,0.31429338,49.33121500602799,8.575571949742187,0,1,6979.087,0.06246552,5,1,false,false,4.4559283,0.830171,9.883,-0.10972095,3
57.668068,0.31450522,49.331214106823275,8.575585019003203,0,1,6998.765,0.061593674,5,1,false,false,4.5339694,0.97884125,10.13134,-0.108213186,3
57.68523,0.31471708,49.331213117752974,8.575598225759155,0,1,7006.964,0.05839838,5,1,false,false,4.503201,1.1968399,9.144236,-0.10662121,3
57.705086,0.31492904,49.331212128682665,8.57561129491521,0,1,7000.478,0.056654677,5,1,false,false,4.607407,1.3501267,10.330788,-0.10503203,3
57.726875,0.31514105,49.33121122947796,8.575624501671163,0,1,6991.2563,0.05491097,5,1,false,false,4.773601,1.3532399,10.831745,-0.10350938,3
57.745575,0.31535316,49.33121033041044,8.575637708427113,0,1,6987.66,0.052877404,5,1,false,false,4.7448697,1.1484066,9.212902,-0.10209703,3
57.76346,0.31556532,49.331209341340134,8.575650777688129,0,1,6994.808,0.05229654,5,1,false,false,4.4486704,1.1686827,9.7097,-0.10078702,3
57.781204,0.31577754,49.33120844213542,8.57566398444408,0,1,6994.493,0.052006677,5,1,false,false,4.675718,1.1200202,10.785064,-0.09963341,3
57.79834,0.31598982,49.33120754306791,8.57567719120003,0,1,6994.214,0.05316838,5,1,false,false,4.67402,1.0838547,10.063649,-0.098541625,3
57.81489,0.31620213,49.331206733728784,8.575690397955983,0,1,7005.5645,0.057236653,5,1,false,false,4.304656,1.0585357,9.148922,-0.097434185,3
57.83251,0.31641454,49.331205834661276,8.575703604711933,0,1,7010.8433,0.06072183,5,1,false,false,4.275071,1.1806762,9.771123,-0.09634112,3
57.851196,0.316627,49.33120493545656,8.575716811467885,0,1,7004.886,0.06450021,5,1,false,false,4.463981,1.1756443,9.28984,-0.09526924,3
57.868855,0.31683952,49.33120412625464,8.575730018223835,0,1,7005.983,0.0697291,5,1,false,false,4.2521076,1.0830668,9.26734,-0.09419813,3
57.885662,0.3170521,49.33120331705272,8.575743224979787,0,1,7016.2153,0.07931723,5,1,false,false,4.2361665,1.0717442,9.359992,-0.09309255,3
57.902634,0.31726474,49.331202417848004,8.575756431840695,0,1,7020.1406,0.089195214,5,1,false,false,4.6615844,1.0808392,9.643807,-0.0919112,3
57.920113,0.31747743,49.33120160864608,8.575769638596647,0,1,7022.352,0.09878389,5,1,false,false,4.8650193,1.1456347,10.724081,-0.090546116,3
57.937923,0.3176902,49.33120088930975,8.575782845352599,0,1,7026.4834,0.105756484,5,1,false,false,5.257095,1.1436917,10.37301,-0.08895108,3
57.95627,0.31790304,49.33120008010783,8.575796052108549,0,1,7025.201,0.103722334,5,1,false,false,5.130277,1.2152206,10.323982,-0.08712696,3
57.97593,0.31811595,49.331199270905906,8.575809258864501,0,1,7019.177,0.09616893,5,1,false,false,5.2071757,1.2560604,10.128444,-0.08520845,3
57.994377,0.31832892,49.33119855156957,8.575822465620451,0,1,7012.4443,0.083094485,5,1,false,false,5.3752694,1.1533507,11.058768,-0.08332469,3
58.011032,0.31854194,49.33119774223045,8.575835809976297,0,1,7015.318,0.07030997,5,1,false,false,5.0515633,1.0172105,9.96509,-0.08151043,3
58.026478,0.31875503,49.33119702303132,8.575849016732247,0,1,7025.2495,0.060721815,5,1,false,false,4.7838216,1.0326344,9.947983,-0.07980423,3
58.042862,0.31896815,49.33119630369499,8.575862361088094,0,1,7030.2793,0.05258753,5,1,false,false,4.49054,1.0443705,8.837907,-0.07822312,3
58.059265,0.31918138,49.33119558435866,8.575875567844044,0,1,7029.6216,0.04968211,5,1,false,false,4.5790153,1.0528169,10.471542,-0.07680465,3
58.07587,0.31939462,49.331194865022326,8.575888774599996,0,1,7037.0503,0.05113481,5,1,false,false,4.512519,1.0505943,9.303927,-0.0754553,3
58.091812,0.31960794,49.33119423555159,8.57590211895584,0,1,7042.9707,0.05520196,5,1,false,false,4.532689,1.0492827,9.110534,-0.074147075,3
58.109802,0.31982136,49.33119351621526,8.575915325711792,0,1,7045.689,0.056945667,5,1,false,false,4.5428104,1.2203786,10.004032,-0.072847635,3
58.128075,0.32003477,49.331192886881716,8.575928670067636,0,1,7039.9355,0.057236664,5,1,false,false,4.7316093,1.1587759,10.083808,-0.071601205,3
58.14568,0.32024834,49.33119216754539,8.57594201442348,0,1,7041.0737,0.05578395,5,1,false,false,4.745422,1.1140021,10.65572,-0.07035459,3
58.162556,0.3204619,49.33119153821185,8.575955221179433,0,1,7047.21,0.053749245,5,1,false,false,4.565099,1.0975996,10.017989,-0.06909998,3
58.18018,0.32067555,49.33119090874111,8.575968565535277,0,1,7045.316,0.050843835,5,1,false,false,4.3460217,1.1595219,9.682164,-0.06789083,3
58.198112,0.32088923,49.33119027940757,8.575981909891123,0,1,7041.543,0.048229385,5,1,false,false,4.2320466,1.1306461,9.96098,-0.06677631,3
58.21487,0.32110304,49.33118964993683,8.57599525414201,0,1,7042.4136,0.04822939,5,1,false,false,4.0235486,1.0538886,8.84441,-0.06578004,3
58.23034,0.32131687,49.331189110468884,8.57600846100292,0,1,7049.5176,0.047647394,5,1,false,false,3.9670534,0.94681376,9.28242,-0.0648878,3
58.245403,0.32153076,49.331188480998144,8.576021805253806,0,1,7059.677,0.048229396,5,1,false,false,4.004374,0.9705051,10.447744,-0.063988574,3
58.26073,0.32174468,49.331187941530196,8.57603514960965,0,1,7067.5024,0.049973093,5,1,false,false,3.9181006,1.0009755,9.680674,-0.06299403,3
58.278038,0.3219587,49.33118740206225,8.576048493965496,0,1,7072.957,0.050843827,5,1,false,false,3.6337068,1.1779078,8.782026,-0.061927423,3
58.297707,0.32217276,49.33118677259151,8.57606183832134,0,1,7066.8804,0.04997309,5,1,false,false,3.905817,1.2739998,11.106338,-0.060861,3
58.317017,0.32238692,49.33118623312356,8.576075182677187,0,1,7054.8394,0.05026295,5,1,false,false,4.2483563,1.1407979,10.302168,-0.05981204,3
58.333817,0.32260114,49.33118569365561,8.576088527033031,0,1,7058.785,0.05171567,5,1,false,false,3.7296975,1.071225,9.083616,-0.05876199,3
58.35058,0.32281542,49.331185154187665,8.576101871283917,0,1,7066.641,0.05287739,5,1,false,false,3.6533597,1.0773258,9.936009,-0.057749167,3
58.36758,0.32302976,49.331184704585304,8.576115215639764,0,1,7059.82,0.054330103,5,1,false,false,4.233931,1.0770283,11.433755,-0.056798533,3
58.383423,0.32324415,49.33118416511736,8.576128559995608,0,1,7063.1357,0.054910965,5,1,false,false,4.114837,0.9813689,11.8006115,-0.055774678,3
58.398483,0.3234586,49.33118362564941,8.576141904351454,0,1,7077.402,0.05607382,5,1,false,false,4.020453,1.0058401,11.373321,-0.05462475,3
58.41584,0.32367313,49.331183176047055,8.576155386202235,0,1,7076.8135,0.056364812,5,1,false,false,4.070657,1.1954417,10.7457,-0.05340076,3
58.43484,0.32388774,49.331182726444695,8.576168730558079,0,1,7061.806,0.056073807,5,1,false,false,3.95796,1.2262161,10.150059,-0.052201223,3
58.451946,0.32410237,49.33118227684234,8.576182074913925,0,1,7057.111,0.05665467,5,1,false,false,3.9511294,1.0189139,10.11664,-0.051116362,3
58.466152,0.3243171,49.33118173737439,8.57619541926977,0,1,7065.872,0.05956011,5,1,false,false,3.845011,0.907352,11.07327,-0.05011207,3
58.47928,0.32453185,49.33118128790924,8.57620890112055,0,1,7077.5073,0.06450023,5,1,false,false,3.6261492,0.8287412,8.846776,-0.04910102,3
58.49277,0.32474664,49.33118092817247,8.576222245476396,0,1,7089.221,0.06827637,5,1,false,false,3.643693,0.9151423,9.526624,-0.04802431,3
58.50901,0.3249615,49.33118047857011,8.57623558983224,0,1,7094.7183,0.073215395,5,1,false,false,3.698105,1.0747479,8.639302,-0.04684568,3
58.52544,0.32517645,49.33118002896776,8.576249071683021,0,1,7090.0864,0.07931722,5,1,false,false,3.5475497,1.0265229,7.2320285,-0.04561607,3
58.541695,0.3253915,49.33117966936819,8.576262416038867,0,1,7095.777,0.085999936,5,1,false,false,4.188553,1.0724771,10.714446,-0.04432315,3
58.557392,0.32560664,49.331179219765836,8.576275898099563,0,1,7099.493,0.09326348,5,1,false,false,4.2796583,0.95849466,8.695199,-0.042894565,3
58.571842,0.32582182,49.33117886016627,8.57628924245541,0,1,7104.259,0.09645879,5,1,false,false,3.9892485,0.9655719,8.022689,-0.04130028,3
58.59028,0.32603702,49.3311785004295,8.57630272430619,0,1,7112.0605,0.09733063,5,1,false,false,4.6400495,1.170332,10.580915,-0.039589882,3
58.607857,0.3262523,49.33117814082994,8.576316068662035,0,1,7096.591,0.09674975,5,1,false,false,4.909149,1.1084112,9.942074,-0.03781646,3
58.62433,0.32646766,49.331177781093174,8.576329550512815,0,1,7098.9453,0.09500719,5,1,false,false,4.9836807,1.0420198,9.263799,-0.035931043,3
58.640434,0.32668304,49.33117742149361,8.576343032363598,0,1,7109.5986,0.094425194,5,1,false,false,4.8249254,1.0557597,9.91952,-0.033983327,3
58.657158,0.32689846,49.33117706189404,8.576356376719442,0,1,7099.2017,0.092392765,5,1,false,false,5.279785,1.0940199,10.515593,-0.032097597,3
58.67303,0.32711396,49.331176792160065,8.576369858570223,0,1,7097.4736,0.08919521,5,1,false,false,5.983398,0.97156304,12.140561,-0.030210154,3
58.687214,0.32732946,49.33117652228889,8.57638334063092,0,1,7108.6724,0.085999906,5,1,false,false,5.793863,0.94160783,10.59065,-0.028182466,3
58.70268,0.32754502,49.33117616268933,8.576396822481701,0,1,7111.577,0.0810609,5,1,false,false,5.327054,1.114721,9.112876,-0.02611029,3
58.720425,0.32776067,49.33117589295536,8.576410166837546,0,1,7101.1655,0.072925515,5,1,false,false,5.3591003,1.160745,9.931206,-0.024203865,3
58.736584,0.3279763,49.33117571308697,8.576423648688326,0,1,7092.6245,0.06827639,5,1,false,false,5.2000504,0.96789086,9.379302,-0.022587756,3
58.74829,0.32819203,49.331175443353,8.576437130749024,0,1,7105.9263,0.06740452,5,1,false,false,5.4920287,0.70520645,10.696537,-0.021168478,3
58.75965,0.32840773,49.33117517361902,8.576450612599805,0,1,7129.489,0.07030994,5,1,false,false,5.2560616,0.83943534,9.715186,-0.019657534,3
58.773518,0.32862353,49.33117499375064,8.576464094450586,0,1,7132.31,0.07147278,5,1,false,false,4.9078345,0.97538495,8.413751,-0.018060824,3
58.792583,0.32883936,49.331174814019455,8.576477576301366,0,1,7126.526,0.07176377,5,1,false,false,5.045923,1.3120794,8.569729,-0.016475186,3
58.810066,0.32905525,49.331174634151076,8.576491058362064,0,1,7112.451,0.073797345,5,1,false,false,5.190054,1.0317041,9.208385,-0.015058379,3
58.824554,0.3292712,49.331174454282696,8.576504540212845,0,1,7117.3506,0.07844648,5,1,false,false,5.3715205,0.9133693,10.199225,-0.013706683,3
58.836857,0.32948717,49.33117427441431,8.576518022063626,0,1,7134.8525,0.08164181,5,1,false,false,5.4560313,0.81736577,10.493617,-0.012248352,3
58.85157,0.32970318,49.33117409468313,8.576531503914406,0,1,7141.077,0.082222655,5,1,false,false,5.4907303,1.1119894,10.180215,-0.0106115,3
58.869354,0.32991928,49.331174004680335,8.576544985975104,0,1,7130.777,0.07931723,5,1,false,false,5.5412474,1.1539612,9.950545,-0.008908393,3
58.88675,0.3301354,49.331173824949154,8.576558467825885,0,1,7121.8037,0.077573515,5,1,false,false,5.7276707,1.1159416,10.8893,-0.0072144363,3
58.901943,0.3303516,49.33117373494636,8.576571949676666,0,1,7121.263,0.077573515,5,1,false,false,5.624974,0.9537827,10.359355,-0.00558094,3
58.915813,0.33056787,49.331173645080774,8.576585431737364,0,1,7125.8345,0.07583093,5,1,false,false,5.6626554,0.95090145,10.445229,-0.004010854,3
58.92986,0.33078414,49.33117355521518,8.57659905108308,0,1,7129.317,0.073506355,5,1,false,false,5.191183,0.9264317,8.973321,-0.0024745835,3
58.94378,0.33100045,49.33117355521518,8.576612532933861,0,1,7130.043,0.07205364,5,1,false,false,5.334561,0.93679875,10.962773,-0.0010070393,3
58.92763,0.33121684,49.33117346521239,8.576626014994558,0,1,7230.5728,0.072053656,0,1,false,false,5.372742,-1.6864196,10.911518,0.00043754285,3
58.91405,0.33143306,49.33117346521239,8.576639496845338,0,1,6570.229,0.073215365,6,1,false,false,5.4903827,2.0162587,11.98064,0.0018509236,3
58.97351,0.33164942,49.33117346521239,8.576653116400971,0,1,5998.1436,0.074087225,6,1,false,false,5.866617,2.537003,10.539555,0.0034117163,3
58.961315,0.33186588,49.33117346521239,8.576666598251753,0,1,6458.979,0.0746681,6,1,false,false,5.3444757,-1.5307992,10.645314,0.0050151763,3
58.96997,0.33208227,49.33117346521239,8.576680080102534,0,1,6289.141,0.077863395,6,1,false,false,5.5816526,2.1360586,10.599347,0.006426757,3
59.003452,0.3322988,49.33117346521239,8.57669356216323,0,1,6186.243,0.07931723,6,1,false,false,5.4220276,1.4181983,10.370932,0.007772358,3
59.00894,0.33251536,49.33117346521239,8.576707181508947,0,1,6331.2573,0.08367536,6,1,false,false,5.2731957,0.17928712,10.405573,0.009100096,3
59.019478,0.332732,49.33117355521518,8.576720663359728,0,1,6291.055,0.08919521,6,1,false,false,5.1870933,1.1370882,9.227733,0.010447117,3
59.038307,0.33294863,49.331173645080774,8.576734282915362,0,1,6271.554,0.09413535,6,1,false,false,5.381157,1.1411154,9.856965,0.011922207,3
59.051815,0.33316535,49.331173645080774,8.576747764766143,0,1,6310.7373,0.09936475,6,1,false,false,5.2755466,0.8430292,9.925658,0.013545027,3
59.06667,0.33338213,49.33117373494636,8.57676124682684,0,1,6293.0957,0.104013346,6,1,false,false,5.3164673,1.1166897,9.310569,0.015264862,3
59.083458,0.33359894,49.33117391481475,8.576774866172556,0,1,6293.037,0.10633734,6,1,false,false,5.410695,1.043868,9.434082,0.017080078,3
59.098255,0.33381584,49.331174004680335,8.576788348233254,0,1,6302.493,0.108662456,6,1,false,false,5.1019535,1.0014484,8.31245,0.018940821,3
59.11351,0.33403277,49.33117409468313,8.576801967578971,0,1,6297.498,0.11243919,6,1,false,false,4.9292936,0.95929754,7.2736425,0.020712687,3
59.127846,0.33424976,49.33117427441431,8.576815449429752,0,1,6304.4614,0.1176686,6,1,false,false,5.2812433,0.920596,7.977994,0.022422623,3
59.139664,0.3344668,49.331174454282696,8.576829068985385,0,1,6314.5645,0.12696631,6,1,false,false,5.508494,0.64116514,8.284736,0.024202034,3
59.15053,0.3346839,49.331174634151076,8.576842550836165,0,1,6333.024,0.13858913,6,1,false,false,5.6299,0.866792,8.188918,0.026261147,3
59.165188,0.334901,49.331174814019455,8.576856170391798,0,1,6343.025,0.14410903,6,1,false,false,5.9508557,1.0273738,8.331334,0.028655078,3
59.18359,0.33511823,49.33117499375064,8.57686978994743,0,1,6332.6562,0.14381859,6,1,false,false,6.9514017,1.3103958,10.409117,0.0313391,3
59.202896,0.3353355,49.33117517361902,8.576883271798213,0,1,6321.539,0.13917002,6,1,false,false,6.8827686,1.228145,8.794189,0.03425568,3
59.220364,0.3355528,49.331175443353,8.576896891353845,0,1,6317.361,0.12929142,6,1,false,false,7.3781633,1.1529771,9.699756,0.03720085,3
59.23721,0.33577025,49.33117571308697,8.576910510699562,0,1,6311.501,0.12028359,6,1,false,false,8.194821,1.1400747,11.860384,0.040076707,3
59.251125,0.3359877,49.331175982820945,8.576923992550343,0,1,6305.473,0.11331102,6,1,false,false,7.955017,0.9157458,9.564689,0.04282038,3
59.264164,0.3362052,49.33117625255492,8.576937612105976,0,1,6317.5386,0.10662831,6,1,false,false,8.125559,0.94466084,11.050587,0.045499492,3
59.277946,0.33642277,49.331176612291685,8.576951231661608,0,1,6317.4434,0.10197975,6,1,false,false,8.2305565,1.0086802,10.642038,0.048096675,3
59.29181,0.33664042,49.33117697189125,8.57696471351239,0,1,6312.1025,0.09645879,6,1,false,false,8.08341,0.9814087,10.47195,0.05055951,3
59.305515,0.33685806,49.33117733162802,8.576978333068023,0,1,6320.2695,0.09413536,6,1,false,false,8.152654,0.95407385,10.40927,0.052934926,3
59.319077,0.3370758,49.33117769122758,8.57699195241374,0,1,6318.468,0.09413534,6,1,false,false,7.965996,0.98891115,9.895545,0.055200264,3
59.33308,0.3372936,49.33117805096435,8.577005571969373,0,1,6318.752,0.095588066,6,1,false,false,7.6744404,1.0048804,9.983454,0.057345252,3
59.34649,0.33751142,49.3311785004295,8.577019053820154,0,1,6321.3867,0.100817464,6,1,false,false,8.177474,0.95022964,10.370334,0.059351947,3
59.358994,0.3377293,49.33117895003186,8.577032673375786,0,1,6322.8257,0.11011518,6,1,false,false,8.001018,0.9062783,10.160832,0.061343364,3
59.371456,0.33794722,49.331179399634216,8.577046292931419,0,1,6327.497,0.119993754,6,1,false,false,8.233567,0.9232108,10.918908,0.06339043,3
59.385025,0.33816525,49.33117984923658,8.577059912277136,0,1,6332.1963,0.12260872,6,1,false,false,7.990858,1.010148,9.131081,0.06557183,3
59.39928,0.3383833,49.331180388704524,8.57707353183277,0,1,6327.996,0.116797864,6,1,false,false,7.58748,0.9842249,9.223366,0.06779437,3
59.413574,0.33860138,49.33118092817247,8.577087151178487,0,1,6330.1523,0.1124392,6,1,false,false,7.5122294,0.96192193,9.712405,0.069964826,3
59.426315,0.33881956,49.33118146764042,8.577100633239183,0,1,6334.575,0.10953431,6,1,false,false,7.197005,0.9018547,9.269914,0.072087936,3
59.439056,0.33903775,49.33118200710837,8.5771142525849,0,1,6343.1494,0.1112769,6,1,false,false,7.7057066,0.9357638,10.58796,0.074242614,3
59.453175,0.33925602,49.331182546713514,8.577127872140533,0,1,6344.04,0.11476431,6,1,false,false,7.713786,1.0406288,9.237195,0.076533996,3
59.46807,0.33947435,49.331183176047055,8.577141491696166,0,1,6339.7847,0.11737875,6,1,false,false,7.4200892,1.058282,8.916834,0.07887298,3
59.48391,0.33969274,49.331183805517796,8.577155111041883,0,1,6338.128,0.11795962,6,1,false,false,7.7481575,1.0866036,10.612237,0.08115068,3
59.497025,0.3399112,49.33118443485133,8.577168730597515,0,1,6333.075,0.11854102,6,1,false,false,8.597767,0.873286,11.181514,0.0833575,3
59.50891,0.34012967,49.33118506432207,8.57718235015315,0,1,6344.1074,0.118541025,6,1,false,false,7.5901704,0.87391734,8.821987,0.085704535,3
59.522186,0.34034824,49.331185783658405,8.577195969498867,0,1,6349.739,0.11331103,6,1,false,false,7.711363,1.0621301,10.378242,0.08807755,3
59.537804,0.3405669,49.331186502857534,8.5772095890545,0,1,6338.3237,0.10895236,6,1,false,false,8.608681,1.0259914,10.740776,0.0903869,3
59.55042,0.34078562,49.33118722219386,8.57722307090528,0,1,6337.8174,0.10633735,6,1,false,false,7.4963517,0.89689463,8.640617,0.09263618,3
59.562733,0.34100437,49.331187941530196,8.577236690460913,0,1,6353.0376,0.10459475,6,1,false,false,7.470215,0.93719745,10.369801,0.09480927,3
59.57626,0.34122318,49.33118866086652,8.57725030980663,0,1,6346.0576,0.10343247,6,1,false,false,8.580169,0.9645684,11.326442,0.09692559,3
59.58895,0.341442,49.33118947006845,8.577263929362262,0,1,6347.1377,0.1028516,6,1,false,false,7.256484,0.9055792,8.559923,0.09913456,3
59.601933,0.3416609,49.33119027940757,8.577277548917895,0,1,6360.8936,0.10081747,6,1,false,false,7.2024407,1.0150379,10.081242,0.10133108,3
59.617752,0.3418798,49.33119108860949,8.577291168263612,0,1,6348.5547,0.10081748,6,1,false,false,8.138865,1.0626206,10.172215,0.10339876,3
59.630142,0.34209877,49.331191897811415,8.577304787819246,0,1,6344.2754,0.10343246,6,1,false,false,7.943618,0.8481696,10.744391,0.10541206,3
59.64195,0.34231782,49.33119279701613,8.577318407374879,0,1,6365.4976,0.108081594,6,1,false,false,7.773325,0.90824926,9.718277,0.10755235,3
59.65605,0.34253687,49.331193696083645,8.577332026720596,0,1,6356.6743,0.107209176,6,1,false,false,7.679664,1.0828114,9.48003,0.10971013,3
59.671173,0.34275597,49.33119459528835,8.577345646276228,0,1,6347.698,0.10197978,6,1,false,false,7.514225,1.0058348,10.53194,0.111796066,3
59.68327,0.34297514,49.33119549435587,8.577359265621945,0,1,6355.7417,0.09849289,6,1,false,false,7.3581824,0.82994056,10.190245,0.11379775,3
59.695076,0.34319434,49.33119639356058,8.577372885177578,0,1,6364.2593,0.097912036,6,1,false,false,7.1030297,0.91219956,9.060673,0.11578859,3
59.70886,0.34341356,49.33119738263089,8.57738650473321,0,1,6365.1436,0.09849293,6,1,false,false,6.666563,1.0168682,8.492295,0.11772748,3
59.722797,0.34363288,49.33119837170119,8.577400124078927,0,1,6362.8184,0.09965575,6,1,false,false,6.7806163,0.94640946,8.566472,0.11953668,3
59.73563,0.34385222,49.3311993607715,8.577413606139626,0,1,6366.955,0.10662834,6,1,false,false,6.7270436,0.8634032,8.698319,0.12127986,3
59.74688,0.3440716,49.3312003498418,8.577427225485343,0,1,6376.414,0.113891885,6,1,false,false,6.827566,0.8026946,9.631415,0.12308235,3
59.759567,0.34429103,49.33120133891211,8.577440845040975,0,1,6384.837,0.11766862,6,1,false,false,7.2354712,0.93619764,9.136486,0.12510848,3
59.774372,0.34451053,49.331202417848004,8.577454464596608,0,1,6383.0454,0.11708774,6,1,false,false,6.8067684,1.0790443,8.477557,0.12733805,3
59.790615,0.34473005,49.3312034967839,8.577468083942325,0,1,6376.61,0.11243917,6,1,false,false,7.3778167,1.134304,10.038063,0.12958804,3
59.80566,0.34494966,49.331204575856994,8.577481703497957,0,1,6369.4385,0.108662456,6,1,false,false,7.4478655,0.9383866,10.141572,0.13178262,3
59.817764,0.34516934,49.33120565479289,8.57749532305359,0,1,6375.8193,0.10372233,6,1,false,false,7.368394,0.8575874,9.396956,0.13397007,3
59.83097,0.34538904,49.331206733728784,8.577508942399307,0,1,6383.912,0.09762161,6,1,false,false,7.4976745,0.9510831,10.84697,0.13618708,3
59.845264,0.34560877,49.33120790266747,8.57752256195494,0,1,6374.4507,0.09180964,6,1,false,false,7.857879,1.0016823,11.575132,0.13839638,3
59.858284,0.3458286,49.33120907160616,8.577536181300657,0,1,6376.4727,0.0842562,6,1,false,false,7.49105,0.92007023,9.978342,0.14057913,3
59.871357,0.34604847,49.33121024040765,8.57754980085629,0,1,6381.8267,0.07030994,6,1,false,false,7.130188,0.9485058,10.915112,0.14269096,3
59.885567,0.34626836,49.33121140934634,8.577563420411924,0,1,6375.9,0.05549182,6,1,false,false,7.029731,0.93162674,10.16981,0.14462584,3
59.89862,0.34648836,49.33121266815061,8.57757703975764,0,1,6375.665,0.042418543,6,1,false,false,6.3094087,0.89553535,9.892419,0.14631173,3
59.91153,0.3467084,49.3312138370893,8.577590659313273,0,1,6382.4106,0.033702254,6,1,false,false,6.2662163,0.88162374,10.485313,0.14771493,3
59.924343,0.34692845,49.33121509589358,8.577604141164054,0,1,6382.172,0.03166756,6,1,false,false,5.8140655,0.8973309,9.19994,0.14887717,3
59.93734,0.3471486,49.33121635469786,8.577617760719686,0,1,6386.6426,0.03893112,6,1,false,false,5.2799387,0.8622639,8.74017,0.14982615,3
59.951294,0.34736878,49.331217703367734,8.577631380275319,0,1,6390.007,0.052006673,6,1,false,false,5.411698,0.94093776,9.380613,0.15058368,3
59.96417,0.34758905,49.33121896217201,8.577644999621036,0,1,6389.4546,0.06769551,6,1,false,false,5.407657,0.76920384,8.34346,0.15126741,3
59.976112,0.34780934,49.33122022097629,8.577658619176669,0,1,6403.3447,0.085710034,6,1,false,false,5.1400704,0.83930665,8.677135,0.15205878,3
59.98983,0.34802973,49.33122156978336,8.577672238522386,0,1,6408.883,0.103141464,6,1,false,false,5.6440077,0.89652467,9.919346,0.15301187,3
60.004772,0.34825012,49.33122291845323,8.57768585807802,0,1,6404.2515,0.11273019,6,1,false,false,6.164537,1.0148159,10.357391,0.15425795,3
60.02023,0.34847063,49.331224267260296,8.577699477633653,0,1,6406.009,0.11592603,6,1,false,false,6.052368,0.9854678,9.754316,0.15585712,3
60.036453,0.3486912,49.33122561593017,8.57771309697937,0,1,6400.736,0.11098589,6,1,false,false,6.212389,1.0987822,11.397727,0.15768696,3
60.05248,0.34891182,49.33122696460004,8.577726579040066,0,1,6390.32,0.09936479,6,1,false,false,6.5776625,1.028888,11.249483,0.15961872,3
60.065895,0.34913254,49.3312284032727,8.577740198385783,0,1,6389.86,0.08629092,6,1,false,false,5.7250905,0.8540458,9.211578,0.16155797,3
60.078526,0.3493533,49.33122975207977,8.577753817941415,0,1,6395.4175,0.07757351,6,1,false,false,5.5576973,0.83835244,10.737712,0.16334373,3
60.09101,0.34957412,49.331231190615235,8.577767437497048,0,1,6394.1934,0.07147279,6,1,false,false,5.915381,0.79208046,11.703127,0.16496447,3
60.10191,0.34979498,49.331232629287896,8.577781056842765,0,1,6401.2896,0.06856626,6,1,false,false,5.571969,0.7326665,9.724628,0.16658604,3
60.11433,0.3500159,49.33123406796056,8.5777946763984,0,1,6414.72,0.065081075,6,1,false,false,5.508673,0.9308059,11.112814,0.16826537,3
60.129658,0.3502369,49.33123559649881,8.577808295744116,0,1,6405.861,0.056073822,6,1,false,false,5.2527776,1.0621315,9.687216,0.16992822,3
60.144314,0.35045794,49.33123703517147,8.577821915299749,0,1,6396.6567,0.04968211,6,1,false,false,4.72076,0.915861,9.1645775,0.17138563,3
60.157543,0.35067907,49.331238563709725,8.57783539715053,0,1,6404.193,0.046194695,6,1,false,false,4.831237,0.8369318,10.99801,0.17256834,3
60.168774,0.35090026,49.33124000238239,8.577849016706162,0,1,6408.1396,0.04735754,6,1,false,false,4.636738,0.69797724,8.724354,0.17359737,3
60.17966,0.3511215,49.331241530920636,8.577862636261795,0,1,6419.6587,0.055491827,6,1,false,false,4.5384436,0.78203505,10.259546,0.17459647,3
60.19367,0.35134277,49.33124305945889,8.577876255607512,0,1,6426.93,0.061012805,6,1,false,false,4.9921937,1.0038034,10.187669,0.17566471,3
60.20862,0.35156417,49.331244677862735,8.577889875163144,0,1,6415.11,0.06508109,6,1,false,false,4.607999,0.94570786,8.343534,0.17680207,3
60.223846,0.3517856,49.33124620640099,8.577903494718779,0,1,6419.59,0.06595182,6,1,false,false,4.644307,1.0246,10.405118,0.17796119,3
60.238514,0.3520071,49.33124773507644,8.577917114274412,0,1,6414.215,0.063046396,6,1,false,false,5.1529927,0.9078088,10.48787,0.1790678,3
60.251316,0.35222864,49.33124935348029,8.577930733620128,0,1,6414.478,0.058979243,6,1,false,false,4.337074,0.8211584,9.019315,0.18022044,3
60.26416,0.3524503,49.33125097202133,8.577944215680825,0,1,6427.765,0.057526533,6,1,false,false,4.133361,0.875563,9.650298,0.18137053,3
60.278835,0.35267198,49.331252500559586,8.577957835026542,0,1,6421.5557,0.05956011,6,1,false,false,4.3062344,0.9660401,9.307999,0.18244688,3
60.29234,0.35289377,49.33125411896343,8.577971454372259,0,1,6416.8945,0.063919365,6,1,false,false,4.357293,0.76501477,9.525245,0.18347019,3
60.304684,0.3531156,49.33125573750447,8.577985074137807,0,1,6433.242,0.0694381,6,1,false,false,4.283284,0.8105509,9.040039,0.18454756,3
60.318115,0.35333747,49.33125744577391,8.577998693483524,0,1,6433.3765,0.074668095,6,1,false,false,4.3223333,0.90775335,8.531598,0.18567786,3
60.332916,0.35355946,49.33125906431495,8.578012312829241,0,1,6430.61,0.082803495,6,1,false,false,4.398252,0.9191677,9.275973,0.18685882,3
60.345604,0.3537815,49.3312606827188,8.578025932174958,0,1,6433.19,0.0880335,6,1,false,false,4.701789,0.67405295,10.443354,0.18810984,3
60.35842,0.35400358,49.331262391125435,8.578039414235656,0,1,6443.951,0.091809645,6,1,false,false,5.6723466,0.90671426,11.624282,0.18959624,3
60.372818,0.35422572,49.33126409953207,8.578053033581373,0,1,6440.689,0.08861434,6,1,false,false,5.1210637,0.9849981,11.622479,0.19138879,3
60.389767,0.35444796,49.331265807938706,8.578066653346921,0,1,6430.6606,0.076411776,6,1,false,false,5.172928,1.141703,10.477236,0.19332236,3
60.405445,0.3546703,49.331267516345335,8.578080272692638,0,1,6418.9624,0.05781751,6,1,false,false,5.0880556,0.92104703,10.382407,0.19514212,3
60.418243,0.3548926,49.33126922475197,8.578093892038355,0,1,6417.075,0.040965825,6,1,false,false,4.2863197,0.7502688,11.059853,0.1966844,3
60.428314,0.35511506,49.33127093302141,8.578107511803903,0,1,6426.58,0.025857836,6,1,false,false,4.373937,0.6537216,11.239524,0.19788168,3
60.438446,0.35533753,49.331272731430836,8.578120993444768,0,1,6438.303,0.015979843,6,1,false,false,4.029167,0.69543886,10.055198,0.19890426,3
60.450333,0.3555601,49.33127443970027,8.578134613210318,0,1,6444.9985,0.01626971,6,1,false,false,3.1918764,0.8382588,8.449973,0.1997926,3
60.464443,0.35578266,49.3312762381097,8.578148232556035,0,1,6443.0317,0.023242278,6,1,false,false,3.4123006,0.9288999,8.377314,0.20043756,3
60.478127,0.3560053,49.331278036381924,8.578161851901752,0,1,6439.6333,0.036897555,6,1,false,false,3.6845005,0.7862865,8.901483,0.20089991,3
60.488674,0.35622796,49.331279834654154,8.5781754716673,0,1,6451.5093,0.057526514,6,1,false,false,3.5437527,0.6602838,8.842529,0.20136261,3
60.49991,0.35645068,49.33128163292638,8.578189091013018,0,1,6466.517,0.083384365,6,1,false,false,3.935316,0.7741674,8.33643,0.20199323,3
60.514603,0.35667342,49.33128343119861,8.578202573073714,0,1,6464.2036,0.10575649,6,1,false,false,4.3082905,1.030776,9.614105,0.20288588,3
60.53063,0.35689622,49.331285229608035,8.578216192419431,0,1,6455.224,0.116217,6,1,false,false,5.128477,0.98046815,10.774623,0.20408213,3
60.54559,0.35711905,49.33128702788026,8.578229811765148,0,1,6455.262,0.11766863,6,1,false,false,5.076018,0.9112473,9.72529,0.20564309,3
60.560234,0.35734195,49.33128891601808,8.578243431530698,0,1,6452.944,0.10866247,6,1,false,false,4.720138,0.99726915,10.5593195,0.20747358,3
60.575043,0.3575649,49.3312908042931,8.578257050876415,0,1,6445.325,0.09093892,6,1,false,false,5.376145,0.9073936,10.878934,0.20937258,3
60.587685,0.35778788,49.33129260256533,8.578270532937111,0,1,6443.2764,0.0717638,6,1,false,false,4.86251,0.76968026,10.296495,0.2112856,3
60.59893,0.3580109,49.33129449084034,8.578284152282828,0,1,6452.012,0.05897925,6,1,false,false,4.559954,0.74211204,11.90628,0.21311636,3
60.611042,0.35823396,49.33129637897816,8.578297771628545,0,1,6454.542,0.049973097,6,1,false,false,4.945696,0.8165385,10.287084,0.21482675,3
60.62348,0.35845703,49.33129835711877,8.578311390974262,0,1,6453.4805,0.04241854,6,1,false,false,4.3550725,0.86411923,9.058186,0.2164352,3
60.63711,0.35868016,49.33130024539379,8.57832501073981,0,1,6453.4395,0.04358025,6,1,false,false,3.8220143,0.8565636,8.836549,0.21781184,3
60.649017,0.35890335,49.33130213353161,8.578338492380675,0,1,6450.056,0.048520375,6,1,false,false,4.6408715,0.727846,10.584611,0.21885732,3
60.658436,0.35912654,49.33130411167222,8.578352112146225,0,1,6464.4766,0.05927023,6,1,false,false,4.4480796,0.5933877,9.598098,0.21988371,3
60.667633,0.3593498,49.33130608981283,8.578365731491942,0,1,6480.12,0.076701656,6,1,false,false,4.673745,0.7491876,9.683857,0.22103658,3
60.683296,0.35957304,49.33130806795344,8.57837935083766,0,1,6479.7695,0.089195214,6,1,false,false,4.8799696,1.1315422,8.670696,0.2223671,3
60.699463,0.35979638,49.331310046094046,8.578392832898356,0,1,6458.039,0.099364765,6,1,false,false,4.8568954,0.9784107,9.297042,0.22374842,3
60.712826,0.3600197,49.331312024234656,8.578406452244073,0,1,6461.7573,0.10837149,6,1,false,false,5.7113466,0.7832166,11.903823,0.2251622,3
60.722927,0.3602431,49.331314002375265,8.57842007200962,0,1,6471.4707,0.10895235,6,1,false,false,5.703758,0.6905866,9.697115,0.2267838,3
60.73472,0.36046654,49.33131607038147,8.578433553650488,0,1,6474.4805,0.10372234,6,1,false,false,5.594939,0.8831464,10.21144,0.22865279,3
60.749035,0.36069003,49.33131804852208,8.578447173416036,0,1,6469.595,0.09384435,6,1,false,false,5.742996,0.9523034,10.967362,0.23064712,3
60.76215,0.36091357,49.331320116528275,8.578460792761753,0,1,6459.8096,0.08164177,6,1,false,false,5.436626,0.8495606,10.947015,0.23259537,3
60.773384,0.36113712,49.33132218467168,8.57847427482245,0,1,6468.6143,0.07350638,6,1,false,false,5.366351,0.7291416,9.224683,0.23443973,3
60.784225,0.3613607,49.33132425267788,8.578487894168166,0,1,6472.4126,0.07118295,6,1,false,false,5.331478,0.77708185,11.419425,0.23615585,3
60.795704,0.36158434,49.33132632068408,8.578501513513883,0,1,6469.5884,0.07321537,6,1,false,false,5.646301,0.7504359,10.265801,0.23777702,3
60.805695,0.361808,49.331328478693074,8.578514995574581,0,1,6478.8877,0.072925515,6,1,false,false,5.266057,0.67163664,8.828809,0.23940198,3
60.818077,0.3620317,49.33133054669927,8.578528614920298,0,1,6485.272,0.072053656,6,1,false,false,5.5373554,0.9435964,10.137622,0.24105461,3
60.831306,0.36225542,49.33133270470827,8.578542096980994,0,1,6473.949,0.072053656,6,1,false,false,5.1924005,0.84567845,9.265298,0.2426404,3
60.842766,0.3624792,49.33133486258006,8.578555716326711,0,1,6479.09,0.07437824,6,1,false,false,5.1840444,0.8065016,10.052579,0.24413317,3
60.854336,0.362703,49.331337020589054,8.578569198387408,0,1,6487.7197,0.07670164,6,1,false,false,5.4684906,0.78465563,8.886058,0.2455642,3
60.86613,0.36292687,49.33133917859804,8.578582817733125,0,1,6480.8413,0.08076995,6,1,false,false,5.3287764,0.81982887,9.315399,0.2469643,3
60.877964,0.36315075,49.331341426472626,8.578596299793823,0,1,6487.9473,0.08599993,6,1,false,false,5.2767878,0.78511995,9.02215,0.24839519,3
60.88885,0.3633747,49.33134358434442,8.57860991913954,0,1,6492.603,0.09151977,6,1,false,false,5.6067824,0.76759243,9.850215,0.24988419,3
60.901035,0.36359867,49.331345832219,8.578623401200236,0,1,6493.4395,0.094425194,6,1,false,false,5.935819,0.8571886,10.145018,0.2515427,3
60.913567,0.36382267,49.33134808009358,8.578637020545953,0,1,6492.6875,0.09064794,6,1,false,false,5.4258184,0.88467145,9.103505,0.25334096,3
60.927174,0.36404672,49.33135032796817,8.57865050260665,0,1,6489.966,0.07902735,6,1,false,false,5.5455422,0.9792355,9.999913,0.2551397,3
60.94062,0.3642708,49.33135257584276,8.578663984247514,0,1,6481.3906,0.070309944,6,1,false,false,5.737048,0.74800384,10.754595,0.25681272,3
60.950645,0.36449495,49.33135482371734,8.578677604013064,0,1,6486.087,0.06537093,6,1,false,false,4.9997807,0.6782793,10.2098055,0.25838527,3
60.961216,0.36471912,49.33135716159471,8.57869108565393,0,1,6501.07,0.06450022,6,1,false,false,5.26455,0.73415613,9.134998,0.25988352,3
60.97371,0.36494336,49.33135940946929,8.578704705419478,0,1,6493.69,0.06856626,6,1,false,false,5.4034886,0.8756989,10.171656,0.26130733,3
60.98602,0.36516762,49.33136174720947,8.578718187060343,0,1,6489.699,0.07757351,6,1,false,false,5.410988,0.7521278,9.460246,0.2626471,3
60.99662,0.3653919,49.33136408494965,8.57873166912104,0,1,6499.407,0.088033505,6,1,false,false,5.281671,0.7005685,9.330482,0.26394135,3
61.00798,0.36561626,49.331366422827024,8.578745150761906,0,1,6502.7686,0.09791207,6,1,false,false,5.3164406,0.7923249,8.273534,0.26526463,3
61.019592,0.36584064,49.331368760567194,8.578758770527454,0,1,6500.7075,0.10837146,6,1,false,false,5.1246343,0.72759914,7.751579,0.26661697,3
61.030178,0.36606506,49.331371188310165,8.578772252168319,0,1,6508.4917,0.11795961,6,1,false,false,5.490259,0.686501,9.405754,0.26802605,3
61.039677,0.3662895,49.331373526050335,8.578785734229015,0,1,6516.12,0.12406145,6,1,false,false,6.3483834,0.6147022,10.026209,0.269647,3
61.04961,0.36651403,49.331375953793305,8.578799216289713,0,1,6525.9023,0.12173687,6,1,false,false,6.1185684,0.78106374,9.503523,0.27171007,3
61.06394,0.36673856,49.33137838153627,8.578812697930578,0,1,6524.6772,0.113600895,6,1,false,false,5.846328,1.0520731,9.206265,0.27409214,3
61.080963,0.36696315,49.33138080914204,8.578826317696127,0,1,6502.6304,0.09762164,6,1,false,false,6.6258583,1.0739757,11.521524,0.27647772,3
61.09397,0.3671878,49.331383236885,8.578839799336992,0,1,6494.3516,0.07873637,6,1,false,false,6.509776,0.77934414,11.258997,0.2787487,3
61.103054,0.3674125,49.33138566462797,8.578853281397688,0,1,6507.5195,0.06624281,6,1,false,false,6.3830585,0.6822631,11.943986,0.28090584,3
61.113865,0.36763722,49.33138818223653,8.578866763458386,0,1,6509.9688,0.056364812,6,1,false,false,6.149603,0.8463575,10.724755,0.28293076,3
61.125675,0.36786205,49.33139069984509,8.578880245099251,0,1,6498.804,0.049682103,6,1,false,false,5.995727,0.84684414,9.811302,0.2846795,3
61.13672,0.36808687,49.331393217453645,8.578893727159947,0,1,6501.1113,0.0476474,6,1,false,false,5.6285896,0.7012073,9.597939,0.28610712,3
61.14553,0.36831173,49.3313957350622,8.578907209220645,0,1,6508.01,0.049682107,6,1,false,false,5.4791727,0.6095924,10.78967,0.2872607,3
61.154465,0.36853665,49.33139825267076,8.57892069086151,0,1,6519.031,0.05578395,6,1,false,false,5.3479996,0.6473003,9.490691,0.288361,3
61.164604,0.36876157,49.33140086028211,8.578934035217355,0,1,6525.492,0.06537096,6,1,false,false,4.889553,0.7387396,8.19574,0.28947264,3
61.177498,0.36898658,49.331403377890666,8.578947517278051,0,1,6523.8037,0.07234465,6,1,false,false,5.8753476,0.93122697,12.285434,0.29058984,3
61.189674,0.3692116,49.33140598536482,8.578960998918916,0,1,6516.599,0.08367537,6,1,false,false,6.255488,0.78112847,11.443597,0.29186037,3
61.20119,0.3694367,49.33140859297616,8.578974480979614,0,1,6522.539,0.090647936,6,1,false,false,5.6779375,0.858368,8.919456,0.29331636,3
61.214928,0.36966187,49.33141120045031,8.57898796304031,0,1,6518.982,0.08774363,6,1,false,false,5.704766,0.9295853,10.76421,0.2948106,3
61.227222,0.36988708,49.33141380792446,8.579001444681175,0,1,6500.5693,0.08280349,6,1,false,false,5.582261,0.71719676,9.201773,0.29619336,3
61.235043,0.37011233,49.33141641553581,8.579014789037021,0,1,6517.585,0.07931721,6,1,false,false,5.2707977,0.4825329,10.760739,0.29752722,3
61.243458,0.3703376,49.33141911301275,8.579028271097718,0,1,6535.3345,0.078446485,6,1,false,false,5.064706,0.64707446,9.222728,0.29895702,3
61.254284,0.37056294,49.331421810352495,8.579041753158414,0,1,6527.4146,0.07902737,6,1,false,false,5.0707026,0.7971396,9.820849,0.30041978,3
61.26727,0.37078834,49.33142441796384,8.57905509751426,0,1,6530.217,0.077863365,6,1,false,false,5.211874,0.863388,10.075825,0.30194333,3
61.278465,0.37101376,49.33142711544078,8.579068579155125,0,1,6527.508,0.07902737,6,1,false,false,4.918443,0.7222789,8.155631,0.3034612,3
61.290188,0.37123922,49.33142990278331,8.579082061215821,0,1,6530.645,0.082803495,6,1,false,false,4.8886676,0.7824174,9.299718,0.30492356,3
61.30127,0.37146473,49.33143260026025,8.579095405571667,0,1,6531.498,0.085999936,6,1,false,false,5.0516176,0.7009831,9.173577,0.30630684,3
61.310707,0.37169024,49.331435297599995,8.579108887212533,0,1,6534.7363,0.09297362,6,1,false,false,5.3150525,0.603952,9.49589,0.3077192,3
61.32076,0.37191573,49.331438085079725,8.579122231568377,0,1,6548.0103,0.09674977,6,1,false,false,5.8049417,0.72173697,11.364537,0.30933407,3
61.332985,0.37214133,49.331440872422256,8.579135713629073,0,1,6545.5728,0.09471621,6,1,false,false,5.9775524,0.90056884,10.434856,0.31121644,3
61.347286,0.37236694,49.3314435698992,8.57914905798492,0,1,6535.2344,0.090358056,6,1,false,false,5.3704867,1.0293314,9.920883,0.3132248,3
61.36119,0.3725926,49.33144635724173,8.579162540045616,0,1,6526.063,0.08164178,6,1,false,false,6.0878034,0.8560732,10.837125,0.31508657,3
61.371574,0.37281832,49.331449234449856,8.579175884401462,0,1,6523.99,0.07408721,6,1,false,false,5.667354,0.6206161,9.771589,0.31676778,3
61.379658,0.37304407,49.33145202179239,8.579189228757306,0,1,6534.776,0.072925515,6,1,false,false,5.3495975,0.6085508,11.010248,0.31831482,3
61.388638,0.37326986,49.33145489913771,8.579202710398171,0,1,6544.0156,0.07234463,6,1,false,false,6.1440306,0.65118504,10.837407,0.3198385,3
61.39895,0.37349564,49.33145768648024,8.579216054754017,0,1,6542.706,0.07001895,6,1,false,false,5.376306,0.79247344,9.45133,0.32146263,3
61.411003,0.3737215,49.331460563825566,8.579229399109861,0,1,6543.7925,0.067404516,6,1,false,false,5.240319,0.827903,10.35727,0.3230649,3
61.42304,0.3739474,49.331463441033684,8.579242743465706,0,1,6535.9,0.065081105,6,1,false,false,5.6757,0.8088038,9.070692,0.32452568,3
61.43307,0.37417334,49.33146631837901,8.579256225526404,0,1,6537.9966,0.0630464,6,1,false,false,4.825503,0.65472335,8.074195,0.32584155,3
61.44296,0.3743993,49.331469285589925,8.579269569882248,0,1,6548.3774,0.064500235,6,1,false,false,4.7180395,0.7119539,9.338571,0.32699612,3
61.45197,0.37462533,49.33147216279805,8.579282914238094,0,1,6546.7476,0.06827637,6,1,false,false,5.131972,0.50731385,8.467355,0.32804236,3
61.459854,0.37485138,49.33147513000896,8.579296258593939,0,1,6562.616,0.06885725,6,1,false,false,4.879494,0.59767765,10.249362,0.32921058,3
61.470768,0.37507746,49.331478007217086,8.579309602529952,0,1,6573.9355,0.066823676,6,1,false,false,4.962285,0.7898302,9.6357565,0.33058786,3
61.485073,0.37530354,49.331480974428,8.579322946885796,0,1,6559.4785,0.06246552,6,1,false,false,4.9828687,1.0253451,9.680077,0.33208698,3
61.500328,0.37552974,49.331483941638915,8.579336291241642,0,1,6549.948,0.052006677,6,1,false,false,5.181821,0.9197608,11.133916,0.33359385,3
61.51344,0.37575597,49.331486908849826,8.579349635597486,0,1,6544.336,0.040965825,6,1,false,false,4.755765,0.7503201,9.887455,0.33498842,3
61.52456,0.37598222,49.33148996592633,8.579362979953332,0,1,6542.957,0.032830417,6,1,false,false,4.6390495,0.7397179,11.002336,0.33616826,3
61.534653,0.3762085,49.33149293313725,8.579376324309177,0,1,6546.8003,0.028181277,6,1,false,false,4.341136,0.63666624,9.824774,0.33713165,3
61.543713,0.37643486,49.331495900348166,8.579389668665023,0,1,6550.3604,0.026438694,6,1,false,false,4.115292,0.66937673,10.553242,0.33792135,3
61.554035,0.37666124,49.33149895742467,8.579403013020867,0,1,6557.9297,0.027891405,6,1,false,false,4.064854,0.68225944,9.256941,0.33862564,3
61.564743,0.37688765,49.331502014638374,8.579416357376711,0,1,6554.706,0.02934412,6,1,false,false,3.7365417,0.73675984,9.281114,0.33925852,3
61.576145,0.3771141,49.33150507171488,8.579429701732558,0,1,6558.2607,0.03108671,6,1,false,false,3.7100506,0.720712,10.621216,0.3398308,3
61.586216,0.37734058,49.331508128791384,8.579443046088402,0,1,6559.2114,0.031377696,6,1,false,false,3.7684786,0.6496505,9.138145,0.34039077,3
61.59718,0.3775671,49.33151118586789,8.579456252739396,0,1,6565.49,0.031377696,6,1,false,false,3.5806003,0.80143297,9.460663,0.3409804,3
61.60938,0.37779367,49.3315142430816,8.57946959709524,0,1,6562.221,0.031667553,6,1,false,false,3.0768347,0.7860272,9.857416,0.34156308,3
61.621265,0.3780203,49.331517300158104,8.579482941451086,0,1,6556.2583,0.033993263,6,1,false,false,3.0419295,0.7046405,8.517482,0.34209076,3
61.6314,0.37824693,49.3315204471002,8.57949628580693,0,1,6564.646,0.03457411,6,1,false,false,3.0722082,0.6280162,9.528929,0.3426016,3
61.641167,0.37847364,49.33152350431391,8.579509630162775,0,1,6572.304,0.034574114,6,1,false,false,2.991607,0.6628789,11.753875,0.34316453,3
61.652206,0.37870035,49.331526651256006,8.57952283681377,0,1,6571.49,0.033412404,6,1,false,false,2.7004228,0.72374016,8.582061,0.3437999,3
61.66453,0.37892714,49.33152970833251,8.579536181169614,0,1,6573.2275,0.03050584,6,1,false,false,2.9202356,0.80843747,9.977239,0.34446308,3
61.677326,0.37915394,49.33153285541181,8.57954952552546,0,1,6566.8955,0.027310552,6,1,false,false,2.6440628,0.7721947,12.747892,0.34515515,3
61.68865,0.3793808,49.331536002491106,8.579562869881304,0,1,6564.1533,0.022661421,6,1,false,false,2.722743,0.739583,10.63214,0.3458485,3
61.699924,0.37960768,49.331539149433205,8.57957607695213,0,1,6573.3223,0.014236133,6,1,false,false,2.4744525,0.8005128,10.77735,0.34655356,3
61.71275,0.37983465,49.331542296512495,8.579589421307974,0,1,6561.6978,0.004939,6,1,false,false,2.0781934,0.86745775,11.082706,0.34716317,3
61.723984,0.38006163,49.331545443454594,8.57960276566382,0,1,6551.4165,-0.0026155575,6,1,false,false,2.0460846,0.68028677,9.64785,0.34754038,3
61.7325,0.38028866,49.33154859053389,8.579615972314812,0,1,6565.544,-0.008425284,6,1,false,false,1.7000732,0.5282759,10.001221,0.3477389,3
61.740616,0.38051572,49.33155173761319,8.579629316670658,0,1,6572.776,-0.0098779965,6,1,false,false,1.7794535,0.56363773,9.86019,0.34780654,3
61.74978,0.3807428,49.33155488455529,8.579642661026503,0,1,6578.275,-0.007844425,6,1,false,false,1.1918042,0.6379342,8.370844,0.34780768,3
61.76015,0.3809699,49.33155812150017,8.579655867677495,0,1,6586.137,-0.0023245658,6,1,false,false,1.1536692,0.6880238,7.0623274,0.34774238,3
61.772144,0.3811971,49.33156126857947,8.579669212033341,0,1,6581.6934,0.0069736955,6,1,false,false,1.2253509,0.73254466,7.3907895,0.34761083,3
61.78207,0.38142428,49.33156441552157,8.579682556389185,0,1,6582.8755,0.016269708,6,1,false,false,1.0938803,0.51871866,8.303426,0.34747326,3
61.78759,0.38165152,49.33156765246646,8.579695900745032,0,1,6605.0854,0.029053127,6,1,false,false,1.4483135,0.31679934,10.890907,0.34742773,3
61.797245,0.3818788,49.33157079954576,8.579709107396024,0,1,6625.0913,0.04212754,6,1,false,false,1.6323023,0.7926665,8.550994,0.34758398,3
61.815727,0.38210613,49.33157403649064,8.57972245175187,0,1,6608.904,0.052006662,6,1,false,false,1.43219,1.4150935,7.530504,0.34794846,3
61.836918,0.38233352,49.33157718356994,8.579735796107714,0,1,6570.729,0.061012812,6,1,false,false,1.621433,1.1080862,9.46411,0.34840974,3
61.84861,0.38256094,49.33158042037763,8.579749002758707,0,1,6563.7085,0.06769553,6,1,false,false,2.4532173,0.4722115,11.6989975,0.3489547,3
61.854324,0.38278845,49.331583567456924,8.579762347114553,0,1,6594.7485,0.07089195,6,1,false,false,2.235483,0.35262302,10.2404,0.3497729,3
61.863575,0.38301596,49.331586804401816,8.579775691470397,0,1,6603.1074,0.07234466,6,1,false,false,2.064267,0.8106215,9.737011,0.3508365,3
61.87856,0.38324353,49.33159004134671,8.579789035826243,0,1,6584.76,0.070599824,6,1,false,false,2.836902,0.915666,11.31308,0.35203525,3
61.890556,0.38347113,49.33159327829159,8.579802242897067,0,1,6577.996,0.06827639,6,1,false,false,2.4439483,0.6647245,9.386412,0.35334018,3
61.900032,0.3836988,49.331596515236484,8.579815587252913,0,1,6590.4,0.065951794,6,1,false,false,2.638416,0.62961847,9.76819,0.35467792,3
61.910095,0.3839265,49.33159975218137,8.579828931188926,0,1,6590.436,0.063919365,6,1,false,false,3.0727677,0.6499794,9.558533,0.35602513,3
61.91967,0.38415426,49.33160298912626,8.579842138259751,0,1,6588.973,0.060721815,6,1,false,false,2.8063352,0.60619336,9.995772,0.35740906,3
61.92927,0.384382,49.331606226071145,8.579855482615596,0,1,6602.041,0.05839838,6,1,false,false,3.181106,0.65156454,9.848872,0.35881242,3
61.939625,0.38460985,49.331609463016036,8.579868826971442,0,1,6600.804,0.055491827,6,1,false,false,3.33532,0.69593346,9.349339,0.36023447,3
61.95145,0.3848377,49.331612789826515,8.579882033622434,0,1,6597.8975,0.05316839,6,1,false,false,3.5805936,0.78453654,9.976665,0.36165833,3
61.962387,0.38506562,49.33161602677141,8.579895377978279,0,1,6598.254,0.051134806,6,1,false,false,3.5369978,0.685096,9.812036,0.36303148,3
61.972946,0.38529357,49.331619353581885,8.579908584629273,0,1,6598.748,0.049682107,6,1,false,false,3.6470442,0.65056014,9.592573,0.36434945,3
61.983448,0.38552156,49.33162259052677,8.579921928985117,0,1,6600.4795,0.048229396,6,1,false,false,4.0490103,0.7043428,11.826823,0.36562866,3
61.994003,0.38574964,49.331625917474454,8.579935273340963,0,1,6599.2188,0.045032978,6,1,false,false,3.641407,0.7195387,9.5185,0.36691102,3
62.004383,0.3859777,49.33162924428493,8.579948479991955,0,1,6601.1597,0.04154668,6,1,false,false,3.43492,0.6843336,9.270826,0.36812472,3
62.01572,0.38620585,49.33163257109541,8.579961824347802,0,1,6600.246,0.03864125,6,1,false,false,3.8069553,0.71898746,11.669701,0.36922127,3
62.02518,0.38643402,49.33163589804309,8.579975031418625,0,1,6594.3975,0.037188552,6,1,false,false,3.703298,0.5596226,9.341912,0.3701978,3
62.033333,0.38666224,49.33163931471916,8.57998823806962,0,1,6608.873,0.035154983,6,1,false,false,3.3853524,0.54017586,9.676496,0.3711543,3
62.04376,0.3868905,49.33164264166684,8.580001582425464,0,1,6611.627,0.033121414,6,1,false,false,3.682726,0.737897,11.127516,0.37206742,3
62.055286,0.38711882,49.331645968477325,8.580014789076458,0,1,6601.2573,0.027891409,6,1,false,false,3.5371726,0.7474723,9.696246,0.372932,3
62.065636,0.38734713,49.331649385290596,8.580028133432302,0,1,6607.315,0.027019558,6,1,false,false,3.3511612,0.64519525,11.562751,0.3737146,3
62.07582,0.3875755,49.33165280196666,8.580041340083296,0,1,6608.4043,0.02818128,6,1,false,false,3.4546304,0.6274569,9.275416,0.3743613,3
62.085365,0.3878039,49.33165612891435,8.58005454715412,0,1,6609.79,0.02672969,6,1,false,false,2.8895104,0.61829036,7.7757707,0.37491804,3
62.095642,0.38803238,49.33165954559042,8.580067891509966,0,1,6613.1245,0.028472275,6,1,false,false,2.862726,0.49854025,9.741798,0.37542093,3
62.104824,0.38826084,49.33166296240369,8.580081098160958,0,1,6612.5586,0.030214857,6,1,false,false,3.1459942,0.53389615,8.753482,0.37591344,3
62.1131,0.38848934,49.33166637921696,8.580094304811952,0,1,6625.9062,0.02934412,6,1,false,false,2.466701,0.6364996,7.79773,0.37648684,3
62.124336,0.38871786,49.33166979589303,8.580107649167797,0,1,6629.7773,0.026729684,6,1,false,false,2.2777896,0.77432233,9.400886,0.37704518,3
62.136642,0.38894644,49.3316732127063,8.580120855818791,0,1,6614.763,0.022951284,6,1,false,false,2.1909328,0.66333187,8.743933,0.37754083,3
62.14615,0.38917506,49.33167662951957,8.580134062889615,0,1,6624.104,0.01801341,6,1,false,false,2.2561474,0.49465093,8.513709,0.37800068,3
62.15557,0.3894037,49.331680136198436,8.580147269540609,0,1,6638.06,0.011621702,6,1,false,false,2.1816096,0.64071363,10.913874,0.37846673,3
62.16657,0.38963237,49.33168355287451,8.580160613896453,0,1,6629.057,0.0049389997,6,1,false,false,1.6171701,0.7100949,10.850172,0.37895954,3
62.178867,0.3898611,49.33168696968778,8.580173820547447,0,1,6631.4897,-0.0020335736,6,1,false,false,1.7343868,0.74066234,11.424849,0.37943357,3
62.19277,0.39008987,49.33169047636664,8.58018702719844,0,1,6628.3706,-0.013365408,6,1,false,false,1.742404,0.945417,11.709567,0.37982586,3
62.205936,0.3903187,49.33169389317991,8.580200234269265,0,1,6607.102,-0.023533272,6,1,false,false,1.3290403,0.78577584,12.606081,0.38004968,3
62.216408,0.39054757,49.331697399858776,8.58021357862511,0,1,6608.6187,-0.031378824,6,1,false,false,0.9714614,0.56924444,11.171978,0.38004678,3
62.224632,0.3907765,49.331700906537634,8.580226785276103,0,1,6615.126,-0.03515497,6,1,false,false,1.0436441,0.54337585,9.845523,0.3797833,3
62.233116,0.39100537,49.331704323350905,8.580239991927096,0,1,6613.703,-0.035154976,6,1,false,false,0.60819453,0.5396407,10.870785,0.37932935,3
62.240967,0.39123434,49.33170783002977,8.580253198997921,0,1,6620.63,-0.03108783,6,1,false,false,0.20608357,0.46971834,9.716808,0.3787481,3
62.24797,0.3914633,49.33171133670863,8.580266543353765,0,1,6634.3496,-0.024405127,6,1,false,false,0.101564705,0.47424868,7.9018354,0.3780982,3
62.25708,0.3916923,49.3317147533847,8.58027975000476,0,1,6639.8804,-0.016560704,6,1,false,false,-0.011240333,0.619086,8.798693,0.3774217,3
62.266987,0.39192137,49.33171826006357,8.580292956655752,0,1,6638.611,-0.00871628,6,1,false,false,0.05162157,0.5834446,8.883871,0.37676033,3
62.27632,0.39215046,49.331721766742426,8.580306163306746,0,1,6647.678,-0.0026155561,6,1,false,false,-0.16562809,0.64083505,7.910096,0.3761645,3
62.287422,0.39237955,49.33172527342129,8.58031950766259,0,1,6651.051,0.002614434,6,1,false,false,-0.35979295,0.7236017,9.23495,0.37563774,3
62.299866,0.39260873,49.33172869023456,8.580332714733416,0,1,6641.3315,0.0049389983,6,1,false,false,-0.12438291,0.77785707,10.887676,0.37519366,3
62.310986,0.39283794,49.33173219691343,8.58034592138441,0,1,6642.9565,0.003776155,6,1,false,false,-0.39171094,0.6757907,9.976976,0.37487438,3
62.322792,0.39306718,49.33173570359229,8.580359265740254,0,1,6646.682,-3.4924597e-10,6,1,false,false,-0.73630416,0.84427774,11.235752,0.37463728,3
62.336494,0.39329648,49.33173912040556,8.580372472391247,0,1,6629.5957,-0.0049389983,6,1,false,false,-0.651459,0.80507255,10.86662,0.37443736,3
62.347336,0.3935258,49.331742627084424,8.580385816747093,0,1,6622.072,-0.010458857,6,1,false,false,-0.82637143,0.57344824,10.615168,0.37427986,3
62.355713,0.3937552,49.33174613376328,8.580399023398085,0,1,6634.995,-0.016560704,6,1,false,false,-1.0758753,0.52361876,10.531088,0.37412137,3
62.364254,0.39398462,49.33174964044215,8.58041223046891,0,1,6636.482,-0.021790694,6,1,false,false,-1.1019862,0.57845205,9.228473,0.3739237,3
62.373936,0.39421406,49.33175305725542,8.580425574824755,0,1,6636.1797,-0.02411526,6,1,false,false,-1.5014346,0.6266367,11.059719,0.37367868,3
62.38296,0.3944435,49.33175656393428,8.580438781475749,0,1,6641.0674,-0.0261477,6,1,false,false,-1.0495602,0.5529104,8.071059,0.3733602,3
62.391506,0.39467305,49.33176007061314,8.580452125831593,0,1,6644.481,-0.027019558,6,1,false,false,-1.4134581,0.5838312,8.140699,0.37300366,3
62.4014,0.39490256,49.331763487289216,8.58046547018744,0,1,6647.5225,-0.027019558,6,1,false,false,-1.3221155,0.5552497,9.435599,0.37257499,3
62.408928,0.39513215,49.331766993968074,8.580478676838432,0,1,6650.161,-0.025857838,6,1,false,false,-1.5204259,0.44822347,9.383733,0.3721111,3
62.417336,0.39536178,49.331770410781346,8.580492021194278,0,1,6667.908,-0.023533277,6,1,false,false,-1.4822562,0.59538823,9.95166,0.37158456,3
62.429367,0.3955914,49.33177391746021,8.58050522784527,0,1,6664.0576,-0.022952419,6,1,false,false,-1.3311316,0.8633228,9.079735,0.37100232,3
62.442528,0.3958211,49.33177733427348,8.580518572201116,0,1,6647.8647,-0.02208168,6,1,false,false,-1.5314007,0.7330777,8.277512,0.3704278,3
62.454285,0.39605084,49.33178084095235,8.58053191655696,0,1,6650.2305,-0.020918835,6,1,false,false,-1.6312255,0.65633893,9.870844,0.3698861,3
62.463165,0.39628062,49.33178425776562,8.580545123627786,0,1,6651.2627,-0.01975599,6,1,false,false,-1.5034463,0.54901206,10.812019,0.36934677,3
62.47174,0.39651042,49.33178776444448,8.5805584675638,0,1,6657.7593,-0.02004699,6,1,false,false,-1.5554154,0.5646481,9.966224,0.36881825,3
62.481964,0.39674026,49.33179118112055,8.580571811919643,0,1,6664.056,-0.01975599,6,1,false,false,-1.9134676,0.72342354,9.796183,0.36828092,3
62.49419,0.39697015,49.331794687799416,8.58058515627549,0,1,6652.1226,-0.017722422,6,1,false,false,-1.678585,0.7667017,9.787411,0.36774337,3
62.504982,0.39720008,49.33179810461268,8.580598500631334,0,1,6646.818,-0.016560702,6,1,false,false,-1.6687262,0.6102003,9.846664,0.3672434,3
62.513744,0.39743006,49.33180152142595,8.580611844987178,0,1,6654.8047,-0.016269704,6,1,false,false,-1.7580483,0.53737956,10.1912365,0.36679503,3
62.52233,0.39766008,49.33180502810482,8.580625052058004,0,1,6658.5967,-0.016560705,6,1,false,false,-1.9193118,0.55698246,9.988001,0.3663814,3
62.531956,0.39789012,49.33180844478089,8.58063839641385,0,1,6659.9233,-0.016560702,6,1,false,false,-1.90273,0.64293325,9.997087,0.36599198,3
62.542004,0.39812016,49.33181186159416,8.580651740769694,0,1,6660.6313,-0.01685057,6,1,false,false,-1.4673704,0.64127344,9.41882,0.3655867,3
62.552353,0.39835027,49.33181527840743,8.580665084705707,0,1,6658.3047,-0.019175138,6,1,false,false,-1.9420887,0.67100525,10.8518305,0.3652117,3
62.56197,0.39858043,49.331818695083506,8.580678429061553,0,1,6660.2314,-0.01975599,6,1,false,false,-1.9907181,0.59254587,10.291788,0.36483905,3
62.570793,0.39881063,49.331822201762364,8.580691773417398,0,1,6663.293,-0.019466126,6,1,false,false,-2.0719736,0.562992,10.749682,0.36445817,3
62.581276,0.39904085,49.331825618575635,8.580705255478094,0,1,6663.2407,-0.018303279,6,1,false,false,-1.9149957,0.68658715,10.0941305,0.364047,3
62.59149,0.39927107,49.33182903538891,8.58071859983394,0,1,6658.3643,-0.015979841,6,1,false,false,-1.6232693,0.6678237,8.949179,0.36362594,3
62.6013,0.39950138,49.33183245220218,8.580731944189784,0,1,6659.1562,-0.013074417,6,1,false,false,-1.7378727,0.604906,8.273573,0.36324888,3
62.61032,0.39973173,49.33183586887825,8.58074528854563,0,1,6660.0244,-0.009297138,6,1,false,false,-1.430876,0.49853048,8.53698,0.3629148,3
62.616947,0.39996207,49.33183928569152,8.580758632901475,0,1,6666.9917,-0.0072635645,6,1,false,false,-1.3307841,0.33979622,9.170285,0.3626423,3
62.623165,0.40019247,49.331842612502,8.580771977257319,0,1,6685.387,-0.0066827037,6,1,false,false,-1.546628,0.48305944,10.745236,0.36239564,3
62.63281,0.40042287,49.33184602931527,8.580785458898184,0,1,6690.8306,-0.006101843,6,1,false,false,-1.149452,0.71294993,9.193458,0.36212206,3
62.646168,0.4006533,49.331849446128544,8.58079880325403,0,1,6679.7446,-0.0075545553,6,1,false,false,-1.3198215,0.8598278,9.078253,0.36185554,3
62.659695,0.40088382,49.33185286280462,8.580812147609874,0,1,6668.1577,-0.008135417,6,1,false,false,-1.7570708,0.762868,9.816847,0.36160058,3
62.670204,0.40111437,49.33185627961789,8.580825629670572,0,1,6665.554,-0.008135417,6,1,false,false,-1.0957327,0.6301586,9.696065,0.36136222,3
62.679253,0.40134493,49.33185969643116,8.580838974026417,0,1,6669.7905,-0.007844425,6,1,false,false,-1.3082584,0.55358124,9.547349,0.36116713,3
62.68851,0.40157557,49.33186302324164,8.580852456087113,0,1,6671.491,-0.006101843,6,1,false,false,-1.5332898,0.59959054,9.516221,0.3609821,3
62.696968,0.4018062,49.33186644005491,8.58086580044296,0,1,6673.5825,-0.0040682703,6,1,false,false,-1.0437458,0.5135712,9.53535,0.3608018,3
62.70578,0.4020369,49.33186985673098,8.580879144798804,0,1,6680.654,-0.0034874096,6,1,false,false,-1.1066998,0.5674779,9.281049,0.3606438,3
62.714924,0.4022676,49.331873273544254,8.580892626439669,0,1,6679.8125,-0.00406827,6,1,false,false,-0.95897746,0.44532928,9.1486635,0.36049843,3
62.72476,0.40249833,49.33187660035473,8.580905970795515,0,1,6683.3604,-0.0037772781,6,1,false,false,-1.4557042,0.6525037,10.69164,0.36037654,3
62.734474,0.40272912,49.331880017168004,8.580919452856211,0,1,6686.382,-0.00406827,6,1,false,false,-1.0941539,0.7387044,10.609251,0.36023077,3
62.74596,0.40295997,49.331883433981275,8.580932797212057,0,1,6681.0576,-0.0069725714,6,1,false,false,-1.1501958,0.7552683,10.5474,0.360076,3
62.757816,0.40319082,49.331886760791754,8.580946278852922,0,1,6670.337,-0.0090061445,6,1,false,false,-1.7016835,0.62583226,11.3365345,0.35996145,3
62.76771,0.40342176,49.331890177605025,8.580959760913618,0,1,6669.73,-0.008716277,6,1,false,false,-1.1947485,0.62889534,11.470561,0.35979837,3
62.775723,0.40365273,49.3318935942811,8.580973105269463,0,1,6672.955,-0.011912693,6,1,false,false,-1.0737331,0.6920932,12.100879,0.3596278,3
62.784138,0.40388376,49.331896921228775,8.58098658733016,0,1,6668.448,-0.013946267,6,1,false,false,-1.3239958,0.38744384,9.20766,0.35946614,3
62.791363,0.40411478,49.33190033790485,8.581000068971026,0,1,6673.924,-0.015398979,6,1,false,false,-1.4141716,0.43242255,10.755127,0.3592581,3
62.799038,0.40434587,49.331903664852526,8.58101341332687,0,1,6684.626,-0.016850568,6,1,false,false,-1.0634205,0.5284821,11.608035,0.35900566,3
62.806786,0.40457696,49.3319070815286,8.581026895387568,0,1,6680.1973,-0.015107991,6,1,false,false,-1.0601122,0.6318626,10.414306,0.35875335,3
62.81599,0.4048081,49.331910408476276,8.581040377028433,0,1,6684.7764,-0.012784547,6,1,false,false,-1.1098261,0.5790644,9.017156,0.35844472,3
62.82452,0.40503925,49.33191382515235,8.581053721384277,0,1,6681.433,-0.009877998,6,1,false,false,-1.1511401,0.5443126,9.853986,0.3581363,3
62.832954,0.40527046,49.331917152100026,8.581067203444974,0,1,6683.658,-0.0055209836,6,1,false,false,-0.7302638,0.54003453,9.636186,0.3578398,3
62.839817,0.40550166,49.3319205687761,8.581080685505672,0,1,6690.548,-0.0037772786,6,1,false,false,-1.0174302,0.47994554,9.181548,0.35759225,3
62.847668,0.4057329,49.33192389572378,8.581094167146537,0,1,6696.208,-0.0034874093,6,1,false,false,-1.0695858,0.5268664,8.80068,0.35737047,3
62.856213,0.4059642,49.33192731239985,8.581107649207233,0,1,6698.6514,-0.0031964178,6,1,false,false,-1.0107224,0.627848,9.569901,0.3571711,3
62.865547,0.4061955,49.33193063934753,8.581121131267931,0,1,6698.8774,-0.003777278,6,1,false,false,-0.80279315,0.6183867,9.73567,0.3569813,3
62.874866,0.40642685,49.33193396615801,8.581134475623776,0,1,6698.15,-0.0058108508,6,1,false,false,-1.0507827,0.5995976,8.724258,0.3568078,3
62.884335,0.4066582,49.33193738297128,8.58114795726464,0,1,6699.8423,-0.0072635636,6,1,false,false,-1.034054,0.58903056,10.423991,0.35665432,3
62.89433,0.40688962,49.33194070978176,8.581161439325337,0,1,6699.7993,-0.007844424,6,1,false,false,-0.86281884,0.6800506,10.3449955,0.3564805,3
62.903996,0.4071211,49.33194403659224,8.581174921386035,0,1,6695.874,-0.009297136,6,1,false,false,-1.0172516,0.6545021,10.38637,0.35629642,3
62.914024,0.40735257,49.33194745340551,8.5811884030269,0,1,6696.444,-0.009297137,6,1,false,false,-1.4311941,0.5860466,10.3029375,0.35612065,3
62.923428,0.4075841,49.33195078021599,8.581201885087596,0,1,6695.303,-0.0069725728,6,1,false,false,-1.1519138,0.6292608,10.887942,0.35591322,3
62.93339,0.40781564,49.331954107163675,8.581215366728461,0,1,6695.766,-0.006101843,6,1,false,false,-1.0673472,0.746052,12.283974,0.35569388,3
62.94227,0.40804723,49.33195752383975,8.58122884878916,0,1,6687.031,-0.006101843,6,1,false,false,-1.2415265,0.58027935,9.071893,0.35548905,3
62.95041,0.40827885,49.331960850787425,8.581242330849856,0,1,6691.0366,-0.006972572,6,1,false,false,-1.3630127,0.45999587,10.624832,0.35528708,3
62.95893,0.4085105,49.331964177597904,8.58125581249072,0,1,6693.2285,-0.0072635636,6,1,false,false,-0.6474475,0.48062629,12.671055,0.35506386,3
62.966354,0.40874216,49.33196750440838,8.581269432256269,0,1,6694.739,-0.008135417,6,1,false,false,-0.9115933,0.7967358,10.902065,0.35486755,3
62.973545,0.40897387,49.331970921221654,8.581282913897134,0,1,6695.2207,-0.008716277,6,1,false,false,-1.5524498,0.44990855,11.10496,0.35467085,3
62.983982,0.40920562,49.33197424803213,8.581296395957832,0,1,6693.388,-0.006101844,6,1,false,false,-0.60700494,0.5899137,11.612771,0.3544142,3
62.991814,0.40943736,49.33197757497982,8.581309878018528,0,1,6688.581,-0.0037772786,6,1,false,false,-0.6414161,0.55748326,11.163443,0.35419106,3
62.998184,0.40966916,49.331980901790295,8.581323359659393,0,1,6691.223,-0.0005808601,6,1,false,false,-1.1369042,0.4549825,9.540021,0.35399407,3
63.00427,0.409901,49.331984228600774,8.58133684172009,0,1,6698.2573,0.0037761547,6,1,false,false,-0.89978266,0.38163775,9.739452,0.3538245,3
63.011845,0.4101328,49.33198755554845,8.581350461065806,0,1,6702.188,0.008716277,6,1,false,false,-0.58503485,0.5064013,9.401266,0.35370305,3
63.018345,0.41036466,49.331990972224524,8.581363943126505,0,1,6702.389,0.0107498495,6,1,false,false,-0.5293127,0.53211457,10.343007,0.35364342,3
63.025536,0.41059655,49.3319942991722,8.58137742476737,0,1,6707.332,0.0107498495,6,1,false,false,-0.7225431,0.47982216,10.063933,0.3536467,3
63.03303,0.41082844,49.33199762598269,8.581390906828066,0,1,6712.7046,0.01249243,6,1,false,false,-0.2907408,0.53890425,9.57324,0.35370806,3
63.042233,0.4110604,49.332000952793166,8.581404526173783,0,1,6711.0005,0.013073292,6,1,false,false,-0.21815418,0.64652544,10.12493,0.35379773,3
63.05161,0.41129237,49.332004279603645,8.58141800823448,0,1,6705.761,0.013073292,6,1,false,false,-0.036879763,0.63864744,9.680125,0.3539093,3
63.059406,0.41152436,49.33200760655132,8.581431490295177,0,1,6705.659,0.013073292,6,1,false,false,-0.5413653,0.4772074,9.399954,0.3540864,3
63.066723,0.41175643,49.33201093336181,8.581445109640894,0,1,6712.092,0.013654152,6,1,false,false,-0.31483263,0.47367483,11.153364,0.35428342,3
63.074642,0.41198847,49.332014260172286,8.58145859128176,0,1,6712.863,0.013654152,6,1,false,false,0.12790506,0.5887631,10.781672,0.35450116,3
63.083378,0.41222057,49.33201767698556,8.581472073762288,0,1,6709.475,0.013364283,6,1,false,false,-0.18109113,0.6851446,10.027598,0.35475877,3
63.092056,0.41245267,49.33202100379604,8.581485693108005,0,1,6704.815,0.011911571,6,1,false,false,-0.4370387,0.56515384,9.004393,0.35499412,3
63.09924,0.41268483,49.332024330606515,8.58149917474887,0,1,6706.042,0.011911571,6,1,false,false,0.3360535,0.42775822,10.493669,0.35519016,3
63.105644,0.412917,49.3320276576914,8.581512656389735,0,1,6711.6504,0.011911571,6,1,false,false,0.05777061,0.51619637,11.041749,0.35542378,3
63.110405,0.41314918,49.33203098450188,8.581526276575115,0,1,6716.806,0.012783423,6,1,false,false,0.12981068,0.4210746,10.422992,0.35564512,3
63.118313,0.4133814,49.332034311312356,8.58153975821598,0,1,6725.9175,0.013364283,6,1,false,false,0.45548904,0.6055753,9.965873,0.3558931,3
63.12734,0.41361362,49.33203772812563,8.581553377561697,0,1,6714.717,0.013364283,6,1,false,false,0.24679488,0.68590736,10.650509,0.35618392,3
63.13634,0.4138459,49.332041054936106,8.581566859202564,0,1,6711.993,0.013073292,6,1,false,false,0.31394193,0.6074489,10.627224,0.3564784,3
63.1431,0.41407824,49.332044381746584,8.581580341683091,0,1,6713.3325,0.01074985,6,1,false,false,0.3399873,0.5123201,10.355228,0.35675877,3
63.150097,0.41431054,49.33204770855706,8.581593961028808,0,1,6716.118,0.007844425,6,1,false,false,0.29358542,0.51889163,11.04835,0.357021,3
63.157036,0.41454288,49.332051125370334,8.581607442669673,0,1,6716.041,0.004067147,6,1,false,false,0.20774122,0.5396934,10.567548,0.35725188,3
63.164062,0.41477528,49.33205445218082,8.58162106201539,0,1,6717.6274,-3.4924597e-10,6,1,false,false,0.29568577,0.53352946,11.029752,0.35743564,3
63.17075,0.41500765,49.3320577789913,8.58163454449592,0,1,6719.458,-0.0031964178,6,1,false,false,0.027541772,0.5185553,9.780947,0.3575811,3
63.17776,0.41524008,49.33206119580457,8.581648163841637,0,1,6720.6226,-0.0043581384,6,1,false,false,0.057544053,0.5288167,10.319104,0.35765886,3
63.18529,0.41547254,49.33206452261505,8.581661645482502,0,1,6720.6807,-0.00464913,6,1,false,false,0.22504161,0.5655476,10.165347,0.35765818,3
63.19185,0.41570503,49.33206784942553,8.581675264828219,0,1,6720.2637,-0.00464913,6,1,false,false,0.044832528,0.5015806,9.383188,0.35762763,3
63.198517,0.4159375,49.3320712662388,8.581688747308748,0,1,6725.6855,-0.0023245658,6,1,false,false,-0.04973133,0.5381253,10.144059,0.35757616,3
63.20587,0.41617003,49.33207459304928,8.581702228949613,0,1,6724.1553,-0.00028986804,6,1,false,false,0.29344884,0.5424488,10.053389,0.35748282,3
63.212997,0.41640258,49.33207800986255,8.58171584829533,0,1,6722.5474,0.0011617208,6,1,false,false,0.17578687,0.53162116,8.932753,0.35739562,3
63.219254,0.41663516,49.33208133667303,8.581729329936195,0,1,6727.644,0.002324565,6,1,false,false,-0.1309638,0.49090278,9.406484,0.35732082,3
63.22575,0.41686773,49.33208466375791,8.581742950121575,0,1,6731.09,0.0034862857,6,1,false,false,0.13503093,0.48803,10.9623995,0.3572427,3
63.23238,0.4171004,49.332088080296785,8.58175643176244,0,1,6733.318,0.0037761545,6,1,false,false,0.123417914,0.53068787,10.089221,0.35720387,3
63.23954,0.417333,49.33209140738166,8.581770051108156,0,1,6737.222,0.0020335736,6,1,false,false,-0.1282643,0.6138726,10.920353,0.3571977,3
63.248055,0.41756567,49.332094823920535,8.581783670453873,0,1,6730.0576,-0.0005808604,6,1,false,false,-0.12312749,0.59259295,10.327261,0.3571874,3
63.25497,0.4177984,49.33209815100541,8.581797152934403,0,1,6720.924,-0.0034874098,6,1,false,false,-0.09858938,0.48625,10.32418,0.35717866,3
63.259995,0.41803113,49.332101567544285,8.58181077228012,0,1,6724.912,-0.005520982,6,1,false,false,-0.47033823,0.35408008,10.52058,0.35715786,3
63.26445,0.41826385,49.33210489462916,8.581824253920985,0,1,6725.2466,-0.008135416,6,1,false,false,-0.4515874,0.43044132,11.265103,0.3570783,3
63.2694,0.4184966,49.332108311168035,8.581837873266702,0,1,6731.8228,-0.010458858,6,1,false,false,-0.44014895,0.46870098,10.149086,0.35699305,3
63.274513,0.41872936,49.33211163825291,8.581851355747231,0,1,6734.963,-0.01133071,6,1,false,false,-0.64925885,0.48405448,9.571723,0.35689053,3
63.281574,0.41896218,49.3321149650634,8.581864975092948,0,1,6731.6914,-0.012203685,6,1,false,false,-0.1366912,0.62805516,11.16279,0.35670727,3
63.28735,0.419195,49.33211838187667,8.581878456733813,0,1,6725.634,-0.012784546,6,1,false,false,-0.76566935,0.4547683,10.382675,0.3565277,3
63.293167,0.41942787,49.33212170868715,8.58189207607953,0,1,6730.509,-0.01016899,6,1,false,false,-0.6491674,0.46771818,10.495333,0.3563103,3
63.29916,0.41966072,49.33212512550042,8.581905695425247,0,1,6733.6226,-0.008716277,6,1,false,false,-0.43062252,0.43987745,11.094631,0.3560536,3
63.304928,0.41989362,49.3321284523109,8.581919177905776,0,1,6726.6226,-0.0055209836,6,1,false,false,-0.56595784,0.48311877,10.309139,0.3558292,3
63.310833,0.42012656,49.33213186912417,8.581932797251493,0,1,6731.5024,-0.0011617199,6,1,false,false,-0.6073264,0.49076498,10.686832,0.3556173,3
63.316498,0.4203595,49.33213519593465,8.58194641659721,0,1,6734.141,0.0031952942,6,1,false,false,-0.3906202,0.47594434,10.611924,0.3554256,3
63.32241,0.42059243,49.332138522745126,8.581959898238075,0,1,6732.8984,0.0066827023,6,1,false,false,-0.4346252,0.49633914,10.079876,0.35530788,3
63.32814,0.42082542,49.3321419395584,8.581973517583792,0,1,6736.417,0.010168988,6,1,false,false,-0.5540619,0.46851444,11.326606,0.35525978,3
63.334103,0.42105845,49.332145266368876,8.581987137769172,0,1,6737.998,0.01249243,6,1,false,false,-0.2682142,0.53701246,11.165565,0.35526544,3
63.339973,0.42129147,49.33214868318215,8.582000619410037,0,1,6738.279,0.013073292,6,1,false,false,-0.27012235,0.5332035,9.945056,0.35535663,3
63.34623,0.42152452,49.33215200999263,8.582014238755754,0,1,6739.061,0.013364283,6,1,false,false,-0.36786437,0.54651654,11.401159,0.3554979,3
63.352276,0.42175758,49.3321554268059,8.58202785810147,0,1,6734.5537,0.012492431,6,1,false,false,-0.2792783,0.43550986,11.563199,0.35567203,3
63.357506,0.4219907,49.33215875361638,8.582041477447188,0,1,6737.4116,0.01074985,6,1,false,false,0.1468956,0.4697182,10.334777,0.3559017,3
63.362488,0.42222384,49.33216208042686,8.582054959927717,0,1,6743.4824,0.010168989,6,1,false,false,-0.082914665,0.51097506,9.121972,0.35615933,3
63.367393,0.42245695,49.33216549724013,8.582068579273434,0,1,6739.6455,0.009297137,6,1,false,false,-0.17908885,0.49440655,9.227585,0.35641137,3
63.372368,0.4226901,49.33216882405061,8.582082198619151,0,1,6742.3745,0.008716277,6,1,false,false,0.39198023,0.34038842,10.240804,0.35664275,3
63.376762,0.42292327,49.33217224086388,8.582095817964868,0,1,6752.812,0.008716277,6,1,false,false,0.23363365,0.41995376,9.366223,0.35692272,3
63.381298,0.42315647,49.33217556767436,8.582109300445397,0,1,6757.2725,0.009297137,6,1,false,false,-0.06349772,0.5382167,8.468497,0.35722032,3
63.38725,0.42338967,49.33217898448763,8.582122919791114,0,1,6757.101,0.009297137,6,1,false,false,0.0080107,0.4769239,10.060771,0.3574901,3
63.394554,0.4236229,49.33218231129811,8.582136539136831,0,1,6758.6807,0.007844425,6,1,false,false,0.059479743,0.5730781,12.535109,0.35780868,3
63.4014,0.42385614,49.332185728111384,8.582150158482548,0,1,6758.7344,0.0046480075,6,1,false,false,0.25638163,0.6192016,9.946442,0.35814473,3
63.410477,0.42408943,49.33218905492186,8.582163640123413,0,1,6752.9253,-0.0011617208,6,1,false,false,0.35533297,0.86144114,9.451409,0.35844183,3
63.41884,0.42432275,49.332192471735134,8.58217725946913,0,1,6731.191,-0.007844425,6,1,false,false,0.01847674,0.573763,10.542173,0.35866258,3
63.423702,0.4245561,49.33219579854562,8.58219087965451,0,1,6732.4424,-0.011330709,6,1,false,false,0.10771257,0.34132606,10.319902,0.3587535,3
63.425373,0.4247895,49.33219921535889,8.582204499000227,0,1,6755.874,-0.013365406,6,1,false,false,0.11931732,0.28405583,10.989634,0.35874408,3
63.430267,0.42502287,49.33220263217216,8.582218118345944,0,1,6757.591,-0.013074415,6,1,false,false,-0.051629797,0.5809859,11.951049,0.35867834,3
63.437668,0.42525625,49.33220595898264,8.582231599986809,0,1,6750.5396,-0.010458859,6,1,false,false,0.13995387,0.6585281,11.002567,0.35854483,3
63.44474,0.42548966,49.33220937579591,8.582245219332526,0,1,6748.1274,-0.0069725728,6,1,false,false,-0.11537673,0.5664653,9.558527,0.3583887,3
63.451286,0.4257231,49.33221270260639,8.582258839517907,0,1,6742.4873,-0.0023245655,6,1,false,false,0.01990898,0.5578375,11.131795,0.35819265,3
63.456142,0.4259566,49.33221611941966,8.582272458863624,0,1,6739.9316,0.001452713,6,1,false,false,0.10743068,0.40655053,10.957001,0.35798424,3
63.459557,0.42619008,49.332219536232934,8.582286078209341,0,1,6750.993,0.004067146,6,1,false,false,-0.15992525,0.40541923,10.167822,0.35782927,3
63.463932,0.42642355,49.33222286304341,8.582299559850206,0,1,6756.916,0.005809727,6,1,false,false,-0.15500544,0.47866064,10.313698,0.35771573,3
63.469757,0.4266571,49.332226279856684,8.582313179195923,0,1,6753.1836,0.0058097276,6,1,false,false,0.053788424,0.4956086,11.323145,0.35763115,3
63.475372,0.42689064,49.33222969639556,8.582326799381304,0,1,6754.605,0.0040671467,6,1,false,false,-0.28811973,0.5364394,12.006291,0.3576167,3
63.48074,0.4271242,49.332233023480434,8.582340418727021,0,1,6752.2383,0.0011617213,6,1,false,false,-0.48777837,0.58928216,9.832507,0.357609,3
63.48654,0.42735776,49.33223644001931,8.582354038072738,0,1,6745.3643,-0.0031964176,6,1,false,false,-0.15227333,0.51552415,7.7792034,0.35757995,3
63.48996,0.42759138,49.33223985683258,8.582367657418455,0,1,6740.818,-0.00406827,6,1,false,false,-0.42473465,0.295282,9.7689905,0.357556,3
63.49042,0.42782497,49.33224318364306,8.582381276764172,0,1,6750.3335,-0.0031964178,6,1,false,false,-0.59408355,0.14303492,9.926126,0.35748586,3
63.489647,0.4280586,49.33224660045633,8.5823947592447,0,1,6778.109,-0.00028986833,6,1,false,false,-0.19106558,0.29436845,10.078124,0.35738888,3
63.49614,0.4282922,49.33224992726681,8.582408378590417,0.010604075,1,6786.7476,0.0052288678,6,1,false,false,-0.17349118,0.8045408,8.749527,0.35733095,3
63.50591,0.42852587,49.33225334408008,8.582421997936134,0.02978673,1,6757.793,0.011039717,6,1,false,false,-0.29688716,0.67394674,9.085284,0.35731968,3
63.509197,0.42875955,49.33225676089335,8.58243561728185,0.058620274,1,6746.741,0.015688848,6,1,false,false,-0.111489385,0.1519229,11.003169,0.35734951,3
63.50181,0.42899323,49.33226008770383,8.582449236627568,0.09984511,1,6747.244,0.017141566,6,1,false,false,0.010132521,-0.48835558,9.795411,0.35741928,3
63.483185,0.42922685,49.3322635045171,8.582462855973285,0.17407364,1,6734.924,0.017141562,6,1,false,false,-0.055762604,-1.1584414,10.746063,0.35754925,3
63.44966,0.42946038,49.33226692133037,8.582476475319002,0.25342545,1,6722.13,0.01626971,6,1,false,false,-0.3334511,-2.2094872,9.333194,0.35771,3
63.39519,0.42969373,49.33227024814085,8.582490095504383,0.33373046,1,6698.8115,0.014526004,6,1,false,false,0.23755631,-3.6532376,8.502242,0.35783777,3
63.31214,0.42992687,49.33227366495412,8.582503577145248,0.4336948,0.97410595,6678.8325,0.013073292,6,1,false,false,-0.19153711,-5.368014,10.236065,0.3580195,3
63.19929,0.43015963,49.332277081767394,8.582517196490965,0.5402121,0.8759558,6648.134,0.013945144,6,1,false,false,-0.330226,-7.1854334,9.867708,0.3582274,3
63.057045,0.4303919,49.33228040857787,8.58253067813183,0.64351255,0.75487065,6601.5273,0.015398979,6,1,false,false,0.2080061,-9.146851,11.335895,0.35841,3
62.884,0.43062365,49.33228373538836,8.58254416061236,0.737281,0.63107264,6540.579,0.016269704,6,1,false,false,0.0986619,-10.86898,8.776873,0.35861692,3
62.680405,0.43085468,49.33228715220162,8.582557642253224,0.83438563,0.48705313,6476.2456,0.018013412,6,1,false,false,0.0027755946,-12.945995,9.02463,0.35880375,3
62.42903,0.43108487,49.33229047901211,8.582570987028902,0.8916953,0.39506787,6426.4375,0.019175135,6,1,false,false,0.44528362,-16.07238,12.18462,0.35896528,3
62.144924,0.43131402,49.33229380582259,8.582584330964915,0.9281545,0.33193594,6369.3125,0.01975599,6,1,false,false,-0.33830386,-17.163067,9.928608,0.3591381,3
61.85067,0.4315421,49.332297132633066,8.58259767574059,0.9575836,0.27225637,6271.6,0.017722422,6,1,false,false,-0.3247716,-17.7311,9.158999,0.3592322,3
61.53399,0.43176904,49.332300369715156,8.582610881971753,0.9742642,0.22392109,6200.6196,0.0142361345,6,1,false,false,0.17858176,-19.38667,9.436129,0.35923347,3
61.199207,0.4319948,49.332303696525635,8.582623951337725,0.983677,0.1519112,6180.5146,0.012783423,6,1,false,false,0.2728505,-20.16154,10.085207,0.35926694,3
60.85756,0.4322193,49.332306933607725,8.582637020703698,0.9820089,0.09223181,6121.8604,0.013654152,6,1,false,false,-0.13001882,-20.625164,11.574229,0.35933942,3
60.505928,0.4324425,49.33231017041541,8.582650090069672,0.97259605,0.029099861,6035.392,0.01597984,6,1,false,false,-0.07472032,-21.002728,11.111496,0.3593354,3
60.15573,0.43266442,49.3323134074975,8.582663020891129,0.9582986,-1.8626451e-09,5942.2393,0.017141562,6,1,false,false,0.31857425,-20.692131,9.470468,0.3593315,3
59.802944,0.43288505,49.33231664430519,8.582675815687063,0.93983066,0,5847.8184,0.018303283,6,1,false,false,0.19197421,-21.19208,9.876833,0.3594172,3
59.449615,0.4331044,49.332319791384485,8.582688609643332,0.92052895,0,5784.899,0.021789573,6,1,false,false,0.18858042,-20.966303,10.532862,0.35951576,3
59.095154,0.4333224,49.33232302819218,8.58270126589475,0.89383996,0,5983.317,0.025276976,6,1,false,false,0.30993536,-21.098982,10.414037,0.35965532,3
58.74846,0.43353912,49.33232617527147,8.582713922146167,0.87310845,0,5897.377,0.028763268,6,1,false,false,0.18060416,-20.290047,11.032369,0.359833,3
58.41414,0.43375465,49.332329322350766,8.582726441532396,0.85881096,0,5803.9536,0.029924983,6,1,false,false,0.3757735,-19.781555,10.550955,0.3599869,3
58.088528,0.43396887,49.33233237942727,8.582738960078961,0.8460622,0,5712.6445,0.028472267,6,1,false,false,0.26813135,-19.11699,9.391971,0.3601614,3
57.762787,0.43418196,49.33233552650657,8.58275134176034,0.83843684,0,5809.575,0.02498598,6,1,false,false,0.2353283,-19.729565,9.896858,0.36034817,3
57.438873,0.43439382,49.33233858358308,8.582763585736865,0.83093053,0.77,6048.6113,0.02237043,0,1,false,false,0.22237581,-18.927584,11.216022,0.36052772,3
57.129158,0.43460456,49.332341640659585,8.582775966578579,0.8237816,0,6151.018,0.020627841,0,1,false,false,0.0015159547,-18.129456,10.63047,0.36071697,3
56.81839,0.4348141,49.33234469773609,8.582788072850253,0.8177053,0,6331.7227,0.019755995,5,1,false,false,0.2084369,-19.173817,9.448047,0.3608283,3
56.484264,0.43502247,49.332347754812595,8.582800179121927,0.8105563,0,6573.233,0.018594274,5,1,false,false,0.11507392,-19.890162,10.507777,0.3608854,3
56.1634,0.43522963,49.3323508118891,8.582812285393599,0.80162036,0,6453.163,0.01917513,5,1,false,false,0.022678524,-18.686956,10.395029,0.36088908,3
55.858383,0.43543565,49.332353779237216,8.582824253960421,0.79280347,0,6346.896,0.020627841,5,1,false,false,0.36952513,-17.599064,9.8324375,0.36085516,3
55.565083,0.43564057,49.33235674631093,8.582836222527243,0.78339076,0,6243.491,0.02266142,5,1,false,false,0.4692292,-17.30134,9.689828,0.36088854,3
55.275818,0.43584445,49.33235980338743,8.582848053389213,0.7732636,0,6234.233,0.025276976,5,1,false,false,0.4077883,-17.444689,9.592319,0.36105362,3
54.974533,0.43604717,49.33236268073276,8.582859885090848,0.7651614,0,6333.3843,0.028181273,5,1,false,false,0.2923544,-17.927658,10.5184,0.36129987,3
54.683548,0.43624884,49.332365648080874,8.582871578247964,0.7577743,0,6236.2026,0.029633988,5,1,false,false,0.3560531,-16.901852,9.503485,0.3615455,3
54.406116,0.43644947,49.332368615154586,8.582883271405082,0.751817,0,6146.1045,0.029344123,5,1,false,false,0.44131666,-16.31777,9.303982,0.36178893,3
54.120914,0.43664905,49.33237149249991,8.582894827697013,0.7465745,0,6185.4595,0.02731055,5,1,false,false,0.40579367,-17.360382,10.5434885,0.36205953,3
53.83225,0.43684757,49.33237445957363,8.582906383149279,0.74216604,0,6173.1724,0.024405126,5,1,false,false,0.2004042,-16.782413,9.8933735,0.3623254,3
53.562233,0.43704507,49.332377336918945,8.58291793944121,0.7384725,0,6103.0234,0.020627849,5,1,false,false,0.37513727,-15.7241745,9.52559,0.3625436,3
53.291412,0.43724158,49.33238021426427,8.582929358028286,0.7350172,0,6060.9233,0.016269704,5,1,false,false,0.45780572,-16.334698,9.097236,0.36275902,3
53.01312,0.4374371,49.33238309160959,8.582940638910513,0.7333493,0,6060.707,0.013364283,5,1,false,false,0.28286034,-16.542084,9.743488,0.36300886,3
52.736095,0.43763158,49.332385878952124,8.582952056657927,0.7327534,0,6041.327,0.011621702,5,1,false,false,0.34590453,-16.501585,10.579517,0.36320472,3
52.462395,0.43782502,49.33238875602305,8.582963199835302,0.7318004,0,5986.77,0.010458859,5,1,false,false,0.4252416,-15.984698,10.207104,0.36333892,3
52.192863,0.43801746,49.33239154336558,8.582974480717528,0.7318003,0,5947.3286,0.009588129,5,1,false,false,0.41179913,-16.14816,10.290612,0.36350313,3
51.91527,0.4382089,49.33239433098251,8.582985623894901,0.7333492,0,5922.9043,0.008716277,5,1,false,false,0.17357795,-16.669012,10.714799,0.36365944,3
51.638443,0.43839934,49.33239711832505,8.582996629367424,0.7350172,0,5913.41,0.006682704,5,1,false,false,0.5205332,-16.232935,9.978602,0.36370876,3
51.367756,0.43858877,49.33239990566758,8.58300763567961,0.73680437,0,5892.0312,0.004067147,5,1,false,false,0.29829177,-16.094856,10.134351,0.3637429,3
51.090088,0.43877718,49.33240269301011,8.583018641152133,0.73847246,0,5860.051,0.0011617213,5,1,false,false,0.14964157,-16.45858,10.467483,0.3637763,3
50.815247,0.43896455,49.33240548035264,8.583029508919802,0.7407363,0,5852.6533,-0.002033573,5,1,false,false,0.10498333,-16.246475,11.247765,0.3637646,3
50.54344,0.43915096,49.33240817769238,8.583040377527137,0.741213,0,5815.081,-0.006101842,5,1,false,false,-0.11495813,-16.015871,11.336927,0.3636678,3
50.272285,0.43933633,49.33241087530652,8.583051107589956,0.7412129,0,5758.692,-0.0116217015,5,1,false,false,-0.1462431,-15.962766,10.588282,0.36348414,3
50.00614,0.43952072,49.33241357264626,8.583061838492437,0.7389491,0,5744.0396,-0.0165607,5,1,false,false,-0.4754889,-15.764656,9.5980425,0.3632322,3
49.73767,0.43970412,49.332416269986005,8.583072568555256,0.73454064,0,5717.369,-0.02004699,5,1,false,false,-0.3845353,-15.903916,9.340211,0.36284578,3
49.470783,0.43988654,49.33241896760014,8.583083161752887,0.72560465,0,5690.353,-0.021209836,5,1,false,false,-0.4610937,-15.7577505,9.828698,0.36237,3
49.20806,0.44006798,49.332421664939886,8.583093754950518,0.7167877,0,5664.2856,-0.020627847,5,1,false,false,-0.408606,-15.428738,9.927841,0.36181608,3
48.953396,0.4402485,49.33242427255123,8.583104209603633,0.7057071,0.77,5909.379,-0.01685057,0,1,false,false,-0.39747894,-14.893355,10.206705,0.3612198,3
48.704884,0.44042805,49.33242688016258,8.58311466509641,0.69117135,0.15888888,6269.7534,-0.0124935545,0,1,false,false,-0.8231605,-14.722915,10.416694,0.3605695,3
48.456295,0.44060668,49.33242948749953,8.583124982884337,0.68175846,0,6221.88,-0.009006146,4,1,false,false,-0.57801574,-14.74176,9.131588,0.35979638,3
48.181232,0.4407844,49.33243209511088,8.583135300672264,0.67556304,0,6594.465,-0.0072635645,4,1,false,false,-0.8700746,-17.31942,9.106541,0.359009,3
47.894714,0.44096106,49.33243470272223,8.58314561846019,0.6728225,0,6618.7783,-0.0052299914,4,1,false,false,-1.0412561,-16.406065,9.627497,0.3581624,3
47.62763,0.44113672,49.33243722033079,8.583155798543265,0.67460966,0,6508.3403,-0.0031964178,4,1,false,false,-0.75608635,-15.43737,10.8655,0.3572328,3
47.383026,0.44131145,49.33243982794213,8.583165979466004,0.67854154,0,6414.074,-0.0005808601,4,1,false,false,-0.71755433,-14.119835,9.652042,0.3563849,3
47.133347,0.4414853,49.332442345550696,8.583176159549078,0.6840223,0,6471.6826,0.004357015,4,1,false,false,-1.1399943,-14.778474,9.258052,0.3556951,3
46.88322,0.4416582,49.33244486315925,8.583186201927301,0.68962216,0,6458.204,0.009588129,4,1,false,false,-1.160568,-14.865774,9.796563,0.3549762,3
46.630013,0.44183016,49.33244738076781,8.583196244305524,0.69283915,0,6354.74,0.014526003,4,1,false,false,-1.0327089,-14.550892,9.555831,0.35422122,3
46.3817,0.44200125,49.332449808373575,8.58320614981856,0.6940309,0,6324.8755,0.018594276,4,1,false,false,-0.83980006,-15.041035,9.804936,0.3535696,3
46.128532,0.4421714,49.33245232598213,8.58321605449193,0.69283915,0,6323.7593,0.020627847,4,1,false,false,-1.0670288,-14.942139,8.697143,0.35306737,3
45.875927,0.4423406,49.332454753587896,8.583225960004965,0.6905755,0,6277.3853,0.021789568,4,1,false,false,-0.94351023,-15.189625,9.869201,0.35264626,3
45.62181,0.4425089,49.332457181468065,8.583235726973484,0.6856903,0,6237.8325,0.022080563,4,1,false,false,-1.3032116,-14.818492,9.247032,0.35228273,3
45.37022,0.44267625,49.33245960907383,8.583245494781666,0.68223506,0,6219.007,0.020336855,4,1,false,false,-0.9043831,-14.969895,9.72079,0.35189474,3
45.12524,0.4428427,49.332462036954,8.58325526258985,0.6812821,0,6184.236,0.019175135,4,1,false,false,-0.8162306,-14.404193,9.415051,0.35158607,3
44.881893,0.44300824,49.33246437455698,8.583264891853517,0.6817584,0,6125.904,0.01859428,4,1,false,false,-0.78494173,-14.688961,9.541971,0.35136706,3
44.64206,0.4431729,49.33246680243714,8.583274521956847,0.6866438,0,6093.1533,0.018594274,4,1,false,false,-0.97060907,-14.076373,8.121322,0.3512282,3
44.39937,0.44333667,49.33246914004012,8.583284014355327,0.6928392,0,6069.7876,0.01888527,4,1,false,false,-0.80569607,-14.5361395,9.251906,0.35104802,3
44.149673,0.44349954,49.33247147791749,8.583293506753806,0.70392,0,6024.1963,0.019175135,4,1,false,false,-0.639626,-14.59725,9.342794,0.3508645,3
43.898518,0.44366148,49.33247381579486,8.583302999152284,0.7150007,0,5973.307,0.020627841,4,1,false,false,-0.56099916,-15.011451,10.528304,0.350735,3
43.65228,0.4438225,49.332476063669446,8.583312353845912,0.727392,0,5928.0703,0.022080556,4,1,false,false,-0.71074957,-14.581257,10.3251705,0.35065138,3
43.39676,0.44398263,49.332478401272425,8.58332170853954,0.73990244,0,5864.257,0.021789562,4,1,false,false,-0.44535515,-15.808766,10.99209,0.35051206,3
43.12904,0.44414178,49.33248064914701,8.583330926367978,0.75229347,0,5846.3296,0.018594274,4,1,false,false,-0.7982639,-15.910741,10.3308,0.35038602,3
42.85673,0.44429994,49.33248289702159,8.583340143356754,0.7638507,0,5862.3374,0.0139451455,4,1,false,false,-0.92717946,-16.115002,9.48532,0.3501983,3
42.58822,0.44445705,49.332485144896175,8.58334936034553,0.7732636,0,5850.3706,0.007844426,4,1,false,false,-0.63760054,-15.830398,8.857085,0.34994322,3
42.32122,0.44461322,49.33248739277076,8.583358440469116,0.7816037,0,5810.013,-0.000580861,4,1,false,false,-0.8136264,-16.190926,10.47225,0.34976178,3
42.037003,0.4447684,49.33248964064534,8.58336751975304,0.7873229,0,5765.945,-0.007844425,4,1,false,false,-1.9981804,-17.494751,13.152653,0.34959972,3
41.75565,0.44492248,49.33249179879154,8.583376462171774,0.79220796,0,5713.6777,-0.014818123,4,1,false,false,-1.197356,-15.790176,12.273192,0.34908953,3
41.511585,0.4450756,49.33249404666612,8.583385403750846,0.79542464,0,5632.7734,-0.023243407,4,1,false,false,-0.36346498,-13.591929,8.600686,0.34845832,3
41.27972,0.4452279,49.33249620453791,8.583394346169582,0.79625875,0,5546.245,-0.017432556,4,1,false,false,-0.13063087,-14.710998,8.075893,0.3481103,3
41.006325,0.44537923,49.33249827268131,8.583403150883465,0.7954248,0,5469.594,-0.0026155561,4,1,false,false,-1.6627835,-16.770988,7.663222,0.3479137,3
40.72769,0.44552955,49.332500430553104,8.583411954757684,0.79399496,0,5564.8975,0.014236136,4,1,false,false,-0.82722294,-16.8099,7.479554,0.34722814,3
40.457516,0.4456789,49.332502588424894,8.583420759471567,0.7922076,0,5626.7637,0.018885264,4,1,false,false,0.3542832,-14.768553,8.188922,0.3464333,3
40.221695,0.44582725,49.3325046565683,8.583429426480599,0.7905398,0,5536.356,0.02440513,4,1,false,false,0.7999728,-14.612268,8.395471,0.3461206,3
39.96315,0.44597474,49.3325067247117,8.58343795578478,0.7873229,0,5352.415,0.032249548,4,1,false,false,-0.80839276,-14.988939,8.803025,0.34618303,3
39.71992,0.4461213,49.3325087925807,8.58344662279381,0.785059,0,5032.447,0.03922213,4,1,false,false,-0.049439088,-15.692566,10.656688,0.34590253,3
39.439365,0.4462669,49.3325108607241,8.583455014393138,0.783391,0,4950.29,0.041256823,4,1,false,false,0.46980298,-16.119602,9.930548,0.34572563,3
39.17741,0.4464115,49.332512928593104,8.583463543697318,0.78112715,0,4894.2637,0.04096582,4,1,false,false,-0.5442684,-15.678133,8.7152405,0.34575462,3
38.901558,0.4465551,49.3325149967365,8.58347193613631,0.7794592,0,5108.0244,0.035154976,4,1,false,false,-0.78606945,-17.55036,8.829766,0.34549168,3
38.59412,0.44669765,49.33251697487711,8.583480190030786,0.77898234,0,5172.029,0.020336853,4,1,false,false,0.5361186,-19.221685,10.419843,0.3450243,3
38.276924,0.446839,49.33251895301772,8.58348844392526,0.77767175,0,5153.8276,0.0031952932,4,1,false,false,-0.7139584,-17.77097,11.60454,0.34502575,3
38.005833,0.4469793,49.33252093115833,8.5834966986594,0.77719516,0.77,5416.128,-0.012203687,0,1,false,false,-1.8783222,-15.218888,10.667456,0.3452016,3
37.75402,0.44711864,49.33252290929894,8.583504814849023,0.7771953,0.77,5868.32,-0.027600417,0,1,false,false,-1.562976,-14.97005,10.70122,0.34506276,3
37.502743,0.44725704,49.332524887439554,8.583512931878312,0.777672,0,5977.247,-0.041837674,3,1,false,false,-1.1665834,-14.974819,10.0928755,0.34459013,3
37.24621,0.44739452,49.33252677557737,8.583521048907599,0.77945894,0,6042.899,-0.05229655,3,1,false,false,-0.8733833,-16.01128,9.409422,0.3439711,3
36.957718,0.44753098,49.33252866371519,8.583529027392371,0.7806507,0,6247.2686,-0.055201955,3,1,false,false,-1.1384783,-17.174446,9.803681,0.34334028,3
36.68677,0.44766644,49.33253055212741,8.583536869011954,0.78160363,0,6186.664,-0.051424675,3,1,false,false,-1.2018988,-15.711041,9.144779,0.34260407,3
36.426403,0.4478009,49.332532440265226,8.583544848336391,0.7833911,0,6086.5703,-0.047647417,3,1,false,false,-1.3200778,-15.43268,9.087413,0.34172252,3
36.165455,0.44793442,49.33253432840304,8.583552552251122,0.7850589,0,5988.9155,-0.046775553,3,1,false,false,-1.0562128,-15.47625,9.363832,0.3407212,3
35.90619,0.44806695,49.33253621681526,8.583560393870707,0.78660786,0,5893.987,-0.047938403,3,1,false,false,-1.0226834,-15.344019,8.163198,0.33968666,3
35.64651,0.44819853,49.33253801495029,8.58356809778544,0.78660786,0,5800.558,-0.049970843,3,1,false,false,-1.2508564,-15.413084,9.668471,0.33867976,3
35.386986,0.44832918,49.332539813359716,8.583575663995319,0.7861315,0,5855.453,-0.054330107,3,1,false,false,-1.3327383,-15.372597,7.974762,0.3376275,3
35.12542,0.44845903,49.33254161149474,8.583583367910052,0.7833908,0,5871.4204,-0.05926799,3,1,false,false,-1.3475914,-15.855659,8.805096,0.33642596,3
34.852234,0.44858798,49.33254340990417,8.58359093411993,0.7794592,0,5778.8228,-0.06624168,3,1,false,false,-1.553524,-15.805352,9.1314335,0.33518228,3
34.600506,0.44871593,49.332545118310804,8.583598363464624,0.7732635,0,5687.556,-0.074086115,3,1,false,false,-2.0912194,-15.009137,9.523316,0.33389568,3
34.334885,0.44884294,49.33254691644583,8.583605791969651,0.7621827,0,5622.898,-0.083674245,3,1,false,false,-2.2117848,-16.010023,9.676984,0.33238345,3
34.073128,0.44896898,49.332548624852464,8.58361322047468,0.7518169,0,5642.045,-0.09645652,3,1,false,false,-2.490033,-15.270999,8.854091,0.3307052,3
33.814915,0.44909388,49.3325503332591,8.58362051211452,0.73990226,0,5620.462,-0.11127351,3,1,false,false,-2.6015527,-15.918384,10.398131,0.3288064,3
33.54966,0.44921762,49.332552041665735,8.583627802914696,0.7278685,0,5557.438,-0.12492767,3,1,false,false,-3.5753968,-15.265834,9.756352,0.32675523,3
33.294205,0.4493404,49.332553660069586,8.583635094554536,0.7200049,0,5548.0117,-0.13713022,3,1,false,false,-3.7402644,-15.261706,9.509167,0.3244359,3
33.03507,0.4494622,49.332555278747826,8.583642248489525,0.708924,0,5564.4355,-0.14787894,3,1,false,false,-4.0349693,-15.24887,10.081627,0.32193324,3
32.780735,0.4495831,49.33255689715167,8.583649401584848,0.7017752,0,5557.9116,-0.15514258,3,1,false,false,-4.349599,-14.740823,10.499898,0.3192777,3
32.539574,0.449703,49.33255851555551,8.583656417814986,0.69462633,0,5511.794,-0.15979053,3,1,false,false,-4.4516654,-14.272195,9.879828,0.3164353,3
32.29893,0.4498217,49.33256013395936,8.583663434045121,0.6866435,0,5468.92,-0.15891865,3,1,false,false,-4.7974343,-14.21728,10.939117,0.31346512,3
32.07196,0.44993952,49.33256166263481,8.583670450275259,0.6794947,0,5451.2715,-0.15572338,3,1,false,false,-4.245307,-12.743769,7.87546,0.31035826,3
31.846567,0.45005652,49.332563191310264,8.583677328800542,0.67115456,0,5423.409,-0.15020359,3,1,false,false,-3.8184767,-13.647363,9.230697,0.3071969,3
31.616344,0.4501727,49.33256471971132,8.583684207325827,0.65900165,0,5376.1245,-0.15136528,3,1,false,false,-4.3215103,-13.575441,9.588882,0.30411696,3
31.398613,0.45028806,49.332566158383976,8.583691085851111,0.6377935,0.77,5631.626,-0.14962271,0,1,false,false,-4.569897,-12.3868475,8.989024,0.30106625,3
31.187725,0.45040256,49.33256768705943,8.583697964376395,0.61956406,0.77,6075.6157,-0.14933166,0,1,false,false,-4.8154755,-12.544407,9.683347,0.2979444,3
30.98549,0.4505162,49.332569125457695,8.583704705196828,0.6013346,0,6090.5957,-0.15165627,2,1,false,false,-5.342905,-11.201264,9.001102,0.29482716,3
30.782888,0.45062914,49.33257056413036,8.583711446017261,0.58405817,0,6149.073,-0.157466,2,1,false,false,-4.466724,-13.369115,8.538675,0.2912567,3
30.54598,0.45074126,49.332571913074624,8.583718186837693,0.56630516,0,6306.4336,-0.16531037,2,1,false,false,-4.6806636,-14.2333555,9.250168,0.28747678,3
30.31043,0.45085254,49.33257335147289,8.583724790792937,0.5497439,0,6320.853,-0.17489742,2,1,false,false,-5.3952303,-13.549843,9.464531,0.2835454,3
30.093445,0.450963,49.332574700417155,8.583731393908518,0.5369951,0,6256.667,-0.186809,2,1,false,false,-6.1299453,-12.359369,9.610434,0.27937457,3
29.887373,0.45107272,49.33257604908703,8.583737997024098,0.5285358,0,6240.7754,-0.2027877,2,1,false,false,-6.843293,-12.117507,9.742693,0.27498218,3
29.678812,0.4511817,49.33257730775411,8.583744463274492,0.5236505,0,6268.912,-0.219636,2,1,false,false,-7.069105,-12.386338,9.696844,0.27041784,3
29.471128,0.45128995,49.332578656698374,8.58375092868522,0.52198267,0,6288.3857,-0.23822917,2,1,false,false,-7.5507812,-12.06963,9.730382,0.26579878,3
29.270971,0.45139745,49.33257991536546,8.583757394935613,0.5219826,0,6274.444,-0.25856492,2,1,false,false,-8.334651,-11.461981,10.072735,0.2611666,3
29.082058,0.45150423,49.332581084304145,8.583763860346341,0.5236506,0,6229.659,-0.27860957,2,1,false,false,-8.436941,-10.930568,9.56782,0.25640434,3
28.896856,0.4516104,49.33258234297122,8.583770188891881,0.52591443,0,6174.3813,-0.29836446,2,1,false,false,-8.458021,-10.817758,9.608709,0.2514552,3
28.709677,0.4517159,49.33258351190991,8.583776516597759,0.5291313,0,6126.569,-0.3184092,2,1,false,false,-9.068612,-11.030412,10.146887,0.2463342,3
28.521421,0.45182082,49.332584590845805,8.583782845143299,0.5325868,0,6087.317,-0.333806,2,1,false,false,-8.893633,-10.9045925,9.344619,0.24092974,3
28.336386,0.4519251,49.33258575978449,8.58378917368884,0.53425467,0,6044.5635,-0.3500734,2,1,false,false,-8.915427,-10.791939,9.149506,0.23528968,3
28.15199,0.45202872,49.33258683872039,8.583795501394716,0.5342547,0,5992.196,-0.36663195,2,1,false,false,-9.141099,-10.690312,9.3184,0.22948192,3
27.970543,0.45213166,49.33258791793069,8.583801692235406,0.53127605,0,5933.235,-0.38290042,2,1,false,false,-9.136579,-10.600824,9.3838825,0.22343928,3
27.788557,0.452234,49.33258890686379,8.583807883076094,0.5259145,0,5869.08,-0.4023633,2,1,false,false,-9.739568,-10.646708,9.466254,0.21706451,3
27.602942,0.45233566,49.3325898960713,8.583814073916782,0.51924217,0,5812.194,-0.4226967,2,1,false,false,-10.178371,-10.9363165,9.392876,0.21032652,3
27.415737,0.4524368,49.3325908850044,8.58382012705262,0.50768507,0,5780.6924,-0.4427414,2,1,false,false,-10.308291,-10.8159485,9.285061,0.20332476,3
27.231472,0.45253733,49.3325918739375,8.583826317893308,0.49207664,0,5758.788,-0.46510857,2,1,false,false,-10.726315,-10.639453,9.529252,0.1960716,3
27.051262,0.4526372,49.33259277314222,8.583832370189482,0.473609,0,5722.9326,-0.48341066,2,1,false,false,-10.912961,-10.344576,9.172348,0.18846588,3
26.87549,0.4527365,49.33259358234414,8.583838423325318,0.44775409,0,5679.2935,-0.49880514,2,1,false,false,-11.523637,-10.153022,9.719755,0.18049493,3
26.702383,0.45283505,49.33259448154885,8.583844339595968,0.40819722,0,5644.9717,-0.5156534,2,1,false,false,-12.03708,-9.860084,9.647394,0.17220703,3
26.537264,0.4529331,49.332595290750774,8.583850392731804,0.3767425,0,5625.6587,-0.53075826,2,1,false,false,-12.348637,-9.285478,9.303561,0.16367586,3
26.379112,0.4530306,49.33259601022431,8.583856308162789,0.34564516,0,5610.2466,-0.5461536,2,1,false,false,-12.725085,-8.906274,9.458804,0.15488133,3
26.22842,0.45312768,49.332596729423436,8.583862223593774,0.3155011,0,5589.633,-0.56154925,2,1,false,false,-13.185428,-8.45023,9.659665,0.14583002,3
26.08737,0.4532242,49.33259744889697,8.583868139024759,0.2861909,0,5564.5254,-0.577526,2,1,false,false,-13.3344145,-7.7223735,9.202158,0.13654768,3
25.955757,0.45332024,49.3325981680961,8.583874054455745,0.26176578,0,5540.4517,-0.5943729,2,1,false,false,-13.557045,-7.2249,9.212826,0.12701839,3
25.830206,0.4534158,49.33259879756684,8.583879832181877,0.23126414,0,5522.4985,-0.6144155,2,1,false,false,-13.848517,-6.8588133,9.030972,0.1173177,3
25.71251,0.45351097,49.332599337034786,8.583885747612863,0.21303469,0,5513.401,-0.6309729,2,1,false,false,-13.997645,-6.3291316,8.945407,0.10751383,3
25.601177,0.4536058,49.332599876502734,8.58389152617866,0.19837962,0,5504.935,-0.64869076,2,1,false,false,-14.314252,-6.0796766,9.058255,0.097625144,3
25.492994,0.45370033,49.33260041597068,8.583897303904791,0.18860957,0,5491.835,-0.6672817,2,1,false,false,-14.571417,-5.8335404,9.171082,0.0876008,3
25.387968,0.45379475,49.33260086543584,8.583903081630925,0.18146075,0,5479.8438,-0.68616116,2,1,false,false,-15.045546,-5.6272206,9.598643,0.077409,3
25.285475,0.4538888,49.332601315175395,8.583908860196722,0.17800552,0,5469.18,-0.7038803,2,1,false,false,-15.574341,-5.5089226,9.729097,0.06699258,3
25.185196,0.45398253,49.33260176464055,8.583914637922854,0.17967355,0,5454.707,-0.72043645,2,1,false,false,-15.72636,-5.312248,9.357228,0.05633946,3
25.088428,0.45407593,49.33260212437732,8.583920415648988,0.1863458,0,5435.2383,-0.73321533,2,1,false,false,-15.541338,-5.12771,9.169931,0.045488622,3
24.99245,0.454169,49.33260239411129,8.583926056509933,0.19301802,0,5410.5835,-0.7428013,2,1,false,false,-15.70203,-5.14289,9.393473,0.034501076,3
24.894169,0.4542618,49.33260275384806,8.583931834236067,0.20016679,0,5383.4355,-0.7512243,2,1,false,false,-15.958107,-5.292624,9.483321,0.023363393,3
24.793612,0.45435438,49.33260293357924,8.583937474257347,0.20505182,0,5358.9873,-0.75906646,2,1,false,false,-16.027895,-5.443323,9.36667,0.01207405,3
24.69049,0.45444664,49.33260311331043,8.583943115118291,0.20731561,0,5339.02,-0.76545703,2,1,false,false,-16.112854,-5.5363774,9.343395,0.00071219134,3
24.586067,0.45453852,49.332603293316005,8.583948755139573,0.20683908,0,5321.7236,-0.77068603,2,1,false,false,-16.086863,-5.5506234,9.191798,-0.010654954,3
24.48267,0.4546301,49.3326033833188,8.583954396000518,0.20362209,0,5303.337,-0.77446115,2,1,false,false,-15.950068,-5.48164,9.14179,-0.022017239,3
24.383509,0.45472136,49.332603473047186,8.5839600360218,0.19575837,0,5280.089,-0.77736646,2,1,false,false,-15.883879,-5.3290944,9.147386,-0.033393517,3
24.283325,0.45481232,49.33260356304998,8.583965539177893,0.18515426,0,5252.862,-0.78085047,2,1,false,false,-16.192898,-5.362769,9.415422,-0.04481046,3
24.180054,0.45490298,49.33260356304998,8.583971179199173,0.16954607,0,5229.3735,-0.78695023,2,1,false,false,-16.768587,-5.5963426,9.894967,-0.05632917,3
24.079426,0.45499343,49.332603473047186,8.583976682355267,0.15524845,0,5213.9204,-0.7982787,2,1,false,false,-16.690039,-5.276984,9.621744,-0.068005435,3
23.982584,0.45508224,49.3326033833188,8.583982184671695,0.14297625,0,5202.728,-0.81396306,2,1,false,false,-16.375511,-4.844746,9.256692,-0.07981804,3
23.886913,0.45517075,49.332603293316005,8.583987687827788,0.13308707,0,5189.9375,-0.8363265,2,1,false,false,-17.181658,-5.101944,9.858793,-0.091749,3
23.79186,0.45525888,49.33260311331043,8.583993190144218,0.1259383,0,5174.9116,-0.8618866,2,1,false,false,-17.323145,-4.8711724,9.717477,-0.10395652,3
23.701056,0.45534667,49.33260293357924,8.583998555595459,0.12248302,0,5159.708,-0.8944173,2,1,false,false,-17.132935,-4.5986004,9.32013,-0.11644707,3
23.61336,0.4554342,49.332602663845265,8.584003921046701,0.12248302,0,5142.306,-0.9315933,2,1,false,false,-17.178246,-4.487049,9.121213,-0.12912858,3
23.528194,0.4555215,49.33260239411129,8.584009424202794,0.12593828,0,5120.75,-0.9655744,2,1,false,false,-16.906681,-4.244153,8.903341,-0.14190146,3
23.44631,0.45560867,49.33260203437453,8.584014788814372,0.13701893,0,5091.8364,-1.0053636,2,1,false,false,-16.781353,-4.1389256,9.061703,-0.15469189,3
23.363993,0.45569554,49.33260167491216,8.58402001656076,0.1480996,0,5051.337,-1.0466046,2,1,false,false,-17.56231,-4.235843,9.517639,-0.16753165,3
23.272264,0.4557821,49.3326012251726,8.584025382012001,0.15918025,0,5001.5444,-1.0858123,2,1,false,false,-19.361347,-4.8950734,10.699765,-0.18061818,3
23.171135,0.4558682,49.33260077570745,8.58403060975839,0.1703801,0,4967.5376,-1.1282127,2,1,false,false,-20.18062,-5.294608,11.013238,-0.19409838,3
23.065052,0.455954,49.332600325967896,8.58403583750478,0.18146074,0,4955.2017,-1.1662588,2,1,false,false,-20.434149,-5.532846,10.583599,-0.20798285,3
22.957815,0.45603934,49.33259969677155,8.584041065251169,0.19397119,0,4943.2593,-1.1987844,2,1,false,false,-19.989162,-5.555293,10.165823,-0.22221959,3
22.852104,0.45612445,49.332599157303605,8.584046292997558,0.20290722,0,4915.6885,-1.2220175,2,1,false,false,-19.44887,-5.3419895,9.89704,-0.23675829,3
22.752905,0.45620924,49.332598527832864,8.584051383039096,0.2085071,0,4868.6367,-1.2400223,2,1,false,false,-18.636147,-4.9263163,9.271683,-0.25158817,3
22.656105,0.4562938,49.33259780835933,8.584056473080633,0.2112475,0,4810.943,-1.2559941,2,1,false,false,-18.654892,-5.0206966,9.344812,-0.26658133,3
22.552742,0.45637873,49.3325970891602,8.584061563122171,0.2139878,0,4760.5454,-1.2728379,2,1,false,false,-18.866602,-5.471761,9.715167,-0.28168154,3
22.4406,0.45646346,49.33259627995828,8.584066515458856,0.21565591,0,4730.6475,-1.2949095,2,1,false,false,-19.49718,-6.0121083,10.0675335,-0.29680336,3
22.319723,0.45654777,49.33259547075636,8.584071605500393,0.21613246,0,4719.5664,-1.3175597,2,1,false,false,-19.616943,-6.3947144,9.943327,-0.31189856,3
22.195198,0.45663163,49.33259466155444,8.58407655783708,0.21565595,0,4714.15,-1.3422434,2,1,false,false,-19.671188,-6.5679326,10.442997,-0.32697305,3
22.065035,0.456715,49.332593762349724,8.584081373308576,0.21470274,0,4700.502,-1.3648951,2,1,false,false,-20.58108,-6.755933,10.981004,-0.34224397,3
21.941004,0.45679802,49.33259277314222,8.58408618794041,0.21303466,0,4680.7314,-1.3863834,2,1,false,false,-19.681942,-6.0166507,9.890101,-0.35790098,3
21.831165,0.4568807,49.3325918739375,8.584091003411908,0.21124744,0,4653.7554,-1.404679,2,1,false,false,-19.159685,-5.46119,9.670067,-0.3738044,3
21.719233,0.4569631,49.33259079500161,8.584095680338889,0.20898369,0,4614.7017,-1.416585,2,1,false,false,-19.511457,-5.7522044,9.790597,-0.3899294,3
21.608757,0.45704648,49.33258971606571,8.584100495810386,0.20588589,0,4577.095,-1.4226824,2,1,false,false,-18.811071,-5.318452,9.187578,-0.4062705,3
21.503653,0.45712963,49.33258863712982,8.584105035032517,0.20183483,0,4549.1436,-1.4311043,2,1,false,false,-18.457563,-5.2419987,9.064832,-0.422556,3
21.395372,0.45721236,49.33258755819392,8.584109712799162,0.19742638,0,4525.4644,-1.4415582,2,1,false,false,-18.463491,-5.492475,9.208458,-0.43876964,3
21.28283,0.4572946,49.33258638925523,8.584114252860955,0.19027762,0,4506.5947,-1.4557865,2,1,false,false,-18.529799,-5.5587144,9.285855,-0.4549814,3
21.171928,0.45737654,49.33258513031375,8.584118792083085,0.18289053,0,4498.3276,-1.4746616,2,1,false,false,-18.466587,-5.412309,9.337314,-0.47110507,3
21.059572,0.45745814,49.332583871646676,8.584123194440027,0.17347792,0,4492.653,-1.4915032,2,1,false,false,-18.60061,-5.582433,9.696338,-0.48726225,3
20.946524,0.4575394,49.332582612705195,8.584127596796968,0.15977602,0,4478.2744,-1.5060239,2,1,false,false,-18.75543,-5.4784675,9.644197,-0.5036315,3
20.833996,0.4576204,49.33258135403812,8.584131999153911,0.14071247,0,4463.0215,-1.5179286,2,1,false,false,-19.182386,-5.4577513,10.372384,-0.5201427,3
20.722057,0.4577024,49.33258000536825,8.584136263806,0.12474683,0,4453.43,-1.52722,2,1,false,false,-19.733154,-5.2684836,10.402786,-0.53683865,3
20.614082,0.4577842,49.33257856669559,8.58414052845809,0.10913859,0,4445.242,-1.5379648,2,1,false,false,-19.731728,-4.935013,9.9568205,-0.55372715,3
20.509237,0.45786554,49.332577128022926,8.584144655405327,0.093649484,0,4435.7876,-1.5481275,2,1,false,false,-19.69626,-4.820504,10.300283,-0.5706752,3
20.408865,0.45794645,49.332575689350264,8.584148782352566,0.08161565,0,4420.78,-1.5588722,2,1,false,false,-19.37041,-4.4545174,10.280142,-0.5877781,3
20.308147,0.45802698,49.3325742506776,8.584152910139467,0.065292515,0,4390.1167,-1.5754237,2,1,false,false,-19.638002,-4.645542,10.4046335,-0.6052763,3
20.206314,0.4581071,49.332572722276545,8.584156899381853,0.055999056,0,4352.0356,-1.5948772,2,1,false,false,-19.18665,-4.5515165,10.005586,-0.6232183,3
20.106815,0.45818698,49.3325711936011,8.58416088862424,0.047063023,0,4327.426,-1.6262372,2,1,false,false,-18.716776,-4.3924723,9.645079,-0.64134955,3
20.010145,0.45826665,49.33256957519725,8.584164741001437,0.039914206,0,4317.976,-1.6674703,2,1,false,false,-17.882162,-4.0812197,9.465295,-0.65939385,3
19.909239,0.45834717,49.332567956793405,8.58416859253897,0.03276541,0,4302.2236,-1.7087007,2,1,false,false,-19.559023,-4.813942,10.318651,-0.67732054,3
19.799587,0.45842785,49.332566338115164,8.584172444916168,0.026569765,0,4288.102,-1.7566096,2,1,false,false,-20.28139,-4.6514225,10.88605,-0.69490373,3
19.6943,0.4585079,49.33256462970853,8.584176159588514,0.021684743,0,4287.1323,-1.8065486,2,1,false,false,-20.327738,-4.382336,10.709558,-0.7120688,3
19.593721,0.45858732,49.33256292157629,8.584179735716345,0.0154891005,0,4283.94,-1.8631678,2,1,false,false,-20.312233,-4.0172057,10.536382,-0.729001,3
19.506247,0.4586663,49.33256112316686,8.584183450388691,0.0115572475,0.77,4567.968,-1.9084604,0,1,false,false,-20.34036,-3.0743098,10.323885,-0.7458375,3
19.426804,0.45874488,49.332559414760226,8.584186889651333,0.008340281,0.77,5047.4897,-1.9473643,0,1,false,false,-20.380959,-2.8404331,10.223428,-0.7625081,3
19.35057,0.45882317,49.332557616350805,8.584190466618828,0.0066722264,0,5092.7036,-1.9822059,1,1,false,false,-20.143003,-2.6451426,10.04825,-0.7789551,3
19.264765,0.45890135,49.33255572821298,8.58419390588147,0.0048850235,0,5123.6396,-2.017044,1,1,false,false,-19.350653,-4.755199,9.679757,-0.79516387,3
19.132498,0.45897874,49.332553840075164,8.58419720743926,0.003216966,0,5301.0547,-2.0510128,1,1,false,false,-19.056726,-6.811133,9.796083,-0.81098795,3
18.994165,0.45905334,49.332552041665735,8.58420050899705,0.0016680565,0,5420.1187,-2.0867224,1,1,false,false,-19.568426,-6.1761336,10.287924,-0.82669425,3
18.878517,0.4591271,49.332550063525126,8.584203673689652,0.00047658736,0,5418.4424,-2.118075,1,1,false,false,-20.030083,-4.4213247,10.328628,-0.8426418,3
18.788214,0.4592002,49.33254817538731,8.584206837542592,-4.3655746e-11,0,5352.1465,-2.1398492,1,1,false,false,-19.751343,-3.2868817,9.877218,-0.8588712,3
18.707815,0.4592728,49.3325461972467,8.584209863690678,0,0,5296.314,-2.1546564,1,1,false,false,-18.834702,-3.185007,9.204268,-0.87514913,3
18.623331,0.45934495,49.33254421910609,8.584212890678428,0,0,5281.7266,-2.171203,1,1,false,false,-18.389547,-3.6421437,9.286599,-0.89114267,3
18.531395,0.4594167,49.33254224096548,8.584215916826514,0,0,5292.5967,-2.1950085,1,1,false,false,-19.004225,-4.058189,10.020132,-0.9068059,3
18.435324,0.459488,49.33254017282208,8.584218806109414,0,0,5299.118,-2.2228792,1,1,false,false,-19.371925,-4.1142926,10.180537,-0.92232955,3
18.34131,0.45955893,49.33253810495308,8.58422155768746,0,0,5289.609,-2.249296,1,1,false,false,-18.842478,-3.8033574,9.796372,-0.93779385,3
18.250187,0.4596296,49.33253603680968,8.584224309265506,0.00047658765,0,5269.8887,-2.2699082,1,1,false,false,-21.162893,-3.9345293,11.02798,-0.95314574,3
18.160984,0.45969847,49.33253396894067,8.584227060003888,0.0044084354,0,5249.415,-2.2887766,1,1,false,false,-18.381706,-3.4334333,10.300229,-0.968616,3
18.07761,0.45976672,49.33253190079728,8.584229673877083,0.00881687,0,5234.651,-2.2977772,1,1,false,false,-18.984194,-3.7126913,9.61611,-0.98370403,3
17.986792,0.45983446,49.33252974292548,8.584232150045427,0.01429763,0,5216.6323,-2.3180974,1,1,false,false,-20.431593,-3.9166641,10.694129,-0.9986378,3
17.900156,0.45990166,49.33252758477929,8.584234627053432,0.018229479,0,5195.354,-2.3538027,1,1,false,false,-18.571444,-3.6764758,9.523935,-1.0138177,3
17.819038,0.45996845,49.3325254269075,8.584237103221776,0.019420948,0,5169.147,-2.3688986,1,1,false,false,-17.521822,-3.5766883,8.923162,-1.0290555,3
17.736584,0.4600348,49.332523269035704,8.584239441685266,0.019420946,0,5140.097,-2.374414,1,1,false,false,-18.077112,-3.741685,9.536897,-1.0441434,3
17.653278,0.46010083,49.33252102116112,8.584241642443905,0.017276298,0,5116.3604,-2.388637,1,1,false,false,-17.951668,-3.7738771,9.473329,-1.0589962,3
17.565603,0.4601665,49.33251886301493,8.584243844042208,0.013821039,0,5099.4907,-2.408959,1,1,false,false,-19.644527,-4.177552,10.665893,-1.0736158,3
17.472029,0.46023184,49.33251661514035,8.584246044800848,0.008340282,0,5089.625,-2.4310184,1,1,false,false,-20.63036,-4.3174553,11.34936,-1.0882937,3
17.38133,0.460297,49.332514367265766,8.584248108694299,-6.9849193e-10,0,5083.095,-2.4429207,1,1,false,false,-20.083147,-4.1665363,10.666493,-1.1032284,3
17.30101,0.460362,49.33251211939118,8.584250034882897,0,0,5070.6724,-2.4353743,1,1,false,false,-17.908115,-3.5461993,9.425822,-1.1181332,3
17.224339,0.46042645,49.3325098715166,8.584251960231832,0,0,5049.242,-2.4240537,1,1,false,false,-18.597345,-3.5272074,9.507542,-1.1325566,3
17.15197,0.46049044,49.33250753391362,8.58425388642043,0,0,5025.477,-2.4432118,1,1,false,false,-17.805902,-3.381092,9.28148,-1.1465732,3
17.079088,0.46055397,49.33250528603904,8.584255537199326,0,0,5003.8125,-2.4731104,1,1,false,false,-18.809935,-3.5865922,9.988619,-1.1603436,3
17.00544,0.46061715,49.33250294816166,8.584257325683073,0,0,4986.5938,-2.494591,1,1,false,false,-17.967253,-3.58424,9.758399,-1.1741866,3
16.934935,0.46068,49.33250070028708,8.584258976461967,0,0,4973.5015,-2.505912,1,1,false,false,-16.909994,-3.5055783,9.24908,-1.1880282,3
16.86602,0.4607425,49.3324983624097,8.584260490375675,0,0,4957.311,-2.5128782,1,1,false,false,-17.090984,-3.5017111,9.023298,-1.201748,3
16.795841,0.46080476,49.33249602480673,8.584262003449718,0,0,4936.6045,-2.5294251,1,1,false,false,-18.174934,-3.6747365,9.654081,-1.215442,3
16.725382,0.4608668,49.332493686929354,8.584263516523762,0,0,4920.1904,-2.551775,1,1,false,false,-18.125704,-3.6427078,10.061592,-1.2291223,3
16.65722,0.46092862,49.33249134905198,8.584264755027766,0,0,4910.014,-2.5668695,1,1,false,false,-17.463709,-3.6162856,9.853121,-1.242743,3
16.590134,0.4609912,49.332489011449,8.584266130396957,0,0,4896.3984,-2.5709333,1,1,false,false,-17.556488,-3.6463573,9.866964,-1.2565122,3
16.523426,0.46105388,49.33248667357163,8.58426736890096,0,0,4875.4497,-2.5694811,1,1,false,false,-18.013689,-3.6761768,9.976247,-1.2705872,3
16.457964,0.46111608,49.332484335694254,8.584268468860447,0,0,4853.6685,-2.5668695,1,1,false,false,-17.985872,-3.6415827,9.911694,-1.284944,3
16.393888,0.46117783,49.332481998091275,8.584269569659599,0,0.07127004,4852.785,-2.5633845,1,1,false,false,-17.569057,-3.6160822,9.873103,-1.2994652,3
16.332693,0.4612392,49.332479660213906,8.58427067045875,0,0.13440199,4896.143,-2.5593212,1,1,false,false,-17.553474,-3.4280925,9.954739,-1.3141338,3
16.27881,0.46130025,49.33247723233374,8.58427163355305,0,0.20369917,4961.4517,-2.5543876,1,1,false,false,-17.944323,-2.8666134,10.041567,-1.3290778,3
16.235138,0.46136105,49.33247489473076,8.584272458942497,0,0.2705302,5059.807,-2.5482912,1,1,false,false,-17.682314,-2.5305002,9.7506075,-1.3443892,3
16.193804,0.46142167,49.33247255685339,8.584273284331944,0,0.3124538,5198.737,-2.5387135,1,1,false,false,-17.293102,-2.452114,9.622912,-1.360052,3
16.154692,0.46148214,49.33247012924762,8.584274109721392,0,0.34599262,5348.199,-2.5262299,1,1,false,false,-17.136934,-2.1447918,9.801852,-1.3759778,3
16.147127,0.4615426,49.33246779137024,8.584274797405987,0,0.36794075,5340.5625,-2.5140395,1,1,false,false,-16.796097,0.49700704,10.4809065,-1.3920949,3
16.181187,0.4616032,49.33246536376448,8.584275347385733,0,0.3906289,5265.1187,-2.505041,1,1,false,false,-16.86623,2.7062361,10.453344,-1.4084523,3
16.231411,0.46166465,49.3324630258871,8.584275898205139,0,0.42145494,5207.06,-2.497784,1,1,false,false,-16.518148,2.96028,10.061887,-1.4251436,3
16.279345,0.4617262,49.33246059828134,8.584276448184882,0,0.48458686,5203.133,-2.491398,1,1,false,false,-15.805737,2.6937954,9.530624,-1.4419056,3
16.323605,0.46178767,49.33245817040117,8.584276860459775,0,0.51442665,5244.6245,-2.4870448,1,1,false,false,-15.607934,2.57512,9.619123,-1.4584671,3
16.367884,0.46184918,49.3324557427954,8.584277273574331,0,0.5326757,5295.87,-2.4882045,1,1,false,false,-15.75382,2.6724012,9.938348,-1.4747759,3
16.416086,0.46191064,49.332453225186846,8.584277548984034,0,0.54500604,5337.193,-2.4931388,1,1,false,false,-16.077274,2.993324,10.185922,-1.4909271,3
16.469828,0.46197218,49.33245079758108,8.584277823554075,0,0.56794083,5368.1875,-2.496913,1,1,false,false,-16.096867,3.3177392,10.260604,-1.5070821,3
16.529413,0.4620339,49.33244836970091,8.584278098963779,0,0.58101106,5393.7993,-2.4972036,1,1,false,false,-15.732678,3.67764,9.936251,-1.5233529,3
16.59288,0.4620957,49.332445852092356,8.58427823666863,0,0.59408134,5416.2075,-2.4937212,1,1,false,false,-16.062622,3.8232982,10.274678,-1.5397557,3
16.65844,0.4621578,49.3324433344838,8.58427823666863,0,0.6073984,5439.0835,-2.489656,1,1,false,false,-16.253063,3.9731627,10.417812,-1.5563629,3
16.726452,0.4622201,49.332440906878034,8.58427823666863,0,0.61701596,5461.5605,-2.4829803,1,1,false,false,-15.832464,4.1524043,9.997338,-1.5731171,3
16.797277,0.4622827,49.33243838926948,8.58427823666863,0,0.6293464,5485.0776,-2.4704978,1,1,false,false,-15.437473,4.308583,9.655961,-1.5898765,3
16.86867,0.46234488,49.33243587166091,8.584278098963779,0,0.63797784,5511.835,-2.4588866,1,1,false,false,-15.437757,4.329797,9.855005,-1.6065905,3
16.94031,0.4624071,49.33243326404957,8.584277961258927,0,0.644143,5541.2217,-2.4466958,1,1,false,false,-15.434594,4.3714805,9.766492,-1.6233001,3
17.012226,0.4624695,49.33243074644101,8.584277823554075,0,0.65302086,5572.444,-2.433343,1,1,false,false,-15.468441,4.441671,9.867588,-1.6400183,3
17.084667,0.462532,49.33242822883245,8.584277548984034,0,0.6616523,5603.674,-2.4162147,1,1,false,false,-15.904484,4.432891,10.156006,-1.6567366,3
17.156878,0.4625947,49.332425621221105,8.58427713586948,0,0.6749693,5634.63,-2.392121,1,1,false,false,-16.24147,4.4805055,10.35151,-1.6735234,3
17.229334,0.46265754,49.33242310361255,8.584276723594586,0,0.690752,5668.781,-2.354383,1,1,false,false,-16.280928,4.499905,10.193372,-1.6904656,3
17.304,0.4627206,49.3324204960012,8.584276310480032,0,0.7072749,5708.4033,-2.2940016,1,1,false,false,-16.043886,4.780593,9.971246,-1.7076254,3
17.38284,0.46278393,49.33241797839264,8.584275760500287,0,0.72749704,5748.7876,-2.2199745,1,1,false,false,-15.624447,4.9940033,9.931019,-1.7248539,3
17.463327,0.46284753,49.33241537105569,8.58427520968088,0,0.7607892,5789.1987,-2.1273658,1,1,false,false,-15.764633,5.085641,9.983213,-1.7420238,3
17.546017,0.4629115,49.33241276344434,8.584274521996283,0,0.7906289,5835.8994,-2.0324314,1,1,false,false,-15.211875,5.31627,9.577079,-1.7592409,3
17.631474,0.46297535,49.33241015583299,8.584273834311688,0,0.82145494,5890.452,-1.9293647,1,1,false,false,-15.375881,5.483002,9.93668,-1.7765547,3
17.71903,0.4630392,49.33240754822164,8.58427300892224,0,0.85647357,5947.53,-1.8097428,1,1,false,false,-15.073145,5.686615,9.720472,-1.7940028,3
17.810432,0.46310315,49.33240494088469,8.584272183532793,0,0.8924784,6002.7017,-1.6927308,1,1,false,false,-14.753842,5.9871197,9.880332,-1.811517,3
17.906145,0.46316734,49.33240233327334,8.584271220438493,0,0.92848337,6052.2383,-1.5858756,1,1,false,false,-14.744424,6.3278303,9.958607,-1.829021,3
18.005743,0.46323186,49.33239972566199,8.584270395049046,0,0.97410595,6094.023,-1.4868574,1,1,false,false,-14.952665,6.5408554,10.363864,-1.8464669,3
18.107914,0.46329665,49.33239711832505,8.584269294249895,0,1.0000001,6128.025,-1.3985808,1,1,false,false,-14.703412,6.727225,10.051645,-1.8638436,3
18.210981,0.46336174,49.3323945107137,8.584268194290408,0,1,6160.5625,-1.3187228,1,1,false,false,-14.293366,6.77888,10.003701,-1.8811157,3
18.3134,0.4634272,49.33239190310235,8.584267093491256,0,1,6198.382,-1.241184,1,1,false,false,-14.092769,6.7486267,9.696254,-1.898252,3
18.414762,0.46349305,49.33238920576261,8.584265854987253,0,1,6241.2324,-1.1697437,1,1,false,false,-13.893244,6.7241764,9.843335,-1.9152113,3
18.515495,0.46355924,49.33238659815126,8.584264617322914,0,1,6283.9287,-1.0930735,1,1,false,false,-13.794464,6.8101087,9.878892,-1.931938,3
18.616213,0.46362564,49.33238399053991,8.584263241114058,0,1,6320.416,-1.025113,1,1,false,false,-14.143708,6.8313384,10.130213,-1.9483628,3
18.71676,0.46369204,49.332381293200164,8.584261865744866,0,1,6351.474,-0.96470344,1,1,false,false,-14.136321,6.928071,10.327546,-1.9645292,3
18.817942,0.46375865,49.33237868558882,8.584260490375675,0,1,6381.976,-0.9118429,1,1,false,false,-14.192627,6.984188,10.200494,-1.9804529,3
18.919962,0.46382558,49.332375988249076,8.584258976461967,0,1,6413.0137,-0.8627586,1,1,false,false,-14.292902,7.0961533,10.26842,-1.9961225,3
19.022202,0.46389285,49.332373380637726,8.584257463387925,0,1,6440.13,-0.8247095,1,1,false,false,-14.161955,7.131943,9.976513,-2.0114555,3
19.12569,0.46396038,49.33237068329799,8.58425581260903,0,1,6463.3433,-0.7857895,1,1,false,false,-13.588308,7.2313943,9.521203,-2.0263727,3
19.22898,0.4640283,49.33236807568664,8.584254161830135,0,1,6486.6377,-0.75267714,1,1,false,false,-13.550473,7.1847806,9.625682,-2.0407884,3
19.331402,0.46409652,49.3323653783469,8.584252373346388,0,1,6512.9746,-0.72769785,1,1,false,false,-13.5221615,7.0689726,9.343967,-2.0547338,3
19.43134,0.46416515,49.33236268073276,8.584250584862641,0,1,6542.6006,-0.7050421,1,1,false,false,-13.426796,7.080403,9.762495,-2.0682614,3
19.530838,0.4642341,49.33236007312141,8.584248658674042,0,1,6573.1567,-0.6858714,1,1,false,false,-13.84506,7.0165668,10.058398,-2.0814219,3
19.630686,0.46430355,49.33235737578167,8.584246733325106,0,1,6599.197,-0.6637954,1,1,false,false,-14.359303,7.127076,10.300209,-2.0942776,3
19.730816,0.4643733,49.33235476817032,8.584244807136507,0,1,6617.8574,-0.63242567,1,1,false,false,-14.489448,7.1613083,10.224462,-2.10688,3
19.831682,0.46444336,49.33235216083337,8.584242743243056,0,1,6633.699,-0.5865308,1,1,false,false,-14.265077,7.175749,10.067449,-2.1192539,3
19.931776,0.4645137,49.33234946321923,8.58424068018927,0,1,6653.261,-0.53046834,1,1,false,false,-13.70868,7.0040894,9.580539,-2.1313992,3
20.030481,0.4645844,49.33234685588228,8.584238478590967,0,1,6682.2583,-0.4633659,1,1,false,false,-12.878627,6.9173527,9.344807,-2.1433268,3
20.127535,0.4646554,49.33234415826814,8.584236277832328,0,1,6719.2793,-0.3930672,1,1,false,false,-12.168617,6.8045225,9.213172,-2.1549428,3
20.225763,0.4647267,49.33234155065679,8.584234076234026,0,1,6759.8,-0.32828614,1,1,false,false,-12.594073,6.9304256,10.157593,-2.166196,3
20.32677,0.46479836,49.33233894331984,8.584231737770533,0,1,6790.9307,-0.2736717,1,1,false,false,-11.901529,7.216104,9.520887,-2.177036,3
20.433702,0.46487042,49.3323363357085,8.584229261602191,0,1,6806.115,-0.23503385,1,1,false,false,-12.131848,7.4459186,9.96015,-2.1872253,3
20.542429,0.46494314,49.33233363836875,8.5842269231387,0,1,6806.8228,-0.2117927,1,1,false,false,-12.043444,7.542309,9.916648,-2.1967154,3
20.650076,0.46501705,49.3323310307574,8.584224446130694,0,1,6807.5337,-0.21527904,1,1,false,false,-12.535048,7.407264,10.744531,-2.2056322,3
20.757107,0.4650912,49.33232842314605,8.5842218322575,0,1,6817.5234,-0.2440389,1,1,false,false,-12.634651,7.37086,10.305931,-2.2141674,3
20.86258,0.46516573,49.33232581553471,8.584219219223968,0,1,6836.945,-0.2905212,1,1,false,false,-12.798708,7.181149,10.240248,-2.222433,3
20.967112,0.4652406,49.33232320819776,8.584216605350774,0,1,6858.972,-0.3407774,1,1,false,false,-12.435086,7.246696,9.700194,-2.2304795,3
21.077341,0.46531585,49.33232060058641,8.584213853772727,0,1,6876.944,-0.39510074,1,1,false,false,-12.837761,7.423,9.577151,-2.238188,3
21.18451,0.46539146,49.33231799297506,8.584211102194681,0,1,6879.1396,-0.4430324,1,1,false,false,-12.904185,7.3055606,9.600236,-2.2455134,3
21.294075,0.46546745,49.33231538563811,8.584208212911783,0,1,6880.501,-0.4932865,1,1,false,false,-12.611994,7.150592,9.332785,-2.252578,3
21.400473,0.46554387,49.33231286775515,8.584205324468547,0,1,6893.3516,-0.53685874,1,1,false,false,-12.041653,7.345571,9.03464,-2.2595184,3
21.510569,0.46562117,49.332310260418204,8.584202435185649,0,1,6914.633,-0.57868767,1,1,false,false,-12.373413,7.0250545,9.528843,-2.2662723,3
21.61647,0.46569937,49.332307652806854,8.584199409037563,0,1,6927.242,-0.6181918,1,1,false,false,-12.0037155,7.063545,9.215023,-2.2727416,3
21.723505,0.46577796,49.3323051351983,8.584196382049813,0,1,6939.355,-0.6533386,1,1,false,false,-12.094303,6.8809743,9.352409,-2.2790272,3
21.825512,0.46585685,49.33230252758695,8.584193355901727,0,1,6959.119,-0.68151337,1,1,false,false,-12.041253,6.574338,9.455277,-2.2853677,3
21.925419,0.46593615,49.33230000997839,8.584190191209125,0,1,6994.0986,-0.705042,1,1,false,false,-11.758866,6.3675675,9.051431,-2.29198,3
22.020914,0.46601576,49.33229749236983,8.584187027356185,0,1,7037.7197,-0.7239216,1,1,false,false,-11.433748,6.104248,8.983436,-2.2989118,3
22.115637,0.4660957,49.33229488475848,8.584183725798395,0,1,7082.4434,-0.7387354,1,1,false,false,-11.019376,5.961543,8.530354,-2.3061483,3
22.208815,0.46617597,49.332292367149925,8.584180424240605,0,1,7124.7886,-0.7494817,1,1,false,false,-10.618362,5.971774,8.435461,-2.3136535,3
22.303637,0.46625668,49.33228984954137,8.584177121843151,0,1,7165.2993,-0.75674415,1,1,false,false,-10.356119,5.963375,8.189129,-2.3213983,3
22.396433,0.46633768,49.33228733193281,8.58417368258051,0,1,6922.9233,-0.7581959,1,1,false,false,-10.539539,5.7433457,8.438903,-2.3293407,3
22.470123,0.46641895,49.332284814324254,8.584170243317866,0,1,6581.697,-0.7532581,0,1,false,false,-10.695215,3.297773,8.161282,-2.3374722,3
22.470423,0.4665004,49.33228238671848,8.584166804055224,0,1,6453.853,-0.73873544,0,1,false,false,-11.5694895,-0.6851665,8.907622,-2.3453193,3
22.474478,0.46658176,49.332279869109925,8.584163364792582,0,1,6100.4146,-0.7184031,2,1,false,false,-12.739926,3.3145354,10.887618,-2.3528328,3
22.580647,0.46666333,49.33227744150416,8.584159788664751,0,1,5611.044,-0.6876141,2,1,false,false,-11.99634,7.8533216,10.833339,-2.3609495,3
22.715528,0.46674535,49.33227501362399,8.584156211697257,0,1,5464.38,-0.6483998,2,1,false,false,-10.914387,8.4279175,9.738282,-2.3704157,3
22.837305,0.46682793,49.332272496015435,8.584152497024911,0,1,5534.219,-0.6039588,2,1,false,false,-10.483648,6.6337366,8.831747,-2.3807318,3
22.931368,0.4669108,49.33227006840967,8.584148920057418,0,1,5597.1616,-0.5688119,2,1,false,false,-10.246753,5.7565026,8.890438,-2.3909452,3
23.026873,0.46699414,49.3322676405295,8.584145068519883,0,1,5587.0464,-0.54324925,2,1,false,false,-10.1823845,6.2501745,9.209034,-2.4006593,3
23.13056,0.4670778,49.33226521292374,8.584141353847537,0,1,5565.4014,-0.5266909,2,1,false,false,-10.4009495,6.628841,9.486265,-2.4100208,3
23.233057,0.4671618,49.33226287504636,8.584137502310003,0,1,5568.3647,-0.5101335,2,1,false,false,-10.934855,6.3759847,9.731169,-2.4190938,3
23.331648,0.4672462,49.332260447440596,8.584133649932806,0,1,5586.5,-0.4950289,2,1,false,false,-10.932482,6.197687,9.6332,-2.4278502,3
23.427626,0.46733093,49.33225801983483,8.584129660690419,0,1,5602.708,-0.4799244,2,1,false,false,-10.811283,6.119796,9.302125,-2.436181,3
23.524023,0.46741605,49.332255681957456,8.584125808313221,0,1,5612.779,-0.46714205,2,1,false,false,-10.665068,6.094986,9.304886,-2.4440491,3
23.620026,0.46750152,49.332253254351684,8.584121819070836,0,1,5625.2817,-0.45494288,2,1,false,false,-10.59242,6.102942,9.312575,-2.4515207,3
23.714712,0.46758732,49.332250916474315,8.584117692123597,0,1,5648.127,-0.44332233,2,1,false,false,-11.306037,5.9475946,10.593837,-2.458756,3
23.807308,0.46767345,49.33224857859694,8.584113564336695,0,1,5674.2563,-0.43199268,2,1,false,false,-11.452476,5.9030247,9.913688,-2.4659693,3
23.899149,0.46775997,49.33224624099396,8.584109437389458,0,1,5699.1245,-0.4180499,2,1,false,false,-10.631737,5.834341,9.45657,-2.4731815,3
23.99146,0.46784675,49.332243903116584,8.58410531044222,0,1,5724.44,-0.40003973,2,1,false,false,-9.098673,5.851684,8.251452,-2.4802542,3
24.08538,0.4679339,49.332241655242,8.58410104579013,0,1,5753.0913,-0.38231844,2,1,false,false,-8.790132,5.813356,8.327438,-2.4869933,3
24.17775,0.46802142,49.33223931736463,8.58409678113804,0,1,5784.1987,-0.36692297,2,1,false,false,-9.368054,5.819059,9.41527,-2.4934797,3
24.270702,0.46810922,49.33223697976165,8.584092516485951,0,1,5815.0903,-0.35501245,2,1,false,false,-10.626393,5.898801,11.147705,-2.4999464,3
24.37064,0.46819744,49.33223473188707,8.584088114129008,0,1,5834.7695,-0.34019664,2,1,false,false,-10.772843,6.5229983,10.171004,-2.5065756,3
24.474195,0.46828607,49.332232484012486,8.584083711772067,0,1,5820.8394,-0.31957093,2,1,false,false,-9.425213,6.4466267,8.842036,-2.512947,3
24.577927,0.46837503,49.3322302361379,8.584079309415126,0,1,5801.124,-0.296041,2,1,false,false,-8.760814,6.2692647,8.978562,-2.5187569,3
24.67193,0.46846434,49.33222798826332,8.584074770192995,0,1,5818.32,-0.27541435,2,1,false,false,-9.075248,5.629575,10.342074,-2.5242257,3
24.761036,0.46855402,49.332225740388736,8.584070367836054,0,1,5883.318,-0.26059854,2,1,false,false,-9.44076,5.6237073,10.551472,-2.5297883,3
24.85487,0.468644,49.33222349251415,8.58406582777426,0,1,5940.2896,-0.24229634,2,1,false,false,-8.027642,6.0385075,8.8390465,-2.5353544,3
24.960003,0.46873438,49.33222124463957,8.584061150007615,0,1,5935.997,-0.21963602,2,1,false,false,-8.576081,6.671002,9.87591,-2.5403123,3
25.064024,0.46882513,49.332219086493375,8.584056610785485,0,1,5886.792,-0.20394938,2,1,false,false,-8.7371855,6.252919,11.13305,-2.544561,3
25.163126,0.46891633,49.33221683861879,8.58405193301884,0,1,5885.039,-0.19523312,2,1,false,false,-8.293362,5.954646,10.709452,-2.5486667,3
25.26122,0.46900794,49.332214680747,8.584047118387007,0,1,5947.9053,-0.1841945,2,1,false,false,-7.1625137,5.9944954,9.362394,-2.5528173,3
25.35929,0.4690999,49.33221243287242,8.58404244062036,0,1,5991.022,-0.16966859,2,1,false,false,-6.752729,6.0612683,8.7180805,-2.5565019,3
25.459764,0.46919224,49.33221027500063,8.584037625988527,0,1,5973.778,-0.16240494,2,1,false,false,-6.7192297,5.929458,8.944261,-2.559355,3
25.55233,0.46928486,49.33220811685443,8.58403281051703,0,1,5962.4043,-0.16618223,2,1,false,false,-5.9340863,5.544793,10.185465,-2.5617292,3
25.64778,0.4693779,49.33220595898264,8.584027995885195,0,1,6023.4727,-0.17141113,2,1,false,false,-6.046241,5.793313,10.293243,-2.5641582,3
25.745348,0.4694713,49.33220371110806,8.584023181253363,0,1,6083.7544,-0.16966857,2,1,false,false,-6.3401413,5.916666,10.408997,-2.5666068,3
25.843693,0.46956515,49.33220155323626,8.584018228077014,0,1,6074.723,-0.16414757,2,1,false,false,-5.431385,5.8897567,8.978807,-2.5687928,3
25.939974,0.46965945,49.33219939509007,8.584013275740327,0,1,6053.9443,-0.15979058,2,1,false,false,-4.128402,5.4605465,8.80834,-2.5707037,3
26.028976,0.46975416,49.33219723721828,8.584008323403642,0,1,6103.0483,-0.15979055,2,1,false,false,-4.0159516,5.330174,9.674588,-2.5725696,3
26.12008,0.46984917,49.332195079346484,8.584003371066956,0,1,6194.826,-0.15979055,2,1,false,false,-4.7551394,5.550827,10.38157,-2.5745542,3
26.21632,0.46994457,49.332192921200296,8.583998417890607,0,1,6227.891,-0.15659416,2,1,false,false,-4.529951,5.932646,9.825096,-2.576565,3
26.320509,0.47004035,49.3321907633285,8.58399332784907,0,1,6190.144,-0.15252808,2,1,false,false,-3.6910484,6.2884364,8.479768,-2.5783799,3
26.422703,0.4701365,49.33218860545671,8.583988237807533,0,1,6158.4014,-0.15165621,2,1,false,false,-3.1595263,5.9004035,9.161743,-2.5799673,3
26.517555,0.47023302,49.33218644731052,8.583983147765995,0,1,6196.0757,-0.15136522,2,1,false,false,-3.4082744,5.5365376,10.786022,-2.5814936,3
26.610508,0.47033033,49.33218428943872,8.583978057724458,0,1,6268.4287,-0.15049452,2,1,false,false,-3.5489964,5.4934726,10.054028,-2.5831041,3
26.705492,0.47042793,49.33218213156693,8.583972967682922,0,1,6296.937,-0.14904068,2,1,false,false,-3.34599,5.8883104,9.428667,-2.5846708,3
26.804623,0.47052592,49.33217997342074,8.583967739936531,0,1,6274.8887,-0.1481688,2,1,false,false,-2.8589377,5.892204,8.517474,-2.5860636,3
26.898539,0.47062427,49.332177815548945,8.583962512190142,0,1,6268.1826,-0.14845985,2,1,false,false,-2.5913477,5.3195033,9.707325,-2.5873423,3
26.990313,0.47072294,49.332175657677155,8.583957284443754,0,1,6326.929,-0.14642628,2,1,false,false,-2.9312491,5.49463,10.738551,-2.5887196,3
27.083689,0.47082198,49.33217349953096,8.583952056697363,0,1,6390.0366,-0.14032549,2,1,false,false,-2.900826,5.7100196,9.696082,-2.5902348,3
27.180609,0.47092152,49.33217134165917,8.583946828950975,0,1,6388.9224,-0.13190027,2,1,false,false,-2.645407,5.661692,8.269037,-2.591676,3
27.275433,0.4710216,49.33216918378738,8.583941464339397,0,1,6363.3555,-0.12463781,2,1,false,false,-1.9999657,5.3800454,9.190867,-2.5929873,3
27.362165,0.471122,49.33216702591559,8.583936236593008,0,1,6397.3125,-0.11563055,2,1,false,false,-1.9476604,5.187589,11.006532,-2.5942624,3
27.454657,0.47122273,49.33216486776939,8.583930871141767,0,1,6480.165,-0.10226626,2,1,false,false,-2.0885665,5.6573343,10.080983,-2.5956028,3
27.552412,0.47132385,49.3321627098976,8.583925505690525,0,1,6502.495,-0.08483597,2,1,false,false,-2.1037579,5.769893,8.938612,-2.5968716,3
27.64991,0.47142535,49.332160552025805,8.583920140239284,0,1,6456.385,-0.06653153,2,1,false,false,-1.5127518,5.6788244,9.28112,-2.5979412,3
27.740725,0.47152716,49.33215830415122,8.583914775627706,0,1,6448.563,-0.04706655,2,1,false,false,-0.8194523,5.3363614,10.651179,-2.5988216,3
27.835829,0.4716293,49.33215614600503,8.583909272471614,0,1,6517.6426,-0.029924994,2,1,false,false,-0.7100086,5.623261,9.551637,-2.5995302,3
27.932453,0.47173175,49.33215398813324,8.583903907020373,0,1,6559.8247,-0.0165607,2,1,false,false,-1.1573596,5.7534423,9.434067,-2.6000059,3
28.030079,0.47183457,49.33215174025866,8.583898404703943,0,1,6526.381,-0.0029065479,2,1,false,false,-0.85462904,5.692377,8.74476,-2.6002903,3
28.121367,0.47193775,49.33214958238686,8.58389290154785,0,1,6502.2607,0.006390588,2,1,false,false,-0.10943349,5.3715944,10.207005,-2.6004064,3
28.214766,0.47204128,49.33214733451228,8.583887398391758,0,1,6555.549,0.013364285,2,1,false,false,-0.049896598,5.4863486,9.342915,-2.6003716,3
28.307688,0.47214514,49.33214517636609,8.583881896075328,0,1,6611.2534,0.017432554,2,1,false,false,-0.62709796,5.4191465,9.706115,-2.600216,3
28.397457,0.4722494,49.33214292849151,8.583876392919235,0,1,6606.3423,0.017432554,2,1,false,false,-0.4591617,5.3198233,8.597959,-2.6000402,3
28.486868,0.47235388,49.332140680616924,8.583870752897953,0,1,6598.941,0.013364283,2,1,false,false,0.258955,5.0453467,8.945423,-2.599832,3
28.572828,0.47245875,49.332138522745126,8.58386524974186,0,1,6645.3887,0.009006146,2,1,false,false,0.41549933,5.2537575,9.593339,-2.5995114,3
28.663965,0.47256398,49.33213627487054,8.58385960972058,0,1,6705.134,0.0043570143,2,1,false,false,0.07570483,5.247931,10.004792,-2.5991154,3
28.752495,0.4726695,49.33213402699596,8.583853968859634,0,1,6709.1753,-0.0002898689,2,1,false,false,-0.13297738,5.280622,8.943773,-2.598753,3
28.844046,0.4727754,49.332131779121376,8.583848328838354,0,1,6697.454,-0.005520983,2,1,false,false,0.37611854,5.156042,8.80155,-2.5984402,3
28.931293,0.4728816,49.33212953124679,8.583842687977409,0,1,6723.414,-0.009587005,2,1,false,false,0.47739458,5.2414875,10.197634,-2.5980992,3
29.019434,0.47298813,49.33212728337221,8.583837047956127,0,1,6773.3613,-0.01133071,2,1,false,false,0.09271029,5.143238,10.669101,-2.5977664,3
29.10926,0.47309497,49.33212494549483,8.583831270229995,0,1,6794.132,-0.01133071,2,1,false,false,-0.064204514,5.3800917,10.062387,-2.597522,3
29.202057,0.47320217,49.33212269762025,8.583825629369048,0,1,6782.3643,-0.011912693,2,1,false,false,0.18999559,5.415339,10.8112755,-2.5973873,3
29.292946,0.47330976,49.332120449745666,8.583819851642916,0,1,6777.0967,-0.008716278,2,1,false,false,0.48850727,5.2627234,10.960134,-2.5973644,3
29.383886,0.47341758,49.332118112142695,8.583814211621634,0,1,6804.5347,-0.0037772772,2,1,false,false,0.51171285,5.3405213,8.93332,-2.5973864,3
29.474075,0.47352582,49.33211577426532,8.583808433055838,0,1,6832.0327,0.0031952942,2,1,false,false,0.108113945,5.245135,7.809969,-2.5974247,3
29.561872,0.47363436,49.332113526390735,8.583802655329706,0,1,6832.993,0.008425283,2,1,false,false,0.24534874,5.011228,8.590934,-2.5975115,3
29.64545,0.47374323,49.33211118851336,8.583796877603572,0,1,6841.1597,0.01307329,2,1,false,false,0.97487926,4.9564977,9.591546,-2.597544,3
29.73385,0.47385243,49.33210885091038,8.583791099037775,0,1,6879.109,0.014816996,2,1,false,false,1.3229648,5.2302747,9.045096,-2.597364,3
29.81791,0.47396195,49.33210651303301,8.58378518360679,0,1,6902.431,0.013364283,2,1,false,false,0.7564674,4.652737,9.884786,-2.596934,3
29.894772,0.47407174,49.332104175155635,8.583779405880657,0,1,6917.9995,0.009877998,2,1,false,false,0.83937204,4.38715,11.086762,-2.5963848,3
29.970139,0.4741818,49.332101837552656,8.583773490449673,0,1,6972.3486,0.005809729,2,1,false,false,0.74483514,4.4618473,11.225588,-2.5957317,3
30.04964,0.4742922,49.33209949967528,8.583767712723539,0,1,7040.4966,0.0017425814,2,1,false,false,0.6031307,4.8674507,10.046455,-2.5950215,3
30.134886,0.47440287,49.33209716179791,8.583761797292555,0,1,7057.584,-0.00348741,2,1,false,false,0.028155297,4.9716916,9.286502,-2.5943785,3
30.222313,0.47451386,49.33209473419214,8.583755881021906,0,1,7034.0947,-0.007554555,2,1,false,false,0.27947682,5.4859004,9.265582,-2.5939488,3
30.318167,0.4746252,49.33209239631476,8.58374996559092,0,1,7021.917,-0.010458858,2,1,false,false,0.9129321,5.6605654,10.16994,-2.593664,3
30.414341,0.4747369,49.332090058437394,8.583744050159936,0,1,7014.387,-0.0116217015,2,1,false,false,0.7198876,5.7164145,9.854566,-2.5934434,3
30.505672,0.47484893,49.33208763083162,8.58373813472895,0,1,6995.749,-0.010458859,2,1,false,false,0.75964445,5.23043,10.710834,-2.5933425,3
30.592299,0.4749613,49.33208520322586,8.583732081593114,0,1,6992.4663,-0.007844425,2,1,false,false,0.82106817,4.950615,10.877647,-2.5933638,3
30.67089,0.47507402,49.33208286534848,8.583726166162128,0,1,7024.874,-0.0046491306,2,1,false,false,0.8166262,4.5961866,11.244524,-2.5934196,3
30.746017,0.4751869,49.33208043774272,8.583720113026292,0,1,7079.9727,-0.0014527126,2,1,false,false,0.66907537,4.286837,10.217171,-2.5934544,3
30.820606,0.47530016,49.33207800986255,8.583714197595308,0,1,7121.8965,-0.0005808606,2,1,false,false,0.5306733,4.269731,9.622516,-2.5934641,3
30.893242,0.47541368,49.332075582256785,8.58370814445947,0,1,6871.731,4.3655746e-11,2,1,false,false,0.53389156,4.273451,9.789175,-2.5934675,3
30.928535,0.47552744,49.33207315465102,8.583702091323634,0,1,6651.79,0,0,1,false,false,0.68134034,-0.08515444,9.008338,-2.5934522,3
30.9194,0.47564116,49.33207072677085,8.583696038187796,0,1,6522.5303,-0.0005808604,3,1,false,false,0.4280362,-0.7104712,9.692413,-2.5934148,3
30.982635,0.475755,49.33206829916509,8.58368998505196,0,1,5908.198,-0.0029065493,3,1,false,false,0.32838956,6.2916985,11.0367155,-2.5933936,3
31.102585,0.4758692,49.33206578155653,8.583683931916124,0,1,5650.0684,-0.0052299905,3,1,false,false,0.45715696,7.0288053,10.129558,-2.5933905,3
31.201273,0.4759838,49.33206335367636,8.583677878780286,0,1,5690.9883,-0.007844424,3,1,false,false,0.38634807,4.790329,9.524224,-2.5933661,3
31.268135,0.47609872,49.3320609260706,8.58367182564445,0,1,5802.8433,-0.010458857,3,1,false,false,0.30113623,3.6759071,9.493987,-2.593329,3
31.33715,0.47621387,49.33205840846204,8.58366563480376,0,1,5837.913,-0.012784545,3,1,false,false,0.28135285,4.4145975,9.754805,-2.5933022,3
31.41947,0.47632927,49.33205598085627,8.583659581667924,0,1,5815.596,-0.014818119,3,1,false,false,0.26935136,5.0604734,9.911986,-2.593287,3
31.5043,0.47644505,49.33205346324771,8.583653391666898,0,1,5800.0645,-0.016560704,3,1,false,false,0.2828198,4.912394,9.783445,-2.5932848,3
31.58434,0.4765611,49.33205103536755,8.583647338531062,0,1,5814.2,-0.017722422,3,1,false,false,0.20807907,4.564018,9.716083,-2.5932949,3
31.65998,0.4766774,49.33204851775899,8.583641147690374,0,1,5842.156,-0.018303279,3,1,false,false,0.22407329,4.3996553,9.653585,-2.59333,3
31.73523,0.47679403,49.332046000150434,8.583634956849684,0,1,5865.914,-0.018303283,3,1,false,false,0.108288854,4.4590383,9.606847,-2.593386,3
31.81187,0.47691092,49.33204357254466,8.583628766008996,0,1,5881.536,-0.016850565,3,1,false,false,0.22283447,4.538756,9.514902,-2.593474,3
31.889553,0.4770281,49.332041054936106,8.583622575168308,0,1,5894.2725,-0.014818122,3,1,false,false,0.25214693,4.56623,9.573449,-2.5935686,3
31.967213,0.47714555,49.33203853732755,8.58361624746243,0,1,5908.6143,-0.012784547,3,1,false,false,0.22853026,4.5816164,9.698356,-2.5936623,3
32.045513,0.4772633,49.33203601971899,8.58361005662174,0,1,5925.229,-0.010458859,3,1,false,false,0.27842483,4.590546,9.866161,-2.5937564,3
32.12368,0.47738135,49.332033502110434,8.5836037280762,0,1,5938.7153,-0.008716277,3,1,false,false,0.24859232,4.608981,9.453797,-2.5938392,3
32.20232,0.47749963,49.33203098450188,8.583597538075175,0,1,5949.3066,-0.0069725728,3,1,false,false,0.20112252,4.6088505,9.46575,-2.5939145,3
32.280506,0.47761828,49.33202837689053,8.583591209529635,0,1,5960.9023,-0.005810851,3,1,false,false,0.20962122,4.5795865,9.510346,-2.5939927,3
32.358295,0.47773716,49.33202585928197,8.583584880984095,0,1,5974.4507,-0.005810851,3,1,false,false,0.22368541,4.5660663,9.373245,-2.5940638,3
32.435925,0.47785634,49.33202334167341,8.583578553278217,0,1,5986.905,-0.005810851,3,1,false,false,0.18876657,4.512192,9.541174,-2.5941243,3
32.512295,0.47797582,49.33202073406206,8.583572224732677,0,1,5996.6694,-0.006972572,3,1,false,false,0.19569737,4.4604225,9.913243,-2.5941741,3
32.587856,0.4780956,49.332018216453505,8.583565896187137,0,1,6011.6025,-0.007844424,3,1,false,false,0.2288408,4.4178243,10.086191,-2.594221,3
32.66307,0.4782156,49.332015608842156,8.58355956848126,0,1,6031.712,-0.008425284,3,1,false,false,0.18949693,4.408446,9.8417,-2.5942607,3
32.738033,0.47833592,49.3320130912336,8.583553102230868,0,1,6048.657,-0.008425284,3,1,false,false,0.17515501,4.3965793,9.91038,-2.5943007,3
32.81325,0.4784565,49.332010483896646,8.58354677452499,0,1,6062.8076,-0.008716276,3,1,false,false,0.18375772,4.4292154,9.999809,-2.594338,3
32.889984,0.47857732,49.332007876285296,8.583540308274598,0,1,6076.958,-0.009006145,3,1,false,false,0.17831889,4.5602946,10.020876,-2.5943842,3
32.968105,0.4786985,49.33200526867395,8.58353398056872,0,1,6085.0425,-0.009297137,3,1,false,false,0.1947943,4.59871,9.914946,-2.5944412,3
33.04642,0.4788199,49.332002751065396,8.583527514318328,0,1,6088.6865,-0.009297137,3,1,false,false,0.20982352,4.583987,10.040394,-2.594507,3
33.12397,0.47894162,49.332000143591245,8.583521048907599,0,1,6095.4766,-0.008135417,3,1,false,false,0.16960275,4.5241795,9.922822,-2.5945919,3
33.200485,0.47906363,49.331997535979895,8.583514582657207,0,1,6108.3267,-0.0072635645,3,1,false,false,0.2595009,4.444157,10.003025,-2.5946965,3
33.27551,0.47918594,49.33199492850574,8.583508117246478,0,1,6122.911,-0.0058108517,3,1,false,false,0.08575177,4.3904686,9.437242,-2.5948045,3
33.349808,0.4793085,49.331992231028806,8.583501513291234,0,1,6138.4795,-0.004358139,3,1,false,false,0.22402996,4.327639,9.492401,-2.594929,3
33.423557,0.47943133,49.331989623554655,8.583495047880504,0,1,6156.34,-0.0034874096,3,1,false,false,0.27297738,4.3377113,10.060488,-2.5950458,3
33.49738,0.4795544,49.331987015943305,8.583488581630112,0,1,6173.834,-0.0026155575,3,1,false,false,0.091404855,4.2979736,10.313511,-2.5951357,3
33.57117,0.4796778,49.331984408469154,8.583481978514532,0,1,6189.573,-0.0020335736,3,1,false,false,0.301851,4.337507,10.00198,-2.59521,3
33.644436,0.47980142,49.33198171099222,8.583475375398951,0,1,6205.3633,-0.0011617211,3,1,false,false,0.25865912,4.2698426,9.650848,-2.5952456,3
33.717583,0.47992533,49.331979103518066,8.583468771443707,0,1,6224.3926,-0.0008718523,3,1,false,false,0.09459612,4.322114,9.757252,-2.5952535,3
33.792343,0.48004952,49.33197640604113,8.583462306032978,0,1,6240.36,-0.0008718524,3,1,false,false,0.1315727,4.4333096,10.004058,-2.5952542,3
33.868656,0.48017398,49.33197379842978,8.583455702917398,0,1,6245.0503,-0.002033573,3,1,false,false,0.17889905,4.506669,9.871114,-2.5952518,3
33.944637,0.4802987,49.33197110109004,8.5834489612573,0,1,6244.757,-0.0029065483,3,1,false,false,0.25743684,4.458774,9.907353,-2.5952504,3
34.019466,0.48042372,49.33196849347869,8.58344235814172,0,1,6253.868,-0.0031964176,3,1,false,false,0.26959345,4.3297763,9.956754,-2.5952566,3
34.092327,0.48054904,49.33196579600175,8.583435755026139,0,1,6272.264,-0.0023245655,3,1,false,false,0.11717042,4.2293506,9.830178,-2.5952742,3
34.164265,0.48067456,49.33196309866201,8.583429014205707,0,1,6291.2954,-0.00028986804,3,1,false,false,0.3824672,4.237439,9.975025,-2.5953207,3
34.236248,0.48080036,49.331960401185064,8.583422410250463,0,1,6305.649,0.0011617208,3,1,false,false,0.2502953,4.237489,10.272133,-2.5953624,3
34.30865,0.48092648,49.33195770370813,8.58341566943003,0,1,6318.5557,0.0020335729,3,1,false,false,0.35536408,4.223969,10.135533,-2.5953982,3
34.380714,0.48105282,49.33195500623118,8.583408928609598,0,1,6334.588,0.0031952937,3,1,false,false,0.43898815,4.3448915,9.956109,-2.5954108,3
34.453262,0.48117942,49.331952308754246,8.583402325494017,0,1,6348.3364,0.0037761542,3,1,false,false,0.3581041,4.2427807,9.852628,-2.5953815,3
34.526096,0.48130628,49.33194961141451,8.583395583833921,0,1,6358.003,0.004067146,3,1,false,false,0.38195646,4.3155494,9.689094,-2.5953255,3
34.599506,0.48143342,49.331946913937564,8.583388843013488,0,1,6366.4927,0.004067146,3,1,false,false,0.1821709,4.3107767,9.49949,-2.595252,3
34.67242,0.48156086,49.33194421646063,8.583381964488204,0,1,6375.0146,0.003486286,3,1,false,false,0.38042533,4.268653,9.82262,-2.5951924,3
34.743946,0.48168853,49.33194142911809,8.58337522366777,0,1,6385.985,0.0023245653,3,1,false,false,0.32951984,4.1669965,9.913291,-2.5951312,3
34.814686,0.48181647,49.33193873164115,8.583368482847339,0,1,6402.757,0.001452713,3,1,false,false,0.31753883,4.153878,9.877526,-2.5950792,3
34.884537,0.48194465,49.33193594429862,8.583361604322054,0,1,6420.601,0.0011617211,3,1,false,false,0.37315217,4.0682516,9.849336,-2.595037,3
34.953545,0.48207313,49.33193324682168,8.583354863501622,0,1,6437.137,0.0011617208,3,1,false,false,0.30835852,4.053753,10.02181,-2.594997,3
35.023724,0.48220184,49.331930459479146,8.583347984976337,0,1,6455.8584,0.0011617208,3,1,false,false,0.41143423,4.1704903,9.966175,-2.5949638,3
35.094856,0.48233077,49.33192776200221,8.583341106451053,0,1,6467.6255,0.0020335729,3,1,false,false,0.37666807,4.176382,9.882301,-2.5949306,3
35.166313,0.48246002,49.33192497465968,8.58333436563062,0,1,6472.847,0.003776154,3,1,false,false,0.42835867,4.211712,10.360661,-2.594899,3
35.237835,0.48258948,49.33192218731715,8.583327487105336,0,1,6481.6636,0.0055198586,3,1,false,false,0.4133264,4.2122426,10.081261,-2.5948699,3
35.308956,0.4827192,49.33191939997461,8.58332060858005,0,1,6492.7715,0.007263563,3,1,false,false,0.3812486,4.152431,10.20767,-2.5948389,3
35.379337,0.4828492,49.33191670249767,8.583313592349915,0,1,6502.342,0.009588129,3,1,false,false,0.56088376,4.148192,10.022892,-2.5948029,3
35.449135,0.48297942,49.33191391515514,8.58330671382463,0,1,6512.7935,0.013073291,3,1,false,false,0.5584147,4.1091704,9.353273,-2.5947447,3
35.51885,0.48310995,49.33191112781261,8.583299835299346,0,1,6525.494,0.0165607,3,1,false,false,0.5879938,4.071857,10.259948,-2.5946486,3
35.587677,0.48324072,49.33190834033287,8.58329281906921,0,1,6537.676,0.022080556,3,1,false,false,0.71174884,4.0609865,10.499417,-2.5945096,3
35.656082,0.48337168,49.331905463124755,8.583285940543925,0,1,6550.643,0.027310554,3,1,false,false,0.76975536,3.9643545,10.252337,-2.5943236,3
35.72392,0.48350298,49.331902675782224,8.58327892431379,0,1,6566.3594,0.032249548,3,1,false,false,0.8168347,3.9860697,10.133258,-2.5940745,3
35.79033,0.48363447,49.331899888439686,8.583271908083653,0,1,6583.6685,0.0377694,3,1,false,false,0.8455005,3.9054356,9.8999815,-2.5937552,3
35.858315,0.48376626,49.33189701109437,8.583265029558369,0,1,6601.8794,0.042709522,3,1,false,false,1.1061614,4.013458,10.207292,-2.593365,3
35.927673,0.4838983,49.33189422375183,8.583258013328232,0,1,6611.262,0.049101233,3,1,false,false,1.2908494,4.1369157,10.292854,-2.5928817,3
35.997303,0.48403057,49.331891346406515,8.58325099793776,0,1,6611.18,0.055783942,3,1,false,false,1.1539698,4.0945206,10.002988,-2.5923147,3
36.066257,0.4841631,49.33188855906398,8.583243981707623,0,1,6616.224,0.061593678,3,1,false,false,1.3561281,3.9959638,10.020751,-2.5916815,3
36.133514,0.48429596,49.33188568185586,8.583236965477488,0,1,6633.2754,0.06566195,3,1,false,false,1.6266422,3.9785624,10.117094,-2.590971,3
36.19956,0.48442897,49.331882804510535,8.583229811542498,0,1,6649.677,0.06856624,3,1,false,false,1.7869625,3.8426664,10.047049,-2.5901754,3
36.26574,0.48456228,49.331880017168004,8.583222795312363,0,1,6661.4023,0.07001893,3,1,false,false,1.7364323,3.901338,9.939816,-2.5892782,3
36.33214,0.48469582,49.33187713982268,8.58321577992189,0,1,6674.055,0.07059983,3,1,false,false,1.7427843,3.9663243,9.888949,-2.5883183,3
36.397808,0.4848296,49.33187417274896,8.583208625986902,0,1,6687.0215,0.07030996,3,1,false,false,1.9462991,3.7951756,9.695231,-2.5873332,3
36.46316,0.48496363,49.331871295403644,8.583201609756765,0,1,6702.132,0.0694381,3,1,false,false,1.9092456,3.872145,9.87321,-2.586299,3
36.528763,0.4850979,49.33186841819552,8.583194455821777,0,1,6717.1826,0.06856625,3,1,false,false,2.0282211,3.9032757,9.844984,-2.5852466,3
36.59413,0.48523235,49.331865540850195,8.583187440431304,0,1,6727.014,0.06682366,3,1,false,false,2.1103792,3.8310401,10.312667,-2.5841887,3
36.659687,0.48536712,49.33186257363928,8.583180286496317,0,1,6738.246,0.065081075,3,1,false,false,2.1720333,3.9112103,10.074439,-2.5831015,3
36.725407,0.48550212,49.33185969643116,8.583173132561328,0,1,6751.488,0.0630464,3,1,false,false,2.2059765,3.9059005,9.556145,-2.582004,3
36.790813,0.48563734,49.33185672922024,8.583165979466004,0,1,6760.4644,0.061302684,3,1,false,false,2.1569924,3.866974,9.374913,-2.5809212,3
36.85609,0.48577285,49.33185376200933,8.583158825531015,0,1,6769.5327,0.060140967,3,1,false,false,2.0860171,3.9128907,9.669665,-2.5798612,3
36.92179,0.48590857,49.33185079479841,8.583151671596028,0,1,6779.831,0.059270225,3,1,false,false,2.2820227,3.8758307,10.23226,-2.5788474,3
36.986504,0.4860445,49.33184791745309,8.583144517661038,0,1,6787.82,0.05723665,3,1,false,false,2.3288527,3.8120618,9.783001,-2.5778604,3
37.049767,0.4861807,49.331844860376584,8.583137364565715,0,1,6800.1895,0.055491835,3,1,false,false,2.2169025,3.747543,10.010471,-2.5768824,3
37.111954,0.48631716,49.331841893165674,8.583130210630726,0,1,6820.007,0.053458266,3,1,false,false,2.306595,3.654605,9.732727,-2.575915,3
37.174294,0.48645377,49.331838925954756,8.583123056695738,0,1,6839.919,0.051715672,3,1,false,false,2.2338266,3.74662,9.918102,-2.5749407,3
37.23818,0.48659068,49.331835958881044,8.583115903600413,0,1,6850.3076,0.05026297,3,1,false,false,2.0861216,3.825509,9.853052,-2.573996,3
37.302494,0.4867278,49.33183290166733,8.583108611960574,0,1,6853.2563,0.048229396,3,1,false,false,2.0878592,3.8106382,9.101173,-2.5731075,3
37.36714,0.4868652,49.33182993445642,8.583101458865249,0,1,6861.272,0.04706654,3,1,false,false,2.1769166,3.8131757,10.042843,-2.5722744,3
37.430428,0.48700273,49.33182687737992,8.583094304930261,0,1,6872.5703,0.046485692,3,1,false,false,2.2826421,3.7328892,10.464196,-2.5714781,3
37.492886,0.4871406,49.33182382030341,8.58308701329042,0,1,6883.8657,0.045613833,3,1,false,false,2.281638,3.6674557,10.247383,-2.5706928,3
37.55495,0.4872786,49.3318207632269,8.583079860195097,0,1,6896.4814,0.04358027,3,1,false,false,2.2921693,3.6548977,10.265713,-2.5699086,3
37.616467,0.48741692,49.3318177060132,8.583072568555256,0,1,6911.7476,0.040675964,3,1,false,false,2.0953,3.701207,9.918974,-2.569107,3
37.679005,0.48755544,49.33181464893669,8.58306527775508,0,1,6924.4688,0.036316697,3,1,false,false,2.2831194,3.7157469,10.339739,-2.568316,3
37.74298,0.48769417,49.33181159186019,8.583058123820091,0,1,6928.901,0.031086702,3,1,false,false,1.9896581,3.817145,10.380752,-2.5675387,3
37.806984,0.48783317,49.33180853478368,8.583050832180252,0,1,6928.527,0.024985988,3,1,false,false,1.9230219,3.8314257,10.575729,-2.566833,3
37.8698,0.48797238,49.331805387704385,8.583043541380075,0,1,6933.0674,0.018303284,3,1,false,false,1.8305831,3.652181,9.9293585,-2.5662167,3
37.932106,0.48811182,49.33180233062788,8.583036249740235,0,1,6946.3555,0.010749847,3,1,false,false,1.6441174,3.7589781,10.486587,-2.56569,3
37.99263,0.48825148,49.33179918354858,8.583028958940059,0,1,6957.498,0.0046480065,3,1,false,false,1.6442503,3.5953906,10.24196,-2.5652719,3
38.053005,0.48839137,49.33179612647207,8.583021667300219,0,1,6967.306,-0.00058086065,3,1,false,false,1.3441473,3.5905437,10.322049,-2.5649433,3
38.113075,0.4885315,49.33179297939278,8.583014376500042,0,1,6980.842,-0.0037772781,3,1,false,false,1.2627041,3.5535116,9.866608,-2.564711,3
38.17177,0.4886718,49.33178983245068,8.583007084860203,0,1,6996.613,-0.0043581384,3,1,false,false,1.0527217,3.5091357,9.547236,-2.5645704,3
38.23031,0.48881236,49.331786685371384,8.582999656355174,0,1,7013.046,-0.00406827,3,1,false,false,0.99825823,3.4868155,9.782197,-2.5645106,3
38.289383,0.48895314,49.331783538429285,8.582992364715334,0,1,7027.958,-0.0023245658,3,1,false,false,0.95989835,3.5405858,10.035412,-2.5645006,3
38.348984,0.48909414,49.33178039134999,8.582984936210305,0,1,7038.7266,0,3,1,false,false,1.0404239,3.5411825,9.921283,-2.5645165,3
38.407528,0.4892353,49.33177724440789,8.58297764541013,0,1,7048.324,0.0017425811,3,1,false,false,0.8500724,3.4665034,9.292764,-2.5645149,3
38.46663,0.48937672,49.33177409732859,8.582970216065437,0,1,7064.593,0.0034862855,3,1,false,false,0.75625086,3.5460076,10.097273,-2.5644987,3
38.52596,0.48951837,49.3317709502493,8.582962925265262,0,1,7077.2974,0.004067146,3,1,false,false,0.7819607,3.57451,10.600268,-2.5644755,3
38.585796,0.48966023,49.3317678033072,8.582955495920569,0,1,7081.3716,0.0037761545,3,1,false,false,0.72759306,3.6004038,10.718826,-2.5644424,3
38.645977,0.4898023,49.33176456636231,8.582948067415542,0,1,7085.762,0.0020335736,3,1,false,false,0.75262827,3.553896,9.912122,-2.5644023,3
38.705513,0.48994458,49.33176141928301,8.582940638910513,0,1,7095.7324,0.00058086065,3,1,false,false,0.5915289,3.5641165,10.206113,-2.5643544,3
38.764805,0.4900871,49.33175818233813,8.582933347270673,0,1,7105.5,-4.3655746e-11,3,1,false,false,0.5544096,3.5690904,10.022208,-2.564319,3
38.824177,0.49022982,49.33175503539603,8.582925781060792,0,1,7109.768,-0.00028986845,3,1,false,false,0.5154618,3.5505698,10.098229,-2.5642936,3
38.882717,0.49037275,49.33175179845114,8.582918352555765,0,1,7113.5454,-0.00028986845,3,1,false,false,0.58873737,3.4611602,10.651496,-2.564283,3
38.939995,0.4905159,49.33174865137184,8.582910923211072,0,1,7126.1807,0.000290992,3,1,false,false,0.49332586,3.4074962,10.790471,-2.5642774,3
38.99625,0.49065927,49.331745414426955,8.582903494706045,0,1,7143.332,0.002033573,3,1,false,false,0.3699535,3.330331,9.248084,-2.5642707,3
39.051582,0.49080285,49.33174217748206,8.582896065361352,0,1,7158.1685,0.0043570143,3,1,false,false,0.41401756,3.3153725,9.094394,-2.5642815,3
39.107807,0.49094665,49.33173894053718,8.582888499151473,0,1,7172.3125,0.005809727,3,1,false,false,0.4921999,3.407677,10.148045,-2.5642974,3
39.16501,0.4910906,49.33173570359229,8.582881070646444,0,1,7181.357,0.006390588,3,1,false,false,0.55238795,3.4386766,10.494953,-2.5642984,3
39.221672,0.49123484,49.3317324666474,8.582873504436565,0,1,7185.761,0.0069736945,3,1,false,false,0.52594984,3.2930026,9.941038,-2.5642755,3
39.276234,0.49137923,49.33172922970251,8.582866075091871,0,1,7199.6787,0.007844424,3,1,false,false,0.45935303,3.2676134,9.407692,-2.5642345,3
39.33112,0.49152383,49.331725992757626,8.582858508881992,0,1,7224.173,0.007844424,3,1,false,false,0.2844399,3.3495522,9.551918,-2.564174,3
39.387455,0.49166864,49.331722755812734,8.582850942672112,0,1,7235.1494,0.0066827033,3,1,false,false,0.48872697,3.4119349,9.7746,-2.564123,3
39.445213,0.49181363,49.33171951886784,8.58284337646223,0,1,7230.754,0.0052288678,3,1,false,false,0.3689504,3.480317,10.066205,-2.5640547,3
39.50184,0.4919589,49.33171628192296,8.582835810252352,0,1,6967.8804,0.0052288673,3,1,false,false,0.3325404,3.073003,10.160622,-2.5639768,3
39.50668,0.49210423,49.331713044978066,8.582828243202808,0,1,6830.484,0.0052288673,0,1,false,false,0.6289171,-0.7649508,9.232066,-2.5639112,3
39.509647,0.49224955,49.33170980817038,8.582820676992927,0,1,6357.6143,0.0049389987,4,1,false,false,0.30127805,2.8530073,10.870373,-2.5638306,3
39.618378,0.49239513,49.3317064812227,8.582813110783047,0,1,5573.32,0.0043570152,4,1,false,false,0.6459018,7.289135,11.217016,-2.5637875,3
39.7014,0.49254102,49.33170324427781,8.582805544573167,0,1,5674.7354,0.004357015,4,1,false,false,0.59141386,2.717663,10.251583,-2.5637324,3
39.723248,0.49268714,49.33169991746733,8.582797978363287,0,1,5918.4775,0.0046480065,4,1,false,false,0.17774352,1.3961592,10.153788,-2.5636587,3
39.767673,0.49283338,49.33169668052244,8.582790411313743,0,1,5901.2485,0.0046480065,4,1,false,false,0.22074106,3.5690482,10.205399,-2.5636127,3
39.83713,0.4929798,49.33169335371196,8.58278270739901,0,1,5800.292,0.0046480065,4,1,false,false,0.5238965,4.2710185,9.736368,-2.5635872,3
39.899162,0.49312645,49.33169011676708,8.582775141189131,0,1,5807.15,0.0046480065,4,1,false,false,0.5258975,3.3125386,9.690809,-2.563538,3
39.94893,0.49327332,49.33168678981939,8.582767437274399,0,1,5861.6875,0.0055198586,4,1,false,false,0.3694924,2.9112806,9.298791,-2.563474,3
39.999477,0.49342042,49.331683463008915,8.58275987106452,0,1,5874.781,0.0058097276,4,1,false,false,0.50002795,3.165427,8.951774,-2.5634127,3
40.05357,0.49356765,49.33168022606402,8.582752167149787,0,1,5870.0254,0.0058097276,4,1,false,false,0.47298965,3.2586172,10.214422,-2.5633364,3
40.108128,0.4937151,49.331676899253544,8.582744463235056,0,1,5886.87,0.0058097276,4,1,false,false,0.4515393,3.2271914,10.925663,-2.563252,3
40.161503,0.4938628,49.33167357230587,8.582736759320323,0,1,5904.8945,0.0058097276,4,1,false,false,0.3468966,3.2018907,10.299446,-2.5631514,3
40.21405,0.49401063,49.33167024549539,8.582729055405592,0,1,5912.3994,0.0058097276,4,1,false,false,0.42063245,3.23697,9.175779,-2.5630462,3
40.271633,0.4941587,49.33166691868491,8.582721488356047,0,1,5922.132,0.005519859,4,1,false,false,0.58305633,3.5642974,10.312735,-2.5629318,3
40.330685,0.49430695,49.331663591737225,8.582713647576126,0,1,5912.085,0.005519859,4,1,false,false,0.530448,3.5861776,10.221711,-2.562808,3
40.38909,0.49445546,49.33166026492675,8.582705943661395,0,1,5897.408,0.0061007193,4,1,false,false,0.34073824,3.4422543,9.75242,-2.5626936,3
40.44332,0.49460414,49.33165693811627,8.582698239746662,0,1,5905.725,0.007263563,4,1,false,false,0.49329263,3.1364686,9.545408,-2.5626273,3
40.495216,0.49475306,49.33165361130579,8.582690534992267,0,1,5929.8223,0.008135417,4,1,false,false,0.48016304,3.1191926,10.396377,-2.5625846,3
40.546818,0.49490213,49.331650284358105,8.582682831077536,0,1,5941.4995,0.009006145,4,1,false,false,0.40356484,3.1359594,10.043284,-2.5625422,3
40.599216,0.49505144,49.33164686768204,8.582674990297615,0,1,5948.391,0.009588129,4,1,false,false,0.5529026,3.125668,9.949645,-2.5624964,3
40.65163,0.4952009,49.331643540734355,8.582667286382883,0,1,5964.307,0.009877997,4,1,false,false,0.54661536,3.1486788,9.251235,-2.5624378,3
40.704395,0.49535057,49.33164012405828,8.5826594447633,0,1,5979.0776,0.009588129,4,1,false,false,0.45465133,3.2212026,9.637764,-2.5623674,3
40.758568,0.49550042,49.331636797110605,8.582651603143715,0,1,5982.883,0.009006145,4,1,false,false,0.47815603,3.2836108,9.761141,-2.56229,3
40.81368,0.49565044,49.331633470300126,8.582643899228984,0,1,5984.567,0.008135417,4,1,false,false,0.5550558,3.3186886,9.626802,-2.562205,3
40.867897,0.4958007,49.331630053486855,8.582636057609399,0,1,5990.442,0.0072635645,4,1,false,false,0.44200835,3.204502,9.9249,-2.5621102,3
40.92091,0.4959512,49.33162663681078,8.582628215989816,0,1,6000.6016,0.006390589,4,1,false,false,0.34668037,3.2052836,10.376071,-2.562013,3
40.974392,0.49610183,49.331623309863105,8.582620374370231,0,1,6010.199,0.0061007193,4,1,false,false,0.41016835,3.2367733,10.361423,-2.5619183,3
41.02842,0.4962527,49.33161989318703,8.582612532750648,0,1,6013.5835,0.0061007193,4,1,false,false,0.5583133,3.2316217,9.909716,-2.5618248,3
41.082527,0.49640372,49.33161647637376,8.582604691131063,0,1,6016.882,0.006390588,4,1,false,false,0.47817916,3.2826753,10.114252,-2.5617225,3
41.136345,0.496555,49.33161305956049,8.58259684951148,0,1,6023.5737,0.007263563,4,1,false,false,0.49587575,3.2489126,10.400765,-2.5616229,3
41.189793,0.49670646,49.33160964274722,8.58258900873156,0,1,6027.9854,0.008425284,4,1,false,false,0.5249115,3.205059,10.295311,-2.561512,3
41.24263,0.49685806,49.331606226071145,8.582581167111975,0,1,6032.781,0.0090061445,4,1,false,false,0.5288268,3.1514766,10.41378,-2.561383,3
41.29463,0.49700996,49.33160280925787,8.58257318778754,0,1,6042.838,0.009006145,4,1,false,false,0.51255274,3.141016,11.705468,-2.5612464,3
41.34653,0.49716195,49.3315993924446,8.582565346167955,0,1,6053.8115,0.008135417,4,1,false,false,0.5876895,3.1507156,11.074549,-2.5611072,3
41.39864,0.4973142,49.331595975768536,8.58255736684352,0,1,6060.215,0.0072635645,4,1,false,false,0.54067266,3.1693954,9.679877,-2.5609658,3
41.451317,0.49746656,49.331592558955265,8.5825495260636,0,1,6065.631,0.007263564,4,1,false,false,0.6264803,3.200388,9.655839,-2.5608335,3
41.504917,0.4976192,49.33158914214199,8.582541546739165,0,1,6069.992,0.0069736955,4,1,false,false,0.6840465,3.2934394,10.187884,-2.5607178,3
41.55774,0.497772,49.33158572546592,8.58253370511958,0,1,6068.783,0.0069736955,4,1,false,false,0.57475466,3.1579509,9.838483,-2.5605974,3
41.60746,0.497925,49.331582218787055,8.582525725795145,0,1,6076.2573,0.008425284,4,1,false,false,0.38173044,2.951686,9.533027,-2.5604768,3
41.655827,0.4980782,49.331578801973784,8.582517746470709,0,1,6101.423,0.0098779965,4,1,false,false,0.53620934,2.88322,9.615676,-2.5603778,3
41.704895,0.49823153,49.331575295294925,8.582509767985936,0,1,6119.552,0.01133071,4,1,false,false,0.580983,2.949807,8.915966,-2.5602822,3
41.754105,0.49838507,49.331571878481654,8.582501788661501,0,1,6126.066,0.013945143,4,1,false,false,0.4751174,3.0246382,9.148456,-2.5601807,3
41.80505,0.4985388,49.33156837180279,8.582493809337064,0,1,6139.775,0.016269706,4,1,false,false,0.52046704,3.1572487,9.339101,-2.560075,3
41.857594,0.49869266,49.331564955126716,8.582485830852294,0,1,6147.961,0.018013412,4,1,false,false,0.7755431,3.1471114,9.079037,-2.5599532,3
41.90942,0.49884677,49.33156144844786,8.582477851527857,0,1,6145.486,0.019175135,4,1,false,false,0.7396115,3.0790071,8.9136505,-2.5597832,3
41.9609,0.4990011,49.331558031634586,8.582469872203422,0,1,6155.672,0.020046987,4,1,false,false,0.5681787,3.1559324,9.488085,-2.559574,3
42.012638,0.49915555,49.33155452495572,8.582461892878985,0,1,6167.2466,0.020046987,4,1,false,false,0.7282963,3.1166778,10.387674,-2.5593572,3
42.064316,0.49931023,49.33155101827686,8.582453776689363,0,1,6166.5947,0.01975599,4,1,false,false,0.8774345,3.1296012,10.362997,-2.5591233,3
42.116493,0.49946514,49.331547511597996,8.582445797364926,0,1,6170.282,0.018594274,4,1,false,false,0.74595934,3.1131039,9.776544,-2.558856,3
42.167873,0.49962014,49.33154400491913,8.582437818040491,0,1,6179.8633,0.017722422,4,1,false,false,0.70202386,3.1152022,10.0193615,-2.5585792,3
42.21991,0.4997754,49.33154049824027,8.582429701850867,0,1,6184.812,0.016269704,4,1,false,false,0.74504566,3.2116103,10.917482,-2.5582926,3
42.272915,0.49993086,49.33153699156141,8.58242158482158,0,1,6180.3857,0.015106863,4,1,false,false,0.92659885,3.1775956,10.455597,-2.5580056,3
42.324444,0.5000864,49.33153348488255,8.582413606336807,0,1,6179.3257,0.013945144,4,1,false,false,0.91264164,3.0750704,10.146467,-2.557709,3
42.374107,0.5002423,49.33152997820368,8.582405489307519,0,1,6191.859,0.013654152,4,1,false,false,0.76825774,2.9603925,10.019473,-2.5574143,3
42.422836,0.5003983,49.33152638152203,8.582397372278232,0,1,6206.2793,0.013364283,4,1,false,false,0.6989773,2.9854276,10.168327,-2.557136,3
42.47185,0.50055444,49.33152287484317,8.582389256088607,0,1,6213.3,0.013073292,4,1,false,false,0.683368,2.9929,9.955983,-2.5568705,3
42.52137,0.50071084,49.33151936816431,8.582381276764172,0,1,6219.978,0.012783423,4,1,false,false,0.8362795,2.987929,10.040757,-2.5566208,3
42.570755,0.50086737,49.33151577161985,8.582373160574548,0,1,6229.849,0.011911571,4,1,false,false,0.8419466,2.9530609,8.99356,-2.5563679,3
42.61918,0.5010241,49.33151226494099,8.582365043545261,0,1,6240.276,0.011621702,4,1,false,false,0.78190756,2.948842,9.25631,-2.55612,3
42.66741,0.501181,49.33150866825933,8.582356927355637,0,1,6252.4478,0.01074985,4,1,false,false,0.6715523,2.9696977,9.811794,-2.5558755,3
42.716652,0.50133806,49.33150516158047,8.582348672621496,0,1,6262.8677,0.009588129,4,1,false,false,0.76492953,2.995039,10.157306,-2.5556426,3
42.765602,0.5014953,49.33150156503602,8.582340556431873,0,1,6267.7534,0.007844425,4,1,false,false,0.7386774,2.9208136,9.275344,-2.5554132,3
42.815075,0.5016528,49.33149796835436,8.582332439402585,0,1,6277.3647,0.005809728,4,1,false,false,0.6970197,3.00648,9.508921,-2.5551963,3
42.865208,0.5018104,49.331494461675504,8.582324322373298,0,1,6285.563,0.0043570152,4,1,false,false,0.78138506,3.0975819,9.989721,-2.555006,3
42.916348,0.50196815,49.331490865131045,8.582316068478821,0,1,6284.322,0.0026144339,4,1,false,false,0.6359033,3.1273966,10.00813,-2.554825,3
42.966698,0.50212616,49.33148726858659,8.582307951449534,0,1,6282.435,0.0017425816,4,1,false,false,0.66853607,3.0232675,9.99303,-2.5546708,3
43.016006,0.50228435,49.33148367190494,8.582299697555058,0,1,6292.083,0.0005808605,4,1,false,false,0.631856,2.9499693,9.609921,-2.554542,3
43.064514,0.50244266,49.33148007536049,8.582291581365434,0,1,6302.491,0.000290992,4,1,false,false,0.6067589,2.9183304,9.679828,-2.5544508,3
43.112694,0.5026012,49.33147647867883,8.582283326631295,0,1,6307.9443,0.00029099197,4,1,false,false,0.558988,2.9437873,9.54002,-2.554393,3
43.161144,0.50275993,49.33147288213438,8.58227521044167,0,1,6316.745,0.0014527128,4,1,false,false,0.6022938,2.9524283,9.606596,-2.554363,3
43.20893,0.5029188,49.331469285589925,8.582266955707532,0,1,6325.7373,0.0031952937,4,1,false,false,0.557973,2.865323,9.436137,-2.554338,3
43.2568,0.50307786,49.33146568890827,8.582258701813055,0,1,6334.6504,0.004357015,4,1,false,false,0.5496737,2.8672984,9.38755,-2.5543036,3
43.3044,0.5032371,49.33146200236102,8.582250447078916,0,1,6344.884,0.0046480065,4,1,false,false,0.6886381,2.880247,9.545669,-2.5542555,3
43.352135,0.5033965,49.33145840581657,8.58224219318444,0,1,6355.04,0.0046480065,4,1,false,false,0.6050198,2.9370341,9.688928,-2.5541792,3
43.400677,0.50355613,49.33145480927212,8.582233939289964,0,1,6361.7485,0.0037761545,4,1,false,false,0.45276946,2.9808865,10.001262,-2.5540805,3
43.449696,0.5037159,49.33145112272487,8.582225684555825,0,1,6364.7173,0.0023245653,4,1,false,false,0.4282394,2.9459589,9.906546,-2.553987,3
43.49897,0.50387585,49.33144752604322,8.582217430661348,0,1,6368.6045,0.0011617207,4,1,false,false,0.5606396,2.965776,9.820277,-2.5539055,3
43.54788,0.50403595,49.331443839633174,8.58220917592721,0,1,6373.2847,0.0008718523,4,1,false,false,0.45825824,2.9500132,9.663765,-2.5538316,3
43.596504,0.50419635,49.331440242951516,8.582200922032733,0,1,6377.6484,0.0014527127,4,1,false,false,0.4418576,2.9466827,10.471906,-2.5537763,3
43.64476,0.50435674,49.331436556541476,8.582192530433405,0,1,6382.22,0.0026144334,4,1,false,false,0.43303528,2.9586155,11.06791,-2.553734,3
43.69272,0.50451744,49.33143286999423,8.582184275699266,0,1,6387.644,0.0037761542,4,1,false,false,0.6450474,2.8657992,10.50945,-2.5537,3
43.739933,0.5046783,49.33142927331257,8.58217602180479,0,1,6394.505,0.0046480065,4,1,false,false,0.45485443,2.8527277,9.5498705,-2.5536366,3
43.787384,0.5048393,49.331425586902526,8.582167630205463,0,1,6403.4976,0.005228867,4,1,false,false,0.41586116,2.908728,10.240148,-2.5535684,3
43.835434,0.50500053,49.33142190035528,8.582159375471322,0,1,6407.2686,0.005519859,4,1,false,false,0.4569153,2.9504182,10.0695715,-2.5535057,3
43.883076,0.5051619,49.331418213808035,8.582150983871996,0,1,6407.9854,0.0052288673,4,1,false,false,0.4288164,2.8908486,9.925921,-2.5534432,3
43.928764,0.5053234,49.33141452726079,8.582142592272668,0,1,6416.199,0.0043570152,4,1,false,false,0.40588132,2.7195754,9.474168,-2.553376,3
43.97387,0.5054852,49.331410840850744,8.582134337538529,0,1,6434.19,0.004067146,4,1,false,false,0.485758,2.7143388,9.4190445,-2.5533125,3
44.018898,0.505647,49.3314071543035,8.5821259459392,0,1,6445.749,0.004067146,4,1,false,false,0.44690943,2.7307687,8.952786,-2.5532618,3
44.064606,0.505809,49.33140346775626,8.582117554339872,0,1,6453.3193,0.004067146,4,1,false,false,0.30450633,2.806658,8.840006,-2.5532138,3
44.11055,0.50597125,49.331399781209015,8.582109162740545,0,1,6464.1494,0.0046480065,4,1,false,false,0.43883747,2.7897723,9.384143,-2.5531723,3
44.15695,0.5061337,49.33139609479897,8.582100770301553,0,1,6473.3867,0.0049389983,4,1,false,false,0.56310713,2.8279543,9.480758,-2.5531108,3
44.20371,0.5062962,49.33139240825172,8.582092378702226,0,1,6477.69,0.005519859,4,1,false,false,0.4757765,2.814019,9.209846,-2.5530303,3
44.250282,0.50645894,49.33138872170448,8.582083987102898,0,1,6483.556,0.005519859,4,1,false,false,0.4500324,2.7968452,9.400547,-2.5529492,3
44.297455,0.5066218,49.33138494529164,8.58207559550357,0,1,6492.955,0.0052288673,4,1,false,false,0.35144532,2.906308,9.591198,-2.552858,3
44.345154,0.50678486,49.33138125874439,8.582067203064579,0,1,6494.7256,0.0040671467,4,1,false,false,0.43450013,2.9047763,10.4178705,-2.5527656,3
44.393127,0.5069481,49.33137757219715,8.582058673760399,0,1,6492.3423,0.0031952942,4,1,false,false,0.5135882,2.9169562,9.8720045,-2.552672,3
44.440548,0.5071115,49.33137379578431,8.582050282161072,0,1,6495.679,0.0026144336,4,1,false,false,0.46217242,2.7995553,9.710458,-2.5525858,3
44.4864,0.5072751,49.331370109237064,8.582041890561744,0,1,6502.766,0.0026144336,4,1,false,false,0.39322633,2.7631962,9.89014,-2.552514,3
44.532436,0.5074389,49.33136633282423,8.582033361257565,0,1,6511.8286,0.002324565,4,1,false,false,0.46973825,2.7758436,10.137465,-2.5524578,3
44.57796,0.5076028,49.331362646414185,8.582024969658237,0,1,6516.023,0.0026144336,4,1,false,false,0.52430534,2.752468,9.933087,-2.5523965,3
44.62334,0.5077669,49.33135886986415,8.582016440354057,0,1,6523.0205,0.003195294,4,1,false,false,0.45050976,2.7516458,10.338748,-2.552326,3
44.66825,0.5079312,49.331355093451315,8.582007910210214,0,1,6533.3867,0.0034862857,4,1,false,false,0.49220198,2.702157,10.270592,-2.552259,3
44.71349,0.5080956,49.33135140704127,8.581999518610886,0,1,6541.25,0.0031952942,4,1,false,false,0.4645573,2.7643409,9.771634,-2.5521896,3
44.75908,0.5082602,49.33134763049123,8.581990989306707,0,1,6545.6895,0.002324565,4,1,false,false,0.44504705,2.7703066,9.8021345,-2.5521204,3
44.80531,0.50842494,49.33134385407839,8.581982460002527,0,1,6549.7734,0.0020335733,4,1,false,false,0.3808887,2.8086827,9.776972,-2.5520568,3
44.85126,0.5085899,49.33134007766556,8.581973930698346,0,1,6552.512,0.0017425814,4,1,false,false,0.45076638,2.765711,10.141185,-2.5520031,3
44.896008,0.50875497,49.33133630125272,8.581965401394168,0,1,6556.9297,0.0014527127,4,1,false,false,0.46655065,2.694291,9.718055,-2.5519438,3
44.940205,0.50892025,49.33133252483988,8.581956872089988,0,1,6568.1777,0.0011617211,4,1,false,false,0.46050632,2.6634774,9.478436,-2.5518868,3
44.983784,0.50908566,49.33132874842705,8.58194834278581,0,1,6578.524,0.0008718523,4,1,false,false,0.3398827,2.6465487,9.836192,-2.5518298,3
45.028114,0.5092513,49.33132497201421,8.581939813481629,0,1,6586.448,0.0005808603,4,1,false,false,0.2985696,2.6976657,9.4254875,-2.5517879,3
45.07259,0.509417,49.331321195601376,8.581931284177449,0,1,6592.04,0.0005808604,4,1,false,false,0.45386365,2.6998043,9.904075,-2.551764,3
45.11684,0.5095829,49.33131741918854,8.581922754033606,0,1,6598.7563,0.000290992,4,1,false,false,0.4705946,2.6740189,9.694187,-2.5517457,3
45.161327,0.50974894,49.3313136426385,8.581914087864238,0,1,6607.695,0.00029099197,4,1,false,false,0.47302055,2.7027526,9.81259,-2.551736,3
45.20567,0.50991523,49.331309866225666,8.581905557720395,0,1,6612.7017,0.00029099197,4,1,false,false,0.32662794,2.7112145,10.1580105,-2.551725,3
45.250767,0.5100816,49.33130608981283,8.581896891551027,0,1,6616.8306,0.0005808604,4,1,false,false,0.44074693,2.7186465,9.696544,-2.5517428,3
45.29512,0.5102482,49.3313022235344,8.581888361407184,0,1,6621.5073,0.0005808604,4,1,false,false,0.3303053,2.6548038,9.9045515,-2.5517578,3
45.339508,0.5104149,49.33129844712156,8.581879695237816,0,1,6628.504,0.0014527126,4,1,false,false,0.2889165,2.7024057,9.958985,-2.551769,3
45.38378,0.51058185,49.33129467057152,8.581871165093974,0,1,6632.9395,0.0017425814,4,1,false,false,0.32265288,2.6683013,10.024936,-2.5517738,3
45.42766,0.51074886,49.3312908042931,8.581862498924606,0,1,6638.0005,0.0017425813,4,1,false,false,0.3513641,2.6804519,9.442373,-2.5517807,3
45.471283,0.5109161,49.33128702788026,8.581853831915573,0,1,6646.076,0.0014527127,4,1,false,false,0.29235703,2.6211913,9.832894,-2.5517817,3
45.51447,0.5110834,49.33128316146463,8.581845302611393,0,1,6652.9297,0.0005808606,4,1,false,false,0.26974875,2.6307971,10.176702,-2.5517821,3
45.55828,0.51125103,49.33127938505179,8.581836635602363,0,1,6659.326,-0.0005808605,4,1,false,false,0.37042373,2.6452584,10.0508995,-2.5517888,3
45.601143,0.5114187,49.33127551877337,8.58182796859333,0,1,6664.547,-0.0014527126,4,1,false,false,0.26687884,2.5793173,10.07605,-2.5517786,3
45.644512,0.51158655,49.33127165235774,8.5818193015843,0,1,6674.3203,-0.0014527128,4,1,false,false,0.18280563,2.6700459,9.414232,-2.5517735,3
45.688175,0.5117545,49.3312678759449,8.581810634575268,0,1,6679.529,-0.002033573,4,1,false,false,0.26545298,2.6693835,10.247287,-2.551775,3
45.732063,0.5119227,49.33126400966648,8.581801967566237,0,1,6679.3403,-0.0026155566,4,1,false,false,0.3257543,2.7017355,9.784633,-2.5517874,3
45.775703,0.51209104,49.33126014325085,8.581793300557205,0,1,6683.7695,-0.0029065488,4,1,false,false,0.3939081,2.6011682,9.706583,-2.5518038,3
45.817528,0.51225954,49.33125627697242,8.581784495843321,0,1,6692.9316,-0.002906549,4,1,false,false,0.13379431,2.5200531,9.463964,-2.5518217,3
45.859653,0.51242816,49.331252500559586,8.58177582883429,0,1,6704.1294,-0.0020335736,4,1,false,false,0.08448976,2.5253277,9.78543,-2.551862,3
45.901806,0.51259696,49.331248634143954,8.581767161825258,0,1,6711.145,-0.0008718525,4,1,false,false,0.17445984,2.5838072,9.779366,-2.551908,3
45.9445,0.5127659,49.33124476786553,8.581758357951038,0,1,6716.638,0,4,1,false,false,0.29463556,2.5821843,9.46435,-2.5519485,3
45.98696,0.51293504,49.3312409014499,8.581749690942008,0,1,6722.577,0.00029099197,4,1,false,false,0.20268813,2.5821023,10.106406,-2.5519786,3
46.02962,0.5131043,49.33123703517147,8.581741023932976,0,1,6729.6997,0.00029099197,4,1,false,false,0.33968505,2.6090467,9.657345,-2.552024,3
46.072407,0.5132737,49.331233168755844,8.581732219219093,0,1,6733.72,-2.1827873e-11,4,1,false,false,0.22365516,2.5763404,9.576275,-2.5520573,3
46.114925,0.51344335,49.33122930247742,8.581723414505209,0,1,6737.6855,-0.0011617208,4,1,false,false,0.23066667,2.5750802,9.693919,-2.5520933,3
46.157524,0.51361305,49.331225436061786,8.581714747496179,0,1,6744.1465,-0.002324565,4,1,false,false,0.19511175,2.5414054,9.737566,-2.5521274,3
46.199177,0.5137829,49.33122147978057,8.581705943621959,0,1,6750.1436,-0.0026155568,4,1,false,false,0.0711014,2.5277956,10.307198,-2.5521536,3
46.241386,0.513953,49.33121761350214,8.581697138908075,0,1,6757.4673,-0.002615557,4,1,false,false,0.124185175,2.5951881,9.605488,-2.552184,3
46.283512,0.5141232,49.331213747086515,8.581688334194192,0,1,6761.4517,-0.0023245653,4,1,false,false,0.1790685,2.5515697,9.375899,-2.5522265,3
46.325497,0.51429355,49.33120988080808,8.581679529480308,0,1,6765.4355,-0.002324565,4,1,false,false,0.27488816,2.592923,9.702979,-2.5522802,3
46.367702,0.5144641,49.331206014529656,8.581670725606088,0,1,6770.067,-0.001452713,4,1,false,false,0.1368871,2.476506,9.736676,-2.552323,3
46.408432,0.5146347,49.33120205824844,8.581661920892206,0,1,6776.42,-0.0008718525,4,1,false,false,0.17643058,2.4587119,9.888475,-2.5523782,3
46.448677,0.51480556,49.33119819183281,8.581653116178321,0,1,6789.0947,0,4,1,false,false,0.06265971,2.4314709,9.955876,-2.5524368,3
46.48946,0.51497656,49.33119423555159,8.581644311464439,0,1,6799.1245,0.00029099197,4,1,false,false,0.16132313,2.512926,9.863067,-2.5525053,3
46.531654,0.5151477,49.33119036927316,8.581635507590219,0,1,6801.146,0.00029099197,4,1,false,false,0.3711862,2.58844,9.08583,-2.5525646,3
46.57387,0.51531893,49.331186502857534,8.581626702876335,0,1,6800.529,-0.00028986848,4,1,false,false,0.24366638,2.5360782,9.46363,-2.5526168,3
46.61548,0.5154904,49.331182546713514,8.5816177604576,0,1,6805.5083,-0.002033573,4,1,false,false,0.14333582,2.5117207,9.947361,-2.552656,3
46.656097,0.51566195,49.331178590432295,8.581608955743716,0,1,6813.979,-0.0029065483,4,1,false,false,0.13872531,2.4148836,9.681355,-2.5526996,3
46.69544,0.51583374,49.33117472401667,8.581600151869498,0,1,6823.8022,-0.0031964176,4,1,false,false,0.025963068,2.4946406,10.012805,-2.552757,3
46.736134,0.5160056,49.33117076773545,8.581591209450762,0,1,6833.664,-0.0031964176,4,1,false,false,0.047944486,2.475775,9.9873085,-2.5528355,3
46.777554,0.51617765,49.33116690145702,8.581582267032028,0,1,6835.76,-0.0031964176,4,1,false,false,0.21164617,2.5206327,9.998288,-2.552929,3
46.81912,0.5163498,49.3311629451758,8.581573463157808,0,1,6836.3755,-0.002906549,4,1,false,false,0.16217878,2.518298,10.348024,-2.5530179,3
46.860462,0.51652217,49.33115898889458,8.581564520739072,0,1,6841.615,-0.0023245655,4,1,false,false,0.108324796,2.5185423,9.855392,-2.5531127,3
46.901054,0.51669466,49.33115503261336,8.58155557916,0,1,6845.451,-0.001452713,4,1,false,false,0.045158446,2.4561794,9.320335,-2.5531957,3
46.941612,0.5168673,49.331151166334934,8.581546774446117,0,1,6849.395,-0.0011617211,4,1,false,false,0.07084876,2.4680922,10.109602,-2.5532718,3
46.98203,0.5170401,49.331147210053715,8.581537832027381,0,1,6854.945,-0.0011617208,4,1,false,false,0.042870015,2.4267137,9.931985,-2.5533388,3
47.02107,0.51721305,49.331143253772495,8.581528890448311,0,1,6861.6567,-0.002615557,4,1,false,false,0.08346179,2.3175125,9.42137,-2.5533957,3
47.05927,0.51738614,49.331139297491276,8.581519948029575,0,1,6874.6655,-0.0037772777,4,1,false,false,0.078300506,2.324254,9.702526,-2.553462,3
47.098686,0.51755935,49.331135341347256,8.58151100561084,0,1,6886.571,-0.0052299905,4,1,false,false,0.05204107,2.4300518,8.760085,-2.5535479,3
47.138977,0.51773274,49.33113138506604,8.581502064031769,0,1,6887.3105,-0.006682703,4,1,false,false,0.011547402,2.4728367,9.75525,-2.5536392,3
47.179195,0.51790625,49.33112742878482,8.581493121613033,0,1,6887.802,-0.006972572,4,1,false,false,-0.10645129,2.4180448,9.925769,-2.5537398,3
47.21957,0.51807994,49.3311234725036,8.581484180033963,0,1,6896.34,-0.006972572,4,1,false,false,-0.08566666,2.4221914,10.338423,-2.5538614,3
47.2571,0.51825374,49.33111951622238,8.581475099910374,0,1,6903.495,-0.006972572,4,1,false,false,0.025738344,2.2800138,9.211686,-2.5539863,3
47.296585,0.51842767,49.33111555994116,8.581466158331303,0,1,6913.9644,-0.0066827033,4,1,false,false,-0.03501527,2.4095185,9.283309,-2.5540946,3
47.336575,0.51860183,49.33111160379714,8.581457215912568,0,1,6912.498,-0.006101843,4,1,false,false,-0.07249181,2.4323761,9.624693,-2.5541937,3
47.37677,0.51877606,49.33110764751592,8.58144813578898,0,1,6908.458,-0.006972572,4,1,false,false,0.03202012,2.4054468,9.937098,-2.5542953,3
47.414787,0.51895046,49.3311036912347,8.58143919420991,0,1,6916.777,-0.008425284,4,1,false,false,0.046103567,2.263433,9.594113,-2.554398,3
47.451515,0.519125,49.33109973495348,8.581430114506153,0,1,6932.774,-0.009297136,4,1,false,false,-0.15876836,2.229558,9.81135,-2.5545108,3
47.488937,0.5192997,49.33109568880667,8.581421034802398,0,1,6941.8374,-0.009297137,4,1,false,false,-0.18634713,2.3179843,9.886549,-2.554663,3
47.52751,0.5194745,49.33109173252545,8.581412092803495,0,1,6939.6313,-0.009297137,4,1,false,false,-0.11345217,2.3441129,9.770996,-2.5548296,3
47.566193,0.51964945,49.33108777624423,8.58140301309974,0,1,6939.3564,-0.009006145,4,1,false,false,-0.11866015,2.327018,9.895206,-2.5549982,3
47.603886,0.51982456,49.331083730097426,8.581393933395985,0,1,6945.3765,-0.008716277,4,1,false,false,-0.039682806,2.2557514,10.305438,-2.555151,3
47.640896,0.5199998,49.33107977381621,8.58138485369223,0,1,6951.595,-0.008716277,4,1,false,false,-0.027808517,2.2436373,10.199839,-2.5552902,3
47.67763,0.52017516,49.33107581753499,8.581375911693327,0,1,6956.594,-0.008716277,4,1,false,false,-0.16264683,2.2101932,9.954273,-2.555416,3
47.7143,0.5203507,49.331071771388174,8.581366831989572,0,1,6963.657,-0.008716277,4,1,false,false,-0.11487061,2.2549922,9.668786,-2.5555544,3
47.751537,0.5205263,49.331067815106955,8.581357752285815,0,1,6969.5713,-0.008716277,4,1,false,false,-0.10967678,2.2805889,10.178602,-2.555699,3
47.78928,0.5207021,49.331063858825736,8.58134867258206,0,1,6971.484,-0.008716277,4,1,false,false,-0.13785961,2.3102403,10.24014,-2.5558546,3
47.82679,0.5208781,49.33105981267892,8.581339455593286,0,1,6974.4414,-0.008425285,4,1,false,false,-0.045268804,2.254027,9.803526,-2.5560176,3
47.863327,0.52105415,49.331055856397704,8.58133037588953,0,1,6982.1943,-0.007844424,4,1,false,false,-0.022681028,2.212399,9.639512,-2.5561724,3
47.899826,0.52123034,49.33105181025089,8.581321296185774,0,1,6991.3574,-0.007844424,4,1,false,false,-0.1334329,2.2144477,9.66538,-2.5563178,3
47.936516,0.52140665,49.33104785396967,8.581312216482019,0,1,6995.56,-0.007844424,4,1,false,false,-0.06367025,2.2259014,9.884156,-2.5564578,3
47.972958,0.52158314,49.331043807822866,8.581302999493245,0,1,7000.109,-0.008716276,4,1,false,false,-0.054436415,2.218882,9.657871,-2.5565941,3
48.00925,0.52175975,49.33103976167605,8.581293919789488,0,1,7007.7744,-0.009587006,4,1,false,false,-0.14840522,2.213347,10.049677,-2.5567286,3
48.045723,0.5219365,49.33103580539483,8.58128470238088,0,1,7014.8115,-0.009587006,4,1,false,false,-0.2775842,2.2321827,9.291074,-2.5568774,3
48.082497,0.5221134,49.33103175924802,8.581275622677126,0,1,7018.8247,-0.009006145,4,1,false,false,-0.19858891,2.2352533,9.492135,-2.5570555,3
48.11921,0.5222904,49.3310278029668,8.581266405688352,0,1,7021.9385,-0.007844425,4,1,false,false,-0.2692663,2.2643228,10.573361,-2.5572412,3
48.15639,0.52246755,49.331023756819995,8.581257325984595,0,1,7027.9175,-0.006972572,4,1,false,false,-0.13576482,2.2295055,9.668069,-2.5574393,3
48.192623,0.5226449,49.33101971067318,8.581248108575988,0,1,7036.032,-0.006101843,4,1,false,false,-0.0711679,2.1816971,8.876744,-2.5576203,3
48.229507,0.52282226,49.33101566438917,8.581238891587214,0,1,7046.1777,-0.006101843,4,1,false,false,-0.10084587,2.2779515,9.147114,-2.5577765,3
48.26777,0.5229998,49.33101170824515,8.581229674178607,0,1,7046.147,-0.0066827033,4,1,false,false,-0.15600584,2.322236,9.420046,-2.5579016,3
48.305332,0.52317756,49.331007661961145,8.581220594474852,0,1,7042.3345,-0.008425284,4,1,false,false,-0.1523786,2.2425802,9.482931,-2.558015,3
48.341156,0.52335536,49.33100361581433,8.581211377486076,0,1,7052.944,-0.010168988,4,1,false,false,-0.25738066,2.1230733,9.321127,-2.55813,3
48.376144,0.52353334,49.33099956966752,8.581202160077469,0,1,7069.9844,-0.012203685,4,1,false,false,-0.2653454,2.130001,9.189595,-2.5582612,3
48.411842,0.52371144,49.33099552352071,8.581192943088693,0,1,7076.788,-0.013655275,4,1,false,false,-0.21620253,2.2008884,9.145371,-2.5584164,3
48.449074,0.5238897,49.330991567239494,8.581183725680086,0,1,7076.469,-0.014527127,4,1,false,false,-0.27936012,2.2676578,9.298759,-2.558585,3
48.486378,0.52406806,49.33098752109268,8.581174370986458,0,1,7079.311,-0.014527128,4,1,false,false,-0.2759909,2.2364585,9.784569,-2.558769,3
48.522808,0.5242466,49.33098347494587,8.581165153577851,0,1,7086.2603,-0.012493555,4,1,false,false,-0.30556434,2.1789138,9.673736,-2.5589755,3
48.55859,0.5244252,49.33097942866186,8.581155936589075,0,1,7093.4014,-0.01016899,4,1,false,false,-0.2958039,2.155206,9.45258,-2.5592015,3
48.59487,0.524604,49.33097538251505,8.581146719180468,0,1,7099.652,-0.008425285,4,1,false,false,-0.094994724,2.226768,9.05431,-2.5594273,3
48.63207,0.52478296,49.330971336368236,8.581137364486843,0,1,7101.049,-0.005810851,4,1,false,false,-0.071938455,2.2415106,9.765073,-2.5596223,3
48.669125,0.524962,49.33096729022143,8.581128147078235,0,1,7100.3413,-0.0031964183,4,1,false,false,-0.16137084,2.2190104,10.317047,-2.5597968,3
48.70535,0.5251411,49.33096324407462,8.581118792384608,0,1,7106.1865,-0.00087185187,4,1,false,false,-0.0731681,2.1678827,10.470297,-2.559958,3
48.740677,0.5253206,49.330959197790605,8.581109575395832,0,1,7115.7124,0.00058086053,4,1,false,false,-0.11994171,2.1744158,10.630165,-2.5600872,3
48.777153,0.5255001,49.33095515164379,8.581100220282373,0,1,7119.9688,0.0005808604,4,1,false,false,-0.14701873,2.2376978,10.813845,-2.5601747,3
48.814453,0.52567977,49.33095101563139,8.581090865588747,0,1,7115.6426,0.0005808604,4,1,false,false,-0.017176539,2.263843,10.388447,-2.5602143,3
48.851368,0.52585953,49.33094696934738,8.581081648180138,0,1,7112.786,0.000290992,4,1,false,false,-0.2605981,2.2056909,10.781043,-2.5602193,3
48.886932,0.5260395,49.330942923200574,8.581072293486512,0,1,7117.471,0.00029099197,4,1,false,false,-0.24630034,2.1162753,10.412511,-2.5602367,3
48.920856,0.52621955,49.33093887705376,8.581062938792885,0,1,7126.022,-2.1827873e-11,4,1,false,false,0.13871217,2.0073183,9.890136,-2.5602708,3
48.954357,0.52639973,49.33093483090695,8.581053584099257,0,1,7135.708,-0.00028986845,4,1,false,false,0.1443805,2.039713,9.970437,-2.5602865,3
48.988388,0.52658004,49.33093078476014,8.58104422940563,0,1,7143.042,0.000290992,4,1,false,false,0.11414826,2.0722196,10.28623,-2.5602753,3
49.02245,0.52676046,49.330926648610536,8.581034874292172,0,1,7148.6064,0.0011617208,4,1,false,false,0.107895,2.057867,9.692957,-2.5602634,3
49.056488,0.526941,49.33092260246373,8.581025519598544,0,1,7157.1313,0.0020335729,4,1,false,false,0.057701334,2.0753567,9.749468,-2.5602465,3
49.090725,0.52712166,49.33091855631692,8.581016164904916,0,1,7163.8555,0.0026144334,4,1,false,false,0.25271878,2.1187959,10.187745,-2.5602107,3
49.125607,0.52730244,49.33091442016732,8.58100681021129,0,1,7166.442,0.0026144336,4,1,false,false,0.1481033,2.1147003,10.224821,-2.5601394,3
49.160137,0.5274833,49.330910374020505,8.580997455097831,0,1,7169.2856,0.003195294,4,1,false,false,0.0684727,2.0802016,9.823193,-2.5600538,3
49.194073,0.52766436,49.3309062378709,8.580988100404204,0,1,7177.603,0.0020335733,4,1,false,false,0.19694103,2.0613055,8.82496,-2.559975,3
49.227394,0.52784544,49.33090219172409,8.580978608005724,0,1,7184.7593,0.00029099203,4,1,false,false,0.43335074,2.0082438,9.568217,-2.5599,3
49.261593,0.5280267,49.33089814557728,8.580969253312098,0,1,7188.142,-0.00028986848,4,1,false,false,0.01571691,2.0330677,8.651421,-2.5597923,3
49.294514,0.5282081,49.33089400942768,8.58095989861847,0,1,7189.9526,-0.0005808604,4,1,false,false,0.3873977,1.9655461,10.763091,-2.5597327,3
49.326553,0.5283895,49.33088996328087,8.58095040621999,0,1,7203.7275,-0.0023245653,4,1,false,false,0.3296724,1.9325122,9.437733,-2.5596855,3
49.358185,0.5285711,49.33088582726847,8.580941051526365,0,1,7217.556,-0.0020335733,4,1,false,false,0.36996484,1.802526,9.388984,-2.5596273,3
49.381073,0.52875286,49.33088169111886,8.580931559127885,0,1,7132.261,-0.00028986833,0,1,false,false,0.041226685,-0.010244859,9.730197,-2.559563,3
49.362465,0.52893454,49.330877644972055,8.580922204014426,0,1,6990.7964,0.0011617208,5,1,false,false,0.335542,-1.4245878,9.749911,-2.5595577,3
49.417385,0.5291162,49.33087350882245,8.580912711615946,0,1,5878.278,0.0026144336,5,1,false,false,0.2363593,5.9586177,11.599942,-2.5595586,3
49.484917,0.52929825,49.33086937281005,8.58090335692232,0,1,5854.995,0.005228867,5,1,false,false,0.43861446,1.6499958,10.13761,-2.5595868,3
49.483032,0.5294803,49.330865326663236,8.58089386452384,0,1,6181.8887,0.007263563,5,1,false,false,0.22786945,0.10764913,10.375264,-2.559569,3
49.514515,0.52966243,49.33086119051364,8.580884372125361,0,1,6028.0693,0.007263564,5,1,false,false,0.4512549,3.0363567,9.569572,-2.559544,3
49.565716,0.5298447,49.33085705436403,8.580875017431735,0,1,5948.8975,0.005228868,5,1,false,false,0.43465203,2.6229293,10.067176,-2.5594685,3
49.59467,0.53002715,49.33085291835163,8.580865525033255,0,1,6047.218,0.0034862864,5,1,false,false,0.31232145,1.428437,10.066192,-2.5593514,3
49.62215,0.5302096,49.33084887213622,8.580856032634776,0,1,6047.1826,0.0008718526,5,1,false,false,0.37250185,1.9496771,9.0759735,-2.5592406,3
49.6581,0.5303922,49.33084473605522,8.580846540236298,0,1,6013.6436,-0.002324565,5,1,false,false,0.41573784,2.2075794,9.506266,-2.5591493,3
49.690964,0.530575,49.330840599974216,8.580837047837818,0,1,6036.317,-0.0046491297,5,1,false,false,0.38328826,1.8890185,9.456627,-2.5590682,3
49.72136,0.53075784,49.33083646389321,8.580827555859171,0,1,6050.013,-0.0058108508,5,1,false,false,0.1991634,1.8709035,8.640487,-2.5590193,3
49.75332,0.53094083,49.33083232781221,8.580818063460692,0,1,6045.734,-0.006972572,5,1,false,false,0.25018078,1.9679128,8.514452,-2.5590127,3
49.78511,0.53112394,49.330828191731214,8.580808571062212,0,1,6057.6333,-0.0072635636,5,1,false,false,-0.056841508,1.9194355,9.211053,-2.5590196,3
49.81669,0.5313071,49.33082405565021,8.580799078663734,0,1,6069.1445,-0.0049389997,5,1,false,false,0.18583505,1.9135835,9.549113,-2.5590832,3
49.847755,0.53149045,49.330819919500605,8.580789586265254,0,1,6073.494,-0.0034874096,5,1,false,false,0.25393242,1.897597,9.943505,-2.5591803,3
49.881397,0.53167385,49.3308157834196,8.580780093866776,0,1,6086.1777,-0.0020335726,5,1,false,false,0.583756,2.0845525,10.879058,-2.559297,3
49.91712,0.53185743,49.33081164733861,8.580770601468297,0,1,6077.6855,-0.0026155566,5,1,false,false,0.17003831,2.208239,11.133518,-2.5593548,3
49.954247,0.5320411,49.3308075112576,8.580761109069817,0,1,6064.9766,-0.006682703,5,1,false,false,0.69286436,2.26141,11.283293,-2.5593753,3
49.988857,0.53222495,49.33080328524241,8.580751479386318,0,1,6063.2046,-0.012203685,5,1,false,false,0.45260304,1.9467614,11.969922,-2.5593019,3
50.0205,0.5324089,49.33079914916141,8.580741986987839,0,1,6061.9683,-0.020627845,5,1,false,false,-1.1200714,2.0952024,13.915991,-2.5592089,3
50.05471,0.53259295,49.330795013080404,8.580732356884509,0,1,6055.736,-0.031959686,5,1,false,false,-0.21484926,2.018293,11.6280985,-2.559329,3
50.08449,0.53277713,49.3307908769994,8.58072286448603,0,1,6053.4424,-0.045904823,5,1,false,false,-0.17369094,1.8184791,9.251494,-2.559544,3
50.115818,0.53296137,49.33078665098421,8.580713234382698,0,1,6064.3833,-0.05578282,5,1,false,false,-0.33202937,1.6859045,9.888245,-2.5598266,3
50.145084,0.5331458,49.330782514903206,8.58070374240405,0,1,6056.513,-0.0607207,5,1,false,false,-0.9922143,1.7005836,9.298963,-2.5601976,3
50.169987,0.53333026,49.3307783788222,8.580694112300721,0,1,6078.932,-0.06449909,5,1,false,false,-0.67063534,1.3903673,8.884881,-2.5607457,3
50.189636,0.53351486,49.3307742427412,8.580684619902241,0,1,6127.4067,-0.06420812,5,1,false,false,-0.6949317,1.1851027,8.015486,-2.5614076,3
50.212746,0.5336995,49.33077001672601,8.58067498979891,0,1,6166.035,-0.059267983,5,1,false,false,-0.6133855,1.5820655,7.4704604,-2.5621793,3
50.24356,0.5338842,49.330765880645004,8.580665360115411,0,1,6175.985,-0.052005544,5,1,false,false,-0.84508646,2.0021493,6.984316,-2.5630238,3
50.280045,0.53406906,49.33076174456401,8.58065573001208,0,1,6172.2407,-0.045904815,5,1,false,false,-0.83782756,2.3284383,7.4448557,-2.5639122,3
50.317257,0.53425413,49.330757608483005,8.58064610032858,0,1,6159.1377,-0.044741977,5,1,false,false,-0.77458966,2.2170877,8.497069,-2.5647533,3
50.3534,0.53443927,49.33075338246781,8.580636470225251,0,1,6151.4233,-0.045322835,5,1,false,false,-1.2199478,2.1009095,8.139992,-2.5655367,3
50.386906,0.5346246,49.33074924638681,8.58062684012192,0,1,6154.9014,-0.049389984,5,1,false,false,-1.329622,2.0219772,9.541458,-2.5663023,3
50.421326,0.5348099,49.3307451102372,8.58061721043842,0,1,6155.0664,-0.054910958,5,1,false,false,-1.5550511,2.098244,9.610564,-2.5670779,3
50.45529,0.53499544,49.33074088429061,8.580607580335089,0,1,6148.0923,-0.06304638,5,1,false,false,-1.6672776,2.0253854,9.418002,-2.5678618,3
50.48857,0.5351811,49.33073674820961,8.58059795065159,0,1,6147.8936,-0.07205253,5,1,false,false,-2.0073595,2.0418315,10.981031,-2.5686727,3
50.521015,0.53536683,49.33073261206001,8.580588320548259,0,1,6152.7627,-0.08251028,5,1,false,false,-2.0515924,1.9104973,10.263302,-2.569569,3
50.552544,0.5355527,49.33072847597901,8.580578553159908,0,1,6149.2363,-0.09267923,5,1,false,false,-2.7374542,1.9155557,10.412875,-2.5705354,3
50.584167,0.5357387,49.330724339898005,8.580568923056576,0,1,6155.9355,-0.10023379,5,1,false,false,-2.7839458,1.9267813,9.544613,-2.5716534,3
50.61414,0.5359248,49.33072011388281,8.580559155668226,0,1,6158.228,-0.10865907,5,1,false,false,-3.082478,1.766917,10.388341,-2.5728996,3
50.64545,0.53611106,49.33071597780181,8.580549388279875,0,1,6162.7075,-0.11621139,5,1,false,false,-3.1110213,1.9112825,9.921132,-2.5743237,3
50.67555,0.5362974,49.330711841720806,8.580539758176544,0,1,6166.569,-0.12405696,5,1,false,false,-3.3806424,1.7778094,9.787491,-2.575887,3
50.704895,0.53648376,49.3307077056398,8.580529990788193,0,1,6168.766,-0.13160925,5,1,false,false,-3.6116,1.8320277,9.966563,-2.5775838,3
50.734627,0.5366704,49.3307035695588,8.580520222980011,0,1,6174.127,-0.13974467,5,1,false,false,-3.968178,1.7846603,9.3612795,-2.5794022,3
50.76296,0.536857,49.33069952334339,8.580510455591659,0,1,6176.397,-0.14904067,5,1,false,false,-4.1522155,1.7417663,9.790926,-2.5813537,3
50.792397,0.53704375,49.33069538726239,8.580500550498456,0,1,6183.817,-0.1586277,5,1,false,false,-4.6916766,1.822851,10.17354,-2.5834737,3
50.821007,0.5372306,49.330691251181385,8.580490783110106,0,1,6184.358,-0.1667631,5,1,false,false,-4.9085665,1.7624408,9.9117,-2.585771,3
50.84998,0.5374176,49.33068720503458,8.580481015721755,0,1,6187.6226,-0.17315373,5,1,false,false,-5.154902,1.8109022,9.35974,-2.5882456,3
50.879917,0.53760475,49.330683068953576,8.580471110628553,0,1,6191.23,-0.17896453,5,1,false,false,-5.3778124,1.8972952,9.1693,-2.5908368,3
50.909805,0.53779197,49.33067902273817,8.580461205535348,0,1,6190.14,-0.18448436,5,1,false,false,-5.2350993,1.8466064,8.720494,-2.5934832,3
50.938263,0.5379795,49.330674886657164,8.580451437727167,0,1,6196.833,-0.19145699,5,1,false,false,-5.948674,1.6953341,9.879737,-2.5961456,3
50.964924,0.5381671,49.33067084051035,8.580441532633964,0,1,6208.4766,-0.20017211,5,1,false,false,-6.5015006,1.6563656,9.539069,-2.5989923,3
50.99325,0.53835493,49.33066679429494,8.580431627960593,0,1,6217.9395,-0.21034002,5,1,false,false,-6.802166,1.7618562,9.208746,-2.602117,3
51.022793,0.5385427,49.33066274814813,8.58042172286739,0,1,6223.5522,-0.21644077,5,1,false,false,-7.038025,2.0105555,8.980667,-2.605551,3
51.055332,0.53873056,49.33065879186691,8.580411680069336,0,1,6220.9194,-0.21644072,5,1,false,false,-7.594656,2.0563207,9.024855,-2.60923,3
51.086742,0.53891855,49.3306547457201,8.580401774976131,0,1,6211.467,-0.21556884,5,1,false,false,-7.6712203,1.9550647,9.19101,-2.6130235,3
51.115784,0.5391067,49.330650789438884,8.580391732178077,0,1,6216.3496,-0.21411726,5,1,false,false,-7.8337936,1.7998712,9.086576,-2.6168242,3
51.143166,0.53929484,49.33064674329207,8.580381689799854,0,1,6225.162,-0.21295445,5,1,false,false,-8.44004,1.7812908,9.777264,-2.620594,3
51.170662,0.5394831,49.33064278701085,8.5803716470018,0,1,6227.9155,-0.21266457,5,1,false,false,-8.792855,1.8320004,9.867553,-2.6244073,3
51.19828,0.53967136,49.33063883072963,8.580361604203745,0,1,6232.253,-0.21295442,5,1,false,false,-9.1079235,1.7911589,9.199103,-2.6283188,3
51.22529,0.5398598,49.330634964382604,8.580351561825522,0,1,6236.1743,-0.20975912,5,1,false,false,-9.574897,1.8500365,9.973032,-2.632356,3
51.25334,0.5400482,49.33063100816999,8.580341381322615,0,1,6234.0605,-0.20482129,5,1,false,false,-9.972983,1.9044731,10.864592,-2.63647,3
51.281082,0.5402368,49.33062714182296,8.580331201239542,0,1,6229.6465,-0.19930029,5,1,false,false,-10.2819195,1.9158026,10.229953,-2.640586,3
51.30851,0.5404254,49.33062327547593,8.580321158441485,0,1,6234.736,-0.19319952,5,1,false,false,-10.222999,1.7903987,10.5599,-2.6446688,3
51.334126,0.5406141,49.3306194091289,8.58031084065356,0,1,6235.3916,-0.1850653,5,1,false,false,-10.862735,1.8322238,10.594535,-2.6486697,3
51.36092,0.54080296,49.33061563271607,8.580300660570485,0,1,6238.4536,-0.17954546,5,1,false,false,-10.720519,1.8564715,10.393134,-2.6526287,3
51.38765,0.54099184,49.33061176636904,8.58029048048741,0,1,6241.0854,-0.17518727,5,1,false,false,-10.0868845,1.8480814,9.049931,-2.6564434,3
51.415237,0.54118085,49.3306079899562,8.580280162699482,0,1,6243.0977,-0.17431654,5,1,false,false,-10.009612,1.8932077,9.316057,-2.659987,3
51.442043,0.54136986,49.330604303408954,8.580269844911557,0,1,6243.1675,-0.17751186,5,1,false,false,-10.425042,1.8167306,9.842936,-2.663232,3
51.467274,0.54155904,49.330600526996115,8.58025952712363,0,1,6250.013,-0.18738988,5,1,false,false,-10.327835,1.6789459,9.456258,-2.6663742,3
51.491077,0.54174834,49.33059684044887,8.580249209335703,0,1,6264.5513,-0.19842847,5,1,false,false,-9.622783,1.6876581,8.861447,-2.6695874,3
51.516895,0.54193765,49.33059306403604,8.580238891547777,0,1,6275.373,-0.20540209,5,1,false,false,-10.096668,1.8132476,9.244617,-2.672892,3
51.544594,0.5421271,49.33058946742298,8.580228436054998,0,1,6270.8726,-0.20801656,5,1,false,false,-10.461654,1.8985096,9.480385,-2.6763062,3
51.5719,0.5423166,49.33058578094434,8.580218118267071,0,1,6268.1465,-0.20917831,5,1,false,false,-10.8018465,1.8088572,10.262198,-2.6798093,3
51.597607,0.5425062,49.330582094397094,8.580207662774294,0,1,6277.485,-0.2077256,5,1,false,false,-10.186963,1.8291155,9.191671,-2.6834748,3
51.624657,0.54269594,49.33057849778404,8.580197207701346,0,1,6282.0034,-0.20162372,5,1,false,false,-10.162781,1.8516278,9.471692,-2.687167,3
51.651825,0.5428858,49.330574901239586,8.580186614503717,0,1,6276.168,-0.1946523,5,1,false,false,-10.597547,1.9366258,9.950927,-2.6908016,3
51.678677,0.54307574,49.33057139449212,8.580176159430769,0,1,6277.43,-0.18709882,5,1,false,false,-11.065148,1.7789819,10.626973,-2.694407,3
51.703526,0.54326576,49.330567797947666,8.580165703937991,0,1,6284.158,-0.17518725,5,1,false,false,-10.814162,1.7483188,10.593244,-2.6980364,3
51.72991,0.5434559,49.33056429126881,8.580155111160192,0,1,6290.9487,-0.16066124,5,1,false,false,-10.90939,1.8378837,10.41876,-2.7016997,3
51.757294,0.54364616,49.33056078458994,8.580144517962562,0,1,6286.0312,-0.1467161,5,1,false,false,-10.45558,1.9148978,10.159075,-2.7052467,3
51.785038,0.54383653,49.33055727784248,8.580133925184763,0,1,6283.08,-0.14003456,5,1,false,false,-10.336684,1.904691,10.101831,-2.7085161,3
51.81136,0.544027,49.33055386109781,8.580123194702113,0,1,6286.569,-0.14264898,5,1,false,false,-10.2787485,1.8209797,10.729233,-2.711504,3
51.836765,0.5442175,49.330550444353136,8.580112601924315,0,1,6290.936,-0.15049453,5,1,false,false,-10.235215,1.7387851,9.845014,-2.7143135,3
51.862373,0.5444082,49.330547027539865,8.580101871441665,0,1,6297.892,-0.16211395,5,1,false,false,-9.924014,1.7331777,10.135338,-2.7170455,3
51.888798,0.544599,49.330543610795196,8.580091278244034,0,1,6303.628,-0.17576812,5,1,false,false,-10.224825,1.8138218,9.843891,-2.7197707,3
51.91527,0.54478997,49.33054019405052,8.580080547761384,0,1,6304.5767,-0.1952331,5,1,false,false,-10.047496,1.7982725,9.415109,-2.7225866,3
51.940918,0.544981,49.330536867171446,8.580069679573882,0,1,6308.7817,-0.21963605,5,1,false,false,-10.294351,1.7885835,9.68363,-2.7255201,3
51.96742,0.5451721,49.330533540292365,8.58005894909123,0,1,6316.0464,-0.24287717,5,1,false,false,-10.308637,1.7806505,9.628492,-2.7286355,3
51.993946,0.54536337,49.330530213481886,8.58004821860858,0,1,6312.9937,-0.26001757,5,1,false,false,-10.22948,1.7742044,8.88385,-2.7318988,3
52.020035,0.54555476,49.330526976536994,8.58003735084091,0,1,6316.045,-0.27831975,5,1,false,false,-10.386712,1.7269996,9.301202,-2.7353013,3
52.044323,0.5457462,49.33052373959211,8.580026482653407,0,1,6323.476,-0.29371655,5,1,false,false,-10.760743,1.6701441,9.01032,-2.738896,3
52.06811,0.54593784,49.33052041271303,8.580015614465905,0,1,6330.375,-0.3030125,5,1,false,false,-10.542524,1.5678327,8.560915,-2.7427557,3
52.091476,0.5461296,49.330517265702326,8.580004746698235,0,1,6339.4595,-0.3024317,5,1,false,false,-10.914026,1.619206,9.57798,-2.7469215,3
52.11541,0.5463214,49.33051402875744,8.579993878510733,0,1,6346.873,-0.29546022,5,1,false,false,-11.701748,1.6847571,10.27535,-2.7515018,3
52.138588,0.5465133,49.33051088174675,8.579983010323229,0,1,6347.2104,-0.28238586,5,1,false,false,-11.911305,1.6753056,9.638391,-2.7565303,3
52.163387,0.5467054,49.330507734736045,8.579972004850708,0,1,6353.275,-0.25972775,5,1,false,false,-11.820877,1.8236343,10.390908,-2.7618756,3
52.19037,0.54689753,49.33050458772535,8.579960998958354,0,1,6347.8823,-0.22951402,5,1,false,false,-12.150258,1.9307173,9.756122,-2.7672224,3
52.216675,0.5470899,49.33050153058024,8.579949993485831,0,1,6333.6357,-0.20249666,5,1,false,false,-11.963137,1.8421319,10.183982,-2.7721999,3
52.240517,0.54728234,49.33049847350374,8.579938987593478,0,1,6337.5425,-0.18303172,5,1,false,false,-12.193646,1.6736192,10.314809,-2.7767205,3
52.26195,0.54747486,49.33049541635863,8.579927982120955,0,1,6348.2603,-0.17199199,5,1,false,false,-12.343447,1.5959862,10.215362,-2.7808878,3
52.28405,0.5476675,49.33049244914772,8.579916976648432,0,1,6353.7266,-0.16327569,5,1,false,false,-11.755604,1.6684783,9.385265,-2.7848558,3
52.307545,0.5478603,49.330489482005405,8.579905833471058,0,1,6357.929,-0.15833785,5,1,false,false,-11.517101,1.7545907,9.575115,-2.7886286,3
52.331448,0.5480532,49.33048651479449,8.579894690293683,0,1,6359.4683,-0.16240495,5,1,false,false,-11.698387,1.7559178,9.870064,-2.7921739,3
52.35536,0.5482462,49.330483547583576,8.579883546696477,0,1,6360.8135,-0.17257287,5,1,false,false,-11.368458,1.7049733,9.674269,-2.795507,3
52.378815,0.5484393,49.33048067030685,8.579872403519103,0,1,6366.966,-0.18593712,5,1,false,false,-11.3134165,1.7032502,9.660562,-2.7987204,3
52.402584,0.5486327,49.33047779303013,8.57986126034173,0,1,6371.9604,-0.20336853,5,1,false,false,-11.933027,1.7196088,9.743757,-2.8019314,3
52.42617,0.54882604,49.330474915753406,8.579849979879334,0,1,6372.35,-0.22835226,5,1,false,false,-11.740147,1.7336841,9.617786,-2.8052526,3
52.44995,0.5490195,49.330472128410875,8.579838836282129,0,1,6375.74,-0.24984975,5,1,false,false,-11.560728,1.7096587,8.970731,-2.808694,3
52.47406,0.54921323,49.33046934099974,8.579827555819735,0,1,6378.5312,-0.27308983,5,1,false,false,-11.798204,1.7228799,9.0299,-2.8122184,3
52.4979,0.549407,49.33046655365721,8.579816274937508,0,1,6376.205,-0.29197395,5,1,false,false,-12.156617,1.6750145,9.426741,-2.8158224,3
52.519913,0.5496009,49.33046376631468,8.579804994055282,0,1,6381.5806,-0.30766055,5,1,false,false,-11.673664,1.5858895,8.834422,-2.8196256,3
52.54105,0.549795,49.330461068837735,8.579793713173055,0,1,6394.7886,-0.31637573,5,1,false,false,-12.024076,1.5014951,8.847178,-2.8236551,3
52.563236,0.5499891,49.3304583713608,8.579782432710662,0,1,6400.445,-0.32015187,5,1,false,false,-12.101672,1.6533666,9.158167,-2.8279426,3
52.585476,0.5501834,49.33045576388665,8.579771014123583,0,1,6400.033,-0.31899008,5,1,false,false,-11.948565,1.5992596,8.9914,-2.8324304,3
52.607525,0.5503777,49.33045306640971,8.579759733241358,0,1,6406.468,-0.31695646,5,1,false,false,-12.726191,1.6077793,9.015284,-2.8371375,3
52.62893,0.55057234,49.330450458866956,8.579748315074111,0,1,6410.8906,-0.31550384,5,1,false,false,-12.665603,1.6133745,9.020211,-2.842027,3
52.650852,0.550767,49.3304479412584,8.579736896906866,0,1,6411.5996,-0.31318033,5,1,false,false,-12.535766,1.6416414,9.1522,-2.8470445,3
52.67259,0.5509618,49.33044533371565,8.579725478319787,0,1,6413.124,-0.3114366,5,1,false,false,-13.394153,1.62877,9.252476,-2.8521218,3
52.69296,0.5511566,49.330442816107094,8.579714060152542,0,1,6416.711,-0.3117276,5,1,false,false,-13.647024,1.6079997,9.855783,-2.8573544,3
52.71269,0.5513514,49.330440388364124,8.579702504280444,0,1,6420.988,-0.31259957,5,1,false,false,-13.841726,1.5547326,10.024147,-2.8627605,3
52.732365,0.5515464,49.33043787075557,8.579691085693366,0,1,6424.969,-0.31085575,5,1,false,false,-14.320795,1.6057954,9.904443,-2.8683403,3
52.752014,0.5517414,49.3304355330154,8.579679529821268,0,1,6424.8545,-0.30533707,5,1,false,false,-15.356836,1.648824,11.437535,-2.8740504,3
52.77136,0.5519364,49.33043310527243,8.579667973949169,0,1,6421.5493,-0.30068898,5,1,false,false,-15.306397,1.6510913,10.262736,-2.8799176,3
52.79038,0.5521314,49.33043076746365,8.579656418077072,0,1,6422.2944,-0.29226372,5,1,false,false,-14.734206,1.6197608,10.129991,-2.8857405,3
52.810005,0.55232656,49.330428429723476,8.579644862204974,0,1,6425.33,-0.2815151,5,1,false,false,-15.539231,1.7408189,10.244758,-2.8913522,3
52.82901,0.5525216,49.33042618184889,8.579633306332875,0,1,6418.7695,-0.27570415,5,1,false,false,-15.538231,1.6303653,9.629583,-2.8966413,3
52.846817,0.5527168,49.33042393397431,8.579621612755925,0,1,6422.366,-0.27483338,5,1,false,false,-14.507909,1.5432229,9.877504,-2.9016707,3
52.863243,0.552912,49.330421686099726,8.579610056883828,0,1,6434.0522,-0.2774479,5,1,false,false,-15.465146,1.4882028,10.170117,-2.9065068,3
52.879353,0.55310726,49.33041952809074,8.579598363306877,0,1,6437.3438,-0.28209597,5,1,false,false,-15.72498,1.5287081,10.480535,-2.9113655,3
52.89497,0.5533025,49.33041746008453,8.579586669729927,0,1,6440.0474,-0.28848654,5,1,false,false,-15.989607,1.5148739,10.933587,-2.9164233,3
52.911995,0.55349785,49.33041530214414,8.579574976152978,0,1,6447.4106,-0.29081216,5,1,false,false,-16.487827,1.6157769,11.152485,-2.9217815,3
52.92985,0.55369323,49.33041332400353,8.579563282576029,0,1,6440.336,-0.28877872,5,1,false,false,-16.348343,1.6991385,10.278372,-2.9272428,3
52.94835,0.5538886,49.33041125592873,8.57955158941891,0,1,6433.615,-0.285872,5,1,false,false,-16.04437,1.6983613,10.725834,-2.9325757,3
52.966198,0.55408406,49.33040927778812,8.579539758137107,0,1,6434.775,-0.28412953,5,1,false,false,-15.016373,1.6314826,9.168793,-2.9375758,3
52.98406,0.5542796,49.3304073895817,8.579528064560158,0,1,6437.0884,-0.2847103,5,1,false,false,-14.319235,1.5011278,8.299045,-2.941997,3
53.001167,0.5544752,49.33040541144109,8.579516233698188,0,1,6445.9067,-0.28906733,5,1,false,false,-12.55457,1.4721849,7.8235583,-2.9459183,3
53.01627,0.5546709,49.33040352323467,8.579504402416386,0,1,6462.6006,-0.29836458,5,1,false,false,-12.245107,1.1961117,7.570691,-2.9495518,3
53.030968,0.55486655,49.33040172496245,8.579492571554416,0,1,6485.064,-0.31637573,5,1,false,false,-12.057384,1.3953489,6.8907437,-2.9532878,3
53.046307,0.55506235,49.330399926621624,8.579480740272615,0,1,6501.1787,-0.33554846,5,1,false,false,-12.539031,1.295914,7.6067853,-2.9574654,3
53.063725,0.55525815,49.330398128349394,8.579468909410645,0,1,6504.2856,-0.35501245,5,1,false,false,-18.97669,1.5933826,13.29517,-2.9624472,3
53.0771,0.5554541,49.33039641994276,8.579456940843823,0,1,6490.6313,-0.36314562,5,1,false,false,-20.957972,1.4059962,15.961571,-2.9690833,3
53.083103,0.55565,49.330394711604725,8.579445109562021,0,1,6499.2524,-0.3329341,5,1,false,false,-20.638878,0.9263659,14.377358,-2.9772253,3
53.080387,0.5558459,49.33039309313228,8.5794331409952,0,1,6538.884,-0.26931357,5,1,false,false,-18.153679,0.54323405,11.712581,-2.9855804,3
53.098827,0.5560419,49.330391474659834,8.57942131013323,0,1,6566.1,-0.20917833,5,1,false,false,-17.421785,3.1711948,10.650862,-2.99289,3
53.15119,0.556238,49.33038994612158,8.579409341146576,0,1,6441.395,-0.16414757,5,1,false,false,-16.576864,3.5115373,10.992266,-2.997939,3
53.188374,0.55643433,49.330388417514726,8.579397372579754,0,1,6324.94,-0.15862766,5,1,false,false,-14.003591,2.2874134,9.031137,-3.0000288,3
53.201927,0.55663073,49.33038688897648,8.579385404012932,0,1,6404.4526,-0.17344466,5,1,false,false,-12.229542,0.67630595,8.549595,-2.9998767,3
53.205086,0.55682725,49.33038545037241,8.57937343544611,0,1,6477.074,-0.1955241,5,1,false,false,-9.611315,0.5586006,6.443834,-2.9987764,3
53.211136,0.55702376,49.33038401169975,8.579361329174438,0,1,6496.2026,-0.23154762,5,1,false,false,-7.037686,0.37697768,3.6958876,-2.9978151,3
53.21566,0.55722034,49.330382662961284,8.579349360607615,0,1,6569.754,-0.2829666,5,1,false,false,-4.732579,0.33180398,1.6031945,-2.9974666,3
53.220398,0.55741704,49.33038122435722,8.579337392040793,0,1,6647.3145,-0.35210702,5,1,false,false,-6.172539,0.2137275,1.9784391,-2.9976597,3
53.226166,0.55761373,49.330379875618746,8.57932528576912,0,1,6672.523,-0.43751267,5,1,false,false,-7.731638,0.53891873,4.892536,-2.998788,3
53.242863,0.55781054,49.33037852688028,8.579313317202297,0,1,6704.7485,-0.513039,5,1,false,false,-10.082704,1.6924905,6.6071467,-3.0012777,3
53.284515,0.5580075,49.33037717814181,8.579301210930623,0,1,6680.2637,-0.5432493,5,1,false,false,-13.892655,3.2316983,10.206574,-3.0054889,3
53.335182,0.5582046,49.33037582947194,8.579289242363803,0,1,6549.3013,-0.5322109,5,1,false,false,-16.556631,3.2091534,12.728085,-3.0113423,3
53.37574,0.558402,49.33037457059906,8.579277136092129,0,1,6476.458,-0.48950905,5,1,false,false,-18.022219,2.393232,12.900753,-3.018257,3
53.399807,0.55859953,49.33037331179478,8.579265029820455,0,1,6477.724,-0.43518922,5,1,false,false,-18.11316,1.5892823,13.155121,-3.025691,3
53.417515,0.5587972,49.330372142924695,8.57925292354878,0,1,6467.054,-0.38260946,5,1,false,false,-16.997982,1.6255165,12.592171,-3.03302,3
53.437782,0.5589949,49.3303710639202,8.57924081769694,0,1,6455.911,-0.33031964,5,1,false,false,-15.113887,1.6185739,9.7184,-3.0394938,3
53.456688,0.5591928,49.33036989505011,8.579228711425266,0,1,6460.812,-0.28964937,5,1,false,false,-14.022735,1.43719,9.538003,-3.0448048,3
53.473026,0.5593907,49.33036881604561,8.57921646744874,0,1,6472.439,-0.2733807,5,1,false,false,-13.128598,1.2406745,9.21568,-3.0491972,3
53.48408,0.5595888,49.33036782697531,8.579204361177066,0,1,6498.0845,-0.27279997,5,1,false,false,-11.506737,0.8317988,7.237873,-3.0533373,3
53.48689,0.559787,49.33036683797361,8.579192254905392,0,1,6544.4805,-0.27948147,5,1,false,false,-13.701521,0.55929726,8.9281225,-3.0580103,3
53.504128,0.5599852,49.3303658489033,8.579180011348699,0,1,6561.4907,-0.29546013,5,1,false,false,-15.739359,1.7562431,10.55924,-3.0637162,3
53.529556,0.5601836,49.330364949698584,8.579167905077025,0,1,6504.5483,-0.29865557,5,1,false,false,-16.030361,2.0967171,12.002371,-3.069695,3
53.55315,0.5603821,49.33036405056247,8.579155661520332,0,1,6478.88,-0.28819776,5,1,false,false,-16.2456,1.6797147,11.746021,-3.0754,3
53.567684,0.5605808,49.33036315142636,8.579143417543806,0,1,6506.3823,-0.26844168,5,1,false,false,-15.312387,1.2337695,9.777063,-3.0807836,3
53.581394,0.5607796,49.33036234222444,8.579131173987113,0,1,6519.545,-0.2547888,5,1,false,false,-15.214835,1.3967544,10.006839,-3.085886,3
53.597954,0.5609784,49.330361532953916,8.579118930010587,0,1,6513.12,-0.24984974,5,1,false,false,-15.382257,1.4972637,10.409712,-3.0908043,3
53.614532,0.5611775,49.33036081361758,8.579106686453892,0,1,6516.071,-0.25159353,5,1,false,false,-14.979888,1.4507589,9.626985,-3.0956519,3
53.63121,0.56137663,49.33036009434985,8.579094442477368,0,1,6525.9277,-0.25536963,5,1,false,false,-13.974347,1.4566579,8.633932,-3.100425,3
53.649235,0.5615759,49.33035946494771,8.579082198500842,0,1,6527.1494,-0.25885594,5,1,false,false,-13.684262,1.5472434,8.644007,-3.1049652,3
53.66785,0.5617753,49.33035883547697,8.579069954944147,0,1,6525.513,-0.26466554,5,1,false,false,-13.431466,1.4914608,8.274193,-3.109213,3
53.68461,0.5619749,49.330358206074834,8.579057710967623,0,1,6533.265,-0.2739616,5,1,false,false,-12.636203,1.3159239,7.432749,-3.1132255,3
53.700253,0.56217456,49.330357666606886,8.579045467410928,0,1,6551.0693,-0.28529128,5,1,false,false,-13.1998205,1.2951097,8.668636,-3.117187,3
53.715687,0.5623744,49.33035712713894,8.579033086149384,0,1,6561.0884,-0.29575005,5,1,false,false,-14.300773,1.3538138,9.716134,-3.1214073,3
53.73169,0.56257445,49.330356677536585,8.579020842172858,0,1,6564.147,-0.3021418,5,1,false,false,-14.494176,1.4189999,9.390611,-3.126161,3
53.750168,0.56277454,49.33035613806863,8.579008598616165,0,1,6569.8975,-0.2989453,5,1,false,false,-14.519062,1.6798095,9.968789,-3.1314228,3
53.772007,0.5629748,49.33035577840047,8.578996216934787,0,1,6557.8774,-0.28906733,5,1,false,false,-15.603083,1.8407712,10.572144,-3.136825,3
53.79351,0.5631754,49.33035532879811,8.578983973378092,0,1,6534.578,-0.28064325,5,1,false,false,-16.043076,1.7567753,10.829643,3.1411455,3
53.811726,0.563376,49.33035505906414,8.578971592116547,0,1,6533.3604,-0.27396163,5,1,false,false,-15.654412,1.5256649,10.465738,3.1361983,3
53.827457,0.5635767,49.330354699395976,8.578959210855002,0,1,6542.3457,-0.26815197,5,1,false,false,-15.969655,1.4428355,10.752402,3.1315205,3
53.842762,0.5637777,49.330354429661995,8.578946966878476,0,1,6541.746,-0.26292303,5,1,false,false,-16.522867,1.4370348,11.2333355,3.1270132,3
53.857674,0.56397873,49.33035424986222,8.578934585616931,0,1,6543.5635,-0.2603086,5,1,false,false,-16.063831,1.4131228,10.956274,3.1224577,3
53.87298,0.5641799,49.33035406999383,8.578922204355385,0,1,6552.0747,-0.25624147,5,1,false,false,-16.166693,1.461814,11.219702,3.117782,3
53.88965,0.5643811,49.33035389019405,8.578909960378859,0,1,6551.5923,-0.25130135,5,1,false,false,-16.150536,1.5809243,10.884998,3.1129997,3
53.907173,0.56458235,49.33035380025986,8.578897579117314,0,1,6543.967,-0.24752513,5,1,false,false,-16.2842,1.5584422,11.337209,3.1082609,3
53.924282,0.56478375,49.33035371032567,8.578885197855769,0,1,6544.0576,-0.24345805,5,1,false,false,-15.959559,1.5181543,10.822739,3.1036155,3
53.94059,0.5649852,49.33035371032567,8.578872816594222,0,1,6545.058,-0.23852018,5,1,false,false,-15.889353,1.4508257,11.014064,3.0991604,3
53.95661,0.5651867,49.33035371032567,8.578860434912846,0,1,6545.8667,-0.23329128,5,1,false,false,-15.439614,1.4343457,10.468379,3.0948384,3
53.972515,0.5653882,49.33035380025986,8.5788480536513,0,1,6550.045,-0.2303859,5,1,false,false,-15.1160965,1.3900393,10.569174,3.0906365,3
53.988125,0.56558985,49.33035389019405,8.578835672389754,0,1,6556.5845,-0.22689953,5,1,false,false,-15.520016,1.4123659,11.522949,3.0864391,3
54.003983,0.5657915,49.330353980128244,8.578823291128208,0,1,6560.725,-0.22225042,5,1,false,false,-15.874216,1.4439399,12.19149,3.0820932,3
54.02078,0.5659932,49.33035415992802,8.578810909866663,0,1,6562.8057,-0.21208371,5,1,false,false,-15.033162,1.5062945,10.852833,3.0775125,3
54.039852,0.566195,49.330354429661995,8.578798528185285,0,1,6561.3853,-0.19697572,5,1,false,false,-14.361671,1.6046582,10.680025,3.0729966,3
54.05965,0.5663969,49.330354699395976,8.57878614692374,0,1,6554.857,-0.18215983,5,1,false,false,-14.622889,1.6129746,11.543797,3.068847,3
54.078007,0.5665988,49.330354969198545,8.578773765662193,0,1,6549.824,-0.17518726,5,1,false,false,-14.67696,1.4511598,11.475902,3.0651362,3
54.094215,0.5668008,49.33035523893252,8.578761384400648,0,1,6559.8813,-0.17228298,5,1,false,false,-13.715153,1.3613061,11.335105,3.061653,3
54.110935,0.56700283,49.33035559860068,8.578749003139103,0,1,6572.2803,-0.16821584,5,1,false,false,-13.743788,1.4228723,11.360623,3.058229,3
54.129833,0.5672049,49.33035604813444,8.578736621457725,0,1,6570.6973,-0.16298586,5,1,false,false,-13.409946,1.5412211,11.225982,3.0548222,3
54.14988,0.56740713,49.330356407802604,8.57872424019618,0,1,6567.383,-0.15979052,5,1,false,false,-12.99294,1.5522652,11.1136055,3.0514853,3
54.16999,0.56760937,49.33035694727056,8.578711858934634,0,1,6570.9497,-0.15862772,5,1,false,false,-12.676991,1.5331429,11.143037,3.0482705,3
54.189995,0.56781167,49.33035739687291,8.578699477673089,0,1,6572.1504,-0.15862769,5,1,false,false,-12.161384,1.5258096,10.726375,3.0452352,3
54.21031,0.568014,49.33035793634086,8.57868695870669,0,1,6572.878,-0.16211402,5,1,false,false,-11.886624,1.4997224,10.265209,3.04238,3
54.230278,0.56821656,49.33035847587741,8.578674577445145,0,1,6577.4395,-0.16705407,5,1,false,false,-11.686041,1.470808,10.817234,3.0396497,3
54.249947,0.56841916,49.33035910527955,8.578662195763767,0,1,6582.9097,-0.17257284,5,1,false,false,-11.3718,1.458919,10.406291,3.0369244,3
54.26999,0.56862175,49.330359644747496,8.578649814502223,0,1,6587.4536,-0.18041615,5,1,false,false,-11.328469,1.4488564,10.4740925,3.0341291,3
54.291023,0.56882447,49.33036036408383,8.578637433240678,0,1,6591.675,-0.18709886,5,1,false,false,-10.553638,1.5279422,9.540201,3.031222,3
54.312553,0.56902725,49.33036099348597,8.578625051979131,0,1,6591.3154,-0.19436128,5,1,false,false,-10.823501,1.4963259,10.266815,3.0283298,3
54.3339,0.5692301,49.330361712822295,8.578612533012734,0,1,6592.581,-0.20249669,5,1,false,false,-11.277474,1.5116824,11.311894,3.0253708,3
54.353546,0.56943303,49.33036243209003,8.578600151751187,0,1,6596.7534,-0.20917825,5,1,false,false,-11.374252,1.3888795,10.700102,3.0222092,3
54.373787,0.5696361,49.33036315142636,8.578587770489642,0,1,6604.094,-0.21208374,5,1,false,false,-10.724715,1.4978004,9.423292,3.0187783,3
54.395927,0.5698391,49.33036396069688,8.578575388808265,0,1,6604.099,-0.20917825,5,1,false,false,-10.305999,1.5926803,9.854732,3.015288,3
54.41888,0.5700423,49.3303647698988,8.578562869841868,0,1,6593.6353,-0.2068537,5,1,false,false,-10.053556,1.5348649,8.769368,3.011988,3
54.4391,0.5702456,49.33036557910073,8.578550488580323,0,1,6596.7056,-0.20685372,5,1,false,false,-9.860649,1.2972976,8.976048,3.0089488,3
54.456635,0.5704489,49.330366478305436,8.578538107318776,0,1,6618.2383,-0.20685372,5,1,false,false,-9.759442,1.213772,9.253576,3.0059092,3
54.473473,0.57065225,49.330367377441554,8.578525726057231,0,1,6632.568,-0.20627284,5,1,false,false,-10.231819,1.233047,10.359814,3.00264,3
54.492714,0.5708558,49.330368276577666,8.578513207090833,0,1,6642.645,-0.20249666,5,1,false,false,-10.034405,1.4831758,8.884719,2.9989092,3
54.51579,0.5710593,49.33036917571378,8.578500825829288,0,1,6641.369,-0.19552411,5,1,false,false,-10.421773,1.626463,10.082429,2.994944,3
54.54049,0.57126284,49.330370164784085,8.578488444567743,0,1,6629.139,-0.18564725,5,1,false,false,-11.690326,1.822364,11.864778,2.9908776,3
54.563763,0.5714666,49.33037115385439,8.578476062886365,0,1,6615.2866,-0.17605916,5,1,false,false,-11.818126,1.550875,10.686442,2.9868295,3
54.583843,0.57167035,49.330372142924695,8.5784635443398,0,1,6621.0977,-0.16414753,5,1,false,false,-11.207485,1.6123958,10.947355,2.9828498,3
54.605473,0.5718742,49.33037322192919,8.578451162658421,0,1,6625.0293,-0.15252805,5,1,false,false,-11.909028,1.5548195,11.459182,2.979099,3
54.626186,0.57207817,49.33037430086509,8.578438781396876,0,1,6609.198,-0.14119737,5,1,false,false,-11.756133,1.5217302,11.424462,2.9757688,3
54.64572,0.5722822,49.33037537986958,8.57842640013533,0,1,6615.72,-0.13480568,5,1,false,false,-11.167205,1.3848498,11.153724,2.9727485,3
54.663868,0.5724863,49.33037654873967,8.578414018873785,0,1,6629.08,-0.13044754,5,1,false,false,-11.115799,1.3774574,11.19044,2.9699388,3
54.6835,0.5726904,49.33037771767836,8.578401499907388,0,1,6628.643,-0.12928578,5,1,false,false,-10.666517,1.4620961,10.442655,2.967258,3
54.704086,0.57289463,49.330378886548445,8.578389118645841,0,1,6628.1494,-0.12928581,5,1,false,false,-10.430404,1.45088,10.922848,2.964726,3
54.72445,0.57309896,49.33038014535273,8.578376736964465,0,1,6633.0073,-0.13015655,5,1,false,false,-10.250922,1.4309176,10.421847,2.9622838,3
54.744217,0.57330334,49.330381404157,8.578364355702918,0,1,6635.659,-0.13190025,5,1,false,false,-9.808146,1.4103321,10.522829,2.9599264,3
54.76498,0.57350785,49.330382662961284,8.578351974441373,0,1,6639.6187,-0.13335294,5,1,false,false,-9.426991,1.4651357,10.414841,2.9576135,3
54.785904,0.5737124,49.33038392176556,8.578339593179827,0,1,6641.703,-0.13306195,5,1,false,false,-9.303044,1.4174415,9.991637,2.9553459,3
54.806557,0.5739171,49.33038527050403,8.57832707421343,0,1,6645.5366,-0.13277096,5,1,false,false,-8.992972,1.4518794,10.486803,2.9530737,3
54.82785,0.57412183,49.3303866192425,8.578314692951885,0,1,6650.8623,-0.13248113,5,1,false,false,-8.424863,1.4625084,9.529109,2.9508195,3
54.84948,0.5743267,49.33038796798097,8.578302311690338,0,1,6651.778,-0.13044755,5,1,false,false,-8.291656,1.4648433,9.947116,2.9486408,3
54.870914,0.5745317,49.330389406585034,8.578289930008962,0,1,6653.757,-0.13102841,5,1,false,false,-8.859797,1.4350069,10.862267,2.9464686,3
54.891754,0.57473665,49.3303907553235,8.578277548747415,0,1,6657.666,-0.13335298,5,1,false,false,-8.251817,1.4307396,9.819184,2.944199,3
54.913494,0.5749419,49.33039219399616,8.57826516748587,0,1,6663.6865,-0.13073745,5,1,false,false,-7.2922473,1.4657944,7.98484,2.941926,3
54.936405,0.57514715,49.33039372253442,8.578252786224324,0,1,6662.888,-0.12783311,5,1,false,false,-8.23481,1.4816518,10.918158,2.9398112,3
54.95733,0.5753525,49.330395161138476,8.578240404962779,0,1,6657.263,-0.12986667,5,1,false,false,-9.8037815,1.3625165,14.168095,2.9376667,3
54.97521,0.575558,49.330396689745335,8.578228023281401,0,1,6670.0054,-0.13044755,5,1,false,false,-8.902075,1.2021376,10.802421,2.93508,3
54.996155,0.5757636,49.330398128349394,8.578215642019856,0,1,6688.498,-0.123474956,5,1,false,false,-7.984048,1.7101152,10.206008,2.932152,3
55.02468,0.5759693,49.33039974682184,8.57820312305346,0,1,6663.4907,-0.11098254,5,1,false,false,-7.8760266,1.9146473,10.295728,2.929481,3
55.049377,0.57617515,49.33040127536009,8.578190741791913,0,1,6627.03,-0.09907098,5,1,false,false,-8.101087,1.4181836,9.6155,2.9275568,3
55.065853,0.5763811,49.330402893832535,8.578178360530368,0,1,6655.0933,-0.09413195,5,1,false,false,-6.9875407,0.9212542,9.741893,2.9260929,3
55.07851,0.57658714,49.33040442237079,8.578165979268821,0,1,6694.4116,-0.09355109,5,1,false,false,-6.404169,0.93518084,9.969689,2.9247167,3
55.096214,0.5767933,49.33040604084323,8.578153598007276,0,1,6705.8965,-0.08948398,5,1,false,false,-6.1471467,1.2985631,9.776305,2.9231496,3
55.118134,0.57699955,49.330407749249865,8.578141216325898,0,1,6709.064,-0.07931499,5,1,false,false,-5.605877,1.4897407,8.609722,2.921362,3
55.143154,0.57720596,49.33040936772231,8.578128835064353,0,1,6709.339,-0.0662417,5,1,false,false,-5.594269,1.651965,9.372337,2.9195309,3
55.16913,0.57741255,49.33041098619476,8.578116453802808,0,1,6698.564,-0.052877396,5,1,false,false,-5.62973,1.6184103,11.179686,2.9178026,3
55.19358,0.57761925,49.33041269460139,8.578104072541262,0,1,6691.4126,-0.040674843,5,1,false,false,-5.751798,1.5315963,10.238303,2.9162278,3
55.216755,0.57782614,49.330414402939425,8.578091691279717,0,1,6698.849,-0.026729695,5,1,false,false,-4.816985,1.4704117,8.875576,2.9148064,3
55.240334,0.5780331,49.33041611134606,8.578079309598339,0,1,6698.761,-0.012493553,5,1,false,false,-4.6775255,1.567484,9.892891,2.9137049,3
55.26516,0.57824016,49.3304178197527,8.578066928336794,0,1,6687.0366,-0.002615558,5,1,false,false,-4.4837794,1.4927791,9.431541,2.9129906,3
55.28586,0.5784472,49.33041952809074,8.578054547075247,0,1,6691.034,0.0040671467,5,1,false,false,-3.559263,1.2025864,8.913296,2.912606,3
55.30509,0.5786544,49.33042132643156,8.578042165813702,0,1,6716.3506,0.0072635626,5,1,false,false,-3.4067762,1.2279791,9.856545,2.9124131,3
55.326263,0.5788617,49.3304230348382,8.578029784552157,0,1,6723.193,0.011039718,5,1,false,false,-3.1260457,1.3479798,9.867918,2.9123008,3
55.349182,0.5790689,49.33042483311042,8.578017265585759,0,1,6722.436,0.015106863,5,1,false,false,-2.6961892,1.4671676,9.607904,2.912232,3
55.37443,0.5792762,49.33042663138265,8.57800488390438,0,1,6728.064,0.020627845,5,1,false,false,-2.289013,1.5621412,9.094888,2.912234,3
55.4,0.5794837,49.330428339789286,8.577992502642836,0,1,6718.741,0.026729694,5,1,false,false,-1.9902515,1.5789454,9.701687,2.9123878,3
55.425144,0.579691,49.330430138061516,8.577980121381291,0,1,6711.852,0.03283041,5,1,false,false,-1.4961011,1.460235,9.823351,2.9126925,3
55.447777,0.5798985,49.33043193640234,8.577967740119744,0,1,6717.935,0.038060404,5,1,false,false,-1.2081,1.318979,9.518402,2.9131474,3
55.469627,0.5801061,49.330433734674564,8.577955221153347,0,1,6728.122,0.045032978,5,1,false,false,-0.6672184,1.3328829,9.448968,2.913709,3
55.492325,0.5803135,49.3304355330154,8.577942839891803,0,1,6730.1655,0.052296527,5,1,false,false,-0.31607547,1.3967545,9.943663,2.9143863,3
55.51575,0.58052105,49.33043733128762,8.577930458630256,0,1,6731.203,0.059270237,5,1,false,false,0.12270215,1.4018706,9.277769,2.9151757,3
55.538486,0.5807287,49.33043912955985,8.577917939663859,0,1,6735.576,0.065081075,5,1,false,false,0.65821254,1.3467346,9.714121,2.916088,3
55.561436,0.5809363,49.330440927900675,8.577905558192397,0,1,6740.136,0.07001894,5,1,false,false,1.0162864,1.4009616,10.622674,2.9171398,3
55.58472,0.58114386,49.330442726172905,8.577893176930852,0,1,6740.265,0.07495909,5,1,false,false,1.3429285,1.3945616,9.496205,2.9183168,3
55.60755,0.5813516,49.33044452451373,8.577880657964455,0,1,6742.4404,0.07699264,5,1,false,false,1.7083672,1.3920914,9.237845,2.9196036,3
55.631,0.58155924,49.33044632278595,8.577868276492993,0,1,6744.9683,0.07786339,5,1,false,false,2.1639514,1.4023604,10.004609,2.920978,3
55.653706,0.58176684,49.33044812105818,8.577855757736511,0,1,6742.3467,0.08018908,5,1,false,false,2.4688327,1.3347086,11.034627,2.922429,3
55.6755,0.58197457,49.33044982946482,8.577843238770113,0,1,6748.9746,0.08367536,5,1,false,false,2.9116223,1.3213522,10.542792,2.9239652,3
55.696808,0.58218235,49.33045162773705,8.577830857508568,0,1,6758.8804,0.08251253,5,1,false,false,3.0015879,1.3649998,9.375154,2.925599,3
55.72023,0.58238995,49.330453426077874,8.577818338542171,0,1,6757.3936,0.07699266,5,1,false,false,3.244454,1.4629368,9.750913,2.9273002,3
55.744255,0.5825976,49.330455224350096,8.577805819575772,0,1,6747.443,0.07321539,5,1,false,false,3.584359,1.4417741,10.0849,2.9289744,3
55.76596,0.58280545,49.33045693275673,8.577793300609375,0,1,6749.8887,0.067114644,5,1,false,false,3.5035515,1.2585813,10.092063,2.9306052,3
55.786053,0.583013,49.33045873102896,8.577780781642979,0,1,6763.6313,0.06362837,5,1,false,false,3.758618,1.2625211,9.969843,2.932181,3
55.807293,0.58322066,49.3304604394356,8.577768400381432,0,1,6767.5957,0.06130267,5,1,false,false,3.7434936,1.3231514,9.443195,2.9337149,3
55.829235,0.5834284,49.33046214784223,8.577755881415035,0,1,6765.4263,0.059270237,5,1,false,false,3.8418255,1.3698206,9.132566,2.9351833,3
55.850937,0.583636,49.330463856180266,8.577743224953702,0,1,6768.8857,0.05839838,5,1,false,false,4.0862193,1.3139987,10.125511,2.9365895,3
55.87182,0.5838435,49.3304656545211,8.577730705987303,0,1,6773.778,0.05752653,5,1,false,false,4.2604594,1.2887877,10.77346,2.937952,3
55.8926,0.58405125,49.33046736285913,8.577718187230822,0,1,6779.494,0.057236664,5,1,false,false,4.2155657,1.301067,10.238945,2.9393206,3
55.914085,0.58425885,49.33046898133158,8.577705668264425,0,1,6784.7524,0.055201955,5,1,false,false,4.607997,1.4318749,11.875574,2.940699,3
55.937172,0.58446634,49.33047068973821,8.577693149298028,0,1,6781.2373,0.051134817,5,1,false,false,4.4538693,1.4985266,10.354751,2.9420836,3
55.960682,0.5846739,49.33047239814485,8.577680492836693,0,1,6771.0435,0.046485692,5,1,false,false,3.6747055,1.4472659,8.044796,2.9433575,3
55.98338,0.5848814,49.33047401661729,8.577667973870296,0,1,6770.6377,0.044452123,5,1,false,false,3.5786903,1.3514177,7.500234,2.9443505,3
56.002483,0.5850889,49.33047572495533,8.577655317408963,0,1,6773.6953,0.04706655,5,1,false,false,3.6774888,1.0335672,8.964705,2.945077,3
56.01516,0.5852964,49.33047734342777,8.577642798442566,0,1,6793.5986,0.052877396,5,1,false,false,4.110125,0.64184564,10.347819,2.9457428,3
56.02617,0.5855039,49.33047905183441,8.577630141981233,0,1,6841.7515,0.05781751,5,1,false,false,3.6936173,0.80797523,8.428956,2.9466627,3
56.04641,0.5857111,49.33048067030685,8.57761762322475,0,1,6863.217,0.05985108,5,1,false,false,3.882273,1.7387897,8.741811,2.9478645,3
56.08057,0.58591855,49.330482288779294,8.577604966553501,0,1,6819.605,0.06246553,5,1,false,false,4.326249,2.1152327,10.671714,2.949205,3
56.110775,0.58612597,49.33048390725174,8.577592310092168,0,1,6774.303,0.06479011,5,1,false,false,4.268618,1.6535132,9.342164,2.950514,3
56.13257,0.5863333,49.330485525724185,8.577579791335687,0,1,6791.1597,0.066823654,5,1,false,false,4.3037972,1.2079775,9.505901,2.9517188,3
56.15128,0.58654064,49.33048714419663,8.577567134664436,0,1,6805.8867,0.06769551,5,1,false,false,4.277226,1.2054617,9.912527,2.9528453,3
56.171204,0.586748,49.33048876266907,8.577554478203103,0,1,6796.713,0.07030995,5,1,false,false,4.311046,1.226137,9.916766,2.953912,3
56.190197,0.58695525,49.330490291207326,8.57754182174177,0,1,6808.2393,0.07118292,5,1,false,false,4.2580643,1.1386007,9.729175,2.9550185,3
56.208504,0.5871625,49.33049190967977,8.577529165280437,0,1,6827.4854,0.0717638,5,1,false,false,4.2925463,1.1735485,9.278658,2.9562232,3
56.22908,0.5873698,49.33049343821802,8.577516508819103,0,1,6827.738,0.07234466,5,1,false,false,4.0880694,1.3579923,9.395738,2.957533,3
56.251526,0.5875769,49.33049505669047,8.57750385235777,0,1,6823.501,0.073506355,5,1,false,false,4.1563663,1.3755612,8.616657,2.9588783,3
56.27308,0.5877841,49.33049658522872,8.577491058191585,0,1,6824.68,0.07466808,5,1,false,false,4.2707896,1.2852447,9.017158,2.96022,3
56.293377,0.58799136,49.330498113835574,8.577478401730252,0,1,6830.0454,0.07699267,5,1,false,false,4.3076673,1.2262442,9.930853,2.9615862,3
56.313065,0.58819854,49.33049964237382,8.577465745268917,0,1,6835.4023,0.08076992,5,1,false,false,4.9326386,1.229526,10.478973,2.963031,3
56.333572,0.5884056,49.33050117091208,8.577453088807584,0,1,6841.317,0.082803495,5,1,false,false,5.010578,1.3340164,10.268012,2.9646385,3
56.355747,0.5886128,49.33050269945033,8.577440294851314,0,1,6841.493,0.08396521,5,1,false,false,5.090309,1.5036741,10.054484,2.9663718,3
56.379974,0.58882,49.33050413812299,8.577427638180065,0,1,6828.0786,0.08483708,5,1,false,false,5.555331,1.4841679,11.96481,2.968118,3
56.40208,0.58902705,49.330505666661246,8.577414844223796,0,1,6818.5586,0.08512694,5,1,false,false,5.489575,1.339624,10.199331,2.9698186,3
56.42115,0.5892342,49.33050710533391,8.577402187762463,0,1,6825.86,0.085126944,5,1,false,false,5.6283917,1.1602788,11.134498,2.9714432,3
56.439903,0.58944136,49.330508633872164,8.577389393596278,0,1,6834.0884,0.083965234,5,1,false,false,5.8748283,1.2139701,11.996776,2.9730575,3
56.458397,0.58964837,49.33051007247622,8.577376599640008,0,1,6832.845,0.08280352,5,1,false,false,5.922809,1.2354567,11.861766,2.974706,3
56.477844,0.58985543,49.330511511148885,8.577363943178675,0,1,6838.5166,0.081060916,5,1,false,false,5.4963675,1.2759441,10.08201,2.9764287,3
56.49785,0.59006256,49.33051285988736,8.57735114901249,0,1,6839.9604,0.07931722,5,1,false,false,4.793856,1.3226417,8.089822,2.9780703,3
56.518326,0.5902696,49.330514298491416,8.57733835505622,0,1,6833.079,0.07815551,5,1,false,false,4.7333117,1.2808666,8.192659,2.9794636,3
56.535904,0.5904767,49.33051573716408,8.577325560890035,0,1,6835.2637,0.079608224,5,1,false,false,4.7752333,0.94794077,8.121898,2.9806206,3
56.546574,0.5906838,49.33051708590255,8.577312766933765,0,1,6862.663,0.0830945,5,1,false,false,4.678667,0.60811055,8.932124,2.9817896,3
56.5585,0.5908908,49.33051843457242,8.57729997276758,0,1,6905.289,0.08541907,5,1,false,false,4.7173142,0.89187497,9.000202,2.9832203,3
56.576473,0.59109783,49.33051987324508,8.57728717881131,0,1,6914.8657,0.08425623,5,1,false,false,4.618454,1.3750163,8.224254,2.9849555,3
56.60435,0.5913049,49.330521221983545,8.577274384645126,0,1,6895.6045,0.0813508,5,1,false,false,4.958598,1.8646847,8.688167,2.9868581,3
56.632923,0.59151226,49.33052257072202,8.577261590688856,0,1,6865.3623,0.07670167,5,1,false,false,5.3644705,1.7458147,9.670117,2.9887207,3
56.656456,0.5917198,49.33052391939189,8.577248659027735,0,1,6854.28,0.07147279,5,1,false,false,5.847811,1.3318869,10.429327,2.9904516,3
56.67535,0.59192747,49.33052517819617,8.577235865071465,0,1,6863.963,0.0662428,5,1,false,false,5.6346927,1.1735802,10.1943245,2.9920924,3
56.693672,0.59213513,49.33052652693464,8.57722307090528,0,1,6870.303,0.059560094,5,1,false,false,5.5774407,1.2245569,10.858616,2.9936397,3
56.71354,0.5923429,49.330527785738916,8.577210139244158,0,1,6867.9253,0.05055396,5,1,false,false,5.639567,1.2851436,10.534309,2.995084,3
56.733147,0.5925507,49.3305290445432,8.577197345287889,0,1,6866.6504,0.040384963,5,1,false,false,5.167239,1.2593043,10.0325165,2.9964201,3
56.752296,0.59275854,49.33053039328167,8.577184413626767,0,1,6870.5073,0.031667564,5,1,false,false,4.9854016,1.213257,10.3269415,2.9975948,3
56.771194,0.59296644,49.330531652085945,8.577171619460582,0,1,6872.688,0.024405126,5,1,false,false,4.6995397,1.2127752,10.145086,2.998594,3
56.789967,0.5931744,49.33053291089023,8.577158688009376,0,1,6875.129,0.01917513,5,1,false,false,4.450495,1.2011648,10.665969,2.9994233,3
56.80879,0.59338236,49.33053407982891,8.577145893843191,0.008340283,1,6881.2354,0.016560696,5,1,false,false,4.106455,1.1990943,9.294897,3.000118,3
56.826565,0.59359044,49.33053533863319,8.57713296218207,0.029786726,1,6883.6455,0.017432554,5,1,false,false,3.7998438,1.1147995,9.186844,3.0006785,3
56.84143,0.5937985,49.33053659743747,8.57712003052095,0.06314786,1,6880.103,0.020336851,5,1,false,false,3.6130815,0.8323507,8.906843,3.0011237,3
56.84797,0.59400666,49.33053776630756,8.577107099069744,0.10818541,1,6873.395,0.02440513,5,1,false,false,3.4312458,0.17803502,9.013033,3.001463,3
56.84162,0.5942148,49.33053902511183,8.577094304903559,0.18682238,1,6872.7554,0.028181273,5,1,false,false,3.3198361,-0.62546474,10.257781,3.0017736,3
56.81722,0.5944229,49.33054019405052,8.577081373242438,0.26843798,1,6865.7993,0.029053131,5,1,false,false,3.1306844,-1.8866931,9.777954,3.0021265,3
56.771503,0.5946308,49.33054136292061,8.577068441581316,0.35672593,1,6840.0884,0.025276981,5,1,false,false,2.7975879,-3.17849,9.645973,3.002541,3
56.70204,0.59483844,49.3305425317907,8.57705551013011,0.4336947,1,6810.9956,0.019466128,5,1,false,false,2.8131807,-4.732805,10.159252,3.0029638,3
56.60625,0.59504586,49.330543700729386,8.577042715963925,0.5197189,1,6779.1494,0.009006148,5,1,false,false,2.5677147,-6.261329,10.305126,3.003355,3
56.48282,0.5952529,49.33054486959947,8.577029922007656,0.6001429,0.97509265,6748.1626,-0.0011617206,5,1,false,false,2.1786535,-8.003697,10.751552,3.0036504,3
56.333637,0.59545934,49.33054603846956,8.577016990346534,0.68664384,0.86189896,6709.9644,-0.010749849,5,1,false,false,1.7074757,-9.513193,10.845029,3.0038261,3
56.1604,0.5956652,49.33054720740825,8.577004333885201,0.73894924,0.7469791,6653.716,-0.019466124,5,1,false,false,1.4942515,-10.908534,10.099212,3.0038545,3
55.964874,0.5958705,49.33054837627834,8.576991539719016,0.770523,0.64167696,6593.728,-0.025857842,5,1,false,false,1.1518677,-12.292868,10.354407,3.0037713,3
55.74551,0.59607494,49.330549455282835,8.576978883257683,0.7944716,0.5353885,6541.1323,-0.027019558,5,1,false,false,1.0338149,-13.643156,10.271653,3.0035505,3
55.51045,0.5962786,49.33055062415292,8.57696622679635,0.81448835,0.439704,6487.6274,-0.024405122,5,1,false,false,0.8010473,-14.440087,9.823736,3.003241,3
55.263462,0.5964813,49.33055179309161,8.576953570335016,0.8339093,0.34599268,6423.454,-0.018884145,5,1,false,false,0.8507005,-15.072194,8.964067,3.0028827,3
55.007973,0.5966832,49.3305528720275,8.576941051368618,0.8460621,0.28360048,6362.1763,-0.013074414,5,1,false,false,0.53060687,-15.579408,8.296382,3.002551,3
54.741814,0.5968841,49.330553951032,8.576928670107073,0.85487914,0.23797783,6308.688,-0.0072635654,5,1,false,false,0.47291392,-16.369797,9.063706,3.0021744,3
54.46559,0.597084,49.33055511990209,8.57691628863561,0.8638151,0.19235513,6238.193,-0.0029065497,5,1,false,false,0.903521,-16.65811,8.9817505,3.0017645,3
54.19256,0.5972829,49.330556198906585,8.576903907374065,0.8700106,0.15363744,6154.2837,-0.0005808602,5,1,false,false,0.59366024,-16.431112,8.382878,3.0015128,3
53.899155,0.59748083,49.33055727784248,8.576891663607455,0.8731085,0.12133171,6059.839,0.0008718525,5,1,false,false,0.27400458,-18.943045,11.76882,3.0013447,3
53.576717,0.5976775,49.33055835684698,8.576879419840846,0.87263185,0.09593095,6009.6377,0.0008718524,5,1,false,false,0.6571903,-19.330364,10.443195,3.0011292,3
53.26709,0.59787315,49.33055943585147,8.576867313569172,0.86774683,0.06781751,5955.7046,0.0005808603,5,1,false,false,0.330613,-18.026365,8.740855,3.0009785,3
52.957775,0.59806764,49.330560514787365,8.576855207297498,0.86202776,0.045869306,5886.041,-4.3655746e-11,5,1,false,false,0.45027757,-19.520727,9.947171,3.0008855,3
52.63151,0.59826094,49.33056159379186,8.576843238730676,0.85440254,0.043156598,5869.884,-0.0014527129,5,1,false,false,0.07910949,-19.546755,11.464978,3.0008461,3
52.303288,0.5984531,49.33056267279636,8.576831270163856,0.8455855,0.041430324,6103.034,-0.0026155568,5,1,false,false,-0.019676805,-19.252085,10.099478,3.000753,3
52.00409,0.59864414,49.33056375173226,8.576819439091969,0.8309307,0.03181258,6042.141,-0.0037772777,5,1,false,false,0.14244756,-17.4403,10.722728,3.000527,3
51.709805,0.59883404,49.330564740802565,8.576807608020083,0.8166329,0,5949.369,-0.00406827,5,1,false,false,0.33495632,-18.006235,11.167855,3.0002837,3
51.41167,0.5990229,49.330565819807056,8.576795914443133,0.79935664,0,5854.627,-0.0037772781,5,1,false,false,-0.029296786,-17.699427,11.134297,3.0001137,3
51.123367,0.5992107,49.33056689874295,8.576784358571036,0.7789825,0,5762.0527,-0.0026155573,5,1,false,false,0.096200615,-17.183752,11.27974,2.999924,3
50.83878,0.5993974,49.33056788781326,8.576772665204002,0.7571786,0,5671.8223,-0.0008718525,5,1,false,false,-0.08740938,-16.880505,10.6988535,2.999753,3
50.566982,0.59958315,49.33056896681776,8.57676124682684,0.7350172,0.77,5916.4365,0,0,1,false,false,-0.03342265,-15.98046,9.815493,2.9995918,3
50.305683,0.599768,49.33056995588806,8.576749690744826,0.71678793,0.77,6344.8555,0.0017425811,0,1,false,false,0.027150303,-15.564192,10.565649,2.9994175,3
50.05179,0.5999518,49.33057094495837,8.576738410072515,0.69283926,0,6604.0703,0.0034862855,0,1,false,false,-0.08402607,-14.977545,9.857746,2.9992561,3
49.810043,0.60013473,49.33057202396286,8.576726991695354,0.67782676,0,6589.09,0.0049389983,4,1,false,false,0.07725932,-14.682862,8.710278,2.9990962,3
49.54606,0.60031676,49.330573012964564,8.576715710813128,0.66567385,0,6888.6035,0.005519859,4,1,false,false,0.28597695,-16.330475,10.382641,2.9989474,3
49.283585,0.60049784,49.33057400203487,8.576704430140817,0.6590015,0,6825.126,0.005519859,4,1,false,false,0.074842095,-15.083625,9.687184,2.9988759,3
49.04329,0.600678,49.33057499110517,8.576693286963444,0.65459305,0,6709.612,0.0052288673,4,1,false,false,0.018586606,-14.153861,9.315397,2.998853,3
48.808277,0.6008574,49.33057598017548,8.576682281281006,0.65292513,0,6597.5835,0.0023245658,4,1,false,false,0.126395,-14.29927,9.035764,2.9988635,3
48.568214,0.6010358,49.33057696924578,8.576671138103631,0.6529251,0,6527.2847,-0.0011617211,4,1,false,false,-0.1012121,-14.342065,8.817097,2.9989436,3
48.32227,0.60121334,49.33057795831609,8.576660132421193,0.6555464,0,6681.3604,-0.006682704,4,1,false,false,-0.19203012,-15.193634,8.532317,2.9990113,3
48.069202,0.60138994,49.33057894738639,8.576649264443606,0.6600739,0,6692.6504,-0.013946265,4,1,false,false,-0.20020254,-14.819296,9.599737,2.9989903,3
47.83198,0.6015658,49.3305799364567,8.576638258761168,0.66746104,0,6576.6274,-0.023824263,4,1,false,false,-0.36299056,-13.995995,9.9232435,2.9988978,3
47.602524,0.60174066,49.330580925527,8.576627528278516,0.6778268,0,6499.9375,-0.03370226,4,1,false,false,-0.5340947,-13.564687,9.167778,2.9987385,3
47.369625,0.60191476,49.33058191459731,8.576616660091014,0.6905755,0,6479.19,-0.04212755,4,1,false,false,-0.69379526,-14.423684,9.593549,2.998506,3
47.12296,0.60208803,49.33058281373342,8.576605929608364,0.70225203,0,6429.469,-0.047356423,4,1,false,false,-0.8586307,-14.996204,9.613981,2.9981635,3
46.871117,0.60226053,49.33058380280373,8.57659533662065,0.72214955,0,6398.302,-0.04938998,4,1,false,false,-0.58603,-15.289923,9.166205,2.9976406,3
46.611485,0.6024321,49.33058479187403,8.576584606137999,0.737281,0,6399.8057,-0.04677555,4,1,false,false,-0.6354059,-15.796419,10.994597,2.9970345,3
46.35289,0.60260266,49.33058578094434,8.576574150855137,0.75181687,0,6367.714,-0.04125682,4,1,false,false,-0.59953636,-15.114125,8.217957,2.9963994,3
46.10037,0.60277224,49.33058668008045,8.576563557867422,0.7643275,0,6317.645,-0.03195968,4,1,false,false,-0.5550405,-15.115388,8.658377,2.9957519,3
45.849224,0.602941,49.33058766915075,8.576553240079496,0.77552724,0,6265.879,-0.021209836,4,1,false,false,-0.5708254,-15.327961,8.900316,2.9951026,3
45.586697,0.6031087,49.33058856828687,8.576542784796633,0.786608,0,6201.2837,-0.009297134,4,1,false,false,-0.5639225,-15.585256,8.465487,2.9944797,3
45.343662,0.6032755,49.33058955735717,8.576532467008706,0.7928034,0,6143.951,0.00029099174,4,1,false,false,-0.21854302,-14.443432,7.9536557,2.993891,3
45.098892,0.6034414,49.33059045649329,8.57652214922078,0.7976887,0,6042.5225,0.009006146,4,1,false,false,-0.23082477,-14.900506,7.546681,2.9933832,3
44.842728,0.60360634,49.33059144556359,8.57651196892779,0.8028119,0,5946.0225,0.018303284,4,1,false,false,-0.16641912,-15.862902,8.986709,2.992945,3
44.576782,0.6037704,49.3305923446997,8.576501788844714,0.80507565,0,5851.499,0.025857836,4,1,false,false,-0.52336806,-15.418531,9.1495285,2.9925735,3
44.310783,0.6039334,49.33059324383582,8.57649174604666,0.80650544,0,5836.38,0.033412393,4,1,false,false,-0.19911343,-16.408075,8.621295,2.9921992,3
44.034084,0.60409546,49.33059423290612,8.576481703458521,0.8082925,0,5865.2095,0.03980298,4,1,false,false,-0.115597375,-16.80648,8.91968,2.9918997,3
43.74593,0.60425645,49.33059513211084,8.576471798365318,0.80876935,0,5796.667,0.046485685,4,1,false,false,-0.087055966,-17.748014,10.039666,2.9917245,3
43.45236,0.6044163,49.33059603124695,8.576461893272116,0.8082925,0,5800.6997,0.054910973,4,1,false,false,-0.061196305,-17.397135,9.099766,2.9917216,3
43.16626,0.6045752,49.33059693038307,8.576451988178912,0.8082926,0,5857.7695,0.06450022,4,1,false,false,0.19180846,-17.085978,9.231231,2.991909,3
42.88888,0.60473305,49.33059782951918,8.576442220790561,0.80733955,0,5816.043,0.07815548,4,1,false,false,0.36770102,-16.42807,9.308498,2.9922862,3
42.61765,0.6048898,49.33059872865529,8.576432590897147,0.80733943,0,5742.731,0.095297046,4,1,false,false,0.83674145,-16.326086,9.765092,2.9928536,3
42.348103,0.6050456,49.33059962786,8.576422960793815,0.80650544,0,5720.9062,0.11243919,4,1,false,false,1.1983724,-16.088419,9.860318,2.9937043,3
42.0807,0.60520047,49.330600526996115,8.576413330900401,0.80436075,0,5676.4023,0.12871057,4,1,false,false,1.6270587,-16.108154,10.189884,2.994843,3
41.815483,0.60535437,49.33060133619804,8.576403838501921,0.8011439,0,5593.8735,0.14149399,4,1,false,false,2.104403,-15.986467,10.337999,2.996293,3
41.54717,0.6055072,49.330602235334155,8.576394346313359,0.7976884,0,5551.2773,0.1507917,4,1,false,false,2.5569434,-16.374594,10.475295,2.9980989,3
41.26903,0.60565907,49.33060304460468,8.57638485391488,0.7944717,0,5555.9736,0.15718448,4,1,false,false,3.0359972,-16.8947,10.407156,3.0002687,3
40.986366,0.6058099,49.33060394374079,8.576375636716188,0.7905398,0,5564.7925,0.15892708,4,1,false,false,3.198953,-16.92765,10.426225,3.0027921,3
40.70928,0.6059597,49.33060475301131,8.576366281812644,0.7850591,0,5567.382,0.1566037,4,1,false,false,3.516352,-16.574785,10.727177,3.005554,3
40.43795,0.60610855,49.330605562213236,8.576357064613953,0.7776718,0,5554.9956,0.15137257,4,1,false,false,3.9999697,-16.12949,11.01186,3.0084615,3
40.172794,0.6062563,49.330606281549564,8.576347847415262,0.77052295,0,5522.148,0.14498085,4,1,false,false,4.370088,-15.699377,10.7935705,3.01151,3
39.916653,0.6064032,49.330607090751485,8.576338767711507,0.7643275,0,5483.262,0.13858914,4,1,false,false,4.5507884,-15.1791935,10.500954,3.0147033,3
39.672703,0.60654914,49.33060781008782,8.576329688007752,0.75670207,0.77,5734.979,0.1327783,0,1,false,false,4.5082064,-14.307152,9.299431,3.0180345,3
39.437176,0.60669416,49.33060861935834,8.576320746008848,0.74836177,0.77,6173.35,0.12871063,0,1,false,false,4.356473,-14.154624,9.275835,3.0214176,3
39.20047,0.60683835,49.33060933862607,8.576311804009945,0.73894894,0,6185.2856,0.124351285,3,1,false,false,4.754833,-14.194771,9.6712055,3.0247407,3
38.952587,0.6069817,49.3306100579624,8.576302861801127,0.727392,0,6290.1646,0.118832,3,1,false,false,4.889161,-15.924057,9.136856,3.028055,3
38.676334,0.607124,49.33061077729873,8.576294057297158,0.71500045,0,6547.187,0.111858316,3,1,false,false,4.8375497,-16.440924,9.862984,3.0314372,3
38.421352,0.60726535,49.33061140670087,8.576285252793191,0.70177543,0,6483.32,0.10488574,3,1,false,false,5.254713,-14.837638,9.667366,3.0351317,3
38.174328,0.6074057,49.3306121260372,8.576276585784159,0.6874777,0,6376.4365,0.09674976,3,1,false,false,5.38472,-14.730388,9.021584,3.0392559,3
37.93482,0.60754526,49.33061275543934,8.576267918985044,0.6706781,0,6272.226,0.0862909,3,1,false,false,5.7426586,-14.059987,9.27562,3.0434983,3
37.705315,0.6076839,49.33061338484148,8.576259251976012,0.6506612,0,6170.3467,0.07553995,3,1,false,false,6.53699,-13.49405,9.712238,3.0476286,3
37.471382,0.60782176,49.33061401424362,8.576250722671833,0.626236,0,6234.479,0.06362838,3,1,false,false,6.4777746,-14.583376,9.291665,3.051578,3
37.22715,0.6079587,49.33061455371157,8.576242193157738,0.60681516,0,6366.5415,0.052877404,3,1,false,false,6.134247,-14.244907,9.366829,3.0552547,3
37.00457,0.6080947,49.33061518311371,8.576233801348494,0.5919218,0,6325.0684,0.046485692,3,1,false,false,6.7124963,-12.525173,9.833902,3.0587742,3
36.797363,0.60823,49.330615722581655,8.576225272044313,0.5831049,0,6218.343,0.045032978,3,1,false,false,7.1436677,-12.207058,9.933308,3.0624728,3
36.595325,0.6083645,49.330616262118205,8.576217017939923,0.5786965,0,6148.5605,0.04881026,3,1,false,false,7.222523,-11.96301,9.22328,3.0662937,3
36.388927,0.6084982,49.33061680158615,8.57620862613068,0.57869655,0,6175.9395,0.057526536,3,1,false,false,7.18044,-12.344595,9.451354,3.0700483,3
36.180798,0.60863125,49.33061725118851,8.576200371816372,0.583105,0,6178.889,0.07205365,3,1,false,false,7.728425,-12.261067,10.014167,3.0736756,3
35.974274,0.60876346,49.330617700722264,8.576192117502064,0.58977723,0,6119.7046,0.08745262,3,1,false,false,8.687312,-12.141069,10.573438,3.0773141,3
35.769318,0.6088949,49.330618150324625,8.576183863397672,0.59561545,0,6069.2407,0.1028516,3,1,false,false,8.979108,-12.098619,9.946173,3.081079,3
35.564316,0.60902554,49.330618599858376,8.576175746788216,0.60014296,0,6053.6226,0.115345165,3,1,false,false,8.472642,-12.158079,9.424746,3.084993,3
35.359398,0.6091555,49.330619049460736,8.576167629968845,0.5990708,0,6035.3657,0.12580459,3,1,false,false,8.276769,-12.041275,8.883447,3.0889642,3
35.157375,0.60928464,49.3306194091289,8.576159650854324,0.5951389,0,5998.5654,0.13277832,3,1,false,false,8.18879,-11.868432,8.445124,3.0928583,3
34.95687,0.6094131,49.330619768797064,8.576151534244868,0.58751345,0,5962.008,0.13975087,3,1,false,false,8.267486,-11.866479,8.9505625,3.0965679,3
34.754917,0.6095407,49.330620128465235,8.576143555235307,0.57917315,0,5930.324,0.14730601,3,1,false,false,8.766234,-12.113286,9.753458,3.1001425,3
34.55466,0.60966766,49.33062039819921,8.576135713720682,0.5707138,0,5885.504,0.15427856,3,1,false,false,8.638424,-11.609252,8.971321,3.1038747,3
34.35623,0.6097938,49.33062075786737,8.57612773460616,0.56094366,0,5823.248,0.16328523,3,1,false,false,9.238,-11.670236,10.449357,3.1080043,3
34.162903,0.6099192,49.330621027601346,8.576119893091535,0.54974383,0,5757.84,0.16880623,3,1,false,false,9.318618,-11.18422,10.092063,3.1128058,3
33.97733,0.6100443,49.33062120740113,8.576112189071845,0.5369951,0,5701.51,0.16880624,3,1,false,false,9.3786335,-10.999285,9.805708,3.1182342,3
33.781834,0.61016905,49.3306214772037,8.57610434755722,0.5197188,0,5672.829,0.16299541,3,1,false,false,9.951914,-11.728082,9.813613,3.1240656,3
33.589363,0.6102931,49.33062165700348,8.576096643642487,0.5036341,0,5687.4204,0.15311627,3,1,false,false,9.465117,-11.165303,9.088506,3.1300273,3
33.393684,0.61041653,49.33062183680327,8.576088939727756,0.4869535,0,5706.479,0.14410904,3,1,false,false,10.119629,-11.489688,9.821405,3.135812,3
33.20284,0.6105393,49.33062201667165,8.576081373307959,0.47217926,0,5719.4106,0.14033173,3,1,false,false,10.425022,-10.874847,10.120996,3.1411893,3
33.023975,0.6106612,49.330622106605844,8.57607380699312,0.46097937,0,5715.2896,0.14294669,3,1,false,false,10.710609,-10.296305,10.264616,-3.137078,3
32.85076,0.61078197,49.33062219647143,8.576066240573324,0.44823068,0,5685.138,0.14992043,3,1,false,false,10.87808,-9.7985935,10.209388,-3.1324522,3
32.688503,0.61090213,49.33062228640562,8.57605867415353,0.4442989,0,5648.5337,0.1603804,3,1,false,false,10.623224,-9.278576,9.900025,-3.127938,3
32.531445,0.6110219,49.33062228640562,8.576051245333627,0.438818,0,5608.0796,0.17752248,3,1,false,false,10.347576,-9.102993,9.263886,-3.1233578,3
32.377445,0.61114115,49.33062237633982,8.576043816618682,0.43762663,0,5568.16,0.1964083,3,1,false,false,10.053393,-8.965178,8.867984,-3.1186182,3
32.22268,0.6112599,49.33062237633982,8.57603638779878,0.4376266,0,5536.327,0.2152953,3,1,false,false,10.028567,-9.102779,9.181534,-3.1137006,3
32.0655,0.61137795,49.33062228640562,8.576028958978878,0.43655425,0,5509.8687,0.23621473,3,1,false,false,10.3763685,-9.230224,9.2897835,-3.108578,3
31.90703,0.6114954,49.33062228640562,8.57602166775887,0.43321815,0,5483.859,0.2574256,3,1,false,false,10.664244,-9.256279,9.18852,-3.1032076,3
31.74986,0.6116123,49.33062219647143,8.576014376538861,0.42916712,0,5460.2544,0.2751497,3,1,false,false,10.714476,-9.125556,9.026509,-3.0976098,3
31.594604,0.61172885,49.33062201667165,8.576007085213895,0.4238056,0,5436.3433,0.2896791,3,1,false,false,11.026275,-9.027656,9.425225,-3.091792,3
31.438759,0.6118449,49.33062192673746,8.575999931593781,0.4171333,0,5406.8413,0.3018823,3,1,false,false,11.59484,-9.10707,9.892787,-3.0856807,3
31.280884,0.61196053,49.33062174693767,8.575992640373773,0.41141433,0,5379.7944,0.31088945,3,1,false,false,12.394282,-9.235714,10.622406,-3.0792253,3
31.122421,0.6120759,49.330621567069294,8.575985486648701,0.4070058,0,5363.642,0.31844458,3,1,false,false,12.658532,-9.145957,10.233479,-3.0724287,3
30.96765,0.6121908,49.33062138726951,8.575978470628481,0.40259737,0,5348.091,0.32512796,3,1,false,false,12.608539,-8.807631,9.913935,-3.0653522,3
30.818846,0.6123052,49.330621117535536,8.575971316903408,0.39711657,0,5319.312,0.3306495,3,1,false,false,12.518779,-8.449305,9.66016,-3.058052,3
30.674023,0.6124192,49.330620847732966,8.57596430077823,0.39270815,0,5283.053,0.33210105,3,1,false,false,12.665296,-8.318657,9.49648,-3.0506358,3
30.528574,0.61253273,49.3306204881334,8.57595728475801,0.38603595,0,5256.0435,0.33210105,3,1,false,false,12.792695,-8.418862,9.500172,-3.0432053,3
30.381014,0.6126461,49.33062021833082,8.575950406232725,0.3759085,0,5242.719,0.3318112,3,1,false,false,12.8907585,-8.481142,9.505055,-3.035872,3
30.234613,0.6127596,49.33061985873126,8.575943390107547,0.3616109,0,5232.9575,0.33384535,3,1,false,false,12.808551,-8.32403,9.645402,-3.02864,3
30.093307,0.6128726,49.3306194091289,8.575936511582261,0.33373055,0,5215.1416,0.33675015,3,1,false,false,12.928793,-7.9498305,9.767335,-3.0214431,3
29.959501,0.6129852,49.33061895952655,8.575929633056978,0.3101394,0,5189.068,0.33733222,3,1,false,false,13.156649,-7.5039096,9.8970995,-3.0141597,3
29.831318,0.6130974,49.33061850999279,8.575922892131587,0.27832714,0,5164.012,0.33355436,3,1,false,false,13.113966,-7.23614,9.684248,-3.0066636,3
29.707907,0.61320925,49.33061806039043,8.57591615110124,0.24353623,0,5146.9053,0.32629016,3,1,false,false,13.065002,-6.92523,9.641988,-2.9989512,3
29.592663,0.61332124,49.33061752092248,8.575909410175848,0.20683901,0,5136.747,0.31960684,3,1,false,false,12.614315,-6.285846,9.0299425,-2.9910712,3
29.48868,0.61343366,49.33061698145453,8.575902669250457,0.17038012,0,5128.261,0.32018772,3,1,false,false,12.738169,-5.5868883,9.178452,-2.983197,3
29.393414,0.6135457,49.33061644191799,8.575895928325068,0.12867871,0,5122.242,0.32919624,3,1,false,false,14.106764,-5.2197824,10.493094,-2.9754255,3
29.30399,0.6136574,49.330615812515845,8.575889324894613,0.10520674,0,5126.7056,0.34866402,3,1,false,false,15.124775,-4.6256533,10.780226,-2.9676046,3
29.224556,0.613769,49.33061518311371,8.575882583969221,0.08376027,0,5142.4473,0.37220055,3,1,false,false,14.863399,-4.0406713,10.194011,-2.959667,3
29.155554,0.61388034,49.33061446377738,8.575875980538768,0.06755629,0,5153.879,0.39602777,3,1,false,false,14.0279665,-3.4248648,8.937196,-2.9517837,3
29.096802,0.61399215,49.330613834375235,8.575869377213271,0.057667095,0,5151.9062,0.421017,3,1,false,false,13.776059,-2.9272323,8.978512,-2.9441462,3
29.043625,0.6141046,49.330613025173314,8.57586291138271,0.05206719,0,5141.873,0.4480412,3,1,false,false,14.010955,-2.697435,8.735239,-2.9367888,3
28.989279,0.61421674,49.330612305836986,8.575856307952256,0.048850223,0,5134.2476,0.4768094,3,1,false,false,14.977766,-2.900308,9.31875,-2.929743,3
28.933203,0.61432874,49.330611496635065,8.575849842121695,0.047539614,0,5133.843,0.51487607,3,1,false,false,15.374882,-2.892552,9.945639,-2.9230118,3
28.87843,0.6144407,49.33061059743035,8.575843238796198,0.047063034,0,5133.404,0.5555587,3,1,false,false,15.782505,-2.79882,10.464025,-2.9163785,3
28.826633,0.61455244,49.33060969829423,8.575836772965639,0.046586446,0,5123.949,0.598567,3,1,false,false,16.102467,-2.665509,10.6024,-2.9093962,3
28.776707,0.61466473,49.33060879915812,8.575830307135078,0.044918377,0,5106.8804,0.6337294,3,1,false,false,16.034912,-2.5970056,9.871349,-2.9016502,3
28.727499,0.6147774,49.33060790002201,8.575823978904412,0.040867396,0,5091.373,0.6590126,3,1,false,false,15.877521,-2.6440537,9.576309,-2.893129,3
28.67603,0.6148898,49.3306069109517,8.57581751307385,0.032765396,0,5082.447,0.6790633,3,1,false,false,17.690939,-2.7661502,11.930391,-2.883961,3
28.625225,0.615002,49.33060583194721,8.575811184843184,0.0249017,0,5080.3237,0.69388425,3,1,false,false,14.008543,-2.5890517,8.879719,-2.8740635,3
28.578447,0.615114,49.33060475301131,8.575804856612516,0.01775289,0,5080.3745,0.7116113,3,1,false,false,14.392457,-2.4573638,8.747019,-2.864303,3
28.532091,0.61522585,49.33060367400682,8.57579852838185,0.009889194,0,5077.758,0.74038243,3,1,false,false,15.361777,-2.3627372,9.435296,-2.8549044,3
28.487453,0.61533815,49.330602505136724,8.575792200151183,0.0016680557,0,5071.8936,0.7761277,3,1,false,false,16.324022,-2.216497,9.873248,-2.8457015,3
28.444483,0.6154504,49.33060133619804,8.575785871920516,0,0,5064.5205,0.8092581,3,1,false,false,16.879059,-2.142011,10.091738,-2.8364565,3
28.400063,0.61556226,49.33060016732795,8.575779681184786,0,0,5058.0225,0.8357048,3,1,false,false,17.962294,-2.1496751,10.511962,-2.8271317,3
28.357897,0.6156739,49.330598908523676,8.575773490554013,0,0,5052.431,0.8543046,3,1,false,false,17.282627,-2.1487365,10.073165,-2.817577,3
28.316048,0.6157853,49.330597649719394,8.575767299818281,0,0,5044.023,0.86447597,3,1,false,false,16.975609,-2.1074848,9.58473,-2.807378,3
28.27426,0.6158965,49.33059630098092,8.575761109187509,0,0,5033.9644,0.8636047,3,1,false,false,16.858912,-2.1090004,9.276511,-2.7966182,3
28.232288,0.61600703,49.33059495224246,8.575754918556736,0,0,5024.4697,0.854886,3,1,false,false,16.636177,-2.109113,9.163488,-2.7854807,3
28.190218,0.6161169,49.33059351363839,8.5757488654209,0,0,5016.6094,0.8423891,3,1,false,false,16.623837,-2.0973005,8.9622,-2.7741466,3
28.148117,0.61622643,49.33059207496573,8.575742812285062,0,0,5008.8945,0.8252424,3,1,false,false,16.133842,-2.0564811,9.039993,-2.7626748,3
28.105875,0.61633563,49.33059063636167,8.575736759254184,0,0,4999.917,0.8104203,3,1,false,false,16.496847,-2.0639477,9.187779,-2.7512066,3
28.062681,0.6164444,49.33058910775482,8.575730706118348,0,0,4991.8193,0.80053955,3,1,false,false,17.063038,-2.061203,9.537824,-2.7397103,3
28.019022,0.616553,49.33058757921656,8.575724790582404,0,0,4984.8584,0.79530865,3,1,false,false,17.105064,-2.0716379,9.469293,-2.728067,3
27.97502,0.61666054,49.330585960744116,8.575718737446568,0,0,4977.619,0.7926929,3,1,false,false,17.008438,-2.072559,9.351947,-2.716267,3
27.930809,0.6167671,49.33058434227168,8.575712821910624,0,0,4969.2153,0.7918211,3,1,false,false,17.322685,-2.0403357,9.357179,-2.70434,3
27.885965,0.61687326,49.33058272379923,8.575707043974575,0,0,4959.8535,0.79211223,3,1,false,false,17.57529,-2.0483081,9.4409275,-2.6922596,3
27.840733,0.6169791,49.33058101546119,8.575701128438633,0,0,4950.802,0.79298294,3,1,false,false,17.843151,-2.0357955,9.344684,-2.6800508,3
27.794563,0.6170845,49.33057930705456,8.575695350502583,0,0,4941.8696,0.79414624,3,1,false,false,18.314392,-2.0318604,9.987281,-2.66772,3
27.748533,0.6171897,49.33057750871373,8.575689572566535,0,0,4932.1797,0.7950175,3,1,false,false,17.810867,-1.9922173,9.021835,-2.6552866,3
27.702927,0.61729425,49.33057571044151,8.575683932125422,0,0,4921.0303,0.7955983,3,1,false,false,18.336548,-1.9781166,9.957821,-2.6428068,3
27.65556,0.6173979,49.33057382223509,8.575678154189372,0,0,4908.7544,0.7964707,3,1,false,false,18.839,-2.012257,10.048094,-2.630217,3
27.608198,0.61750114,49.33057193402867,8.575672513748259,0,0,4897.648,0.79676193,3,1,false,false,18.067318,-1.9956818,8.862997,-2.6175923,3
27.560638,0.61760396,49.33057004582225,8.575667011011998,0,0,4887.8613,0.7967618,3,1,false,false,18.284733,-1.9793978,9.453079,-2.6051264,3
27.512154,0.6177065,49.33056806768164,8.575661370570884,0,0,4878.4585,0.797633,3,1,false,false,18.771849,-2.0454702,10.009577,-2.5928175,3
27.463125,0.6178087,49.33056608954103,8.575655867729665,0,0,4870.0576,0.79937726,3,1,false,false,19.148895,-1.9964997,10.0956745,-2.5805733,3
27.412928,0.6179106,49.33056402146623,8.575650364888446,0,0,4860.9116,0.7987966,3,1,false,false,19.171288,-2.0364568,9.916179,-2.5681581,3
27.363617,0.61801183,49.33056195346003,8.575644999647121,0,0,4851.0913,0.7950175,3,1,false,false,18.015905,-2.038863,8.720096,-2.5557878,3
27.314693,0.6181126,49.33055988538523,8.575639634405796,0,0,4841.5215,0.79153067,3,1,false,false,19.993603,-2.06137,9.082827,-2.5437746,3
27.259916,0.618213,49.330557727444834,8.575634269164471,0,0,4833.826,0.79879665,3,1,false,false,22.388294,-2.1592097,12.747805,-2.5312536,3
27.203888,0.6183131,49.33055556950444,8.57562904152304,0,0,4826.811,0.8063518,3,1,false,false,22.101183,-2.1753273,12.047271,-2.5177321,3
27.150347,0.61841273,49.33055332162986,8.57562381388161,0,0,4816.407,0.79095006,3,1,false,false,20.857718,-2.1263185,10.483333,-2.5038216,3
27.095404,0.6185122,49.330551073755274,8.575618586135219,0,0,4801.338,0.7706058,3,1,false,false,21.550575,-2.1229668,10.847239,-2.4902852,3
27.041132,0.6186114,49.3305487359465,8.575613496093682,0,0,4788.5303,0.7659558,3,1,false,false,20.493683,-2.0322418,9.886513,-2.477198,3
26.987776,0.6187103,49.33054639813773,8.57560854354708,0,0.0019728735,4780.446,0.77438456,3,1,false,false,20.167034,-2.0566113,9.699526,-2.4640625,3
26.939407,0.61880875,49.33054406039755,8.575603453400586,0,0.77,5055.0796,0.79211223,0,1,false,false,20.871712,-1.5704709,10.758432,-2.4503927,3
26.892706,0.61890686,49.33054163265459,8.575598500853983,0,0.15888888,5453.484,0.82262707,0,1,false,false,22.457548,-1.4157943,11.81228,-2.4366136,3
26.844933,0.6190048,49.33053911504603,8.575593685907275,0,0.029099876,5386.5137,0.8577925,2,1,false,false,25.14794,-1.507177,13.543633,-2.423206,3
26.75458,0.6191023,49.33053668737166,8.57558887096057,0,0.029099876,5582.6484,0.8906332,2,1,false,false,26.942924,-5.616259,14.970699,-2.40954,3
26.622381,0.61919945,49.33053407982891,8.575584055908903,0,0.029099876,5856.937,0.90603656,2,1,false,false,28.438534,-6.513436,15.115073,-2.3953238,3
26.510912,0.6192964,49.33053156222035,8.575579516161984,0,0.027373618,5933.095,0.89847994,2,1,false,false,27.127056,-3.709388,13.6398115,-2.3805568,3
26.448837,0.61939305,49.330528954677604,8.575574976310106,0,0.027373614,5849.958,0.8766831,2,1,false,false,24.541876,-1.8698608,11.735141,-2.365576,3
26.39095,0.6194894,49.33052625720067,8.575570436458229,0,0.027373614,5765.5137,0.85604846,2,1,false,false,23.069586,-2.626861,10.762541,-2.3507555,3
26.331549,0.6195853,49.33052355972372,8.575566034206245,0,0.023921086,5684.195,0.8455863,2,1,false,false,22.086855,-1.6649323,10.601668,-2.3367531,3
26.275894,0.619681,49.33052086231538,8.575561631954262,0,0.022194818,5700.0938,0.85197943,2,1,false,false,20.31381,-2.9373908,10.722169,-2.324273,3
26.197443,0.6197764,49.33051807497285,8.57555736730217,0,0.020468552,5786.31,0.8717427,2,1,false,false,21.458385,-3.8136203,11.500318,-2.3129668,3
26.12005,0.6198715,49.33051528756172,8.575553240145018,0,0.018742299,5833.254,0.90516424,2,1,false,false,21.027634,-3.1805692,10.344912,-2.302194,3
26.060047,0.61996675,49.330512410284996,8.575549113092821,0,0.018742295,5807.116,0.93306524,2,1,false,false,19.936268,-2.2552176,9.744634,-2.2914734,3
26.008856,0.62006193,49.330509622942465,8.575544985935668,0,0.018742295,5750.1074,0.96590614,2,1,false,false,20.42906,-2.0377238,10.460732,-2.280274,3
25.95813,0.6201568,49.330506745665744,8.575540996378407,0,0.020468554,5715.4546,0.9967145,2,1,false,false,19.63012,-2.2477558,9.847438,-2.26816,3
25.901556,0.6202514,49.330503868389016,8.575537006821147,0,0.023921086,5712.835,1.0112461,2,1,false,false,18.515942,-2.6749966,9.387603,-2.2552474,3
25.83967,0.6203456,49.330500901178105,8.575533154863782,0,0.030826142,5721.168,1.015315,2,1,false,false,18.822094,-2.8245535,9.565369,-2.2419558,3
25.778578,0.6204395,49.33049793396719,8.575529302906416,0,0.04660913,5725.71,1.0161865,2,1,false,false,18.404398,-2.652429,9.167606,-2.2285619,3
25.720911,0.6205332,49.33049496682487,8.575525588443986,0,0.0836005,5730.306,1.0132805,2,1,false,false,19.038721,-2.3609166,9.951084,-2.2152183,3
25.667616,0.62062716,49.33049199961396,8.575521874086514,0,0.12651049,5743.9272,1.00863,2,1,false,false,19.188475,-2.053522,10.130215,-2.2019215,3
25.619505,0.6207209,49.330488942468854,8.575518159729041,0,0.16695435,5761.374,0.9996196,2,1,false,false,19.79896,-1.6491609,10.48218,-2.188728,3
25.577425,0.62081444,49.33048588539235,8.575514582866505,0,0.2133169,5794.488,0.9868324,2,1,false,false,19.812302,-1.4135265,10.297728,-2.175684,3
25.536156,0.6209078,49.33048282824724,8.575511143603864,0,0.25548705,5859.973,0.97288203,2,1,false,false,19.930283,-1.3959692,10.185313,-2.1626801,3
25.496172,0.62100077,49.33047977117074,8.575507704341222,0,0.29149196,5952.739,0.95544356,2,1,false,false,19.084398,-1.3131808,9.593245,-2.1496885,3
25.458952,0.6210936,49.33047662416004,8.575504265078578,0,0.3178792,6039.7217,0.93800515,2,1,false,false,18.148798,-0.9542453,9.373874,-2.1367056,3
25.443258,0.6211863,49.330473477080744,8.57550096341583,0,0.34155357,5968.576,0.91766125,2,1,false,false,17.89105,0.9610261,9.603431,-2.1238625,3
25.456568,0.6212788,49.33047033007004,8.575497799248017,0,0.36177552,5882.921,0.89993316,2,1,false,false,17.390812,2.0247514,9.1726465,-2.1110497,3
25.469393,0.6213712,49.33046718305935,8.57549449758527,0,0.37829834,5863.585,0.8851105,2,1,false,false,16.609905,1.5129504,8.842707,-2.0984354,3
25.473043,0.62146354,49.33046394611446,8.575491333417457,0,0.39580765,5890.114,0.8761015,2,1,false,false,17.019056,1.0860707,9.505198,-2.08627,3
25.473179,0.6215558,49.33046070916957,8.57548830684954,0,0.4187423,5924.344,0.8717427,2,1,false,false,17.819796,1.1003524,9.7193775,-2.0744934,3
25.476786,0.621648,49.33045738235909,8.575485280386578,0,0.43625155,5945.4727,0.8679638,2,1,false,false,17.66097,1.4295747,9.678281,-2.062854,3
25.486494,0.6217403,49.3304541454142,8.57548225381866,0,0.4537608,5954.3984,0.8560484,2,1,false,false,17.373653,1.7773134,9.509783,-2.051217,3
25.500782,0.6218325,49.33045081853513,8.575479364850636,0,0.47127005,5963.48,0.8345424,2,1,false,false,17.1197,1.9662379,9.233349,-2.0395393,3
25.518005,0.6219247,49.330447491656045,8.575476475777654,0,0.48976564,5979.498,0.80431753,2,1,false,false,16.916416,2.128463,9.011109,-2.0278041,3
25.538305,0.62201667,49.33044416484557,8.575473724409523,0,0.51072764,5999.5576,0.77089655,2,1,false,false,16.68562,2.3359568,9.236894,-2.016065,3
25.563828,0.62210876,49.330440748032295,8.575470973041392,0,0.5432799,6019.145,0.7290485,2,1,false,false,16.76105,2.7185187,9.590053,-2.004493,3
25.594982,0.6222008,49.33043733128762,8.575468221568304,0,0.5731197,6032.708,0.6848759,2,1,false,false,17.021053,3.0801241,9.91324,-1.993263,3
25.631325,0.622293,49.33043391454295,8.575465607800068,0,0.6108508,6043.2876,0.64157546,2,1,false,false,16.801208,3.3744333,10.022644,-1.9823579,3
25.673326,0.62238526,49.33043049772968,8.575462993926871,0,0.6643648,6066.4673,0.599439,2,1,false,false,16.658756,3.6799712,9.938519,-1.9716971,3
25.720716,0.6224776,49.330426991050814,8.575460380053677,0,0.716153,6100.3965,0.56485814,2,1,false,false,16.127235,3.993453,9.261617,-1.9612997,3
25.774284,0.62257016,49.330423484371956,8.575457903780377,0,0.7538841,6131.5557,0.53870404,2,1,false,false,14.482993,4.3092346,8.568919,-1.9512234,3
25.834412,0.6226627,49.33041997769309,8.57545556510697,0,0.8101111,6164.6914,0.5247567,2,1,false,false,14.552741,4.6370153,9.345881,-1.9414937,3
25.899527,0.6227554,49.33041647101423,8.575453088833669,0,0.85745984,6197.7026,0.52301264,2,1,false,false,15.0820675,4.945592,9.571692,-1.9319962,3
25.969017,0.6228483,49.330412874401176,8.575450750160263,0,0.90308255,6220.0063,0.5296966,2,1,false,false,15.32953,5.2360315,9.729243,-1.9226052,3
26.042978,0.6229414,49.33040927778812,8.575448411486855,0,0.9469789,6233.0835,0.5413193,2,1,false,false,15.152234,5.437206,9.656258,-1.9132707,3
26.118805,0.6230347,49.33040568124367,8.575446210308385,0,0.99087536,6243.547,0.5541059,2,1,false,false,15.535887,5.4585433,9.748756,-1.9039639,3
26.192924,0.62312824,49.33040199469642,8.575444009234872,0,1,6260.1187,0.56979764,2,1,false,false,15.16721,5.260664,9.387386,-1.8945276,3
26.2651,0.6232222,49.330398308217774,8.575441808056402,0,1,6290.518,0.5820031,2,1,false,false,14.809642,5.26164,9.264331,-1.8848753,3
26.339634,0.6233161,49.33039462167053,8.575439744477825,0,1,6323.477,0.5907209,2,1,false,false,15.26343,5.348357,9.4450655,-1.875139,3
26.41508,0.6234102,49.33039093512328,8.575437680899247,0,1,6335.8125,0.5965328,2,1,false,false,15.301832,5.482623,9.577792,-1.8655016,3
26.493427,0.62350464,49.33038715871045,8.575435617425628,0,1,6335.4346,0.6023444,2,1,false,false,15.501725,5.693559,9.83291,-1.855949,3
26.573025,0.6235993,49.3303834722318,8.575433691446946,0,1,6336.237,0.6081573,2,1,false,false,15.690935,5.651748,9.971366,-1.8464097,3
26.65109,0.6236942,49.33037960588477,8.575431765363305,0,1,6343.244,0.61135393,2,1,false,false,15.785797,5.5306287,9.842835,-1.8368896,3
26.726059,0.62378937,49.33037582947194,8.575429976984516,0,1,6358.62,0.61251545,2,1,false,false,15.544431,5.337951,9.626148,-1.8273454,3
26.800322,0.6238848,49.33037196312491,8.575428188605727,0,1,6381.1016,0.611354,2,1,false,false,15.696636,5.3129134,9.731672,-1.8177534,3
26.873394,0.62398046,49.33036809677788,8.575426400121978,0,1,6400.2954,0.6087382,2,1,false,false,15.62404,5.2318873,9.820092,-1.8081436,3
26.946894,0.62407637,49.33036423043085,8.575424749343084,0,1,6415.4653,0.60437846,2,1,false,false,15.594252,5.267331,9.859542,-1.7985053,3
27.020182,0.6241725,49.33036036408383,8.57542309845923,0,1,6431.429,0.59856707,2,1,false,false,15.688251,5.2627544,9.774188,-1.7888147,3
27.093416,0.6242689,49.330356407802604,8.575421585175272,0,1,6449.1626,0.5883958,2,1,false,false,16.359888,5.2397485,10.296536,-1.7790856,3
27.166204,0.6243655,49.33035254145558,8.575419934396377,0,1,6462.3306,0.57909644,2,1,false,false,16.023542,5.267811,9.875136,-1.7692701,3
27.241447,0.6244624,49.33034849530877,8.575418558607353,0,1,6470.643,0.5689263,2,1,false,false,14.242388,5.429772,8.864097,-1.7594932,3
27.319572,0.6245596,49.33034453902755,8.575417182923289,0,1,6481.2417,0.55904615,2,1,false,false,14.646377,5.436248,9.542457,-1.7500681,3
27.3942,0.6246572,49.33034058274633,8.575415807239223,0,1,6497.853,0.55323356,2,1,false,false,15.545912,5.234196,9.882858,-1.7409015,3
27.466074,0.624755,49.33033653659952,8.575414431555158,0,1,6516.1416,0.5529438,2,1,false,false,15.854788,5.132979,10.214003,-1.7317662,3
27.538916,0.62485313,49.33033249045271,8.575413193366028,0,1,6531.6235,0.54916644,2,1,false,false,15.709649,5.322367,10.070919,-1.7225769,3
27.614449,0.6249514,49.330328444237296,8.575411955281856,0,1,6540.825,0.53986704,2,1,false,false,15.0748625,5.3360376,9.683918,-1.7134608,3
27.688053,0.62505,49.33032439809049,8.57541085469262,0,1,6548.279,0.527953,2,1,false,false,14.539763,5.0045953,9.233558,-1.704539,3
27.757462,0.6251489,49.33032026200949,8.575409754103386,0,1,6576.4033,0.51603884,2,1,false,false,14.266186,4.92399,9.117452,-1.695574,3
27.828592,0.62524813,49.33031612585988,8.575408791114045,0,1,6619.7573,0.5015095,2,1,false,false,14.6289,5.0874324,9.2494755,-1.6865947,3
27.901697,0.6253479,49.330311989778885,8.57540769052481,0,1,6638.22,0.48465502,2,1,false,false,14.394275,5.200169,9.627593,-1.6778059,3
27.977804,0.6254478,49.33030785369788,8.575406865135362,0,1,6630.7144,0.4698345,2,1,false,false,14.306808,5.376285,9.733701,-1.66929,3
28.05477,0.62554806,49.33030371761688,8.57540590214602,0,1,6628.723,0.45908427,2,1,false,false,14.326746,5.3162584,9.738438,-1.6609195,3
28.129902,0.6256486,49.330299581535876,8.575405076756573,0,1,6645.8765,0.45065618,2,1,false,false,14.489304,5.1678133,9.923236,-1.6525843,3
28.20246,0.6257494,49.33029535552068,8.575404388862061,0,1,6668.941,0.44484466,2,1,false,false,14.388236,5.018054,9.818133,-1.6442933,3
28.27389,0.62585044,49.33029112950549,8.575403701072506,0,1,6689.317,0.4416489,2,1,false,false,14.211523,4.9998307,9.497287,-1.6360396,3
28.345062,0.6259523,49.3302869034903,8.575403013177995,0,1,6709.176,0.4407764,2,1,false,false,14.33085,5.002911,9.747665,-1.6277528,3
28.417337,0.6260545,49.3302826775437,8.575402325283484,0,1,6727.7383,0.4407764,2,1,false,false,14.2176075,5.07551,9.67581,-1.6194049,3
28.49139,0.6261569,49.33027845152851,8.575401775093823,0,1,6741.4087,0.44164884,2,1,false,false,14.1564665,5.1978292,9.659653,-1.6110755,3
28.566639,0.6262596,49.330274225513314,8.575401362294143,0,1,6748.2227,0.4428106,2,1,false,false,14.510828,5.2373953,10.103608,-1.6028565,3
28.642641,0.6263626,49.33026990959823,8.575400949599418,0,1,6751.031,0.44397393,2,1,false,false,14.528656,5.2722,9.974401,-1.5947697,3
28.71764,0.6264659,49.330265593683144,8.575400536904695,0,1,6756.196,0.44339192,2,1,false,false,14.575538,5.1601415,10.08703,-1.5868189,3
28.791565,0.6265698,49.33026127776806,8.57540012420997,0,1,6768.87,0.4413578,2,1,false,false,14.627403,5.046417,10.255248,-1.5789486,3
28.863956,0.62667435,49.33025696181868,8.575399849010182,0,1,6786.1753,0.43729073,2,1,false,false,14.615885,4.9998345,10.128081,-1.5711108,3
28.936172,0.6267792,49.33025264590359,8.575399711515248,0,1,6804.2886,0.432641,2,1,false,false,14.377918,5.023976,9.787677,-1.5632936,3
29.009474,0.6268843,49.33024832998851,8.575399573915353,0,1,6819.1353,0.4271194,2,1,false,false,14.0454035,5.0343184,9.591557,-1.5555694,3
29.083044,0.6269896,49.33024401407342,8.57539943631546,0,1,6830.203,0.42217937,2,1,false,false,13.736035,5.0351386,9.75425,-1.5480083,3
29.15694,0.6270952,49.330239608258445,8.575399298820523,0,1,6842.7075,0.4163679,2,1,false,false,13.837834,5.021714,9.830328,-1.5405855,3
29.230648,0.62720114,49.33023520240917,8.575399298820523,0,1,6856.8813,0.41026554,2,1,false,false,13.696509,5.0356183,10.115918,-1.5332586,3
29.304693,0.6273073,49.330230886494085,8.57539943631546,0,1,6868.2954,0.40416422,2,1,false,false,13.621912,5.005914,9.792586,-1.5260749,3
29.378475,0.62741363,49.33022648064481,8.575399573915353,0,1,6879.0513,0.39777094,2,1,false,false,13.2507715,4.950408,9.360014,-1.5190331,3
29.451527,0.6275202,49.330222074829834,8.575399711515248,0,1,6895.0635,0.3925409,2,1,false,false,12.636975,4.8748074,8.984195,-1.5121106,3
29.524261,0.62762713,49.33021766898056,8.575399849010182,0,1,6916.729,0.38963547,2,1,false,false,12.214896,4.846882,9.178811,-1.5053236,3
29.596947,0.6277343,49.33021317323139,8.57540012420997,0,1,6937.358,0.3884726,2,1,false,false,12.3428135,4.8575535,9.290117,-1.4986922,3
29.670458,0.6278418,49.330208767416416,8.575400399304801,0,1,6951.5625,0.38905337,2,1,false,false,12.250152,4.8650303,9.620608,-1.4922038,3
29.743221,0.62794936,49.33020436156714,8.575400811999524,0,1,6963.878,0.3902168,2,1,false,false,12.891798,4.8186483,10.178147,-1.4857582,3
29.81513,0.6280572,49.330199865817974,8.575401224799206,0,1,6979.859,0.39166847,2,1,false,false,12.947841,4.7453423,10.063277,-1.4791666,3
29.88613,0.62816525,49.3301953700688,8.57540163749393,0,1,7000.1226,0.39079762,2,1,false,false,12.671119,4.6922765,9.814902,-1.4723718,3
29.957539,0.62827367,49.33019096425383,8.575402187788548,0,1,7021.8384,0.3867295,2,1,false,false,12.504358,4.763844,9.755321,-1.4654102,3
30.029568,0.62838227,49.33018646850466,8.575402738083165,0,1,7037.9727,0.3814995,2,1,false,false,12.377354,4.754202,9.558621,-1.4583958,3
30.103882,0.6284912,49.33018197275549,8.575403288272826,0,1,7048.658,0.375688,2,1,false,false,12.276248,4.987481,9.562164,-1.4514185,3
30.179813,0.6286003,49.33017747700632,8.575403976167337,0,1,7052.7812,0.3692947,2,1,false,false,12.090858,5.009649,9.501322,-1.4446392,3
30.255924,0.6287097,49.33017298125716,8.575404664061848,0,1,7053.669,0.3663898,2,1,false,false,12.231694,4.9883385,9.9043865,-1.4381516,3
30.331186,0.62881935,49.33016848550799,8.575405489451295,0,1,7058.5195,0.36609828,2,1,false,false,12.341753,4.9016247,9.948021,-1.4319156,3
30.404594,0.6289293,49.33016389982463,8.575406177345808,0,1,7070.477,0.36697066,2,1,false,false,12.259372,4.7638164,9.782037,-1.4258624,3
30.476194,0.6290395,49.33015940407547,8.57540714033515,0,1,7088.1313,0.36755145,2,1,false,false,12.165846,4.6417246,9.898301,-1.4199256,3
30.54604,0.6291501,49.3301549083263,8.575407965724597,0,1,7108.549,0.36726058,2,1,false,false,12.310892,4.5145864,10.398931,-1.4140067,3
30.614683,0.62926084,49.33015032267724,8.575408928713939,0,1,7131.035,0.36580837,2,1,false,false,12.430158,4.5014143,10.224666,-1.4079448,3
30.68456,0.6293718,49.33014582692807,8.57540989170328,0,1,7152.8984,0.36174,2,1,false,false,11.538601,4.574099,9.316698,-1.4017226,3
30.755638,0.62948304,49.33014124124471,8.575410992292515,0,1,7169.0117,0.3553473,2,1,false,false,11.07924,4.6245427,9.143469,-1.3955247,3
30.827663,0.62959456,49.33013665559565,8.57541209288175,0,1,7180.933,0.3498269,2,1,false,false,11.015488,4.6698136,9.567732,-1.3894484,3
30.900387,0.6297064,49.330132069912295,8.575413193366028,0,1,7192.313,0.34721187,2,1,false,false,11.5025215,4.7206755,10.154603,-1.3834717,3
30.97309,0.62981856,49.33012757416313,8.575414431555158,0,1,6929.262,0.34721184,2,1,false,false,11.937991,4.492674,10.638847,-1.3775804,3
31.002983,0.62993085,49.33012298851407,8.575415669639328,0,1,6702.2925,0.34663105,0,1,false,false,11.968,0.02399427,9.908435,-1.3719053,3
30.986185,0.63004327,49.33011840286501,8.575416907828458,0,1,6571.4053,0.34430584,3,1,false,false,11.640301,-0.71596193,9.929939,-1.3665754,3
31.037931,0.6301557,49.33011381718165,8.575418283512523,0,1,5931.9414,0.33994776,3,1,false,false,11.536351,6.0702157,11.131042,-1.3612617,3
31.151506,0.63026845,49.33010923153259,8.575419659196589,0,1,5682.802,0.33384532,3,1,false,false,11.224201,7.179932,10.462975,-1.3553313,3
31.243484,0.63038164,49.33010464584923,8.575421034880653,0,1,5731.0728,0.32309377,3,1,false,false,10.9022,4.678806,9.773364,-1.3490111,3
31.304312,0.6304952,49.330100060200174,8.575422548164614,0,1,5826.0454,0.31321466,3,1,false,false,10.723214,3.8354335,10.014518,-1.3430405,3
31.369612,0.630609,49.33009547451682,8.575424061448572,0,1,5846.7466,0.30682242,3,1,false,false,10.793864,4.5246654,10.333168,-1.3376055,3
31.445152,0.63072306,49.33009088886776,8.575425574732531,0,1,5822.3384,0.3047889,3,1,false,false,10.9281845,4.947421,10.646051,-1.3324564,3
31.521921,0.63083744,49.330086303184395,8.575427225616385,0,1,5813.909,0.30420732,3,1,false,false,10.990139,4.789209,10.723785,-1.32738,3
31.593737,0.6309521,49.330081717535336,8.57542887639528,0,1,5834.0156,0.30362535,3,1,false,false,10.499519,4.456119,9.972163,-1.3223209,3
31.662647,0.63106716,49.33007704195209,8.575430527279133,0,1,5861.6694,0.3015923,3,1,false,false,10.282105,4.3680224,10.126193,-1.3173265,3
31.73215,0.63118243,49.33007245630303,8.575432315657922,0,1,5881.1035,0.29839537,3,1,false,false,10.132827,4.4906425,10.095182,-1.3123581,3
31.804564,0.6312981,49.33006787061967,8.575434104141669,0,1,5891.1816,0.2963612,3,1,false,false,9.8271,4.6347575,9.661742,-1.3074142,3
31.878553,0.6314141,49.33006319503642,8.575435892520458,0,1,5895.434,0.2946182,3,1,false,false,9.604219,4.689568,9.79424,-1.3025813,3
31.95167,0.6315304,49.330058609387365,8.575437680899247,0,1,5900.548,0.29432827,3,1,false,false,9.586587,4.544939,10.067758,-1.2979059,3
32.02315,0.631647,49.330053933804116,8.57543960687793,0,1,5915.5693,0.29490906,3,1,false,false,9.391994,4.5023527,10.122831,-1.2933011,3
32.094036,0.6317639,49.33004934815505,8.575441532961571,0,1,5935.91,0.29549062,3,1,false,false,9.5132,4.4432034,10.18267,-1.2887336,3
32.164078,0.6318812,49.3300446725718,8.575443458940255,0,1,5950.682,0.2951996,3,1,false,false,9.321857,4.410841,9.866325,-1.284181,3
32.23402,0.63199884,49.330040086888445,8.575445522413874,0,1,5966.1826,0.29374632,3,1,false,false,9.188743,4.4031687,9.872936,-1.2795817,3
32.30467,0.6321168,49.3300354113052,8.57544758599245,0,1,5984.814,0.2922941,3,1,false,false,9.217609,4.4634376,10.128049,-1.274902,3
32.376038,0.63223505,49.330030735756246,8.575449649571027,0,1,5997.423,0.28967914,3,1,false,false,9.255607,4.5110774,10.327774,-1.2701788,3
32.448494,0.6323536,49.33002615007289,8.575451850749499,0,1,6002.863,0.28706306,3,1,false,false,9.176305,4.5754476,10.221049,-1.2654498,3
32.52061,0.6324725,49.330021474489634,8.57545405182301,0,1,6009.4453,0.2835772,3,1,false,false,9.077977,4.5309873,9.956137,-1.2607508,3
32.59219,0.6325919,49.330016798906385,8.575456253001482,0,1,6022.6895,0.2803815,3,1,false,false,8.991923,4.476866,9.783382,-1.2560995,3
32.663067,0.6327116,49.330012123357434,8.575458454074994,0,1,6036.8726,0.27892822,3,1,false,false,8.826314,4.4479713,10.039866,-1.2515415,3
32.73396,0.6328316,49.330007447774186,8.575460792748402,0,1,6048.2397,0.27892816,3,1,false,false,8.983336,4.4465947,10.49395,-1.2470949,3
32.804558,0.63295186,49.33000277219094,8.575462993926871,0,1,6058.727,0.27979898,3,1,false,false,9.204771,4.4258156,10.898634,-1.2426972,3
32.874386,0.63307244,49.32999809660769,8.575465470200173,0,1,6071.4053,0.28067133,3,1,false,false,9.329578,4.3810234,10.860667,-1.238265,3
32.943478,0.63319343,49.32999342102443,8.57546780887358,0,1,6087.0073,0.2806713,3,1,false,false,9.270569,4.34658,10.509852,-1.2337381,3
33.01228,0.6333149,49.329988745441185,8.57547028514688,0,1,6103.463,0.27892822,3,1,false,false,9.062015,4.3615923,10.346998,-1.2291077,3
33.082138,0.6334366,49.32998406987509,8.575472761420182,0,1,6117.49,0.27602208,3,1,false,false,8.978225,4.4591675,10.270099,-1.224419,3
33.15334,0.63355863,49.32997939429183,8.575475237693482,0,1,6124.673,0.27398798,3,1,false,false,8.856711,4.5337667,10.146202,-1.2197663,3
33.225407,0.63368094,49.329974718708584,8.575477851566676,0,1,6126.313,0.27224496,3,1,false,false,8.887915,4.526812,10.457273,-1.2152544,3
33.29646,0.6338036,49.329970043125336,8.575480465334913,0,1,6130.4185,0.27108315,3,1,false,false,8.93858,4.455705,10.618065,-1.2109021,3
33.365692,0.63392633,49.32996536755923,8.575483079208107,0,1,6143.468,0.26962996,3,1,false,false,8.99126,4.330691,10.734446,-1.2066435,3
33.433296,0.63404936,49.329960691975984,8.575485693081303,0,1,6162.0967,0.26730478,3,1,false,false,8.9451275,4.245369,10.533827,-1.2024134,3
33.50001,0.6341726,49.32995592647569,8.575488444449434,0,1,6180.181,0.2646898,3,1,false,false,8.849986,4.2165933,10.433065,-1.1981661,3
33.56707,0.6342962,49.32995125089244,8.575491195817564,0,1,6197.3325,0.2606221,3,1,false,false,8.60498,4.2761946,10.336072,-1.1938561,3
33.6354,0.63442004,49.329946575326346,8.575493947290653,0,1,6211.1797,0.25713572,3,1,false,false,8.274344,4.3366566,9.938504,-1.1895235,3
33.704517,0.63454413,49.32994189974309,8.575496698658784,0,1,6220.215,0.2545208,3,1,false,false,8.487747,4.3860073,10.427782,-1.1852474,3
33.77376,0.6346686,49.32993722415984,8.575499587626807,0,1,6226.952,0.25364888,3,1,false,false,8.517643,4.3716593,10.479445,-1.1810293,3
33.84282,0.6347933,49.32993245865955,8.57550247669979,0,1,6236.008,0.25364894,3,1,false,false,8.41677,4.346414,10.20765,-1.1768724,3
33.91085,0.6349183,49.32992778309345,8.57550550316275,0,1,6247.7505,0.2548107,3,1,false,false,8.385619,4.287624,10.657512,-1.1727991,3
33.97711,0.63504344,49.329923107510204,8.575508392130775,0,1,6261.481,0.25597295,3,1,false,false,8.712188,4.191671,11.057227,-1.1687608,3
34.043785,0.6351689,49.32991834200991,8.575511418698692,0,1,6279.5225,0.25655496,3,1,false,false,8.79788,4.243247,10.955925,-1.1646266,3
34.110683,0.6352947,49.32991366644381,8.575514445266611,0,1,6292.0576,0.25510225,3,1,false,false,8.620144,4.25455,10.858402,-1.1604311,3
34.17782,0.63542056,49.32990899086056,8.57551747183453,0,1,6299.217,0.2521956,3,1,false,false,8.441748,4.268895,10.10126,-1.156236,3
34.245045,0.6355468,49.329904225360266,8.575520636002341,0,1,6310.804,0.25016218,3,1,false,false,8.17116,4.3314986,10.604364,-1.1520574,3
34.312862,0.6356732,49.32989954977702,8.575523800065197,0,1,6322.2915,0.24841893,3,1,false,false,8.45764,4.3066187,10.781254,-1.1479663,3
34.3803,0.63579994,49.329894874210915,8.575526964233008,0,1,6326.9644,0.24783807,3,1,false,false,8.549599,4.2783275,11.161808,-1.1439768,3
34.4472,0.63592684,49.32989010871063,8.575530128295863,0,1,6333.3267,0.24754706,3,1,false,false,8.49083,4.2431645,11.032571,-1.1400275,3
34.51238,0.6360539,49.32988543312737,8.575533430063569,0,1,6348.126,0.24609378,3,1,false,false,8.415312,4.1070585,10.69859,-1.1360604,3
34.576557,0.6361813,49.32988075756128,8.575536731726318,0,1,6368.9966,0.24405971,3,1,false,false,8.329311,4.124275,10.860303,-1.1320225,3
34.64109,0.63630885,49.329875992060984,8.575540033389066,0,1,6385.6216,0.24173564,3,1,false,false,8.4512825,4.165047,11.036505,-1.1279277,3
34.707222,0.6364367,49.329871316477735,8.575543472651708,0,1,6393.4814,0.23912069,3,1,false,false,8.31786,4.2956805,11.085743,-1.123787,3
34.77417,0.6365647,49.329866550994595,8.575546774314457,0,1,6396.348,0.23592483,3,1,false,false,8.338847,4.292725,11.084675,-1.1196579,3
34.840622,0.6366929,49.329861875411346,8.575550213577099,0,1,6402.384,0.23243795,3,1,false,false,7.998558,4.24959,10.342851,-1.1155753,3
34.906292,0.63682127,49.32985719982809,8.575553790439635,0,1,6414.142,0.2289511,3,1,false,false,7.715257,4.194429,9.697674,-1.1116024,3
34.9713,0.63694996,49.329852434327805,8.575557229702277,0,1,6426.383,0.22662708,3,1,false,false,7.871064,4.1838284,10.414902,-1.1078025,3
35.035885,0.6370789,49.329847758753125,8.575560806564813,0,1,6435.6313,0.22662713,3,1,false,false,8.0666485,4.1449018,10.858157,-1.1041365,3
35.10012,0.6372079,49.32984308317845,8.57556438342735,0,1,6446.678,0.22749786,3,1,false,false,8.089784,4.1174655,10.932242,-1.1005156,3
35.16227,0.63733715,49.32983831767816,8.575567960184928,0,1,6460.6323,0.22778887,3,1,false,false,8.084686,3.9307003,10.988875,-1.096876,3
35.22291,0.6374666,49.32983364210349,8.575571537047464,0,1,6483.3706,0.2254648,3,1,false,false,7.7315674,3.9298592,10.33608,-1.0931108,3
35.28466,0.6375963,49.32982896652023,8.575575251404937,0,1,6507.4487,0.21994387,3,1,false,false,7.522624,4.0335236,10.085971,-1.0892501,3
35.348587,0.63772625,49.329824201028515,8.575578965867367,0,1,6517.2104,0.21093602,3,1,false,false,7.6591196,4.16109,10.520348,-1.0854023,3
35.413956,0.63785636,49.32981952545384,8.575582680224837,0,1,6515.227,0.20105745,3,1,false,false,7.9084225,4.2804794,11.032767,-1.0816116,3
35.480286,0.6379866,49.329814849870594,8.575586532182204,0,1,6515.5947,0.19205025,3,1,false,false,7.8888416,4.233221,11.212475,-1.0779041,3
35.544117,0.6381171,49.32981008437888,8.575590246644634,0,1,6521.248,0.18100989,3,1,false,false,7.4740314,4.075698,10.886022,-1.0743474,3
35.606094,0.63824785,49.32980540879563,8.575594098602,0,1,6537.2656,0.16793379,3,1,false,false,7.103808,4.0058103,10.771426,-1.0709431,3
35.667656,0.6383788,49.32980073322095,8.575597950559366,0,1,6557.4707,0.15573129,3,1,false,false,6.8971634,4.0514183,10.153197,-1.067687,3
35.730377,0.63851,49.32979596772923,8.575601940116625,0,1,6568.459,0.14672342,3,1,false,false,6.6554937,4.107593,9.979999,-1.0646603,3
35.794117,0.63864136,49.329791292145984,8.575605792073992,0,1,6569.8325,0.14120416,3,1,false,false,6.251174,4.139037,10.053441,-1.0618942,3
35.85747,0.6387729,49.32978661657131,8.575609781631252,0,1,6575.7104,0.13800828,3,1,false,false,6.2374587,4.0445557,10.52395,-1.0593565,3
35.918995,0.6389047,49.32978185107102,8.575613771188511,0,1,6592.653,0.13597411,3,1,false,false,6.2370787,3.9472,10.678084,-1.0569317,3
35.977863,0.6390367,49.329777175496346,8.575617760745772,0,1,6613.0913,0.13481131,3,1,false,false,5.9765134,3.7741842,10.230533,-1.0545415,3
36.036896,0.6391689,49.32977249991738,8.575621750303032,0,1,6635.918,0.13103403,3,1,false,false,5.667224,3.8722556,10.486159,-1.0521117,3
36.097095,0.63930136,49.329767734421374,8.575625877355227,0,1,6654.8735,0.12464231,3,1,false,false,5.4441557,3.939295,10.092276,-1.0496377,3
36.1604,0.639434,49.32976305884242,8.575630004512382,0,1,6663.578,0.1141829,3,1,false,false,5.618413,4.1737223,10.617046,-1.0471714,3
36.22518,0.63956684,49.32975838326345,8.575634131669535,0,1,6659.7896,0.10227075,3,1,false,false,5.176403,4.206824,10.085075,-1.0447791,3
36.290188,0.6397,49.329753617771736,8.575638258721732,0,1,6656.994,0.0880335,3,1,false,false,4.909332,4.163582,9.993265,-1.0425556,3
36.35341,0.63983333,49.32974894218849,8.575642385878885,0,1,6664.2637,0.07379736,3,1,false,false,4.5296125,4.0225754,9.568635,-1.0405622,3
36.41438,0.63996696,49.329744266609524,8.575646512931081,0,1,6677.8276,0.0563648,3,1,false,false,4.1834936,3.9149995,9.812953,-1.0388232,3
36.474644,0.6401008,49.32973950111781,8.575650777688129,0,1,6693.804,0.038060404,3,1,false,false,4.0396395,3.8752964,10.746274,-1.0373186,3
36.533756,0.6402348,49.32973482553884,8.575655042340218,0,1,6708.117,0.015106861,3,1,false,false,3.4478142,3.8105314,10.746864,-1.0360119,3
36.593067,0.64036906,49.32973006004498,8.575659306992309,0,1,6725.5024,-0.00871628,3,1,false,false,3.0121071,3.8088887,10.388585,-1.0349002,3
36.652176,0.6405035,49.329725294551125,8.575663571749356,0,1,6743.969,-0.035735834,3,1,false,false,2.3831973,3.8302073,9.90435,-1.0339899,3
36.71242,0.64063835,49.32972061897109,8.575667836401445,0,1,6759.659,-0.06043082,3,1,false,false,1.9398317,3.957829,10.024298,-1.0333396,3
36.775017,0.6407733,49.329715853477225,8.575672101053536,0,1,6764.056,-0.08396409,3,1,false,false,1.522957,4.059803,9.905735,-1.0330185,3
36.8379,0.64090854,49.32971108798337,8.575676365810583,0,1,6757.341,-0.10749736,3,1,false,false,0.994446,4.0296683,9.84657,-1.033066,3
36.90048,0.64104396,49.329706412404406,8.575680630462672,0,1,6755.8975,-0.1266714,3,1,false,false,0.52171177,3.9871225,9.208769,-1.0335069,3
36.960377,0.64117974,49.32970164691054,8.575685032714658,0,1,6769.1562,-0.14787899,3,1,false,false,-0.095069155,3.7005699,7.981071,-1.0343276,3
37.015804,0.64131576,49.32969688141615,8.575689297366747,0,1,6792.6353,-0.16763496,3,1,false,false,-0.8347334,3.5725262,9.938533,-1.0354756,3
37.070667,0.641452,49.329692115922825,8.57569369961873,0,1,6817.642,-0.18448442,3,1,false,false,-1.2242917,3.517696,8.455612,-1.0369892,3
37.12448,0.64158845,49.329687260513,8.575697964375777,0,1,6840.637,-0.20743571,3,1,false,false,-1.6795378,3.3791206,8.682606,-1.0388178,3
37.176163,0.64172506,49.329682495019135,8.575702366627763,0,1,6867.8965,-0.22835228,3,1,false,false,-2.7839134,3.237897,9.625191,-1.0409703,3
37.231766,0.64186203,49.32967772952527,8.575706631279852,0,1,6908.26,-0.2469443,3,1,false,false,-3.0971532,4.0512247,8.731162,-1.0435658,3
37.291744,0.6419991,49.32967287411652,8.575711033531835,0,1,6915.6724,-0.26321283,3,1,false,false,-3.3578463,3.706881,8.385441,-1.0464985,3
37.34997,0.64213645,49.32966801870776,8.575715298183924,0,1,6899.2944,-0.2783198,3,1,false,false,-4.072767,3.7724545,9.368515,-1.04971,3
37.415604,0.6422741,49.329663253211756,8.57571970043591,0,1,6910.2324,-0.29284573,3,1,false,false,-4.373444,4.2776866,8.50422,-1.0532595,3
37.47776,0.6424118,49.329658397802994,8.575723965192957,0,1,6905.625,-0.30707973,3,1,false,false,-5.2646527,3.8578012,8.739706,-1.0568926,3
37.5318,0.64254946,49.32965354239424,8.575728229845046,0,1,6895.992,-0.3213147,3,1,false,false,-6.268617,3.4964297,10.814774,-1.0606285,3
37.587578,0.64268726,49.329648597072726,8.575732494497137,0,1,6930.847,-0.3346767,3,1,false,false,-6.4879556,3.5554574,9.329955,-1.0647779,3
37.64129,0.6428253,49.32964374166397,8.575736759254184,0,1,6958.9097,-0.3419391,3,1,false,false,-7.3464613,3.367665,9.365845,-1.0691785,3
37.691566,0.64296347,49.32963879633817,8.575741023906273,0,1,6962.746,-0.34368294,3,1,false,false,-7.6727395,3.4363644,9.90137,-1.0738412,3
37.747124,0.64310175,49.329633851012375,8.575745288558364,0,1,6982.583,-0.3471692,3,1,false,false,-7.4199867,3.8822277,9.376564,-1.0788529,3
37.805954,0.64324003,49.32962890569086,8.575749553315411,0,1,6987.6724,-0.34920153,3,1,false,false,-8.023036,3.6942062,8.554784,-1.0838766,3
37.85992,0.64337844,49.32962396036506,8.575753680367606,0,1,6972.418,-0.3512351,3,1,false,false,-7.566399,3.5886097,8.420311,-1.0887443,3
37.91457,0.6435171,49.32961901503926,8.575757807524761,0,1,6987.5234,-0.35617417,3,1,false,false,-8.101852,3.6445353,8.9115925,-1.0935297,3
37.966022,0.64365596,49.329613979804996,8.57576207217685,0,1,7009.951,-0.3625648,3,1,false,false,-8.640859,3.3146675,8.378944,-1.0982394,3
38.015373,0.64379483,49.3296090344792,8.575766199334005,0,1,7020.593,-0.370699,3,1,false,false,-8.482279,3.2478507,8.509985,-1.102991,3
38.064327,0.6439338,49.32960399924493,8.575770188891264,0,1,7034.1826,-0.3782525,3,1,false,false,-8.468856,3.28915,7.843858,-1.1078972,3
38.11283,0.6440729,49.32959887408505,8.57577431594346,0,1,7058.1177,-0.38493297,3,1,false,false,-8.858715,3.237251,8.011002,-1.1130654,3
38.161407,0.6442121,49.32959383885078,8.575778443100614,0,1,7080.8877,-0.39219528,3,1,false,false,-9.119591,3.2394729,8.272866,-1.1185327,3
38.210114,0.6443516,49.32958880360794,8.575782432657874,0,1,7092.1504,-0.39858708,3,1,false,false,-10.144456,3.35007,9.251652,-1.1242915,3
38.260178,0.64449114,49.329583678456636,8.575786422215135,0,1,7098.189,-0.4041058,3,1,false,false,-10.652221,3.3999019,8.979958,-1.1304448,3
38.310608,0.6446308,49.329578553296756,8.575790411667436,0,1,7106.4136,-0.40584958,3,1,false,false,-11.3072815,3.4794047,9.449125,-1.1369959,3
38.3611,0.64477056,49.32957342814545,8.57579426372976,0,1,7111.6533,-0.40613937,3,1,false,false,-11.498894,3.4950898,8.84875,-1.1438501,3
38.412113,0.6449105,49.32956830299414,8.575798253182063,0,1,7111.9185,-0.40584955,3,1,false,false,-11.590524,3.600194,8.8292055,-1.1508031,3
38.46432,0.6450507,49.32956308792579,8.575802105244385,0,1,7108.122,-0.40584952,3,1,false,false,-12.273176,3.5949879,9.312295,-1.1576333,3
38.514687,0.645191,49.32955787285744,8.575805957201752,0,1,7102.6436,-0.40991664,3,1,false,false,-12.764737,3.5432067,9.303953,-1.1642498,3
38.56289,0.6453315,49.329552657789094,8.575809671559224,0,1,7105.2705,-0.41601744,3,1,false,false,-12.962931,3.3515959,9.218341,-1.170679,3
38.60749,0.6454721,49.329547442720745,8.575813386021654,0,1,7119.0674,-0.4258931,3,1,false,false,-12.745794,3.152042,8.716076,-1.1769991,3
38.65025,0.64561284,49.32954213773536,8.575817100379126,0,1,7142.2485,-0.43838435,3,1,false,false,-12.810986,3.1051724,8.551876,-1.1833475,3
38.692333,0.64575374,49.32953692266701,8.575820814841556,0,1,7161.655,-0.45465186,3,1,false,false,-13.287368,3.0849848,9.025924,-1.1897868,3
38.73423,0.6458948,49.329531617681624,8.575824391599134,0,1,7172.899,-0.47469553,3,1,false,false,-13.689254,3.1153822,9.235971,-1.1964438,3
38.776005,0.646036,49.32952631269623,8.57582796846167,0,1,7184.136,-0.4927055,3,1,false,false,-13.606296,3.0651865,8.495179,-1.2034262,3
38.817684,0.64617735,49.3295209177938,8.575831545324206,0,1,7199.257,-0.5072305,3,1,false,false,-13.017885,3.1115794,7.873139,-1.2106832,3
38.860104,0.6463188,49.329515612808414,8.57583498458685,0,1,7214.227,-0.51855904,3,1,false,false,-13.296944,3.198877,8.2022,-1.2180306,3
38.903408,0.64646053,49.32951021792313,8.575838423849492,0,1,7218.991,-0.5304683,3,1,false,false,-14.129125,3.2482083,8.776617,-1.2253747,3
38.945663,0.6466024,49.3295048230207,8.575841863112133,0,1,7215.6587,-0.5432495,3,1,false,false,-14.936332,3.1896377,9.303782,-1.2327602,3
38.984688,0.6467443,49.32949942811827,8.575845164774881,0,1,7219.7065,-0.553125,3,1,false,false,-15.0648575,2.9259486,9.004571,-1.240343,3
39.019363,0.64688647,49.32949394329879,8.57584846643763,0,1,7242.426,-0.5569024,3,1,false,false,-14.627511,2.7548118,8.279365,-1.2482526,3
39.05225,0.6470287,49.32948854839636,8.575851768205336,0,1,7274.4287,-0.554869,3,1,false,false,-15.389776,2.766332,8.798916,-1.256406,3
39.08831,0.6471711,49.32948306359404,8.575854932268191,0,1,7281.4556,-0.5513827,3,1,false,false,-15.357361,3.0741587,8.973201,-1.2646958,3
39.126667,0.64731365,49.32947757877457,8.575858096436002,0,1,7278.7324,-0.5467345,3,1,false,false,-15.67556,3.1538937,8.592505,-1.2730066,3
39.165928,0.64745635,49.3294720939551,8.575861122898964,0,1,7273.158,-0.54150677,3,1,false,false,-14.64849,3.1777012,7.953114,-1.2812935,3
39.205036,0.6475992,49.32946651923574,8.575864149466883,0,1,7277.5273,-0.5351164,3,1,false,false,-15.053179,3.1121712,8.895564,-1.2894084,3
39.23915,0.6477422,49.329460944499225,8.5758671760348,0,1,7281.798,-0.5298863,3,1,false,false,-16.10909,2.8516579,9.162304,-1.2973255,3
39.270184,0.6478854,49.3294554596969,8.575870065002825,0,1,7281.0215,-0.52988625,3,1,false,false,-17.097153,2.7624288,9.780343,-1.3052729,3
39.2975,0.64802873,49.32944988496038,8.57587295397085,0,1,7278.635,-0.5281435,3,1,false,false,-16.740519,2.484028,9.278389,-1.3134243,3
39.322296,0.6481721,49.32944422032398,8.575875843043832,0,1,7276.684,-0.52320695,3,1,false,false,-15.650231,2.4761198,8.559958,-1.321923,3
39.346554,0.6483156,49.329438645587466,8.575878594411963,0,1,7275.499,-0.5139108,3,1,false,false,-15.841165,2.3620303,8.418131,-1.3305298,3
39.367577,0.64845926,49.32943298095106,8.575881208285157,0,1,7276.0464,-0.5060674,3,1,false,false,-16.919739,2.302416,9.14841,-1.3389747,3
39.387516,0.64860296,49.329427316297505,8.575883822053394,0,1,7277.7354,-0.5022914,3,1,false,false,-18.43342,2.3031838,10.51124,-1.3471351,3
39.405457,0.64874685,49.329421741578145,8.575886435926588,0,1,7278.239,-0.49706256,3,1,false,false,-18.443554,2.2443593,10.008494,-1.3551991,3
39.423927,0.6488907,49.329415987024696,8.575888912199888,0,1,7276.714,-0.48747674,3,1,false,false,-17.79281,2.229261,9.520316,-1.363337,3
39.427982,0.6490347,49.329410322371146,8.57589138847319,0,1,7234.0854,-0.4744045,0,1,false,false,-16.708406,0.0642812,8.361528,-1.3714588,3
39.403934,0.6491787,49.32940465771759,8.575893727146596,0,1,6980.509,-0.4639468,4,1,false,false,-16.399347,0.012934753,8.982888,-1.3791236,3
39.4695,0.64932275,49.32939890316414,8.575896065820004,0,1,5854.864,-0.46104142,4,1,false,false,-17.168976,7.2019672,10.644921,-1.3865418,3
39.548927,0.6494671,49.3293931486107,8.575898266998474,0,1,5739.217,-0.463075,4,1,false,false,-17.26526,4.08769,9.301619,-1.3945053,3
39.566357,0.6496117,49.32938739405725,8.575900468071987,0,1,6012.191,-0.46336588,4,1,false,false,-17.045841,1.5914925,8.587398,-1.4022689,3
39.589153,0.6497564,49.3293816395038,8.575902669250457,0,1,5969.7324,-0.46510848,4,1,false,false,-16.66559,3.1788633,8.725399,-1.4096003,3
39.631084,0.6499012,49.329375884916054,8.575904732829034,0,1,5858.3506,-0.4697566,4,1,false,false,-16.17975,3.634323,8.455143,-1.4170138,3
39.665047,0.65004617,49.32937013036261,8.575906658807718,0,1,5917.1675,-0.47672915,4,1,false,false,-18.02953,2.8316035,9.852246,-1.424711,3
39.689243,0.65019125,49.32936428590927,8.5759085847864,0,1,5965.69,-0.48311973,4,1,false,false,-19.276186,2.7937574,11.076013,-1.4326383,3
39.719376,0.65033644,49.32935844142163,8.575910510765084,0,1,5920.9395,-0.48195794,4,1,false,false,-19.926624,3.2308118,11.38494,-1.4408299,3
39.74917,0.6504819,49.3293525969683,8.575912299143873,0,1,5901.4697,-0.4712093,4,1,false,false,-20.010954,3.0503223,11.219699,-1.4493135,3
39.77596,0.65062743,49.32934675248066,8.575913950027726,0,1,5939.5674,-0.45232844,4,1,false,false,-19.632734,2.871335,10.3883915,-1.457968,3
39.805077,0.650773,49.32934090799302,8.575915600911578,0,1,5947.874,-0.43373647,4,1,false,false,-18.34002,3.1507742,9.91315,-1.466407,3
39.839134,0.6509188,49.32933506353969,8.575917251690473,0,1,5925.946,-0.41688806,4,1,false,false,-18.86747,3.3280876,10.632888,-1.4743029,3
39.873634,0.65106475,49.32932912915216,8.575918764974434,0,1,5924.441,-0.40759212,4,1,false,false,-19.083778,3.2721672,10.008033,-1.4816774,3
39.906845,0.651211,49.329323194764626,8.575920140658498,0,1,5931.422,-0.40701133,4,1,false,false,-19.06134,3.2626915,10.535208,-1.4886056,3
39.939644,0.6513574,49.32931735027699,8.575921516447522,0,1,5924.158,-0.4116593,4,1,false,false,-18.17347,3.137593,9.803244,-1.495275,3
39.972603,0.6515039,49.32931141588946,8.575922892131587,0,1,5930.205,-0.41688812,4,1,false,false,-17.308784,3.048436,9.896602,-1.5019876,3
40.00372,0.65165067,49.32930548150193,8.575923992720822,0,1,5951.3467,-0.42182606,4,1,false,false,-17.576908,2.9810789,9.368917,-1.508626,3
40.036713,0.6517972,49.32929945721451,8.575925230804994,0,1,5959.476,-0.43083107,4,1,false,false,-18.226698,3.1492558,9.856315,-1.5151012,3
40.0737,0.6519438,49.32929352282698,8.57592633139423,0,1,5945.5435,-0.44651765,4,1,false,false,-18.381117,3.42129,10.546303,-1.5215268,3
40.110607,0.6520905,49.32928758840515,8.575927294383572,0,1,5928.7,-0.46162343,4,1,false,false,-18.470472,3.2374105,10.609507,-1.5278859,3
40.144295,0.65223736,49.329281564117736,8.575928257372912,0,1,5932.3267,-0.47237098,4,1,false,false,-18.187664,2.9977171,10.179214,-1.5343056,3
40.17602,0.65238434,49.329275629730205,8.575929220362253,0,1,5949.149,-0.48021534,4,1,false,false,-17.795403,2.9220915,9.792193,-1.5407761,3
40.2088,0.6525312,49.329269605408484,8.575929908151808,0,1,5957.2344,-0.48457235,4,1,false,false,-17.183289,2.9844968,9.228189,-1.5471959,3
40.243847,0.6526782,49.32926358112106,8.575930733646214,0,1,5957.694,-0.4866048,4,1,false,false,-17.005196,3.0636187,9.462931,-1.5534834,3
40.2791,0.6528253,49.32925755683364,8.575931421435767,0,1,5960.333,-0.49038103,4,1,false,false,-16.906103,3.0050938,9.623181,-1.5596251,3
40.313236,0.6529726,49.329251532511925,8.575931971730384,0,1,5968.861,-0.49532002,4,1,false,false,-16.502258,2.911775,9.455355,-1.5657204,3
40.346294,0.6531198,49.3292455082245,8.575932522025003,0,1,5982.875,-0.50054884,4,1,false,false,-16.21155,2.8024104,8.935164,-1.571899,3
40.37883,0.6532671,49.32923948390278,8.57593307231962,0,1,5997.8926,-0.5069382,4,1,false,false,-16.681065,2.7958908,9.875274,-1.5782843,3
40.410995,0.6534145,49.32923345961536,8.575933485014344,0,1,6008.632,-0.5130391,4,1,false,false,-17.588516,2.824009,10.3282585,-1.585076,3
40.442932,0.65356207,49.32922734539375,8.575933897709067,0,1,6013.744,-0.5150725,4,1,false,false,-18.603823,2.8417208,11.260824,-1.5924108,3
40.473785,0.6537097,49.329221321072026,8.575934172908855,0,1,6018.3374,-0.50984377,4,1,false,false,-18.603575,2.8015869,10.807528,-1.600328,3
40.507156,0.65385735,49.32921520685042,8.575934448003686,0,1,6028.344,-0.49909624,4,1,false,false,-17.670202,3.0819788,10.085013,-1.608614,3
40.547695,0.65400505,49.329209182563,8.57593458560358,0,1,6023.8794,-0.48718572,4,1,false,false,-17.096212,3.5294244,9.473251,-1.6166564,3
40.592247,0.65415305,49.329203068341386,8.57593458560358,0,1,5995.7236,-0.48428035,4,1,false,false,-17.4134,3.6960654,10.307316,-1.623971,3
40.63233,0.6543011,49.329197044019665,8.57593458560358,0,1,5968.606,-0.49648166,4,1,false,false,-21.046928,3.159689,12.828416,-1.6306095,3
40.663597,0.65444934,49.32919092983235,8.57593458560358,0,1,5969.8164,-0.513911,4,1,false,false,-20.474325,2.764241,12.344055,-1.6373382,3
40.68911,0.6545976,49.329184815610745,8.575934448003686,0,1,5997.1655,-0.5171063,4,1,false,false,-20.126076,2.45939,11.64387,-1.6444718,3
40.715355,0.65474594,49.32917870138913,8.575934172908855,0,1,6023.528,-0.50781,4,1,false,false,-18.468603,2.6707485,10.802873,-1.6520523,3
40.744637,0.6548944,49.32917258716752,8.575933897709067,0,1,6034.832,-0.49299544,4,1,false,false,-16.801092,2.6713703,9.1128,-1.6596619,3
40.775093,0.655043,49.32916647294591,8.575933622614238,0,1,6048.706,-0.48282987,4,1,false,false,-15.437745,2.668913,8.162868,-1.66705,3
40.805634,0.6551917,49.32916044862419,8.575933209919514,0,1,6071.0757,-0.48457235,4,1,false,false,-18.805079,2.7155423,11.855573,-1.6741832,3
40.834145,0.65534055,49.329154334402574,8.575932659624897,0,1,6086.961,-0.4912529,4,1,false,false,-20.27221,2.885151,11.333814,-1.6818091,3
40.867798,0.6554895,49.32914822021526,8.575932109330278,0,1,6073.4526,-0.49067205,4,1,false,false,-20.352556,3.215463,12.24207,-1.6901721,3
40.90599,0.65563864,49.329142105993654,8.575931559035661,0,1,6050.4077,-0.48370057,4,1,false,false,-16.812698,2.9859924,9.305682,-1.6989207,3
40.943413,0.65578794,49.32913599177204,8.575930733646214,0,1,6057.9746,-0.46772298,4,1,false,false,-23.359987,3.4897094,15.017783,-1.7078662,3
40.975792,0.6559373,49.32912987755043,8.5759300457517,0,1,6029.1084,-0.4604606,4,1,false,false,-22.784807,3.4193454,13.437013,-1.7164716,3
41.00993,0.6560869,49.329123763328816,8.57592908276236,0,1,5999.4775,-0.44709954,4,1,false,false,-23.851824,3.0852091,14.321058,-1.7242094,3
41.03464,0.65623665,49.329117649107204,8.57592811977302,0,1,6011.1357,-0.43605995,4,1,false,false,-21.3377,2.5338972,12.756005,-1.7314469,3
41.06477,0.6563865,49.32911153488559,8.575927156783678,0,1,6057.374,-0.4267639,4,1,false,false,-20.211124,3.2330668,11.828084,-1.7383811,3
41.09806,0.6565366,49.32910542066398,8.575925918699506,0,1,6040.795,-0.4221158,4,1,false,false,-22.915836,2.9030743,14.372004,-1.7447736,3
41.13568,0.6566868,49.32909930644237,8.57592481811027,0,1,6002.648,-0.42647392,4,1,false,false,-19.668657,3.4063075,12.838265,-1.75127,3
41.170807,0.6568372,49.32909319222076,8.575923442426205,0,1,6014.813,-0.42269674,4,1,false,false,-18.715406,2.8555734,11.423458,-1.7576112,3
41.19767,0.6569877,49.32908707799915,8.575922066637181,0,1,6043.214,-0.42153496,4,1,false,false,-20.49574,2.426829,13.36557,-1.763828,3
41.222683,0.6571386,49.329080963777535,8.575920690953117,0,1,6052.8467,-0.42414945,4,1,false,false,-22.06569,2.7174573,15.867393,-1.7705504,3
41.251972,0.65728956,49.32907484955592,8.575919177669157,0,1,6046.177,-0.42298767,4,1,false,false,-20.503174,2.8063536,13.772792,-1.7779815,3
41.286983,0.6574407,49.32906873533431,8.575917526890262,0,1,6054.0054,-0.40555853,4,1,false,false,-17.456688,3.0509346,11.839419,-1.785678,3
41.326996,0.657592,49.32906271104689,8.575915876006409,0,1,6062.827,-0.38290048,4,1,false,false,-15.760167,3.2679682,10.182757,-1.7926469,3
41.368824,0.6577437,49.32905659682528,8.57591408762762,0,1,6046.2793,-0.370408,4,1,false,false,-15.041945,3.3190343,9.880782,-1.7983787,3
41.4085,0.6578956,49.32905048260367,8.575912299143873,0,1,6039.043,-0.38057595,4,1,false,false,-13.506346,2.94826,8.844304,-1.8031017,3
41.441963,0.6580478,49.32904436838206,8.575910510765084,0,1,6071.2407,-0.40613934,4,1,false,false,-12.980937,2.2437997,8.161317,-1.8073667,3
41.468567,0.6582001,49.329038344094634,8.5759085847864,0,1,6119.953,-0.43664077,4,1,false,false,-13.562682,2.3097122,9.025932,-1.8119143,3
41.498707,0.6583527,49.32903222987302,8.575906658807718,0,1,6151.9033,-0.46452767,4,1,false,false,-13.4682,2.4511018,9.1496105,-1.8173057,3
41.530922,0.6585057,49.329026205585606,8.57590459522914,0,1,6158.5903,-0.48253888,4,1,false,false,-13.237369,2.5691533,8.831626,-1.8235763,3
41.569,0.6586588,49.329020091363994,8.575902531650565,0,1,6172.184,-0.48776662,4,1,false,false,-13.289945,3.054668,8.639364,-1.8306543,3
41.61176,0.65881217,49.32901397714238,8.575900468071987,0,1,6166.307,-0.48718578,4,1,false,false,-13.75461,3.3355782,9.271171,-1.8380872,3
41.654087,0.6589657,49.32900795285496,8.575898266998474,0,1,6134.58,-0.48573303,4,1,false,false,-15.050875,3.2531817,10.1026,-1.8454835,3
41.69282,0.65911984,49.329001838633346,8.575896065820004,0,1,6125.1753,-0.4863138,4,1,false,false,-15.175967,2.9686227,9.850824,-1.8527868,3
41.72576,0.65927416,49.32899581427733,8.57589386474649,0,1,6145.548,-0.48486117,4,1,false,false,-15.641553,2.7240589,9.946334,-1.8600274,3
41.756737,0.6594286,49.328989700055715,8.575891526073084,0,1,6163.376,-0.48457235,4,1,false,false,-14.876739,2.6605504,8.934177,-1.867242,3
41.790195,0.6595832,49.3289836757683,8.575889049799782,0,1,6171.106,-0.48341066,4,1,false,false,-14.972636,2.9082246,9.229211,-1.8743622,3
41.82359,0.6597381,49.32897756154669,8.575886711021418,0,1,6174.202,-0.48428026,4,1,false,false,-14.806813,2.8122911,8.823823,-1.8813776,3
41.857864,0.65989316,49.328971537259264,8.575884097253182,0,1,6181.798,-0.48776662,4,1,false,false,-14.42732,2.8646889,8.765215,-1.8882967,3
41.888336,0.66004837,49.32896551297184,8.57588162097988,0,1,6191.287,-0.49241465,4,1,false,false,-15.320751,2.6046622,9.172962,-1.8951769,3
41.917812,0.66020375,49.328959488684426,8.575879007106685,0,1,6209.287,-0.49967694,4,1,false,false,-14.913634,2.6727805,8.568103,-1.9023196,3
41.948162,0.6603591,49.3289534643284,8.575876255738555,0,1,6224.342,-0.50316316,4,1,false,false,-14.648877,2.733242,8.258293,-1.9096001,3
41.97827,0.66051424,49.328947440040984,8.575873504265466,0,1,6230.7734,-0.5060676,4,1,false,false,-15.003645,2.805085,9.1481495,-1.9170101,3
42.012585,0.6606695,49.32894141575356,8.575870752897336,0,1,6235.923,-0.50955266,4,1,false,false,-14.13743,3.0108511,7.9024997,-1.9246106,3
42.047943,0.66082495,49.32893539146614,8.575867863929313,0,1,6231.3086,-0.5098439,4,1,false,false,-12.415447,2.9586494,6.4353814,-1.931897,3
42.080868,0.66098046,49.32892936711012,8.575864974961288,0,1,6236.725,-0.5171061,4,1,false,false,-14.12016,2.744165,8.198928,-1.9386597,3
42.109173,0.66113585,49.3289233428227,8.575862085993263,0,1,6256.5264,-0.5351163,4,1,false,false,-16.327526,2.7026165,9.684463,-1.9453875,3
42.13136,0.6612913,49.32891731853528,8.575859059425344,0,1,6263.281,-0.5499299,4,1,false,false,-18.591175,2.1861126,11.156451,-1.9525859,3
42.144012,0.66144687,49.328911384113454,8.575856032857425,0,1,6285.9146,-0.5478964,4,1,false,false,-17.9871,1.8594313,10.549899,-1.9610293,3
42.163475,0.66160244,49.32890535982603,8.575852868689614,0,1,6341.983,-0.5266911,4,1,false,false,-18.622166,2.7670372,10.4285755,-1.9708288,3
42.192703,0.66175795,49.328899425472805,8.575849704626759,0,1,6325.211,-0.48892832,4,1,false,false,-18.807299,3.3546858,10.1270485,-1.9810117,3
42.23176,0.6619135,49.32889349105098,8.575846402859053,0,1,6254.9854,-0.45581356,4,1,false,false,-18.561258,3.8504431,9.98054,-1.9907104,3
42.269653,0.6620692,49.328887556697744,8.575842963596411,0,1,6219.004,-0.43228367,4,1,false,false,-17.711514,3.3550963,9.214137,-1.9993603,3
42.297756,0.66222507,49.328881622275915,8.575839524333768,0,1,6228.3545,-0.42066315,4,1,false,false,-17.602957,2.770924,9.398921,-2.0067706,3
42.320904,0.6623809,49.32887568792269,8.575836085071126,0,1,6249.7515,-0.42095408,4,1,false,false,-16.983053,2.613868,8.791819,-2.013179,3
42.340126,0.66253674,49.32886975350086,8.575832508313548,0,1,6266.7227,-0.42531112,4,1,false,false,-17.016376,2.300827,9.110594,-2.0190296,3
42.357063,0.66269267,49.32886390901322,8.575828931451012,0,1,6296.1523,-0.42995924,4,1,false,false,-16.29833,2.1203713,8.666147,-2.0250633,3
42.374317,0.6628486,49.32885797465999,8.57582521709354,0,1,6338.314,-0.42937836,4,1,false,false,-15.859061,2.2903657,8.4602165,-2.0316815,3
42.39603,0.66300464,49.32885213017235,8.57582150263111,0,1,6360.12,-0.4270548,4,1,false,false,-15.828243,2.593935,8.526657,-2.0388288,3
42.424862,0.6631606,49.32884628568472,8.575817788273637,0,1,6352.166,-0.42560217,4,1,false,false,-16.441526,3.0691571,9.302167,-2.0463378,3
42.45534,0.6633168,49.32884044119708,8.575813936316273,0,1,6332.8774,-0.4238596,4,1,false,false,-17.10419,3.1020525,9.303279,-2.05404,3
42.485016,0.663473,49.32883459677804,8.575809946759012,0,1,6324.864,-0.42240688,4,1,false,false,-17.1298,3.0364096,9.321475,-2.0617943,3
42.5131,0.66362935,49.32882884215599,8.575805957201752,0,1,6324.153,-0.4197935,4,1,false,false,-17.14023,2.9594672,9.474169,-2.0693533,3
42.540237,0.6637857,49.32882299773696,8.575801967644493,0,1,6321.006,-0.41804975,4,1,false,false,-17.00126,2.9826522,9.046275,-2.0765944,3
42.56785,0.6639422,49.32881724318351,8.575797840487338,0,1,6316.734,-0.41746902,4,1,false,false,-17.450247,2.9417388,9.557338,-2.0834312,3
42.5926,0.6640988,49.32881148856146,8.575793713435143,0,1,6316.0693,-0.41746897,4,1,false,false,-17.898485,2.740716,10.009687,-2.0899243,3
42.612682,0.6642555,49.32880573400802,8.575789448678094,0,1,6327.817,-0.41746897,4,1,false,false,-18.775002,2.5588496,10.635329,-2.0964055,3
42.63274,0.66441226,49.32879997945457,8.575785184026005,0,1,6343.8345,-0.41456467,4,1,false,false,-18.456856,2.6012678,10.189649,-2.1031528,3
42.654667,0.6645691,49.328794224901124,8.575780781774021,0,1,6351.4355,-0.40555853,4,1,false,false,-17.621716,2.7740822,10.035018,-2.1101353,3
42.679966,0.664726,49.32878856028187,8.575776379522038,0,1,6353.496,-0.39277726,4,1,false,false,-17.88833,2.973192,9.867812,-2.1171758,3
42.70877,0.664883,49.32878289566261,8.575771977270053,0,1,6343.247,-0.38028488,4,1,false,false,-17.966736,3.1360176,9.6230135,-2.1241126,3
42.738697,0.66504025,49.32877723097476,8.575767299818281,0,1,6322.647,-0.36808464,4,1,false,false,-17.94772,3.0834363,9.728624,-2.13069,3
42.766678,0.6651975,49.328771566355506,8.575762760071363,0,1,6318.228,-0.3593694,4,1,false,false,-17.389942,2.8773444,9.307353,-2.1368659,3
42.79268,0.66535497,49.32876590166765,8.575758082619592,0,1,6330.9175,-0.35472137,4,1,false,false,-16.86797,2.7653787,8.844621,-2.1426454,3
42.818954,0.66551244,49.32876032698259,8.575753267672884,0,1,6339.3457,-0.3535597,4,1,false,false,-16.199965,2.7072175,8.421458,-2.148026,3
42.845657,0.66567016,49.328754662294735,8.575748452726176,0,1,6343.9424,-0.3547215,4,1,false,false,-16.035278,2.7290137,9.031914,-2.1530972,3
42.871914,0.665828,49.328749087609665,8.575743637779468,0,1,6355.7793,-0.3582078,4,1,false,false,-15.834061,2.6226935,9.069447,-2.1580296,3
42.896267,0.66598594,49.32874351285601,8.575738685232867,0,1,6371.1816,-0.36111203,4,1,false,false,-17.405642,2.5559483,10.572744,-2.1631505,3
42.920887,0.666144,49.32873802803653,8.575733732686265,0,1,6381.8423,-0.36169407,4,1,false,false,-17.074526,2.6782453,9.649549,-2.1688733,3
42.950176,0.6663022,49.32873245335147,8.575728780139665,0,1,6384.567,-0.35472152,4,1,false,false,-15.731125,2.9109583,8.960007,-2.175049,3
42.982952,0.6664607,49.328726968531996,8.575723689993168,0,1,6379.4917,-0.34252116,4,1,false,false,-15.758196,3.119868,9.122871,-2.181295,3
43.018566,0.66661924,49.32872148371253,8.575718462351738,0,1,6366.0107,-0.32770532,4,1,false,false,-16.458672,3.2506084,9.892564,-2.1873136,3
43.05294,0.666778,49.32871599889305,8.575713372205243,0,1,6345.002,-0.31259942,4,1,false,false,-16.358511,3.0594463,9.783624,-2.1928666,3
43.08341,0.66693693,49.32871051407358,8.575708006963916,0,1,6343.92,-0.2954602,4,1,false,false,-16.110603,2.7379487,9.554214,-2.1980672,3
43.111385,0.6670962,49.32870502925411,8.575702779322485,0,1,6366.0796,-0.2710562,4,1,false,false,-15.473255,2.6374605,9.0989895,-2.2030852,3
43.13995,0.6672555,49.328699634368824,8.57569741408116,0,1,6381.6284,-0.23764832,4,1,false,false,-15.549903,2.7138963,9.868585,-2.2079542,3
43.171135,0.66741496,49.328694239483546,8.575691911239941,0,1,6382.236,-0.1859371,4,1,false,false,-14.995822,2.8704853,9.407526,-2.212834,3
43.20534,0.66757464,49.328688844529665,8.575686408398722,0,1,6382.6274,-0.12550856,4,1,false,false,-14.107095,2.9152436,9.1026535,-2.217661,3
43.240128,0.6677347,49.32868344964439,8.575680905557503,0,1,6387.1074,-0.074377105,4,1,false,false,-13.299531,2.9524531,9.170998,-2.2223053,3
43.278126,0.66789484,49.3286780547591,8.575675402821242,0,1,6388.7603,-0.032830413,4,1,false,false,-13.255572,3.1317108,9.756911,-2.226649,3
43.31753,0.6680552,49.328672749808014,8.575669762380128,0,1,6375.2266,-0.0124935545,4,1,false,false,-13.110349,3.108771,10.109289,-2.2304559,3
43.35702,0.6682157,49.32866744478832,8.575664121939015,0,1,6369.2324,-0.012784546,4,1,false,false,-12.503829,3.0870986,9.9245,-2.2337282,3
43.395676,0.6683766,49.328662139837235,8.575658344002967,0,1,6377.0566,-0.030214848,4,1,false,false,-12.353111,2.9684842,9.421531,-2.236472,3
43.434174,0.66853786,49.328656744883354,8.575652566066918,0,1,6382.0796,-0.0642081,4,1,false,false,-12.266903,2.9553323,9.542188,-2.2387452,3
43.47372,0.66869915,49.328651529866455,8.575646788130868,0,1,6382.9575,-0.1086591,4,1,false,false,-12.271374,2.981241,9.771385,-2.240713,3
43.513214,0.6688606,49.328646224846764,8.57564101019482,0,1,6384.9927,-0.15833782,4,1,false,false,-12.182697,2.9173956,9.870813,-2.2425458,3
43.552135,0.6690222,49.328640919895676,8.575635094658876,0,1,6392.0415,-0.21150172,4,1,false,false,-11.913745,2.8511152,9.3941145,-2.244431,3
43.59136,0.6691839,49.32863570481018,8.575629179122934,0,1,6400.6865,-0.2553696,4,1,false,false,-12.012931,2.8524888,9.501864,-2.2465048,3
43.631077,0.66934574,49.32863048972468,8.575623125987097,0,1,6404.0063,-0.30039817,4,1,false,false,-11.973383,2.839912,8.933651,-2.2488832,3
43.670776,0.66950774,49.32862518477359,8.575617210451155,0,1,6406.3193,-0.33031973,4,1,false,false,-11.876494,2.8021994,8.875613,-2.2516327,3
43.709515,0.66966975,49.32861996968809,8.575611157315317,0,1,6412.9023,-0.35733598,4,1,false,false,-11.942697,2.6825397,9.006076,-2.2547748,3
43.747528,0.6698317,49.32861484453679,8.575604966684544,0,1,6423.501,-0.37273267,4,1,false,false,-12.565507,2.6452537,9.700277,-2.2584145,3
43.784657,0.66999376,49.328609629451286,8.575598913548708,0,1,6430.453,-0.38057593,4,1,false,false,-12.876719,2.5546703,10.009763,-2.262675,3
43.821983,0.670156,49.32860441436579,8.575592722917936,0,1,6436.7695,-0.37883338,4,1,false,false,-12.52009,2.5965302,9.641823,-2.267591,3
43.86055,0.67031825,49.32859928921448,8.575586532182204,0,1,6444.3354,-0.370408,4,1,false,false,-12.343296,2.7152848,9.940397,-2.2729888,3
43.900394,0.6704806,49.328594164063176,8.575580203951537,0,1,6444.1543,-0.35820776,4,1,false,false,-12.672363,2.8397694,10.007217,-2.2786183,3
43.940723,0.6706431,49.32858903891187,8.57557387572087,0,1,6437.804,-0.3471692,4,1,false,false,-12.651922,2.8278947,9.81194,-2.2842546,3
43.979073,0.67080575,49.32858391376056,8.575567547490204,0,1,6437.495,-0.33932474,4,1,false,false,-12.778571,2.6584237,9.818412,-2.2897484,3
44.015003,0.6709685,49.328578788609256,8.575561081659643,0,1,6450.171,-0.33467662,4,1,false,false,-13.177664,2.5754113,10.186432,-2.2951903,3
44.049637,0.6711312,49.32857375339214,8.575554753428976,0,1,6463.838,-0.3314815,4,1,false,false,-13.424925,2.5454144,10.314225,-2.300695,3
44.084167,0.6712941,49.32856862824083,8.57554815010348,0,1,6473.2207,-0.32770523,4,1,false,false,-12.913141,2.5838778,9.525925,-2.3063493,3
44.120155,0.67145705,49.328563593023716,8.575541684272919,0,1,6483.2466,-0.32305717,4,1,false,false,-12.471343,2.6836095,9.0187845,-2.3121092,3
44.157093,0.67162013,49.328558557738,8.575535080842466,0,1,6487.6377,-0.3198619,4,1,false,false,-12.584481,2.7155192,9.177698,-2.3178012,3
44.19427,0.67178327,49.32855361238648,8.575528477516968,0,1,6486.623,-0.31899005,4,1,false,false,-12.778892,2.719461,9.482961,-2.3233387,3
44.22967,0.6719465,49.328548577169364,8.575521874086514,0,1,6490.204,-0.31840932,4,1,false,false,-13.162736,2.5902834,9.792778,-2.3287573,3
44.26284,0.6721099,49.32854363181784,8.575515133161122,0,1,6503.7363,-0.31782845,4,1,false,false,-13.54285,2.4932852,10.117517,-2.3342707,3
44.296204,0.6722734,49.32853859660072,8.575508392130775,0,1,6518.434,-0.3155038,4,1,false,false,-13.233925,2.5637052,9.411745,-2.3399894,3
44.332333,0.67243683,49.32853374125199,8.575501651205384,0,1,6524.3804,-0.31027496,4,1,false,false,-11.480885,2.7294176,8.00496,-2.3457384,3
44.369774,0.6726005,49.32852879590047,8.5754947726801,0,1,6524.14,-0.30562687,4,1,false,false,-12.533952,2.7450442,8.949561,-2.351171,3
44.40651,0.67276424,49.32852385054894,8.575487894154815,0,1,6522.2607,-0.30707964,4,1,false,false,-13.346041,2.6826208,9.823012,-2.356383,3
44.440624,0.6729281,49.328518995200206,8.575481015629531,0,1,6525.739,-0.30766046,4,1,false,false,-13.108937,2.4904811,9.289981,-2.3615062,3
44.470146,0.67309195,49.32851413971428,8.575473999504352,0,1,6545.4937,-0.30504608,4,1,false,false,-12.829489,2.2889972,8.978268,-2.3667512,3
44.502003,0.673256,49.328509284365545,8.575466983484132,0,1,6574.5103,-0.30155975,4,1,false,false,-13.207845,2.647869,9.392675,-2.3722892,3
44.536964,0.6734201,49.32850442887961,8.575459967358954,0,1,6571.036,-0.29807472,4,1,false,false,-13.481488,2.739926,9.607647,-2.377996,3
44.573967,0.67358434,49.32849957353088,8.575452951233775,0,1,6555.2407,-0.29284576,4,1,false,false,-13.276078,2.8318279,9.368725,-2.3837698,3
44.61047,0.6737486,49.328494808047736,8.57544579761366,0,1,6559.9194,-0.28500015,4,1,false,false,-13.3045635,2.7795765,9.5162945,-2.3895054,3
44.64562,0.67391306,49.328490042564596,8.575438643888589,0,1,6566.9766,-0.27686706,4,1,false,false,-13.459725,2.7389479,9.2531595,-2.3950627,3
44.68071,0.6740776,49.328485277081455,8.575431490268475,0,1,6562.889,-0.2707663,4,1,false,false,-13.92206,2.7359862,9.557739,-2.4003608,3
44.714928,0.67424226,49.328480511598315,8.575424199048467,0,1,6562.6973,-0.26844177,4,1,false,false,-13.861791,2.6861432,9.790655,-2.4054854,3
44.747955,0.674407,49.32847583598076,8.575416907828458,0,1,6572.902,-0.26582733,4,1,false,false,-13.526605,2.553632,9.353413,-2.4105096,3
44.780193,0.6745719,49.328471160363215,8.575409479008556,0,1,6583.479,-0.26147035,4,1,false,false,-13.779611,2.5382323,9.665147,-2.4154804,3
44.813118,0.67473686,49.32846648474566,8.575402187788548,0,1,6590.0347,-0.25624144,4,1,false,false,-13.871812,2.6321146,9.482181,-2.420486,3
44.847263,0.67490196,49.32846180926531,8.575394758968645,0,1,6593.5327,-0.24810609,4,1,false,false,-13.070728,2.6802635,9.299413,-2.4255266,3
44.881977,0.6750672,49.328457223513354,8.575387330148743,0,1,6596.644,-0.23968184,4,1,false,false,-12.923613,2.6626287,9.487464,-2.4304664,3
44.917286,0.6752325,49.32845263789859,8.575379763728947,0,1,6601.0693,-0.23183855,4,1,false,false,-13.390576,2.7142813,9.73697,-2.4352882,3
44.95208,0.675398,49.32844805228383,8.57537219741411,0,1,6600.6494,-0.22428404,4,1,false,false,-13.638802,2.655868,10.203144,-2.4399922,3
44.985874,0.67556363,49.32844346653188,8.575364630994313,0,1,6602.4414,-0.2173126,4,1,false,false,-13.218608,2.6089907,9.858809,-2.4446528,3
45.02127,0.6757294,49.32843888091712,8.575357064679475,0,1,6611.0884,-0.20975912,4,1,false,false,-12.1288805,2.7313719,8.587616,-2.4492342,3
45.059315,0.6758953,49.32843438516795,8.575349360659786,0,1,6611.6714,-0.1998811,4,1,false,false,-10.240182,2.8084767,6.749122,-2.4533515,3
45.097153,0.6760613,49.328429889418786,8.575341656745053,0,1,6607.4004,-0.19494212,4,1,false,false,-11.94061,2.6825995,8.811279,-2.4567208,3
45.12792,0.6762275,49.32842539366961,8.575333952830322,0,1,6610.642,-0.19959015,4,1,false,false,-15.979611,2.2429514,14.037672,-2.4599135,3
45.151707,0.67639375,49.328420897920445,8.575326111315695,0,1,6631.754,-0.20220459,4,1,false,false,-17.830816,2.073511,16.706154,-2.464202,3
45.176632,0.67656016,49.32841649203687,8.575318269696112,0,1,6671.1597,-0.18186888,4,1,false,false,-11.369929,2.0891244,9.532054,-2.4700315,3
45.21674,0.67672676,49.3284120862905,8.575310428181485,0,1,6700.0654,-0.13190028,4,1,false,false,-9.269258,3.3416636,6.767093,-2.475941,3
45.2738,0.6768935,49.32840768040692,8.57530258666686,0,1,6639.6133,-0.09151754,4,1,false,false,-11.635092,4.060565,8.503663,-2.4804482,3
45.32674,0.67706054,49.32840336452613,8.575294607657298,0,1,6534.535,-0.07582867,4,1,false,false,-11.6464405,3.1744568,9.539664,-2.482619,3
45.358128,0.6772277,49.32839895864256,8.575286628542777,0,1,6549.848,-0.07524781,4,1,false,false,-10.194412,1.6694129,10.726949,-2.4831982,3
45.374973,0.677395,49.32839464276177,8.575278649428258,0,1,6674.554,-0.07902509,4,1,false,false,-9.329568,1.3103074,9.495643,-2.4838698,3
45.39794,0.6775624,49.32839032688099,8.575270532766323,0,1,6736.656,-0.078734085,4,1,false,false,-8.286356,1.9970051,8.758403,-2.4851654,3
45.435345,0.67773,49.32838601086301,8.575262553704283,0,1,6717.015,-0.07873411,4,1,false,false,-7.5145903,2.9530723,8.482494,-2.4869938,3
45.48649,0.6778979,49.32838169498222,8.575254437042348,0,1,6695.3945,-0.08192942,4,1,false,false,-7.4424257,3.2213316,8.781594,-2.4890304,3
45.533962,0.67806584,49.32837737910143,8.575246320380412,0,1,6673.9736,-0.086578526,4,1,false,false,-7.482261,2.9714663,8.973606,-2.4909587,3
45.578156,0.6782341,49.32837315308624,8.575238203718477,0,1,6669.0303,-0.093551114,4,1,false,false,-7.4841857,2.802482,9.317368,-2.4927273,3
45.619446,0.6784026,49.32836883720546,8.575230087056543,0,1,6676.193,-0.10110456,4,1,false,false,-7.6417923,2.6133704,9.728901,-2.4943705,3
45.65964,0.6785712,49.32836461119027,8.575221832847193,0,1,6681.8066,-0.1101118,4,1,false,false,-7.625635,2.6280425,9.984169,-2.495989,3
45.700035,0.6787401,49.32836029517228,8.575213578585364,0,1,6684.9946,-0.115630545,4,1,false,false,-7.4083023,2.6068828,10.032941,-2.4976609,3
45.740593,0.678909,49.32835606915709,8.575205324376014,0,1,6689.657,-0.11853596,4,1,false,false,-7.28672,2.624211,10.261188,-2.4994094,3
45.781227,0.6790779,49.328351843279094,8.575197070114186,0,1,6695.1753,-0.117374256,4,1,false,false,-7.1726346,2.6153593,10.567706,-2.5012488,3
45.82201,0.679247,49.3283476172639,8.575188815904836,0,1,6698.441,-0.114177816,4,1,false,false,-6.8900228,2.6007557,10.384919,-2.5031447,3
45.862816,0.67941624,49.328343481114295,8.575180561695486,0,1,6702.332,-0.11156339,4,1,false,false,-6.41992,2.597179,10.190648,-2.5050569,3
45.903473,0.6795856,49.3283392550991,8.575172169886244,0,1,6707.847,-0.113016084,4,1,false,false,-6.3709564,2.577484,9.937971,-2.5069509,3
45.943783,0.679755,49.3283351190867,8.575163778077,0,1,6712.451,-0.119116835,4,1,false,false,-6.057424,2.5196807,9.2867565,-2.5088248,3
45.98385,0.67992455,49.32833089307151,8.575155386267756,0,1,6718.2104,-0.12899482,4,1,false,false,-5.9532423,2.5016186,9.114906,-2.5106606,3
46.023514,0.6800943,49.3283267569219,8.575146994458512,0,1,6726.945,-0.14061657,4,1,false,false,-5.7981863,2.5014277,8.625669,-2.512494,3
46.062695,0.68026406,49.32832253090671,8.575138602649268,0,1,6735.739,-0.15107536,4,1,false,false,-5.9900837,2.4581463,8.918403,-2.5143697,3
46.10066,0.68043405,49.32831839489431,8.575130210892505,0,1,6745.9556,-0.1603714,4,1,false,false,-6.0432954,2.4032485,9.49635,-2.5163825,3
46.13861,0.6806041,49.32831425874471,8.575121681483367,0,1,6762.1167,-0.16240495,4,1,false,false,-6.124699,2.444101,9.518966,-2.5186324,3
46.176514,0.6807743,49.328310122595106,8.575113289674123,0,1,6774.709,-0.15746595,4,1,false,false,-6.219352,2.4753819,10.2388,-2.5211432,3
46.217094,0.6809446,49.328305986582706,8.575104760317464,0,1,6780.3193,-0.14787896,4,1,false,false,-6.0251803,2.6336045,9.377201,-2.5239058,3
46.260067,0.6811151,49.32830194043589,8.575096230960806,0,1,6775.3516,-0.13800094,4,1,false,false,-6.1138353,2.6788592,9.162319,-2.5267317,3
46.30289,0.6812857,49.328297804286294,8.575087701604147,0,1,6768.275,-0.12899482,4,1,false,false,-6.3437867,2.6903853,9.744809,-2.529491,3
46.345013,0.6814564,49.328293668273886,8.575079034647594,0,1,6768.2573,-0.12434682,4,1,false,false,-6.378341,2.5870566,9.82224,-2.532136,3
46.384335,0.6816273,49.32828962198988,8.575070505290936,0,1,6771.7446,-0.123765945,4,1,false,false,-6.4906096,2.4434757,10.148128,-2.5346358,3
46.42283,0.6817982,49.32828557584307,8.575061838334383,0,1,6782.958,-0.12376596,4,1,false,false,-6.310203,2.4277596,9.267765,-2.537086,3
46.46043,0.68196934,49.32828143983067,8.575053171377832,0,1,6791.649,-0.123474985,4,1,false,false,-6.118231,2.373169,9.326129,-2.5394504,3
46.498623,0.6821406,49.32827739354666,8.575044504421278,0,1,6797.2085,-0.12202336,4,1,false,false,-6.230222,2.4681427,10.008289,-2.5417438,3
46.537163,0.68231195,49.32827334739984,8.575035837517206,0,1,6801.554,-0.119988665,4,1,false,false,-6.1734843,2.3808515,9.411495,-2.543978,3
46.574234,0.6824834,49.32826930125304,8.575027170560652,0,1,6806.161,-0.11592156,4,1,false,false,-5.991395,2.328954,8.70896,-2.546156,3
46.611183,0.6826549,49.328265255106224,8.575018366056685,0,1,6820.2217,-0.11214539,4,1,false,false,-5.7576466,2.3369281,9.110679,-2.5483198,3
46.649246,0.68282664,49.328261298825005,8.575009699100132,0,1,6830.183,-0.11098255,4,1,false,false,-5.929242,2.4366615,9.556826,-2.5504465,3
46.687447,0.6829985,49.32825725267819,8.575000894596165,0,1,6832.2437,-0.111563414,4,1,false,false,-5.933531,2.3632078,9.757813,-2.552569,3
46.725517,0.6831703,49.32825329639697,8.574992090092199,0,1,6838.1274,-0.112145394,4,1,false,false,-6.112199,2.4078207,10.226306,-2.5547364,3
46.763145,0.68334246,49.32824925025017,8.57498328558823,0,1,6846.0513,-0.10865909,4,1,false,false,-5.9858947,2.2865717,10.144124,-2.556971,3
46.80224,0.68351465,49.32824529396895,8.574974481084263,0,1,6841.5205,-0.10197638,4,1,false,false,-6.18936,2.3733504,10.354503,-2.5591846,3
46.83935,0.6836869,49.32824133768773,8.574965676527816,0,1,6828.8696,-0.091807425,4,1,false,false,-6.060015,2.4054973,10.099272,-2.561292,3
46.875984,0.6838593,49.32823738140651,8.574956734476434,0,1,6832.398,-0.07902511,4,1,false,false,-5.7728577,2.2610118,10.37227,-2.563256,3
46.91109,0.68403184,49.32823342512529,8.574947929972467,0,1,6846.7974,-0.06507994,4,1,false,false,-5.2137194,2.1201167,9.674934,-2.5650463,3
46.94532,0.6842045,49.32822946898127,8.574938987868606,0,1,6857.6924,-0.0528774,4,1,false,false,-4.694235,2.231206,9.850293,-2.5665822,3
46.981586,0.68437725,49.32822551270005,8.574930045764743,0,1,6860.9175,-0.043580256,4,1,false,false,-4.5170927,2.1122406,9.493143,-2.567836,3
47.015327,0.68455017,49.32822155641883,8.574921103713361,0,1,6872.3467,-0.041546695,4,1,false,false,-4.191328,2.0954657,9.348834,-2.568833,3
47.048695,0.68472314,49.3282176900032,8.5749121616095,0,1,6892.8604,-0.04329039,4,1,false,false,-3.634311,2.0424337,9.195622,-2.5696654,3
47.083157,0.68489623,49.32821373385918,8.574903219558118,0,1,6907.9473,-0.045613833,4,1,false,false,-3.6719143,2.2024963,8.779528,-2.5703723,3
47.119644,0.68506944,49.328209867443555,8.574894139906842,0,1,6912.7935,-0.048809126,4,1,false,false,-3.965138,2.2793663,9.550128,-2.5710196,3
47.158478,0.6852428,49.328205911162335,8.574885197802981,0,1,6911.2285,-0.05171568,4,1,false,false,-3.5938559,2.3668885,10.188336,-2.5716546,3
47.19615,0.6854163,49.32820204488391,8.574876118151703,0,1,6911.462,-0.050553963,4,1,false,false,-3.334546,2.2906954,9.645407,-2.572285,3
47.234337,0.6855899,49.32819808860269,8.574867176047842,0,1,6919.2354,-0.0476474,4,1,false,false,-3.1291213,2.4399092,10.561189,-2.5729382,3
47.273624,0.68576366,49.32819422218706,8.574858096396566,0,1,6918.4727,-0.04474199,4,1,false,false,-3.061943,2.4252493,9.53205,-2.5735805,3
47.31239,0.6859376,49.32819035590863,8.57484901674529,0,1,6910.628,-0.039802983,4,1,false,false,-2.7871382,2.3514328,9.765828,-2.5741632,3
47.35082,0.6861116,49.32818648949301,8.574839937094014,0,1,6913.104,-0.036026835,4,1,false,false,-2.5062764,2.3493211,10.693002,-2.5746639,3
47.387424,0.68628573,49.328182533348986,8.574830857468978,0,1,6921.3105,-0.036607683,4,1,false,false,-2.3975737,2.2012694,9.933923,-2.575115,3
47.422504,0.6864601,49.328178666933354,8.574821777791461,0,1,6924.828,-0.041256826,4,1,false,false,-2.2513213,2.1196256,9.508825,-2.5755165,3
47.458054,0.6866345,49.32817480065493,8.574812698140185,0,1,6937.9434,-0.039802976,4,1,false,false,-1.9909221,2.194326,8.881513,-2.5759358,3
47.49407,0.68680906,49.3281709342393,8.574803480915254,0,1,6946.846,-0.0377694,4,1,false,false,-1.9134258,2.1119614,8.573725,-2.5763636,3
47.53028,0.68698376,49.32816706796087,8.574794401263977,0,1,6951.0923,-0.036897555,4,1,false,false,-1.7117306,2.1984036,9.699419,-2.5767865,3
47.565952,0.6871586,49.328163201545244,8.574785184039047,0,1,6960.327,-0.038059264,4,1,false,false,-1.6409942,2.0739722,9.257088,-2.5771706,3
47.601124,0.6873336,49.328159245264025,8.574776104387771,0,1,6973.291,-0.036897562,4,1,false,false,-1.6282209,2.1345918,9.607677,-2.5775347,3
47.637447,0.6875087,49.3281553789856,8.57476688716284,0,1,6982.6294,-0.03544485,4,1,false,false,-1.8255138,2.2809906,10.061986,-2.5779042,3
47.67628,0.6876839,49.32815151256997,8.57475766993791,0,1,6980.396,-0.03428313,4,1,false,false,-1.6359667,2.3460605,11.790439,-2.5783074,3
47.715206,0.68785936,49.32814764629154,8.574748590286633,0,1,6971.9424,-0.035154976,4,1,false,false,-1.6589084,2.3647304,11.800071,-2.578732,3
47.75349,0.6880349,49.328143779875916,8.574739373061703,0,1,6970.5396,-0.032830417,4,1,false,false,-1.6438472,2.2413611,11.144849,-2.579186,3
47.791042,0.6882106,49.32813991359748,8.574730155836772,0,1,6972.335,-0.027891412,4,1,false,false,-1.5542858,2.3447437,11.316309,-2.579653,3
47.829346,0.68838644,49.328136047319056,8.574720938611842,0,1,6967.156,-0.017722419,4,1,false,false,-1.1716745,2.3860993,11.126696,-2.5800924,3
47.867203,0.68856245,49.32813218090343,8.57471172141315,0,1,6959.4683,-0.008135414,4,1,false,false,-0.96031433,2.25482,11.501756,-2.5804124,3
47.90237,0.68873864,49.328128314625,8.574702366614565,0,1,6963.6875,-0.0029065479,4,1,false,false,-0.8162355,2.067393,11.26636,-2.5806053,3
47.9349,0.68891495,49.32812444820937,8.574693149389635,0,1,6980.7173,-0.0011617204,4,1,false,false,-0.70368576,1.9703076,10.222601,-2.5806763,3
47.966637,0.68909144,49.328120581930946,8.574683932164703,0,1,6997.9307,-0.0008718523,4,1,false,false,-0.6191633,1.9637264,9.7459955,-2.580676,3
48.000088,0.689268,49.328116715515314,8.574674577366117,0,1,7009.783,-0.002615557,4,1,false,false,-0.39204445,2.0949023,8.954147,-2.5806375,3
48.034748,0.68944466,49.32811284923689,8.574665360141188,0,1,7015.196,-0.006682703,4,1,false,false,-0.25112653,2.1260042,8.390612,-2.580555,3
48.06951,0.6896215,49.32810898282126,8.574656142916258,0,1,7022.3315,-0.007844424,4,1,false,false,-0.35536912,2.1074555,9.412249,-2.5804365,3
48.103573,0.6897984,49.328105026540044,8.574646788117672,0,1,7034.169,-0.006101843,4,1,false,false,-0.3177023,2.0485501,9.734553,-2.5803158,3
48.136402,0.68997556,49.32810116026161,8.574637433319086,0,1,7046.589,-0.0031964183,4,1,false,false,-0.21805559,1.9820936,8.160344,-2.5802085,3
48.171265,0.6901527,49.328097293845985,8.574628216094156,0,1,7059.258,0.00058086053,4,1,false,false,-0.034366876,2.2275624,7.764214,-2.5801148,3
48.209602,0.69033,49.32809342756756,8.57461886132181,0,1,7061.651,0.0049389983,4,1,false,false,0.21217583,2.3552842,8.200427,-2.5800028,3
48.249134,0.6905075,49.32808956115193,8.574609506523226,0,1,7051.1807,0.009297136,4,1,false,false,0.3293675,2.3707187,8.976675,-2.5798426,3
48.286613,0.6906851,49.328085605007914,8.57460015172464,0,1,7050.9805,0.014526003,4,1,false,false,0.308856,2.1736503,7.216845,-2.5796106,3
48.321037,0.6908628,49.32808173859228,8.574590934499708,0,1,7070.869,0.020627849,4,1,false,false,0.4916128,2.022764,7.2907224,-2.5793328,3
48.355442,0.69104064,49.328077872313855,8.574581579701125,0,1,7091.575,0.02266142,4,1,false,false,0.5116035,2.1352973,8.263467,-2.5790017,3
48.391212,0.6912186,49.328073916032636,8.57457222491566,0,1,7095.29,0.021208711,4,1,false,false,0.58499247,2.0880537,8.537932,-2.5786188,3
48.42627,0.6913968,49.328070049617004,8.574562870117074,0,1,7102.453,0.019756,4,1,false,false,0.60886055,2.1403139,8.215294,-2.5781865,3
48.463303,0.691575,49.328066093335785,8.574553515318488,0,1,7120.9927,0.022080556,4,1,false,false,0.6666432,2.2679682,9.164196,-2.57774,3
48.504272,0.6917534,49.32806222705736,8.574544160533023,0,1,7117.843,0.027019557,4,1,false,false,0.8108852,2.550636,10.611227,-2.5772936,3
48.547108,0.6919319,49.32805827077614,8.574534668160783,0,1,7092.2905,0.03370226,4,1,false,false,1.3366547,2.5476403,9.738211,-2.5768476,3
48.5886,0.6921106,49.32805440449771,8.574525313375318,0,1,7080.6743,0.040384963,4,1,false,false,1.2926846,2.425373,8.851893,-2.576365,3
48.62769,0.6922895,49.328050448216494,8.574515958576733,0,1,7085.158,0.04590482,4,1,false,false,1.5219675,2.2607503,9.376103,-2.5758479,3
48.663822,0.69246846,49.328046491935275,8.574506603778147,0,1,7080.7056,0.049682096,4,1,false,false,1.6917799,2.127459,10.874878,-2.5752764,3
48.69753,0.6926475,49.328042535654056,8.574497111419028,0,1,7082.272,0.04881025,4,1,false,false,1.6872559,1.941899,11.067253,-2.57464,3
48.72828,0.6928268,49.32803866937563,8.574487756620442,0,1,7105.2466,0.042709522,4,1,false,false,1.5763197,1.7802516,9.751943,-2.5739279,3
48.759205,0.6930061,49.32803471309441,8.574478401828417,0,1,7130.0435,0.028763268,4,1,false,false,1.5467589,1.9092109,9.105436,-2.57315,3
48.793713,0.6931856,49.32803075681319,8.574468909462738,0,1,7133.628,0.011039717,4,1,false,false,1.2070278,2.1447833,9.163305,-2.5723524,3
48.830677,0.69336516,49.328026800531966,8.574459554670712,0,1,7121.863,-0.0066827033,4,1,false,false,1.1084151,2.2138412,9.971867,-2.5716262,3
48.86685,0.6935449,49.32802275438516,8.574450199872128,0,1,7119.254,-0.022662545,4,1,false,false,0.83665967,2.072467,9.254407,-2.5710711,3
48.89993,0.6937248,49.32801879810394,8.574440707509728,0,1,7130.279,-0.040092852,4,1,false,false,0.5584156,1.9151096,9.263518,-2.57073,3
48.932404,0.69390476,49.32801484182272,8.574431352717703,0,1,7146.262,-0.050553955,4,1,false,false,0.5246971,1.9704052,10.2286625,-2.5706131,3
48.96644,0.6940849,49.3280108855415,8.574421860352023,0,1,7152.4277,-0.055201955,4,1,false,false,0.26909763,2.0707245,11.683025,-2.570705,3
49.001625,0.69426507,49.32800692939748,8.574412505558358,0,1,7148.8647,-0.05200555,4,1,false,false,0.21700081,2.104864,10.807951,-2.5710146,3
49.036728,0.69444543,49.32800288311347,8.574403013192677,0,1,7148.956,-0.04677555,4,1,false,false,0.29186958,2.0755985,9.805457,-2.57151,3
49.072395,0.6946259,49.32799892696945,8.574393520828254,0,1,7152.4033,-0.040092852,4,1,false,false,0.22115104,2.2191074,10.679079,-2.5721047,3
49.1094,0.6948066,49.32799497068823,8.574384166034154,0,1,7147.05,-0.03399326,4,1,false,false,0.3753489,2.22235,9.787798,-2.5727594,3
49.145172,0.6949873,49.32799092454142,8.574374673669293,0,1,7139.819,-0.030506965,4,1,false,false,-0.043402106,2.0879743,9.469146,-2.5734072,3
49.17797,0.69516814,49.3279869682602,8.574365181305254,0,1,7150.1743,-0.024405122,4,1,false,false,-0.22802623,1.9185392,10.040199,-2.574067,3
49.209446,0.6953492,49.327982921976194,8.574355688939574,0,1,7171.359,-0.018594276,4,1,false,false,-0.45356703,1.8623317,11.405827,-2.5747318,3
49.239975,0.6955303,49.32797896583217,8.574346196573893,0,1,7184.752,-0.013365408,4,1,false,false,-0.17196256,1.886563,11.253066,-2.575408,3
49.272152,0.6957115,49.32797491954816,8.574336704211495,0,1,7196.832,-0.008425286,4,1,false,false,-0.41679615,2.0336897,10.571923,-2.5760355,3
49.307537,0.6958929,49.32797096340414,8.574327211845814,0,1,7202.4565,-0.003196418,4,1,false,false,-0.40527374,2.2252293,11.405208,-2.5766168,3
49.34604,0.6960743,49.32796691712013,8.574317719480135,0,1,7191.025,0.0020335736,4,1,false,false,-0.4558499,2.3622527,12.879833,-2.5771174,3
49.382507,0.696256,49.32796296097611,8.574308227114456,0,1,7173.8267,0.007263565,4,1,false,false,-0.12908608,2.1531584,13.533944,-2.5775075,3
49.4162,0.6964378,49.327958914692104,8.57429859718168,0,1,7177.544,0.01249243,4,1,false,false,-0.4863939,2.0894508,10.926475,-2.5777326,3
49.448315,0.6966196,49.327954958548084,8.574289104816001,0,1,7189.801,0.018013412,4,1,false,false,-0.41278282,2.022356,9.841876,-2.5778341,3
49.48058,0.6968016,49.32795091226407,8.574279612456882,0,1,7190.2446,0.019175135,4,1,false,false,-0.23694584,1.9755368,10.161437,-2.5777905,3
49.511948,0.69698375,49.32794686611726,8.574269982510987,0,1,7188.0527,0.017432548,4,1,false,false,-0.22382377,1.7857367,8.755128,-2.5776148,3
49.537582,0.69716597,49.32794290983604,8.574260490151868,0,1,7208.311,0.013364283,4,1,false,false,0.89062834,1.2543057,9.858874,-2.5773704,3
49.56154,0.69734824,49.32793886368923,8.574250997792747,0,1,7252.3833,0.009877998,4,1,false,false,0.004622698,1.5571661,9.146231,-2.5770066,3
49.585793,0.6975306,49.32793481754242,8.574241367846854,0,1,7281.2285,0.009588129,4,1,false,false,0.09853628,1.6718926,7.911128,-2.576634,3
49.608253,0.69771314,49.3279308612612,8.574231875487735,0,1,7276.5015,0.005809729,4,1,false,false,-0.09238808,2.2269075,5.674747,-2.576195,3
49.648376,0.6978957,49.32792681511439,8.57422224555496,0,1,7280.484,-0.0014527134,4,1,false,false,0.38212118,1.698551,6.921888,-2.575775,3
49.677086,0.6980785,49.32792276896758,8.574212615622185,0,1,7278.535,-0.009587006,4,1,false,false,-0.0631237,1.8588201,8.4321575,-2.575381,3
49.70733,0.6982613,49.32791872268357,8.574203123249946,0,1,7277.6123,-0.016850568,4,1,false,false,-0.09041341,1.5502299,8.346318,-2.5751,3
49.737003,0.69844425,49.32791476653955,8.574193493317171,0,1,7278.0723,-0.026438694,4,1,false,false,-0.05724378,1.981959,7.900061,-2.5749216,3
49.770718,0.6986273,49.32791072025554,8.574183863384398,0,1,7278.418,-0.035735838,4,1,false,false,0.3329649,1.9089826,9.515881,-2.5748322,3
49.801937,0.6988105,49.327906674108725,8.574174233451624,0,1,7281.334,-0.04067483,4,1,false,false,0.07084155,1.8661559,10.024421,-2.57488,3
49.834988,0.69899374,49.32790262796192,8.574164741079384,0,1,7273.3545,-0.040965833,4,1,false,false,-0.32764384,2.0898337,10.39741,-2.575063,3
49.86988,0.6991772,49.327898581815106,8.57415511115973,0,1,7265.066,-0.035444856,4,1,false,false,-0.26372355,2.1332881,10.292775,-2.5754209,3
49.903328,0.6993607,49.32789453566829,8.574145481213835,0,1,7268.573,-0.02934412,4,1,false,false,-0.16942768,1.8132316,9.884771,-2.5758703,3
49.93707,0.6995444,49.32789048938429,8.574135851267942,0,1,7279.1675,-0.024405126,4,1,false,false,-0.01899746,2.0060775,10.120988,-2.5763793,3
49.97012,0.6997282,49.327886443237475,8.574126221348287,0,1,7277.635,-0.022662539,4,1,false,false,-0.28691027,2.011323,10.32474,-2.5768785,3
50.003223,0.6999122,49.32788239709066,8.574116453828738,0,1,7277.021,-0.020627843,4,1,false,false,-0.4031912,1.9731715,10.937668,-2.5773823,3
50.035652,0.70009625,49.327878350943855,8.574106823909084,0,1,7280.744,-0.019466126,4,1,false,false,-0.27073336,1.9399377,11.78796,-2.577899,3
50.06649,0.70028037,49.32787430479704,8.57409719396319,0,1,7281.631,-0.019466126,4,1,false,false,-0.47625685,1.8522375,10.817737,-2.5784004,3
50.096737,0.70046467,49.32787025851303,8.574087564043536,0,1,7282.3784,-0.018594274,4,1,false,false,-0.65106225,1.845669,10.598068,-2.5789006,3
50.126156,0.700649,49.327866212366224,8.574077796523987,0,1,7282.711,-0.014818117,4,1,false,false,-0.591692,1.7814528,9.0689335,-2.5793815,3
50.118515,0.7008335,49.32786216621941,8.574068166578092,0,1,7243.442,-0.010168991,0,1,false,false,-0.5154307,-1.3487601,8.070848,-2.5798004,3
50.118996,0.70101786,49.3278581200726,8.574058536658438,0,1,6575.5635,-0.006682704,5,1,false,false,-0.67968297,3.6714728,12.064333,-2.5801468,3
50.21048,0.70120245,49.32785407392579,8.57404876913889,0,1,5813.425,-0.004358139,5,1,false,false,-0.20693117,4.375664,9.934411,-2.5805044,3
50.232307,0.7013873,49.32785002764178,8.574039139219236,0,1,6177.7046,-0.0023245658,5,1,false,false,-0.45898056,-0.12994525,8.143846,-2.5808146,3
50.243423,0.7015721,49.32784598149497,8.574029371699687,0,1,6225.9624,0.0026144336,5,1,false,false,-0.58646816,1.8404632,8.182782,-2.5810962,3
50.293324,0.7017571,49.327841935348154,8.574019741780033,0,1,6049.0596,0.004067146,5,1,false,false,-0.4844876,3.2556918,9.049681,-2.581342,3
50.3333,0.7019422,49.32783788920135,8.574009974260484,0,1,6089.5864,0.0049389983,5,1,false,false,-0.17249173,1.7511047,9.957823,-2.5815163,3
50.35728,0.70212746,49.327833843054535,8.574000206767176,0,1,6155.0635,0.0052288673,5,1,false,false,-0.041593403,1.4785116,10.058165,-2.5816042,3
50.387245,0.7023128,49.32782979677052,8.573990439247627,0,1,6134.245,0.007844424,5,1,false,false,-0.20525712,2.1390717,10.562914,-2.5816581,3
50.423824,0.70249826,49.32782566075812,8.573980671754319,0,1,6135.5,0.011039717,5,1,false,false,-0.30903447,2.2375555,9.40627,-2.5816705,3
50.45994,0.70268387,49.32782161461131,8.573971041808424,0,1,6140.0327,0.0142361345,5,1,false,false,-0.09373978,2.1363442,9.073843,-2.5816526,3
50.496758,0.7028696,49.327817568327305,8.573961274315115,0,1,6124.0103,0.01597984,5,1,false,false,-0.14485686,2.173067,9.281557,-2.5815592,3
50.531475,0.7030555,49.32781352218049,8.573951506795567,0,1,6121.0127,0.018303283,5,1,false,false,0.16002345,1.942586,9.056247,-2.5814197,3
50.561733,0.7032415,49.32780947603368,8.573941739302258,0,1,6134.964,0.020046987,5,1,false,false,0.10860661,1.7211328,9.187389,-2.581231,3
50.592342,0.70342755,49.32780534002128,8.573931834209056,0,1,6150.7334,0.022370428,5,1,false,false,0.15459263,1.8715472,9.920402,-2.5810099,3
50.62299,0.70361376,49.32780129373727,8.573922066715745,0,1,6155.362,0.024985984,5,1,false,false,0.3749658,1.8633046,10.916198,-2.5807536,3
50.655987,0.7038001,49.32779724759046,8.573912299222437,0,1,6164.619,0.025276981,5,1,false,false,0.6621258,2.001345,10.393395,-2.5804434,3
50.68994,0.7039866,49.32779311157805,8.573902531729129,0,1,6164.578,0.02498598,5,1,false,false,0.3372797,2.2358027,10.68677,-2.5800636,3
50.725914,0.70417315,49.32778906529404,8.57389276418334,0,1,6157.798,0.024115253,5,1,false,false,0.6837866,2.3537438,10.77031,-2.5796764,3
50.761322,0.7043599,49.32778492928164,8.573882859142616,0,1,6148.081,0.021208704,5,1,false,false,0.6717706,2.0175507,9.7003975,-2.5792825,3
50.793484,0.7045467,49.32778088313483,8.573873091596829,0,1,6149.8955,0.021789562,5,1,false,false,0.7102703,1.8487377,10.599088,-2.5789082,3
50.822704,0.7047336,49.32777674698523,8.573863324103518,0,1,6164.5273,0.02498599,5,1,false,false,0.8973942,1.7487465,10.683881,-2.5785487,3
50.852127,0.7049207,49.327772700838416,8.573853419010316,0,1,6177.7324,0.029633988,5,1,false,false,1.1924254,1.7301908,10.521545,-2.578197,3
50.88296,0.70510787,49.32776856468882,8.573843651517008,0,1,6185.9155,0.03457411,5,1,false,false,1.1912528,1.9509864,9.611402,-2.5777998,3
50.91651,0.70529515,49.32776442867642,8.573833746476284,0,1,6187.6504,0.039222114,5,1,false,false,1.378754,2.0554905,9.805497,-2.577325,3
50.95088,0.70548254,49.327760382529604,8.573823978930497,0,1,6179.8535,0.045904823,5,1,false,false,1.3579412,2.1021497,9.376832,-2.5767844,3
50.983418,0.7056701,49.327756246380005,8.573814073889771,0,1,6178.105,0.05142468,5,1,false,false,1.3993424,1.888373,8.583535,-2.576191,3
51.013336,0.7058577,49.3277521102304,8.573804306343984,0,1,6190.405,0.05520197,5,1,false,false,1.4628104,1.7935938,8.962202,-2.5755649,3
51.042374,0.7060455,49.327747974218,8.57379440130326,0,1,6203.8496,0.05549182,5,1,false,false,1.8766398,1.7543418,9.784575,-2.5748718,3
51.0708,0.7062333,49.32774383806839,8.573784496210058,0,1,6215.0776,0.055783946,5,1,false,false,1.8951712,1.7195626,9.672847,-2.5740814,3
51.100216,0.7064213,49.32773970205599,8.573774728716748,0,1,6231.738,0.052587535,5,1,false,false,1.9289366,1.8513724,9.875278,-2.5731695,3
51.133442,0.70660937,49.327735565906394,8.573764823623545,0,1,6236.6177,0.05142468,5,1,false,false,2.0059981,2.1447577,9.543444,-2.5721755,3
51.169575,0.7067976,49.32773142989399,8.573754918530343,0,1,6220.774,0.046194687,5,1,false,false,1.9081534,2.1892767,9.241684,-2.5711405,3
51.205784,0.70698595,49.32772729374439,8.573745151037034,0,1,6210.724,0.03951199,5,1,false,false,2.1590297,2.078026,8.762807,-2.5701463,3
51.23811,0.7071744,49.327723067729195,8.57373524599631,0,1,6210.731,0.03254055,5,1,false,false,2.3294637,1.8543624,11.582016,-2.5692258,3
51.268143,0.707363,49.327718931716795,8.573725340903106,0,1,6219.064,0.02876326,5,1,false,false,2.0284932,1.7759217,9.622208,-2.5683787,3
51.296253,0.70755166,49.3277147057016,8.573715573409798,0,1,6231.5264,0.023824265,5,1,false,false,1.8735378,1.6815133,9.6180935,-2.5675976,3
51.326748,0.7077404,49.327710569551996,8.573705668316595,0,1,6247.2427,0.019175136,5,1,false,false,2.06329,2.1106083,9.831135,-2.566877,3
51.360218,0.7079294,49.3277063435368,8.573695763223393,0,1,6236.9473,0.0151068615,5,1,false,false,1.9118952,1.9228984,8.990355,-2.5662367,3
51.39276,0.70811844,49.3277022075244,8.57368585818267,0,1,6231.648,0.012783423,5,1,false,false,1.9360032,1.9568924,9.083251,-2.5657136,3
51.42316,0.70830756,49.32769798150921,8.57367609063688,0,1,6246.883,0.011621702,5,1,false,false,1.7331797,1.820674,9.069373,-2.5652792,3
51.452957,0.70849687,49.32769375549402,8.573666185596156,0,1,6251.6685,0.012783423,5,1,false,false,1.8609468,1.7986306,9.171239,-2.5649416,3
51.482822,0.7086862,49.327689529478825,8.573656280502954,0,1,6257.4126,0.013073292,5,1,false,false,1.800339,1.8030908,10.977732,-2.5646355,3
51.51312,0.70887566,49.32768530346363,8.573646375409751,0,1,6269.237,0.013945144,5,1,false,false,2.1741505,1.8333669,12.399957,-2.5643504,3
51.54453,0.70906526,49.32768107744844,8.573636470369028,0,1,6272.1353,0.011621702,5,1,false,false,1.6521411,2.007101,11.46175,-2.5640159,3
51.579514,0.709255,49.32767685143324,8.573626565275825,0,1,6264.948,0.011621702,5,1,false,false,1.9289898,2.2094686,12.154442,-2.563699,3
51.615894,0.7094448,49.327672625418046,8.573616660182621,0,1,6246.783,0.011330711,5,1,false,false,1.9364707,2.2221746,12.309061,-2.563408,3
51.648636,0.7096348,49.32766839940285,8.573606755141897,0,1,6232.7817,0.010168989,5,1,false,false,1.9454335,1.8534521,11.435952,-2.5631843,3
51.67723,0.70982486,49.32766408352207,8.573596850048695,0,1,6241.052,0.009297137,5,1,false,false,1.3682187,1.728611,9.649506,-2.563026,3
51.704243,0.71001506,49.32765985750688,8.573587082555386,0,1,6256.344,0.0063905893,5,1,false,false,1.2967447,1.6365787,9.351195,-2.5629463,3
51.73064,0.7102053,49.32765563149169,8.573577177462184,0,1,6262.0244,0.005519859,5,1,false,false,0.91548157,1.5895401,8.410248,-2.5629153,3
51.755455,0.7103957,49.3276513156109,8.573567134821566,0,1,6279.8677,0.0052288673,5,1,false,false,0.94594944,1.3641862,7.8706183,-2.562912,3
51.77692,0.71058613,49.32764708959571,8.573557229728362,0,1,6312.8037,0.0049389987,5,1,false,false,0.6478216,1.3716198,6.7062945,-2.5629067,3
51.80196,0.7107767,49.32764277371492,8.573547324687638,0,1,6341.0977,0.0026144343,5,1,false,false,0.5399073,1.5428904,5.8538737,-2.562898,3
51.829865,0.7109673,49.32763854769973,8.573537419594436,0,1,6347.899,0.0026144336,5,1,false,false,0.5681465,1.8044442,6.861952,-2.5628877,3
51.861816,0.71115804,49.32763423168174,8.573527514501233,0,1,6352.1387,0.0055198586,5,1,false,false,0.707577,1.8940444,8.839343,-2.5628734,3
51.89283,0.71134895,49.327629915800955,8.57351760946051,0,1,6354.231,0.0090061445,5,1,false,false,0.5842515,1.9132615,8.540141,-2.5628257,3
51.92792,0.7115399,49.32762568978576,8.573507704367307,0,1,6357.896,0.009877997,5,1,false,false,0.7840103,2.307926,9.600298,-2.5627449,3
51.968857,0.711731,49.32762137390498,8.573497799274103,0,1,6334.89,0.009006145,5,1,false,false,0.84183025,2.594708,10.274752,-2.5626237,3
52.009247,0.71192235,49.327617058024195,8.573487756685964,0,1,6294.521,0.008135417,5,1,false,false,0.67688596,2.208934,11.493604,-2.5624964,3
52.041866,0.71211374,49.327612832009,8.573477851592761,0,1,6292.461,0.010458858,5,1,false,false,0.7660643,1.8222277,11.331007,-2.5623963,3
52.069668,0.71230525,49.327608516128215,8.573467808899665,0,1,6314.0806,0.008716277,5,1,false,false,0.5174211,1.6300226,11.391168,-2.562302,3
52.098434,0.7124969,49.32760420011023,8.573457903806462,0,1,6315.51,0.0063905893,5,1,false,false,0.6120564,1.8061132,12.554146,-2.5622168,3
52.12899,0.71268857,49.32759988422945,8.57344799871326,0,1,6312.266,0.003776155,5,1,false,false,0.5466379,1.8083141,12.35062,-2.56212,3
52.158157,0.7128804,49.32759556834866,8.57343795612512,0,1,6319.3115,0.0037761545,5,1,false,false,0.6009178,1.7449065,11.075521,-2.5620446,3
52.18761,0.71307236,49.32759125233068,8.573428051031918,0,1,6324.895,0.0031952942,5,1,false,false,0.4705795,1.8165684,12.203191,-2.5619886,3
52.21803,0.7132644,49.3275869364499,8.57341800844378,0,1,6319.1567,0.001452713,5,1,false,false,0.80546534,1.8522316,10.809425,-2.5619648,3
52.247475,0.71345663,49.32758262056911,8.573407965750683,0,1,6318.6436,-0.0002898684,5,1,false,false,0.48521733,1.744968,8.884817,-2.5619066,3
52.27525,0.71364886,49.32757830468832,8.573398060657478,0,1,6329.277,2.1827873e-11,5,1,false,false,0.22358227,1.6846281,8.398262,-2.5618644,3
52.30199,0.7138412,49.32757398867034,8.573388018069341,0,1,6337.1074,0.0008718524,5,1,false,false,0.08230986,1.5936425,10.144037,-2.561868,3
52.326336,0.7140337,49.32756967278956,8.573378112976137,0,1,6348.857,0.0026144334,5,1,false,false,0.27076223,1.3578782,7.638989,-2.5619183,3
52.346203,0.71422625,49.32756526690598,8.57336807028304,0,1,6383.719,0.0049389983,5,1,false,false,0.34771907,1.2451845,6.759509,-2.561971,3
52.373737,0.7144189,49.32756095102519,8.573358027694901,0,1,6416.043,0.0049389987,5,1,false,false,0.35309783,2.047345,6.8772426,-2.5620036,3
52.40596,0.71461165,49.32755663514441,8.573347985001805,0,1,6390.4214,0.003776155,5,1,false,false,0.27601767,1.8283709,6.4695053,-2.562029,3
52.43749,0.71480453,49.327552319263624,8.573337942413666,0,1,6389.0493,0.003486286,5,1,false,false,0.2850867,1.8045121,6.2965894,-2.562064,3
52.46509,0.71499753,49.32754791338005,8.573328037320463,0,1,6414.487,0.0037761545,5,1,false,false,0.13161722,1.5675774,7.0402017,-2.562105,3
52.494823,0.7151906,49.327543597499265,8.573317994627367,0,1,6418.7534,0.004357015,5,1,false,false,0.2946488,1.806116,7.9080825,-2.5621712,3
52.52445,0.7153838,49.32753928148128,8.573307952039228,0,1,6415.47,0.004357015,5,1,false,false,0.44642213,1.7626793,10.659983,-2.5622218,3
52.558456,0.7155771,49.327534875734905,8.573297909346131,0,1,6424.4927,0.0063905874,5,1,false,false,0.3107838,2.0937698,10.926471,-2.5622463,3
52.593956,0.71577054,49.32753055971692,8.573287866653034,0,1,6406.397,0.008425284,5,1,false,false,0.2652113,2.2324138,10.898401,-2.562272,3
52.633194,0.71596414,49.32752624383613,8.573277824064895,0,1,6381.9297,0.008716276,5,1,false,false,0.47151345,2.373246,10.690366,-2.5622914,3
52.66844,0.71615785,49.32752183795256,8.573267643876862,0,1,6358.758,0.0063905893,5,1,false,false,0.28575915,1.8799908,10.132828,-2.5622609,3
52.69702,0.7163517,49.32751752207177,8.573257601183766,0,1,6360.178,0.006390588,5,1,false,false,0.33371013,1.576561,12.891371,-2.562208,3
52.72175,0.7165456,49.3275131163254,8.573247558490669,0,1,6381.705,0.007263563,5,1,false,false,0.217286,1.4345865,11.358968,-2.5621355,3
52.746403,0.71673965,49.32750871044182,8.57323751590253,0,1,6394.489,0.0061007203,5,1,false,false,-0.005868107,1.414656,8.721083,-2.562077,3
52.772953,0.7169338,49.32750439456104,8.573227335714497,0,1,6406.1343,0.004648007,5,1,false,false,0.7795222,1.7190945,13.528975,-2.5620267,3
52.8029,0.717128,49.32749998867746,8.5732172930214,0,1,6403.6255,0.0055198586,5,1,false,false,0.23534903,1.7758114,12.9862175,-2.5619276,3
52.829445,0.71732235,49.32749567279667,8.573207250433262,0,1,6397.4546,0.008425284,5,1,false,false,0.16202413,1.5223976,11.264449,-2.5618482,3
52.86114,0.7175168,49.3274912669131,8.57319707014027,0,1,6418.3774,0.008716276,5,1,false,false,0.3936898,1.9621726,11.790494,-2.5617812,3
52.891457,0.71771127,49.32748686102953,8.573187027552132,0,1,6393.613,0.0063905893,5,1,false,false,0.5863652,1.8969638,12.8896675,-2.5616753,3
52.92067,0.717906,49.327482455283146,8.573176847259141,0,1,6380.3403,0.004648007,5,1,false,false,0.34638584,1.7139244,11.72131,-2.5615098,3
52.944843,0.7181007,49.32747813940236,8.573166804671002,0,1,6404.526,0.0026144339,5,1,false,false,0.16705848,1.4193995,9.235727,-2.5613525,3
52.968655,0.7182956,49.32747373351879,8.573156624482971,0,1,6418.5913,-0.0008718525,5,1,false,false,0.15718845,1.581992,8.082872,-2.561232,3
52.994976,0.71849054,49.327469327635214,8.573146581789874,0,1,6418.8706,-0.0034874098,5,1,false,false,0.30283388,1.5358807,6.6222105,-2.561146,3
53.01574,0.71868557,49.32746492188883,8.573136401601841,0,1,6432.866,-0.0037772781,5,1,false,false,0.1281784,1.0710715,6.7420926,-2.5610766,3
53.03163,0.7188807,49.32746051600526,8.573126358908745,0,1,6479.797,-0.001452713,5,1,false,false,0.39725643,0.79697055,9.869818,-2.5610366,3
53.046444,0.71907586,49.32745611012168,8.573116178720712,0,1,6525.557,0.0005808604,5,1,false,false,0.14813322,1.0694172,11.511329,-2.5609827,3
53.073288,0.71927106,49.3274517942409,8.573105998532679,0,1,6550.4414,0.0005808604,5,1,false,false,0.38112602,2.1034207,9.088765,-2.5609238,3
53.12191,0.71946645,49.32744738835732,8.573095955839582,0,1,6510.914,-0.002033573,5,1,false,false,0.3449846,3.4099119,8.354215,-2.5608308,3
53.173813,0.719662,49.32744298261095,8.573085775651549,0,1,6407.46,-0.00464913,5,1,false,false,0.32045957,2.671043,10.763102,-2.5607307,3
53.206223,0.71985775,49.32743857672737,8.573075595463516,0,1,6382.3896,-0.007263563,5,1,false,false,0.20154531,1.4942636,11.919982,-2.5606697,3
53.223904,0.72005355,49.3274340809782,8.573065415170525,0,1,6444.839,-0.009877997,5,1,false,false,0.04766892,0.9884849,9.4348,-2.5606716,3
53.243374,0.7202494,49.32742967509463,8.573055234982494,0,1,6470.4575,-0.0116217015,5,1,false,false,0.09128184,1.4024833,8.083511,-2.5607219,3
53.2706,0.7204454,49.32742526934825,8.573045054794461,0,1,6460.8496,-0.011912694,5,1,false,false,0.1081851,1.720861,7.2341557,-2.5608027,3
53.29631,0.72064143,49.327420863464674,8.57303487450147,0,1,6466.4165,-0.01074985,5,1,false,false,0.017717369,1.3580285,6.610604,-2.5608904,3
53.31564,0.7208376,49.3274164577183,8.573024694313437,0,1,6498.179,-0.008716277,5,1,false,false,0.012780309,1.0303949,6.8757935,-2.561005,3
53.332573,0.7210338,49.32741205183472,8.573014514125404,0,1,6538.1904,-0.006682704,5,1,false,false,0.12918364,0.9801096,7.0618973,-2.561147,3
53.353664,0.7212301,49.32740764595115,8.573004333937371,0,1,6569.434,-0.0037772786,5,1,false,false,0.11357239,1.487298,8.129274,-2.5613005,3
53.38545,0.7214265,49.32740315020198,8.57299415364438,0,1,6571.105,-0.001452713,5,1,false,false,0.1445396,2.2440035,8.861131,-2.5614522,3
53.428154,0.721623,49.3273987444556,8.572983973456349,0,1,6530.7017,1.4551915e-10,5,1,false,false,0.12221135,2.6297472,10.177998,-2.5615654,3
53.47084,0.7218197,49.327394338709226,8.572973793268316,0,1,6483.061,0,5,1,false,false,-0.020412773,2.342308,11.1645,-2.561637,3
53.50405,0.7220165,49.32738993268845,8.572963475480389,0,1,6469.0254,0,5,1,false,false,-0.10094285,1.7761987,12.441464,-2.5616717,3
53.53119,0.72221345,49.32738543693928,8.572953295187398,0,1,6480.226,-0.0014527129,5,1,false,false,0.07568677,1.5829865,12.342654,-2.5616999,3
53.557507,0.7224105,49.32738103119291,8.572943114999365,0,1,6483.079,-0.00464913,5,1,false,false,-0.109071925,1.6225834,11.740088,-2.5617285,3
53.584366,0.7226076,49.32737662544653,8.572932797211438,0,1,6479.99,-0.007554555,5,1,false,false,0.06976865,1.6502221,10.913431,-2.56177,3
53.61037,0.72280484,49.32737212969736,8.572922617023407,0,1,6485.231,-0.009877997,5,1,false,false,-0.040996507,1.5412835,10.288472,-2.5618138,3
53.635223,0.72300214,49.32736772367659,8.57291229923548,0,1,6492.8857,-0.0116217015,5,1,false,false,-0.08638519,1.4867275,10.221225,-2.5618665,3
53.659565,0.7231996,49.32736322792742,8.572902119047447,0,1,6501.716,-0.013074415,5,1,false,false,-0.113593146,1.4671992,11.082473,-2.5619535,3
53.68356,0.72339714,49.32735882218105,8.57289180125952,0,1,6514.0645,-0.014818119,5,1,false,false,-0.15136898,1.4478939,9.923699,-2.562088,3
53.707813,0.7235947,49.32735432643187,8.572881620966529,0,1,6527.2007,-0.015979841,5,1,false,false,-0.15593816,1.5350581,9.714609,-2.562265,3
53.735004,0.7237924,49.3273499206855,8.572871303178603,0,1,6531.9326,-0.015979841,5,1,false,false,-0.3295512,1.7303365,9.909705,-2.56246,3
53.76363,0.7239902,49.32734542493633,8.572860985390676,0,1,6524.3545,-0.013365408,5,1,false,false,-0.17395519,1.7213793,10.113729,-2.5626884,3
53.791153,0.7241881,49.327341018915554,8.572850805202643,0,1,6523.4375,-0.011912694,5,1,false,false,-0.3056638,1.665163,10.72246,-2.5629296,3
53.817646,0.7243861,49.32733652316639,8.572840487414716,0,1,6532.021,-0.010458859,5,1,false,false,-0.21295503,1.604957,10.157771,-2.563198,3
53.84411,0.7245842,49.32733211742001,8.57283016962679,0,1,6532.9316,-0.009587006,5,1,false,false,-0.12364422,1.6297438,9.712382,-2.563454,3
53.871532,0.72478235,49.32732762167085,8.572819851838863,0,1,6531.836,-0.008425285,5,1,false,false,-0.36151677,1.6844542,10.225707,-2.563676,3
53.898323,0.7249807,49.32732321592447,8.572809534050936,0,1,6531.9424,-0.0075545553,5,1,false,false,-0.33499968,1.5859953,10.21684,-2.5638757,3
53.923187,0.72517914,49.3273187201753,8.572799216263011,0,1,6537.647,-0.007554556,5,1,false,false,-0.31534913,1.5098082,10.070386,-2.564063,3
53.94801,0.7253776,49.32731431415453,8.572788898475084,0,1,6550.396,-0.008425284,5,1,false,false,-0.3415398,1.5184247,9.194052,-2.5642335,3
53.9738,0.72557616,49.32730981840536,8.572778580687157,0,1,6553.404,-0.009587005,5,1,false,false,-0.32846594,1.5973933,8.426477,-2.5644,3
54.000195,0.7257748,49.327305322656194,8.57276826289923,0,1,6553.443,-0.0107498495,5,1,false,false,-0.27548867,1.5874542,8.283638,-2.564557,3
54.025978,0.72597367,49.32730091690981,8.572757945111304,0,1,6558.813,-0.01133071,5,1,false,false,-0.3888257,1.5155367,8.739431,-2.564708,3
54.049747,0.7261726,49.327296421160646,8.572747627323377,0,1,6568.4414,-0.01133071,5,1,false,false,-0.38928115,1.3875526,8.771936,-2.5648706,3
54.072845,0.7263717,49.32729201541427,8.57273730953545,0,1,6585.964,-0.0107498495,5,1,false,false,-0.3147987,1.4069433,9.718885,-2.5650532,3
54.098957,0.7265708,49.327287519665106,8.572726991747524,0,1,6596.126,-0.0107498495,5,1,false,false,-0.42104918,1.6804353,9.6420555,-2.5652468,3
54.12847,0.7267701,49.32728302391594,8.572716536359703,0,1,6587.2627,-0.0116217015,5,1,false,false,-0.37601757,1.8443273,9.884584,-2.5654492,3
54.159443,0.7269695,49.32727861789516,8.572706218571776,0,1,6576.4805,-0.0124935545,5,1,false,false,-0.53762585,1.9024372,10.461933,-2.5656478,3
54.18932,0.727169,49.327274122145994,8.57269590078385,0,1,6566.7686,-0.013655275,5,1,false,false,-0.6468116,1.7215751,10.444024,-2.565844,3
54.21624,0.72736853,49.32726962639683,8.572685445500987,0,1,6564.159,-0.015398979,5,1,false,false,-0.53294206,1.5776405,10.158183,-2.5660574,3
54.24138,0.72756815,49.32726513064766,8.57267512771306,0,1,6572.7446,-0.018303286,5,1,false,false,-0.6180481,1.484732,9.997845,-2.566275,3
54.26573,0.7277678,49.32726072490128,8.57266467232524,0,1,6577.856,-0.020046987,5,1,false,false,-0.64702934,1.473722,10.492564,-2.566509,3
54.290516,0.7279676,49.32725622915211,8.572654354537313,0,1,6583.0806,-0.020918839,5,1,false,false,-0.76373893,1.5068877,10.093259,-2.5667799,3
54.315075,0.7281674,49.327251733402946,8.572643899149494,0,1,6590.3633,-0.020627841,5,1,false,false,-0.64953256,1.4957101,9.951208,-2.5671062,3
54.340225,0.7283674,49.32724723765378,8.57263344386663,0,1,6595.705,-0.018594274,5,1,false,false,-0.6534189,1.5492272,9.95657,-2.5674682,3
54.36626,0.72856736,49.327242831907405,8.572623125973745,0,1,6596.2954,-0.016560702,5,1,false,false,-0.68610525,1.5470743,10.451636,-2.567852,3
54.392113,0.7287674,49.32723833615824,8.572612670690884,0,1,6597.2837,-0.014527129,5,1,false,false,-0.66682774,1.566489,10.788253,-2.5682392,3
54.417492,0.7289676,49.32723384040907,8.57260221540802,0,1,6602.107,-0.013074416,5,1,false,false,-0.744254,1.5314221,10.7016,-2.5686188,3
54.443344,0.7291678,49.32722943438829,8.572591759915243,0,1,6604.4995,-0.011621702,5,1,false,false,-0.6655371,1.6124432,10.0585785,-2.5689816,3
54.4697,0.7293681,49.32722493863913,8.57258130463238,0,1,6602.1855,-0.010458859,5,1,false,false,-0.68339485,1.593981,10.529749,-2.569315,3
54.495712,0.7295685,49.32722044288996,8.5725708491396,0,1,6600.5884,-0.010458858,5,1,false,false,-0.74171203,1.5805873,11.114281,-2.5696077,3
54.52038,0.729769,49.32721594714079,8.572560393856739,0,1,6604.917,-0.011912693,5,1,false,false,-0.7383411,1.4762634,10.330673,-2.5698786,3
54.544514,0.72996956,49.327211451391626,8.572549938573875,0,1,6611.427,-0.014236135,5,1,false,false,-0.89872,1.497881,9.634322,-2.570122,3
54.569283,0.73017013,49.327207045645245,8.572539483081098,0,1,6615.1055,-0.01597984,5,1,false,false,-0.86654544,1.5174484,9.290369,-2.5703764,3
54.593975,0.7303709,49.32720254989608,8.572529027798234,0,1,6614.994,-0.016850565,5,1,false,false,-0.7330946,1.4977981,8.7177515,-2.5706348,3
54.617615,0.7305716,49.32719805414691,8.572518572515373,0,1,6620.734,-0.016850568,5,1,false,false,-0.7926626,1.4025931,9.451753,-2.570898,3
54.64018,0.7307725,49.327193558397745,8.572508117022593,0,1,6632.521,-0.014527127,5,1,false,false,-0.72089344,1.3547287,9.954174,-2.5711932,3
54.66228,0.7309734,49.32718915265137,8.572497524244795,0,1,6645.674,-0.0133654075,5,1,false,false,-0.6635038,1.3886255,10.461081,-2.5715277,3
54.687115,0.73117447,49.327184656902205,8.572487068752016,0,1,6653.992,-0.013074415,5,1,false,false,-0.67864853,1.6129674,10.267994,-2.5718758,3
54.715347,0.7313756,49.32718016115304,8.572476613469155,0,1,6645.5947,-0.013074415,5,1,false,false,-0.7279289,1.7866261,9.686137,-2.572217,3
54.74441,0.73157674,49.327175665403864,8.57246602048144,0,1,6629.8877,-0.014527127,5,1,false,false,-0.8562346,1.7311933,9.902472,-2.572524,3
54.7707,0.731778,49.32717125938309,8.572455565198577,0,1,6625.5933,-0.018594274,5,1,false,false,-0.9382646,1.5416559,10.698114,-2.5727978,3
54.793896,0.7319795,49.327166763633926,8.572444972210862,0,1,6633.2656,-0.024405124,5,1,false,false,-1.0307429,1.3646512,10.070863,-2.5730681,3
54.815678,0.73218095,49.32716226788476,8.572434379223148,0,1,6644.851,-0.035444845,5,1,false,false,-1.1574495,1.3514861,9.460231,-2.573384,3
54.838467,0.7323825,49.32715777213559,8.572423923940285,0,1,6653.775,-0.052587535,5,1,false,false,-1.3862442,1.4364522,9.258722,-2.5737922,3
54.8626,0.73258406,49.32715336638921,8.572413330952571,0,1,6655.0146,-0.07873411,5,1,false,false,-1.5980523,1.4934924,9.071025,-2.574332,3
54.88648,0.7327858,49.327148870640045,8.572402738174771,0,1,6657.49,-0.10778726,5,1,false,false,-2.2528048,1.4514825,9.142851,-2.5750825,3
54.9094,0.7329876,49.32714437489088,8.572392282681994,0,1,6665.4834,-0.14410168,5,1,false,false,-3.0904746,1.4026366,9.660324,-2.5761333,3
54.932415,0.7331895,49.327139969144504,8.572381689694279,0,1,6673.525,-0.17983525,5,1,false,false,-3.810747,1.4422177,9.1666155,-2.5776122,3
54.956795,0.73339146,49.32713547339534,8.57237109691648,0.009889194,1,6674.4736,-0.21498804,5,1,false,false,-4.4350176,1.5073098,8.597728,-2.5795825,3
54.980007,0.7335935,49.32713106737456,8.572360503928767,0.026569761,1,6671.0356,-0.24781619,5,1,false,false,-5.3409286,1.4009751,9.260658,-2.58205,3
54.998707,0.7337957,49.32712657162539,8.572349773446115,0.053258672,0.8951911,6664.5737,-0.27831972,5,1,false,false,-6.1030364,1.0316836,9.323031,-2.585041,3
55.009018,0.7339979,49.32712216587902,8.572339180458401,0.07863697,0.7627619,6645.9985,-0.30068904,5,1,false,false,-6.7721133,0.47041267,9.002805,-2.5885718,3
55.007385,0.73420006,49.32711776013264,8.572328587680603,0.10520674,0.6258939,6619.908,-0.3169565,5,1,false,false,-7.687916,-0.39554632,8.761356,-2.592615,3
54.988422,0.73440224,49.32711335438626,8.572317856988036,0.13749552,0.47496924,6586.513,-0.32509077,5,1,false,false,-8.536891,-1.4887729,9.8912,-2.597132,3
54.947315,0.7346043,49.327108948365485,8.572307126505386,0.17085667,0.34401977,6554.51,-0.3265435,5,1,false,false,-9.936664,-2.9098506,10.884357,-2.6021304,3
54.8829,0.7348061,49.327104632621904,8.572296533727588,0.20362209,0.24315666,6530.684,-0.32218546,5,1,false,false,-10.946875,-4.1079755,10.648025,-2.6076477,3
54.79955,0.7350077,49.32710031660392,8.572285803244936,0.23519596,0.16596797,6505.28,-0.31114686,5,1,false,false,-11.338967,-5.1484513,10.349024,-2.6136003,3
54.701324,0.735209,49.32709600058593,8.572275072762286,0.26569757,0.10382243,6467.3145,-0.2911021,5,1,false,false,-11.205447,-5.835095,9.367757,-2.6197302,3
54.594566,0.73540986,49.32709177457074,8.57226434206972,0.2857144,0.057213303,6398.7964,-0.2664093,5,1,false,false,-10.784683,-6.2431307,8.672103,-2.6255844,3
54.48056,0.7356103,49.32708754855555,8.572253611587069,0.29333964,0.027373606,6308.799,-0.2472342,5,1,false,false,-11.165197,-6.756725,8.927564,-2.6309476,3
54.358925,0.7358103,49.32708332254035,8.57224301880927,0.28666744,0.021208389,6227.58,-0.23532374,5,1,false,false,-11.174948,-7.101789,8.856135,-2.63606,3
54.223976,0.7360099,49.32707918652795,8.57223228832662,0.26939118,0.016029598,6378.0947,-0.2327093,5,1,false,false,-10.730138,-8.201944,8.84159,-2.6412818,3
54.086735,0.7362089,49.327075050515546,8.572221557634055,0.2462766,0.011590628,6347.052,-0.23619562,5,1,false,false,-11.464673,-7.4832,8.151374,-2.6468825,3
53.962772,0.73640746,49.32707100423154,8.572210964856255,0.20505182,0.0009864365,6243.23,-0.24345803,5,1,false,false,-11.98923,-6.872245,7.884952,-2.6530294,3
53.841766,0.7366056,49.327066868219134,8.572200234373605,0.16954608,0,6277.9517,-0.2542079,5,1,false,false,-12.867737,-7.1468105,9.560968,-2.6595397,3
53.71779,0.73680323,49.327062911937915,8.572189503890955,0.13356368,0,6327.5283,-0.26350388,5,1,false,false,-14.882775,-6.6350274,9.755306,-2.6661909,3
53.610928,0.73700047,49.3270588656539,8.572178773408304,0.100798264,0,6296.0513,-0.2687328,5,1,false,false,-15.166778,-5.343465,10.418276,-2.6731207,3
53.51761,0.7371973,49.32705499937548,8.57216818042059,0.07982842,0,6293.9126,-0.26728007,5,1,false,false,-15.9616375,-4.894269,10.701866,-2.6802955,3
53.424023,0.7373938,49.32705104309426,8.57215744993794,0.06207555,0,6315.49,-0.26147038,5,1,false,false,-17.798983,-4.8308663,11.515535,-2.6874845,3
53.336613,0.73759,49.32704717681583,8.57214671945529,0.049326822,0,6316.363,-0.25217432,5,1,false,false,-17.87541,-4.2476788,11.021034,-2.6945333,3
53.25779,0.7377858,49.327043400265794,8.572135988972638,0.043131184,0,6309.06,-0.23939091,5,1,false,false,-17.886137,-3.774371,11.558808,-2.701321,3
53.180836,0.7379814,49.32703962399016,8.572125258280073,0.038246162,0,6304.6357,-0.22196054,5,1,false,false,-19.123423,-3.7713616,11.87413,-2.7077904,3
53.1061,0.7381767,49.327035937442915,8.572114390302486,0.033718567,0,6301.48,-0.19930029,5,1,false,false,-18.159685,-3.510458,10.392585,-2.7140052,3
53.037586,0.7383718,49.32703225089567,8.572103659819836,0.028356966,0,6296.5034,-0.17605913,5,1,false,false,-16.572441,-3.2057695,9.30733,-2.7198527,3
52.972645,0.7385668,49.327028564348424,8.57209279184225,0.020969858,0,6287.012,-0.1592086,5,1,false,false,-16.202814,-3.0417807,9.0481825,-2.7250147,3
52.909233,0.73876184,49.32702505780676,8.572082061149683,0.0115572475,0,6280.937,-0.1542707,5,1,false,false,-15.985388,-2.9997547,8.920085,-2.7293339,3
52.847485,0.73895663,49.327021461262305,8.572071193172096,-4.656613e-10,0,6279.1274,-0.16705409,5,1,false,false,-15.834283,-2.8243086,10.274708,-2.7331517,3
52.789394,0.7391512,49.32701795444624,8.57206032519451,0,0,6273.108,-0.19697575,5,1,false,false,-15.959447,-2.6509626,9.771943,-2.7370133,3
52.73465,0.73934525,49.32701444790458,8.572049457007008,0,0,6266.711,-0.23532371,5,1,false,false,-15.898724,-2.5827827,9.432578,-2.741142,3
52.679436,0.73953915,49.32701103109131,8.572038589029422,0,0,6260.627,-0.27105618,5,1,false,false,-15.527058,-2.6847708,8.549872,-2.7454507,3
52.62359,0.7397329,49.32700761427804,8.57202772084192,0,0,6258.269,-0.30737063,5,1,false,false,-15.006089,-2.6736,8.350822,-2.7495477,3
52.568974,0.7399263,49.32700428746756,8.572016715159481,0,0,6253.963,-0.3407774,5,1,false,false,-15.544379,-2.6148903,9.00385,-2.7532322,3
52.515377,0.74011946,49.32700096065708,8.572005847181895,0,0,6245.5,-0.37215176,5,1,false,false,-15.646156,-2.5762591,8.512791,-2.7567108,3
52.46271,0.74031246,49.3269976335722,8.571994841499457,0.010604075,0,6238.118,-0.39858708,5,1,false,false,-15.61493,-2.5495923,9.059994,-2.760352,3
52.40782,0.7405052,49.32699439676451,8.57198397352187,0.032050516,0,6230.4766,-0.41543546,5,1,false,false,-16.10173,-2.7150037,9.535486,-2.7645285,3
52.348194,0.7406977,49.326991249685214,8.571972967839432,0.05099487,0,6220.238,-0.4238595,5,1,false,false,-16.892475,-3.089924,9.78437,-2.7694154,3
52.28337,0.74088997,49.32698810260592,8.571961962156994,0.074943416,0,6208.021,-0.41892162,5,1,false,false,-16.718296,-3.3459318,9.780533,-2.7749581,3
52.21281,0.74108213,49.32698495580102,8.571951094179408,0.08971764,0,6195.4395,-0.3994589,5,1,false,false,-16.995808,-3.7324543,10.238298,-2.7808828,3
52.136513,0.7412739,49.326981898450114,8.57194008849697,0.10032169,0,6179.859,-0.36605114,5,1,false,false,-17.500732,-4.041527,10.8692875,-2.786854,3
52.053246,0.74146545,49.32697884137361,8.571929082814531,0.10258548,0,6168.3955,-0.3277053,5,1,false,false,-17.78084,-4.34833,10.321734,-2.7928765,3
51.971268,0.7416567,49.32697587429989,8.571918077132093,0.09984512,0,6158.819,-0.29110205,5,1,false,false,-16.37919,-4.2323847,9.516478,-2.7989283,3
51.89167,0.74184775,49.32697290695178,8.571906933954718,0.09090911,0,6141.757,-0.2449107,5,1,false,false,-14.882848,-4.051711,9.0861435,-2.8048255,3
51.81101,0.74203855,49.32696993987806,8.57189592827228,0.07267964,0,6126.9287,-0.20336851,5,1,false,false,-15.3840685,-4.283688,8.741894,-2.8103306,3
51.73269,0.74222904,49.32696715253553,8.571884922799757,0.054211847,0,6123.2617,-0.17663999,5,1,false,false,-14.625523,-4.008335,8.944117,-2.8154895,3
51.660713,0.7424194,49.32696427519021,8.571873917117319,0.035982367,0,6117.12,-0.17199199,5,1,false,false,-13.948,-3.5171402,9.159474,-2.8204794,3
51.59523,0.74260956,49.326961487847676,8.57186291143488,0.013821039,0,6105.8374,-0.18651801,5,1,false,false,-14.186059,-3.2405167,9.37282,-2.8254988,3
51.533764,0.74279964,49.326958700505145,8.571851768257506,-1.3969839e-09,0,6103.954,-0.21963602,5,1,false,false,-15.50876,-3.0506723,9.2852,-2.8306549,3
51.474857,0.7429894,49.32695600316541,8.571840762575068,0,0,6109.998,-0.26001757,5,1,false,false,-15.930028,-2.7804306,10.315571,-2.8359656,3
51.41754,0.74317914,49.326953305551264,8.57182975689263,0,0,6110.028,-0.31579486,5,1,false,false,-16.558601,-2.6479475,9.916822,-2.8413453,3
51.36111,0.7433688,49.326950697939914,8.571818613715255,0,0,6103.4062,-0.36837453,5,1,false,false,-17.53449,-2.625907,10.138611,-2.8465953,3
51.304455,0.74355835,49.32694809060297,8.571807608032817,0,0,6098.8013,-0.4189216,5,1,false,false,-18.27444,-2.6259518,10.246158,-2.8516555,3
51.247192,0.74374765,49.326945572994404,8.571796464855444,0,0,6095.614,-0.45958972,5,1,false,false,-18.524498,-2.6794188,10.712708,-2.8566358,3
51.189365,0.743937,49.32694305538585,8.57178532167807,0,0,6089.1763,-0.49648178,5,1,false,false,-19.671978,-2.669968,11.799229,-2.8618298,3
51.130726,0.74412614,49.326940627505685,8.571774315995631,0,0,6082.981,-0.51913965,5,1,false,false,-19.83613,-2.7514586,10.478296,-2.8676257,3
51.073566,0.74431515,49.326938199899914,8.571763172818256,0,0,6076.679,-0.52901566,5,1,false,false,-17.832747,-2.6560845,8.916737,-2.8739474,3
51.01594,0.7445041,49.326935862022545,8.571752029640882,0,0,6068.827,-0.52785397,5,1,false,false,-18.386553,-2.7320685,9.861549,-2.880406,3
50.956966,0.74469304,49.326933524419566,8.571740886463509,0,0,6062.4756,-0.5264022,5,1,false,false,-18.715857,-2.728844,9.398686,-2.8867564,3
50.9,0.74488175,49.32693127654498,8.571729743286134,0,0,6059.0146,-0.52553034,5,1,false,false,-17.94559,-2.584937,9.540547,-2.892989,3
50.84485,0.7450704,49.3269290286704,8.571718599898844,0,0,6048.336,-0.5214634,5,1,false,false,-17.558743,-2.5469182,8.782755,-2.8993943,3
50.789883,0.7452591,49.326926870524204,8.571707319226533,0,0,6036.396,-0.51420087,5,1,false,false,-17.134996,-2.5581827,8.32832,-2.906079,3
50.73504,0.7454477,49.32692471265241,8.571696176049159,0,0,6030.797,-0.50461596,5,1,false,false,-16.955149,-2.5836465,8.7524185,-2.9129877,3
50.679417,0.74563605,49.32692264450901,8.571685032871786,0,0,6022.1865,-0.49560988,5,1,false,false,-17.4505,-2.5688,8.661811,-2.9200656,3
50.62383,0.7458245,49.32692057664001,8.571673889484495,0,0,6014.015,-0.48689467,5,1,false,false,-16.746416,-2.5204334,8.345808,-2.9273021,3
50.568855,0.7460129,49.326918598499404,8.571662608812185,0,0.0019728735,6006.772,-0.4831196,5,1,false,false,-16.745401,-2.5148745,8.519739,-2.9346044,3
50.512707,0.74620116,49.326916620358794,8.57165146563481,0,0.049321823,6003.8994,-0.48486117,5,1,false,false,-17.143002,-2.519517,8.516174,-2.941875,3
50.456078,0.74638927,49.32691473194657,8.571640322457437,0,0.089765735,6010.0503,-0.49299538,5,1,false,false,-18.398823,-2.427425,9.5559225,-2.94907,3
50.40235,0.7465775,49.326912843808756,8.57162904157521,0,0.107274964,6006.2515,-0.50635856,5,1,false,false,-18.14498,-2.1843462,9.087572,-2.9563923,3
50.350777,0.74676555,49.32691095567094,8.571617898397836,0,0.11245378,5997.56,-0.5197207,5,1,false,false,-18.202318,-2.085111,8.93021,-2.963811,3
50.299553,0.74695355,49.32690915726151,8.57160661751561,0,0.112453766,5993.6777,-0.5298862,5,1,false,false,-18.191948,-2.0881355,8.683204,-2.971237,3
50.248035,0.74714154,49.326907448854875,8.571595474338237,0,0.112453766,5988.653,-0.5380205,5,1,false,false,-17.923807,-2.0517483,8.4382305,-2.9785142,3
50.196163,0.74732953,49.32690574044824,8.571584193665926,0,0.112453766,5981.097,-0.54789615,5,1,false,false,-18.62931,-2.0505035,9.181485,-2.9855468,3
50.144512,0.7475173,49.3269041220444,8.571573050488551,0,0.112453766,5975.497,-0.5603864,5,1,false,false,-18.155523,-2.0412097,8.891355,-2.9924808,3
50.09195,0.747705,49.326902503640554,8.571561769606324,0,0.1107275,5969.729,-0.572588,5,1,false,false,-18.554453,-2.0663643,8.372033,-2.9993634,3
50.039715,0.7478928,49.3269009749651,8.5715504887241,0,0.10283599,5960.967,-0.58507806,5,1,false,false,-18.400671,-2.120469,8.661871,-3.0063581,3
49.985992,0.7480804,49.32689944656405,8.571539345546725,0,0.0808878,5948.202,-0.59727824,5,1,false,false,-18.80176,-2.1089537,8.871557,-3.0134354,3
49.929733,0.7482679,49.32689800789139,8.571528064874414,0,0.052034512,5934.162,-0.6071543,5,1,false,false,-19.04505,-2.3297954,8.781425,-3.020537,3
49.87149,0.74845535,49.326896569218725,8.57151678399219,0,0.03255241,5924.267,-0.61586815,5,1,false,false,-19.091042,-2.347884,8.774011,-3.0275846,3
49.811283,0.74864286,49.326895220548856,8.571505640814815,0,0.026633786,5916.1074,-0.6228398,5,1,false,false,-18.589626,-2.4599314,8.871635,-3.0346642,3
49.75084,0.74883014,49.32689387187898,8.571494360142504,0,-1.8626451e-09,5902.4565,-0.62893933,5,1,false,false,-18.654037,-2.534848,8.323218,-3.041645,3
49.6893,0.7490173,49.326892612937506,8.571483216755214,0,0,5892.116,-0.63504,5,1,false,false,-19.085627,-2.5011103,8.930035,-3.048522,3
49.62682,0.749204,49.32689135427042,8.571471936082904,0,0,5885.074,-0.64230126,5,1,false,false,-19.069828,-2.5685146,9.345503,-3.0553904,3
49.563107,0.7493904,49.326890185331735,8.571460655200678,0,0,5874.3584,-0.64956254,5,1,false,false,-20.014118,-2.574641,9.737785,-3.0624812,3
49.49739,0.7495767,49.32688910639584,8.571449512023303,0,0,5865.424,-0.65537226,5,1,false,false,-20.641153,-2.622857,10.142524,-3.0699606,3
49.431133,0.7497626,49.32688802718555,8.571438231350994,0,0,5859.6157,-0.6553723,5,1,false,false,-20.578802,-2.6644168,9.853202,-3.0777614,3
49.363003,0.74994797,49.32688703825244,8.57142708817362,0,0,5851.407,-0.65072423,5,1,false,false,-20.76617,-2.7020926,9.642439,-3.0857072,3
49.294403,0.75013304,49.326886049319334,8.571415807291393,0,0,5844.599,-0.6457865,5,1,false,false,-21.092558,-2.683631,10.131147,-3.0935476,3
49.227932,0.7503179,49.32688515011462,8.571404664114018,0,0,5837.9404,-0.6423014,5,1,false,false,-19.576292,-2.6118596,8.891709,-3.1010036,3
49.162354,0.7505023,49.326884250909906,8.571393383231793,0,0,5828.0747,-0.64142936,5,1,false,false,-19.812548,-2.5845006,8.968052,-3.1078644,3
49.10361,0.75068635,49.326883441707984,8.571382240054419,0,0.77,6066.1,-0.6498523,0,1,false,false,-18.844252,-2.0597925,8.206199,-3.1142766,3
49.049427,0.75087017,49.32688263250606,8.571371096877044,0,0.77,6486.4585,-0.66728175,0,1,false,false,-19.172094,-1.9645019,9.199956,-3.1203635,3
48.994354,0.75105387,49.32688191303254,8.571359816204733,0,0,6571.1655,-0.6916801,4,1,false,false,-20.115719,-1.9797486,9.27111,-3.1264985,3
48.925667,0.75123703,49.3268812835618,8.571348672817443,0,0,6746.8145,-0.7210173,4,1,false,false,-18.721497,-4.2206216,7.5625663,-3.1329799,3
48.821518,0.7514199,49.32688065436545,8.57133752964007,0,0,7051.1646,-0.7430913,4,1,false,false,-17.770605,-5.118275,8.867684,-3.1395338,3
48.735138,0.7516025,49.32688002489471,8.571326386462696,0,0,6954.993,-0.75616324,4,1,false,false,-21.983248,-3.08775,10.271247,3.1369226,3
48.664837,0.7517846,49.326879485426765,8.571315243285321,0,0,6835.6187,-0.7651663,4,1,false,false,-22.562515,-2.4891295,11.727535,3.129607,3
48.598778,0.7519665,49.32687903568721,8.571304100107946,0,0,6760.628,-0.76313376,4,1,false,false,-22.5817,-2.57046,11.1315365,3.1217995,3
48.514893,0.7521481,49.32687858622205,8.571292956930574,0,0,6880.6475,-0.75122434,4,1,false,false,-22.793411,-4.086394,11.740865,3.1133964,3
48.423317,0.7523293,49.32687822648529,8.571281813543283,0,0.009864366,6908.493,-0.73234594,4,1,false,false,-23.324104,-3.5016172,11.32648,3.1047666,3
48.344208,0.75251013,49.32687795675131,8.57127080807076,0,0.028360052,6842.164,-0.7105607,4,1,false,false,-23.930914,-2.8425422,12.488375,3.0961044,3
48.26642,0.75269073,49.32687768701734,8.57125966468347,0,0.028360048,6827.017,-0.6893567,4,1,false,false,-24.0957,-3.0739772,12.08582,3.0876,3
48.18329,0.75287104,49.326877507286156,8.571248659210948,0,0.028360048,6849.0127,-0.6742518,4,1,false,false,-23.252771,-3.3034065,10.811541,3.07942,3
48.104313,0.753051,49.32687741728336,8.57123765352851,0,0.028360048,6845.296,-0.6640864,4,1,false,false,-21.437037,-3.041597,10.007861,3.071859,3
48.030823,0.75323075,49.326877327554975,8.571226647846071,0,0.035265103,6822.905,-0.66292334,4,1,false,false,-21.039452,-2.847839,9.45199,3.0651312,3
47.95877,0.7534102,49.326877327554975,8.571215642163633,0,0.07644883,6820.0664,-0.6748329,4,1,false,false,-21.604795,-2.774781,9.845887,3.059137,3
47.89082,0.75358945,49.326877327554975,8.571204636481195,0,0.11590627,6829.2075,-0.6951661,4,1,false,false,-19.678398,-2.501481,9.369638,3.0533874,3
47.8313,0.7537685,49.32687741728336,8.571193631008672,0,0.1755857,6830.077,-0.71259314,4,1,false,false,-18.01025,-2.2039778,7.817916,3.04749,3
47.778385,0.7539474,49.326877507286156,8.57118276282117,0,0.26683107,6845.881,-0.7311831,4,1,false,false,-16.948696,-1.8856956,7.2228584,3.0412922,3
47.72703,0.754126,49.32687768701734,8.571171757138732,0,0.3704069,6923.9927,-0.7518053,4,1,false,false,-17.275137,-1.8488045,7.4617333,3.0348387,3
47.67539,0.7543045,49.32687786702292,8.57116075166621,0,0.48705295,7075.488,-0.7735891,4,1,false,false,-19.264984,-1.8034486,9.709819,3.0284216,3
47.6277,0.754483,49.326878136756896,8.571149883478707,0,0.5607891,7092.976,-0.79159826,4,1,false,false,-21.024733,-0.5970584,11.755785,3.0220637,3
47.613045,0.7546613,49.326878496219265,8.571139015501121,0,0.65573364,6906.425,-0.79450244,4,1,false,false,-20.906477,0.8205471,10.870702,3.015071,3
47.590816,0.75483966,49.326878855956025,8.571128147313619,0,0.71787906,6989.5977,-0.7741699,4,1,false,false,-20.03878,-0.5234678,9.07875,3.0073862,3
47.553947,0.7550179,49.32687921569279,8.571117141841096,0,0.7748457,7168.2017,-0.7442541,4,1,false,false,-19.556347,-0.8244673,9.130928,2.9994621,3
47.525444,0.75519615,49.326879665157946,8.571106273653594,0,0.84512943,7208.7285,-0.7189837,4,1,false,false,-19.584179,0.11077965,8.942196,2.9914672,3
47.52243,0.7553744,49.3268802046259,8.571095405676008,0,0.89247835,7208.0854,-0.70097506,4,1,false,false,-19.460258,2.0888581,9.384607,2.9834023,3
47.54406,0.7555527,49.32688074409385,8.571084537488504,0,0.94599247,7190.6924,-0.68674207,4,1,false,false,-17.774029,2.9109876,9.285335,2.9759548,3
47.569885,0.7557312,49.3268812835618,8.571073669510918,0,0.99679404,7115.649,-0.67773813,4,1,false,false,-16.311377,2.7050083,8.357762,2.9697914,3
47.58565,0.7559099,49.32688200303532,8.571062801323416,0,0.9999999,7092.39,-0.6759955,4,1,false,false,-19.16549,1.9767866,9.22301,2.9648256,3
47.595486,0.7560887,49.32688263250606,8.571052070840766,0,1,7130.871,-0.6870331,4,1,false,false,-15.391262,1.6532971,7.0966616,2.9603827,3
47.594193,0.75626755,49.32688335170519,8.57104120286318,0,1,7162.0557,-0.6977795,4,1,false,false,-14.020614,0.66558844,5.781089,2.956537,3
47.589523,0.75644654,49.32688416090712,8.571030334675678,0,1,7230.049,-0.7146267,4,1,false,false,-14.256379,0.89132303,5.23307,2.953016,3
47.613914,0.7566256,49.326884880380646,8.571019466698091,0,1,7264.007,-0.74396306,4,1,false,false,-18.330107,2.878372,9.470143,2.9496708,3
47.631775,0.7568048,49.32688577931096,8.571008598510588,0,1,7142.4873,-0.78056055,4,1,false,false,-18.441383,1.5323883,9.904445,2.9458952,3
47.630177,0.75698406,49.32688667851568,8.570997730533001,0,1,7143.3877,-0.78753084,4,1,false,false,-18.06185,0.6288287,8.794255,2.9408114,3
47.6127,0.7571636,49.32688757772039,8.570987000050351,0,1,7257.2563,-0.7686525,4,1,false,false,-16.849533,-0.3176706,7.83904,2.9348593,3
47.61589,0.75734305,49.32688856692789,8.570976132072765,0,1,7255.969,-0.7419294,4,1,false,false,-15.170507,2.3735716,6.996274,2.928945,3
47.654446,0.7575225,49.326889555861,8.570965263885263,0,1,7249.329,-0.7268262,4,1,false,false,-16.3311,3.5909288,8.265892,2.9241168,3
47.699505,0.7577023,49.3268905450685,8.570954533402613,0,1,7062.317,-0.72944033,4,1,false,false,-18.727264,3.6671875,10.214025,2.9201386,3
47.727257,0.7578824,49.32689171373279,8.570943665425027,0,1,6986.4736,-0.73844445,4,1,false,false,-20.363775,1.95165,11.464497,2.915925,3
47.718105,0.7580626,49.326892792943084,8.57093293473246,0,1,7091.506,-0.73495924,4,1,false,false,-18.957676,-0.12680148,8.739205,2.910778,3
47.70806,0.75824267,49.32689405161017,8.570922066754873,0,1,7207.2646,-0.7215982,4,1,false,false,-18.917864,1.1021011,8.708588,2.9047701,3
47.728424,0.7584224,49.326895220548856,8.570911336272223,0,1,7180.0664,-0.7085273,4,1,false,false,-19.216505,3.0537286,9.67567,2.8984616,3
47.771484,0.75860196,49.326896569218725,8.570900605789573,0,1,7052.1265,-0.70329833,4,1,false,false,-17.675245,3.8020713,9.934048,2.892231,3
47.807976,0.7587816,49.3268978281602,8.570889737602071,0,1,6979.4727,-0.70271754,4,1,false,false,-17.747051,2.612629,9.221818,2.8866305,3
47.82167,0.7589613,49.32689926655846,8.57087900711942,0,1,7010.2563,-0.70649475,4,1,false,false,-19.322178,1.3345305,10.396011,2.8815064,3
47.824566,0.7591406,49.32690061550273,8.57086827663677,0,1,7061.2476,-0.71230334,4,1,false,false,-19.119297,1.0371666,9.304825,2.8762622,3
47.829075,0.7593198,49.32690214390379,8.57085754615412,0,1,7084.2666,-0.7131753,4,1,false,false,-16.614353,1.3716174,7.8882484,2.8706439,3
47.850018,0.75949895,49.32690358257645,8.57084681567147,0,1,7099.3145,-0.71085066,4,1,false,false,-15.6404085,2.4520597,7.3281655,2.8650174,3
47.880367,0.759678,49.32690520098029,8.570836085188818,0,1,7068.6655,-0.71607846,4,1,false,false,-15.278656,2.5588176,7.6976867,2.8599346,3
47.90585,0.75985694,49.32690672965575,8.570825354706168,0,1,7027.0186,-0.7343782,4,1,false,false,-14.951264,1.8770669,7.602936,2.8553863,3
47.922348,0.76003575,49.32690834805959,8.57081476192837,0,1,7059.34,-0.7579049,4,1,false,false,-14.67255,1.5447413,7.1569643,2.8509073,3
47.937233,0.76021457,49.326910056466225,8.57080403144572,0,1,7110.6167,-0.78433675,4,1,false,false,-14.580025,1.5910411,7.324355,2.8463347,3
47.953995,0.76039326,49.32691167487007,8.570793300963068,0,1,7108.2485,-0.81018686,4,1,false,false,-15.119267,1.9706913,8.112338,2.8415067,3
47.978268,0.7605717,49.3269134732795,8.570782707765439,0,1,7089.9404,-0.83719844,4,1,false,false,-17.189272,2.3324397,9.870495,2.836203,3
48.002365,0.76075023,49.32691518168613,8.570771977282787,0,1,7068.034,-0.856078,4,1,false,false,-17.053705,2.2353532,9.975683,2.830362,3
48.02529,0.7609288,49.326916979821156,8.570761384504989,0,1,7049.5815,-0.8624675,4,1,false,false,-17.9707,2.069529,10.325245,2.8242726,3
48.042923,0.76110715,49.32691886823338,8.570750654022339,0,1,7041.1084,-0.8633395,4,1,false,false,-17.925674,1.8661923,9.929882,2.8180888,3
48.059402,0.7612854,49.326920756371194,8.570740060824708,0,1,7045.01,-0.8633394,4,1,false,false,-17.816324,1.8206869,9.878892,2.81184,3
48.073254,0.76146376,49.326922734511804,8.57072946804691,0,1,7045.334,-0.8639202,4,1,false,false,-19.766113,1.5642296,10.895687,2.8056102,3
48.08519,0.761642,49.32692471265241,8.570718875269112,0,1,7045.1177,-0.8656627,4,1,false,false,-18.877947,1.6672199,10.983567,2.7990813,3
48.097343,0.7618201,49.326926780795816,8.57070828207148,0,1,7050.307,-0.86653477,4,1,false,false,-18.472075,1.566301,10.468561,2.792343,3
48.101025,0.76199806,49.326928848664814,8.570697689293683,0,1,7060.4062,-0.86885715,4,1,false,false,-23.285395,1.1275862,13.260021,2.7851326,3
48.10661,0.76217604,49.32693100681101,8.570687233800903,0,1,7062.5947,-0.87205356,4,1,false,false,-24.864492,1.738464,13.987581,2.776751,3
48.116234,0.76235396,49.3269331646828,8.570676778727957,0,1,7028.5176,-0.8586925,4,1,false,false,-24.56086,1.7658484,14.452721,2.7681031,3
48.12879,0.7625318,49.32693541255738,8.570666185530326,0,1,7001.8115,-0.82906526,4,1,false,false,-21.881592,1.831297,12.777259,2.760127,3
48.13634,0.7627097,49.32693775043476,8.57065573045738,0,1,7018.1562,-0.79798746,4,1,false,false,-20.955175,1.3595022,11.518892,2.753024,3
48.139023,0.7628875,49.32694017804052,8.570645412669453,0,1,7051.6,-0.7863704,4,1,false,false,-19.743685,1.0825102,10.530881,2.7463088,3
48.14568,0.7630652,49.3269425159179,8.570634957176674,0,1,7077.1313,-0.78869283,4,1,false,false,-19.101234,1.0883181,9.332859,2.7394595,3
48.155598,0.76324296,49.32694503352646,8.570624639388749,0,1,7086.2837,-0.79363155,4,1,false,false,-20.155266,1.728295,10.771432,2.7321196,3
48.16536,0.76342064,49.326947551135014,8.57061418389597,0,1,7078.6724,-0.8058311,4,1,false,false,-20.302938,1.6143622,11.194549,2.7243505,3
48.176445,0.76359826,49.32695006874358,8.570603866108042,0,1,7074.93,-0.813963,4,1,false,false,-20.238089,1.6671788,11.196003,2.7161646,3
48.187668,0.763776,49.32695267608052,8.570593548320117,0,1,7077.996,-0.81367326,4,1,false,false,-18.874578,1.7149608,9.631563,2.7078063,3
48.200165,0.7639536,49.32695528369187,8.570583368237042,0,1,7079.4614,-0.8104777,4,1,false,false,-18.752836,1.7219357,10.354579,2.6997116,3
48.212357,0.76413125,49.326957981306016,8.570573050449115,0,1,7076.2646,-0.8093148,4,1,false,false,-20.098557,1.6786718,11.648857,2.6919873,3
48.22139,0.76430887,49.32696076864855,8.57056287036604,0,1,7072.7344,-0.8098957,4,1,false,false,-19.957634,1.5321287,10.835248,2.6844654,3
48.22573,0.76448655,49.32696355599108,8.570552689863133,0,1,7086.2236,-0.809315,4,1,false,false,-20.363861,1.3280706,11.310778,2.676786,3
48.229355,0.76466423,49.32696634333361,8.57054250978006,0,1,7108.501,-0.8058309,4,1,false,false,-20.989008,1.4365689,12.160401,2.6685815,3
48.2345,0.76484174,49.32696931040732,8.570532329696984,0,1,7106.9653,-0.7976977,4,1,false,false,-22.026882,1.6102263,12.532878,2.6600025,3
48.241993,0.76501936,49.326972187752645,8.57052228689893,0,1,7090.6606,-0.78607947,4,1,false,false,-21.439281,1.8184572,11.470405,2.6511593,3
48.250626,0.7651971,49.326975154826364,8.570512106815855,0,1,7083.145,-0.7732992,4,1,false,false,-21.484367,1.738503,11.608812,2.6424413,3
48.25606,0.76537466,49.326978212177266,8.5705020640178,0,1,7080.6196,-0.76197183,4,1,false,false,-23.361057,1.6798275,13.6439705,2.6340392,3
48.25739,0.76555234,49.32698135898217,8.570492158924598,0,1,7075.548,-0.75238615,4,1,false,false,-24.603222,1.5021561,14.3642235,2.6257813,3
48.25631,0.76573,49.326984506061464,8.570482116126541,0,1,7076.4775,-0.7419294,4,1,false,false,-23.851099,1.3903891,13.109308,2.6173308,3
48.257782,0.76590776,49.32698765314076,8.570472211033339,0,1,7089.6987,-0.7253735,4,1,false,false,-22.09759,1.5733136,11.891751,2.6087089,3
48.261814,0.7660854,49.32699088994845,8.570462305940136,0,1,7092.681,-0.7070746,4,1,false,false,-22.585835,1.7579538,11.994129,2.6003659,3
48.26807,0.76626307,49.326994217033324,8.570452538551786,0,1,7077.0317,-0.69342244,4,1,false,false,-23.190886,1.8512708,13.196,2.592468,3
48.271835,0.766441,49.3269976335722,8.570442771163435,0,1,7065.698,-0.68267626,4,1,false,false,-23.277208,1.578534,12.764391,2.5849137,3
48.2729,0.7666188,49.32700105038547,8.570433003775083,0,1,7079.7217,-0.6707668,4,1,false,false,-22.300537,1.479315,11.748482,2.5773668,3
48.275833,0.7667966,49.32700446719874,8.570423235966901,0,1,7099.3022,-0.6530478,4,1,false,false,-20.978458,1.6243161,10.925333,2.5698338,3
48.283306,0.76697445,49.327007974014805,8.570413606283402,0,1,7096.4043,-0.6376533,4,1,false,false,-20.992048,1.8688326,11.225233,2.5625699,3
48.293312,0.7671525,49.32701157055926,8.570403838475219,0,1,7080.4697,-0.6228396,4,1,false,false,-21.427519,1.9296397,12.423834,2.5556777,3
48.300453,0.76733047,49.32701516710371,8.570394346496572,0,1,7075.2993,-0.61005837,4,1,false,false,-21.930803,1.686811,12.645251,2.548991,3
48.306213,0.76750845,49.32701876364816,8.57038471639324,0,1,7088.594,-0.59640646,4,1,false,false,-20.986296,1.6709214,11.668748,2.542194,3
48.31418,0.76768655,49.32702245019541,8.57037522399476,0,1,7097.6455,-0.58014023,4,1,false,false,-20.012087,1.8094807,10.546299,2.5353997,3
48.3258,0.7678646,49.327026226745446,8.570365731596283,0,1,7090.813,-0.561839,4,1,false,false,-19.948547,1.995977,10.922419,2.5288398,3
48.338123,0.7680427,49.327030003021086,8.570356239197803,0,1,7077.4146,-0.54412013,4,1,false,false,-20.221214,1.8826935,11.442306,2.5227213,3
48.347317,0.7682207,49.32703386929951,8.570346884504177,0,1,7076.4365,-0.5287246,4,1,false,false,-19.801497,1.6582049,10.705479,2.5169187,3
48.356426,0.7683985,49.327037735852336,8.57033752981055,0,1,7094.7534,-0.51420057,4,1,false,false,-17.888737,1.5975084,9.251721,2.5112605,3
48.366947,0.7685762,49.32704160213077,8.57032817469709,0,1,7113.3374,-0.4999679,4,1,false,false,-17.408888,1.6892464,9.787871,2.5057523,3
48.3803,0.7687539,49.32704555841199,8.570318957708315,0,1,7118.528,-0.4927055,4,1,false,false,-17.435253,1.8031498,10.172288,2.500246,3
48.393253,0.7689317,49.327049604421596,8.570309603014687,0,1,7118.494,-0.48718575,4,1,false,false,-17.734426,1.6880006,10.471167,2.494594,3
48.405144,0.76910925,49.32705365070561,8.57030038560608,0,1,7132.872,-0.48108602,4,1,false,false,-18.08784,1.7711642,11.043916,2.4885368,3
48.420616,0.7692869,49.32705769698962,8.570291168617306,0,1,7142.568,-0.47527644,4,1,false,false,-18.489973,2.0539203,10.675833,2.4820783,3
48.440342,0.76946443,49.32706183300202,8.57028208891355,0,1,7120.9575,-0.46975657,4,1,false,false,-17.78276,2.3036382,10.227926,2.4755673,3
48.460125,0.76964206,49.32706596901442,8.570273009209794,0,1,6893.011,-0.4627851,0,1,false,false,-17.211643,1.5190274,9.563541,2.4694664,3
48.434,0.76981956,49.32707010502683,8.570263929506039,0,1,6757.7983,-0.45726633,0,1,false,false,-17.14349,-1.2940048,9.383142,2.464295,3
48.420403,0.7699969,49.32707433104202,8.570254849802284,0,1,6064.402,-0.45929873,5,1,false,false,-18.432665,2.7832088,11.610861,2.4600236,3
48.466465,0.77017426,49.327078647060006,8.57024590780338,0,1,5641.601,-0.46539956,5,1,false,false,-16.850004,2.7444108,9.910235,2.455406,3
48.45917,0.77035165,49.327082963077984,8.570236828099626,0,1,6074.8677,-0.46714205,5,1,false,false,-16.59934,-0.46644023,9.564157,2.4503615,3
48.459442,0.77052885,49.32708727882157,8.570228023385742,0,1,6021.363,-0.4639467,5,1,false,false,-17.412788,2.141832,10.588276,2.4451208,3
48.493862,0.7707061,49.32709159483956,8.570219081386838,0,1,5852.2017,-0.46075156,5,1,false,false,-17.17987,2.9280689,11.132052,2.4393203,3
48.513824,0.7708835,49.32709600058593,8.570210277092787,0,1,5948.654,-0.4555237,5,1,false,false,-18.309793,1.5474132,12.100131,2.4331062,3
48.525257,0.77106076,49.3271004963351,8.570201472378905,0,1,5973.1113,-0.4488422,5,1,false,false,-19.040092,1.9218527,12.057882,2.4266632,3
48.54745,0.771238,49.327104992084266,8.570192668084852,0,1,5905.297,-0.44186968,5,1,false,false,-17.254307,2.3425765,9.818808,2.4201102,3
48.57201,0.7714154,49.32710948783343,8.570184001075821,0,1,5912.985,-0.43664074,5,1,false,false,-14.317412,2.012841,7.847774,2.4140372,3
48.593864,0.7715928,49.327113983582606,8.570175196361937,0,1,5926.879,-0.43809342,5,1,false,false,-13.513287,1.9606904,7.001378,2.4092674,3
48.612217,0.7717702,49.32711856933456,8.570166529772738,0,1,5908.3003,-0.45581356,5,1,false,false,-11.568233,1.4304104,5.783055,2.4060428,3
48.622528,0.7719475,49.32712324481491,8.570158000048727,0,1,5929.7627,-0.48602405,5,1,false,false,-11.570639,0.7651771,5.898152,2.4037259,3
48.616737,0.7721248,49.32712783056687,8.570149333459527,0,1,6016.876,-0.5211734,5,1,false,false,-7.8113713,-0.30739412,4.007203,2.4010909,3
48.602516,0.7723021,49.32713250604722,8.570140803735516,0,1,6140.3887,-0.5383116,5,1,false,false,-8.908738,-0.5613376,4.519062,2.3975205,3
48.604954,0.7724791,49.32713709179918,8.570132137146317,0,1,6241.82,-0.5426685,5,1,false,false,-11.804391,1.3840091,6.28768,2.3922672,3
48.632874,0.7726562,49.32714176727953,8.570123607422305,0,1,6216.329,-0.5287246,5,1,false,false,-9.428062,2.4457788,5.671771,2.385835,3
48.67792,0.7728334,49.32714653276267,8.570115078118125,0,1,6148.2534,-0.5017108,5,1,false,false,-18.424994,3.789009,11.424707,2.3788042,3
48.74313,0.77301073,49.32715120851742,8.570106548813945,0,1,6046.35,-0.47905254,5,1,false,false,-7.4866977,4.389792,6.228958,2.3711991,3
48.79085,0.7731882,49.32715597400056,8.570098157214618,0,1,5932.7603,-0.46365702,5,1,false,false,-13.133058,2.545822,2.2343988,2.3663266,3
48.796406,0.77336574,49.327160829486495,8.570089627490606,0,1,5986.06,-0.49299547,5,1,false,false,-18.644926,-0.41342312,11.868829,2.362664,3
48.7826,0.7735432,49.327165594969635,8.570081235891278,0,1,6118.9854,-0.51216716,5,1,false,false,-15.408366,0.6992713,9.238253,2.3570695,3
48.79817,0.77372056,49.32717045018117,8.57007298157697,0,1,6140.9927,-0.47905254,5,1,false,false,-18.583107,3.0482645,11.732968,2.34944,3
48.838985,0.77389807,49.32717539566989,8.570064589977642,0,1,6018.105,-0.43083107,5,1,false,false,-15.410037,3.3949342,8.789299,2.3413186,3
48.87554,0.7740757,49.32718034088422,8.570056335663335,0,1,5958.6914,-0.38551491,5,1,false,false,-14.9348545,2.3706477,8.086985,2.335147,3
48.8964,0.7742534,49.32718528637294,8.570048081349027,0,1,6009.1978,-0.3628558,5,1,false,false,-14.300359,1.8610181,7.653462,2.3302724,3
48.912224,0.77443117,49.32719023158727,8.57003982703472,0,1,6006.3794,-0.36430842,5,1,false,false,-12.591173,0.87046206,5.144002,2.3266218,3
48.916138,0.7746089,49.32719526680438,8.570031710425264,0,1,6041.159,-0.37505606,5,1,false,false,-4.942867,1.2650789,3.3164663,2.3233154,3
48.960068,0.77478665,49.327200302021495,8.570023456110956,0,1,6109.8105,-0.3933582,5,1,false,false,-6.716493,2.3896856,1.867625,2.3209064,3
48.941906,0.77496445,49.32720533723861,8.5700153395015,0,1,6065.314,-0.44622776,5,1,false,false,-6.767881,-2.0125115,1.0614917,2.3200123,3
48.914635,0.7751422,49.32721037245573,8.570007085187193,0,1,6327.7837,-0.5098437,5,1,false,false,-6.234249,-0.64933354,1.5535625,2.3177578,3
48.892307,0.77531964,49.327215407672846,8.569998968577737,0,1,6483.5103,-0.5406349,5,1,false,false,-8.244706,-1.4876887,3.0555935,2.314213,3
48.85954,0.77549696,49.32722044288996,8.569990989673133,0,1,6523.277,-0.5374396,5,1,false,false,-16.260283,-0.9162066,9.393443,2.308457,3
48.9013,0.77567434,49.327225478107074,8.569982873063678,0,1,6613.498,-0.4929955,5,1,false,false,-21.387794,3.432899,20.306763,2.2995863,3
48.9141,0.7758519,49.32723060332698,8.569974893739241,0,1,6348.385,-0.41863173,5,1,false,false,-18.600256,1.4231753,12.3804,2.2899241,3
48.90418,0.7760294,49.32723581854968,8.569966914834637,0,1,6421.605,-0.34106842,5,1,false,false,-14.049923,-0.30712026,8.132267,2.2813773,3
48.876816,0.7762068,49.327240943495184,8.569958935510202,0,1,6641.0757,-0.28703374,5,1,false,false,-8.372268,-1.2423862,7.7014885,2.2747316,3
48.913826,0.77638435,49.327246158717884,8.56995109431045,0,1,6573.9253,-0.28122413,5,1,false,false,-4.6675053,6.6883793,7.579912,2.2704751,3
49.026752,0.7765621,49.327251373666186,8.569943114986014,0,1,6183.274,-0.31840914,5,1,false,false,-8.933137,5.1316743,13.684704,2.2693338,3
49.066463,0.77674013,49.32725658888888,8.569935273366431,0,1,5954.5586,-0.3834814,5,1,false,false,-19.96624,2.1786644,18.42776,2.2698462,3
49.067352,0.77691823,49.32726189383997,8.569927432166677,0,1,6136.5205,-0.4285076,5,1,false,false,-18.302544,0.8743926,14.365116,2.2689776,3
49.06127,0.77709645,49.32726719879106,8.569919590547094,0,1,6145.3687,-0.40207332,5,1,false,false,-16.756739,0.7104244,11.630176,2.267277,3
49.07369,0.7772747,49.32727250374215,8.569911886632362,0,1,6116.7085,-0.3544316,5,1,false,false,-16.197304,2.7984653,9.10232,2.2650876,3
49.120644,0.777453,49.32727789869603,8.56990418271763,0,1,6131.043,-0.31376123,5,1,false,false,-16.175396,3.1610527,9.768998,2.263345,3
49.160305,0.7776317,49.32728329364991,8.569896478802898,0,1,6009.481,-0.28325772,5,1,false,false,-15.496347,2.9745073,9.2982235,2.2624052,3
49.19783,0.7778105,49.327288688603794,8.569888912173186,0,1,5990.1133,-0.2698945,5,1,false,false,-16.387085,2.5423634,11.828753,2.2617607,3
49.21455,0.77798945,49.32729417328606,8.569881345963307,0,1,6013.4673,-0.25972784,5,1,false,false,-18.304157,1.1815077,12.732786,2.2612793,3
49.23233,0.7781684,49.32729965796834,8.569873779333594,0,1,6021.1245,-0.24578258,5,1,false,false,-17.231567,2.1225052,12.707121,2.260034,3
49.26046,0.77834815,49.327305142925006,8.569866213123714,0,1,6007.0815,-0.22021686,5,1,false,false,-16.573797,1.9688035,13.416669,2.2582264,3
49.28414,0.77852803,49.327310717610075,8.569858784198853,0,1,6005.356,-0.19755775,5,1,false,false,-15.241786,1.9145592,13.118272,2.2558358,3
49.315872,0.77870804,49.32731629229514,8.569851355693826,0,1,6018.6323,-0.18041615,5,1,false,false,-12.908069,2.197071,10.029928,2.2531803,3
49.34311,0.7788882,49.3273218669802,8.569843926768966,0,1,6006.154,-0.17053926,5,1,false,false,-10.723597,1.7576308,9.853437,2.2507834,3
49.372295,0.7790687,49.327327441939666,8.569836635548958,0,1,6021.3286,-0.18215984,5,1,false,false,-12.08214,2.2316246,10.472522,2.2485256,3
49.401497,0.77924937,49.327333106353116,8.569829206624098,0,1,6026.554,-0.20801651,5,1,false,false,-9.157165,1.7475376,7.570008,2.2461805,3
49.421913,0.77943003,49.32733877104097,8.56982191540409,0,1,6037.4336,-0.2347429,5,1,false,false,-10.811156,1.5527344,10.496703,2.2437134,3
49.459393,0.77961093,49.327344435728826,8.569814624184081,0,1,6071.7217,-0.25624144,5,1,false,false,-10.043843,2.351083,9.172755,2.2406096,3
49.488705,0.77979195,49.32735010041668,8.569807332964073,0,1,6023.8867,-0.26176125,5,1,false,false,-11.686394,1.7256615,10.110546,2.2374547,3
49.519,0.77997303,49.32735585483293,8.569800179448917,0,1,6050.5737,-0.2701854,5,1,false,false,-11.0499935,2.5363817,10.343521,2.2337265,3
49.54914,0.7801543,49.32736160952358,8.569792888228909,0,1,6066.605,-0.26989454,5,1,false,false,-9.205987,1.6074592,7.3141174,2.229836,3
49.57668,0.78033566,49.32736736421422,8.56978573429392,0,1,6047.709,-0.26669925,5,1,false,false,-9.955262,2.2707894,8.89308,2.225936,3
49.612175,0.7805172,49.32737311863047,8.569778580778763,0,1,6060.3164,-0.26786095,5,1,false,false,-8.550378,1.891791,6.09798,2.22208,3
49.633743,0.78069884,49.327378873321116,8.569771427263607,0,1,6058.0063,-0.26466554,5,1,false,false,-9.548698,1.169586,8.415377,2.218415,3
49.659863,0.7808805,49.32738471774015,8.56976427332862,0,1,6101.5674,-0.2600175,5,1,false,false,-8.865379,1.9602597,6.9407334,2.214371,3
49.679432,0.7810624,49.327390472156395,8.569757257518315,0,1,6114.88,-0.24026278,5,1,false,false,-9.015285,0.6742984,8.187482,2.2101846,3
49.699642,0.78124434,49.32739631657544,8.569750103583326,0,1,6159.0303,-0.21208371,5,1,false,false,-11.018573,2.4692826,10.327277,2.2051342,3
49.737,0.7814264,49.32740216126887,8.56974308735319,0,1,6162.1577,-0.17518725,5,1,false,false,-11.904524,2.2486405,11.924193,2.1995208,3
49.765755,0.7816086,49.3274080955535,8.569736071542886,0,1,6103.3604,-0.13451578,5,1,false,false,-12.535714,1.9183972,18.517004,2.1935005,3
49.796944,0.781791,49.32741393997254,8.569729055312749,0,1,6100.124,-0.09732841,5,1,false,false,-13.703182,1.8307675,18.379768,2.1875014,3
49.813133,0.7819734,49.327419874394366,8.569722039082613,0,1,6049.634,-0.06420811,5,1,false,false,-10.900446,1.7879679,11.125974,2.1828432,3
49.83804,0.78215593,49.3274258088162,8.569715160557328,0,1,6045.179,-0.046775557,5,1,false,false,-11.828567,1.4382333,13.605138,2.1798854,3
49.852543,0.7823386,49.32743174323803,8.569708282032044,0,1,6065.137,-0.04096582,5,1,false,false,-8.733185,0.9470844,7.65937,2.1786556,3
49.863438,0.7825213,49.327437767525446,8.56970140350676,0,1,6098.474,-0.04880912,5,1,false,false,-4.657291,1.1065722,2.864526,2.1786377,3
49.889275,0.7827041,49.327443701947274,8.569694524981475,0,1,6154.5366,-0.06943697,5,1,false,false,-3.2080815,1.5035526,1.6368417,2.1793134,3
49.90499,0.782887,49.3274497262347,8.569687646456192,0,1,6152.201,-0.10255725,5,1,false,false,-3.60193,0.7103172,0.33910915,2.1806056,3
49.915188,0.78306997,49.32745575052212,8.569680905635758,0,1,6219.1274,-0.15165624,5,1,false,false,-6.0668383,0.92736906,10.756545,2.1814163,3
49.92188,0.7832529,49.327461774809535,8.569674027110475,0,1,6273.393,-0.19319955,5,1,false,false,-6.087931,0.16526654,7.5314755,2.1814444,3
49.924366,0.78343594,49.327467709231364,8.569667286290041,0,1,6300.3105,-0.19232768,5,1,false,false,-4.9681644,0.54412496,8.0470705,2.180367,3
49.98083,0.78361905,49.32747373351879,8.569660407764758,0,1,6319.2,-0.16589123,5,1,false,false,-3.7488694,5.8579025,9.040283,2.1788876,3
50.05823,0.7838025,49.327479847671796,8.569653666524493,0,1,6043.194,-0.13654941,5,1,false,false,-8.465164,4.207375,13.0505295,2.1782074,3
50.100655,0.7839862,49.32748587195922,8.56964692570406,0,1,5903.4985,-0.12986666,5,1,false,false,-5.3634515,0.48066726,11.20797,2.1781764,3
50.096474,0.7841699,49.32749189638384,8.569640184883628,0,1,6144.8203,-0.11650239,5,1,false,false,-4.339539,-0.65579116,7.2405176,2.1782146,3
50.098568,0.78435373,49.32749801053685,8.569633444063195,0,1,6227.772,-0.106043525,5,1,false,false,-4.497134,1.1565961,12.2494955,2.1780236,3
50.13622,0.78453755,49.327504124827065,8.56962670282293,0,1,6105.178,-0.1016854,5,1,false,false,-3.5759802,2.3618085,10.796201,2.177883,3
50.17101,0.78472155,49.32751014911448,8.569619962002498,0,1,6124.4995,-0.12579954,5,1,false,false,-4.297776,1.8655518,9.81429,2.177909,3
50.195152,0.7849057,49.3275162632675,8.569613221182065,0,1,6188.386,-0.1711201,5,1,false,false,-2.9788518,1.3702067,6.2081637,2.1780818,3
50.228554,0.78509,49.327522377557706,8.5696064799418,0,1,6162.5933,-0.22166957,5,1,false,false,-0.7795378,1.7950162,5.0664287,2.1788733,3
50.269142,0.7852744,49.327528491710716,8.569599739121369,0,1,6146.4233,-0.26757103,5,1,false,false,-2.55691,2.01415,5.0865097,2.180209,3
50.283054,0.7854589,49.32753460600093,8.569592998300935,0,1,6168.4404,-0.30649883,5,1,false,false,-6.379585,-0.07059761,7.693382,2.1813824,3
50.275814,0.78564346,49.327540810019535,8.569586394765523,0,1,6296.9673,-0.33932474,5,1,false,false,-9.563656,0.6487715,11.57979,2.1809216,3
50.280228,0.78582805,49.32754692430974,8.569579653945091,0,1,6414.2393,-0.33380598,5,1,false,false,-6.949357,-0.5218938,8.708004,2.1783512,3
50.30539,0.78601265,49.327553128465546,8.569573050409678,0,1,6439.608,-0.27367175,5,1,false,false,-7.231505,3.3197103,11.186365,2.1740744,3
50.37887,0.78619754,49.327559242618555,8.569566446874266,0,1,6359.466,-0.1934905,5,1,false,false,-5.632718,4.931068,11.849311,2.1684082,3
50.470894,0.78638273,49.327565446774365,8.569559843758686,0,1,6146.2173,-0.113016136,5,1,false,false,-7.613092,4.977386,15.005145,2.163063,3
50.53337,0.78656816,49.32757165093017,8.569553240223273,0,1,6037.857,-0.058687113,5,1,false,false,-7.3759427,2.7199423,14.350619,2.1582584,3
50.559055,0.78675383,49.32757785508597,8.56954663668786,0,1,6087.205,-0.008425278,5,1,false,false,-6.809925,1.236074,14.885861,2.1546273,3
50.581112,0.78693956,49.32758414910736,8.56954003357228,0,1,6128.0703,0.031086706,5,1,false,false,-6.2222967,1.6527188,18.008377,2.1522717,3
50.611908,0.78712547,49.32759035326316,8.569533430036866,0,1,6083.9727,0.062174536,5,1,false,false,-5.32286,2.088517,16.750595,2.1511273,3
50.641525,0.7873115,49.32759664728456,8.569526964206306,0,1,6081.3726,0.08454608,5,1,false,false,-4.4750233,1.6366712,19.459927,2.1510298,3
50.66819,0.7874976,49.327602941305955,8.569520361090726,0,1,6129.269,0.0909389,5,1,false,false,-2.6910467,1.6099541,13.570532,2.1515744,3
50.6901,0.78768384,49.32760923532735,8.569513895260165,0,1,6132.0645,0.0816418,5,1,false,false,-1.5495147,1.4883956,10.096381,2.152854,3
50.73091,0.7878702,49.32761552948594,8.569507291724753,0,1,6141.246,0.062755376,5,1,false,false,-1.5765053,2.5369015,11.277941,2.1545272,3
50.756195,0.7880568,49.327621823507336,8.569500825894192,0,1,6099.1997,0.040965818,5,1,false,false,-1.7097538,1.1269358,9.244532,2.1563995,3
50.774662,0.78824335,49.32762811752873,8.56949422235878,0,1,6157.66,0.016560696,5,1,false,false,-1.1092621,1.4185611,8.870607,2.1583238,3
50.801216,0.7884301,49.32763441155013,8.569487756528218,0,1,6212.374,-0.0069725737,5,1,false,false,-0.11391978,1.3666868,6.800246,2.1601157,3
50.820126,0.78861696,49.32764070557152,8.569481153412639,0,1,6196.566,-0.021790693,5,1,false,false,0.091648236,1.5909367,7.7188554,2.1617079,3
50.855453,0.7888039,49.32764699973011,8.569474687582078,0,1,6246.949,-0.025857836,5,1,false,false,0.18293169,2.4064324,6.597396,2.163045,3
50.88352,0.78899103,49.32765329375151,8.569468084046665,0,1,6227.575,-0.025857838,5,1,false,false,0.23912801,1.4741136,6.6667128,2.1640835,3
50.914562,0.78917825,49.32765967763849,8.569461618216105,0,1,6243.614,-0.021790693,5,1,false,false,0.49189883,2.4110892,6.2141566,2.1649039,3
50.95168,0.7893656,49.32766597179709,8.569455015100523,0,1,6256.2954,-0.019466132,5,1,false,false,0.7322106,1.9412537,7.0780473,2.165524,3
50.986717,0.7895531,49.327672265818485,8.56944841156511,0,1,6225.571,-0.014818117,5,1,false,false,0.87895906,2.2821782,7.6422176,2.1659641,3
51.02454,0.78974074,49.327678559839875,8.569441945734551,0,1,6227.5107,-0.011912695,5,1,false,false,1.0251862,2.0442293,8.854777,2.1662686,3
51.058323,0.78992844,49.327684943726865,8.569435342199139,0,1,6225.5,-0.009006146,5,1,false,false,1.1902726,1.9824928,9.332798,2.1664543,3
51.09186,0.7901163,49.32769123788546,8.569428739083557,0,1,6223.4316,-0.0069725728,5,1,false,false,1.1554657,2.00266,9.642812,2.1665742,3
51.126633,0.7903043,49.327697621772444,8.569422135548145,0,1,6224.471,-0.005229991,5,1,false,false,0.95314085,2.074372,9.488691,2.166653,3
51.160976,0.7904925,49.32770391579384,8.569415532012732,0,1,6218.93,-0.00464913,5,1,false,false,1.0126694,2.0241485,11.077641,2.1666873,3
51.19438,0.79068077,49.32771020995243,8.569408928897152,0,1,6218.161,-0.0043581384,5,1,false,false,0.9629061,1.948616,10.376595,2.1667066,3
51.2266,0.7908691,49.32771659383942,8.56940232536174,0,1,6222.742,-0.00406827,5,1,false,false,0.80337363,1.874072,10.41037,2.166725,3
51.25934,0.79105765,49.327722887860816,8.569395584541306,0,1,6225.101,-0.0023245658,5,1,false,false,0.7912173,1.9879481,10.673456,2.1667237,3
51.292088,0.79124635,49.327729271885,8.569388981005893,0,1,6221.067,0.0008718525,5,1,false,false,0.6341091,1.9213924,10.319327,2.1667001,3
51.32392,0.79143506,49.32773565590918,8.569382377890314,0,1,6222.6943,0.005809727,5,1,false,false,0.6342286,1.8586547,10.01547,2.1666555,3
51.35476,0.79162407,49.32774194993058,8.569375774354901,0,1,6230.037,0.012492429,5,1,false,false,0.60959816,1.7999831,10.242058,2.1666234,3
51.385143,0.7918131,49.32774833381757,8.569369033534468,0,1,6234.3125,0.021208705,5,1,false,false,0.73599815,1.803334,10.24196,2.166633,3
51.415627,0.7920022,49.32775462783896,8.569362429999057,0,1,6240.3296,0.0313777,5,1,false,false,0.81471735,1.7898825,9.682575,2.1667292,3
51.44575,0.7921915,49.327761011863146,8.569355689178623,0,1,6248.8213,0.040384956,5,1,false,false,0.8950022,1.7853949,9.403459,2.166943,3
51.476425,0.79238087,49.32776739588733,8.56934908564321,0,1,6254.7905,0.048810255,5,1,false,false,1.0424118,1.8325268,9.532134,2.1672833,3
51.507664,0.79257035,49.32777377977432,8.569342344822779,0,1,6256.6147,0.056073807,5,1,false,false,1.078122,1.8414531,10.074173,2.1677642,3
51.538425,0.79276,49.32778007379571,8.569335603582514,0,1,6261.198,0.062174544,5,1,false,false,1.2633175,1.8044863,9.761224,2.168386,3
51.568645,0.79294974,49.3277864578199,8.569329000466933,0,1,6269.005,0.066242814,5,1,false,false,1.4948475,1.8004311,9.790413,2.1691597,3
51.59974,0.79313964,49.32779284170688,8.569322259226668,0,1,6274.4287,0.06711466,5,1,false,false,1.6479747,1.8964785,10.135265,2.1700923,3
51.632217,0.79332966,49.32779922573107,8.569315518406237,0,1,6272.5923,0.06682365,5,1,false,false,1.660489,1.9176375,9.549473,2.1711524,3
51.66365,0.7935198,49.32780551975246,8.569308777585803,0,1,6270.314,0.06450024,5,1,false,false,1.8177772,1.8439771,9.710595,2.1722772,3
51.69423,0.79371005,49.32781190377665,8.569302036345539,0,1,6278.477,0.06159368,5,1,false,false,1.991639,1.802773,10.9158,2.17346,3
51.72435,0.7939004,49.32781828766363,8.569295295525107,0,1,6281.8066,0.05839838,5,1,false,false,2.2144542,1.7765435,10.845916,2.1746893,3
51.754383,0.7940909,49.32782467168782,8.569288554704674,0,1,6286.012,0.054621093,5,1,false,false,2.2943158,1.8074244,10.059582,2.1759663,3
51.78593,0.7942815,49.327831055574805,8.56928181346441,0,1,6291.448,0.05258754,5,1,false,false,2.3620727,1.9023427,10.450933,2.1772554,3
51.818104,0.7944722,49.32783743959899,8.569274934939125,0,1,6283.6514,0.05229653,5,1,false,false,2.4450483,1.9238485,10.766694,2.178487,3
51.84905,0.79466313,49.327843733620384,8.569268194118694,0,1,6280.639,0.052296538,5,1,false,false,2.633469,1.8060701,9.939807,2.1796274,3
51.8779,0.7948541,49.32785011764457,8.569261315593408,0,1,6291.479,0.05316839,5,1,false,false,2.6659927,1.6938394,10.432517,2.1807215,3
51.90632,0.7950452,49.327856501531556,8.569254574772977,0,1,6299.9873,0.055201955,5,1,false,false,2.8049104,1.7290983,10.712594,2.181794,3
51.935524,0.79523647,49.32786288555574,8.569247696247691,0,1,6302.552,0.05665467,5,1,false,false,2.7509928,1.7550792,9.552402,2.1828663,3
51.964558,0.79542774,49.32786926944273,8.569240817722408,0,1,6309.3457,0.056654673,5,1,false,false,2.8824613,1.7672826,10.111709,2.183945,3
51.994396,0.79561925,49.327875563601324,8.569233939197122,0,1,6315.646,0.056654673,5,1,false,false,2.9510458,1.7943912,10.019972,2.1850476,3
52.02418,0.79581076,49.32788194748831,8.569227060671839,0,1,6314.3916,0.056364812,5,1,false,false,2.81089,1.777362,9.75145,2.186159,3
52.053345,0.79600245,49.32788833151249,8.569220182146553,0,1,6319.378,0.0546211,5,1,false,false,2.7652028,1.7622639,10.069574,2.1872594,3
52.082657,0.79619426,49.32789471539948,8.56921330362127,0,1,6327.5083,0.051715687,5,1,false,false,2.9394798,1.7560295,9.788,2.188354,3
52.112095,0.7963862,49.32790109942366,8.569206287391133,0,1,6327.6084,0.047939528,5,1,false,false,2.8411384,1.7789847,9.34257,2.1894474,3
52.14159,0.7965782,49.32790739344506,8.569199408865849,0,1,6331.157,0.045613825,5,1,false,false,2.6852553,1.7767832,9.921258,2.1905231,3
52.17094,0.79677033,49.32791377746924,8.569192392635712,0,1,6336.785,0.042709537,5,1,false,false,2.7417295,1.7531278,10.049464,2.19155,3
52.19975,0.7969626,49.32792016135623,8.569185514110428,0,1,6339.6943,0.038931124,5,1,false,false,2.6108665,1.7243317,9.077556,2.1925373,3
52.228607,0.79715496,49.32792645537762,8.569178498300124,0,1,6347.088,0.03631669,5,1,false,false,2.623863,1.7453557,9.481884,2.1934922,3
52.258194,0.7973474,49.32793283940181,8.569171482069986,0,1,6351.247,0.0334124,5,1,false,false,2.5120869,1.7864381,9.144212,2.1944096,3
52.287643,0.79754007,49.32793922342599,8.569164465839851,0,1,6350.7295,0.03166757,5,1,false,false,2.4417987,1.7487069,9.161945,2.1952605,3
52.31655,0.7977328,49.327945607312984,8.569157450029547,0,1,6358.0576,0.03108671,5,1,false,false,2.3969963,1.7220093,9.301586,2.196063,3
52.345215,0.7979256,49.32795190133437,8.56915043379941,0,1,6366.128,0.03195968,5,1,false,false,2.4346368,1.7043682,9.350798,2.1968296,3
52.37394,0.79811853,49.32795828535856,8.569143417569274,0,1,6369.9487,0.03341239,5,1,false,false,2.3960307,1.7396034,9.445614,2.1975904,3
52.403866,0.7983116,49.327964669245546,8.56913640175897,0,1,6375.5522,0.03515498,5,1,false,false,2.475132,1.7969483,9.089257,2.1983569,3
52.434074,0.7985047,49.32797096340414,8.569129385528832,0,1,6375.2764,0.037188537,5,1,false,false,2.4723392,1.8127496,9.567372,2.1991322,3
52.464756,0.798698,49.327977347291124,8.569122232013676,0,1,6375.371,0.03951199,5,1,false,false,2.5385926,1.8166982,9.655503,2.1999078,3
52.494595,0.7988914,49.327983731315314,8.56911521578354,0,1,6377.0376,0.042418543,5,1,false,false,2.540405,1.7554982,9.81438,2.2006857,3
52.523888,0.7990849,49.32799002533671,8.569108062268384,0,1,6382.3047,0.04590483,5,1,false,false,2.7605686,1.7547102,10.6338005,2.2014902,3
52.553566,0.7992785,49.327996409223694,8.569100908333397,0,1,6385.5923,0.049682096,5,1,false,false,2.6860425,1.7872367,10.0540085,2.20236,3
52.583603,0.7994723,49.328002793247876,8.56909389252309,0,1,6385.038,0.05229654,5,1,false,false,2.8125057,1.7961679,9.665813,2.2032752,3
52.613773,0.7996661,49.32800908726927,8.569086738588103,0,1,6386.042,0.05549183,5,1,false,false,2.8881774,1.8139544,10.060459,2.2042305,3
52.64392,0.79986006,49.32801547129346,8.569079585072947,0,1,6383.392,0.059560094,5,1,false,false,2.8883371,1.772115,10.260338,2.2052026,3
52.67267,0.8000541,49.328021855180445,8.56907243155779,0,1,6384.7734,0.06304639,5,1,false,false,3.0549502,1.683151,10.173014,2.2061784,3
52.70017,0.80024827,49.32802814933904,8.569065139917951,0,1,6394.821,0.065661944,5,1,false,false,3.2072468,1.6422722,10.137181,2.207207,3
52.728027,0.8004426,49.328034533226024,8.569057986402795,0,1,6399.991,0.06711467,5,1,false,false,3.1197724,1.6957766,10.1176195,2.2083113,3
52.756847,0.80063695,49.32804091725021,8.569050832887637,0,1,6400.855,0.06653378,5,1,false,false,3.1596007,1.7397677,10.232985,2.2094724,3
52.785416,0.8008314,49.3280472112716,8.569043541667629,0,1,6403.6333,0.06362838,5,1,false,false,3.257767,1.70505,10.15853,2.2106771,3
52.81366,0.80102605,49.32805359515859,8.569036387732641,0,1,6407.4443,0.057817515,5,1,false,false,3.023865,1.6935976,9.794149,2.2119126,3
52.84188,0.8012207,49.32805988931718,8.569029096512633,0,1,6410.609,0.052587524,5,1,false,false,3.088427,1.701236,10.125333,2.2131207,3
52.870045,0.8014155,49.32806627320417,8.569021805292625,0,1,6413.5703,0.045032974,5,1,false,false,2.9977045,1.6801493,10.434219,2.2142904,3
52.89786,0.80161035,49.32807256722557,8.569014514072617,0,1,6417.214,0.036607683,5,1,false,false,2.9394622,1.6656055,10.519374,2.215405,3
52.925762,0.8018053,49.32807895124975,8.569007222852608,0,1,6423.115,0.02760042,5,1,false,false,2.6411643,1.6923637,8.729266,2.2164478,3
52.95371,0.80200034,49.32808524527115,8.5689999316326,0,1,6426.4385,0.01917513,5,1,false,false,2.4269118,1.6886799,9.854961,2.2173703,3
52.982594,0.8021955,49.32809162929533,8.568992640412592,0,1,6425.253,0.013073291,5,1,false,false,2.5879207,1.7287023,10.448574,2.2181332,3
53.00983,0.80239075,49.328097923316726,8.568985349192584,0,1,6426.796,0.0058097253,5,1,false,false,2.3166833,1.5208813,10.09329,2.2187653,3
53.035324,0.8025861,49.32810430720371,8.568977920267724,0,1,6443.1953,0.0011617211,5,1,false,false,2.061937,1.5919703,9.860452,2.219303,3
53.06379,0.80278146,49.328110601362305,8.568970629047715,0,1,6450.3877,-0.0023245653,5,1,false,false,1.900763,1.7397223,10.741445,2.219747,3
53.093674,0.8029769,49.32811698524929,8.568963337827707,0,1,6438.3325,-0.0046491297,5,1,false,false,1.8998439,1.8166106,10.431761,2.2200663,3
53.122635,0.8031725,49.328123279270685,8.568955909322678,0,1,6438.5723,-0.0061018425,5,1,false,false,1.7106657,1.6925442,10.311857,2.2202835,3
53.1502,0.8033682,49.32812957342928,8.568948480397818,0,1,6447.064,-0.006972572,5,1,false,false,1.6408584,1.6637557,11.147678,2.2204013,3
53.17803,0.80356395,49.32813595731626,8.56894118917781,0,1,6446.714,-0.0066827033,5,1,false,false,1.4086032,1.675093,10.10278,2.2204392,3
53.205708,0.8037598,49.32814225133766,8.56893376025295,0,1,6446.4365,-0.0055209827,5,1,false,false,1.1427736,1.6425766,9.163708,2.2204044,3
53.232822,0.80395573,49.32814863536185,8.56892633132809,0,1,6454.1016,-0.0040682703,5,1,false,false,1.1062379,1.6277237,10.590823,2.2203064,3
53.25976,0.8041518,49.32815492938324,8.568918902823063,0,1,6456.5703,-0.0014527123,5,1,false,false,0.9410359,1.5864462,10.324063,2.2201836,3
53.285095,0.8043479,49.32816131340743,8.568911473898202,0,1,6461.9863,-0.00028986833,5,1,false,false,0.77431196,1.520858,8.963856,2.2200572,3
53.311092,0.80454403,49.32816760742882,8.568904044973342,0,1,6478.3643,0.000290992,5,1,false,false,0.6662341,1.5915732,9.290231,2.2199554,3
53.338737,0.8047403,49.32817399131581,8.568896616048482,0.00047658765,1,6478.0815,0.00029099197,5,1,false,false,0.51793575,1.701088,9.974921,2.2198744,3
53.36679,0.8049367,49.32818037533999,8.568889187543453,0.024901703,1,6473.4404,-0.00028986848,5,1,false,false,0.406053,1.6319935,9.506722,2.2198057,3
53.389603,0.80513316,49.328186669361386,8.568881758618593,0.05278208,1,6481.754,-0.0011617208,5,1,false,false,0.39265016,1.2162409,8.92214,2.2197483,3
53.40604,0.8053296,49.32819305338557,8.568874329693733,0.087453835,1,6484.1367,-0.0014527126,5,1,false,false,0.19807,0.8387591,9.496151,2.21971,3
53.41456,0.80552614,49.32819943727256,8.568866901188706,0.12641488,1,6471.4614,-0.00028986833,5,1,false,false,0.22166397,0.2942141,9.049208,2.2196727,3
53.41189,0.80572265,49.328205731431154,8.568859472263846,0.17919698,1,6462.692,0.002324565,5,1,false,false,0.18976496,-0.47565803,9.186042,2.219636,3
53.393936,0.8059192,49.32821211531814,8.568851905634133,0.24234483,1,6456.937,0.007263565,5,1,false,false,0.25496188,-1.4663036,10.091119,2.219608,3
53.3581,0.8061155,49.328218409339534,8.568844477129105,0.33230072,1,6441.1987,0.013364282,5,1,false,false,0.33965546,-2.5675328,10.180661,2.219607,3
53.300385,0.8063117,49.32822479336372,8.568837048204244,0.40772069,0.9679408,6417.2456,0.019755997,5,1,false,false,0.32271665,-4.013525,9.969138,2.2196567,3
53.218384,0.8065076,49.32823108738511,8.568829619279384,0.4814727,0.85819983,6383.5054,0.027310548,5,1,false,false,0.53035426,-5.505963,10.739302,2.2197654,3
53.110115,0.80670315,49.328237471409295,8.568822190774357,0.5512927,0.73193604,6334.236,0.034863986,5,1,false,false,0.5794728,-7.141953,11.24282,2.2199569,3
52.973816,0.80689824,49.32824376543069,8.568814761849497,0.6134874,0.5995067,6279.8726,0.04299939,5,1,false,false,0.74777347,-8.811337,10.476334,2.2202268,3
52.810005,0.8070928,49.32825005945209,8.568807332924637,0.65959716,0.48014787,6229.06,0.049101245,5,1,false,false,0.86670685,-10.529685,10.562858,2.2205796,3
52.618675,0.8072866,49.32825626360789,8.568800041704629,0.7022519,0.35388404,6173.71,0.056654677,5,1,false,false,0.98063195,-12.079334,10.497127,2.221031,3
52.403435,0.8074797,49.32826255762929,8.56879275048462,0.7428809,0.22318128,6112.3154,0.064790085,5,1,false,false,1.0970435,-13.4382305,10.283053,2.2215729,3
52.16837,0.807672,49.32826876178509,8.56878532155976,0.7700464,0.1467324,6061.4497,0.0729255,5,1,false,false,1.2736177,-14.563628,10.011794,2.2221987,3
51.91631,0.8078634,49.3282748759381,8.568778030339752,0.79006326,0.09667079,6003.0024,0.08135077,5,1,false,false,1.5899633,-15.45806,10.078291,2.2229402,3
51.651024,0.8080538,49.3282810800939,8.568770876824596,0.80996084,0.052774362,5933.025,0.09006707,5,1,false,false,1.7806115,-16.31525,10.942094,2.223876,3
51.37429,0.8082432,49.32828719438411,8.568763585604588,0.82652205,0.023921091,5852.3477,0.09733062,5,1,false,false,2.0530283,-16.753635,10.309393,2.2250247,3
51.09374,0.80843157,49.32829321867153,8.568756432089431,0.8415346,0,5761.9014,0.102560624,5,1,false,false,2.4855392,-16.862274,9.5195465,2.2263706,3
50.811386,0.80861896,49.328299242958956,8.568749278154442,0.8495176,0,5671.753,0.1028516,5,1,false,false,2.3878176,-17.387611,9.682299,2.2279751,3
50.517197,0.8088052,49.32830526724637,8.568742124639286,0.85047054,0,5608.799,0.09994562,5,1,false,false,2.5330226,-17.915812,10.224719,2.2297826,3
50.207996,0.8089904,49.3283112016682,8.56873510840915,0.84379834,0,5769.342,0.095297046,5,1,false,false,2.3186622,-18.825165,10.255715,2.2316675,3
49.90971,0.8091745,49.32831713609003,8.568727954893994,0.8309306,0,5712.164,0.08890536,5,1,false,false,2.7633924,-17.478304,9.857838,2.2335398,3
49.622303,0.80935746,49.32832298050907,8.568720938663857,0.81448823,0,5622.766,0.08076994,5,1,false,false,3.025811,-17.161282,9.210554,2.2355876,3
49.33721,0.80953944,49.32832882492811,8.568713922433721,0.7954246,0,5535.489,0.07408721,5,1,false,false,3.1372628,-17.02577,8.989185,2.23782,3
49.053463,0.80972034,49.32833466948434,8.568707043908436,0.7700464,0,5449.58,0.068566255,5,1,false,false,3.4095323,-16.942556,9.826793,2.2401457,3
48.783836,0.8099003,49.32834042403779,8.568700028098132,0.7456212,0,5485.149,0.0645002,5,1,false,false,3.360036,-16.379543,8.371572,2.2425337,3
48.507793,0.81007916,49.32834617859124,8.568693149572848,0.7184559,0,5526.2095,0.061884664,5,1,false,false,3.454841,-16.545952,9.523056,2.2449815,3
48.24211,0.8102571,49.328351843279094,8.568686271047563,0.6928393,0.77,5776.6157,0.06130267,0,1,false,false,4.0342255,-15.821301,9.202121,2.2474582,3
47.99182,0.81043404,49.32835750782975,8.568679529807298,0.668414,0.15888888,6144.138,0.059270237,0,1,false,false,4.3457127,-14.041657,8.930022,2.2499173,3
47.752045,0.8106101,49.32836308251481,8.568672651282014,0.63731694,0,6090.9253,0.054330118,4,1,false,false,4.7117505,-14.640947,9.209498,2.252494,3
47.48732,0.8107853,49.32836865733707,8.568665772756729,0.6124152,0,6436.1523,0.047066554,4,1,false,false,4.631868,-16.43385,8.933664,2.2551217,3
47.22038,0.81095946,49.328374232022135,8.568659031936297,0.5897773,0,6494.1987,0.038060404,4,1,false,false,4.6985564,-15.294767,9.969268,2.2577493,3
46.981377,0.81113267,49.32837971684161,8.568652291115864,0.56904554,0,6387.046,0.02992499,4,1,false,false,5.4021378,-13.801995,9.95606,2.2603838,3
46.760643,0.81130517,49.328385201661085,8.568645550295432,0.552961,0,6295.5063,0.022951286,4,1,false,false,5.6657047,-12.866466,9.9032345,2.2630732,3
46.539116,0.81147695,49.32839068648055,8.568638809055168,0.53699523,0,6390.7593,0.01801341,4,1,false,false,5.5207605,-13.577815,9.9153595,2.2657375,3
46.313347,0.8116479,49.328396081434434,8.568632068234736,0.5219826,0,6440.182,0.01626971,4,1,false,false,5.712958,-13.207329,11.182741,2.2682843,3
46.10476,0.8118181,49.32840138638552,8.568625464699323,0.5142382,0,6371.7744,0.016269708,4,1,false,false,6.426772,-12.030872,10.7574005,2.2707453,3
45.90381,0.8119875,49.328406781202204,8.56861872387889,0.5076849,0,6344.465,0.01597984,4,1,false,false,6.7531643,-12.078743,11.356834,2.2731547,3
45.69864,0.81215596,49.3284120862905,8.568612120343477,0.5031574,0,6365.693,0.017432548,4,1,false,false,6.8117127,-12.281296,11.593503,2.275469,3
45.494038,0.81232375,49.32841730137599,8.568605379523046,0.4964851,0,6361.2803,0.019466126,4,1,false,false,7.1911426,-12.047426,12.041926,2.2776167,3
45.28845,0.8124907,49.328422516324295,8.568598775987633,0.48862147,0,6333.0474,0.023824269,4,1,false,false,8.566808,-12.607836,15.631389,2.2796457,3
45.08859,0.8126569,49.32842773140979,8.568592172872052,0.4846897,0,6312.446,0.02934412,4,1,false,false,7.477885,-11.013387,11.902414,2.2818182,3
44.908295,0.8128221,49.32843294649529,8.568585431631787,0.4798046,0,6300.2637,0.03776941,4,1,false,false,6.560826,-10.688624,9.892006,2.283665,3
44.72665,0.8129866,49.3284380717152,8.568578828516207,0.47706428,0,6278.2627,0.03864126,4,1,false,false,6.563945,-10.825321,9.807255,2.284997,3
44.53402,0.8131504,49.32844310693231,8.568572224980795,0.4743239,0,6262.503,0.04416111,4,1,false,false,6.701515,-11.569187,10.359156,2.2859905,3
44.35657,0.81331354,49.32844823201502,8.568565621445382,0.47360894,0,6269.372,0.058398373,4,1,false,false,4.6283154,-10.078735,9.983054,2.286639,3
44.19586,0.81347585,49.32845326736933,8.5685590183298,0.47587276,0,6205.636,0.085419044,4,1,false,false,4.6124024,-9.244124,8.151838,2.2870336,3
44.039085,0.8136376,49.32845830258645,8.56855241479439,0.47980452,0,6104.4917,0.11592601,4,1,false,false,5.190993,-9.617397,7.875921,2.2876077,3
43.870724,0.8137988,49.328463247937975,8.568545811678808,0.48540452,0,6051.719,0.14933841,4,1,false,false,5.770591,-10.277496,8.403041,2.2887757,3
43.69265,0.81395924,49.3284681931523,8.568539208143395,0.49088532,0,6029.603,0.1926316,4,1,false,false,6.000367,-10.841245,9.645203,2.2907434,3
43.505173,0.8141191,49.328473138503824,8.568532742312835,0.49648517,0,5986.099,0.23650567,4,1,false,false,7.5572934,-11.419538,11.376999,2.2935126,3
43.310524,0.81427824,49.32847799398975,8.568526138777422,0.49970204,0,5954.724,0.271373,4,1,false,false,8.869954,-11.691988,10.656921,2.2972894,3
43.114754,0.8144367,49.328482849338485,8.568519672946861,0.49970213,0,5967.7593,0.29345638,4,1,false,false,8.540316,-11.423763,9.015456,2.3019102,3
42.927837,0.8145944,49.32848770468722,8.568513069831281,0.49755743,0,5996.793,0.29810557,4,1,false,false,7.8681917,-11.008302,8.593341,2.3067107,3
42.734875,0.8147516,49.32849247030756,8.568506466295869,0.49255338,0,5993.69,0.29229409,4,1,false,false,9.384296,-11.618306,10.714698,2.311239,3
42.538227,0.8149081,49.3284972357907,8.568500000465308,0.48814484,0,5981.113,0.2844481,4,1,false,false,10.096533,-11.44406,11.074992,2.3156025,3
42.355885,0.8150639,49.32850200127385,8.568493396929895,0.47980464,0,5949.776,0.2812521,4,1,false,false,9.525134,-10.245076,10.648527,2.320071,3
42.192013,0.8152191,49.328506676754195,8.568486931099335,0.47217926,0,5864.5654,0.2809623,4,1,false,false,9.129979,-9.578713,9.737646,2.3250544,3
42.02664,0.8153739,49.328511262506154,8.568480327983755,0.46252826,0,5772.045,0.27921796,4,1,false,false,9.786361,-9.963135,9.095523,2.3307703,3
41.854683,0.81552815,49.3285159379865,8.568473862153194,0.4553795,0,5740.2583,0.27485996,4,1,false,false,9.682883,-10.216933,8.430468,2.3371732,3
41.679905,0.8156819,49.32852052373846,8.568467258617781,0.44644344,0,5766.3477,0.26962993,4,1,false,false,9.564602,-10.2829895,8.512898,2.3439171,3
41.50574,0.81583494,49.32852501948763,8.56846079278722,0.4410819,0,5756.8447,0.26439995,4,1,false,false,10.578403,-10.180384,9.35739,2.3507264,3
41.33291,0.8159875,49.328529515236795,8.56845418967164,0.43655428,0,5725.465,0.2600406,4,1,false,false,11.714051,-10.029791,10.173119,2.357617,3
41.16256,0.8161397,49.32853401098596,8.568447723841079,0.43095437,0,5705.752,0.2571358,4,1,false,false,12.530154,-9.477511,9.06597,2.364695,3
41.002857,0.81629133,49.32853841673234,8.568441120305666,0.4242821,0,5676.7896,0.2556831,4,1,false,false,12.452218,-8.944089,8.817088,2.3720014,3
40.84777,0.8164425,49.328542822615915,8.568434654475105,0.4180866,0,5630.2983,0.2524873,4,1,false,false,12.687513,-8.960407,9.108333,2.3794801,3
40.686676,0.816593,49.3285471384967,8.568428050939694,0.40926957,0,5601.5566,0.24987224,4,1,false,false,13.46414,-9.354231,9.915349,2.3870966,3
40.51847,0.8167433,49.32855145451469,8.568421447824113,0.40033358,0,5602.9697,0.24987221,4,1,false,false,14.267141,-9.175115,9.815644,2.3947656,3
40.356792,0.81689304,49.32855577039547,8.5684148442887,0.39104012,0,5593.723,0.25422972,4,1,false,false,14.336891,-8.791667,9.619016,2.402503,3
40.20515,0.81704223,49.32855999641066,8.56840824117312,0.38162756,0,5551.0864,0.25916988,4,1,false,false,14.446488,-8.289968,9.569966,2.410426,3
40.056183,0.81719095,49.328564132491664,8.568401637637708,0.3726915,0,5509.4727,0.26207474,4,1,false,false,15.201281,-8.358222,9.807729,2.4186106,3
39.90011,0.81733924,49.32856826857267,8.568395034102295,0.36387458,0,5496.425,0.26149398,4,1,false,false,16.007053,-8.738906,9.999092,2.4270427,3
39.743168,0.8174871,49.32857240465367,8.568388430986714,0.35994288,0,5495.755,0.25742555,4,1,false,false,16.1857,-8.521007,9.960794,2.4356327,3
39.593647,0.8176345,49.32857645080048,8.568381689746449,0.35231745,0,5478.213,0.24870881,4,1,false,false,16.238358,-7.9860024,9.562019,2.4442375,3
39.45459,0.8177814,49.3285804070817,8.56837508663087,0.34707493,0.77,5730.127,0.23708707,0,1,false,false,16.411001,-7.2203712,9.593408,2.4527876,3
39.32194,0.81792784,49.32858436336292,8.568368345390605,0.34123668,0.77,6168.598,0.21994385,0,1,false,false,16.699694,-7.037862,9.975865,2.4612122,3
39.190727,0.81807387,49.32858831964414,8.568361742275023,0.3337305,0,6351.8237,0.19728018,0,1,false,false,16.742258,-6.9074903,10.093375,2.469472,3
39.054104,0.8182195,49.32859218592257,8.56835500103476,0.32122013,0,6365.9355,0.16996798,3,1,false,false,16.298939,-8.182388,9.057172,2.4776537,3
38.87923,0.81836456,49.328596052269596,8.568348260214327,0.3066841,0,6648.9233,0.14323768,3,1,false,false,15.072425,-10.139432,9.565945,2.4857697,3
38.705242,0.818509,49.32859982875103,8.568341381689043,0.29238653,0,6709.332,0.122027874,3,1,false,false,15.941109,-8.90573,10.611423,2.4939475,3
38.55439,0.81865305,49.32860351522967,8.56833464086861,0.2813058,0,6595.7007,0.10604745,3,1,false,false,17.99258,-7.80057,11.958177,2.5024614,3
38.406696,0.8187967,49.32860720177692,8.568327899628345,0.2716549,0,6515.1216,0.09500719,3,1,false,false,18.98711,-7.742357,11.74527,2.5114846,3
38.25698,0.81893975,49.32861088825557,8.568321158807914,0.2656976,0,6566.1226,0.08716164,3,1,false,false,18.054161,-7.802609,10.702323,2.5208364,3
38.120316,0.81908226,49.32861448486862,8.568314280282628,0.26009768,0,6625.6553,0.0781555,3,1,false,false,17.33452,-6.4980707,10.091107,2.5299108,3
37.992912,0.8192244,49.32861799154748,8.568307401757345,0.2573574,0,6610.815,0.06479009,3,1,false,false,18.787186,-6.571539,10.29561,2.538261,3
37.867138,0.8193657,49.32862149822635,8.56830052323206,0.26009765,0,6571.436,0.046194695,3,1,false,false,18.345383,-6.3020725,10.147478,2.5458698,3
37.742214,0.81950635,49.32862491503962,8.568293644706776,0.26283804,0,6559.0728,0.0334124,3,1,false,false,17.401447,-6.340449,10.010509,2.5525377,3
37.61854,0.81964654,49.32862833178429,8.56828676618149,0.26450604,0,6554.6753,0.032830402,3,1,false,false,16.194382,-6.21487,9.795106,2.5583746,3
37.502167,0.81978637,49.328631748528956,8.568279887656207,0.26283813,0,6519.063,0.043871254,3,1,false,false,15.62196,-5.9975834,9.057164,2.5637474,3
37.388344,0.81992567,49.32863498547385,8.568273009130921,0.2590254,0,6464.918,0.0665338,3,1,false,false,14.495094,-5.9908905,8.416521,2.5689728,3
37.274067,0.8200639,49.32863831235293,8.568265992900786,0.25116166,0,6427.011,0.10256061,3,1,false,false,13.774012,-6.165271,8.349202,2.5743957,3
37.15501,0.82020175,49.328641549297814,8.5682591143755,0.24353626,0,6406.688,0.14643356,3,1,false,false,13.959137,-6.4530597,8.588062,2.5801477,3
37.035797,0.8203391,49.328644786242705,8.568252098565196,0.2361492,0,6392.4766,0.19582751,3,1,false,false,14.135091,-6.354277,8.320362,2.586238,3
36.920143,0.820476,49.3286479332534,8.568245220039913,0.22900037,0,6376.1436,0.25016207,3,1,false,false,14.361606,-6.1025043,7.8756437,2.5925822,3
36.806015,0.82061243,49.328650990329905,8.568238203809775,0.21958777,0,6358.4956,0.30682233,3,1,false,false,14.759126,-6.051195,8.549401,2.599118,3
36.68867,0.82074815,49.3286541374092,8.56823118757964,0.21398784,0,6345.607,0.3501168,3,1,false,false,15.889793,-6.3859377,9.533029,2.6058614,3
36.569492,0.82088333,49.32865710455152,8.568224171769335,0.2073156,0,6339.425,0.39225098,3,1,false,false,16.438288,-6.2408743,9.366727,2.6128097,3
36.449512,0.821018,49.328660161696625,8.56821729324405,0.20290715,0,6332.0684,0.43031582,3,1,false,false,17.246649,-6.3841834,10.30842,2.619915,3
36.330963,0.82115227,49.32866312890754,8.568210277013915,0.19742645,0,6313.54,0.4608273,3,1,false,false,17.702263,-6.1450934,10.268051,2.6274323,3
36.21277,0.8212861,49.328666006184264,8.568203123498758,0.19075418,0,6283.3013,0.48494595,3,1,false,false,18.37375,-6.2622185,10.587771,2.6355634,3
36.08952,0.82141936,49.328668883460985,8.568196107268621,0.18193734,0,6260.866,0.50674003,3,1,false,false,19.161436,-6.520823,11.289787,2.6442573,3
35.965607,0.8215521,49.328671670803516,8.568189091038485,0.17038006,0,6254.175,0.5224317,3,1,false,false,19.415262,-6.330773,10.860159,2.6535032,3
35.844032,0.82168436,49.32867436828046,8.56818193752333,0.15262717,0,6247.7783,0.53608876,3,1,false,false,19.778708,-6.10145,10.948864,2.6632009,3
35.72778,0.82181615,49.3286770656888,8.568174921293194,0.1374955,0,6227.527,0.54538804,3,1,false,false,20.232752,-5.926072,10.961624,2.673261,3
35.609562,0.82194763,49.32867976316574,8.568167767778036,0.124746814,0,6205.7744,0.5520714,3,1,false,false,20.656868,-5.8716497,10.915465,2.683553,3
35.50015,0.8220787,49.328682280774295,8.56816061426288,0.1148576,0,6203.2236,0.5599173,3,1,false,false,20.054056,-5.2641954,10.719071,2.6937926,3
35.39533,0.8222093,49.32868488831705,8.568153598032744,0.10604075,0,6191.853,0.5715418,3,1,false,false,20.463797,-5.2627645,10.560051,2.703885,3
35.288624,0.8223395,49.32868731599141,8.568146306812736,0.09805791,0,6162.8076,0.5837463,3,1,false,false,20.779903,-5.2720556,10.815646,2.7138617,3
35.18328,0.8224692,49.32868974373438,8.568139152877748,0.093172885,0,6147.4756,0.5988581,3,1,false,false,21.104673,-5.0810676,11.159888,2.723658,3
35.084476,0.82259864,49.32869217140875,8.568131999362592,0.093172885,0,6148.1206,0.6133881,3,1,false,false,20.725582,-4.716804,10.95937,2.7333348,3
34.986507,0.8227279,49.32869450921752,8.568124845847436,0.09364947,0,6129.217,0.6255924,3,1,false,false,21.87186,-4.7132463,11.482099,2.7431428,3
34.891026,0.8228568,49.328696757092104,8.568117554627426,0.093172885,0,6096.879,0.6322767,3,1,false,false,22.112507,-4.582079,11.291226,2.7534251,3
34.795258,0.82298523,49.3286989150325,8.568110400692438,0.0909091,0,6072.7354,0.63169515,3,1,false,false,21.678852,-4.4106927,10.512475,2.764212,3
34.706432,0.8231134,49.32870107297289,8.56810310947243,0.08376029,0,6070.1143,0.6241396,3,1,false,false,20.802746,-4.1004496,10.16433,2.775154,3
34.621174,0.8232412,49.32870323098188,8.568095818252422,0.07637316,0,6068.8525,0.61251557,3,1,false,false,20.189653,-4.068981,9.3206835,2.7859576,3
34.53343,0.823369,49.328705209053894,8.568088527032414,0.0675563,0,6058.8193,0.60234433,3,1,false,false,21.53516,-4.1885395,11.397538,2.79649,3
34.442875,0.82349646,49.32870727712869,8.568081235812405,0.058620285,0,6049.796,0.5976945,3,1,false,false,22.562223,-4.2380266,11.142354,2.8069885,3
34.35212,0.8236235,49.32870916533511,8.568073944592397,0.046586435,0,6046.191,0.5982762,3,1,false,false,23.305054,-4.1769295,12.574542,2.8176973,3
34.264175,0.8237501,49.328711053541525,8.568066653372389,0.03431431,0,6037.373,0.59885794,3,1,false,false,24.622576,-3.8774664,13.484425,2.829002,3
34.182194,0.8238765,49.32871285188236,8.568059224447529,0.021684738,0,6018.8184,0.5962424,3,1,false,false,23.634178,-3.3962166,11.500459,2.841234,3
34.107445,0.8240029,49.32871456022039,8.56805193322752,0.0071488135,0,6003.4224,0.58984923,3,1,false,false,23.4873,-3.1305337,11.719435,2.8541462,3
34.03613,0.8241291,49.328716268627026,8.568044504722492,0,0,6001.461,0.5811305,3,1,false,false,22.870346,-2.902365,10.754083,2.867161,3
33.964336,0.8242549,49.32871788709947,8.568037213502484,0,0,6007.3643,0.57764447,3,1,false,false,23.27033,-2.980691,11.8040495,2.879832,3
33.891438,0.82438034,49.32871950557192,8.568029784577623,0,0,6012.6064,0.58490956,3,1,false,false,24.306238,-2.9091177,12.096316,2.8918748,3
33.820984,0.82450557,49.32872103411017,8.568022355652763,0,0,6010.753,0.6052507,3,1,false,false,24.346773,-2.6677952,12.1716585,2.9032757,3
33.754585,0.82463086,49.32872247278283,8.568014926727905,0,0,6000.15,0.63431066,3,1,false,false,23.916807,-2.519027,11.975683,2.9141479,3
33.69147,0.82475597,49.3287238215213,8.568007498222876,0,0,5984.088,0.66714853,3,1,false,false,23.46935,-2.4655435,11.333398,2.9247396,3
33.62829,0.8248807,49.32872517019117,8.568000069298016,0,0,5969.232,0.7034753,3,1,false,false,23.19057,-2.5087013,10.949506,2.9352763,3
33.565212,0.82500523,49.32872642899545,8.567992640373156,0,0,5959.144,0.7398017,3,1,false,false,22.627142,-2.579712,10.565302,2.9456532,3
33.50153,0.8251295,49.32872768779973,8.567985074163275,0,0,5950.33,0.7799056,3,1,false,false,22.934677,-2.6934156,11.593357,2.9559977,3
33.436222,0.82525355,49.328728766804225,8.567977645238415,0,0,5940.2534,0.8307635,3,1,false,false,23.593678,-2.705823,11.812106,2.9665587,3
33.37202,0.8253772,49.32872984580872,8.567970216313554,0,0,5929.5127,0.8668017,3,1,false,false,22.556986,-2.5746202,10.767436,2.9774518,3
33.314064,0.82550055,49.32873092474462,8.567962650103675,0,0,5916.677,0.89906067,3,1,false,false,19.246218,-2.4348443,9.074058,2.9883919,3
33.255836,0.8256236,49.32873191381492,8.567955221178815,0.009889194,0,5899.9795,0.9255083,3,1,false,false,21.747343,-2.6233332,11.43675,2.9990373,3
33.185825,0.8257463,49.328732813019634,8.567947792673786,0.022637913,0,5882.4287,0.9534087,3,1,false,false,26.732422,-3.1158612,14.129443,3.0101545,3
33.10831,0.8258687,49.328733712155746,8.567940226044074,0.03598237,0,5871.162,0.97869486,3,1,false,false,26.566431,-3.3997,13.71162,3.0224247,3
33.029354,0.8259898,49.32873452135767,8.567932797119214,0.048850223,0,5863.1987,0.9847984,3,1,false,false,25.288214,-3.404294,12.561165,3.0354757,3
32.95518,0.8261104,49.328735240694,8.567925230909335,0.06040749,0,5848.6206,0.9754978,3,1,false,false,21.407864,-3.312785,10.613238,3.049344,3
32.877922,0.82623065,49.32873587009614,8.567917801984475,0.0660074,0,5821.5244,0.9600936,3,1,false,false,23.257202,-3.6631365,12.024865,3.0642986,3
32.790672,0.8263505,49.32873649949828,8.567910373479446,0.06707969,0,5799.887,0.94410884,3,1,false,false,25.62151,-3.7890036,12.702984,3.0793865,3
32.702553,0.8264701,49.32873703896623,8.567902944554586,0.06481592,0,5790.695,0.9342276,3,1,false,false,25.095825,-3.7866886,11.896879,3.093223,3
32.618042,0.826589,49.328737488568585,8.567895378344707,0.060407482,0,5782.697,0.93655276,3,1,false,false,23.943777,-3.5567539,11.592463,3.1055596,3
32.539425,0.82670707,49.32873793817094,8.567887949419847,0.052067198,0,5766.579,0.94963104,3,1,false,false,22.790613,-3.2700956,11.408194,3.1167977,3
32.464417,0.8268248,49.32873829777051,8.567880520494986,0.03776957,0,5742.6636,0.9737529,3,1,false,false,22.156252,-3.2095108,10.912645,3.1277196,3
32.3932,0.82694215,49.32873856757308,8.567873091570126,0.023948528,0,5722.1875,1.002818,3,1,false,false,21.217585,-2.9997294,10.023494,3.1387453,3
32.313984,0.8270592,49.32873883730706,8.567865663065097,0.008816868,0,5710.399,1.0324631,3,1,false,false,23.049412,-3.8748755,11.363054,-3.132795,3
32.23114,0.827176,49.32873901710684,8.56785837184509,0,0,5703.837,1.0650158,3,1,false,false,22.505852,-3.5203547,11.216435,-3.1196373,3
32.1545,0.8272921,49.32873910704103,8.567850942920229,0,0,5696.5273,1.0879765,3,1,false,false,22.406052,-3.2101388,11.332637,-3.1052036,3
32.078606,0.8274078,49.32873919697522,8.56784365170022,0,0,5689.249,1.0966959,3,1,false,false,23.299515,-3.1324043,11.854908,-3.090316,3
32.002213,0.82752305,49.32873919697522,8.56783622277536,0,0,5679.908,1.0987308,3,1,false,false,23.846369,-3.0789127,12.103826,-3.0754764,3
31.925123,0.82763803,49.32873919697522,8.567828931555352,0,0,5667.2266,1.0975676,3,1,false,false,24.308191,-3.005373,12.414278,-3.0608642,3
31.848597,0.8277527,49.32873910704103,8.567821640335344,0,0,5653.287,1.0926268,3,1,false,false,24.380165,-2.9098759,12.483338,-3.0464678,3
31.773298,0.8278671,49.328738927172644,8.567814349115336,0,0,5637.8984,1.0850691,3,1,false,false,24.102211,-2.8550074,12.167839,-3.032134,3
31.697495,0.8279811,49.32873865743867,8.567807057895328,0,0,5620.496,1.0754783,3,1,false,false,24.367113,-2.855569,12.24732,-3.0178015,3
31.620941,0.8280948,49.328738387704696,8.56779976667532,0,0,5604.9775,1.0679215,3,1,false,false,24.319647,-2.837103,12.272423,-3.0034964,3
31.544212,0.8282081,49.32873802803653,8.567792613160163,0,0,5593.433,1.0635619,3,1,false,false,24.221394,-2.8327966,12.259931,-2.9892511,3
31.466587,0.82832104,49.328737578502775,8.567785459225176,0,0,5582.4976,1.0626895,3,1,false,false,24.464062,-2.859214,12.543959,-2.9750683,3
31.388725,0.82843375,49.32873712890042,8.567778168005168,0,0,5569.815,1.0667582,3,1,false,false,24.470829,-2.816602,12.322825,-2.9609625,3
31.309633,0.8285462,49.328736589432474,8.56777115177503,0,0,5555.853,1.0740248,3,1,false,false,25.70972,-2.8730726,13.772918,-2.9468975,3
31.227537,0.8286586,49.32873596003033,8.567763998259874,0,0,5542.411,1.0824535,3,1,false,false,26.374996,-2.9284768,13.434237,-2.9326189,3
31.147743,0.8287705,49.32873533062819,8.567756844744718,0,0,5529.676,1.0879761,3,1,false,false,24.32549,-2.8031313,11.943637,-2.9181907,3
31.072096,0.8288821,49.328734611291864,8.567749828514582,0,0,5515.1284,1.088557,3,1,false,false,23.265816,-2.6907122,11.216991,-2.9041033,3
30.995123,0.8289934,49.32873380202134,8.567742812284445,0,0,5499.234,1.0929173,3,1,false,false,24.50747,-2.7037256,12.009587,-2.890492,3
30.92499,0.8291044,49.32873290288523,8.56773579647414,0,0.77,5751.107,1.1106472,0,1,false,false,25.096642,-2.0249796,12.983603,-2.8770297,3
30.859951,0.8292154,49.32873200374911,8.567728917948857,0,0.77,6188.756,1.1248887,0,1,false,false,24.570042,-1.8938096,12.735535,-2.8638175,3
30.797518,0.8293264,49.328731104613,8.567722039423572,0,0,6370.5786,1.1315732,0,1,false,false,23.709637,-1.8056176,11.775934,-2.8512967,3
30.730997,0.8294371,49.3287300256085,8.567715160898288,0,0,6350.12,1.1382588,2,1,false,false,22.912104,-3.2035832,11.1453,-2.8393502,3
30.61651,0.82954735,49.328728946672605,8.567708282373003,0,0,6583.153,1.1437814,2,1,false,false,21.855303,-6.1912885,10.56834,-2.827687,3
30.485556,0.8296572,49.32872786766811,8.567701541132738,0,0,6751.144,1.148432,2,1,false,false,21.818441,-5.7997785,11.0402775,-2.8161557,3
30.381523,0.8297667,49.32872669879802,8.567694800312307,0,0,6742.4443,1.1527913,2,1,false,false,22.134289,-3.665523,11.396244,-2.8044739,3
30.304482,0.829876,49.328725439925144,8.567688059491873,0,0,6659.1904,1.155117,2,1,false,false,23.036648,-2.6101625,12.021841,-2.792487,3
30.229933,0.8299854,49.32872418112086,8.56768145595646,0,0,6607.435,1.1551173,2,1,false,false,23.737785,-2.929663,12.810704,-2.780027,3
30.146646,0.8300944,49.32872283245099,8.567674715136029,0,0,6605.9688,1.1498852,2,1,false,false,23.10355,-3.4442165,11.782902,-2.7671971,3
30.060099,0.8302031,49.32872148371253,8.567668249305468,0,0,6616.703,1.1391305,2,1,false,false,22.052433,-3.54518,10.9587,-2.754293,3
29.9759,0.8303115,49.328720045039866,8.567661645770055,0,0,6608.628,1.1260515,2,1,false,false,22.099976,-3.2991223,11.098549,-2.7415442,3
29.896294,0.8304196,49.32871851650161,8.567655179939495,0,0,6582.979,1.1214013,2,1,false,false,21.828136,-3.0632954,10.960799,-2.728874,3
29.818235,0.83052754,49.328716987963354,8.567648714108934,0,0,6556.8423,1.1228535,2,1,false,false,22.090622,-3.0786867,11.424366,-2.7163243,3
29.73653,0.8306358,49.328715459425105,8.567642385983225,0,0,6541.3228,1.1277955,2,1,false,false,23.187874,-3.2560346,12.462184,-2.7039697,3
29.654217,0.83074355,49.32871384095266,8.567636057857516,0,0,6533.9062,1.1356426,2,1,false,false,22.3913,-3.2394683,11.584863,-2.691809,3
29.57399,0.83085096,49.32871213254602,8.567629729311976,0,0,6522.988,1.1402934,2,1,false,false,22.543625,-3.1610405,11.944616,-2.6797984,3
29.493013,0.8309581,49.32871042413939,8.56762353889112,0,0,6502.629,1.1431999,2,1,false,false,23.202387,-3.1718047,12.272452,-2.6675637,3
29.413647,0.83106494,49.328708625867165,8.567617348050431,0,0,6478.9175,1.1446528,2,1,false,false,22.536932,-3.0682187,11.52256,-2.6550367,3
29.33584,0.83117163,49.32870682752633,8.567611157629575,0,0,6459.2354,1.1423275,2,1,false,false,22.003025,-3.0744305,11.267152,-2.6423378,3
29.258114,0.8312777,49.32870493931992,8.567605104493737,0,0,6443.4033,1.139712,2,1,false,false,21.6023,-3.1613824,11.21038,-2.629684,3
29.178617,0.83138347,49.3287030511135,8.5675990513579,0,0,6429.0586,1.139421,2,1,false,false,23.054026,-3.1987832,12.4127445,-2.6172397,3
29.099083,0.83148897,49.32870107297289,8.567593135926915,0,0,6416.6143,1.1417471,2,1,false,false,22.117552,-3.204991,11.449258,-2.604745,3
29.020376,0.83159405,49.32869900496669,8.567587220076097,0,0,6403.8623,1.1432003,2,1,false,false,21.75019,-3.1741967,11.220119,-2.5925655,3
28.943388,0.8316989,49.32869702682608,8.567581442349965,0,0,6391.072,1.1452351,2,1,false,false,21.764486,-3.0347419,11.724533,-2.5807755,3
28.867785,0.8318035,49.328694868885684,8.567575526918981,0,0,6374.66,1.1498854,2,1,false,false,22.160957,-3.0095649,11.809471,-2.5690513,3
28.792578,0.83190733,49.328692800810884,8.567569886477868,0,0,6353.4863,1.1507562,2,1,false,false,21.974464,-3.024735,11.882755,-2.5571208,3
28.716578,0.8320106,49.3286905529363,8.567564108331903,0,0,6333.4604,1.1487222,2,1,false,false,22.415304,-3.1430557,11.59894,-2.5450966,3
28.641993,0.83211356,49.32868839499591,8.56755846789079,0,0.0781751,6334.216,1.1452346,2,1,false,false,21.239336,-2.996905,10.808816,-2.5331383,3
28.571676,0.83221626,49.328686057187134,8.567552965154528,0,0.20912457,6387.335,1.1440718,2,1,false,false,21.132683,-2.7712295,11.465208,-2.5210657,3
28.508633,0.8323187,49.32868380931255,8.567547462418267,0,0.31787917,6468.126,1.1440715,2,1,false,false,21.642805,-2.032091,11.512449,-2.5087225,3
28.457247,0.83242095,49.32868147150378,8.567541959682005,0,0.39062887,6592.528,1.1417469,2,1,false,false,19.289299,-1.6107914,10.089308,-2.4963045,3
28.410225,0.832523,49.32867904382941,8.567536594230765,0,0.45548698,6760.7627,1.1411654,2,1,false,false,19.339048,-1.5681111,10.361482,-2.4844193,3
28.377209,0.83262444,49.32867661615504,8.567531229199355,0,0.5205918,6792.2803,1.1530828,2,1,false,false,20.048075,0.46522087,10.831295,-2.4730263,3
28.394073,0.83272576,49.32867418841207,8.567525863748115,0,0.58027136,6685.682,1.1737192,2,1,false,false,19.620005,3.1630666,10.810315,-2.4617481,3
28.431652,0.83282715,49.328671670803516,8.567520636001724,0,0.62762016,6628.6616,1.1914494,2,1,false,false,18.933722,3.5150967,10.566856,-2.4503386,3
28.467346,0.8329287,49.32866915319496,8.567515408255336,0,0.6653514,6642.932,1.2030749,2,1,false,false,18.382757,2.9830344,10.424456,-2.4392056,3
28.487074,0.8330304,49.32866654565221,8.567510180928778,0,0.69765735,6684.112,1.2109226,2,1,false,false,20.270868,1.8688735,11.616421,-2.4283288,3
28.501732,0.83313215,49.328663938109464,8.567505090467408,0,0.7353884,6748.1924,1.2213868,2,1,false,false,23.657526,2.8869598,13.710797,-2.4164524,3
28.524431,0.83323383,49.32866124063252,8.567500000425872,0,0.77484584,6785.514,1.2205151,2,1,false,false,24.578623,2.8016293,14.026743,-2.4036167,3
28.554342,0.8333354,49.32865845328999,8.567495048089187,0,0.82663393,6783.9556,1.1897042,2,1,false,false,21.61289,3.406902,12.393511,-2.3900487,3
28.59302,0.83343714,49.32865566594746,8.567489958047648,0,0.86880386,6797.971,1.1437813,2,1,false,false,19.79153,3.4579432,10.434195,-2.3761117,3
28.611753,0.83353895,49.328652878536325,8.56748500529113,0,0.9075215,6857.7383,1.1004735,2,1,false,false,17.968695,1.9833827,9.748526,-2.3618279,3
28.668795,0.8336409,49.328650001259604,8.567480190239467,0,0.9511715,6969.6807,1.0679212,2,1,false,false,21.223158,5.743098,11.225658,-2.3476033,3
28.729284,0.83374304,49.32864712398288,8.5674753751878,0,0.9960544,6923.8315,1.0347879,2,1,false,false,21.702204,5.289816,13.358884,-2.3348482,3
28.81173,0.83384556,49.32864415684057,8.567470560555966,0,1,6776.483,1.0051425,2,1,false,false,20.33196,6.5398145,12.642953,-2.3235865,3
28.884539,0.83394825,49.32864109969546,8.567465745504302,0,1,6696.749,0.9673594,2,1,false,false,22.099485,5.0371017,13.412895,-2.3130805,3
28.928284,0.83405113,49.328638042618955,8.567461068157488,0,1,6751.6304,0.9409119,2,1,false,false,23.30877,3.414128,12.888764,-2.3024056,3
28.959562,0.8341541,49.32863498547385,8.567456390810674,0,1,6870.109,0.9182425,2,1,false,false,22.923737,3.1270232,12.937597,-2.291185,3
28.999178,0.83425725,49.32863183846315,8.567451850748881,0,1,6933.6104,0.8822051,2,1,false,false,19.535696,3.979326,11.091642,-2.279528,3
29.055166,0.8343606,49.32862860151826,8.56744731110692,0,1,6923.0996,0.8420982,2,1,false,false,17.682894,4.514412,9.985311,-2.2679403,3
29.090982,0.83446425,49.328625454507566,8.567442908749976,0,1,6921.8013,0.8104206,2,1,false,false,15.866261,3.1343727,8.826769,-2.256182,3
29.166248,0.8345682,49.328622127628485,8.567438369108016,0,1,7015.205,0.7961811,2,1,false,false,18.757895,6.304748,10.784527,-2.2443366,3
29.23817,0.83467245,49.32861889068359,8.567433966751073,0,1,6983.7773,0.7950176,2,1,false,false,16.383087,5.693479,10.817795,-2.2339509,3
29.324215,0.83477694,49.328615563873115,8.567429564394132,0,1,6856.037,0.801412,2,1,false,false,18.824223,6.0666037,12.108625,-2.225489,3
29.389063,0.8348818,49.32861214705984,8.567425299742043,0,1,6796.5464,0.8156514,2,1,false,false,22.63819,4.454327,14.640635,-2.2170913,3
29.429413,0.8349868,49.328608730315175,8.567421035089952,0,1,6872.8076,0.82001144,2,1,false,false,22.366995,3.099983,12.998147,-2.207215,3
29.463406,0.83509207,49.328605313570506,8.567416907722883,0,1,6999.526,0.7987966,2,1,false,false,20.342222,3.073741,11.795465,-2.1961365,3
29.510067,0.83519775,49.32860180689164,8.567412780775644,0,1,7061.153,0.761016,2,1,false,false,16.107159,4.3781276,10.188449,-2.1845744,3
29.558218,0.8353038,49.328598210278585,8.567408653828407,0,1,7045.323,0.7241076,2,1,false,false,15.730589,3.634647,8.535339,-2.1732907,3
29.629501,0.83541,49.32859470359973,8.567404664166189,0,1,7053.7417,0.7014405,2,1,false,false,21.911911,5.7795095,14.198289,-2.161558,3
29.699108,0.8355166,49.32859110698667,8.567400674503972,0,1,7014.0283,0.6860383,2,1,false,false,22.605824,5.4136014,14.664694,-2.149676,3
29.773787,0.8356233,49.328587420439426,8.567396685261585,0,1,6938.054,0.6552336,2,1,false,false,20.563524,5.6213193,13.627661,-2.1383393,3
29.845106,0.8357305,49.32858373396078,8.567392832884387,0,1,6904.3667,0.6157121,2,1,false,false,19.339952,5.0127325,11.98887,-2.12766,3
29.893456,0.8358382,49.32858004741353,8.567389118631873,0,1,6945.588,0.57706356,2,1,false,false,15.980637,3.2280395,9.74692,-2.117347,3
29.952085,0.8359465,49.3285762710007,8.567385266674506,0,1,7049.3145,0.55265284,2,1,false,false,18.485966,4.4713993,11.239238,-2.1071534,3
30.008795,0.83605504,49.32857249458786,8.567381552421994,0,1,7075.942,0.5450975,2,1,false,false,17.585695,4.6955776,11.595082,-2.09791,3
30.081514,0.8361638,49.32856862824083,8.567377975454498,0,1,7021.2363,0.54945636,2,1,false,false,17.701458,5.4435725,12.457369,-2.0898104,3
30.156517,0.83627295,49.328564851828,8.567374398487004,0,1,6971.5117,0.5584653,2,1,false,false,17.758778,5.2334757,12.509075,-2.0821579,3
30.223495,0.8363824,49.32856089554678,8.567370821939342,0,1,6982.194,0.5674732,2,1,false,false,17.672321,4.5011053,12.028656,-2.0743487,3
30.278667,0.8364923,49.32855702919975,8.5673673826767,0,1,7036.185,0.5741568,2,1,false,false,16.184158,4.0331635,10.651313,-2.0662868,3
30.337288,0.83660316,49.32855307291853,8.567363943414058,0,1,7091.0728,0.5817121,2,1,false,false,14.9225235,4.0531464,9.675867,-2.0581872,3
30.396603,0.8367141,49.32854911663731,8.567360504151416,0,1,7112.4224,0.5936264,2,1,false,false,13.9885025,4.3984394,9.889846,-2.0501926,3
30.46389,0.8368253,49.3285450704905,8.567357202173794,0,1,7117.9966,0.6136779,2,1,false,false,14.841738,4.733464,10.882301,-2.042221,3
30.530838,0.83693683,49.328541024343686,8.567353900616004,0,1,7118.195,0.6427377,2,1,false,false,17.078629,4.708722,12.784114,-2.0341039,3
30.598768,0.8370486,49.32853697819688,8.567350599058214,0,1,7114.2686,0.67557657,2,1,false,false,16.177763,4.650144,11.526839,-2.0257473,3
30.661411,0.83716065,49.32853293205007,8.567347435205274,0,1,7117.7812,0.69824415,2,1,false,false,17.116686,4.22898,11.629687,-2.0171893,3
30.720196,0.83727276,49.32852879590047,8.567344270512672,0,1,7143.279,0.7185868,2,1,false,false,17.282013,4.127606,12.393494,-2.0080562,3
30.77507,0.837385,49.32852465975086,8.567341106659734,0,1,7175.2524,0.73224485,2,1,false,false,17.594183,4.07821,12.249829,-1.9982531,3
30.833645,0.83749753,49.32852052373846,8.567338079671984,0,1,7198.443,0.7366046,2,1,false,false,17.820053,4.382192,11.876726,-1.987971,3
30.89377,0.8376101,49.32851629772327,8.567335191228748,0,1,7197.4087,0.7348604,2,1,false,false,17.282717,4.2873664,11.446058,-1.9776832,3
30.956028,0.83772314,49.328512071708076,8.567332164240998,0,1,7194.8413,0.7322446,2,1,false,false,17.229942,4.5291038,11.637878,-1.9674741,3
31.019062,0.83783615,49.32850784569288,8.567329413502616,0,1,7200.8433,0.73137283,2,1,false,false,17.796951,4.378757,12.556975,-1.9573609,3
31.080517,0.83794916,49.328503529812096,8.567326524219718,0,1,7207.213,0.7336981,2,1,false,false,17.990335,4.3842306,12.417457,-1.9474171,3
31.139843,0.83806235,49.32849921393131,8.567323772641672,0,1,7211.615,0.73660445,2,1,false,false,17.768063,4.2366548,11.879173,-1.9377333,3
31.196901,0.8381757,49.32849489791333,8.567321158768477,0,1,7224.4956,0.74009144,2,1,false,false,17.708273,4.0907793,11.945972,-1.9281409,3
31.250603,0.83828926,49.32849058203254,8.567318544895281,0,1,7250.1387,0.7432879,2,1,false,false,17.503605,3.8623228,11.636716,-1.9183948,3
31.303299,0.83840305,49.328486176148964,8.567315931022087,0,1,7279.6772,0.7444512,2,1,false,false,17.439703,3.8947732,11.994093,-1.9083809,3
31.356506,0.83851683,49.32848177040259,8.567313454853744,0,1,7282.1895,0.74328786,2,1,false,false,17.89185,3.9107985,12.150335,-1.8982123,3
31.408787,0.83863056,49.32847736451902,8.567311116390254,0,1,7282.651,0.7409633,2,1,false,false,17.404835,3.8821504,11.209638,-1.8878996,3
31.46041,0.8387444,49.32847286876985,8.567308640221912,0,1,7280.202,0.7395099,2,1,false,false,16.40621,3.8568633,10.593407,-1.8775855,3
31.509474,0.8388584,49.32846846288627,8.567306438623609,0,1,7278.168,0.7389292,2,1,false,false,16.938332,3.5628293,11.409893,-1.8675283,3
31.551992,0.83897257,49.328463967137104,8.567304100160117,0,1,7055.5093,0.74357903,2,1,false,false,17.686388,3.04654,12.101456,-1.8575997,3
31.542849,0.83908683,49.32845947138794,8.567301899401478,0,1,6915.655,0.7502633,0,1,false,false,17.756664,-1.0065056,10.800804,-1.8477728,3
31.522264,0.83920074,49.328454885773176,8.567299835508027,0,1,6583.1323,0.75549424,3,1,false,false,17.795866,1.5899512,12.410038,-1.8383315,3
31.60644,0.83931464,49.32845039002401,8.567297771614577,0,1,5876.5024,0.75956273,3,1,false,false,17.454124,7.2605414,12.202138,-1.8285706,3
31.71029,0.83942884,49.32844580440925,8.567295846265642,0,1,5748.733,0.7601441,3,1,false,false,17.064371,6.172074,10.836573,-1.8175458,3
31.766392,0.83954334,49.32844121865729,8.567293920077043,0,1,5907.5703,0.7552027,3,1,false,false,16.413685,3.0693176,9.868072,-1.8061367,3
31.801441,0.8396579,49.328436633042536,8.567291993888444,0,1,6006.851,0.7505543,3,1,false,false,16.919857,3.2286081,10.795353,-1.7954557,3
31.853205,0.83977264,49.328432047427775,8.567290205404696,0,1,5980.6855,0.7540411,3,1,false,false,16.718008,4.4552345,10.378685,-1.7852508,3
31.916529,0.83988744,49.32842737181022,8.567288416920949,0,1,5936.693,0.760144,3,1,false,false,17.077206,4.637169,10.690889,-1.7751802,3
31.973331,0.84000236,49.328422696192675,8.567286766142054,0,1,5941.046,0.766247,3,1,false,false,17.566433,4.0449147,10.915796,-1.7651042,3
32.020664,0.8401174,49.32841802057513,8.567285115363159,0,1,5981.2207,0.77176803,3,1,false,false,17.719128,3.663217,10.791925,-1.7549044,3
32.068172,0.84023255,49.32841334509477,8.567283602289116,0,1,6016.3276,0.77438474,3,1,false,false,16.706308,3.9207914,10.471811,-1.7444664,3
32.12057,0.84034795,49.32840866947723,8.567282089215073,0,1,6024.023,0.7743847,3,1,false,false,16.121527,4.085582,9.362133,-1.7340606,3
32.17426,0.8404635,49.32840390399409,8.567280713006218,0,1,6024.603,0.7743847,3,1,false,false,15.56028,4.1618767,9.690243,-1.723774,3
32.227016,0.8405792,49.32839922837653,8.567279337637027,0,1,6037.9565,0.7796157,3,1,false,false,16.96093,4.096685,10.519751,-1.7135562,3
32.27778,0.840695,49.32839446289339,8.567277961428172,0,1,6051.0986,0.78629947,3,1,false,false,17.626122,4.038278,10.743618,-1.7033023,3
32.326324,0.84081095,49.32838969741025,8.56727672376383,0,1,6051.9746,0.7877523,3,1,false,false,18.424738,3.832754,11.671005,-1.6930103,3
32.366573,0.840927,49.32838484206152,8.56727562296468,0,1,6062.402,0.7831021,3,1,false,false,19.11856,3.448093,11.881773,-1.6823727,3
32.403625,0.84104323,49.32838007657838,8.567274522165528,0,1,6107.3755,0.76770043,3,1,false,false,19.66991,3.3210466,11.950737,-1.6710383,3
32.444336,0.8411597,49.32837522109244,8.567273559071229,0,1,6146.8496,0.7429981,3,1,false,false,19.456388,3.8685634,11.501048,-1.6591635,3
32.4924,0.8412764,49.3283704556093,8.567272596816593,0,1,6139.1626,0.70173097,3,1,false,false,19.192797,4.229884,11.173434,-1.6472452,3
32.54488,0.8413932,49.32836560026057,8.567271771427146,0,1,6111.1514,0.65232825,3,1,false,false,18.568684,4.421485,11.5632305,-1.6354249,3
32.601254,0.8415101,49.328360744774635,8.567270946037699,0,1,6108.6743,0.58694375,3,1,false,false,15.820945,4.57555,9.202014,-1.6239899,3
32.6598,0.8416273,49.3283558894259,8.567270119808587,0,1,6116.766,0.51720124,3,1,false,false,15.238557,4.6349697,8.756807,-1.613717,3
32.717663,0.8417448,49.328351033939974,8.567269569828843,0,1,6106.9316,0.4515285,3,1,false,false,14.776226,4.515146,9.002905,-1.6048479,3
32.77156,0.8418627,49.32834608858845,8.567268882144248,0,1,6102.818,0.40038577,3,1,false,false,17.147224,4.1917686,11.071918,-1.5969771,3
32.820454,0.8419809,49.32834123323971,8.567268332164504,0,1,6118.7134,0.36784133,3,1,false,false,17.147177,4.0366244,11.696442,-1.5893401,3
32.860153,0.84209913,49.32833628788819,8.567267919049948,0,1,6146.0674,0.3370412,3,1,false,false,16.097012,3.0669198,10.838512,-1.5816112,3
32.89311,0.84221756,49.328331342536664,8.567267506775057,0,1,6215.3613,0.30798462,3,1,false,false,14.829236,3.0052412,9.572631,-1.5731819,3
32.93343,0.8423361,49.32832648718793,8.5672670936605,0,1,6302.3833,0.28502995,3,1,false,false,14.345306,3.72681,9.460013,-1.5641694,3
32.99197,0.84245497,49.32832154183641,8.567266818250797,0,1,6315.0073,0.26672393,3,1,false,false,14.704959,5.040409,10.062036,-1.5550953,3
33.0621,0.8425746,49.32831659648488,8.567266543680757,0,1,6236.244,0.2591699,3,1,false,false,14.40343,5.4253893,10.031954,-1.546498,3
33.13482,0.84269446,49.32831165127056,8.567266405975905,0,1,6172.521,0.263528,3,1,false,false,15.020869,5.376715,10.448698,-1.5385062,3
33.198532,0.84281456,49.32830661591625,8.567266268271053,0,1,6171.0557,0.27660292,3,1,false,false,15.824595,4.580065,10.732125,-1.531132,3
33.25142,0.84293485,49.32830167070192,8.567266268271053,0,1,6193.117,0.29694328,3,1,false,false,16.740055,4.171509,11.942929,-1.5242919,3
33.301506,0.8430553,49.328296635347606,8.567266268271053,0,1,6210.4907,0.31612068,3,1,false,false,17.191816,4.144227,11.645056,-1.5176814,3
33.35166,0.84317654,49.32829169013328,8.567266405975905,0,1,6222.189,0.329777,3,1,false,false,16.165005,3.9508069,10.502173,-1.5111431,3
33.40178,0.84329814,49.32828665491616,8.567266543680757,0,1,6245.369,0.332392,3,1,false,false,15.948269,3.936616,10.439998,-1.5047328,3
33.45496,0.84341985,49.32828170956464,8.567266680545945,0,1,6272.9966,0.32658112,3,1,false,false,14.658704,4.2131815,9.814234,-1.4984664,3
33.515194,0.84354174,49.32827667434753,8.567266955955649,0,1,6277.8022,0.31495774,3,1,false,false,13.109566,4.5665245,9.020315,-1.4925833,3
33.578934,0.84366393,49.32827163899321,8.567267369070205,0,1,6262.477,0.29810548,3,1,false,false,12.651946,4.5514684,8.726005,-1.4874159,3
33.640602,0.8437863,49.32826660377609,8.567267643640244,0,1,6260.439,0.28357726,3,1,false,false,12.414514,4.3079834,9.15295,-1.4828181,3
33.700893,0.84390885,49.32826156855898,8.5672680567548,0,1,6284.234,0.27050117,3,1,false,false,12.098082,4.4021864,9.517641,-1.4784461,3
33.762466,0.84403163,49.328256533341865,8.567268606734544,0,1,6299.114,0.25713575,3,1,false,false,11.582539,4.2410784,9.427344,-1.4741501,3
33.82279,0.84415454,49.32825149812475,8.567269157553952,0,1,6297.8955,0.24347886,3,1,false,false,10.944136,4.113666,9.032119,-1.4697965,3
33.882717,0.8442777,49.32824637290484,8.567269707533695,0,1,6316.5444,0.23243795,3,1,false,false,10.766682,4.1323543,8.951143,-1.465243,3
33.94464,0.8444011,49.32824133768773,8.567270257513439,0,1,6345.813,0.226917,3,1,false,false,10.700236,4.295087,9.233581,-1.4605588,3
34.00956,0.84452474,49.32823630247061,8.567270946037699,0,1,6348.0522,0.23011285,3,1,false,false,10.441155,4.4665422,9.237113,-1.4558988,3
34.077362,0.8446486,49.3282311772507,8.567271633722294,0,1,6331.368,0.24289796,3,1,false,false,10.676647,4.58918,9.480701,-1.4513509,3
34.14474,0.8447727,49.328226142033586,8.56727232140689,0,1,6327.1787,0.26091307,3,1,false,false,10.389331,4.4688263,9.040517,-1.4468671,3
34.20924,0.84489703,49.32822101695088,8.567273146796337,0,1,6340.02,0.2879354,3,1,false,false,10.405179,4.2511954,9.23782,-1.4424844,3
34.27142,0.8450216,49.32821589173098,8.567273972185784,0,1,6354.1626,0.3149578,3,1,false,false,11.382059,4.163734,10.406085,-1.4381459,3
34.33157,0.8451463,49.32821076664827,8.567274935280084,0,1,6364.271,0.3443058,3,1,false,false,12.319477,4.0613623,11.568158,-1.433574,3
34.392475,0.8452713,49.328205731431154,8.567275760669531,0,1,6375.269,0.36667958,3,1,false,false,12.742231,4.1410103,11.4949255,-1.4285266,3
34.45148,0.84539646,49.32820060621125,8.567276861468683,0,1,6384.9478,0.3756881,3,1,false,false,11.8944645,3.9633546,10.027768,-1.4229788,3
34.512108,0.84552187,49.32819548099134,8.567277824562982,0,1,6401.8213,0.37307307,3,1,false,false,8.440146,4.087184,7.1184516,-1.4172502,3
34.57553,0.84564745,49.32819035590863,8.567278924522471,0,1,6419.401,0.36464554,3,1,false,false,9.066711,4.285618,7.397875,-1.4120395,3
34.63938,0.8457733,49.32818514082313,8.567280025321622,0,1,6414.646,0.3678413,3,1,false,false,11.73844,4.2976627,11.177181,-1.4073277,3
34.704872,0.8458993,49.32818001574043,8.567281126120774,0,1,6403.9,0.3745247,3,1,false,false,12.657105,4.3683243,10.9337015,-1.4025224,3
34.766018,0.8460255,49.32817489052052,8.567282363785113,0,1,6405.1953,0.37278154,3,1,false,false,10.902131,3.6633701,9.758566,-1.3975515,3
34.80857,0.84615195,49.32816976543781,8.567283602289116,0,1,6448.8286,0.36348316,3,1,false,false,11.002877,2.8791265,10.266328,-1.3922244,3
34.85166,0.8462786,49.32816455035231,8.567284839953455,0,1,6551.187,0.35273167,3,1,false,false,12.335504,3.1191313,13.74792,-1.3857892,3
34.91279,0.8464053,49.328159425132405,8.56728621616231,0,1,6592.1777,0.33442616,3,1,false,false,6.5418873,4.771023,9.478454,-1.3786187,3
34.99203,0.84653234,49.328154300049704,8.567287591531501,0,1,6506.343,0.3039164,3,1,false,false,6.3658056,4.9592657,4.300696,-1.3727267,3
35.069607,0.84665966,49.3281490849642,8.567288967740357,0,1,6431.3335,0.31612062,3,1,false,false,5.7697883,4.965132,3.134401,-1.3685329,3
35.136894,0.84678715,49.328143959744295,8.5672904808144,0,1,6452.3374,0.3413992,3,1,false,false,10.233741,3.377547,8.327989,-1.3655385,3
35.15164,0.8469149,49.328138744658794,8.567291856183592,0,1,6533.7544,0.36755154,3,1,false,false,15.61325,-0.7340773,15.314207,-1.3627442,3
35.138283,0.84704256,49.32813361957609,8.567293369257635,0,1,6756.2886,0.37801212,3,1,false,false,18.542437,-0.010657281,15.476142,-1.3567731,3
35.146065,0.8471702,49.32812840449059,8.567295020876195,0,1,7009.4272,0.34401485,3,1,false,false,15.137229,2.852568,14.036145,-1.3468179,3
35.25141,0.8472981,49.328123279270685,8.56729667165509,0,1,6973.2437,0.2751497,3,1,false,false,16.08905,7.5789595,13.701343,-1.3346591,3
35.39301,0.8474264,49.32811806432239,8.567298460138836,0,1,6560.5693,0.1920502,3,1,false,false,16.673061,9.912845,12.982655,-1.3241746,3
35.534412,0.8475552,49.32811293910248,8.567300247782919,0,1,6215.0566,0.12900041,3,1,false,false,15.032817,7.913977,10.308107,-1.3176925,3
35.606953,0.84768456,49.32810772401698,8.567302036266666,0,1,6215.9385,0.110115185,3,1,false,false,9.734589,3.05344,7.0842733,-1.3157797,3
35.628006,0.847814,49.32810250893149,8.567303962455265,0,1,6458.237,0.12638545,3,1,false,false,3.6890955,0.7992096,2.2261703,-1.317448,3
35.63071,0.84794354,49.32809738384878,8.567305888643864,0,1,6669.383,0.17926565,3,1,false,false,0.9641562,0.031787623,-0.092133045,-1.3207457,3
35.641743,0.848073,49.32809216876328,8.567307814832462,0,1,6792.0645,0.25742567,3,1,false,false,0.7730038,0.97235984,-0.3961969,-1.3242855,3
35.650875,0.84820265,49.32808695367778,8.567309740181399,0,1,6921.644,0.35680002,3,1,false,false,0.35792702,-0.17976877,-0.44223115,-1.3276293,3
35.626812,0.84833217,49.32808173859228,8.567311666369998,0,1,7140.5244,0.4555968,3,1,false,false,7.3439093,-1.7761334,5.7541456,-1.3304907,3
35.607548,0.84846175,49.32807661350957,8.567313730263448,0,1,7278.3916,0.56049937,3,1,false,false,7.8022304,-0.9256359,5.767243,-1.3315198,3
35.607334,0.84859127,49.32807139842408,8.567315656452047,0,1,7291.6523,0.6194897,3,1,false,false,10.192838,1.850533,7.6462274,-1.33052,3
35.66778,0.84872085,49.32806627320417,8.567317719505834,0,1,7262.525,0.606994,3,1,false,false,11.454132,2.8221152,14.780098,-1.3267789,3
35.69354,0.84885067,49.32806105811867,8.567319783399284,0,1,7257.667,0.54073846,3,1,false,false,12.4853945,1.8339508,15.15481,-1.320453,3
35.747433,0.8489806,49.32805593303596,8.567321846453073,0,1,7206.176,0.45501602,3,1,false,false,10.497516,6.041062,13.592869,-1.3122301,3
35.906124,0.84911096,49.32805071795047,8.567324048051375,0,1,7113.739,0.36290243,3,1,false,false,7.994835,10.687898,12.927114,-1.3036597,3
36.057983,0.84924203,49.32804550286497,8.567326248810014,0,1,6698.5933,0.28619227,3,1,false,false,7.527149,9.020272,13.323525,-1.2960078,3
36.197826,0.8493737,49.32804028777947,8.567328450408317,0,1,6355.159,0.23592481,3,1,false,false,8.528622,7.356188,13.746641,-1.2897508,3
36.273376,0.8495057,49.32803507269397,8.567330788871807,0,1,6375.849,0.21355216,3,1,false,false,9.214825,2.9062066,13.09002,-1.2848692,3
36.297184,0.8496379,49.32802985760848,8.567333127335298,0,1,6611.132,0.20774016,3,1,false,false,8.99099,1.1259805,12.508244,-1.2811819,3
36.320896,0.8497703,49.328024642660175,8.56733546579879,0,1,6776.5356,0.2147139,3,1,false,false,8.238622,2.2125816,12.124909,-1.2779607,3
36.37273,0.8499029,49.32801942757468,8.567337805101944,0,1,6771.699,0.22866127,3,1,false,false,7.2739544,3.937567,10.979429,-1.2746675,3
36.443813,0.85003585,49.32801421248918,8.567340143565435,0,1,6710.4463,0.2394111,3,1,false,false,6.985246,4.515367,10.246794,-1.2711908,3
36.511948,0.850169,49.32800899740368,8.567342619733777,0,1,6700.75,0.2516148,3,1,false,false,7.4250064,3.9795842,10.532126,-1.2675011,3
36.57482,0.8503024,49.328003782318184,8.56734509590212,0,1,6737.421,0.26614308,3,1,false,false,7.361289,3.9067225,9.766277,-1.2636118,3
36.632225,0.8504362,49.327998477367096,8.567347572070464,0,1,6754.7544,0.27544138,3,1,false,false,7.0066977,3.6207037,9.201186,-1.2598087,3
36.690083,0.8505703,49.327993262281595,8.567350185943658,0,1,6762.304,0.28619233,3,1,false,false,6.95678,3.5713892,8.9862385,-1.2560412,3
36.748222,0.8507048,49.3279880471961,8.567352800236684,0,1,6784.6865,0.29868636,3,1,false,false,7.751076,3.9428487,10.384258,-1.2520664,3
36.808846,0.8508394,49.327982742245005,8.567355276405026,0,1,6800.835,0.30827457,3,1,false,false,8.712268,3.779154,10.7487755,-1.2477952,3
36.865562,0.85097426,49.32797752715951,8.567358027563241,0,1,6799.87,0.31553867,3,1,false,false,8.795873,3.5489907,10.627746,-1.2432219,3
36.923885,0.8511093,49.32797231207401,8.567360641436435,0,1,6819.333,0.31641054,3,1,false,false,9.0881605,3.657946,10.258873,-1.2382257,3
36.983227,0.8512446,49.32796700712292,8.567363393014482,0,1,6839.8223,0.3117619,3,1,false,false,8.130427,3.9810202,9.835837,-1.2329923,3
37.043983,0.8513801,49.32796179203742,8.56736614459253,0,1,6833.5303,0.3065313,3,1,false,false,9.604104,3.9772565,11.503567,-1.2279502,3
37.104965,0.8515159,49.32795657695193,8.567368895750743,0,1,6819.04,0.3039164,3,1,false,false,10.578995,3.9746735,11.032699,-1.2229767,3
37.164356,0.8516518,49.32795127200084,8.56737164732879,0,1,6821.037,0.30275464,3,1,false,false,10.203013,3.7818315,11.128808,-1.2180179,3
37.21836,0.8517878,49.32794605691534,8.567374536191856,0,1,6832.9883,0.30159238,3,1,false,false,10.000128,3.1822987,10.310907,-1.2132455,3
37.26959,0.85192394,49.32794084182984,8.567377425054923,0,1,6862.3726,0.30130145,3,1,false,false,8.864568,3.4938445,9.35594,-1.2084898,3
37.32475,0.85206026,49.32793553687875,8.567380451622842,0,1,6889.337,0.30101046,3,1,false,false,10.285682,3.6402879,11.152883,-1.2038302,3
37.378902,0.8521968,49.327930321793254,8.56738334090574,0,1,6886.797,0.30478874,3,1,false,false,10.549071,3.5764012,10.608604,-1.1992472,3
37.434013,0.8523335,49.327925016842165,8.567386367473658,0,1,6889.018,0.3103086,3,1,false,false,10.186353,3.6478443,11.039097,-1.1946174,3
37.48647,0.8524703,49.327919801756664,8.567389393621745,0,1,6907.9824,0.31263378,3,1,false,false,9.559247,3.2478821,9.152122,-1.1899368,3
37.535755,0.85260725,49.32791458667116,8.567392557894514,0,1,6939.0435,0.31408647,3,1,false,false,8.796874,3.365839,8.128174,-1.1852053,3
37.587242,0.8527443,49.32790937158567,8.567395722167285,0,1,6967.455,0.3152488,3,1,false,false,8.17324,3.487188,7.2844057,-1.1804911,3
37.640697,0.8528816,49.32790406663458,8.567398886020223,0,1,6976.8286,0.31728297,3,1,false,false,6.6730266,3.4222622,5.432386,-1.1761273,3
37.692707,0.8530192,49.32789885154908,8.567402050292994,0,1,6980.9414,0.32803392,3,1,false,false,8.125996,3.2537727,6.7132845,-1.1722416,3
37.74131,0.85315675,49.327893636463585,8.567405351850784,0,1,6995.243,0.35098913,3,1,false,false,7.8302913,3.1461124,6.53982,-1.1684179,3
37.790855,0.85329455,49.32788833151249,8.567408516123555,0,1,7026.38,0.3634832,3,1,false,false,8.475032,3.1012554,7.570989,-1.1642855,3
37.81931,0.8534324,49.327883116426996,8.567411817681345,0,1,7064.11,0.36638984,3,1,false,false,12.499707,1.9237846,16.106054,-1.1595615,3
37.85063,0.85357046,49.327877901341495,8.567415256943988,0,1,7130.5547,0.35505688,3,1,false,false,14.758569,2.9909246,19.061768,-1.1538179,3
37.905136,0.8537087,49.327872686256,8.56741855892161,0,1,7181.3174,0.32425612,3,1,false,false,12.173008,3.774442,12.427458,-1.146542,3
37.973522,0.85384697,49.3278674711705,8.567421998184251,0,1,7129.4883,0.28096235,3,1,false,false,5.6898737,4.5086694,5.812274,-1.1390487,3
38.04958,0.8539856,49.327862256085005,8.567425574731914,0,1,7052.8735,0.2458039,3,1,false,false,8.613881,5.0767007,8.008467,-1.1329219,3
38.11148,0.8541245,49.32785695113391,8.567429013994557,0,1,7023.161,0.24899979,3,1,false,false,12.009332,4.010696,11.87831,-1.1279061,3
38.17034,0.8542636,49.327851736048416,8.567432590962051,0,1,7036.1504,0.25306803,3,1,false,false,12.975243,4.872512,11.676802,-1.1239041,3
38.21785,0.85440284,49.327846520962915,8.567436167929545,0,1,6994.1035,0.26091298,3,1,false,false,9.728199,2.716396,9.171524,-1.1218292,3
38.243603,0.8545423,49.32784130601462,8.56743988218206,0,1,7022.6626,0.2838672,3,1,false,false,6.1409283,2.7383058,5.108395,-1.1209207,3
38.292404,0.8546819,49.32783618079471,8.567443459149553,0,1,7166.8525,0.324547,3,1,false,false,10.342987,2.4439127,8.118121,-1.1196761,3
38.319653,0.85482156,49.32783096570921,8.567447173402067,0,1,7190.032,0.37626898,3,1,false,false,10.779961,1.7098056,11.564735,-1.1174601,3
38.354713,0.85496145,49.32782575062372,8.567451025359434,0,1,7197.7666,0.41026554,3,1,false,false,11.044361,3.464129,9.810475,-1.1135726,3
38.421627,0.85510147,49.327820535538216,8.567454739611946,0,1,7243.699,0.41229972,3,1,false,false,9.981402,4.4156218,9.08651,-1.10816,3
38.487705,0.8552418,49.32781532045272,8.567458591989144,0,1,7179.9995,0.38498637,3,1,false,false,10.432996,4.3929296,8.329236,-1.1023514,3
38.5553,0.8553823,49.32781019537001,8.56746244394651,0,1,7086.9907,0.34953576,3,1,false,false,10.6081705,4.414821,9.815322,-1.0965453,3
38.61659,0.85552317,49.32780498028451,8.567466433188898,0,1,7074.2417,0.31612068,3,1,false,false,11.105563,3.614766,10.444621,-1.0907704,3
38.663845,0.8556642,49.3277998552018,8.567470422851114,0,1,7108.2715,0.28851622,3,1,false,false,12.013174,3.0347779,10.826572,-1.0850257,3
38.70773,0.85580546,49.32779464011631,8.567474412513333,0,1,7141.1963,0.26672387,3,1,false,false,10.8743515,3.015727,9.862336,-1.0791657,3
38.755077,0.85594684,49.3277895148964,8.567478401755718,0,1,7154.3867,0.2417357,3,1,false,false,10.328806,3.3925705,9.149323,-1.0733404,3
38.80755,0.8560885,49.3277842998109,8.567482529122788,0,1,7153.9336,0.22255886,3,1,false,false,9.32058,3.5375383,7.8920207,-1.0678071,3
38.863274,0.8562304,49.3277791747282,8.567486656070027,0,1,7149.06,0.21122706,3,1,false,false,9.731727,3.7017047,8.937288,-1.0628467,3
38.91455,0.8563724,49.32777404950829,8.567490783437096,0,1,6879.763,0.21326119,3,1,false,false,10.154149,3.0482821,9.07752,-1.0585016,3
38.916187,0.8565147,49.32776883442279,8.567495048089187,0,1,6744.4365,0.22749788,0,1,false,false,10.28068,-0.6248283,9.187546,-1.0545747,3
38.910686,0.85665697,49.32776370934008,8.567499312741276,0,1,6274.2793,0.24958065,4,1,false,false,10.488592,2.0017006,10.47586,-1.0508833,3
38.98296,0.85679936,49.327758584120176,8.567503577393365,0,1,5541.2764,0.276603,4,1,false,false,10.446001,5.543178,9.792527,-1.046573,3
39.053154,0.85694206,49.32775354890306,8.567507979750307,0,1,5757.005,0.29374626,4,1,false,false,10.677792,3.0961754,8.663208,-1.0412953,3
39.082542,0.857085,49.32774842382035,8.567512244402398,0,1,5938.3267,0.30217323,4,1,false,false,11.249495,2.368745,9.66884,-1.0357665,3
39.13869,0.85722816,49.327743298600446,8.567516646339508,0,1,5788.407,0.3044973,4,1,false,false,11.799855,4.57875,10.121645,-1.0303565,3
39.208786,0.85737157,49.327738173517744,8.5675211864013,0,1,5691.9546,0.30391645,4,1,false,false,12.582456,4.2362466,10.712026,-1.0249498,3
39.25757,0.8575152,49.327733138163424,8.567525726043263,0,1,5751.5166,0.3010103,4,1,false,false,13.075745,2.852963,11.047722,-1.0195976,3
39.297035,0.85765904,49.327728013080716,8.567530266105056,0,1,5801.9727,0.29607138,4,1,false,false,13.15402,2.9204674,11.18861,-1.0143286,3
39.342434,0.8578031,49.3277229778636,8.567534805747018,0,1,5789.431,0.28880727,4,1,false,false,13.404466,3.3113823,11.06332,-1.0089997,3
39.392677,0.8579474,49.32771794264649,8.567539483093832,0,1,5781.182,0.27979898,4,1,false,false,12.400734,3.4148955,10.1384325,-1.0035114,3
39.44111,0.8580919,49.327712907292174,8.567544160440645,0,1,5795.7593,0.26817724,4,1,false,false,12.4597845,3.259201,10.645224,-0.99807423,3
39.488693,0.8582366,49.32770787207506,8.56754897549231,0,1,5803.9243,0.26033226,4,1,false,false,12.283366,3.2850494,10.123885,-0.9928305,3
39.538395,0.85838157,49.327702836857945,8.567553790543975,0,1,5802.175,0.25887898,4,1,false,false,12.187458,3.422062,9.936991,-0.9878529,3
39.586956,0.85852677,49.327697801640824,8.567558605595641,0,1,5800.8145,0.26527116,4,1,false,false,11.46056,3.2437856,9.421706,-0.9831835,3
39.63416,0.8586722,49.3276928562893,8.567563557932326,0,1,5815.581,0.27863717,4,1,false,false,11.252218,3.1835942,9.678858,-0.97875386,3
39.68021,0.8588178,49.32768782107219,8.567568510688844,0,1,5832.2427,0.2983954,4,1,false,false,11.505648,3.071163,9.461069,-0.9744433,3
39.726048,0.85896367,49.32768287572066,8.56757346302553,0,1,5842.163,0.31757283,4,1,false,false,11.224902,3.101634,8.91574,-0.97008663,3
39.77177,0.8591098,49.32767784050355,8.567578415782046,0,1,5854.6704,0.33558846,4,1,false,false,10.945551,3.0109034,8.722392,-0.965589,3
39.815804,0.85925615,49.32767289515202,8.567583505823585,0,1,5874.566,0.3527317,4,1,false,false,11.607478,2.9971466,9.440898,-0.96079963,3
39.861355,0.85940266,49.3276679498005,8.567588595865121,0,1,5890.6064,0.3678413,4,1,false,false,11.729411,3.097473,9.544335,-0.95558393,3
39.907864,0.8595494,49.32766300458617,8.567593685906658,0,1,5892.163,0.3751071,4,1,false,false,12.173555,3.1578684,10.0285225,-0.9499827,3
39.953823,0.85969645,49.32765805923465,8.567598913653049,0,1,5896.669,0.3745246,4,1,false,false,12.410705,3.120619,9.752576,-0.9439584,3
40.002064,0.85984397,49.32765320374872,8.567604141399437,0,1,5907.7935,0.3660982,4,1,false,false,12.421126,3.3279183,9.385965,-0.93758833,3
40.050694,0.8599918,49.327648258534396,8.567609506430847,0,1,5900.7646,0.34953576,4,1,false,false,11.595413,3.3562422,8.636911,-0.9312469,3
40.10038,0.8601397,49.32764340304846,8.567614734177235,0,1,5895.3296,0.3321011,4,1,false,false,11.576049,3.342225,8.731463,-0.92521995,3
40.148094,0.86028796,49.327638457696935,8.56762023733333,0,1,5902.316,0.32018775,4,1,false,false,11.677484,3.17987,8.724798,-0.91960096,3
40.193142,0.86043614,49.3276336023482,8.567625602364739,0,1,5912.103,0.31408647,4,1,false,false,11.399141,3.0061834,8.407463,-0.914341,3
40.23628,0.86058456,49.327628746862274,8.567631105100999,0,1,5928.4766,0.31379557,4,1,false,false,10.638555,2.8496656,7.5619626,-0.9092776,3
40.277443,0.86073315,49.32762389151354,8.56763660783726,0,1,5956.7246,0.31786388,4,1,false,false,10.500419,2.810898,7.576542,-0.9042229,3
40.318443,0.86088187,49.3276191260304,8.567642110993354,0,1,5983.7417,0.32425603,4,1,false,false,11.0555315,2.8185158,8.313109,-0.8989838,3
40.360588,0.86103076,49.327614270681664,8.567647613729616,0,1,5997.045,0.3347172,4,1,false,false,12.269217,2.9736004,9.84972,-0.89335823,3
40.403652,0.8611796,49.32760941519573,8.567653254170727,0,1,6003.554,0.34488666,4,1,false,false,12.922643,3.009366,9.887899,-0.88713956,3
40.447464,0.86132866,49.32760464971259,8.56765889461184,0,1,6012.7505,0.34779263,4,1,false,false,13.4652405,3.1448116,9.986,-0.8802644,3
40.494297,0.86147785,49.32759988422945,8.567664672337974,0,1,6013.8843,0.34139937,4,1,false,false,14.413385,3.4373028,10.516966,-0.8728656,3
40.544964,0.86162734,49.32759511874631,8.56767045048394,0,1,5992.106,0.32919613,4,1,false,false,15.021609,3.666092,10.613386,-0.86530995,3
40.59517,0.8617767,49.32759035326316,8.567676228210072,0,1,5962.541,0.3123428,4,1,false,false,15.600077,3.5085213,10.964615,-0.8581032,3
40.640274,0.8619264,49.327585677645615,8.567682144060889,0,1,5956.5337,0.2981056,4,1,false,false,16.068743,3.2374806,11.616793,-0.8513927,3
40.681408,0.8620761,49.327580912162475,8.567688059491873,0,1,5969.7,0.28938818,4,1,false,false,16.283735,3.0262566,11.978207,-0.84509534,3
40.72078,0.86222607,49.32757623654492,8.56769397492286,0,1,5979.3755,0.28299645,4,1,false,false,16.57279,2.9844565,11.972027,-0.8390682,3
40.760727,0.8623761,49.32757165093017,8.567700028058695,0,1,5986.3887,0.27834725,4,1,false,false,16.0503,3.0251591,11.726208,-0.8330894,3
40.801773,0.86252624,49.327566975312614,8.567706218899385,0,1,5995.846,0.2734072,4,1,false,false,16.062275,3.0697181,12.328647,-0.8270955,3
40.84356,0.86267656,49.32756238969785,8.56771227161539,0,1,6001.4277,0.26933897,4,1,false,false,16.307995,3.1535578,12.19603,-0.82107204,3
40.88786,0.862827,49.3275578039459,8.567718462456078,0,1,6001.1562,0.26730472,4,1,false,false,15.566919,3.307384,11.350994,-0.81508857,3
40.930923,0.8629777,49.32755321833114,8.567724790581787,0,1,5995.239,0.2675957,4,1,false,false,16.496195,3.1931927,13.005429,-0.8093297,3
40.974724,0.8631284,49.32754863271638,8.567731119127327,0,1,5996.844,0.27340722,4,1,false,false,15.384802,3.2411296,11.847963,-0.8036735,3
41.020638,0.86327934,49.32754413696721,8.567737447253036,0,1,5998.9014,0.27602214,4,1,false,false,13.804813,3.2005792,9.931586,-0.7985351,3
41.061035,0.86343044,49.327539641218046,8.567743913083596,0,1,6002.731,0.27950904,4,1,false,false,17.03789,2.7319095,13.231748,-0.79400694,3
41.10093,0.8635817,49.32753514546888,8.567750378914157,0,1,6013.27,0.29839534,4,1,false,false,14.810131,3.1785495,13.124277,-0.78916836,3
41.145947,0.8637332,49.3275307395853,8.567756844744718,0,1,6015.756,0.31088948,4,1,false,false,14.222253,2.9900393,10.765138,-0.7843347,3
41.182228,0.8638847,49.32752624383613,8.5677634478603,0,1,6029.3945,0.31641057,4,1,false,false,13.1863985,2.8104234,11.104962,-0.7793149,3
41.224327,0.8640365,49.32752183795256,8.567770051395712,0,1,6057.1045,0.32454708,4,1,false,false,14.7380495,3.3474984,11.507802,-0.77397144,3
41.273403,0.86418843,49.32751743220618,8.567776654931123,0,1,6027.7954,0.33064944,4,1,false,false,11.902407,3.006085,9.926867,-0.76904476,3
41.31815,0.8643406,49.3275131163254,8.567783395751556,0,1,6020.1123,0.3347171,4,1,false,false,11.399772,3.2562687,9.145528,-0.7647509,3
41.36105,0.864493,49.32750871044182,8.567790136571988,0,1,6064.6763,0.3512789,4,1,false,false,11.235735,2.6012414,8.318065,-0.7607369,3
41.397324,0.86464554,49.32750439456104,8.567796877812253,0,1,6084.521,0.38208038,4,1,false,false,10.870787,2.2010696,8.67683,-0.7568123,3
41.438988,0.8647982,49.32750007854305,8.567803618632686,0,1,6113.9126,0.4198553,4,1,false,false,10.901043,3.5161169,8.882419,-0.752501,3
41.485058,0.86495113,49.32749576266227,8.56781049715797,0,1,6109.0093,0.46402326,4,1,false,false,13.010182,1.9779267,10.690706,-0.7480794,3
41.511982,0.86510426,49.32749144678148,8.567817375683255,0,1,6122.1694,0.5087742,4,1,false,false,13.488466,1.5567151,10.545686,-0.7430993,3
41.521374,0.86525744,49.32748722076629,8.56782439191339,0,1,6239.6045,0.5349268,4,1,false,false,12.95275,0.7254753,8.205763,-0.7363287,3
41.56445,0.8654108,49.32748290488551,8.567831270438676,0,1,6311.047,0.5407384,4,1,false,false,17.340073,2.3091433,9.887638,-0.7281351,3
41.58945,0.8655643,49.3274787687359,8.56783828624898,0,1,6221.8813,0.53608847,4,1,false,false,16.809278,2.114963,19.37279,-0.7188618,3
41.62376,0.86571795,49.32747454272071,8.567845440183968,0,1,6208.601,0.51720124,4,1,false,false,15.556118,2.191456,12.004216,-0.7083779,3
41.659454,0.86587185,49.32747040670831,8.567852455994272,0,1,6274.296,0.4695447,4,1,false,false,14.697966,4.999734,11.84968,-0.69821435,3
41.717,0.86602587,49.3274662705587,8.567859609929261,0,1,6168.41,0.42799193,4,1,false,false,18.661634,3.5707486,17.47232,-0.6903176,3
41.76855,0.8661802,49.3274621344091,8.56786690114927,0,1,5996.76,0.40213,4,1,false,false,16.377722,3.845026,13.373751,-0.6841243,3
41.79504,0.8663347,49.32745808826229,8.567874192369278,0,1,6060.803,0.37888393,4,1,false,false,16.327986,1.2502118,12.575879,-0.6785154,3
41.80171,0.8664894,49.327454042115484,8.567881483589286,0,1,6216.2544,0.35505676,4,1,false,false,16.518406,1.2072951,13.233614,-0.6729306,3
41.82815,0.8666442,49.32744999596867,8.567888774809294,0,1,6235.964,0.33355427,4,1,false,false,17.681505,3.1596475,15.387316,-0.6668657,3
41.88098,0.86679906,49.32744603968745,8.567896203734154,0,1,6135.388,0.3076937,4,1,false,false,13.68709,4.1471887,11.181916,-0.6604146,3
41.93599,0.8669543,49.32744208340623,8.567903769944033,0,1,6091.718,0.27631325,4,1,false,false,12.471523,3.561753,9.319625,-0.6545291,3
41.979362,0.86710995,49.32743812712501,8.567911198868893,0,1,6128.5176,0.26149395,4,1,false,false,12.055466,2.9845595,8.47422,-0.6496951,3
42.02043,0.86726576,49.327434170843794,8.567918765078774,0,1,6138.883,0.2684682,4,1,false,false,10.870152,2.8840163,10.972454,-0.6461692,3
42.055534,0.86742175,49.32743030456537,8.567926331708486,0,1,6115.214,0.2981055,4,1,false,false,11.008649,2.6204345,10.241212,-0.6438305,3
42.085663,0.86757797,49.327426438286935,8.567933897918365,0,1,6157.3184,0.33355433,4,1,false,false,9.830766,2.1260695,7.8529224,-0.64156574,3
42.112038,0.86773443,49.32742257187131,8.567941601833098,0,1,6232.5,0.36842337,4,1,false,false,9.0259075,1.8717214,7.9666724,-0.63899124,3
42.116512,0.86789113,49.32741870559288,8.567949168042977,0,1,6249.015,0.40445417,4,1,false,false,14.934936,0.13576044,14.042974,-0.6354707,3
42.142593,0.86804783,49.327414929042845,8.56795687195771,0,1,6291.819,0.4358374,4,1,false,false,19.739191,2.9329824,19.351688,-0.62957263,3
42.18774,0.86820465,49.327411152630006,8.567964713577295,0,1,6288.425,0.415787,4,1,false,false,20.247309,3.6505654,19.215628,-0.62153536,3
42.23036,0.868362,49.327407376217174,8.567972417492026,0,1,6184.422,0.35476577,4,1,false,false,14.847977,2.3107033,18.762793,-0.613101,3
42.26316,0.86851954,49.32740368966993,8.56798025911161,0,1,6248.734,0.25684482,4,1,false,false,14.079354,3.8647027,12.655552,-0.60546803,3
42.301533,0.8686772,49.32740000312268,8.567988238436046,0,1,6309.7266,0.16909721,4,1,false,false,10.178088,1.8318107,8.5673685,-0.5999214,3
42.326145,0.86883503,49.32739631657544,8.567996079635797,0,1,6268.2305,0.13161542,4,1,false,false,7.109741,1.5093306,5.8328085,-0.5958936,3
42.340347,0.86899287,49.327392720030986,8.568004058960234,0,1,6380.2744,0.13335915,4,1,false,false,7.416127,1.0362791,5.2433524,-0.59198344,3
42.383938,0.8691506,49.32738903348374,8.568012037864838,0,1,6517.1914,0.17171168,4,1,false,false,7.5279784,3.5664973,6.2411623,-0.5878234,3
42.45708,0.8693085,49.32738543693928,8.568020017189273,0,1,6389.033,0.22372112,4,1,false,false,7.5404115,5.5512075,7.460863,-0.5838285,3
42.551434,0.8694668,49.32738184039483,8.568027996093877,0,1,6179.473,0.27921802,4,1,false,false,8.2624,5.4580116,8.314109,-0.5805824,3
42.611034,0.8696251,49.327378243850376,8.568036112703332,0,1,6129.4307,0.31466788,4,1,false,false,9.836233,3.1730454,9.02324,-0.57836026,3
42.63574,0.86978304,49.32737464730592,8.568044092027769,0,1,6241.726,0.3402376,4,1,false,false,14.209543,1.0456636,11.686017,-0.57608396,3
42.649544,0.869941,49.327371050487066,8.568052208637225,0,1,6336.22,0.34575862,4,1,false,false,14.175165,1.9385926,11.706128,-0.57245666,3
42.682774,0.870099,49.32736754394541,8.568060462531701,0,1,6334.37,0.3280338,4,1,false,false,12.5636635,2.8729599,10.322427,-0.56743276,3
42.73026,0.8702572,49.32736403712934,8.568068579560988,0,1,6307.772,0.29258457,4,1,false,false,10.301751,3.5051112,8.685839,-0.56149703,3
42.78368,0.87041545,49.327360530587676,8.568076833455464,0,1,6285.21,0.25655496,4,1,false,false,10.69035,3.4794486,9.711325,-0.55561894,3
42.83044,0.8705739,49.32735702377162,8.568085087769772,0,1,6255.0923,0.2335997,4,1,false,false,10.328859,3.1698215,9.375056,-0.55040556,3
42.872414,0.8707324,49.32735360695835,8.56809334208408,0,1,6262.1357,0.22459301,4,1,false,false,11.207958,2.8771837,9.919134,-0.5457573,3
42.90854,0.87089115,49.32735010041668,8.568101596398387,0,1,6286.529,0.22430196,4,1,false,false,11.663265,2.6010776,10.923154,-0.5413857,3
42.9459,0.8710498,49.32734668360341,8.568109987997715,0,1,6305.1206,0.22401214,4,1,false,false,11.110115,2.7675915,10.17042,-0.53698653,3
42.983826,0.8712086,49.32734335679293,8.568118380016875,0,1,6313.3545,0.21558516,4,1,false,false,10.957943,2.8441372,9.676219,-0.53254724,3
43.02413,0.8713676,49.32733993997966,8.568126771616202,0,1,6323.381,0.20454429,4,1,false,false,11.060504,2.9430182,9.970874,-0.52810025,3
43.065765,0.8715266,49.32733661316918,8.568135163635361,0,1,6326.904,0.19379331,4,1,false,false,10.957824,3.0202403,10.374568,-0.52364385,3
43.10762,0.8716857,49.3273332863587,8.568143692939541,0,1,6322.77,0.18246154,4,1,false,false,10.622483,2.9810977,10.004858,-0.51923585,3
43.148758,0.8718449,49.32732995954822,8.568152084538868,0,1,6328.934,0.16764392,4,1,false,false,10.312673,2.934493,9.349571,-0.51494604,3
43.1901,0.8720042,49.32732663246334,8.56816061426288,0,1,6340.5474,0.15398757,4,1,false,false,10.177289,3.0189915,9.3963175,-0.51088125,3
43.23302,0.8721637,49.327323395655654,8.56816914356706,0,1,6338.365,0.14294669,4,1,false,false,9.622683,3.0806441,9.372171,-0.50713474,3
43.27573,0.8723232,49.32732015884796,8.568177810576092,0,1,6332.515,0.13248733,4,1,false,false,9.907963,2.9514658,10.111398,-0.5037568,3
43.315903,0.8724828,49.32731692176588,8.56818633988027,0,1,6343.1704,0.1234806,4,1,false,false,9.887622,2.8325355,10.174937,-0.5005855,3
43.355553,0.8726425,49.327313684958185,8.568195006889303,0,1,6361.0776,0.11098592,4,1,false,false,8.991549,2.846316,8.983584,-0.49752268,3
43.39618,0.8728024,49.3273104478761,8.568203673478502,0,1,6368.3154,0.0926826,4,1,false,false,7.9937963,2.8056424,8.249409,-0.49466032,3
43.43931,0.8729623,49.327307300796804,8.568212340487534,0,1,6374.2524,0.07205366,4,1,false,false,7.6642523,3.1019566,8.615888,-0.49208808,3
43.484398,0.8731223,49.327304153717506,8.568221007496565,0,1,6373.908,0.05345826,4,1,false,false,7.190383,3.0165794,8.21679,-0.48989117,3
43.527393,0.87328243,49.32730091690981,8.568229674505597,0,1,6370.984,0.034283124,4,1,false,false,6.0934973,2.8298275,7.24787,-0.48812795,3
43.567734,0.8734427,49.327297769830516,8.568238478799648,0,1,6390.222,0.014236137,4,1,false,false,5.222946,2.6415029,6.65988,-0.4867438,3
43.606686,0.8736031,49.327294622751225,8.56824728351353,0,1,6419.5933,-1.3969839e-09,4,1,false,false,4.7803545,2.6338737,6.9249043,-0.48565745,3
43.64665,0.87376344,49.32729156567471,8.568255950522563,0,1,6435.622,-0.01016899,4,1,false,false,4.4147754,2.5821726,6.812691,-0.48480147,3
43.686104,0.87392396,49.327288418595415,8.568264754816614,0,1,6449.7495,-0.019175133,4,1,false,false,3.917098,2.6148827,6.7701545,-0.48407784,3
43.72595,0.87408453,49.32728527179052,8.568273559530498,0,1,6477.6763,-0.027310554,4,1,false,false,3.766717,2.6061788,7.0811195,-0.48341823,3
43.76916,0.87424535,49.327282124711225,8.568282501529401,0,1,6498.0117,-0.03747842,4,1,false,false,3.3588078,2.8613236,7.059481,-0.48279107,3
43.81674,0.8744061,49.32727906763472,8.568291306243284,0,1,6493.9937,-0.050553963,4,1,false,false,3.205642,3.1584156,7.1812544,-0.48226285,3
43.86784,0.874567,49.32727592055542,8.568300110537336,0,1,6480.882,-0.064499095,4,1,false,false,3.070507,3.2208593,7.538395,-0.4819021,3
43.91957,0.87472814,49.32727286347892,8.56830905253624,0,1,6471.8823,-0.08192943,4,1,false,false,2.8945844,3.2257247,8.671044,-0.4817502,3
43.968792,0.8748894,49.32726971639962,8.568317857250122,0,1,6466.0195,-0.1016854,4,1,false,false,2.4189456,3.0096521,9.04641,-0.48183748,3
44.016434,0.8750506,49.327266659323115,8.568326799249025,0,1,6469.527,-0.12434684,4,1,false,false,1.8811123,2.9378505,9.172042,-0.48219988,3
44.063522,0.875212,49.32726351224382,8.56833574124793,0,1,6476.8633,-0.15252808,4,1,false,false,1.2019662,2.9846594,8.771112,-0.48288292,3
44.112114,0.87537354,49.32726036516452,8.568344683246833,0,1,6477.115,-0.17925443,4,1,false,false,0.47008425,3.0150173,8.771764,-0.48395985,3
44.161,0.87553525,49.327257308088015,8.568353625665567,0,1,6469.8447,-0.20511109,4,1,false,false,-0.30660447,2.9910939,9.262261,-0.4854864,3
44.208714,0.87569696,49.32725416100872,8.56836256766447,0,1,6469.526,-0.22748041,4,1,false,false,-1.0049137,2.8835683,8.714182,-0.4874801,3
44.253513,0.8758588,49.327251103932205,8.568371509663375,0,1,6479.307,-0.2443299,4,1,false,false,-1.5982969,2.649428,8.606042,-0.48990145,3
44.2961,0.8760207,49.327247956852915,8.568380451662279,0,1,6496.417,-0.2556606,4,1,false,false,-2.2638113,2.5952506,8.312611,-0.49269822,3
44.339172,0.87618285,49.327244810048015,8.568389393661182,0,1,6513.887,-0.26379377,4,1,false,false,-3.18462,2.6638567,8.491,-0.49584976,3
44.38229,0.87634486,49.32724166296872,8.568398336079916,0,1,6522.015,-0.26902372,4,1,false,false,-3.5925002,2.6224725,8.368835,-0.49934608,3
44.42574,0.876507,49.32723851588942,8.568407278078821,0,1,6533.1206,-0.2730898,4,1,false,false,-4.2468796,2.6536546,8.583472,-0.5031375,3
44.468906,0.8766692,49.32723536881012,8.568416220077724,0,1,6547.246,-0.27483356,4,1,false,false,-5.27667,2.7145464,9.599663,-0.5072252,3
44.513844,0.87683165,49.327232221730824,8.56842529978148,0,1,6553.249,-0.276576,4,1,false,false,-5.9563084,2.795805,9.682932,-0.5116348,3
44.559364,0.87699395,49.32722898492314,8.568434241780382,0,1,6549.4893,-0.276867,4,1,false,false,-6.453854,2.8107843,9.116556,-0.5163153,3
44.605007,0.87715644,49.327225748115445,8.568443183779285,0,1,6549.917,-0.27686706,4,1,false,false,-7.22828,2.9147854,9.273513,-0.52116364,3
44.651226,0.877319,49.32722251103336,8.568452125778188,0,1,6549.084,-0.27454248,4,1,false,false,-7.1853786,2.8690116,9.0259285,-0.526033,3
44.695957,0.8774817,49.32721927422567,8.568461068196925,0,1,6542.667,-0.2739617,4,1,false,false,-7.02941,2.7997823,7.5054054,-0.53069144,3
44.739014,0.8776443,49.327216037143586,8.568470010195828,0,1,6546.513,-0.27744797,4,1,false,false,-8.074777,2.6530354,8.11427,-0.53502804,3
44.77777,0.87780696,49.3272127103331,8.56847895219473,0,1,6561.6123,-0.285872,4,1,false,false,-8.338107,2.3128994,8.921035,-0.53924143,3
44.812607,0.8779697,49.32720938352262,8.568487894193634,0,1,6586.3237,-0.29778358,4,1,false,false,-8.733786,2.22247,8.74021,-0.5436035,3
44.84452,0.8781325,49.32720605671214,8.568496836192537,0,1,6618.883,-0.30795154,4,1,false,false,-8.807316,2.1819615,8.31567,-0.5483875,3
44.88309,0.8782952,49.32720272962727,8.568505640906421,0,1,6644.2324,-0.31027502,4,1,false,false,-9.878801,2.5244327,9.017329,-0.55371267,3
44.92605,0.87845784,49.32719931308839,8.568514582905324,0,1,6634.722,-0.30678988,4,1,false,false,-10.59104,2.9941301,9.449378,-0.5594922,3
44.971886,0.87862056,49.32719589627512,8.568523524904228,0,1,6611.1543,-0.30185077,4,1,false,false,-10.712865,2.9889317,9.3548,-0.565456,3
45.015377,0.87878346,49.32719247946185,8.568532329618112,0,1,6603.206,-0.29458845,4,1,false,false,-11.145576,2.8330042,9.4527445,-0.5713314,3
45.056103,0.8789463,49.327188972645786,8.568541271617015,0,1,6608.217,-0.28529128,4,1,false,false,-11.917538,2.7201765,9.998194,-0.57700527,3
45.094673,0.8791091,49.327185466104126,8.568550076330897,0,1,6607.654,-0.27483347,4,1,false,false,-11.918756,2.6223388,9.403518,-0.58241177,3
45.13221,0.879272,49.32718195928806,8.56855888062495,0,1,6610.4795,-0.26437572,4,1,false,false,-11.727589,2.5686839,9.049783,-0.5875595,3
45.168404,0.879435,49.3271784527464,8.568567685338833,0,1,6623.3135,-0.25420785,4,1,false,false,-12.327254,2.503573,10.31552,-0.59253454,3
45.202972,0.8795985,49.32717485620194,8.568576489632884,0,1,6634.0806,-0.24636349,4,1,false,false,-13.703096,2.4519708,11.962229,-0.59756297,3
45.23798,0.87976253,49.3271711696547,8.568585294346768,0,1,6640.2593,-0.23561478,4,1,false,false,-12.992924,2.5240295,10.536971,-0.60286975,3
45.273754,0.87992674,49.327167573110245,8.568593961355798,0,1,6649.6855,-0.21818332,4,1,false,false,-12.41802,2.5725105,10.182318,-0.6083578,3
45.312572,0.880091,49.327163886563,8.568602765649851,0,1,6655.4336,-0.2016237,4,1,false,false,-13.007435,2.880352,10.908871,-0.61381346,3
45.354553,0.88025546,49.327160200015754,8.568611432658882,0,1,6639.0107,-0.18680899,4,1,false,false,-13.68737,2.9230146,11.652404,-0.6189226,3
45.394466,0.88042,49.327156423465716,8.568620099667914,0,1,6620.2573,-0.17693093,4,1,false,false,-13.465484,2.784635,11.411334,-0.62351614,3
45.431705,0.8805848,49.32715264719008,8.568628766676945,0,1,6631.727,-0.1708303,4,1,false,false,-13.055932,2.6269946,11.195457,-0.6277214,3
45.468166,0.88074964,49.327148870640045,8.568637433266145,0,1,6646.236,-0.16850568,4,1,false,false,-12.2365265,2.5979128,10.046581,-0.63154167,3
45.505764,0.8809146,49.32714500436162,8.568646100275176,0,1,6644.59,-0.17141107,4,1,false,false,-11.9902935,2.6549513,10.149205,-0.6349176,3
45.544098,0.8810797,49.32714113808319,8.568654629579356,0,1,6642.784,-0.18041617,4,1,false,false,-11.39098,2.589255,9.734481,-0.63793963,3
45.581024,0.88124496,49.32713727153036,8.568663296588387,0,1,6652.593,-0.19494218,4,1,false,false,-11.475914,2.4762173,10.227598,-0.6407541,3
45.615494,0.8814103,49.32713331524914,8.568671825892567,0,1,6668.6885,-0.21237355,4,1,false,false,-11.173855,2.305448,10.152448,-0.6436312,3
45.649685,0.88157576,49.32712935924232,8.568680355616578,0,1,6687.3237,-0.23212841,4,1,false,false,-10.923388,2.3554146,9.729171,-0.64681613,3
45.68674,0.8817414,49.3271254029611,8.568688884920757,0,1,6701.6646,-0.25013965,4,1,false,false,-9.966927,2.612214,9.031161,-0.6503405,3
45.726715,0.8819071,49.32712144667988,8.568697414224937,0,1,6701.023,-0.26553747,4,1,false,false,-10.112348,2.63624,8.607613,-0.6539535,3
45.767483,0.882073,49.32711740039587,8.568705943529118,0,1,6694.637,-0.28209597,4,1,false,false,-11.21656,2.6690655,10.459297,-0.65761536,3
45.805595,0.882239,49.32711335438626,8.568714335548277,0,1,6695.6514,-0.30737072,4,1,false,false,-11.584647,2.454345,10.498452,-0.6614705,3
45.8402,0.88240516,49.32710930810225,8.568722864852456,0,1,6709.5293,-0.32828617,4,1,false,false,-11.798459,2.280219,10.380765,-0.66568375,3
45.8738,0.8825714,49.32710517208985,8.568731256451784,0,1,6731.373,-0.34513557,4,1,false,false,-12.146119,2.3623004,10.320568,-0.6704476,3
45.91109,0.88273776,49.32710103580305,8.568739648470943,0,1,6738.196,-0.3608222,4,1,false,false,-12.643131,2.6056392,10.324749,-0.6756873,3
45.94973,0.88290435,49.32709689979065,8.568748040070272,0,1,6723.2134,-0.3727326,4,1,false,false,-12.194804,2.6821036,9.674714,-0.68114686,3
45.988564,0.883071,49.327092763778246,8.568756432089431,0,1,6719.027,-0.38173768,4,1,false,false,-11.821002,2.5737853,8.873371,-0.68657774,3
46.024166,0.88323784,49.32708853776305,8.568764823688758,0,1,6728.3857,-0.3875484,4,1,false,false,-12.428887,2.3750496,9.26178,-0.69183344,3
46.057175,0.88340473,49.32708431174786,8.568773078003066,0,1,6738.4355,-0.3945199,4,1,false,false,-12.692006,2.264942,9.62786,-0.69703007,3
46.08787,0.8835719,49.327079995729875,8.568781469602394,0,1,6752.109,-0.39945894,4,1,false,false,-12.281177,2.1569586,8.938839,-0.7023644,3
46.118286,0.8837391,49.32707567998629,8.568789723916701,0,1,6774.923,-0.3997488,4,1,false,false,-11.89315,2.1932333,7.9347997,-0.7079681,3
46.150257,0.8839064,49.3270713639683,8.568797978231009,0,1,6791.1743,-0.39858705,4,1,false,false,-11.498214,2.2781413,7.5808177,-0.7137613,3
46.184155,0.88407385,49.32706704795032,8.568806232545317,0,1,6792.936,-0.39974883,4,1,false,false,-11.663048,2.4118283,7.932952,-0.7195728,3
46.217724,0.88424146,49.32706264220394,8.568814486859624,0,1,6794.8896,-0.403525,4,1,false,false,-11.824412,2.2988536,7.997017,-0.7253679,3
46.247814,0.8844092,49.32705823645757,8.56882260346908,0,1,6808.698,-0.4070113,4,1,false,false,-13.03606,2.123351,9.218871,-0.7313178,3
46.27557,0.88457704,49.32705383043679,8.568830720078536,0,1,6829.5796,-0.40875378,4,1,false,false,-13.6871195,2.1088383,8.791554,-0.7377777,3
46.304714,0.88474494,49.327049424690415,8.568838974392843,0,1,6842.1455,-0.4055586,4,1,false,false,-13.153057,2.2454193,7.9721546,-0.744758,3
46.33656,0.8849131,49.32704492894125,8.568846953297447,0,1,6843.518,-0.39800614,4,1,false,false,-13.599792,2.5169773,8.905665,-0.7519911,3
46.371223,0.88508135,49.32704034318929,8.568855069906904,0,1,6835.041,-0.38754848,4,1,false,false,-15.156147,2.7069178,10.402482,-0.7592523,3
46.40319,0.88524973,49.32703584744012,8.56886318651636,0,1,6817.4077,-0.37883326,4,1,false,false,-16.468845,2.4347491,10.775267,-0.7664176,3
46.43043,0.88541824,49.32703126196256,8.568871165840795,0,1,6819.5913,-0.37127987,4,1,false,false,-16.38613,2.2316282,9.997544,-0.7736301,3
46.455444,0.8855869,49.3270266762106,8.568879144745399,0,1,6840.7495,-0.36488926,4,1,false,false,-16.769207,2.237627,10.683058,-0.7809389,3
46.48238,0.8857557,49.32702200073025,8.568886986364983,0,1,6844.3696,-0.35907966,4,1,false,false,-16.629612,2.470578,10.267809,-0.78821903,3
46.51294,0.88592464,49.3270173249755,8.568894965269587,0,1,6829.0215,-0.35414058,4,1,false,false,-15.537956,2.5988917,8.994394,-0.7951323,3
46.54404,0.88609356,49.32701255949236,8.56890280688917,0.0061956397,1,6823.829,-0.35297883,4,1,false,false,-15.248988,2.545886,8.523242,-0.8013828,3
46.57109,0.88626283,49.32700779400922,8.568910648508755,0.015489097,1,6829.776,-0.36140296,4,1,false,false,-16.809198,2.117616,9.079805,-0.80693966,3
46.59241,0.8864322,49.32700302852608,8.568918352423486,0.023948528,0.9933417,6833.849,-0.37825248,4,1,false,false,-14.966613,1.8543892,8.557384,-0.8122469,3
46.601337,0.8866015,49.32699826304294,8.568926056338219,0.03205052,0.9171393,6856.7935,-0.39074373,4,1,false,false,-14.844463,1.0129929,8.36166,-0.81762725,3
46.61176,0.8867709,49.326993407557005,8.56893376025295,0.039437633,0.8389644,6905.023,-0.399459,4,1,false,false,-16.668423,1.4218919,9.846767,-0.8234891,3
46.62792,0.88694054,49.32698855234547,8.568941464167683,0.04658645,0.7415536,6880.632,-0.40149134,4,1,false,false,-16.920944,1.5916363,10.229236,-0.8298287,3
46.64265,0.8871101,49.32698360685675,8.568949168082415,0.05421185,0.64586926,6805.583,-0.3948109,4,1,false,false,-14.046881,1.5938413,8.095791,-0.83655477,3
46.65268,0.88727987,49.32697866164242,8.568956734712126,0.064815916,0.5178793,6773.5957,-0.3759278,4,1,false,false,-14.00929,0.94998765,7.335784,-0.8431413,3
46.64863,0.8874495,49.3269737164281,8.568964163217155,0.07637315,0.41602963,6742.401,-0.36169395,4,1,false,false,-14.702625,-0.037991486,8.105586,-0.8489577,3
46.62467,0.8876193,49.326968770939374,8.568971729846867,0.08828785,0.33538842,6691.726,-0.356755,4,1,false,false,-15.987673,-1.1543688,9.294882,-0.8538875,3
46.584435,0.887789,49.32696373572226,8.568979158351896,0.10425353,0.24932185,6654.6987,-0.3573358,4,1,false,false,-15.798918,-2.090459,9.094922,-0.85854894,3
46.53226,0.88795847,49.326958700505145,8.568986587276756,0.12474683,0.1765721,6636.341,-0.3526878,4,1,false,false,-14.200362,-2.7175639,7.5786963,-0.8634308,3
46.473724,0.88812774,49.32695366528803,8.568993878496764,0.14690812,0.11418001,6604.74,-0.34048757,4,1,false,false,-13.349034,-3.145028,7.0685835,-0.8684706,3
46.40473,0.888297,49.326948630070916,8.569001307421624,0.17967355,0.05450061,6534.1533,-0.32654348,4,1,false,false,-14.345214,-3.91957,8.672401,-0.8734707,3
46.317924,0.8884659,49.32694350485101,8.56900846093678,0.20362209,0.024660908,6438.5156,-0.3175374,4,1,false,false,-17.116941,-4.9022655,11.163817,-0.878674,3
46.22152,0.8886345,49.32693846963389,8.569015752156789,0.23078758,9.313226e-10,6334.743,-0.31143662,4,1,false,false,-17.453922,-5.0526047,9.930626,-0.8846969,3
46.124554,0.88880277,49.32693334441399,8.569022768386924,0.25509354,0,6361.988,-0.29865545,4,1,false,false,-13.188062,-5.691769,6.9688687,-0.89155114,3
46.004303,0.8889716,49.32692821919408,8.56902992190208,0.27737394,0,6476.953,-0.27599514,4,1,false,false,-13.433868,-7.3519945,7.7321563,-0.8982519,3
45.87125,0.8891399,49.32692309424857,8.569036938132218,0.29512683,0,6412.838,-0.25217432,4,1,false,false,-15.407208,-7.2188764,9.6283865,-0.9043701,3
45.743763,0.8893077,49.32691796902866,8.569043816657501,0.3078756,0,6345.6484,-0.2361956,4,1,false,false,-14.628783,-6.7549305,8.6059675,-0.9098253,3
45.616734,0.88947487,49.32691275380596,8.569050832887637,0.31228408,0,6334.631,-0.22922418,4,1,false,false,-14.379251,-7.295871,9.69139,-0.9151335,3
45.479733,0.8896406,49.32690762886046,8.56905757370807,0.31228405,0,6272.356,-0.23067576,4,1,false,false,-15.212368,-7.602605,9.021478,-0.9211765,3
45.35277,0.88980603,49.32690241363776,8.569064314528502,0.30787557,0,6213.1035,-0.23503387,4,1,false,false,-12.361901,-6.389139,6.5277877,-0.9279695,3
45.241676,0.88997084,49.32689728869225,8.569071055768767,0.30048844,0,6199.977,-0.2414245,4,1,false,false,-12.069593,-6.6594486,6.302821,-0.93468314,3
45.09874,0.8901351,49.32689207346956,8.5690777965892,0.2933397,0,6175.1133,-0.25595042,4,1,false,false,-15.658517,-8.8796835,9.791934,-0.9412092,3
44.919422,0.8902978,49.32688694824965,8.569084400124613,0.28666744,0,6173.6177,-0.28064322,4,1,false,false,-21.965336,-9.956207,16.194185,-0.94825846,3
44.75248,0.8904598,49.32688173330135,8.569090865955173,0.28392714,0,6172.4985,-0.3163756,4,1,false,false,-21.474064,-7.98596,12.517723,-0.95713335,3
44.623447,0.89062124,49.326876518078656,8.569097331785734,0.28392708,0,6100.9946,-0.3422302,4,1,false,false,-17.728024,-6.2465425,9.915639,-0.96777415,3
44.496384,0.8907822,49.32687130313035,8.569103659911443,0.28619087,0,6052.1543,-0.34397268,4,1,false,false,-18.77989,-7.314095,9.756296,-0.97850394,3
44.33437,0.89094186,49.326865998179265,8.569109988037152,0.28845465,0,6117.4233,-0.3361294,4,1,false,false,-20.859533,-8.841143,10.514138,-0.9880584,3
44.174927,0.89110094,49.326860782956565,8.56911617887784,0.2910759,0,6201.225,-0.32944787,4,1,false,false,-19.065365,-7.6568456,9.389144,-0.9960394,3
44.051464,0.8912595,49.32685556800827,8.569122232013676,0.2916717,0,6162.3633,-0.32886705,4,1,false,false,-16.40276,-5.700502,9.015524,-1.002795,3
43.940006,0.8914177,49.32685026305718,8.569128285149514,0.28797805,0,6061.465,-0.328867,4,1,false,false,-16.704517,-6.058062,9.230818,-1.0089755,3
43.805412,0.89157504,49.326844958106086,8.56913433828535,0.27832714,0,5968.116,-0.32857713,4,1,false,false,-17.922125,-7.591889,10.570054,-1.0152724,3
43.653866,0.8917318,49.326839653155,8.569140253716336,0.26283813,0,5962.7124,-0.33119154,4,1,false,false,-18.227377,-7.8459044,9.801127,-1.0226308,3
43.517883,0.8918881,49.32683434820391,8.569146031442468,0.2418682,0,5958.6943,-0.33758217,4,1,false,false,-16.358183,-6.4931054,8.188998,-1.0310674,3
43.402493,0.89204395,49.326829042978424,8.569151809588433,0.2156559,0,5888.244,-0.33932468,4,1,false,false,-15.824131,-5.9165807,7.1332273,-1.0400244,3
43.27364,0.89219934,49.32682373802733,8.569157587314566,0.17752886,0,5862.982,-0.33409584,4,1,false,false,-17.460035,-7.0219426,8.03877,-1.0490011,3
43.134876,0.89235425,49.32681843307624,8.569163227755679,0.14643154,0,5935.436,-0.32538062,4,1,false,false,-18.232885,-6.939514,9.1369095,-1.057576,3
43.00979,0.89250875,49.32681312812515,8.569168730911773,0.1153342,0,5973.4146,-0.31492293,4,1,false,false,-17.43374,-5.5847116,9.244397,-1.065622,3
42.910213,0.89266294,49.32680773317127,8.569174233648033,0.08745381,0,5922.266,-0.29720286,4,1,false,false,-17.664774,-4.394677,8.770051,-1.0734333,3
42.817566,0.8928168,49.326802428220184,8.569179736384294,0.06159894,0,5878.9424,-0.27483353,4,1,false,false,-17.46231,-4.3573084,8.318179,-1.0812566,3
42.725063,0.8929704,49.3267970332663,8.569185101415703,0.038246166,0,5907.3657,-0.25101152,4,1,false,false,-16.825977,-4.2176366,7.846167,-1.0889192,3
42.63136,0.89312387,49.326791728315214,8.569190329162094,0.014297631,0,5943.7935,-0.22370318,4,1,false,false,-18.560259,-4.390415,9.740924,-1.0962865,3
42.53504,0.89327705,49.32678633336133,8.569195556908483,0,0,5950.263,-0.20278767,4,1,false,false,-20.217165,-4.0319576,11.549002,-1.1037192,3
42.452003,0.89343,49.32678093868185,8.569200784654871,0,0,5956.9395,-0.1862281,4,1,false,false,-18.768213,-3.1667936,9.034468,-1.1113666,3
42.38473,0.89358294,49.326775453725176,8.56920587469641,0,0,5968.201,-0.17925438,4,1,false,false,-16.67485,-2.5308442,7.7932568,-1.1187747,3
42.318344,0.8937358,49.326770058771295,8.569210827452926,0,0,5965.368,-0.1807071,4,1,false,false,-19.092196,-2.743812,9.889101,-1.1256571,3
42.244663,0.89388853,49.326764574089026,8.569215779789612,0,0,5962.847,-0.19232771,4,1,false,false,-22.546885,-2.8035872,12.451319,-1.1324031,3
42.165356,0.8940412,49.326759179135145,8.569220594841278,0,0,5973.587,-0.20714468,4,1,false,false,-24.764696,-2.7321346,13.663477,-1.139224,3
42.09575,0.89419377,49.32675369445287,8.569225409892944,0,0,5972.9077,-0.21005017,4,1,false,false,-22.264463,-2.1783907,11.613957,-1.1463484,3
42.034996,0.89434636,49.32674811949341,8.569230087239756,0,0,5954.92,-0.1908761,4,1,false,false,-20.559608,-2.1486042,9.949391,-1.1536291,3
41.97279,0.8944989,49.32674263481113,8.56923476458657,0,0,5940.949,-0.16618228,4,1,false,false,-21.045033,-2.342074,11.187123,-1.1603838,3
41.904987,0.89465135,49.32673706012607,8.569239304228532,0,0,5946.493,-0.15630421,4,1,false,false,-22.805965,-2.4848466,12.636981,-1.1663116,3
41.83961,0.8948039,49.3267315751694,8.569243706585473,0,0,5955.94,-0.16763498,4,1,false,false,-21.922945,-2.3477716,12.139007,-1.1716365,3
41.783913,0.89495647,49.326726000484335,8.569248108942416,0,0,5948.1035,-0.19407144,4,1,false,false,-19.450575,-1.9180976,10.082937,-1.1766973,3
41.732914,0.8951091,49.32672033579648,8.569252511299357,0,0,5930.9434,-0.22660974,4,1,false,false,-18.878916,-1.9736137,9.726358,-1.1815866,3
41.67944,0.89526176,49.32671476111142,8.569256638246594,0,0,5920.9453,-0.2649566,4,1,false,false,-20.048956,-2.215803,10.922806,-1.1861774,3
41.621983,0.8954146,49.326709186426356,8.569260902898685,0,0,5924.96,-0.31957102,4,1,false,false,-21.16905,-2.30792,12.171176,-1.1905224,3
41.56703,0.8955675,49.3267035217385,8.569264892560902,0,0,5928.2134,-0.3733135,4,1,false,false,-20.285189,-2.2067714,11.096338,-1.1949277,3
41.51478,0.8957205,49.32669785705065,8.569269019508141,0,0,5918.5127,-0.42995924,4,1,false,false,-20.073605,-2.1579,10.934117,-1.1996653,3
41.462852,0.89587355,49.32669219236279,8.569272871465506,0.026569761,0,5907.055,-0.4805052,4,1,false,false,-20.471373,-2.2644281,11.795976,-1.2048273,3
41.404346,0.8960267,49.326686527949335,8.569276723422872,0.052782077,0,5900.7617,-0.5205925,4,1,false,false,-21.481176,-2.7867208,12.000712,-1.2103711,3
41.3405,0.89618003,49.32668086326148,8.569280575380239,0.07315619,0,5892.1943,-0.5563217,4,1,false,false,-20.265125,-3.048024,10.745063,-1.216143,3
41.27463,0.8963335,49.326675198573625,8.569284290052584,0.09638985,0,5876.266,-0.5815919,4,1,false,false,-19.509554,-3.2901468,10.731018,-1.2219595,3
41.20417,0.89648706,49.32666944388298,8.569287866600247,0.1171214,0,5856.6504,-0.5993119,4,1,false,false,-19.84585,-3.7143965,11.611546,-1.2278289,3
41.123566,0.89664054,49.32666377946952,8.56929144356774,0.1358275,0,5837.2397,-0.61325485,4,1,false,false,-20.395948,-4.284838,11.722677,-1.2339691,3
41.039047,0.8967941,49.32665802477888,8.569294882830382,0.1535804,0,5823.472,-0.62109697,4,1,false,false,-19.21816,-4.4244857,10.81732,-1.2405514,3
40.954224,0.89694756,49.32665227036263,8.569298322093026,0.159776,0,5802.767,-0.62138677,4,1,false,false,-18.137897,-4.5294056,9.983966,-1.2477057,3
40.868122,0.897101,49.326646605674775,8.569301623650816,0.15918028,0,5771.918,-0.61790186,4,1,false,false,-17.675554,-4.715524,9.739132,-1.2554262,3
40.775524,0.8972543,49.32664085098413,8.569304925628437,0.1517932,0,5752.3145,-0.61470526,4,1,false,false,-17.704857,-5.083272,9.713087,-1.2635332,3
40.681416,0.89740753,49.326635096567884,8.569308089481376,0.13856782,0,5749.5605,-0.6152861,4,1,false,false,-17.683048,-5.07385,10.032565,-1.271857,3
40.58645,0.89755964,49.326629341877236,8.569311253754146,0.11855115,0,5738.7764,-0.6193532,4,1,false,false,-18.423056,-5.037568,11.009749,-1.2804945,3
40.494347,0.8977115,49.32662367718938,8.569314280322065,0.093649454,0,5720.0176,-0.62429225,4,1,false,false,-19.306,-4.727978,11.465041,-1.2897052,3
40.406963,0.89786327,49.32661792277313,8.569317306889983,0.06040747,0,5706.07,-0.6286483,4,1,false,false,-19.915628,-4.399998,11.181162,-1.2997296,3
40.323673,0.8980149,49.32661216808249,8.56932019575305,0.033718564,0,5704.8975,-0.62893933,4,1,false,false,-20.43693,-3.9765103,11.654587,-1.3105329,3
40.246853,0.898166,49.32660641366624,8.569322947331097,0.009889193,0,5709.24,-0.6251641,4,1,false,false,-20.551868,-3.5143702,10.825002,-1.3218708,3
40.178642,0.8983167,49.32660065897559,8.569325698489312,2.3283064e-10,0,5710.56,-0.61848265,4,1,false,false,-20.000212,-2.8702483,10.772084,-1.3332849,3
40.115425,0.89846724,49.32659490455935,8.569328312362506,0,0,5708.7476,-0.6129638,4,1,false,false,-21.38827,-2.6606846,11.643681,-1.3442473,3
40.05288,0.8986178,49.3265891498687,8.5693309262357,0,0,5703.3066,-0.61615825,4,1,false,false,-21.76465,-2.5693364,11.624183,-1.3547757,3
39.990562,0.8987681,49.32658330544967,8.569333402404043,0,0,5697.196,-0.62313074,4,1,false,false,-21.960732,-2.4688861,11.63278,-1.3649329,3
39.92981,0.8989181,49.32657755075902,8.569335878992218,0,0,5689.6436,-0.6327154,4,1,false,false,-21.590258,-2.432171,11.620283,-1.3750017,3
39.870693,0.899068,49.326571796342776,8.569338217455709,0,0,5679.2783,-0.64055747,4,1,false,false,-21.171553,-2.3423498,10.750868,-1.3851019,3
39.809647,0.8992177,49.32656604165213,8.56934041863418,0,0,5667.922,-0.64578646,4,1,false,false,-21.630129,-2.415235,10.4803915,-1.3951429,3
39.74729,0.8993674,49.32656019723309,8.56934261981265,0,0,5658.4243,-0.6562442,4,1,false,false,-21.798903,-2.4083261,11.232745,-1.4051898,3
39.684727,0.89951694,49.32655444281684,8.56934468328627,0,0,5651.802,-0.66350543,4,1,false,false,-21.736452,-2.3759677,11.534796,-1.4152089,3
39.62194,0.89966637,49.32654859812341,8.569346609474868,0,0,5642.868,-0.66466707,4,1,false,false,-22.04142,-2.3445132,11.624762,-1.4252207,3
39.557972,0.89981556,49.32654284370716,8.569348535243636,0,0,5628.872,-0.6637953,4,1,false,false,-23.505707,-2.4626398,11.891209,-1.4354206,3
39.49176,0.89996463,49.32653699928812,8.569350323727383,0,0,5621.1587,-0.66001916,4,1,false,false,-23.552872,-2.4562345,12.626244,-1.4459078,3
39.425617,0.90011376,49.326531244597476,8.56935211221113,0,0,5617.262,-0.65217716,4,1,false,false,-22.903534,-2.4106338,12.015467,-1.4565984,3
39.360085,0.9002628,49.32652540017844,8.569353762990024,0,0,5607.0923,-0.6376534,4,1,false,false,-22.743319,-2.372219,11.449892,-1.4672003,3
39.29487,0.90041167,49.3265195557594,8.569355276483899,0,0,5593.765,-0.6234204,4,1,false,false,-22.950472,-2.3160577,11.712601,-1.4774233,3
39.22934,0.9005603,49.32651380106876,8.569356789557943,0,0,5585.367,-0.6161581,4,1,false,false,-23.3402,-2.3366165,12.083403,-1.487257,3
39.16238,0.90070885,49.32650795664971,8.569358165346966,0,0,5578.8525,-0.6141246,4,1,false,false,-24.274239,-2.365728,13.237201,-1.4968154,3
39.095165,0.90085775,49.32650220223347,8.569359403431138,0,0,5570.4414,-0.61354476,4,1,false,false,-24.306576,-2.3286743,12.695147,-1.506376,3
39.02954,0.9010064,49.32649635754003,8.569360641515308,0,0,5560.4624,-0.61122125,4,1,false,false,-23.650038,-2.2633343,11.947526,-1.5161316,3
38.964912,0.9011549,49.32649060312379,8.56936174231446,0,0,5549.91,-0.6057013,4,1,false,false,-22.859203,-2.255833,11.366277,-1.5260471,3
38.901306,0.9013031,49.32648475870475,8.569362704988928,0,0,5539.4683,-0.60018253,4,1,false,false,-22.630903,-2.26365,11.5732355,-1.5358952,3
38.83591,0.90145165,49.326479004014104,8.569363668083227,0,0,5528.07,-0.59844,4,1,false,false,-24.039227,-2.2880678,12.508306,-1.5455418,3
38.769463,0.9016003,49.32647324959785,8.569364493472674,0,0,5520.774,-0.6019252,4,1,false,false,-23.472174,-2.305217,12.154124,-1.5550554,3
38.704903,0.90174866,49.32646740490442,8.569365181577103,0,0,5515.86,-0.6042488,4,1,false,false,-22.49219,-2.2417085,11.4234495,-1.5643078,3
38.643234,0.90189683,49.32646165048817,8.569365869261699,0,0,5506.489,-0.60570145,4,1,false,false,-21.404755,-2.1213708,10.810804,-1.5732775,3
38.588978,0.90204483,49.32645589579753,8.569366419661273,0,0.77,5757.627,-0.60947764,0,1,false,false,-21.798008,-1.5877049,11.164406,-1.5820326,3
38.53774,0.9021936,49.32645014138128,8.569366969641017,0,0.77,6194.559,-0.6164492,0,1,false,false,-22.10365,-1.5044755,11.390231,-1.5906291,3
38.487717,0.9023421,49.326444296962244,8.569367382335741,0,0,6461.8364,-0.6251641,0,1,false,false,-22.299568,-1.4839694,11.800501,-1.5991348,3
38.43451,0.9024903,49.326438542271596,8.569367657745445,0.0032169665,0,6423.5054,-0.6359106,3,1,false,false,-21.990265,-2.3999512,11.137524,-1.607739,3
38.331696,0.9026382,49.326432787855346,8.569367932735316,0.017276302,0,6723.652,-0.64607733,3,1,false,false,-20.859316,-5.873348,10.776623,-1.6163839,3
38.21309,0.90278625,49.32642712316749,8.569368070440168,0.02883355,0,6895.518,-0.65333873,3,1,false,false,-21.657923,-5.0425534,11.86279,-1.6249883,3
38.128716,0.90293413,49.32642136847685,8.569368070440168,0.03824616,0,6812.5264,-0.65827763,3,1,false,false,-22.650303,-2.7093902,12.230405,-1.6338539,3
38.063015,0.90308166,49.326415703788996,8.569368070440168,0.045394965,0,6697.4663,-0.6576959,3,1,false,false,-22.632177,-2.3360636,12.061561,-1.6430792,3
37.9925,0.90322876,49.326409949372746,8.569368070440168,0.046586454,0,6661.345,-0.6524669,3,1,false,false,-21.910803,-3.2106621,11.332437,-1.6524261,3
37.906265,0.9033753,49.32640428468489,8.569367795030464,0.04384607,0,6701.475,-0.6492715,3,1,false,false,-21.490908,-3.9586222,11.1037855,-1.6616447,3
37.816353,0.90351987,49.326398619997036,8.569367520040593,0.03943763,0,6718.313,-0.6483997,3,1,false,false,-22.116114,-3.806192,11.961318,-1.6707399,3
37.733692,0.903664,49.32639295530918,8.56936724505072,0.03205051,0,6689.9805,-0.64898163,3,1,false,false,-22.118368,-3.294562,11.74726,-1.6799037,3
37.656174,0.9038076,49.326387290895724,8.569366832355998,0.02168474,0,6656.247,-0.64956254,3,1,false,false,-22.320602,-3.1799452,11.84307,-1.6892385,3
37.578503,0.90395087,49.326381715936265,8.569366281956421,0.008816874,0,6641.816,-0.6495626,3,1,false,false,-22.195591,-3.2163255,11.735965,-1.698864,3
37.501896,0.90409344,49.32637605152281,8.569365731556847,0,0,6638.995,-0.6495626,3,1,false,false,-21.529804,-3.077784,11.373157,-1.7088314,3
37.429096,0.90423536,49.32637047656335,8.569365043872251,0,0,6631.7676,-0.6478199,3,1,false,false,-20.719345,-2.8096619,10.694266,-1.7189012,3
37.360153,0.9043768,49.32636490187828,8.569364218482804,0,0,6617.061,-0.6469492,3,1,false,false,-19.814497,-2.63243,10.211313,-1.7287791,3
37.294804,0.904518,49.32635932719322,8.569363393093356,0,0,6601.541,-0.6504333,3,1,false,false,-18.052902,-2.577714,8.936895,-1.7381189,3
37.22756,0.9046588,49.326353752508155,8.569362567703907,0,0,6589.9995,-0.66059995,3,1,false,false,-20.417332,-2.664114,10.443925,-1.7467378,3
37.16082,0.9047987,49.32634826755148,8.569361604609607,0,0,6582.035,-0.6826761,3,1,false,false,-18.422525,-2.569151,9.23463,-1.75505,3
37.099495,0.9049382,49.32634269286642,8.569360641515308,0,0,6572.4365,-0.7035895,3,1,false,false,-16.23248,-2.327705,7.854077,-1.7629538,3
37.041607,0.90507734,49.32633720818414,8.56935954113599,0,0,6552.282,-0.72653514,3,1,false,false,-15.48303,-2.2300384,7.422051,-1.7705041,3
36.98518,0.9052162,49.326331723227476,8.569358303051818,0,0,6527.09,-0.75761396,3,1,false,false,-15.22845,-2.3820004,7.2820764,-1.7779427,3
36.92367,0.9053546,49.3263262385452,8.569357202252666,0,0,6511.062,-0.79769784,3,1,false,false,-16.604294,-2.4861345,8.337869,-1.7852727,3
36.860947,0.90549225,49.32632075358853,8.569355826463644,0,0,6509.143,-0.8421365,3,1,false,false,-17.556606,-2.5546572,9.499339,-1.7929871,3
36.79673,0.9056296,49.32631535890905,8.569354588379472,0,0,6500.3247,-0.8700199,3,1,false,false,-18.276857,-2.569419,9.5927925,-1.8017217,3
36.73276,0.9057665,49.326309873952376,8.569353212590448,0,0.06609125,6486.4243,-0.8839617,3,1,false,false,-17.595871,-2.513418,8.697571,-1.8116173,3
36.67001,0.90590304,49.326304478998495,8.569351699516405,0,0.15635018,6505.026,-0.88367057,3,1,false,false,-16.901665,-2.3857584,7.920392,-1.8221215,3
36.610764,0.90603924,49.32629908431901,8.56935018602253,0,0.24069054,6546.7476,-0.8781518,3,1,false,false,-17.349762,-2.0169823,8.796488,-1.8326396,3
36.55667,0.9061747,49.32629368936513,8.569348672948488,0,0.33094937,6615.448,-0.87495655,3,1,false,false,-19.11154,-1.640541,10.097013,-1.8428497,3
36.50425,0.90630996,49.32628829441125,8.569347022169591,0,0.41085082,6744.4463,-0.87118155,3,1,false,false,-19.411625,-1.5603436,10.226764,-1.8527262,3
36.453968,0.90644485,49.32628298946016,8.569345233685844,0,0.46609125,6893.383,-0.86246765,3,1,false,false,-18.339565,-1.2530724,9.08266,-1.8622078,3
36.431473,0.90657955,49.32627759450628,8.569343445202097,0,0.5635019,6789.388,-0.8508504,3,1,false,false,-16.405151,1.2306116,7.9683747,-1.8714836,3
36.44461,0.9067141,49.32627228955519,8.56934165671835,0,0.6276203,6706.694,-0.84068483,3,1,false,false,-14.154133,2.397012,6.7226315,-1.880685,3
36.458862,0.9068483,49.3262669846041,8.569339730949583,0,0.68187416,6770.0703,-0.84039366,3,1,false,false,-13.828237,1.8523278,6.389434,-1.8894193,3
36.467815,0.90698254,49.326261679653015,8.569337804760984,0,0.723058,6845.667,-0.84765506,3,1,false,false,-13.307166,1.8469101,6.2923884,-1.8973569,3
36.48102,0.9071166,49.32625637470192,8.569335741287366,0,0.7706536,6862.3013,-0.8624677,3,1,false,false,-14.515258,2.082229,7.4953055,-1.9045498,3
36.487995,0.9072507,49.326251069476434,8.569333677813747,0,0.82934636,6886.481,-0.88396174,3,1,false,false,-16.846855,1.5433637,8.799659,-1.911929,3
36.48445,0.9073846,49.326245764525346,8.569331614340127,0,0.8739827,6974.736,-0.90167856,3,1,false,false,-16.353191,1.3948165,8.074039,-1.9208584,3
36.488617,0.90751845,49.326240549577044,8.569329413161658,0,0.9154132,7081.9414,-0.9025482,3,1,false,false,-15.452801,1.9800706,7.5717,-1.931537,3
36.50797,0.90765214,49.326235244625956,8.569327211983186,0,0.9617756,7113.5264,-0.8830899,3,1,false,false,-14.910236,3.0846512,7.517476,-1.9431552,3
36.560066,0.9077858,49.32622993967487,8.569324873099863,0,0.99999994,7056.407,-0.8624676,3,1,false,false,-18.668268,6.083042,10.1916485,-1.954815,3
36.623043,0.9079197,49.32622472445217,8.569322534636372,0,1,6897.011,-0.8496874,3,1,false,false,-20.06601,5.497395,11.076821,-1.9650412,3
36.66538,0.90805364,49.32621941950108,8.56932005846803,0,1,6773.939,-0.83661765,3,1,false,false,-20.25655,3.8003304,11.198639,-1.973725,3
36.67527,0.90818787,49.326214204552784,8.569317581879854,0,1,6836.6665,-0.81977266,3,1,false,false,-20.252802,1.9194388,10.555189,-1.9820522,3
36.668148,0.90832186,49.326208989330084,8.56931496800666,0,1,6995.5146,-0.7985696,3,1,false,false,-19.22006,1.4686072,9.520512,-1.9906037,3
36.66836,0.9084557,49.32620377438179,8.569312354133466,0,1,7074.951,-0.77300847,3,1,false,false,-17.589504,2.1823177,8.602306,-1.9994823,3
36.68975,0.9085896,49.32619855915909,8.56930960297525,0,1,7061.641,-0.7454159,3,1,false,false,-15.563298,3.3748498,7.7928724,-2.0086043,3
36.727745,0.9087237,49.32619343421358,8.569306714112185,0,1,7035.588,-0.72769785,3,1,false,false,-14.662264,4.1178827,7.470932,-2.017657,3
36.7726,0.908858,49.32618821899088,8.569303962534137,0,1,7012.474,-0.72159815,3,1,false,false,-14.659884,4.204725,7.4718018,-2.026132,3
36.81167,0.90899247,49.32618300404258,8.569301073671072,0,1,6981.71,-0.7247926,3,1,false,false,-15.434611,3.7684975,8.438593,-2.033837,3
36.842525,0.90912676,49.326177878822676,8.569298047103153,0,1,6976.611,-0.7311832,3,1,false,false,-16.199099,3.2913432,8.793392,-2.0411205,3
36.85736,0.90926117,49.32617275360277,8.569295020535234,0,1,7011.966,-0.73728275,3,1,false,false,-18.566345,2.3223915,9.870263,-2.0484738,3
36.862717,0.90939593,49.326167538654474,8.569291856262465,0,1,7074.0547,-0.73815453,3,1,false,false,-17.32222,2.1727076,9.082413,-2.056767,3
36.877743,0.90953076,49.32616241343457,8.569288829694546,0,1,7130.08,-0.7242127,3,1,false,false,-15.063185,3.1211271,7.766012,-2.0661302,3
36.911114,0.90966564,49.32615728821466,8.569285528136756,0,1,7125.322,-0.7035894,3,1,false,false,-16.343384,4.068643,9.05134,-2.0756767,3
36.95282,0.90980047,49.326152252997545,8.569282226578965,0,1,7054.2197,-0.6928419,3,1,false,false,-17.557514,4.564348,9.998761,-2.08477,3
36.996624,0.9099354,49.32614712777764,8.569278924601344,0,1,6983.7954,-0.6908083,3,1,false,false,-19.216778,4.469404,10.744812,-2.0932183,3
37.02837,0.9100706,49.326142092560524,8.569275485338702,0,1,6953.2983,-0.6908082,3,1,false,false,-19.02803,3.660324,10.483678,-2.1010852,3
37.04625,0.9102058,49.32613696734062,8.569272046076058,0,1,6977.2744,-0.68703306,3,1,false,false,-18.268835,2.8505867,9.34791,-2.1087615,3
37.061104,0.91034096,49.3261319321235,8.569268469528396,0,1,7032.6206,-0.6786102,3,1,false,false,-18.272532,2.828328,9.578506,-2.116585,3
37.079975,0.91047615,49.32612689690638,8.569264892560902,0,1,7056.1416,-0.66786265,3,1,false,false,-18.406368,3.2607057,10.028674,-2.1245382,3
37.104897,0.9106114,49.32612195169206,8.569261177888556,0,1,7034.1367,-0.6562443,3,1,false,false,-18.162352,3.5780766,9.659683,-2.132527,3
37.13488,0.91074646,49.326116916474945,8.569257463636042,0,1,7012.8516,-0.6463672,3,1,false,false,-17.632309,3.506998,8.928969,-2.1403952,3
37.160522,0.91088164,49.32611197098622,8.569253611678677,0,1,7018.667,-0.637943,3,1,false,false,-18.418734,3.3317206,10.08745,-2.148102,3
37.18234,0.91101694,49.3261070257719,8.56924975972131,0,1,7035.5083,-0.63271534,3,1,false,false,-18.650871,3.3254037,10.162155,-2.1558273,3
37.20762,0.9111521,49.32610208055757,8.569245770059092,0,1,7036.529,-0.6234206,3,1,false,false,-17.927656,3.4598982,9.33904,-2.1635075,3
37.23585,0.9112875,49.32609713506885,8.569241780816707,0,1,7024.908,-0.60424876,3,1,false,false,-16.93388,3.4201348,8.938552,-2.1709275,3
37.265614,0.9114228,49.32609218985452,8.569237653449637,0,1,7032.008,-0.57955813,3,1,false,false,-15.533778,3.440711,7.922984,-2.178054,3
37.29785,0.91155803,49.32608733436859,8.5692335265024,0,1,7050.016,-0.54905903,3,1,false,false,-15.11034,3.5237436,7.7028637,-2.1846588,3
37.330475,0.91169345,49.326082478882654,8.56922939913533,0,1,7050.0513,-0.5173962,3,1,false,false,-15.245928,3.4605105,7.6791344,-2.1905954,3
37.360237,0.91182894,49.326077623671125,8.56922513448324,0,1,7047.9604,-0.47934353,3,1,false,false,-16.148369,2.9791043,8.366456,-2.1961362,3
37.379,0.91196454,49.32607276818519,8.569220869831149,0,1,7074.6646,-0.4398371,3,1,false,false,-17.727182,2.6462264,10.10196,-2.202038,3
37.395508,0.91209996,49.32606791269926,8.569216467474208,0,1,7120.535,-0.39277726,3,1,false,false,-17.406252,2.7767513,9.293702,-2.2089536,3
37.42257,0.91223556,49.32606314721612,8.569212065537098,0,1,7145.8574,-0.33148137,3,1,false,false,-16.487665,3.5787861,9.017917,-2.216722,3
37.463116,0.91237116,49.32605838173298,8.569207525475305,0,1,7120.8433,-0.26728007,3,1,false,false,-15.921148,4.1984205,9.177545,-2.224554,3
37.510834,0.9125069,49.326053526247044,8.569202985833343,0,1,7068.732,-0.2138263,3,1,false,false,-16.525417,4.4683337,9.480512,-2.231842,3
37.558865,0.9126428,49.32604885076669,8.56919844577155,0,1,7032.2764,-0.17373566,3,1,false,false,-15.980225,4.2646046,9.238879,-2.238346,3
37.599995,0.91277874,49.32604408528355,8.569193768424736,0,1,7027.8145,-0.15949959,3,1,false,false,-15.253887,3.7429855,8.418196,-2.243985,3
37.635548,0.91291475,49.32603931980041,8.56918895337307,0,1,7050.4756,-0.1615331,3,1,false,false,-15.499089,3.2651052,8.607937,-2.2490053,3
37.665615,0.9130509,49.32603464432006,8.569184276026256,0,1,7075.7793,-0.17605916,3,1,false,false,-16.228895,3.3767996,9.698103,-2.2538702,3
37.69071,0.91318715,49.32602996856531,8.569179461394423,0,1,7090.556,-0.19668585,3,1,false,false,-15.812083,3.0159147,9.599353,-2.2589018,3
37.72093,0.9133235,49.32602529308496,8.569174508637905,0,1,7117.838,-0.21556887,3,1,false,false,-17.077868,3.0635855,10.086652,-2.2643447,3
37.750427,0.91345984,49.326020707333,8.56916955630122,0,1,7136.576,-0.23125774,3,1,false,false,-17.544573,3.1514149,10.263975,-2.2702756,3
37.785656,0.91359633,49.32601603185265,8.569164603544703,0,1,7142.6763,-0.24345802,3,1,false,false,-17.572222,3.6321368,10.767114,-2.2767146,3
37.824623,0.9137329,49.32601144610069,8.569159513503164,0,1,6868.462,-0.25275517,3,1,false,false,-16.638859,3.6082647,10.133618,-2.2834318,3
37.827553,0.91386956,49.32600686062313,8.569154423461628,0,1,6733.7734,-0.26292306,0,1,false,false,-17.449337,0.3147611,10.62544,-2.2899573,3
37.81847,0.9140062,49.32600227487117,8.569149195715239,0,1,6208.853,-0.27686712,4,1,false,false,-18.416811,3.2534447,11.87283,-2.2956548,3
37.90474,0.91414297,49.325997779122005,8.569143967968849,0,1,5343.8916,-0.2966219,4,1,false,false,-17.944818,7.2837234,11.343667,-2.300993,3
37.966354,0.91427994,49.32599328337284,8.56913874022246,0,1,5506.757,-0.3204428,4,1,false,false,-17.543083,2.7734265,9.596222,-2.306351,3
37.972954,0.9144171,49.32598878762367,8.56913337519105,0,1,5769.35,-0.33990565,4,1,false,false,-17.059214,1.6834185,9.5219145,-2.3109498,3
38.001785,0.9145543,49.325984291874505,8.56912800973981,0,1,5677.6577,-0.3648893,4,1,false,false,-18.460604,3.6645913,11.055447,-2.3149693,3
38.05038,0.91469175,49.32597988612813,8.569122507003549,0,1,5567.1543,-0.39393908,4,1,false,false,-17.516897,3.920783,10.421814,-2.3193185,3
38.08841,0.91482925,49.32597548010735,8.569117004267287,0,1,5633.2153,-0.41253108,4,1,false,false,-16.916761,2.8574972,10.202235,-2.3241208,3
38.11959,0.91496694,49.32597107436098,8.569111363826174,0,1,5694.569,-0.4238595,4,1,false,false,-15.98052,2.9444158,9.655388,-2.3290954,3
38.1616,0.9151048,49.32596675834299,8.56910572338506,0,1,5667.2373,-0.43228367,4,1,false,false,-15.605078,3.5998235,9.90274,-2.334094,3
38.20826,0.9152427,49.32596235259662,8.569100082943947,0,1,5639.675,-0.4380934,4,1,false,false,-15.78384,3.5429552,10.520899,-2.3391595,3
38.250263,0.91538095,49.32595803657863,8.569094305217815,0,1,5658.3477,-0.4407079,4,1,false,false,-15.849012,3.1909854,10.108014,-2.344445,3
38.289738,0.91551936,49.325953720835045,8.56908852707185,0,1,5677.619,-0.4363509,4,1,false,false,-15.577846,3.1038842,9.9424715,-2.3499644,3
38.33092,0.9156579,49.32594949481985,8.569082611640866,0,1,5678.6313,-0.4232787,4,1,false,false,-14.67297,3.235883,9.586995,-2.35571,3
38.37503,0.91579664,49.32594517880187,8.56907669620988,0,1,5683.4004,-0.40352497,4,1,false,false,-14.234942,3.3201768,8.927828,-2.3616087,3
38.418938,0.91593546,49.325940952786674,8.569070780359063,0,1,5687.8433,-0.38115677,4,1,false,false,-15.628827,3.2737975,10.249427,-2.3675559,3
38.462135,0.91607463,49.32593672677148,8.569064727223227,0,1,5684.6284,-0.35878858,4,1,false,false,-15.817931,3.2930872,11.17842,-2.3736098,3
38.505547,0.916214,49.32593259075908,8.569058674507222,0,1,5689.2563,-0.3370012,4,1,false,false,-14.564893,3.2332852,10.356459,-2.3798106,3
38.549236,0.91635346,49.32592836474389,8.569052621371386,0,1,5701.235,-0.31986195,4,1,false,false,-13.644211,3.2017717,8.958972,-2.3859806,3
38.59573,0.9164932,49.32592422873148,8.569046430530696,0,1,5711.173,-0.31056595,4,1,false,false,-13.105897,3.4919536,8.75486,-2.3919218,3
38.642693,0.9166331,49.32592009244468,8.569040239690008,0,1,5707.479,-0.3155039,4,1,false,false,-13.165264,3.4598331,9.249249,-2.3974,3
38.68959,0.91677344,49.32591595643228,8.56903404926915,0,1,5703.246,-0.33409584,4,1,false,false,-14.192286,3.241398,10.454923,-2.4024575,3
38.732136,0.91691405,49.325911820419876,8.569027721143442,0,1,5714.973,-0.36430842,4,1,false,false,-15.1506405,3.0348575,10.802721,-2.4075384,3
38.771053,0.9170546,49.32590777413587,8.569021392597902,0,1,5739.0596,-0.4055585,4,1,false,false,-14.520283,2.8923118,9.657077,-2.4130797,3
38.81152,0.9171954,49.32590372812626,8.569015064472193,0,1,5763.103,-0.4453559,4,1,false,false,-13.952052,3.029644,9.268896,-2.41916,3
38.855186,0.9173366,49.325899681842245,8.569008598641632,0,1,5771.524,-0.4898001,4,1,false,false,-14.422795,3.3205197,10.171985,-2.4256568,3
38.903507,0.9174782,49.325895725561026,8.569002132811072,0,1,5760.582,-0.53511626,4,1,false,false,-15.278309,3.5680385,10.48794,-2.4323864,3
38.950886,0.91761994,49.325891679277014,8.568995666980511,0,1,5741.6514,-0.5757821,4,1,false,false,-15.005243,3.3740833,9.521722,-2.4390821,3
38.99413,0.9177619,49.3258877232702,8.568989063445098,0,1,5745.572,-0.6083158,4,1,false,false,-14.642677,3.0702343,9.049023,-2.4456625,3
39.03412,0.917904,49.32588376698898,8.568982460329517,0,1,5768.0083,-0.6356208,4,1,false,false,-15.4431095,2.9134736,9.881119,-2.452222,3
39.071804,0.9180462,49.32587990043615,8.568975856794104,0,1,5778.37,-0.6504334,4,1,false,false,-16.391966,2.9244177,10.647074,-2.4589934,3
39.108498,0.91818845,49.32587594415493,8.568969115973673,0,1,5781.461,-0.6521771,4,1,false,false,-16.18781,2.7801173,10.366977,-2.4661849,3
39.144157,0.91833085,49.3258721678793,8.568962375153239,0,1,5800.972,-0.6364915,4,1,false,false,-14.358155,2.74808,8.463124,-2.4738753,3
39.182415,0.9184735,49.32586830160086,8.568955633912974,0,1,5825.8477,-0.60599124,4,1,false,false,-13.201909,2.8975668,7.8163795,-2.4817624,3
39.22414,0.9186161,49.32586443504804,8.56894875538769,0,1,5830.6123,-0.57607293,4,1,false,false,-13.5880995,3.1103365,8.815034,-2.4895406,3
39.265724,0.9187584,49.3258606587724,8.568941876862407,0,1,5817.336,-0.54964006,4,1,false,false,-14.214249,3.0884154,9.117119,-2.497026,3
39.30592,0.9189009,49.32585688222237,8.568934998337122,0,1,5819.602,-0.52407753,4,1,false,false,-14.114777,2.8701458,8.604303,-2.504282,3
39.338985,0.9190436,49.32585319567512,8.568927982526818,0,1,5847.775,-0.49851516,4,1,false,false,-13.169681,2.355477,8.016409,-2.5115304,3
39.36826,0.9191863,49.32584941939948,8.568920966296682,0,1,5889.2993,-0.47324282,4,1,false,false,-14.634053,2.45997,10.155533,-2.5190787,3
39.401566,0.91932905,49.32584573285224,8.568913950066545,0,1,5916.5435,-0.44884223,4,1,false,false,-16.302904,2.9190233,10.426011,-2.5273833,3
39.439922,0.9194716,49.32584204630499,8.56890693383641,0,1,5901.658,-0.4258932,4,1,false,false,-14.850793,3.1865866,9.125675,-2.5362709,3
39.480183,0.9196145,49.32583844976054,8.568899780321253,0,1,5893.2446,-0.3962626,4,1,false,false,-15.474398,3.0863955,10.250179,-2.545311,3
39.519157,0.91975754,49.32583485321609,8.568892626806097,0,1,5913.8564,-0.3689564,4,1,false,false,-14.600023,3.3784988,8.93637,-2.5543876,3
39.567127,0.91990066,49.32583125667163,8.568885335586089,0,1,5901.083,-0.352107,4,1,false,false,-14.338541,3.6852949,8.258041,-2.562536,3
39.6092,0.9200438,49.32582765985278,8.5688781816511,0,1,5857.072,-0.3465872,4,1,false,false,-16.931427,3.3271704,11.314479,-2.5695238,3
39.646114,0.92018706,49.32582415331111,8.568870890431091,0,1,5874.181,-0.3532687,4,1,false,false,-16.839514,3.0815594,10.223539,-2.576448,3
39.67639,0.92033046,49.32582064649505,8.568863461926062,0,1,5905.9785,-0.35559332,4,1,false,false,-15.784768,2.6523762,9.660689,-2.5831816,3
39.698566,0.92047405,49.32581713995339,8.568856033001204,0,1,5932.1997,-0.35443154,4,1,false,false,-15.993712,2.3521028,10.751273,-2.589962,3
39.731197,0.9206177,49.325813723140115,8.568848604076344,0,1,5975.476,-0.3561741,4,1,false,false,-15.332497,3.023959,9.588276,-2.5972853,3
39.7682,0.9207614,49.325810306326844,8.568841175151483,0,1,5962.495,-0.35907954,4,1,false,false,-14.403409,3.0284626,9.158716,-2.6039107,3
39.804893,0.9209053,49.32580688951357,8.568833746646455,0,1,5945.7485,-0.3689564,4,1,false,false,-17.474092,3.5537052,11.824383,-2.610282,3
39.84965,0.9210493,49.32580356270309,8.568826180016742,0,1,5950.324,-0.38958085,4,1,false,false,-17.883408,3.5193288,10.65359,-2.6165144,3
39.889904,0.92119354,49.325800235892615,8.56881847610201,0,1,5913.573,-0.40672132,4,1,false,false,-15.217937,2.9783893,8.389908,-2.6212938,3
39.919605,0.921338,49.325796998810524,8.56881090989213,0,1,5915.468,-0.4244404,4,1,false,false,-17.588959,2.400927,11.560513,-2.6243117,3
39.94168,0.92148256,49.325793672000046,8.568803205977398,0,1,5975.0137,-0.45639557,4,1,false,false,-15.592032,2.0248432,9.175921,-2.6263645,3
39.96895,0.9216272,49.32579052492075,8.568795502062667,0,1,6013.2305,-0.49328637,4,1,false,false,-14.766179,2.0727825,7.929063,-2.6277387,3
39.986126,0.92177206,49.32578728811306,8.568787798147934,0,1,6039.125,-0.52494943,4,1,false,false,-16.611954,0.9302192,10.32177,-2.6298087,3
39.991287,0.9219171,49.325784141033765,8.568779956528351,0,1,6156.3506,-0.535697,4,1,false,false,-12.857667,0.6496196,7.1676173,-2.6343548,3
40.00453,0.92206216,49.32578099395447,8.568772114908766,0,1,6300.098,-0.5144919,4,1,false,false,-9.956191,1.357443,5.5273294,-2.6408646,3
40.042114,0.92220736,49.32577784714957,8.568764273289183,0,1,6332.288,-0.4767291,4,1,false,false,-12.266911,3.9309115,7.357744,-2.648127,3
40.121258,0.92235285,49.325774789798665,8.568756432089431,0,1,6236.837,-0.4505847,4,1,false,false,-10.680012,7.354746,6.665632,-2.6555908,3
40.24071,0.9224988,49.32577173272216,8.568748452764995,0,1,6020.92,-0.43867433,4,1,false,false,-14.406749,6.673447,10.075478,-2.6625519,3
40.31978,0.92264533,49.325768675645655,8.568740473860391,0,1,5810.359,-0.43577,4,1,false,false,-20.213417,4.5577407,15.647954,-2.668247,3
40.36047,0.92279214,49.32576561856914,8.568732494535956,0,1,5846.5874,-0.43838444,4,1,false,false,-18.76145,2.4804442,12.407872,-2.6736026,3
40.38243,0.9229392,49.32576265149543,8.56872451563135,0,1,5956.9106,-0.43605986,4,1,false,false,-15.75184,1.799082,10.231415,-2.6781325,3
40.405678,0.9230862,49.325759684147314,8.568716399021895,0,0.9960543,5990.861,-0.44506603,4,1,false,false,-14.392407,2.3023303,10.228355,-2.682419,3
40.448742,0.92323357,49.325756806802,8.56870828241244,0,0.9398273,6000.7437,-0.4775998,4,1,false,false,-14.664204,3.2961643,10.156287,-2.687334,3
40.48805,0.9233812,49.32575392973107,8.568700028098132,0,0.90036994,5974.5107,-0.5194297,4,1,false,false,-14.680305,2.4659004,10.797546,-2.692391,3
40.52337,0.92352915,49.32575105238575,8.568691911488676,0,0.8540074,5992.428,-0.56706816,4,1,false,false,-13.760342,2.7083397,9.575032,-2.6981037,3
40.5662,0.92367727,49.32574826504322,8.568683657174368,0,0.80838484,6021.2954,-0.61441547,4,1,false,false,-14.334641,2.9072359,9.375422,-2.704291,3
40.602615,0.92382556,49.32574538769789,8.56867540286006,0,0.7565967,5975.2676,-0.65769565,4,1,false,false,-13.949941,2.4645865,8.040377,-2.7103927,3
40.634007,0.9239741,49.325742690358155,8.568667148545753,0,0.6890259,5961.436,-0.7131753,4,1,false,false,-14.398729,2.2744474,9.20795,-2.7167351,3
40.659637,0.924123,49.32573990301562,8.568658756946425,0,0.6416771,5981.7134,-0.7680715,4,1,false,false,-14.720984,1.6799433,8.3098345,-2.7234035,3
40.677,0.9242718,49.32573720540148,8.568650502632117,0,0.5837237,5969.1875,-0.80815446,4,1,false,false,-14.076878,1.4077424,8.129888,-2.730304,3
40.692097,0.9244209,49.32573450806174,8.56864211103279,0,0.52478427,5955.918,-0.84097457,4,1,false,false,-14.781801,1.2161757,8.89581,-2.737578,3
40.698433,0.9245702,49.32573190045039,8.568633581308779,0,0.4695437,5946.963,-0.86595386,4,1,false,false,-17.549519,0.7745778,10.681145,-2.7452838,3
40.69443,0.9247195,49.32572929283904,8.56862518970945,0,0.4036991,5928.824,-0.88570315,4,1,false,false,-19.224728,0.1953473,11.313856,-2.753927,3
40.68247,0.9248688,49.32572668550209,8.568616797690291,0,0.35561034,5916.7627,-0.88947934,4,1,false,false,-17.93972,-0.22071847,9.80318,-2.7638068,3
40.665333,0.9250182,49.32572416789353,8.568608268386111,0,0.31689265,5916.384,-0.8732151,4,1,false,false,-16.962729,-0.39444008,9.100981,-2.7745275,3
40.645695,0.9251675,49.32572174001337,8.568599739081932,0,0.27225646,5899.4326,-0.85201216,4,1,false,false,-17.675076,-0.42825466,9.492197,-2.78548,3
40.62284,0.925317,49.3257193124076,8.568591209777752,0,0.22490752,5862.3496,-0.83603686,4,1,false,false,-18.432634,-0.59549266,9.981916,-2.7960534,3
40.593815,0.9254664,49.325716884801835,8.568582680473574,0,0.17829841,5832.222,-0.8261623,4,1,false,false,-18.418121,-0.98869103,9.870138,-2.8058224,3
40.55802,0.9256158,49.32571454692446,8.568574013464541,0,0.13366215,5819.6475,-0.8197728,4,1,false,false,-18.001997,-1.3482924,9.282727,-2.814935,3
40.518185,0.9257651,49.325712299049876,8.568565484160361,0,0.0863132,5792.219,-0.81512564,4,1,false,false,-17.737177,-1.5097009,8.990287,-2.8236597,3
40.476772,0.92591417,49.3257099611725,8.56855681715133,0,0.052774362,5735.74,-0.8122204,4,1,false,false,-17.804884,-1.5666379,9.299799,-2.8322008,3
40.43449,0.92606294,49.32570780330071,8.568548150142298,0,0.03699136,5663.838,-0.80989575,4,1,false,false,-18.012383,-1.6010778,9.5381,-2.840838,3
40.391113,0.9262115,49.32570564542892,8.56853962083812,0,0.03699137,5588.613,-0.8078634,4,1,false,false,-18.252592,-1.6041145,9.440541,-2.8498297,3
40.33545,0.9263599,49.32570348728272,8.568530953829088,0,0.03699137,5699.7686,-0.8043783,4,1,false,false,-17.809425,-2.9642403,8.776749,-2.8592677,3
40.265358,0.9265081,49.325701419413726,8.568522286820057,0,0.03871764,5792.085,-0.79856956,4,1,false,false,-18.093264,-3.0291648,9.833721,-2.8690724,3
40.205555,0.9266559,49.32569935127032,8.568513482526004,0,0.042416777,5723.9937,-0.7892748,4,1,false,false,-19.567698,-2.0735583,10.559294,-2.879251,3
40.15185,0.9268033,49.325697373129714,8.568504815516974,0,0.05819976,5674.152,-0.77968884,4,1,false,false,-20.246777,-1.997703,10.8680315,-2.889703,3
40.090504,0.9269505,49.3256954849919,8.568496148507942,0,0.12749691,5723.8296,-0.76807165,4,1,false,false,-20.76889,-2.4278674,10.555173,-2.900156,3
40.029907,0.92709756,49.325693596579676,8.568487481498911,0,0.19679411,5768.4727,-0.75587255,4,1,false,false,-20.372673,-1.9389461,10.319612,-2.9104755,3
39.975815,0.92724425,49.32569170844186,8.568478677204858,0,0.27472255,5835.876,-0.7428015,4,1,false,false,-20.226484,-1.684057,10.3790455,-2.9205546,3
39.92545,0.92739064,49.32568991030683,8.568470010195828,0,0.3738595,5969.08,-0.72914934,4,1,false,false,-19.269491,-1.58023,9.255058,-2.9301927,3
39.885838,0.9275369,49.32568820190019,8.568461205481944,0,0.45376083,5945.7563,-0.7195647,4,1,false,false,-18.89629,-0.01789163,9.517556,-2.939223,3
39.88503,0.92768306,49.325686493493556,8.568452401187892,0,0.51861906,5768.4976,-0.7143369,4,1,false,false,-17.842728,1.7328618,8.70787,-2.9478316,3
39.88429,0.92782927,49.325684874815316,8.56844359647401,0,0.56078905,5836.9556,-0.7149177,4,1,false,false,-17.03086,0.657068,8.385826,-2.9560854,3
39.8705,0.9279753,49.32568325641147,8.568434792179957,0,0.6019729,5941.489,-0.7195648,4,1,false,false,-16.724869,0.49970037,8.332512,-2.9640322,3
39.865105,0.92812127,49.325681728010416,8.568425987466075,0,0.6389641,5937.6597,-0.727116,4,1,false,false,-17.207554,1.2498591,9.139443,-2.9720328,3
39.867714,0.92826724,49.32568019933497,8.568417183172023,0,0.6914919,5937.359,-0.73554015,4,1,false,false,-18.119585,1.5878875,9.714628,-2.9805188,3
39.872715,0.92841315,49.32567867093391,8.56840837845814,0,0.7319358,5981.518,-0.7384443,4,1,false,false,-17.88112,1.8211176,9.158265,-2.9896684,3
39.88415,0.92855924,49.32567723226125,8.568399436459236,0,0.77139336,5995.182,-0.73437846,4,1,false,false,-17.71938,2.3225422,9.140983,-2.9991143,3
39.90401,0.9287053,49.32567588331698,8.568390494460333,0,0.8029594,5970.503,-0.72827864,4,1,false,false,-18.11602,2.8584802,9.859861,-3.0084457,3
39.92695,0.92885137,49.32567453464711,8.568381689746449,0,0.83723795,5953.087,-0.7192737,4,1,false,false,-18.787561,2.9495075,10.287217,-3.0173402,3
39.9479,0.9289975,49.32567318597724,8.568372747747546,0,0.8697904,5949.285,-0.7123035,4,1,false,false,-19.183104,2.7989345,10.166604,-3.0255885,3
39.96541,0.9291438,49.32567192731016,8.568363805748643,0,0.90037006,5950.6943,-0.7076553,4,1,false,false,-19.658722,2.6016736,10.419001,-3.0332932,3
39.979515,0.9292902,49.32567075837147,8.568354726044888,0,0.9353885,5967.3643,-0.70300835,4,1,false,false,-18.988205,2.423869,9.756344,-3.040877,3
39.996117,0.92943656,49.325669589432785,8.568345784045984,0,0.9583231,5995.0864,-0.6951664,4,1,false,false,-18.19561,2.5926793,9.207463,-3.0484533,3
40.016056,0.9295831,49.3256684204941,8.56833670434223,0,0.98372394,6006.4575,-0.6861612,4,1,false,false,-17.881678,2.7457793,9.397344,-3.0558536,3
40.039215,0.92972964,49.3256673415582,8.568327762343326,0,1.0000001,6005.633,-0.68064237,4,1,false,false,-18.163656,2.9635878,9.791572,-3.0631201,3
40.065147,0.9298764,49.3256663523507,8.56831868263957,0,1,6004.351,-0.68006176,4,1,false,false,-17.53123,2.9964871,9.18354,-3.0702567,3
40.090508,0.9300233,49.32566536341759,8.568309602935814,0,1,6005.41,-0.6835468,4,1,false,false,-17.40373,2.8829768,9.337708,-3.077201,3
40.114216,0.9301703,49.32566437421009,8.56830052323206,0,1,6015.05,-0.69342273,4,1,false,false,-18.252409,2.8412657,9.830381,-3.084091,3
40.138226,0.93031734,49.325663475279775,8.568291443528304,0,1,6019.274,-0.7064946,4,1,false,false,-18.28733,2.9411833,10.00811,-3.0910587,3
40.159977,0.9304646,49.325662666077854,8.568282363824549,0,1,6013.8774,-0.7186927,4,1,false,false,-17.623388,2.3455994,9.231658,-3.0980842,3
40.18424,0.9306121,49.32566185660153,8.568273284120794,0,1,6033.8496,-0.7265349,4,1,false,false,-18.510244,3.0302675,9.672145,-3.1053188,3
40.20572,0.9307596,49.325661047399606,8.568264067132018,0,1,6031.875,-0.7335066,4,1,false,false,-22.262917,2.8382764,13.048249,-3.1125712,3
40.219933,0.9309073,49.32566041820327,8.568254987428263,0,1,5999.547,-0.7372827,4,1,false,false,-25.317162,2.7036726,15.030033,-3.1205451,3
40.229843,0.931055,49.32565969872974,8.568245770019656,0,1,6000.8843,-0.7245014,4,1,false,false,-23.128445,2.368833,12.192403,-3.1296978,3
40.238197,0.9312029,49.32565915926179,8.56823655303088,0,1,6038.1636,-0.6919709,4,1,false,false,-19.182318,2.1825063,9.735655,-3.1393542,3
40.26287,0.931351,49.32565861979384,8.568227335622273,0,1,6069.5347,-0.65479136,4,1,false,false,-18.71204,3.5327663,9.681147,3.1345675,3
40.300735,0.9314992,49.325658080325894,8.568218255918518,0,1,6011.714,-0.6367824,4,1,false,false,-20.268198,3.9831176,10.91236,3.126659,3
40.33749,0.93164766,49.325657630586335,8.568209038929743,0,1,5928.686,-0.6385242,4,1,false,false,-19.57468,3.5012705,10.078348,3.1202404,3
40.360794,0.9317962,49.32565727112397,8.568199684236117,0,1,5946.7993,-0.64665824,4,1,false,false,-18.714886,2.3442054,10.263777,3.114666,3
40.37184,0.93194515,49.325656911387206,8.56819046682751,0,1,6025.3276,-0.6547915,4,1,false,false,-18.837246,1.9687905,10.41911,3.1091197,3
40.384834,0.9320942,49.32565664165323,8.568181249838734,0,1,6061.616,-0.66060007,4,1,false,false,-19.502058,2.3101606,11.020521,3.1031463,3
40.40553,0.9322434,49.32565637191926,8.568172032430127,0,1,6054.041,-0.66582894,4,1,false,false,-18.125296,2.6716177,9.448719,3.0965464,3
40.433903,0.9323927,49.32565619218808,8.568162677736499,0,1,6061.583,-0.6678624,4,1,false,false,-16.753906,3.0497887,8.892894,3.0895,3
40.4667,0.9325423,49.32565601218249,8.568153460327892,0,1,6068.141,-0.67105687,4,1,false,false,-16.771395,3.196275,9.056316,3.0824783,3
40.501995,0.9326924,49.325655922454104,8.568144243339116,0,1,6043.705,-0.68151337,4,1,false,false,-18.452808,3.4429605,10.6529,3.0757349,3
40.534485,0.93284255,49.32565583245131,8.568134888225657,0,1,6009.7837,-0.7012658,4,1,false,false,-19.690022,3.119285,11.379173,3.0692155,3
40.559887,0.9329928,49.32565574244852,8.568125671236883,0,1,6008.0864,-0.7186928,4,1,false,false,-19.638119,2.6588688,11.101834,3.0626397,3
40.58021,0.93314326,49.32565583245131,8.568116316543255,0,1,6035.589,-0.7306022,4,1,false,false,-19.798656,2.4307523,11.067275,3.0558438,3
40.600033,0.933294,49.325655922454104,8.568106961429796,0,1,6051.981,-0.7390264,4,1,false,false,-20.368776,2.5720303,11.63442,3.0487528,3
40.62352,0.9334448,49.32565601218249,8.56809774444102,0,1,6045.881,-0.7445438,4,1,false,false,-21.086056,2.8006427,12.214282,3.0413222,3
40.648537,0.9335957,49.32565619218808,8.568088389747393,0,1,6033.4106,-0.74512476,4,1,false,false,-20.937645,2.8364167,11.999331,3.0335872,3
40.674065,0.9337467,49.32565646192205,8.568079034633934,0,1,6032.0977,-0.7419294,4,1,false,false,-20.335033,2.8382702,11.294746,3.0256917,3
40.701954,0.9338976,49.325656731656025,8.568069679940308,0,1,6032.271,-0.7390263,4,1,false,false,-19.127989,3.0401196,10.555269,3.0179372,3
40.732872,0.9340484,49.32565709111839,8.568060462531701,0,1,6022.3774,-0.7396071,4,1,false,false,-18.78486,3.0563662,10.080751,3.0107093,3
40.76415,0.9341992,49.325657450855154,8.568051107838073,0,1,6012.5015,-0.74803007,4,1,false,false,-18.435526,2.947489,10.248466,3.0041564,3
40.792896,0.93435025,49.32565790032031,8.568041753144445,0,1,6017.4263,-0.7654571,4,1,false,false,-18.152203,2.7264214,9.852148,2.9981556,3
40.820225,0.9345014,49.32565835005987,8.56803239845082,0,1,6033.47,-0.7898556,4,1,false,false,-15.656609,2.582822,8.315905,2.9924686,3
40.84599,0.9346522,49.325658889527816,8.568023181042212,0,1,6053.8506,-0.8162864,4,1,false,false,-17.407965,2.3623724,10.304845,2.9870083,3
40.860744,0.9348031,49.32565942899576,8.568013826348585,0,1,6077.8306,-0.8479461,4,1,false,false,-23.177181,1.8034009,13.220373,2.980844,3
40.874825,0.934954,49.325660058466504,8.568004471654957,0,1,6093.7866,-0.8746667,4,1,false,false,-21.97166,2.2242062,12.88986,2.9728005,3
40.895443,0.935105,49.325660687937244,8.567995116961331,0,1,6097.0474,-0.868276,4,1,false,false,-20.530037,2.088626,10.707831,2.9634657,3
40.91274,0.93525594,49.32566140713637,8.567985899552722,0,1,6111.7334,-0.8424261,4,1,false,false,-18.550455,2.1431723,10.696103,2.9533105,3
40.939365,0.93540674,49.325662216338294,8.567976544859096,0,1,6136.834,-0.8258713,4,1,false,false,-17.577461,3.0016923,8.757033,2.9434705,3
40.97258,0.93555766,49.325663025540216,8.567967189745637,0,1,6112.728,-0.822095,4,1,false,false,-20.874489,3.0795386,11.164571,2.9347913,3
41.007515,0.93570876,49.32566383474214,8.567957972756862,0,1,6059.376,-0.8374894,4,1,false,false,-18.711262,3.4681904,11.408631,2.926675,3
41.042336,0.9358599,49.32566473394685,8.567948618063234,0,1,6045.3325,-0.8456216,4,1,false,false,-19.23803,2.8647223,10.292756,2.9192755,3
41.057026,0.93601096,49.32566572315436,8.567939262949775,0,1,6063.783,-0.8505593,4,1,false,false,-19.434948,2.13621,11.399402,2.9120357,3
41.080517,0.93616205,49.32566671208746,8.567930045961,0,1,6103.4707,-0.860435,4,1,false,false,-19.100012,2.4836617,10.698592,2.9045951,3
41.092567,0.9363132,49.325667791023356,8.567920691267373,0,1,6098.917,-0.86014545,4,1,false,false,-24.820168,1.81397,14.918944,2.896921,3
41.104652,0.9364644,49.325668959962044,8.567911473858766,0,1,6101.883,-0.86188686,4,1,false,false,-20.118372,2.3325925,11.62955,2.8879468,3
41.12588,0.93661565,49.32567012890073,8.56790225686999,0,1,6135.678,-0.8418453,4,1,false,false,-20.937073,2.2573466,11.024836,2.878605,3
41.142513,0.9367668,49.32567129783942,8.567893039461383,0,1,6130.935,-0.8209345,4,1,false,false,-18.777483,2.3917382,10.716393,2.8690937,3
41.183743,0.93691814,49.325672556506504,8.567883684767756,0,1,6118.2466,-0.80321646,4,1,false,false,-18.698301,3.8231065,9.969981,2.8600667,3
41.21219,0.9370696,49.32567390545077,8.567874467359148,0,1,6060.226,-0.7895644,4,1,false,false,-20.156054,2.5739577,11.655895,2.852373,3
41.23477,0.9372211,49.32567525412064,8.567865250370374,0,1,6068.33,-0.79101723,4,1,false,false,-17.85506,2.402979,9.992543,2.8451805,3
41.25059,0.9373727,49.3256766927933,8.567856032961766,0,1,6140.1143,-0.7857895,4,1,false,false,-19.885752,1.5748922,9.953801,2.8384776,3
41.253662,0.93752426,49.325678131191566,8.56784695325801,0,1,6174.5923,-0.78956467,4,1,false,false,-17.058308,2.012078,9.622814,2.8312826,3
41.289024,0.9376759,49.32567965986702,8.567837736269237,0,1,6194.7544,-0.79217887,4,1,false,false,-17.366594,3.2908204,8.897021,2.8237712,3
41.309067,0.9378278,49.32568118854247,8.56782851886063,0,1,6149.088,-0.7884028,4,1,false,false,-18.827076,2.2868512,11.669001,2.8160503,3
41.339798,0.9379797,49.32568280694631,8.567819439156873,0,1,6164.562,-0.78753096,4,1,false,false,-18.157816,3.6492214,9.980743,2.807655,3
41.372387,0.9381318,49.32568442535016,8.567810222168099,0,1,6160.329,-0.7703949,4,1,false,false,-19.614607,2.580776,10.661206,2.7996857,3
41.393887,0.93828386,49.325686043754004,8.567801142464344,0,1,6123.591,-0.7611003,4,1,false,false,-17.848686,2.965657,10.464781,2.7916598,3
41.428555,0.9384361,49.32568784216343,8.567792062760589,0,1,6141.661,-0.7544197,4,1,false,false,-18.236084,2.9327483,9.74124,2.7837188,3
41.450794,0.9385886,49.32568955057007,8.56778284535198,0,1,6130.2427,-0.7515154,4,1,false,false,-16.384233,2.3356793,8.854786,2.7764614,3
41.480396,0.93874115,49.325691438707885,8.567773765648225,0,1,6145.4717,-0.7547108,4,1,false,false,-16.957836,3.1506896,8.996211,2.7696393,3
41.50697,0.9388938,49.325693237117314,8.567764686364303,0,1,6144.5464,-0.76255274,4,1,false,false,-18.920877,2.32863,10.879724,2.7634687,3
41.52146,0.9390465,49.32569512525513,8.567755606660546,0,1,6144.356,-0.77446115,4,1,false,false,-16.636583,2.1654904,9.847193,2.757077,3
41.542747,0.9391995,49.32569710339574,8.567746664241811,0,1,6201.1675,-0.7750419,4,1,false,false,-19.697433,2.5084703,11.318839,2.7501655,3
41.55795,0.9393526,49.32569908153635,8.567737584957888,0,1,6203.2734,-0.77213657,4,1,false,false,-18.714542,2.4737277,11.654746,2.7424684,3
41.586315,0.9395057,49.32570114967975,8.567728642539153,0,1,6184.964,-0.75558156,4,1,false,false,-19.325502,3.059291,11.040997,2.7340276,3
41.61194,0.939659,49.32570321754875,8.567719562835398,0,1,6164.135,-0.7291495,4,1,false,false,-19.75717,2.6662445,12.116447,2.7254283,3
41.633343,0.9398124,49.325705375694945,8.567710620836493,0,1,6159.847,-0.69981325,4,1,false,false,-22.00506,2.6680803,13.358377,2.716774,3
41.65444,0.9399662,49.325707533566735,8.56770167883759,0,1,6155.804,-0.669604,4,1,false,false,-22.086164,2.769514,12.961296,2.7081826,3
41.67575,0.94012004,49.32570978144132,8.567692736838687,0,1,6138.94,-0.6399766,4,1,false,false,-21.614128,2.6733184,12.217093,2.699992,3
41.695156,0.940274,49.3257120293159,8.567683932124805,0,1,6140.253,-0.60918784,4,1,false,false,-20.570894,2.42845,11.689852,2.6920948,3
41.711044,0.9404279,49.325714456921666,8.567674990125902,0,1,6170.1,-0.58275473,4,1,false,false,-19.975897,2.3395019,11.187797,2.6843343,3
41.730076,0.9405824,49.32571679479904,8.567666185831849,0,1,6194.4497,-0.56241995,4,1,false,false,-18.659044,2.5234554,10.109618,2.676705,3
41.755234,0.94073683,49.325719222404814,8.567657381117966,0,1,6192.6406,-0.5470256,4,1,false,false,-18.261105,2.8676856,10.07696,2.669293,3
41.781185,0.9408915,49.32572174001337,8.567648576823915,0,1,6184.1694,-0.5377308,4,1,false,false,-19.062199,2.827576,11.179624,2.6620414,3
41.806614,0.94104624,49.32572425762193,8.56763977211003,0,1,6187.543,-0.5339534,4,1,false,false,-18.981468,2.7445328,11.538279,2.6547036,3
41.82951,0.9412011,49.325726775230486,8.567631105100999,0,1,6194.4795,-0.5287245,4,1,false,false,-19.44268,2.6211057,11.23433,2.6472697,3
41.851715,0.94135624,49.325729382841836,8.567622300806947,0,1,6202.377,-0.52059245,4,1,false,false,-19.322655,2.735325,10.985456,2.6396184,3
41.878506,0.94151133,49.325732080181574,8.567613633797917,0,1,6203.812,-0.5110056,4,1,false,false,-18.444088,2.9628713,10.364516,2.631912,3
41.908054,0.94166654,49.32573477779572,8.567604966788885,0,1,6190.691,-0.5005488,4,1,false,false,-18.017042,2.9979055,10.24081,2.6245477,3
41.93666,0.9418218,49.32573756513825,8.567596299779854,0,1,6181.1836,-0.49444807,4,1,false,false,-18.25396,2.8938162,10.638013,2.6177227,3
41.963337,0.9419768,49.32574035248078,8.567587632770822,0,1,6186.423,-0.49502894,4,1,false,false,-17.97822,2.7383058,10.425226,2.611419,3
41.988056,0.9421318,49.32574313982331,8.567579103466642,0,1,6199.178,-0.49996802,4,1,false,false,-16.882605,2.5304248,9.829207,2.6055222,3
42.010628,0.9422869,49.32574601716863,8.567570574162463,0,1,6220.357,-0.5069382,4,1,false,false,-16.740414,2.4417272,9.806717,2.599743,3
42.035812,0.9424421,49.32574889451396,8.567562044858283,0,1,6242.8975,-0.5173961,4,1,false,false,-16.472818,2.6505709,9.54437,2.5937386,3
42.063026,0.94259703,49.32575186158767,8.567553515554104,0,1,6246.9756,-0.5261111,4,1,false,false,-16.719559,2.7147703,10.226815,2.5874138,3
42.091236,0.94275206,49.325754918664174,8.567544986249924,0,1,6240.938,-0.53366363,4,1,false,false,-18.538343,2.8514953,11.857802,2.5806975,3
42.118347,0.94290715,49.32575788601229,8.567536456525913,0,1,6236.15,-0.53453434,4,1,false,false,-19.302563,2.819105,11.996184,2.5734715,3
42.144524,0.94306237,49.325760943088795,8.567528064926584,0,1,6233.2383,-0.52669084,4,1,false,false,-19.007698,2.7609928,11.076948,2.565886,3
42.172497,0.9432175,49.32576409016809,8.567519672907425,0,1,6234.679,-0.51216733,4,1,false,false,-17.97925,2.9087877,10.160996,2.5582764,3
42.204094,0.9433726,49.32576723697299,8.567511281308098,0,1,6229.5776,-0.49851516,4,1,false,false,-17.469465,3.1007698,10.215339,2.551044,3
42.236755,0.9435278,49.325770474055076,8.567502889288939,0,1,6213.519,-0.49125296,4,1,false,false,-17.233992,3.0640814,10.271106,2.5445187,3
42.268425,0.9436832,49.32577371086277,8.567494635394462,0,1,6207.452,-0.49270555,4,1,false,false,-16.354528,2.8428128,9.200028,2.5387444,3
42.29541,0.94383854,49.32577703767325,8.567486381080155,0,1,6223.482,-0.5011298,4,1,false,false,-16.103224,2.507975,8.972848,2.5335207,3
42.319736,0.94399387,49.32578027475534,8.567478126765847,0,1,6249.4126,-0.5159445,4,1,false,false,-15.447512,2.3878102,8.714434,2.528414,3
42.343613,0.9441492,49.32578369156861,8.56746987245154,0,1,6268.913,-0.5336635,4,1,false,false,-15.719403,2.3875542,9.350939,2.5231142,3
42.368816,0.9443046,49.32578701837909,8.567461618137232,0,1,6282.567,-0.54934907,4,1,false,false,-15.186148,2.4367735,8.773045,2.5173497,3
42.395657,0.94446003,49.32579052492075,8.567453501527776,0,1,6296.8003,-0.55893594,4,1,false,false,-14.636542,2.538712,8.40924,2.5111122,3
42.42432,0.9446155,49.32579394173402,8.5674452476333,0,1,6308.53,-0.5627111,4,1,false,false,-14.283324,2.6055336,8.149556,2.50457,3
42.455868,0.94477093,49.325797448550084,8.567437130604013,0,1,6312.1655,-0.56387264,4,1,false,false,-15.126304,2.8457298,9.34511,2.4978602,3
42.487305,0.94492656,49.325800955091744,8.567429013994557,0,1,6303.1943,-0.5650344,4,1,false,false,-16.13503,2.7871723,9.990747,2.4910448,3
42.514816,0.94508225,49.3258045519106,8.5674208973851,0,1,6300.6387,-0.5650345,4,1,false,false,-17.420681,2.5494223,11.09919,2.483924,3
42.53846,0.945238,49.32580814845505,8.567412918480496,0,1,6317.019,-0.5606775,4,1,false,false,-17.062176,2.456442,9.817593,2.4762204,3
42.564117,0.9453937,49.325811744999505,8.567404939156061,0,1,6332.8687,-0.5519635,4,1,false,false,-15.84697,2.6611023,8.925647,2.468165,3
42.593445,0.94554955,49.32581543154675,8.567396960251457,0,1,6328.672,-0.54237866,4,1,false,false,-16.40664,2.891446,9.343282,2.460215,3
42.625908,0.9457054,49.325819118093996,8.56738898092702,0,1,6312.0933,-0.5374398,4,1,false,false,-17.099699,3.0876956,10.09042,2.4525175,3
42.65561,0.9458614,49.32582289436964,8.567381002022417,0,1,6295.386,-0.5342443,4,1,false,false,-16.872328,2.7457037,9.193409,2.4452367,3
42.67848,0.94601744,49.325826670919675,8.567373160402834,0,1,6304.757,-0.5301771,4,1,false,false,-17.771812,2.3042922,10.868581,2.4382153,3
42.695282,0.94617355,49.32583044719531,8.56736531878325,0,1,6339.2124,-0.5255302,4,1,false,false,-18.904049,2.2375755,11.698266,2.4309366,3
42.71272,0.9463297,49.32583431374814,8.567357477583498,0,1,6358.2783,-0.5176872,4,1,false,false,-19.878298,2.4067168,12.32084,2.4231405,3
42.73383,0.94648594,49.32583827002936,8.567349773668765,0,1,6352.41,-0.50374424,4,1,false,false,-18.545712,2.6502914,10.576761,2.414745,3
42.761986,0.9466422,49.32584222603617,8.567342069754034,0,1,6351.6636,-0.48282975,4,1,false,false,-16.754894,2.9279351,9.477499,2.4061964,3
42.793404,0.9467986,49.32584618231739,8.5673343658393,0,1,6344.739,-0.4633659,4,1,false,false,-16.245604,3.1569583,8.833128,2.398324,3
42.828392,0.946955,49.32585013859861,8.56732666192457,0,1,6321.463,-0.46104136,4,1,false,false,-16.226833,3.260156,8.989592,2.3915887,3
42.86086,0.94711167,49.325854274885415,8.567319095714689,0,1,6300.9707,-0.47324288,4,1,false,false,-15.64083,2.8597975,8.661773,2.3860788,3
42.883415,0.94726855,49.32585832089502,8.567311390960294,0,1,6318.5674,-0.49444818,4,1,false,false,-15.63037,2.096047,8.481701,2.3813152,3
42.89803,0.94742537,49.32586245690743,8.567303962455265,0,1,6372.345,-0.5182679,4,1,false,false,-14.826406,1.8452008,7.9923387,2.376441,3
42.914333,0.9475822,49.32586659319423,8.567296396245386,0,1,6419.9243,-0.5348254,4,1,false,false,-14.399315,2.0514348,8.029231,2.3710542,3
42.936306,0.9477391,49.325870729206635,8.567288830035505,0,1,6433.987,-0.54412,4,1,false,false,-15.157486,2.4600747,8.92449,2.3650942,3
42.96428,0.9478963,49.32587495522183,8.567281400690813,0,1,6430.265,-0.5470255,4,1,false,false,-15.957374,2.7901187,9.65138,2.3585143,3
42.99292,0.9480535,49.32587918123702,8.567273972185784,0,1,6421.424,-0.5429597,4,1,false,false,-16.156385,2.7863822,9.570967,2.3513355,3
43.021492,0.94821084,49.325883497255006,8.567266680545945,0,1,6417.7393,-0.53046834,4,1,false,false,-16.288086,2.8014345,9.426755,2.3436928,3
43.05189,0.94836825,49.32588781299859,8.567259252040916,0,1,6411.915,-0.5115862,4,1,false,false,-16.351492,3.0513818,9.125387,2.3359106,3
43.083344,0.94852597,49.32589212901657,8.567251961240741,0,1,6389.916,-0.49299544,4,1,false,false,-17.567745,3.0764992,10.587517,2.3284392,3
43.112564,0.94868374,49.32589644503456,8.5672446696009,0,1,6368.4214,-0.47091943,4,1,false,false,-17.558035,2.9240384,10.091959,2.3213508,3
43.138016,0.9488417,49.325900940783725,8.567237515665912,0,1,6370.039,-0.45058483,4,1,false,false,-17.478289,2.6204565,10.28234,2.3146422,3
43.157776,0.9489996,49.3259053465301,8.567230362570587,0,1,6386.3345,-0.4317029,4,1,false,false,-18.352543,2.3848653,11.089113,2.3081183,3
43.176212,0.94915783,49.325909842279266,8.5672232086356,0,1,6402.4087,-0.41543543,4,1,false,false,-19.034937,2.4669793,11.47979,2.3013754,3
43.197685,0.94931626,49.32591433802843,8.56721605470061,0,1,6405.54,-0.39858702,4,1,false,false,-18.054945,2.6251662,10.431191,2.2943654,3
43.22245,0.94947475,49.32591892378039,8.56720903931014,0,1,6405.0806,-0.3756381,4,1,false,false,-17.135872,2.7553232,9.766446,2.287359,3
43.25008,0.9496332,49.325923509257954,8.567202023080002,0,1,6407.431,-0.35384956,4,1,false,false,-17.24176,2.9461968,9.980316,2.2806704,3
43.280296,0.9497921,49.325928095009914,8.567195006849866,0,1,6397.5986,-0.34048754,4,1,false,false,-16.736458,2.975661,9.413894,2.274541,3
43.310402,0.9499511,49.32593277049026,8.567188128324581,0,1,6386.603,-0.3343868,4,1,false,false,-15.532907,2.8169568,8.779274,2.2690284,3
43.33869,0.9501103,49.325937446245014,8.567181249799297,0,1,6399.677,-0.3349676,4,1,false,false,-14.605596,2.6280355,8.285278,2.264047,3
43.366028,0.95026964,49.32594212172536,8.567174371274012,0,1,6423.4766,-0.34193912,4,1,false,false,-14.259401,2.5920465,8.260282,2.259483,3
43.392635,0.95042884,49.3259468872085,8.56716763045358,0,1,6433.454,-0.35704607,4,1,false,false,-14.755097,2.5307372,8.73372,2.2551215,3
43.41859,0.95058817,49.32595165269164,8.567160889633147,0,1,6440.743,-0.37796152,4,1,false,false,-15.671142,2.5025752,10.014525,2.2505276,3
43.442463,0.9507475,49.325956508177576,8.567154147973051,0,1,6455.538,-0.3959727,4,1,false,false,-17.12135,2.4603403,11.265588,2.2452655,3
43.46774,0.9509069,49.32596127366072,8.56714740715262,0,1,6464.2744,-0.4026542,4,1,false,false,-17.392738,2.6798277,10.380781,2.239094,3
43.497158,0.95106643,49.32596612914665,8.567140804037038,0,1,6455.684,-0.39481091,4,1,false,false,-16.959291,2.9221992,10.051567,2.2323089,3
43.531097,0.95122594,49.32597107436098,8.567134200921457,0,1,6438.043,-0.37708956,4,1,false,false,-16.746971,3.2242,9.958754,2.225443,3
43.567535,0.9513856,49.3259760195753,8.567127734671065,0,1,6414.168,-0.36024123,4,1,false,false,-16.65435,3.1653883,9.856442,2.2191193,3
43.600727,0.95154536,49.325980965064026,8.567121131555485,0,1,6394.5596,-0.34687817,4,1,false,false,-16.286192,2.8476605,9.718463,2.2137165,3
43.628807,0.9517052,49.32598591027835,8.567114665305091,0,1,6405.313,-0.3404875,4,1,false,false,-15.783171,2.4970136,9.717113,2.209029,3
43.652344,0.9518651,49.32599094549546,8.567108337599215,0,1,6434.4165,-0.34019664,4,1,false,false,-16.230267,2.22798,10.366891,2.2046394,3
43.67431,0.95202506,49.32599598071258,8.567101871348822,0,1,6458.3457,-0.34077737,4,1,false,false,-16.320498,2.2525659,10.762243,2.1999855,3
43.699177,0.95218503,49.326001105932484,8.567095543642946,0,1,6476.748,-0.33990553,4,1,false,false,-16.127005,2.4647062,10.386221,2.1946864,3
43.728657,0.9523451,49.326006141149605,8.567089352802256,0,1,6484.218,-0.33583954,4,1,false,false,-15.366491,2.7708628,9.57973,2.188763,3
43.765087,0.9525053,49.3260113563723,8.567083024256716,0,1,6473.592,-0.32973877,4,1,false,false,-14.921836,3.132782,9.209797,2.1826675,3
43.80395,0.95266545,49.32601648131781,8.567076833416028,0,1,6447.5034,-0.32305726,4,1,false,false,-15.677934,3.149131,10.319808,2.176957,3
43.839603,0.95282584,49.32602169654051,8.56707078028019,0,1,6429.4106,-0.31957093,4,1,false,false,-16.395706,2.9188845,11.081573,2.1717768,3
43.869907,0.95298636,49.3260269114888,8.567064590279166,0,1,6434.749,-0.31608462,4,1,false,false,-16.621407,2.5186954,11.3288765,2.1669354,3
43.896374,0.9531469,49.3260321267115,8.567058537143328,0,1,6455.636,-0.31027502,4,1,false,false,-16.088741,2.406825,10.7684555,2.1620498,3
43.925053,0.95330745,49.32603743166259,8.567052484007492,0,1,6474.7144,-0.29865545,4,1,false,false,-15.22377,2.6190965,9.907469,2.1569536,3
43.95881,0.9534681,49.32604273661368,8.567046567736844,0,1,6474.7197,-0.2852913,4,1,false,false,-13.74379,2.8550696,8.83843,2.1518831,3
43.996143,0.9536289,49.32604804156477,8.567040652305858,0,1,6463.82,-0.27599522,4,1,false,false,-13.03647,2.8854535,8.263201,2.1472633,3
44.032455,0.95378983,49.32605334651586,8.567034736874874,0,1,6459.84,-0.27570426,4,1,false,false,-13.318599,2.762094,8.750642,2.1432202,3
44.06583,0.95395076,49.326058741469744,8.567028821443888,0,1,6467.043,-0.28238577,4,1,false,false,-12.609561,2.436563,8.601811,2.1396146,3
44.094093,0.9541118,49.326064136423625,8.567023043717755,0,1,6489.2056,-0.29110208,4,1,false,false,-12.183344,2.1710367,8.673323,2.1361127,3
44.120266,0.9542731,49.326069621105894,8.567017265991621,0,1,6527.121,-0.30155984,4,1,false,false,-11.739472,2.2949286,8.225485,2.132302,3
44.15161,0.95443434,49.326075016059775,8.567011487425825,0,1,6552.31,-0.31056595,4,1,false,false,-10.198917,2.3408277,6.5019937,2.1281135,3
44.188812,0.9545956,49.326080500742044,8.567005709699693,0,1,6552.3755,-0.3163756,4,1,false,false,-9.2212715,2.7919602,6.4098535,2.123862,3
44.230694,0.9547571,49.32608598569872,8.56700006967841,0,1,6544.607,-0.32392913,4,1,false,false,-9.822653,3.0085385,6.21444,2.1197946,3
44.27059,0.9549187,49.326091470380995,8.566994428817466,0,1,6537.358,-0.33642036,4,1,false,false,-8.642402,2.6041336,5.4671535,2.1161337,3
44.300888,0.95508045,49.32609695533766,8.566988788796184,0,1,6555.019,-0.35297894,4,1,false,false,-11.4957485,1.9864603,8.566345,2.112712,3
44.32855,0.95524216,49.32610253002273,8.56698314793524,0,1,6606.428,-0.37040803,4,1,false,false,-11.550988,2.3295817,7.7578354,2.1084962,3
44.35864,0.95540404,49.3261080149794,8.56697750791396,0,1,6619.8525,-0.3730225,4,1,false,false,-9.898895,1.7698443,6.016033,2.103704,3
44.38781,0.9555661,49.326113589664466,8.566972004757867,0,1,6633.9595,-0.36488932,4,1,false,false,-12.49923,2.648143,9.289719,2.0983267,3
44.43165,0.9557281,49.32611916434953,8.566966364736585,0,1,6648.3843,-0.3523981,4,1,false,false,-13.310028,3.257826,8.877397,2.0921443,3
44.474186,0.9558904,49.32612482903738,8.566960999285344,0,1,6580.3574,-0.3297389,4,1,false,false,-14.097455,2.811608,10.006662,2.08611,3
44.510674,0.9560528,49.32613049372524,8.56695549612925,0,1,6560.878,-0.29662195,4,1,false,false,-14.491713,2.9574904,10.530564,2.0797021,3
44.54999,0.9562152,49.326136158138695,8.566950131517673,0,1,6591.8784,-0.25682223,4,1,false,false,-11.188354,2.6287532,7.931484,2.073308,3
44.57969,0.95637786,49.32614182282655,8.566944766066433,0,1,6574.698,-0.20975912,4,1,false,false,-14.699872,2.0488243,11.29051,2.068205,3
44.600853,0.95654064,49.326147487514405,8.56693940061519,0,1,6607.4487,-0.18303165,4,1,false,false,-14.928753,2.4708767,10.937145,2.0625858,3
44.641582,0.95670354,49.326153242205045,8.566934172868802,0,1,6651.8486,-0.15020351,4,1,false,false,-14.179538,3.1129475,10.60939,2.0562868,3
44.685165,0.9568665,49.326158996621295,8.566928945122413,0,1,6583.246,-0.11388795,4,1,false,false,-16.196362,3.7173574,13.373027,2.0506272,3
44.73419,0.9570297,49.32616475131194,8.566923717376023,0,1,6520.082,-0.08774027,4,1,false,false,-15.337204,3.409414,11.000433,2.0456972,3
44.768642,0.95719314,49.32617059573098,8.566918627334486,0,1,6518.5137,-0.06972797,4,1,false,false,-13.953314,2.1882656,10.495502,2.0422394,3
44.793938,0.95735663,49.326176440150014,8.566913537292947,0,1,6574.672,-0.06420811,4,1,false,false,-13.444129,2.1784031,11.454023,2.0393217,3
44.82716,0.9575203,49.32618228456905,8.56690844725141,0,1,6604.6436,-0.06740342,4,1,false,false,-11.523549,2.5187068,8.866013,2.036429,3
44.859997,0.95768404,49.32618812898809,8.566903357209874,0,1,6580.6123,-0.06972798,4,1,false,false,-11.272803,2.1917167,10.2687025,2.0340161,3
44.900322,0.9578481,49.32619397368153,8.566898404873188,0,1,6606.786,-0.082510255,4,1,false,false,-12.251277,3.336989,10.254656,2.031329,3
44.94149,0.9580122,49.32619990782896,8.566893452536503,0,1,6608.399,-0.09471284,4,1,false,false,-10.013802,2.6065507,7.751544,2.0287867,3
44.97866,0.95817655,49.326205842250786,8.566888499360154,0,1,6591.427,-0.10342912,4,1,false,false,-10.786809,2.6025486,10.46502,2.026591,3
45.028706,0.958341,49.326211776672615,8.56688368472832,0,1,6611.455,-0.11969768,4,1,false,false,-9.570493,3.6106794,9.085759,2.0242925,3
45.07108,0.95850587,49.32621771109444,8.566878870096486,0,1,6573.8687,-0.12928581,4,1,false,false,-9.127282,2.4844375,6.4168906,2.0230744,3
45.105988,0.95867085,49.326223735519065,8.56687405462499,0,1,6579.3457,-0.14264894,4,1,false,false,-11.706703,2.7298844,12.751667,2.022127,3
45.14583,0.9588359,49.32622966994089,8.566869239993155,0,1,6621.659,-0.16037141,4,1,false,false,-8.962093,2.395266,8.744384,2.0205915,3
45.17167,0.95900124,49.32623569409112,8.566864424521658,0,1,6620.8623,-0.16095227,4,1,false,false,-8.885748,1.3224752,10.471843,2.0188987,3
45.20959,0.9591668,49.32624171851573,8.566859747594677,0,1,6683.6147,-0.15979052,4,1,false,false,-8.492661,3.6697211,9.729904,2.0162554,3
45.261303,0.95933264,49.326247742665956,8.566854932123178,0,1,6668.7783,-0.15107542,4,1,false,false,-8.206135,2.9112473,8.280232,2.0135865,3
45.3032,0.95949864,49.326253856818965,8.566850255196197,0,1,6590.226,-0.14032555,4,1,false,false,-9.5662985,3.0886455,11.847564,2.0113885,3
45.35476,0.95966476,49.32625988124359,8.566845577429552,0,1,6616.815,-0.13538651,4,1,false,false,-6.172285,3.0787163,8.52581,2.0090039,3
45.388817,0.9598312,49.3262659953966,8.566841038207421,0,1,6626.674,-0.1263804,4,1,false,false,-7.311132,1.7701935,8.705457,2.0073555,3
45.4237,0.95999783,49.32627210982401,8.566836360440776,0,1,6644.3496,-0.13335298,4,1,false,false,-8.773206,2.855526,12.174355,2.005665,3
45.4687,0.9601645,49.32627813397423,8.566831820378983,0,1,6656.4883,-0.13742009,4,1,false,false,-5.86631,2.5786269,8.129051,2.0037694,3
45.49228,0.9603313,49.32628433813003,8.566827143452,0,1,6650.319,-0.13451582,4,1,false,false,-6.712676,1.2740451,10.678655,2.0023518,3
45.52956,0.96049833,49.32629045228305,8.566822603390207,0,1,6740.043,-0.14119737,4,1,false,false,-6.0382576,2.8802228,9.587969,2.0005076,3
45.565193,0.9606654,49.326296566436056,8.566818063328414,0,1,6739.125,-0.14758801,4,1,false,false,-5.2696333,1.6284132,7.8535147,1.9988338,3
45.58797,0.9608326,49.32630277059186,8.566813524106283,0,1,6734.808,-0.15310894,4,1,false,false,-6.298457,2.2228246,10.559214,1.9970537,3
45.64634,0.96099985,49.32630888501927,8.566809121749342,0,1,6809.3604,-0.15194613,4,1,false,false,-4.410817,3.499797,8.078432,1.9946836,3
45.683224,0.9611675,49.326315089175075,8.566804581687549,0,1,6731.6177,-0.14177822,4,1,false,false,-5.362494,1.8564554,7.793274,1.9927983,3
45.730164,0.96133524,49.32632129305648,8.566800041625756,0,1,6734.5283,-0.14032556,4,1,false,false,-6.852729,3.9189548,10.944927,1.9907291,3
45.77974,0.96150315,49.32632749721228,8.566795639268813,0,1,6754.6733,-0.1377111,4,1,false,false,-5.092369,2.3646016,8.452288,1.9886361,3
45.80638,0.96167123,49.326333701368085,8.566791236911872,0,1,6729.5205,-0.1295757,4,1,false,false,-6.376641,1.6279343,11.482786,1.9867715,3
45.857365,0.9618394,49.32633990552389,8.566786835394593,0,1,6795.287,-0.12550856,4,1,false,false,-5.8472967,3.65307,10.170634,1.9843894,3
45.901726,0.9620079,49.32634619968248,8.566782433037652,0,1,6757.733,-0.112726256,4,1,false,false,-5.538542,2.3482141,9.552608,1.9822832,3
45.942886,0.96217644,49.326352403838285,8.56677803068071,0,1,6725.6143,-0.104009956,4,1,false,false,-6.286375,3.372756,11.659243,1.9802971,3
45.995983,0.9623451,49.326358697722476,8.56677362832377,0,1,6753.017,-0.09616665,4,1,false,false,-4.2946143,2.6126876,8.478463,1.9783019,3
46.02954,0.96251416,49.32636499188107,8.566769225966826,0,1,6730.214,-0.088031255,4,1,false,false,-5.568128,1.9188513,10.39562,1.9768801,3
46.07423,0.9626833,49.32637128603967,8.566764961314737,0,1,6760.9233,-0.0889031,4,1,false,false,-5.2273273,3.3221004,9.926863,1.9753362,3
46.119072,0.96285254,49.326377579923864,8.566760558957796,0,1,6755.5537,-0.089773834,4,1,false,false,-4.052838,2.329846,6.7963886,1.9740269,3
46.148792,0.963022,49.32638387408245,8.566756294305707,0,1,6745.565,-0.09326012,4,1,false,false,-5.0773287,2.4162753,10.190774,1.9729041,3
46.19939,0.9631916,49.32639025796944,8.566752029653616,0,1,6796.7334,-0.09645655,4,1,false,false,-4.5129743,2.9855673,8.606753,1.9714518,3
46.23148,0.96336144,49.32639655212804,8.566747627296674,0,1,6764.023,-0.09616668,4,1,false,false,-3.5586772,1.2914448,6.770585,1.9701368,3
46.271584,0.9635313,49.32640293601502,8.566743362644585,0,1,6799.497,-0.09732837,4,1,false,false,-5.0194154,3.3253932,9.879556,1.9686043,3
46.31969,0.9637014,49.32640923017362,8.566739097992494,0,1,6813.7207,-0.09384098,4,1,false,false,-4.4796333,2.3534625,7.9254594,1.9668499,3
46.354195,0.9638717,49.3264156140606,8.566734833340405,0,1,6772.425,-0.08541683,4,1,false,false,-4.3048544,2.020148,10.377999,1.9651042,3
46.402397,0.9640421,49.326421997947584,8.566730706393168,0,1,6823.314,-0.07321424,4,1,false,false,-4.460365,3.357251,9.1932335,1.9630903,3
46.446777,0.96421266,49.326428381834575,8.566726441741077,0,1,6806.2144,-0.05520197,4,1,false,false,-4.874683,2.3798723,9.598088,1.9612163,3
46.489445,0.96438354,49.326434765995955,8.566722177088987,0,1,6769.97,-0.031959683,4,1,false,false,-4.2295337,2.9573717,8.566776,1.9594721,3
46.530952,0.9645545,49.326441149882946,8.56671805014175,0,1,6790.5996,-0.0029065507,4,1,false,false,-4.794091,2.085221,16.202637,1.9579078,3
46.565044,0.96472555,49.32644762377272,8.56671378548966,0,1,6808.6123,0.03951199,4,1,false,false,-3.7492406,2.3396628,12.975456,1.9564905,3
46.599583,0.96489686,49.326454007659706,8.566709657702757,0,1,6817.186,0.074378215,4,1,false,false,-1.5512183,1.4252214,9.780339,1.9553009,3
46.64869,0.96506834,49.326460391546696,8.566705393050668,0,1,6842.384,0.10197976,4,1,false,false,-2.0537026,4.0819917,11.206401,1.9545975,3
46.70003,0.96523994,49.32646686543647,8.566701266103431,0,1,6785.649,0.12202789,4,1,false,false,-1.8752135,2.991355,10.367721,1.9547036,3
46.745144,0.9654118,49.32647333932625,8.566697139156192,0,1,6729.352,0.13858911,4,1,false,false,-1.565868,2.2809181,10.59555,1.9557916,3
46.77456,0.9655838,49.326479813216025,8.566692874504103,0,1,6788.8027,0.13887899,4,1,false,false,-0.15719311,1.4725457,11.460966,1.9573927,3
46.797523,0.9657559,49.326486197377406,8.566688747556865,0,1,6872.0757,0.12231771,4,1,false,false,0.22807932,1.4393492,12.413587,1.9593291,3
46.829216,0.96592814,49.32649267126719,8.566684619769964,0,1,6895.0854,0.10227074,4,1,false,false,0.6505222,2.3700817,10.771374,1.961478,3
46.87658,0.96610045,49.326499145156966,8.566680355117873,0,1,6878.4956,0.07757351,4,1,false,false,0.77234936,3.0861976,10.138913,1.9637198,3
46.924667,0.96627307,49.326505618772345,8.566676228170635,0,1,6844.2427,0.057817526,4,1,false,false,0.87837815,2.8556366,10.66542,1.9658674,3
46.971245,0.96644586,49.32651209266212,8.566671963518546,0,1,6831.9194,0.039802976,4,1,false,false,1.0296742,2.5965683,10.297826,1.9677652,3
47.010292,0.96661884,49.3265185665519,8.566667836571307,0,1,6837.099,0.025566846,4,1,false,false,1.3149534,2.2519484,9.949825,1.9693424,3
47.04542,0.966792,49.32652504044167,8.566663571919218,0,1,6855.783,0.017722424,4,1,false,false,1.4862366,2.09905,9.481365,1.9706427,3
47.081676,0.9669652,49.32653160433424,8.566659307267129,0,1,6878.1646,0.012492431,4,1,false,false,1.4964006,2.1824555,9.102438,1.9717407,3
47.119102,0.96713865,49.32653807822402,8.566655042615038,0,1,6886.652,0.011330711,4,1,false,false,1.3491235,2.341757,8.702538,1.9726642,3
47.15728,0.9673122,49.326544552113795,8.5666509156678,0,1,6891.464,0.012783422,4,1,false,false,1.150761,2.2715614,7.418887,1.9734187,3
47.194393,0.96748596,49.32655102600357,8.566646651015711,0,1,6906.815,0.0165607,4,1,false,false,1.2619606,2.1931055,7.344884,1.9740006,3
47.229828,0.96765983,49.32655758962174,8.566642386363622,0,1,6926.3423,0.021789568,4,1,false,false,1.1831508,2.0784762,7.6188445,1.9744568,3
47.264378,0.9678338,49.32656406351152,8.56663812171153,0,1,6944.2812,0.03283041,4,1,false,false,1.5507296,1.9894118,8.31893,1.9748129,3
47.29793,0.968008,49.32657062740409,8.566633856219777,0,1,6968.5127,0.045032963,4,1,false,false,2.0281124,2.0748575,9.207977,1.9752072,3
47.33727,0.9681823,49.326577101293864,8.5666294547025,0,1,6988.1216,0.059270225,4,1,false,false,2.1711833,2.499847,8.191723,1.9757428,3
47.382126,0.96835685,49.32658357518364,8.56662519005041,0,1,6972.7954,0.06856624,4,1,false,false,2.695777,2.8283708,9.965243,1.9764731,3
47.433407,0.96853155,49.32659013907621,8.56662092539832,0,1,6939.1206,0.07408722,4,1,false,false,2.5071797,3.0559468,8.164189,1.9773564,3
47.480473,0.96870637,49.326596702694374,8.566616523041379,0,1,6911.369,0.07234464,4,1,false,false,2.441944,2.5494423,9.34014,1.9782952,3
47.519867,0.9688814,49.32660317658416,8.566612258389288,0,1,6916.8984,0.07292552,4,1,false,false,2.2172697,2.2367206,9.324488,1.9792209,3
47.554825,0.9690567,49.32660974047672,8.566607856032347,0,1,6940.906,0.06769551,4,1,false,false,2.2885566,1.6565627,8.9998045,1.9800885,3
47.585876,0.9692321,49.32661630436929,8.566603591380257,0,1,6967.7544,0.06246552,4,1,false,false,2.3228328,2.0097308,9.533526,1.9809752,3
47.621174,0.9694075,49.32662277798467,8.566599189023316,0,1,6990.402,0.056073822,4,1,false,false,2.5633688,2.1896992,11.065596,1.982007,3
47.65795,0.9695832,49.326629341877236,8.566594786666373,0,1,6987.927,0.052587524,4,1,false,false,2.5906413,2.0631783,9.213883,1.9831343,3
47.70088,0.969759,49.326635905769805,8.566590384309432,0,1,6992.289,0.045904826,4,1,false,false,2.507085,2.561638,10.121225,1.9843814,3
47.745327,0.96993494,49.32664237965958,8.56658598195249,0,1,6979.6997,0.043580268,4,1,false,false,3.7071564,2.8360407,14.024118,1.9855855,3
47.78788,0.9701111,49.32664894327775,8.56658157959555,0,1,6950.792,0.04125682,4,1,false,false,3.0400755,2.3186586,12.526697,1.9867233,3
47.830288,0.9702873,49.326655507170315,8.566577177238607,0,1,6956.353,0.036026824,4,1,false,false,2.7755454,2.4209008,11.877636,1.9877967,3
47.863228,0.9704636,49.326662071062884,8.566572638016478,0,1,6966.845,0.03341239,4,1,false,false,2.5008235,2.3213341,13.018795,1.9887807,3
47.901127,0.97064,49.326668634681056,8.566568235659535,0,1,6974.697,0.029344125,4,1,false,false,3.15778,2.0094335,11.932326,1.9896698,3
47.93997,0.9708165,49.326675198573625,8.566563695597742,0,1,6973.8374,0.017141558,4,1,false,false,2.599565,2.362821,11.330632,1.9904805,3
47.976173,0.97099316,49.326681762466194,8.566559155535948,0,1,6975.7056,0.008425283,4,1,false,false,1.7747769,2.3437202,10.586314,1.9911766,3
48.011375,0.9711698,49.32668832608436,8.566554753179007,0,1,6985.8574,0.0043570157,4,1,false,false,1.5239103,1.936679,10.008112,1.991721,3
48.046314,0.9713466,49.32669488997693,8.566550213956877,0,1,7000.376,0.0037761545,4,1,false,false,1.072131,1.9907113,7.1694,1.9920547,3
48.07797,0.97152346,49.3267014535951,8.566545673895083,0,1,7017.602,0.006100719,4,1,false,false,1.9595349,1.8187736,9.673963,1.9922082,3
48.110023,0.9717005,49.32670801748767,8.56654113383329,0,1,7035.6504,0.019466126,4,1,false,false,1.4923884,2.063262,11.561063,1.9923922,3
48.138645,0.9718777,49.32671458138024,8.56653659461116,0,1,7050.834,0.036607686,4,1,false,false,1.7294177,1.363122,9.557564,1.9926314,3
48.170692,0.9720549,49.3267211449984,8.566532054549366,0,1,7094.085,0.049101237,4,1,false,false,1.9849358,2.4108322,8.48199,1.993089,3
48.21598,0.9722322,49.32672770889097,8.566527514487573,0,1,7096.495,0.058107384,4,1,false,false,2.3668513,2.8903956,9.771941,1.9937459,3
48.263996,0.9724099,49.32673436251193,8.56652297442578,0,1,7023.374,0.06682367,4,1,false,false,1.9027154,2.8568,10.217604,1.9945061,3
48.306847,0.9725875,49.3267409264045,8.566518297498797,0,1,7000.045,0.0717638,4,1,false,false,1.9423944,2.2983851,9.214156,1.9952643,3
48.338593,0.9727654,49.326747490297066,8.566513757437004,0,1,7044.416,0.069729105,4,1,false,false,1.9868144,1.7315823,9.312037,1.9960725,3
48.36852,0.97294337,49.32675405391524,8.566509080510022,0,1,7076.8784,0.06450021,4,1,false,false,2.2148376,1.8918669,9.972486,1.9969538,3
48.401638,0.9731214,49.32676070781059,8.566504540448229,0,1,7071.0127,0.05665467,4,1,false,false,1.9901577,2.0414162,9.243468,1.9979281,3
48.435837,0.9732996,49.326767271428764,8.566499862681583,0,1,7073.143,0.04997309,4,1,false,false,1.9061232,2.0510757,9.059046,1.9989597,3
48.469223,0.9734779,49.32677383532133,8.566495323459453,0,1,7092.2144,0.042709537,4,1,false,false,1.6050838,2.016157,8.381685,2.0000072,3
48.503933,0.9736564,49.32678048894229,8.566490645692808,0,1,7099.308,0.036316708,4,1,false,false,2.0213656,2.1232731,9.42794,2.00102,3
48.54043,0.97383493,49.32678705283486,8.566485967926162,0,1,7094.905,0.033121403,4,1,false,false,2.0438344,2.2612638,10.208245,2.0020065,3
48.577656,0.9740136,49.326793706455824,8.566481290999182,0,1,7097.668,0.030505847,4,1,false,false,1.8942525,2.1583207,10.030806,2.0029433,3
48.61211,0.9741925,49.326800270348386,8.566476613232535,0,1,7108.4272,0.028181275,4,1,false,false,2.1738317,2.1545196,10.2902,2.0038123,3
48.649597,0.97437143,49.32680692396935,8.566471936305554,0,1,7116.833,0.02440513,4,1,false,false,2.331099,2.321306,11.247532,2.004664,3
48.68842,0.97455055,49.32681348786192,8.566467258538909,0,1,7103.0127,0.020046983,4,1,false,false,2.2049062,2.3652165,11.309129,2.0054662,3
48.726715,0.97472984,49.32682014148288,8.566462443907074,0,1,7091.817,0.011039715,4,1,false,false,2.035868,2.2941418,10.888987,2.006174,3
48.76279,0.9749092,49.326826795103834,8.566457766140429,0,1,7098.21,-0.0023245665,4,1,false,false,1.8986008,2.1410453,11.29057,2.0067644,3
48.797585,0.97508866,49.3268333589964,8.566453089213448,0,1,7104.925,-0.016560704,4,1,false,false,1.4131048,2.0912929,10.897452,2.0071971,3
48.83211,0.97526824,49.32684001261737,8.56644827374195,0,1,7105.752,-0.03050697,4,1,false,false,1.020975,2.097178,10.843055,2.0074186,3
48.86586,0.9754481,49.32684666651272,8.566443596814969,0,1,7112.7017,-0.0432904,4,1,false,false,0.6458774,2.0078602,9.902719,2.007415,3
48.8987,0.97562796,49.326853230130894,8.566438781343471,0,1,7126.058,-0.05374924,4,1,false,false,0.26031238,1.9698302,10.261349,2.0072045,3
48.931686,0.97580796,49.326859884026256,8.566433966711637,0,1,7135.9443,-0.05839725,4,1,false,false,-0.10740949,2.0302453,9.940188,2.006783,3
48.965343,0.975988,49.32686653764721,8.566429288944992,0,1,7141.4185,-0.057525404,4,1,false,false,-0.12697874,2.0292997,9.629423,2.006157,3
48.99864,0.97616833,49.32687319126817,8.566424474313159,0,1,7148.387,-0.052296527,4,1,false,false,-0.3317901,2.0213892,9.707317,2.0053818,3
49.032524,0.9763487,49.32687984516353,8.566419659681324,0,1,7158.5776,-0.04532284,4,1,false,false,-0.57465225,2.0508013,10.328378,2.004512,3
49.06615,0.9765291,49.32688649878449,8.56641498191468,0,1,7162.5156,-0.03341128,4,1,false,false,-0.42293376,2.0459948,10.206562,2.0035923,3
49.100677,0.97670966,49.326893152405454,8.566410167282847,0,1,7167.5283,-0.022952413,4,1,false,false,-0.63674825,2.1225245,9.359115,2.0026975,3
49.13461,0.97689044,49.32689980630081,8.566405351811348,0,1,7171.1265,-0.010749849,4,1,false,false,-0.8354008,2.0931447,8.860886,2.0018635,3
49.16189,0.97707134,49.32690645992177,8.566400537179515,0,1,7021.6577,4.656613e-10,0,1,false,false,-0.13906471,0.42314705,11.958917,2.0011249,3
49.1456,0.9772521,49.32691311354273,8.56639585941287,0,1,6883.369,0.011621703,0,1,false,false,-0.31233153,-1.3872945,11.828671,2.0005672,3
49.171543,0.97743297,49.32691985716648,8.566391044781035,0,1,5973.467,0.020627845,5,1,false,false,-0.932552,4.8923397,11.064997,2.0002081,3
49.24464,0.977614,49.32692651106184,8.566386229309538,0,1,5756.4185,0.027891414,5,1,false,false,-0.40854895,3.3656223,9.968066,2.000033,3
49.248566,0.9777952,49.3269331646828,8.566381414677705,0,1,6153.193,0.034574114,5,1,false,false,-0.43182757,-0.35918635,10.209428,2.0001245,3
49.27706,0.9779765,49.32693990830655,8.56637660004587,0,1,6027.928,0.037188552,5,1,false,false,-0.3740983,2.9838622,10.320977,2.0004213,3
49.329235,0.97815776,49.326946561927514,8.566371922279226,0,1,5896.47,0.03254055,5,1,false,false,-0.17000446,3.0061693,9.797776,2.0008643,3
49.357845,0.97833943,49.32695321554847,8.566367107647393,0,1,6012.6655,0.02876326,5,1,false,false,0.0225735,1.3588161,9.585869,2.00141,3
49.38297,0.97852105,49.32695995917222,8.566362292175894,0,1,6042.009,0.02672969,5,1,false,false,0.02192451,1.8311994,9.087519,2.0020013,3
49.41898,0.9787028,49.32696670279598,8.566357477544061,0,1,5995.17,0.024696117,5,1,false,false,0.19063233,2.288787,9.005908,2.002595,3
49.453526,0.97888464,49.32697335669133,8.566352662912228,0,1,6018.981,0.024696117,5,1,false,false,0.3207071,1.9733447,9.511135,2.0031955,3
49.48537,0.9790666,49.32698010031508,8.56634784744073,0,1,6040.9385,0.02672969,5,1,false,false,0.54764307,1.9924116,9.369795,2.003803,3
49.51993,0.97924876,49.32698684393883,8.566343032808897,0,1,6027.475,0.02818128,5,1,false,false,0.6433362,2.1703997,9.295755,2.004412,3
49.55569,0.9794309,49.3269934975598,8.5663382173374,0,1,6030.744,0.02818128,5,1,false,false,0.69098306,2.1672719,9.448709,2.0050242,3
49.59032,0.9796133,49.32700024118355,8.566333402705565,0,1,6036.3286,0.02818128,5,1,false,false,0.80680346,2.0963986,9.588688,2.0056436,3
49.624794,0.9797958,49.3270069848073,8.56632845036888,0,1,6032.9795,0.026438694,5,1,false,false,0.9288949,2.0877182,9.026264,2.0062609,3
49.658844,0.97997856,49.32701372843105,8.566323634897383,0,1,6037.2056,0.023242276,5,1,false,false,0.8657731,2.0402353,9.235281,2.0068612,3
49.691864,0.98016125,49.3270204720548,8.566318820265549,0,1,6044.476,0.020336855,5,1,false,false,0.81684816,2.005546,9.715127,2.0074337,3
49.724606,0.9803442,49.327027215678555,8.566313867928864,0,1,6049.776,0.017141562,5,1,false,false,0.9922658,1.9744403,9.754525,2.0079677,3
49.75715,0.9805271,49.32703386929951,8.566309052457367,0,1,6057.9116,0.013073292,5,1,false,false,0.83911127,2.0007138,9.869956,2.0084949,3
49.79078,0.98071027,49.32704061292326,8.566304237825532,0,1,6065.425,0.010458859,5,1,false,false,0.82856137,2.0753706,9.6538315,2.0089965,3
49.825603,0.9808935,49.327047446549805,8.566299285488848,0,1,6063.421,0.007844425,5,1,false,false,0.896284,2.135694,9.994959,2.0094442,3
49.860676,0.98107684,49.327054190173556,8.56629447001735,0,1,6060.1606,0.005809728,5,1,false,false,0.87882674,2.123934,9.968757,2.0098226,3
49.895058,0.9812603,49.327060933797306,8.566289517680664,0,1,6062.2075,0.0043570152,5,1,false,false,0.893206,2.0455883,9.876308,2.010128,3
49.92828,0.981444,49.327067677421056,8.56628456534398,0,1,6065.275,0.004357015,5,1,false,false,0.8116861,2.0151856,9.873506,2.0103781,3
49.961185,0.98162776,49.32707442104481,8.566279749872482,0,1,6069.4834,0.0055198586,5,1,false,false,0.83831537,1.9937955,10.257251,2.010584,3
49.993847,0.9818116,49.32708116466856,8.566274797535796,0,1,6074.748,0.0061007193,5,1,false,false,0.7396785,1.9770949,9.929718,2.0107594,3
50.026215,0.9819956,49.327087998295106,8.56626984519911,0,1,6080.5146,0.008135416,5,1,false,false,0.73967767,1.9672382,9.741852,2.0109131,3
50.058895,0.9821797,49.327094741918856,8.566264892862424,0,1,6086.1924,0.009877997,5,1,false,false,0.6844942,1.996207,9.744975,2.0110643,3
50.09194,0.982364,49.327101485542606,8.566259939686075,0,1,6088.946,0.01191157,5,1,false,false,0.7390349,1.9975019,9.4383745,2.0112133,3
50.124928,0.98254836,49.32710831889475,8.56625498734939,0,1,6091.2007,0.014526004,5,1,false,false,0.5830641,1.9755714,9.292275,2.0113707,3
50.157303,0.9827328,49.3271150625185,8.566250035012706,0,1,6096.7466,0.01714156,5,1,false,false,0.7165136,1.9622253,9.778484,2.0115383,3
50.18943,0.9829174,49.32712180614225,8.56624508267602,0,1,6103.6987,0.018594269,5,1,false,false,0.67917013,1.9428391,9.625229,2.0117424,3
50.221348,0.9831022,49.327128639768794,8.56624012949967,0,1,6109.3833,0.020336859,5,1,false,false,0.710845,1.9404786,9.740042,2.0119903,3
50.254044,0.983287,49.32713547339534,8.566235177162985,0,1,6115.779,0.022951294,5,1,false,false,0.6956765,1.9988066,10.079366,2.0122736,3
50.287445,0.98347193,49.32714221701909,8.566230224826299,0,1,6117.0537,0.024115255,5,1,false,false,0.70809925,2.0413299,10.070273,2.01259,3
50.321003,0.983657,49.327149050371226,8.566225272489614,0,1,6116.5234,0.025857843,5,1,false,false,0.81190675,2.0330892,9.887782,2.0129447,3
50.35429,0.9838422,49.32715579399498,8.566220182448076,0,1,6118.9717,0.02818128,5,1,false,false,0.8587561,2.020649,10.518628,2.0133455,3
50.387222,0.9840276,49.32716262762152,8.566215229271727,0,1,6120.9067,0.030214852,5,1,false,false,0.8859778,1.9942865,10.472146,2.0137877,3
50.419605,0.984213,49.32716946124806,8.566210276935042,0,1,6122.55,0.0313777,5,1,false,false,1.045399,1.9686617,10.6082,2.0142581,3
50.451843,0.98439866,49.327176294874604,8.566205186893503,0,1,6127.583,0.031377696,5,1,false,false,1.0308417,1.9673852,10.096209,2.014775,3
50.48383,0.9845843,49.327183038498355,8.566200234556819,0,1,6130.7285,0.031377696,5,1,false,false,1.0391513,1.9574008,9.893077,2.015324,3
50.515804,0.9847701,49.3271898718505,8.566195144515282,0,1,6132.758,0.031377696,5,1,false,false,0.99490345,1.9631392,9.985953,2.0158927,3
50.547474,0.984956,49.32719670547704,8.566190191338933,0,1,6137.4106,0.030505843,5,1,false,false,1.0961146,1.9085109,9.714106,2.016462,3
50.578377,0.985142,49.327203539103586,8.566185101297394,0,1,6142.9927,0.028472273,5,1,false,false,1.0882344,1.8691738,9.185202,2.0170307,3
50.608986,0.98532814,49.32721037245573,8.566180011255858,0,1,6151.8843,0.027019564,5,1,false,false,1.0886239,1.8625522,9.253307,2.0175953,3
50.639816,0.9855144,49.32721720608227,8.566175058919171,0,1,6159.259,0.026438702,5,1,false,false,1.0791075,1.8840027,9.52097,2.0181575,3
50.67081,0.9857008,49.32722403970881,8.566169968877634,0,1,6164.9106,0.025566846,5,1,false,false,1.1450495,1.897648,10.153483,2.0187209,3
50.70224,0.9858873,49.327230873060955,8.566164878836098,0,1,6172.053,0.02382426,5,1,false,false,1.1598569,1.9233013,8.934563,2.019292,3
50.73423,0.986074,49.3272377066875,8.56615978879456,0,1,6176.2715,0.02120871,5,1,false,false,1.1192541,1.9827588,8.766102,2.01986,3
50.767574,0.98626065,49.32724454031404,8.566154698753023,0,1,6175.473,0.019175135,5,1,false,false,1.1720291,2.0663679,9.33607,2.0204062,3
50.80071,0.98644745,49.327251373666186,8.566149608711486,0,1,6171.688,0.01626971,5,1,false,false,1.0266249,1.9349962,8.868904,2.0209126,3
50.831528,0.9866345,49.32725820729272,8.566144518669947,0,1,6177.851,0.012492431,5,1,false,false,1.0091565,1.8159822,9.020827,2.0213757,3
50.86146,0.98682153,49.327265040919265,8.56613942862841,0,1,6193.65,0.008716278,5,1,false,false,0.89980215,1.8117956,8.414014,2.0218217,3
50.891857,0.98700875,49.32727187427141,8.56613420088202,0,1,6199.367,0.0055198604,5,1,false,false,0.91961235,1.8688645,10.0316305,2.022246,3
50.923954,0.987196,49.327278797900746,8.566129110840484,0,1,6202.3516,0.00087185256,5,1,false,false,0.8362136,1.9774741,8.847527,2.0226479,3
50.95615,0.9873834,49.327285631252884,8.566124019959283,0,1,6206.1016,-0.004358139,5,1,false,false,0.9314036,1.8895221,9.542469,2.02301,3
50.98999,0.987571,49.32729246487943,8.566118793052556,0,1,6208.9434,-0.007263563,5,1,false,false,0.72135264,2.1730816,11.149348,2.0233436,3
51.024525,0.9877587,49.32729929850597,8.566113702171355,0,1,6198.962,-0.009006145,5,1,false,false,0.5874313,2.0053115,10.356068,2.0235875,3
51.057,0.98794645,49.32730622186091,8.566108612129819,0,1,6196.527,-0.0116217015,5,1,false,false,0.57533205,1.9615384,10.498102,2.0237272,3
51.08938,0.9881343,49.327313055487444,8.56610338438343,0,1,6206.274,-0.014527127,5,1,false,false,0.6308766,1.9745055,10.898717,2.0237792,3
51.1215,0.9883223,49.32731997884238,8.566098157476704,0,1,6198.6606,-0.015107988,5,1,false,false,0.51334184,1.9436667,10.593825,2.0237527,3
51.15304,0.98851055,49.327326812468925,8.566093066595503,0,1,6197.6475,-0.013655276,5,1,false,false,0.37194204,1.8753666,10.82841,2.0236464,3
51.18266,0.9886988,49.327333735823856,8.566087839688777,0,1,6209.375,-0.011330711,5,1,false,false,0.16351897,1.7912856,10.880729,2.0234857,3
51.212227,0.9888871,49.3273405694504,8.566082748807576,0,1,6216.3223,-0.009587006,5,1,false,false,0.35002828,1.8134094,10.678466,2.0232782,3
51.242397,0.9890756,49.32734749280534,8.566077521900851,0,1,6219.4346,-0.008425285,5,1,false,false,0.19147798,1.8555763,10.941106,2.0230796,3
51.272858,0.98926413,49.327354416434666,8.566072294154461,0,1,6224.9004,-0.005810851,5,1,false,false,0.10634489,1.8727918,10.8542185,2.0228872,3
51.30334,0.9894529,49.32736124978681,8.566067066408072,0,1,6227.5283,-0.00348741,5,1,false,false,-0.12241413,1.8820829,9.793677,2.0227065,3
51.3345,0.9896416,49.32736817341614,8.566061976366534,0,1,6229.186,-0.0011617206,5,1,false,false,-0.0021118075,1.9082255,8.605183,2.022507,3
51.365192,0.9898306,49.32737509677108,8.566056748620145,0,1,6229.587,-0.00058086053,5,1,false,false,-0.073349476,1.85211,8.144662,2.0223167,3
51.394188,0.9900197,49.32738202012601,8.566051520873756,0,1,6234.5947,0.00029099197,5,1,false,false,0.023975223,1.6960367,9.495089,2.022137,3
51.419758,0.99020875,49.32738885375255,8.566046293127366,0,1,6250.111,0.00029099197,5,1,false,false,-0.16896453,1.441545,9.943415,2.0219953,3
51.443516,0.99039805,49.32739577710749,8.566041065380977,0,1,6280.515,-0.00028986848,5,1,false,false,-0.19340928,1.4897482,10.04744,2.021876,3
51.472527,0.9905873,49.32740270073682,8.566035837634589,0,1,6300.898,-0.0023245655,5,1,false,false,-0.13571069,2.080903,10.590638,2.0217807,3
51.509712,0.9907767,49.32740962409176,8.566030609888198,0,1,6280.147,-0.0037772774,5,1,false,false,-0.33846465,2.3747675,10.874267,2.021711,3
51.549046,0.9909663,49.32741654758389,8.56602538214181,0,1,6248.7397,-0.0049389987,5,1,false,false,-0.6137168,2.3109732,11.056482,2.0216534,3
51.582497,0.99115604,49.327423471076024,8.56602015439542,0,1,6241.449,-0.0058108508,5,1,false,false,-0.29174495,1.9079278,10.785591,2.0215838,3
51.611546,0.9913459,49.32743048443375,8.56601492664903,0,1,6250.121,-0.005810851,5,1,false,false,-0.65132844,1.743577,9.948127,2.0215273,3
51.639526,0.9915358,49.32743740778868,8.566009698902642,0,1,6253.7637,-0.000871853,5,1,false,false,-0.66833925,1.7371868,10.269801,2.0214605,3
51.66616,0.9917258,49.327444331280816,8.566004471995916,0,1,6259.4756,0.004067146,5,1,false,false,0.086992264,1.6093343,10.0915985,2.0213535,3
51.691967,0.991916,49.32745125477295,8.565999244249527,0,1,6277.0527,0.008716277,5,1,false,false,0.23472778,1.4092053,8.918897,2.0212758,3
51.718563,0.99210626,49.32745826813068,8.565994016503138,0,1,6294.8047,0.0142361345,5,1,false,false,-0.25638455,1.7553864,9.004447,2.0212982,3
51.744762,0.9922966,49.32746519162281,8.565988788756748,0,1,6304.119,0.020046985,5,1,false,false,-0.28703338,1.8496535,8.788025,2.0214207,3
51.772377,0.99248695,49.327472114977745,8.56598356101036,0,1,6314.2007,0.022370428,5,1,false,false,0.3754266,1.6851549,8.719547,2.0216336,3
51.80607,0.99267757,49.32747912833547,8.56597833326397,0,1,6317.691,0.019466132,5,1,false,false,0.16635104,1.8631513,8.272419,2.0219464,3
51.838924,0.99286824,49.3274860518276,8.56597310551758,0,1,6304.4497,0.013654151,5,1,false,false,0.058138624,1.9931401,8.413171,2.0222824,3
51.8685,0.99305904,49.32749306518533,8.565967877771191,0,1,6309.6704,0.0072635654,5,1,false,false,-0.15220082,1.9070605,8.1651535,2.0226092,3
51.89671,0.99324983,49.32749998867746,8.56596251231995,0,1,6323.5723,0.0020335722,5,1,false,false,-0.15777472,1.6908079,9.354464,2.0229151,3
51.92581,0.9934408,49.32750700203518,8.56595728457356,0,1,6326.778,-0.0020335733,5,1,false,false,0.108152926,1.777746,9.392118,2.0231705,3
51.9561,0.99363196,49.32751401539291,8.565952056827172,0,1,6330.9927,-0.007263565,5,1,false,false,0.0057480037,1.8244009,9.72319,2.0233922,3
51.988144,0.9938232,49.327520938885044,8.565946692215595,0,1,6333.4844,-0.009297137,5,1,false,false,-0.23548138,2.02898,10.6336565,2.0235708,3
52.020443,0.9940145,49.32752795224277,8.565941464469205,0,1,6321.459,-0.01133071,5,1,false,false,0.06391156,1.9571257,11.166513,2.0236733,3
52.05273,0.99420595,49.32753496560049,8.565936236722816,0,1,6317.5195,-0.013365406,5,1,false,false,0.15234384,1.9010376,9.933676,2.0237086,3
52.083363,0.9943975,49.32754197895822,8.565930871271576,0,1,6318.8784,-0.014527127,5,1,false,false,-0.3891523,1.8599707,9.304413,2.0236902,3
52.11173,0.99458915,49.32754890245035,8.565925643525185,0,1,6318.6577,-0.0133654075,5,1,false,false,-0.37373948,1.7509348,10.613739,2.0235875,3
52.138752,0.994781,49.32755591580808,8.565920278073945,0,1,6324.0894,-0.009877998,5,1,false,false,0.14958575,1.5704446,13.940577,2.0234406,3
52.165,0.9949729,49.3275629291658,8.565915051167218,0,1,6338.7085,-0.0075545562,5,1,false,false,0.04743266,1.4378197,12.461605,2.0233035,3
52.191807,0.9951649,49.32756994252353,8.565909685715978,0,1,6357.4067,-0.009297137,5,1,false,false,-0.25442463,1.856804,10.230564,2.0231845,3
52.225124,0.995357,49.327576955881256,8.565904457969589,0,1,6353.5723,-0.009877997,5,1,false,false,-0.6426575,2.510423,10.538726,2.0231059,3
52.26076,0.9955492,49.32758396923898,8.565899092518347,0,1,6311.8394,-0.008425285,5,1,false,false,-0.58947957,2.007525,10.539477,2.0230112,3
52.288944,0.9957415,49.3275909825967,8.565893864771958,0,1,6308.7935,-0.006972572,5,1,false,false,-0.30642548,1.4574834,11.63122,2.0228913,3
52.31156,0.9959339,49.32759808595722,8.565888499320717,0,1,6346.066,-0.0066827033,5,1,false,false,-0.39519975,1.3707846,9.458817,2.0227423,3
52.333557,0.9961264,49.327605099314944,8.565883271574327,0,1,6359.4297,-0.005810851,5,1,false,false,-0.06464088,1.4529151,10.325512,2.022571,3
52.360786,0.99631906,49.32761211267267,8.56587790696275,0,1,6368.761,-0.000871853,5,1,false,false,-0.11738664,1.8077625,9.169669,2.022429,3
52.38813,0.99651176,49.3276191260304,8.565872541511508,0,1,6368.908,0.004357015,5,1,false,false,-0.52324116,1.5157123,7.451167,2.0223289,3
52.414497,0.9967045,49.32762622925371,8.56586731376512,0,1,6383.6553,0.009297137,5,1,false,false,-0.06386118,1.8408743,7.0128636,2.0222237,3
52.44224,0.99689746,49.32763324261144,8.565861948313879,0,1,6390.626,0.013945143,5,1,false,false,0.09816608,1.5723879,8.781992,2.0221794,3
52.46798,0.9970904,49.32764025610636,8.5658565837023,0,1,6390.59,0.020046989,5,1,false,false,0.2832297,1.328038,8.887388,2.022186,3
52.489033,0.99728346,49.32764735932968,8.565851355955912,0,1,6427.6343,0.020917721,5,1,false,false,0.3413617,1.4710158,8.4100685,2.022297,3
52.518566,0.99747664,49.327654372687405,8.565845990504672,0,1,6451.789,0.019755995,5,1,false,false,-0.14267015,2.2180927,8.556377,2.0225337,3
52.55529,0.99767005,49.32766147604792,8.56584062505343,0,1,6410.31,0.017432554,5,1,false,false,-0.31555092,2.3839386,9.946254,2.0228682,3
52.593548,0.9978634,49.327668489405646,8.565835259602189,0,1,6380.046,0.013364283,5,1,false,false,-0.038448185,1.9948962,11.1383915,2.0232363,3
52.62395,0.998057,49.327675592628964,8.56582989499061,0,1,6387.022,0.0081354175,5,1,false,false,0.1830565,1.7227956,11.316506,2.0235932,3
52.65231,0.9982506,49.32768269585228,8.565824667244222,0,1,6394.383,-0.00087185204,5,1,false,false,0.06293219,1.7710295,10.543473,2.0239265,3
52.68044,0.99844444,49.327689709347204,8.565819301792981,0,1,6386.1606,-0.008425283,5,1,false,false,-0.26930428,1.8550347,10.60862,2.0242293,3
52.707916,0.9986382,49.32769681257052,8.565813936341739,0,1,6389.3384,-0.013074413,5,1,false,false,-0.28287825,1.6784228,11.764519,2.024469,3
52.733955,0.9988323,49.32770391579384,8.565808570890498,0,1,6398.867,-0.014236135,5,1,false,false,0.11788696,1.4890637,12.075579,2.024629,3
52.760105,0.9990263,49.32771101915436,8.565803206278922,0,1,6406.421,-0.014818119,5,1,false,false,-0.2568973,1.6413115,10.098429,2.0247245,3
52.78828,0.99922043,49.32771803251208,8.56579784082768,0,1,6414.044,-0.013655276,5,1,false,false,-0.0814383,1.8006276,10.826263,2.0247607,3
52.816216,0.9994148,49.3277251357354,8.565792475376439,0,1,6411.9463,-0.011330711,5,1,false,false,-0.081222385,1.8690865,10.336157,2.0247614,3
52.8439,0.9996091,49.327732239095916,8.565787109925198,0,1,6411.22,-0.008716277,5,1,false,false,-0.04847282,1.6550674,11.560902,2.0247452,3
52.871593,0.9998036,49.32773934231923,8.56578174531362,0,1,6417.4106,-0.006101844,5,1,false,false,0.04651338,1.7186003,9.271811,2.0247307,3
52.89914,0.99999815,49.32774644567974,8.56577637986238,0,1,6420.3438,-0.00348741,5,1,false,false,-0.21010938,1.6868899,7.619736,2.0247307,3
52.926643,0.00019285452,49.32775354890306,8.565770876706287,0,1,6422.8345,-0.0029065493,5,1,false,false,-0.09565908,1.7134467,8.324452,2.0247014,3
