Speed,LapDistPct,Lat,Lon,Brake,Throttle,RPM,SteeringWheelAngle,Gear,Clutch,ABSActive,DRSActive,LatAccel,LongAccel,VertAccel,Yaw,PositionType
52.813484,0.00018883662,49.32775489771013,8.565775829042972,0,1,6412.602,-0.01791548,5,1,false,false,-0.54679203,1.9389141,8.285693,2.0238929,3
52.844967,0.0003832083,49.32776200093345,8.565770464431393,0,1,6409.88,-0.020095112,5,1,false,false,-0.5825537,1.759154,9.299703,2.0237098,3
52.869694,0.00057768036,49.327769104156765,8.565765098980153,0,1,6420.803,-0.022757854,5,1,false,false,-0.6350947,1.3712384,8.940986,2.0234919,3
52.894146,0.00077224564,49.32777620751728,8.565759733528912,0,1,6465.7974,-0.025905587,5,1,false,false,-0.82517266,1.6421686,8.27508,2.0232286,3
52.926376,0.0009669104,49.3277833107406,8.56575436807767,0,1,6471.491,-0.027357738,5,1,false,false,-1.0008101,2.201816,8.825185,2.0229018,3
52.96528,0.0011617177,49.327790414101116,8.565749003466093,0,1,6436.217,-0.02953737,5,1,false,false,-1.0010923,2.386889,9.570405,2.0225134,3
53.001274,0.001356659,49.327797517324434,8.565743638014853,0,1,6423.459,-0.030263916,5,1,false,false,-0.98940015,2.0185742,8.885417,2.022093,3
53.03207,0.0015517317,49.32780471055054,8.565738134858758,0,1,6435.2476,-0.030747965,5,1,false,false,-1.2323294,1.8095378,9.919354,2.0216794,3
53.061893,0.0017469085,49.327811813773856,8.565732770247182,0,1,6440.305,-0.02881083,5,1,false,false,-1.2024121,1.8396523,10.079077,2.0212297,3
53.09181,0.0019422016,49.32781891713437,8.56572740479594,0,1,6440.209,-0.027116187,5,1,false,false,-1.2941797,1.7780522,10.030365,2.0207412,3
53.122116,0.0021376023,49.327826110360476,8.5657220393447,0,1,6450.178,-0.024453443,5,1,false,false,-1.0580788,1.837451,9.560524,2.020224,3
53.152138,0.0023331232,49.327833213583794,8.565716673893458,0,1,6452.4194,-0.020579167,5,1,false,false,-1.3304105,1.8467706,8.95206,2.0197375,3
53.183056,0.0025287543,49.327840406809905,8.565711308442218,0,1,6453.668,-0.017915484,5,1,false,false,-1.2412058,1.8813779,10.721085,2.019254,3
53.21308,0.0027245018,49.32784751003322,8.56570594383064,0,1,6457.916,-0.015495232,5,1,false,false,-1.2176039,1.7979376,9.737331,2.0187936,3
53.242577,0.0029203577,49.32785470325933,8.5657005783794,0,1,6464.475,-0.014042143,5,1,false,false,-1.2278796,1.7899246,9.043556,2.0183792,3
53.273518,0.0031163266,49.32786180661984,8.565695075223305,0,1,6467.6377,-0.012832483,5,1,false,false,-1.3234812,1.9273381,9.795722,2.0180104,3
53.304745,0.0033124092,49.327868999708755,8.565689710611728,0,1,6464.04,-0.013558094,5,1,false,false,-1.1429858,1.8760009,9.809887,2.017667,3
53.33458,0.003508609,49.32787619293486,8.565684345160486,0,1,6466.0815,-0.014284636,5,1,false,false,-1.1573249,1.7554741,9.354566,2.0173717,3
53.363144,0.0037049192,49.32788338616097,8.565678979709245,0,1,6477.4404,-0.015979279,5,1,false,false,-1.3445227,1.7296761,9.477257,2.017106,3
53.3916,0.0039013305,49.32789057938707,8.565673614258005,0,1,6485.1714,-0.019126073,5,1,false,false,-1.4277201,1.7746615,10.180722,2.016838,3
53.421,0.0040978524,49.327897772613184,8.565668249646427,0,1,6488.63,-0.0215482,5,1,false,false,-1.4329492,1.8075851,10.578799,2.0165632,3
53.45152,0.0042944914,49.32790496570209,8.565662884195186,0,1,6490.882,-0.023968447,5,1,false,false,-1.4598628,1.8639812,9.328253,2.0162773,3
53.482353,0.0044912384,49.3279121589282,8.565657518743945,0,1,6490.1846,-0.025179984,5,1,false,false,-1.188237,1.9106406,10.420751,2.0159624,3
53.513443,0.0046880995,49.32791935215431,8.565652015587851,0,1,6487.277,-0.026390575,5,1,false,false,-1.3792498,1.8798428,10.173178,2.015624,3
53.54292,0.004885083,49.327926545380414,8.565646650976275,0,1,6486.6357,-0.02760023,5,1,false,false,-1.5663829,1.7318299,8.858704,2.015275,3
53.56988,0.005082162,49.327933738606525,8.565641285525034,0,1,6499.1665,-0.026873691,5,1,false,false,-1.3346688,1.703534,9.180236,2.014911,3
53.597725,0.0052793478,49.32794102169822,8.565635920073792,0,1,6509.1187,-0.022757862,5,1,false,false,-1.5683848,1.7074366,9.755952,2.0145476,3
53.62546,0.005476634,49.327948214924334,8.565630554622551,0,1,6511.139,-0.019611068,5,1,false,false,-1.119182,1.5428963,8.710189,2.0141346,3
53.652073,0.0056740236,49.32795540801324,8.565625190010973,0,1,6527.734,-0.01573679,5,1,false,false,-1.4300265,1.7865728,9.4197,2.0137272,3
53.682384,0.0058715143,49.327962691104936,8.565619824559732,0,1,6537.686,-0.0101688,5,1,false,false,-1.7185822,2.158006,10.8104725,2.0133398,3
53.71279,0.0060691256,49.32796988433105,8.565614459108492,0,1,6520.6895,-0.0048414385,5,1,false,false,-1.2609048,1.9123039,10.8889475,2.0129714,3
53.74615,0.0062668533,49.327977167422745,8.56560909365725,0,1,6519.187,-0.0014521504,5,1,false,false,-0.6178125,1.719743,9.809826,2.0126655,3
53.778126,0.0064647025,49.32798445065164,8.565603729045673,0,1,6513.6943,0.0012105943,5,1,false,false,-0.92983,1.7627136,10.236363,2.012505,3
53.80725,0.0066626654,49.32799164374055,8.565598363594432,0,1,6509.9443,0.00096810074,5,1,false,false,-1.4416763,1.8428347,9.411247,2.012448,3
53.831512,0.006860728,49.32799892696945,8.56559299814319,0,1,6523.437,0.00024249332,5,1,false,false,-1.0766301,1.6542187,9.746022,2.0124376,3
53.856846,0.0070588854,49.32800621006115,8.56558763269195,0,1,6543.9155,0.00048498667,5,1,false,false,-0.65668434,1.4943124,10.253555,2.0124717,3
53.8827,0.0072571295,49.32801349315285,8.565582268080371,0,1,6549.07,-0.00024155708,5,1,false,false,-0.6329387,1.3971921,9.022988,2.012551,3
53.913433,0.007455486,49.32802077624455,8.56557690262913,0,1,6558.7817,-0.0009681008,5,1,false,false,-0.6517079,1.8467994,8.870486,2.0126338,3
53.94334,0.0076539507,49.32802805933625,8.56557153717789,0,1,6553.3525,-0.0014521509,5,1,false,false,-0.5357866,1.9049343,9.543846,2.0127082,3
53.974453,0.007852528,49.328035342427945,8.565566171726648,0,1,6549.9126,-0.0014521511,5,1,false,false,-0.6272782,1.8419011,9.109728,2.0127776,3
54.00354,0.008051215,49.32804262565685,8.565560807115071,0,1,6552.4883,-0.0024211884,5,1,false,false,-0.5453373,1.7151994,9.235077,2.0128388,3
54.03182,0.008250013,49.32804990874855,8.565555303958979,0,1,6559.503,-0.0021786941,5,1,false,false,-0.53183657,1.7432028,9.502281,2.012899,3
54.06019,0.008448912,49.328057191840244,8.565549938507736,0,1,6562.4067,-0.0019371381,5,1,false,false,-0.37689704,1.696116,10.152259,2.012944,3
54.088894,0.008647913,49.32806447493194,8.565544573056496,0,1,6565.0195,-0.0024211884,5,1,false,false,-0.30414024,1.7610055,9.852316,2.0129638,3
54.117588,0.00884703,49.32807175802364,8.565539208444918,0,1,6569.202,-0.0026636822,5,1,false,false,-0.24451108,1.7697654,10.437723,2.0129797,3
54.146523,0.009046249,49.32807913111813,8.565533842993677,0,1,6570.2695,-0.0016946441,5,1,false,false,-0.27884108,1.814974,10.508372,2.0129943,3
54.175983,0.009245574,49.328086414209835,8.565528477542436,0,1,6569.1714,-0.0019371378,5,1,false,false,-0.3861748,1.7695483,9.815255,2.0130017,3
54.20459,0.009445007,49.32809369730153,8.565522975226006,0,1,6570.5947,-0.0021786946,5,1,false,false,-0.31396183,1.7722869,10.730628,2.0130038,3
54.232723,0.009644544,49.32810107039602,8.565517609774766,0,1,6574.495,-0.0021786948,5,1,false,false,-0.43882373,1.7137647,10.188305,2.0130072,3
54.26009,0.009844188,49.32810835348772,8.565512244323525,0,1,6577.483,-0.0026636815,5,1,false,false,-0.121046096,1.6379132,10.06421,2.0130002,3
54.28773,0.010043929,49.32811572644501,8.565506878872283,0,1,6584.207,-0.0029052382,5,1,false,false,-0.28922182,1.6971809,10.071744,2.0130045,3
54.315544,0.010243768,49.32812300953671,8.565501376555854,0,1,6586.2383,-0.0041148965,5,1,false,false,-0.5123513,1.7025316,9.97198,2.0130222,3
54.34307,0.010443717,49.3281303826312,8.565496011104612,0,1,6589.107,-0.0043573906,5,1,false,false,-0.35981217,1.727925,10.448503,2.0130124,3
54.370983,0.010643763,49.3281376657229,8.565490645653371,0,1,6594.323,-0.00387334,5,1,false,false,-0.28154024,1.6987989,10.103006,2.0129905,3
54.398815,0.010843913,49.32814503881739,8.565485143336943,0,1,6596.2075,-0.0026636813,5,1,false,false,-0.17223267,1.7005391,9.61372,2.0129576,3
54.42654,0.011044162,49.32815241177468,8.5654797778857,0,1,6599.0166,-0.0019371381,5,1,false,false,-0.25222254,1.7165091,9.017271,2.0129173,3
54.454155,0.011244513,49.32815969486638,8.56547441243446,0,1,6602.805,-0.00096810056,5,1,false,false,-0.18693194,1.6658007,9.553352,2.0128684,3
54.48107,0.011444939,49.32816706796087,8.565468909278367,0,1,6606.3315,9.362702e-07,5,1,false,false,-0.17946059,1.6213709,9.950219,2.0128455,3
54.50671,0.0116454605,49.32817444091816,8.56546354466679,0,1,6615.9536,0.0014521511,5,1,false,false,-0.17750336,1.5612205,10.424624,2.0128493,3
54.53288,0.0118460795,49.32818181401265,8.565458041510697,0,1,6628.7153,0.0021786946,5,1,false,false,-0.2057569,1.6567243,9.829262,2.012868,3
54.56165,0.012046759,49.328189186969944,8.565452676059456,0,1,6629.697,0.0024211886,5,1,false,false,-0.090231165,1.8204058,9.80388,2.012892,3
54.591984,0.0122475345,49.328196560064434,8.565447311447878,0,1,6620.8096,0.0036317823,5,1,false,false,-0.2845285,1.8842218,10.0039215,2.0129342,3
54.621254,0.012448423,49.328203933021726,8.565441808291785,0,1,6615.984,0.0043583256,5,1,false,false,-0.20959547,1.7399646,9.769428,2.0129821,3
54.648537,0.012649415,49.328211306116216,8.565436442840543,0,1,6620.3237,0.006052971,5,1,false,false,-0.14063267,1.6407229,9.679664,2.0130434,3
54.674656,0.012850505,49.32821867907351,8.565430940524115,0,1,6627.767,0.007506057,5,1,false,false,0.015091479,1.5925196,9.673399,2.0131223,3
54.700974,0.0130516905,49.328226052168,8.565425437368022,0,1,6633.3164,0.009927244,5,1,false,false,0.098564684,1.6115026,9.235704,2.013221,3
54.727398,0.0132529745,49.32823342512529,8.56542007191678,0,1,6639.544,0.012347498,5,1,false,false,0.024697855,1.6032672,8.942538,2.0133426,3
54.753674,0.01345436,49.328240798219774,8.565414569600351,0,1,6646.609,0.015010244,5,1,false,false,0.06277904,1.635448,9.097148,2.0134866,3
54.78066,0.013655847,49.32824826117986,8.565409204149109,0,1,6651.944,0.017916417,5,1,false,false,0.15132736,1.6452191,9.015805,2.0136697,3
54.807602,0.0138574345,49.32825563413715,8.565403700993016,0,1,6654.335,0.021064147,5,1,false,false,0.35363454,1.6490426,9.957828,2.013904,3
54.835163,0.014059124,49.32826300723164,8.565398198676588,0,1,6659.2993,0.023727829,5,1,false,false,0.4280194,1.6768844,9.90605,2.0141914,3
54.86321,0.01426092,49.32827038018893,8.565392695520494,0,1,6660.768,0.02517998,5,1,false,false,0.55618054,1.6922508,9.224771,2.0145233,3
54.891468,0.014462816,49.32827784314901,8.565387330069253,0,1,6660.283,0.026874624,5,1,false,false,0.48929834,1.7454811,9.656379,2.0148993,3
54.91956,0.014664818,49.3282852162435,8.565381827752825,0,1,6659.9663,0.027843665,5,1,false,false,0.5115764,1.7202219,10.000873,2.0153127,3
54.946964,0.0148669295,49.328292679203585,8.56537632459673,0,1,6660.607,0.029537369,5,1,false,false,0.6159243,1.6674669,9.832141,2.0157764,3
54.973618,0.015069137,49.32830005216088,8.565370821440638,0,1,6665.088,0.030263916,5,1,false,false,0.814,1.61858,9.949847,2.0162742,3
55.000374,0.015271447,49.328307515120954,8.565365319124208,0,1,6670.7197,0.028810829,5,1,false,false,0.7356639,1.6282465,9.516774,2.0168037,3
55.026863,0.015473859,49.328314888215445,8.565359815968115,0,1,6672.654,0.027358681,5,1,false,false,0.9328657,1.6251125,9.380892,2.0173473,3
55.05343,0.015676366,49.32832235103833,8.565354313651687,0,1,6676.83,0.027358677,5,1,false,false,0.88145405,1.6236668,9.91442,2.0179167,3
55.080032,0.015878975,49.32832972413282,8.565348810495593,0,1,6680.8716,0.025664035,5,1,false,false,0.8651892,1.5871351,10.0427475,2.0184934,3
55.10634,0.016081687,49.328337187092906,8.5653433073395,0,1,6684.088,0.02542154,5,1,false,false,1.0406383,1.6197367,9.385795,2.0190618,3
55.132812,0.016284486,49.32834456005019,8.565337805023072,0,1,6689.137,0.02445344,5,1,false,false,1.1588383,1.6367377,9.847934,2.0196273,3
55.16002,0.016487392,49.328352023010275,8.565332301866977,0,1,6691.0884,0.02396939,5,1,false,false,1.1525875,1.6623765,9.676872,2.0201964,3
55.186596,0.016690403,49.32835948597036,8.565326661845697,0,1,6691.163,0.023485338,5,1,false,false,1.1774138,1.6281005,9.63714,2.0207586,3
55.212944,0.016893508,49.32836685906485,8.565321158689605,0,1,6697.7876,0.023727832,5,1,false,false,1.2520837,1.6016967,9.763942,2.0212944,3
55.239178,0.01709671,49.32837432188773,8.565315656373174,0,1,6701.918,0.022758795,5,1,false,false,1.3053918,1.5910646,9.96028,2.0218139,3
55.265697,0.017300015,49.328381784847814,8.56531001551223,0,1,6704.754,0.022758795,5,1,false,false,1.3775221,1.6177492,10.17226,2.022335,3
55.292145,0.017503414,49.32838924780789,8.5653045131958,0,1,6708.9766,0.0225163,5,1,false,false,1.2510493,1.6334487,9.753371,2.022871,3
55.319035,0.017706914,49.32839662090238,8.565298872334855,0,1,6711.1646,0.022032252,5,1,false,false,1.2432575,1.6608804,9.66214,2.0234032,3
55.346294,0.017910512,49.328404083862466,8.565293232313573,0,1,6708.772,0.021305708,5,1,false,false,1.1641669,1.6703948,10.120394,2.0239258,3
55.372974,0.018114217,49.32841154682255,8.56528772915748,0,1,6708.355,0.020337608,5,1,false,false,1.4497056,1.6002092,10.40835,2.0244215,3
55.398624,0.01831802,49.32841900964543,8.5652820891362,0,1,6713.7144,0.019852618,5,1,false,false,1.5584962,1.5206788,9.667433,2.0249026,3
55.424408,0.018521914,49.328426472605514,8.565276448275254,0,1,6718.942,0.018158916,5,1,false,false,1.2248143,1.5612622,9.769657,2.0253775,3
55.45013,0.018725907,49.328433845700005,8.565270808253974,0,1,6721.0347,0.016221775,5,1,false,false,1.0815783,1.6017519,9.855383,2.0258307,3
55.475334,0.018929994,49.32844130866008,8.56526516739303,0,1,6725.657,0.015010241,5,1,false,false,1.0827332,1.5709667,10.374591,2.0262687,3
55.50095,0.019134179,49.32844877162017,8.565259527371747,0,1,6731.5947,0.014527127,5,1,false,false,1.2032739,1.5867114,10.416504,2.026705,3
55.527134,0.019338455,49.328456234443046,8.565253886510803,0,1,6731.67,0.01355903,5,1,false,false,1.3455672,1.5735184,10.125437,2.0271237,3
55.55378,0.019542836,49.32846369740313,8.56524824648952,0,1,6732.0703,0.012105942,5,1,false,false,1.3657575,1.598376,10.120721,2.0275147,3
55.57969,0.019747313,49.328471160363215,8.56524260646824,0,1,6734.81,0.010169738,5,1,false,false,1.130027,1.5843503,9.884611,2.027877,3
55.604866,0.019951882,49.32847862332329,8.565236965607296,0,1,6738.263,0.008958208,5,1,false,false,1.0578969,1.5627888,10.254031,2.0282154,3
55.629856,0.020156551,49.32848608628338,8.565231325586014,0,1,6743.784,0.00847416,5,1,false,false,0.96374565,1.5508586,9.52638,2.0285306,3
55.654972,0.020361308,49.328493549243454,8.565225547020217,0,1,6748.0835,0.0077476157,5,1,false,false,1.0518671,1.534457,9.27269,2.028813,3
55.680565,0.020566167,49.32850101220354,8.565219906998935,0,1,6751.2983,0.007990109,5,1,false,false,0.8441216,1.5762173,9.565425,2.029062,3
55.705914,0.020771122,49.32850847516362,8.565214266977655,0,1,6754.473,0.008231663,5,1,false,false,0.89956653,1.5223061,8.9690695,2.0292747,3
55.73021,0.020976165,49.3285159379865,8.565208488411859,0,1,6762.261,0.0094431965,5,1,false,false,0.8907505,1.5032607,9.096071,2.0294714,3
55.755215,0.021181298,49.32852349094937,8.565202848390577,0,1,6770.7505,0.011620954,5,1,false,false,0.7731513,1.5392727,9.228046,2.0296724,3
55.780727,0.02138653,49.32853095390946,8.565197070664444,0,1,6772.3174,0.014527128,5,1,false,false,0.8583115,1.574908,9.577224,2.0298712,3
55.80644,0.021591855,49.32853841673234,8.565191292098648,0,1,6776.0063,0.016705824,5,1,false,false,0.9267606,1.5940598,9.810955,2.0300865,3
55.832638,0.021797277,49.32854587969242,8.565185652077366,0,1,6779.4683,0.019852616,5,1,false,false,0.8933971,1.606524,10.176938,2.0303404,3
55.859436,0.022002803,49.328553342652505,8.565179874351234,0,1,6777.3135,0.023001287,5,1,false,false,0.935237,1.6801379,11.086026,2.0306518,3
55.886627,0.022208426,49.32856089554678,8.565174095785435,0,1,6774.3228,0.026148077,5,1,false,false,0.98017824,1.6560962,10.61209,2.0310214,3
55.913273,0.022414159,49.32856835850686,8.565168455764155,0,1,6772.0317,0.02760117,5,1,false,false,1.3382969,1.6298257,11.499196,2.031423,3
55.939156,0.022619985,49.32857582139834,8.565162678038021,0,1,6771.4004,0.029779863,5,1,false,false,1.332993,1.5271106,10.927497,2.031872,3
55.963696,0.022825899,49.32858328435842,8.565156899472225,0,1,6770.837,0.030990459,5,1,false,false,1.0688109,1.4976747,9.510373,2.0323503,3
55.987507,0.02303191,49.3285908372527,8.565151121746092,0,1,6779.1943,0.03317009,5,1,false,false,1.0446417,1.4579527,9.639903,2.0328302,3
56.009815,0.023238005,49.32859830014418,8.565145344019959,0,1,6786.953,0.036559373,5,1,false,false,1.3304744,1.3375237,8.736456,2.0332954,3
56.029633,0.023444183,49.32860576310426,8.565139565454162,0,1,6794.2056,0.046244122,5,1,false,false,2.068554,1.0999045,10.864768,2.033791,3
56.051586,0.023650432,49.32861331599853,8.56513378772803,0,1,6809.89,0.058349144,5,1,false,false,1.6190163,1.3502479,9.58729,2.0344248,3
56.072388,0.023856763,49.32862077889001,8.565128010001896,0,1,6827.4043,0.063434005,5,1,false,false,2.4838982,1.413033,13.231817,2.0352695,3
56.101753,0.024063187,49.32862833178429,8.565122232275764,0,1,6840.3076,0.07166566,5,1,false,false,1.9917433,2.5248203,10.111503,2.036448,3
56.13029,0.024269722,49.32863579474437,8.565116316005113,0,1,6801.5205,0.056412935,5,1,false,false,1.5510961,1.8920391,8.026725,2.0377765,3
56.16351,0.024476381,49.328643257635854,8.565110538278981,0,1,6789.2896,0.056896046,5,1,false,false,2.4310534,1.807035,9.298383,2.0390263,3
56.18407,0.024683133,49.32865081053013,8.565104622847995,0,1,6776.003,0.056170445,5,1,false,false,1.7167865,1.0859594,8.95083,2.0401492,3
56.200485,0.024889959,49.328658273490205,8.565098845121863,0,1,6811.2036,0.053749256,5,1,false,false,2.545393,0.99627495,11.67361,2.0412142,3
56.21683,0.025096841,49.32866582631588,8.565092929690879,0,1,6849.949,0.049874984,5,1,false,false,2.7288184,1.13633,9.960064,2.0424519,3
56.238953,0.025303824,49.32867328927596,8.565087014259893,0,1,6849.9775,0.046970684,5,1,false,false,2.844852,1.659576,8.865119,2.04387,3
56.272633,0.025510935,49.328680752236046,8.565081097989244,0,1,6824.8203,0.044064503,5,1,false,false,2.9042745,1.8022693,10.5058775,2.0453174,3
56.29935,0.025718153,49.32868830506172,8.565075320263112,0,1,6794.4014,0.0450326,5,1,false,false,2.7211418,1.6333439,10.145857,2.0465872,3
56.321083,0.02592547,49.3286957680218,8.565069267127274,0,1,6815.947,0.040432725,5,1,false,false,2.7643664,1.2243714,9.667755,2.0476942,3
56.340733,0.026132863,49.328703320847474,8.56506335169629,0,1,6831.765,0.042369854,5,1,false,false,3.1362581,1.2842392,10.964448,2.0486739,3
56.361923,0.026340326,49.32871078380755,8.565057436265304,0,1,6825.833,0.041643314,5,1,false,false,3.1648536,1.3538457,10.887912,2.0495906,3
56.384174,0.026547873,49.328718246767636,8.56505152083432,0,1,6832.037,0.039464623,5,1,false,false,3.0339487,1.3762202,9.800644,2.0505068,3
56.406013,0.026755495,49.32872579959331,8.565045467698482,0,1,6844.309,0.03583284,5,1,false,false,2.7810478,1.399538,8.87359,2.0514407,3
56.428406,0.026963204,49.32873326255339,8.565039552267498,0,1,6844.5654,0.033170097,5,1,false,false,2.8164058,1.431995,10.343622,2.0523522,3
56.4524,0.027170999,49.32874081544767,8.56503349913166,0,1,6842.7407,0.03220105,5,1,false,false,2.4372637,1.4752814,9.947393,2.0532398,3
56.475132,0.027378868,49.32874827833915,8.565027583700676,0,1,6847.2554,0.026390575,5,1,false,false,2.6080306,1.3638549,9.590134,2.05405,3
56.497623,0.027586827,49.328755741299226,8.56502153056484,0,1,6858.292,0.024210947,5,1,false,false,3.3079662,1.4288855,14.005813,2.0548446,3
56.521847,0.027794871,49.3287632941935,8.565015477429002,0,1,6853.9565,0.025179982,5,1,false,false,2.576521,1.5948876,10.67392,2.0557408,3
56.547047,0.028003002,49.32877075708498,8.565009424293166,0,1,6844.879,0.021064155,5,1,false,false,2.2982185,1.5803437,8.788278,2.0565293,3
56.572796,0.028211221,49.328778220045066,8.565003371157328,0,1,6844.336,0.020579161,5,1,false,false,3.2590916,1.6451551,13.783818,2.0571756,3
56.59616,0.028419541,49.32878577293934,8.564997318021492,0,1,6827.8027,0.020337608,5,1,false,false,2.4632838,1.286933,10.305822,2.0577052,3
56.614517,0.028627925,49.32879323583082,8.564991264885656,0,1,6846.9404,0.0048423735,5,1,false,false,1.9437218,1.1738396,9.202047,2.0581563,3
56.63656,0.028836383,49.3288006987909,8.564985074044966,0,1,6877.623,0.00048498693,5,1,false,false,1.9567673,1.5734738,12.517383,2.058569,3
56.66125,0.02904493,49.328808251685174,8.56497902090913,0,1,6849.022,-0.0024211882,5,1,false,false,1.1555561,1.5001765,10.666363,2.0588768,3
56.68422,0.02925356,49.328815714576656,8.56497283006844,0,1,6851.8394,-0.0094422605,5,1,false,false,1.2945043,1.4044911,9.379697,2.059004,3
56.705944,0.029462261,49.32882317753674,8.564966776932604,0,1,6876.3413,-0.007505123,5,1,false,false,1.3540802,1.4120426,9.870496,2.0590003,3
56.72926,0.029671056,49.328830730431015,8.564960586931578,0,1,6859.3447,-0.0036317827,5,1,false,false,1.1411611,1.5407991,9.085967,2.0588913,3
56.7522,0.02987993,49.3288381933225,8.564954533795742,0,1,6856.1934,0.0036317823,5,1,false,false,1.1242628,1.3546374,7.532764,2.0587018,3
56.77183,0.030088883,49.328845656282574,8.564948342955054,0,1,6880.238,0.01016974,5,1,false,false,0.72961295,1.1777498,7.1151657,2.058494,3
56.79099,0.030297905,49.32885320917685,8.564942289819216,0,1,6895.134,0.01597928,5,1,false,false,0.9137225,1.1221648,7.2391315,2.0582983,3
56.80753,0.030506989,49.32886067206833,8.564936098978528,0,1,6909.3496,0.023242848,5,1,false,false,0.86442506,0.9354459,7.118577,2.0581915,3
56.82457,0.030716127,49.328868224962605,8.56492990813784,0,1,6946.3013,0.027601168,5,1,false,false,0.6734009,1.1898872,7.893652,2.0582108,3
56.847485,0.030925333,49.32887568792269,8.56492371729715,0,1,6958.5737,0.027843665,5,1,false,false,1.0818073,1.6078175,11.712984,2.0583842,3
56.878643,0.03113465,49.32888324074836,8.564917527296124,0,1,6935.1245,0.030021427,5,1,false,false,0.96834415,2.1845934,10.610866,2.0587385,3
56.915432,0.031344082,49.32889070370844,8.564911474160288,0,1,6899.4575,0.026874632,5,1,false,false,0.9594494,2.13016,10.359061,2.0592058,3
56.948597,0.03155364,49.32889825653412,8.5649052833196,0,1,6867.567,0.027358677,5,1,false,false,0.60099256,1.8524212,10.992967,2.0597105,3
56.97312,0.031763315,49.328905719494195,8.56489909247891,0,1,6858.562,0.027117122,5,1,false,false,1.0992669,1.4107295,11.35462,2.0601304,3
56.992725,0.031973053,49.32891327231987,8.564892901638222,0,1,6878.3057,0.030990455,5,1,false,false,1.0507535,1.146369,10.466408,2.0605106,3
57.009995,0.03218286,49.32892082521414,8.564886711637197,0,1,6892.2773,0.025906522,5,1,false,false,1.1733962,0.7881999,9.41642,2.0609102,3
57.029686,0.03239273,49.328928288174225,8.564880383091657,0,1,6910.3306,0.027601168,5,1,false,false,1.3509039,1.3571322,8.59207,2.0613804,3
57.05175,0.03260267,49.3289358409999,8.564874192250969,0,1,6917.7227,0.025179986,5,1,false,false,0.92580825,1.3658694,7.8830857,2.0618942,3
57.07476,0.032812692,49.32894339389417,8.564868001410279,0,1,6916.3345,0.024210945,5,1,false,false,1.0802798,1.448268,8.089873,2.0624018,3
57.097782,0.033022795,49.32895085678565,8.56486181056959,0,1,6926.168,0.02396939,5,1,false,false,1.2716197,1.4079683,8.4020195,2.0628915,3
57.12055,0.03323298,49.32895840967993,8.564855620568565,0,1,6932.5146,0.024694992,5,1,false,false,0.8364321,1.560279,7.9023857,2.063385,3
57.148403,0.033443257,49.3289659625056,8.564849292023025,0,1,6925.6235,0.021790698,5,1,false,false,0.9552711,1.6622412,7.5886865,2.0638382,3
57.17538,0.033653636,49.32897351539987,8.564843101182335,0,1,6911.214,0.021790694,5,1,false,false,1.3489888,1.6937902,10.546063,2.064267,3
57.200058,0.033864103,49.32898097835996,8.56483677347646,0,1,6911.2026,0.021790694,5,1,false,false,1.1967045,1.4184521,11.713797,2.0646658,3
57.222466,0.034074653,49.32898853118563,8.56483058263577,0,1,6917.851,0.019127015,5,1,false,false,1.3318664,1.3076589,11.618081,2.065042,3
57.24799,0.03428529,49.328996084079904,8.56482425409023,0,1,6922.266,0.020337604,5,1,false,false,1.3917308,1.6564949,10.56471,2.0653799,3
57.27433,0.034496013,49.329003636905576,8.564818063249541,0,1,6903.3677,0.019127013,5,1,false,false,1.1577257,1.5826591,9.406419,2.0656202,3
57.29844,0.03470683,49.32901118979985,8.564811735543664,0,1,6895.4526,0.02009511,5,1,false,false,1.267596,1.3879596,9.051169,2.0657523,3
57.317844,0.034917723,49.32901874262552,8.564805406998124,0,1,6909.062,0.022758793,5,1,false,false,0.8997096,1.1883938,9.682402,2.0658956,3
57.335392,0.03512868,49.329026295519796,8.564799216157434,0,1,6929.476,0.023727832,5,1,false,false,0.7377665,1.2773682,10.424611,2.0660808,3
57.355858,0.0353397,49.32903375841128,8.564792888451558,0,1,6939.3833,0.022032252,5,1,false,false,0.9910474,1.3048394,10.726718,2.0662947,3
57.379734,0.03555081,49.32904131130555,8.564786559906018,0,1,6937.8745,0.021790696,5,1,false,false,1.5939518,1.3479208,10.123613,2.0665174,3
57.406094,0.035762,49.329048864131224,8.564780231360476,0,1,6930.461,0.020579163,5,1,false,false,1.2087884,1.4203662,9.909659,2.0667481,3
57.430573,0.03597328,49.3290564170255,8.5647739036546,0,1,6921.728,0.016463336,5,1,false,false,1.0800693,1.2510405,10.155967,2.0669487,3
57.45364,0.036184642,49.32906396985117,8.564767575109059,0,0.9400741,6927.4243,0.012347498,5,1,false,false,0.8442229,1.6031995,10.112154,2.067142,3
57.473457,0.036396086,49.329071522745444,8.564761246563519,0.052305494,0.67053026,6896.3936,0.008231665,5,1,false,false,0.58844626,1.4383202,10.455319,2.0673277,3
57.47962,0.03660758,49.329079075571116,8.564754918857641,0.11366616,0.4658447,6834.0195,0.0033902247,5,1,false,false,0.57266897,-0.22244331,10.173145,2.0674417,3
57.45246,0.036819033,49.32908662846539,8.564748590312101,0.17455024,0.30678177,6810.6753,-0.0014521512,5,1,false,false,0.2895355,-2.4148812,8.403055,2.0674431,3
57.38863,0.037030317,49.32909418129106,8.564742262606224,0.24103422,0.19457456,6800.674,-0.0077476143,5,1,false,false,-0.22893071,-4.192097,8.471922,2.0673556,3
57.29629,0.03724131,49.329101734185336,8.564736071765536,0.2938163,0.11935884,6766.7847,-0.011379398,5,1,false,false,0.22774701,-6.1418233,10.369615,2.0671813,3
57.185917,0.037451923,49.32910928701101,8.564729743219996,0.32836884,0.066337846,6696.0093,-0.01597928,5,1,false,false,-0.2897598,-7.02593,10.365949,2.0669565,3
57.061066,0.0376621,49.32911674997109,8.564723414674454,0.35184088,0.01701603,6597.0806,-0.024210947,5,1,false,false,0.40923798,-7.8777742,10.653117,2.0665827,3
56.921375,0.03787178,49.329124302796764,8.564717086968578,0.35720238,-2.3283064e-09,6489.197,-0.029537376,5,1,false,false,0.25005573,-8.724994,10.58738,2.0661447,3
56.758907,0.03808092,49.32913176575685,8.564710896127888,0.35922787,0,6662.7163,-0.03559034,5,1,false,false,-0.8652766,-10.41198,9.721318,2.0656962,3
56.58312,0.038289417,49.329139228716926,8.5647047052872,0.3587514,0,6710.338,-0.040915824,5,1,false,false,-0.96571195,-10.21723,10.1634035,2.065043,3
56.429287,0.038497303,49.32914660174282,8.564698377581323,0.3539854,0,6595.7607,-0.04672724,5,1,false,false,-1.1913303,-9.071861,10.083687,2.064244,3
56.281097,0.038704637,49.3291540646686,8.564692186740634,0.35076857,0,6571.4688,-0.051811174,5,1,false,false,-1.5719584,-9.206955,9.857206,2.0633488,3
56.120426,0.03891139,49.32916143769449,8.564686133604798,0.35529608,0,6608.7876,-0.05592701,5,1,false,false,-1.538684,-9.231078,8.687715,2.0623379,3
55.967484,0.03911757,49.32916881072038,8.564679942764108,0.36387467,0,6571.1084,-0.058106642,5,1,false,false,-1.7787116,-8.733991,8.311949,2.0613084,3
55.818104,0.039323192,49.32917618374627,8.56467375192342,0.36852133,0,6527.32,-0.061979976,5,1,false,false,-1.9889138,-9.146226,9.387702,2.060192,3
55.662434,0.03952826,49.32918346687227,8.564667698787582,0.37221497,0,6517.7334,-0.06658082,5,1,false,false,-2.2698915,-9.346315,9.688141,2.0589435,3
55.50539,0.03973274,49.32919083989816,8.564661645651746,0.37376383,0,6489.843,-0.07166475,5,1,false,false,-2.374087,-9.284065,9.411865,2.0575132,3
55.348183,0.039936643,49.32919812302416,8.56465559251591,0.37447876,0,6451.1787,-0.07384345,5,1,false,false,-2.830396,-9.562102,9.679524,2.055944,3
55.184776,0.040139955,49.32920540611586,8.564649539380072,0.3724533,0,6443.6016,-0.074085906,5,1,false,false,-3.1359255,-9.950078,9.981806,2.0542412,3
55.017845,0.040342655,49.32921268924186,8.564643486244236,0.37030855,0,6447.289,-0.0677914,5,1,false,false,-3.285852,-9.932037,10.387474,2.0524483,3
54.85351,0.04054475,49.32921997236786,8.56463757081325,0.3687597,0,6433.925,-0.06464365,5,1,false,false,-3.5271194,-9.767717,11.107496,2.0506501,3
54.691875,0.04074623,49.329227165559665,8.564631655382266,0.36780643,0,6414.2085,-0.054958925,5,1,false,false,-3.5738647,-9.552083,10.599214,2.0488987,3
54.53228,0.040947124,49.32923435875148,8.56462573995128,0.36435127,0,6399.722,-0.05859069,5,1,false,false,-3.7071946,-9.524206,10.644183,2.0472329,3
54.373966,0.041147426,49.329241551943284,8.564619824520296,0.35875133,0,6382.35,-0.06585425,5,1,false,false,-3.968898,-9.357619,10.115029,2.0456393,3
54.219902,0.041347153,49.32924874513509,8.564614046794162,0.35422376,0,6365.448,-0.07965391,5,1,false,false,-4.0944586,-9.08049,9.507294,2.0441117,3
54.068314,0.04154632,49.3292559383612,8.564608268228366,0.3481473,0,6346.729,-0.09926591,5,1,false,false,-4.6420264,-9.009501,9.645655,2.0426204,3
53.918137,0.041744925,49.329263131553006,8.564602490502233,0.34242827,0,6326.3657,-0.12153973,5,1,false,false,-4.8674655,-8.838168,9.552031,2.041035,3
53.770973,0.041943025,49.32927023484492,8.5645967127761,0.33504105,0,6303.6772,-0.14817092,5,1,false,false,-5.484824,-8.793333,10.151491,2.0392373,3
53.623158,0.042140577,49.329277338102536,8.564590935049967,0.32741576,0,6276.6704,-0.16899353,5,1,false,false,-6.2732577,-8.756024,9.936016,2.0370367,3
53.477173,0.04233759,49.32928444139446,8.564585294189023,0.30835217,0,6258.944,-0.18618244,5,1,false,false,-6.681495,-8.629919,9.475795,2.0343442,3
53.333633,0.042534146,49.32929154468637,8.56457965416774,0.28666744,0,6249.5513,-0.19610965,5,1,false,false,-7.1159706,-8.4909,9.511124,2.031212,3
53.19226,0.04273021,49.32929864797829,8.564574013306796,0.2564041,0,6247.148,-0.19949901,5,1,false,false,-7.6025295,-8.241175,10.126648,2.027756,3
53.060925,0.042925768,49.32930575123591,8.564568510990366,0.22483024,0,6247.2446,-0.19659379,5,1,false,false,-7.8264313,-7.488524,10.058104,2.0241225,3
52.94243,0.043120675,49.32931285452782,8.564563007834273,0.19969022,0,6234.2607,-0.18812048,5,1,false,false,-7.7641363,-6.6510234,9.289947,2.0203989,3
52.835846,0.043314863,49.329319867885545,8.56455750467818,0.18098414,0,6217.725,-0.1772252,5,1,false,false,-7.54646,-6.111707,8.883942,2.0166671,3
52.73504,0.043508675,49.329326971177466,8.564552140066603,0.17157157,0,6209.955,-0.16996157,5,1,false,false,-7.710856,-5.838356,8.786752,2.0130112,3
52.636612,0.043702114,49.32933407446938,8.56454663691051,0.16609082,0,6203.389,-0.16584486,5,1,false,false,-8.016261,-5.646793,9.011195,2.0094283,3
52.54301,0.04389485,49.3293410878271,8.56454127145927,0.16442272,0,6191.967,-0.16584484,5,1,false,false,-8.307769,-5.428058,9.15702,2.00587,3
52.4486,0.04408723,49.329348191119024,8.564536043712879,0.16299294,0,6174.15,-0.17044564,5,1,false,false,-9.095121,-5.492828,9.824865,2.0021737,3
52.353783,0.044279262,49.32935520447675,8.564530679101303,0.16239725,0,6164.162,-0.17795172,5,1,false,false,-9.684928,-5.503883,9.821596,1.9982474,3
52.258846,0.044470828,49.32936221786877,8.564525451354912,0.16239724,0,6159.3247,-0.18666746,5,1,false,false,-9.91354,-5.4658775,9.623297,1.9941994,3
52.161774,0.04466192,49.329369321126386,8.564520223608524,0.16466102,0,6151.293,-0.193446,5,1,false,false,-10.878614,-5.6309786,9.941503,1.9901829,3
52.06406,0.044852655,49.329376334518415,8.564515133566987,0.16668653,0,6147.518,-0.20652008,5,1,false,false,-11.016808,-5.6053104,11.03913,1.986264,3
51.968204,0.045043044,49.32938334787614,8.564510043525448,0.16811632,0,6136.619,-0.21717289,5,1,false,false,-10.933944,-5.412678,9.998107,1.9824411,3
51.875183,0.045232944,49.32939045116805,8.564504953483912,0.16859284,0,6116.846,-0.22855227,5,1,false,false,-10.786842,-5.263608,8.568607,1.9786527,3
51.782135,0.045422517,49.32939746452578,8.56449986260271,0.16859287,0,6098.4043,-0.23896267,5,1,false,false,-11.102061,-5.365609,8.531444,1.974877,3
51.689976,0.045611765,49.32940447788351,8.564494910266024,0.1669248,0,6089.1465,-0.2496155,5,1,false,false,-10.520274,-5.2572384,7.7387533,1.9711498,3
51.596478,0.045800667,49.32941158117542,8.56448995792934,0.16370787,0,6076.2627,-0.26244795,5,1,false,false,-10.734363,-5.4783015,8.954751,1.9674671,3
51.50223,0.04598921,49.3294185945503,8.564485143297507,0.15703559,0,6061.447,-0.27673078,5,1,false,false,-11.507773,-5.342515,9.655572,1.9635462,3
51.410347,0.046177436,49.329425607925174,8.564480327826008,0.14917192,0,6044.494,-0.2847218,5,1,false,false,-13.091513,-5.3586817,11.4490795,1.9590935,3
51.31307,0.046365328,49.3294326212829,8.564475513194175,0.13535087,0,6029.711,-0.28786856,5,1,false,false,-15.714831,-5.706322,12.499605,1.9536395,3
51.21003,0.0465529,49.32943972457481,8.56447083542753,0.118312865,0,6044.2085,-0.2776998,5,1,false,false,-16.351553,-5.6389866,12.74057,1.9470477,3
51.11677,0.04674012,49.329446737932535,8.564466158500547,0.09913021,0,6068.929,-0.2546995,5,1,false,false,-13.99121,-4.884239,9.952847,1.9402146,3
51.03615,0.046927046,49.32945375130741,8.564461618438754,0.07816036,0,6061.69,-0.23315218,5,1,false,false,-14.230964,-4.093722,10.113684,1.934184,3
50.96164,0.04711377,49.32946085458218,8.564457078376961,0.050279986,0,6052.4854,-0.22855228,5,1,false,false,-13.8530245,-3.9651318,9.46873,1.9293816,3
50.88958,0.047300287,49.32946786795706,8.56445253915483,0.026569758,0.0017262641,6056.165,-0.24235192,5,1,false,false,-15.527548,-3.7374763,12.152644,1.9258384,3
50.833027,0.047486596,49.32947488133193,8.564448136797889,0.0029786713,0.77,6284.768,-0.26656294,0,1,false,false,-15.054045,-2.5106275,11.593637,1.9223386,3
50.79289,0.04767276,49.329481984606694,8.564443734440948,0,0.77,6689.443,-0.2868996,0,1,false,false,-13.69909,-1.84393,8.815555,1.9183059,3
50.758095,0.047858972,49.32948899798157,8.564439469788857,0,0.04414303,6849.197,-0.30917335,0,1,false,false,-12.466273,-1.6118691,8.374689,1.9136055,3
50.719597,0.048045095,49.32949610125634,8.564435205136768,0,0.07127004,6878.904,-0.33144805,4,1,false,false,-12.825568,-3.0098977,8.229432,1.9087301,3
50.626522,0.048231024,49.32950320454825,8.564430940484678,0,0.09790384,7316.5264,-0.35832188,4,1,false,false,-12.686992,-5.721633,8.254563,1.9040619,3
50.54431,0.04841672,49.32951021792313,8.564426812697777,0,0.14081381,7301.137,-0.39294305,4,1,false,false,-15.085385,-3.0858624,10.527417,1.8992125,3
50.499485,0.048602343,49.3295173211979,8.564422685750538,0,0.18298395,7245.0825,-0.42126992,4,1,false,false,-15.166741,-1.8743867,9.777736,1.8935199,3
50.462437,0.048787855,49.32952442448981,8.5644185588033,0,0.22490753,7226.1055,-0.441365,4,1,false,false,-13.986228,-1.6590339,8.548221,1.8871784,3
50.42532,0.048973277,49.32953152776458,8.564414569560915,0,0.27225643,7236.54,-0.4571008,4,1,false,false,-16.040178,-1.6970037,9.81071,1.880781,3
50.386154,0.049158763,49.329538631056494,8.564410579478865,0,0.33144262,7280.943,-0.47937554,4,1,false,false,-17.831009,-1.6917263,11.254955,1.8743856,3
50.347004,0.049344167,49.32954573433126,8.56440672794133,0,0.37385947,7286.727,-0.49583793,4,1,false,false,-17.805891,-1.678064,10.827969,1.8677391,3
50.30725,0.049529467,49.32955283762318,8.564402875564133,0,0.41800252,7278.0186,-0.50334316,4,1,false,false,-17.959202,-1.7040328,10.068081,1.8606454,3
50.265667,0.04971471,49.329559940897944,8.564399161731451,0,0.46757093,7276.1143,-0.5098802,4,1,false,false,-18.805614,-1.7539155,10.23632,1.8531952,3
50.22583,0.049899984,49.329567134098326,8.564395447059104,0,0.52503085,7280.631,-0.5164182,4,1,false,false,-18.18995,-1.317347,9.7993765,1.8457139,3
50.199696,0.05008516,49.32957423738167,8.56439187009161,0,0.581751,7283.4385,-0.52198493,4,1,false,false,-18.101,-0.3938159,9.703803,1.8384448,3
50.184635,0.05027032,49.32958143058205,8.564388293124116,0,0.63477176,7285.0156,-0.5285222,4,1,false,false,-18.135374,0.06755458,9.735908,1.8313345,3
50.17325,0.05045559,49.3295885338654,8.564384853861474,0,0.68976575,7283.623,-0.53748035,4,1,false,false,-17.847956,0.17697008,9.27268,1.8242232,3
50.16214,0.050640903,49.32959572706578,8.564381414598833,0,0.7289767,7269.387,-0.5491022,4,1,false,false,-17.803667,0.16466784,9.270828,1.8168895,3
50.149315,0.05082621,49.329602920257585,8.564378113041041,0,0.75881636,7263.1084,-0.56144893,4,1,false,false,-18.61896,0.05317152,10.1663475,1.8091979,3
50.13283,0.05101153,49.32961011345797,8.564374811483251,0,0.77903837,7262.4795,-0.57064843,4,1,false,false,-19.729809,-0.021298729,10.944365,1.8010849,3
50.11462,0.05119691,49.32961730665835,8.564371647630313,0,0.79112214,7261.858,-0.5754909,4,1,false,false,-20.00063,-0.0119059235,10.087616,1.7925808,3
50.09714,0.05138225,49.3296245897672,8.564368482937711,0,0.7985203,7260.4326,-0.5793644,4,1,false,false,-19.924261,0.13230973,9.99389,1.7840167,3
50.081066,0.05156757,49.32963178296758,8.564365456789623,0,0.80147976,7261.659,-0.58517575,4,1,false,false,-21.16698,0.2670997,10.923744,1.7757448,3
50.0662,0.051752895,49.32963906608501,8.564362429801873,0,0.8014797,7270.0205,-0.59631157,4,1,false,false,-20.951351,0.38974524,10.534893,1.7679205,3
50.053005,0.051938184,49.32964634919814,8.56435954135864,0,0.8014797,7272.3193,-0.6108378,4,1,false,false,-20.31768,0.4511404,10.096211,1.7603952,3
50.04091,0.052123457,49.32965354239424,8.564356789780593,0,0.7990135,7267.251,-0.63117546,4,1,false,false,-19.050682,0.4502451,9.15505,1.7529309,3
50.028755,0.05230874,49.329660825507375,8.564354038202547,0,0.7876696,7260.471,-0.65417486,4,1,false,false,-18.741201,0.367913,8.730276,1.7455695,3
50.014492,0.052494112,49.32966810862051,8.5643512866245,0,0.76226866,7259.9414,-0.6883112,4,1,false,false,-18.022026,0.2641773,8.196166,1.738389,3
49.997677,0.052679442,49.32967548165069,8.564348672751304,0,0.7400741,7264.819,-0.7260792,4,1,false,false,-19.980824,0.051901437,10.076311,1.7314441,3
49.976933,0.05286472,49.32968276476383,8.56434605887811,0,0.71935874,7271.1016,-0.7715939,4,1,false,false,-19.896807,0.1099043,9.610818,1.7242353,3
49.96091,0.05304988,49.32969004787804,8.564343582709768,0,0.7003699,7275.1265,-0.8035528,4,1,false,false,-16.308985,0.25821346,7.128948,1.7167817,3
49.949043,0.05323486,49.32969733099117,8.564341244246277,0,0.6872997,7278.8945,-0.842773,4,1,false,false,-17.035969,0.48722827,7.623629,1.7097453,3
49.917442,0.053419776,49.329704704019775,8.564338905782785,0,0.6791615,7239.408,-0.8786029,0,1,false,false,-17.221605,-1.386202,8.150199,1.7035646,3
49.888233,0.053604566,49.329711987133415,8.564336566479632,0,0.67644894,6566.351,-0.91031915,5,1,false,false,-16.036337,1.475656,8.148903,1.6984525,3
49.914406,0.053789087,49.32971936016145,8.564334365720992,0,0.6764488,5869.2314,-0.9502657,5,1,false,false,-14.585205,2.057835,6.1950636,1.6928486,3
49.90799,0.05397355,49.32972673318948,8.564332164962353,0,0.6764488,6254.1,-0.98028547,5,1,false,false,-14.033064,-0.09281188,5.3895206,1.6862552,3
49.88842,0.05415796,49.32973401630262,8.564330101068903,0,0.6818744,6404.959,-1.0122422,5,1,false,false,-13.423402,0.38595155,5.7389336,1.6795838,3
49.9046,0.05434231,49.329741389332796,8.564328037175452,0,0.70234275,6086.4326,-1.043958,5,1,false,false,-14.097403,2.710374,6.3866043,1.6730103,3
49.92414,0.054526474,49.32974876235869,8.564325974121665,0,0.73218256,6145.927,-1.0679249,5,1,false,false,-14.500271,1.5067393,6.680079,1.666543,3
49.922253,0.054710645,49.32975613538887,8.564324047933066,0,0.7590629,6226.2935,-1.0860837,5,1,false,false,-15.31358,0.9669421,7.6112094,1.660501,3
49.927338,0.054894812,49.32976350841905,8.564322121744466,0,0.78594327,6133.9785,-1.1003666,5,1,false,false,-15.43487,1.7189655,7.4079843,1.6547487,3
49.935387,0.055078864,49.32977088144494,8.564320333260719,0,0.8022196,6139.9375,-1.1054504,5,1,false,false,-15.34066,1.4168104,7.4836125,1.6491946,3
49.931698,0.055262793,49.329778254475116,8.564318544776972,0,0.8133167,6177.7344,-1.1059345,5,1,false,false,-20.48273,1.1355909,10.802271,1.6436011,3
49.92919,0.05544669,49.32978571741805,8.564316756293225,0,0.819482,6141.0054,-1.0928609,5,1,false,false,-20.47188,1.4803911,10.507725,1.6373265,3
49.927345,0.055630576,49.329793090443935,8.56431510551433,0,0.8224415,6123.8354,-1.0531582,5,1,false,false,-19.147566,1.0947187,9.926401,1.630632,3
49.921124,0.055814274,49.32980055338687,8.564313592440287,0,0.82244146,6156.304,-1.0173272,5,1,false,false,-19.562637,1.0958467,9.728072,1.6238525,3
49.91725,0.055997916,49.32980792642133,8.564312079366244,0,0.82244146,6154.2974,-0.98851717,5,1,false,false,-20.69156,1.2394621,10.805792,1.6171398,3
49.912476,0.05618153,49.32981538936426,8.564310703157389,0,0.82244146,6134.2075,-0.96842265,5,1,false,false,-20.765398,1.1970114,11.195173,1.6102346,3
49.906467,0.056365088,49.32982276239016,8.564309327788198,0,0.82244146,6151.4634,-0.95631784,5,1,false,false,-21.312632,1.221297,10.355225,1.6029986,3
49.90354,0.056548547,49.32983022533309,8.564308090123857,0,0.82244146,6149.967,-0.94978076,5,1,false,false,-20.47379,1.4936746,10.07837,1.5955881,3
49.905968,0.05673197,49.32983768827602,8.564306989324706,0,0.8254008,6121.1113,-0.94639266,5,1,false,false,-20.63567,1.7214264,11.083064,1.5884883,3
49.907,0.056915402,49.32984506130191,8.564305888525555,0,0.8300864,6105.759,-0.95123404,5,1,false,false,-21.532938,1.5623326,11.294932,1.5819825,3
49.903683,0.057098806,49.32985252424484,8.564304925431255,0,0.8389641,6101.451,-0.96479195,5,1,false,false,-22.054277,1.2526882,11.264184,1.5760667,3
49.900684,0.057282165,49.329859987187774,8.564303962336956,0,0.8512946,6108.4897,-0.97665346,5,1,false,false,-18.791805,1.2064188,9.1589,1.5704774,3
49.900494,0.05746549,49.329867450130706,8.564303136947508,0,0.87176317,6126.6606,-0.9957795,5,1,false,false,-18.261751,1.3868799,8.700396,1.5653598,3
49.89633,0.05764881,49.32987491307364,8.56430231155806,0,0.8924785,6126.0146,-1.0265269,5,1,false,false,-24.328428,1.1291591,12.89744,1.5605341,3
49.895206,0.057832137,49.32988237601657,8.564301623873465,0,0.91960526,6119.734,-1.0548515,5,1,false,false,-18.15117,1.3027177,10.80021,1.5550126,3
49.885128,0.058015414,49.3298898389595,8.56430093618887,0,0.95684344,6151.997,-1.0471053,5,1,false,false,-19.159824,0.06288955,8.348137,1.5493358,3
49.871937,0.058198605,49.329897301902434,8.564300385369462,0,0.9889026,6227.45,-1.064294,5,1,false,false,-15.051752,2.3720126,8.233126,1.5428202,3
49.894497,0.05838189,49.32990476484537,8.56429997309457,0,0.9999999,6199.1064,-1.0642939,5,1,false,false,-16.174717,1.9446601,8.730418,1.536705,3
49.922676,0.05856525,49.3299122277883,8.564299559980014,0,1,6090.8164,-1.0901997,5,1,false,false,-18.34624,3.0977623,10.689811,1.53122,3
49.940556,0.058748685,49.32991978064827,8.564299147705123,0,1,6070.1562,-1.1090829,5,1,false,false,-22.34353,1.5770243,12.17265,1.5266837,3
49.928913,0.05893211,49.3299272435912,8.564299010000271,0,1,6092.152,-1.1330498,5,1,false,false,-23.632822,0.7604792,14.612843,1.5220088,3
49.91458,0.059115622,49.32993470653413,8.564298734590567,0,1,6129.487,-1.1272403,5,1,false,false,-26.19096,1.0091908,14.623885,1.5159823,3
49.905293,0.059299055,49.329942169477064,8.564298734590567,0,1,6110.282,-1.1018192,5,1,false,false,-27.334806,1.2245702,15.56941,1.5087509,3
49.90045,0.05948245,49.32994963243715,8.564298734590567,0,1,6077.852,-1.0609046,5,1,false,false,-27.07899,1.3653806,14.768813,1.50077,3
49.89581,0.059665903,49.32995709538008,8.564298872295419,0,1,6076.4766,-1.0204747,5,1,false,false,-26.825579,1.302834,14.832311,1.4926789,3
49.89313,0.059849452,49.329964648222905,8.564299147705123,0,1,6069.699,-0.9894853,5,1,false,false,-24.798214,1.4948759,13.207648,1.4850225,3
49.897312,0.060032975,49.32997211116584,8.564299423114827,0,1,6056.625,-0.9761696,5,1,false,false,-21.78238,1.6037607,11.246967,1.478333,3
49.90234,0.060216516,49.329979574125915,8.564299835389718,0,1,6061.0234,-0.9827066,5,1,false,false,-19.843346,1.4755551,10.062668,1.4728477,3
49.908512,0.06040025,49.32998703706885,8.564300385369462,0,1,6073.8896,-1.0054646,5,1,false,false,-18.577236,1.4076155,9.36833,1.4683405,3
49.91348,0.060584042,49.32999449999463,8.56430093618887,0,1,6082.8657,-1.0393583,5,1,false,false,-16.243744,1.1409448,8.14505,1.4644301,3
49.917305,0.060767815,49.33000196295471,8.564301486168613,0,1,6114.76,-1.0679249,5,1,false,false,-14.436519,0.9912467,6.8797226,1.4604616,3
49.919514,0.06095163,49.3300094258805,8.564302173853209,0,1,6155.279,-1.1410396,5,1,false,false,-15.699548,0.8695549,6.8262906,1.455973,3
49.92318,0.06113567,49.330016888840575,8.564302999242656,0,1,6170.445,-1.1548392,5,1,false,false,-16.953106,1.2126203,9.383648,1.4503247,3
49.93294,0.061319683,49.33002435176636,8.564303824632104,0,1,6163.6895,-1.172512,5,1,false,false,-16.851616,1.7142148,8.613124,1.4433562,3
49.949802,0.0615037,49.33003181472644,8.564304650861216,0,1,6143.097,-1.1703329,5,1,false,false,-17.175293,2.0450594,9.713116,1.4355694,3
49.966022,0.061687928,49.330039277652226,8.56430561311585,0,1,6112.6177,-1.1565332,5,1,false,false,-17.016596,1.8719283,9.426457,1.4278026,3
49.976627,0.061872296,49.3300467406123,8.56430657621015,0,1,6105.3755,-1.1422495,5,1,false,false,-18.420732,1.5255778,9.702283,1.4205714,3
49.98166,0.06205663,49.33005420353809,8.564307677009301,0,1,6114.1123,-1.1347442,5,1,false,false,-17.85898,1.3796283,9.5147085,1.4136976,3
49.987396,0.062240936,49.33006166649817,8.564308777808453,0,1,6120.2007,-1.1299027,5,1,false,false,-15.849104,1.3308204,7.9379506,1.4070634,3
49.993668,0.06242516,49.33006912942395,8.564310015472794,0,1,6131.2036,-1.1228826,5,1,false,false,-16.964153,1.325153,8.978033,1.4007684,3
49.998695,0.06260933,49.33007659238403,8.564311253976797,0,1,6139.146,-1.123123,5,1,false,false,-17.307121,1.3639518,9.042821,1.3945515,3
50.00064,0.06279347,49.330083965409926,8.564312491641136,0,1,6142.3857,-1.1134402,5,1,false,false,-17.335524,1.0502762,9.592903,1.388136,3
49.997425,0.06297748,49.330091428370004,8.564314005554843,0,1,6169.4907,-1.1047236,5,1,false,false,-18.29396,1.2539434,9.914131,1.3809873,3
50.0024,0.063161284,49.33009889129578,8.564315380924034,0,1,6178.4077,-1.081724,5,1,false,false,-19.305523,1.5608528,10.616784,1.3732374,3
50.010544,0.063345075,49.33010626432168,8.564316893998077,0,1,6142.073,-1.057515,5,1,false,false,-18.497414,1.7616788,9.454741,1.3652694,3
50.02146,0.06352886,49.330113727281756,8.564318544776972,0,1,6133.5986,-1.0313684,5,1,false,false,-17.816458,1.9943359,9.532492,1.3574669,3
50.031883,0.06371255,49.33012110030765,8.564320195555867,0,1,6125.7344,-1.005222,5,1,false,false,-16.579353,1.749928,8.117339,1.35067,3
50.039463,0.06389618,49.33012856323343,8.564321984039616,0,1,6120.211,-0.99263275,5,1,false,false,-17.418577,1.4770166,9.23279,1.3450341,3
50.0401,0.06407978,49.330135936259325,8.564323772523363,0,1,6135.161,-0.984401,5,1,false,false,-18.201838,1.1443882,10.069748,1.3398533,3
50.036007,0.06426333,49.33014330928521,8.564325698711961,0,1,6163.0566,-0.96696967,5,1,false,false,-17.249607,0.83567756,9.358846,1.3342371,3
50.032967,0.06444671,49.3301507722453,8.56432762490056,0,1,6194.4814,-0.9359813,5,1,false,false,-18.054155,1.193545,10.435282,1.3277942,3
50.03897,0.06463005,49.330158145271184,8.564329551089159,0,1,6194.744,-0.8931291,5,1,false,false,-18.794718,1.9449848,10.057023,1.320673,3
50.05234,0.06481339,49.33016551829708,8.564331614142946,0,1,6151.1826,-0.83671975,5,1,false,false,-19.650116,2.2093554,11.170591,1.3134054,3
50.06322,0.0649967,49.33017289132297,8.564333815741248,0,1,6120.2593,-0.7916892,5,1,false,false,-20.258524,1.9748085,11.329749,1.3063983,3
50.07087,0.06517994,49.330180264348854,8.564336016499887,0,1,6120.435,-0.7331005,5,1,false,false,-19.461046,1.7636585,10.682091,1.2998528,3
50.07584,0.065363176,49.33018754747486,8.564338354963379,0,1,6116.062,-0.6793529,5,1,false,false,-19.330595,1.6523902,9.84557,1.2940295,3
50.082874,0.06554641,49.330194920500745,8.564340694266534,0,1,6117.284,-0.6340798,5,1,false,false,-18.32344,1.7205478,9.99812,1.2887967,3
50.08991,0.06572956,49.33020229352664,8.564343170434876,0,1,6121.8965,-0.59316504,5,1,false,false,-17.790852,1.531464,9.159328,1.2841395,3
50.096256,0.06591268,49.330209576652635,8.564345646603218,0,1,6131.276,-0.56169146,5,1,false,false,-17.69835,1.5764674,9.782994,1.27971,3
50.102474,0.06609581,49.33021685974433,8.564348260476413,0,1,6142.898,-0.5362697,5,1,false,false,-17.632463,1.5189706,9.975847,1.2752178,3
50.11138,0.066278905,49.33022423277023,8.564350874349607,0,1,6152.554,-0.5132693,5,1,false,false,-16.826721,1.7564656,9.341296,1.2704134,3
50.125656,0.066461965,49.33023151589622,8.564353625927653,0,1,6151.337,-0.49438488,5,1,false,false,-17.082977,2.0039732,10.185706,1.2654948,3
50.141727,0.066645056,49.330238799022226,8.564356376666037,0,1,6133.6646,-0.47913316,5,1,false,false,-16.940117,2.0468605,9.931693,1.2607187,3
50.15783,0.06682818,49.33024608211392,8.564359265948935,0,1,6125.1846,-0.46678564,5,1,false,false,-16.287449,1.8953179,9.145698,1.2562263,3
50.17166,0.067011304,49.330253365239926,8.564362155231834,0,1,6123.082,-0.45831144,5,1,false,false,-14.6239805,1.6690735,8.04326,1.2523075,3
50.18255,0.06719442,49.33026064836592,8.564365043675068,0,1,6129.4536,-0.45516467,5,1,false,false,-16.191322,1.2846687,10.008818,1.2488558,3
50.191154,0.06737755,49.33026784155773,8.56436807066282,0,1,6152.2573,-0.4527435,5,1,false,false,-13.297008,1.4828267,7.0683475,1.2452546,3
50.19975,0.06756069,49.33027512464943,8.564371096810905,0,1,6177.6855,-0.4462064,5,1,false,false,-16.44846,1.2166927,10.526835,1.2413293,3
50.211815,0.06774381,49.33028240774113,8.564374261503508,0,1,6189.075,-0.43313336,5,1,false,false,-16.082642,1.880054,12.347364,1.2361058,3
50.24268,0.067926966,49.330289600967234,8.564377425356446,0,1,6151.929,-0.39100692,5,1,false,false,-8.053895,2.3138552,3.6087337,1.2314552,3
50.27393,0.06811022,49.330296794193345,8.564380589209385,0,1,6134.8096,-0.3931847,5,1,false,false,-11.666634,2.5226095,3.0222216,1.2288556,3
50.25733,0.0682935,49.33030407728504,8.564383890767175,0,1,6158.513,-0.38664865,5,1,false,false,-24.953066,-1.6496187,15.8601265,1.2270412,3
50.202866,0.06847661,49.33031127051115,8.56438719316463,0,1,6343.524,-0.37599576,5,1,false,false,-29.526594,-1.1022636,22.826462,1.2204669,3
50.24541,0.068659656,49.33031846366866,8.564390632427271,0,1,6407.9146,-0.25639498,5,1,false,false,-28.98028,5.7495155,17.933365,1.2085388,3
50.310997,0.06884295,49.330325566960575,8.564394208555102,0,1,6010.148,-0.13533935,5,1,false,false,-29.307224,5.247428,19.319296,1.1984482,3
50.340725,0.06902647,49.330332760186685,8.564397923227448,0,1,5913.8066,-0.07166475,5,1,false,false,-23.434175,1.6939218,15.198525,1.1934952,3
50.334633,0.06921,49.3303398634786,8.564401637899794,0,1,6138.0347,-0.031473577,5,1,false,false,-13.991271,0.25532407,7.936952,1.193253,3
50.337337,0.069393516,49.33034705663611,8.564405489437327,0,1,6158.1567,-0.056653548,5,1,false,false,-7.680642,1.1439335,5.8026047,1.1957116,3
50.36352,0.0695771,49.33035415992802,8.564409341814525,0,1,6128.687,-0.10919222,5,1,false,false,-2.7414799,1.4873121,1.9408867,1.198259,3
50.359585,0.06976078,49.33036126321994,8.56441319335206,0,1,6227.3623,-0.2002255,5,1,false,false,-2.0069747,-0.3585649,-1.4143902,1.2010157,3
50.366356,0.06994442,49.330368366511856,8.564417045729257,0,1,6370.529,-0.3094159,5,1,false,false,-3.4463255,0.674579,1.7597351,1.2035961,3
50.367104,0.07012805,49.330375469803776,8.56442089726679,0,1,6359.071,-0.40577567,5,1,false,false,-7.421279,-0.6641352,5.2623334,1.2057011,3
50.359646,0.070311695,49.33038257309569,8.564424749643988,0,1,6483.7666,-0.49027002,5,1,false,false,-11.870553,3.1778731,11.047922,1.2059519,3
50.458195,0.07049555,49.33038967631901,8.564428738886376,0,1,6454.809,-0.4905116,5,1,false,false,-8.874111,5.1665993,9.470686,1.2038741,3
50.52562,0.07067966,49.33039677961092,8.564432591263573,0,1,6086.921,-0.48470208,5,1,false,false,-11.051672,5.442816,10.195042,1.2005389,3
50.604675,0.07086405,49.33040388290284,8.56443671821081,0,1,6089.818,-0.45928043,5,1,false,false,-8.671762,2.3357015,7.971502,1.196565,3
50.608406,0.07104873,49.33041098619476,8.564440707453198,0,1,6118.646,-0.4425757,5,1,false,false,-8.096166,-0.35282877,7.4734726,1.1933825,3
50.594387,0.07123333,49.33041808948667,8.564444834400435,0,1,6227.819,-0.43458548,5,1,false,false,-17.150366,-0.6924297,14.410406,1.1889341,3
50.60943,0.07141789,49.33042519277859,8.564448962187337,0,1,6287.094,-0.41666904,5,1,false,false,-18.249718,3.8276222,22.191916,1.1815226,3
50.640385,0.07160263,49.330432206136315,8.564453226839426,0,1,6100.686,-0.35832173,5,1,false,false,-20.238075,3.2063215,22.933056,1.1724447,3
50.676964,0.071787626,49.33043930942823,8.564457491491517,0,1,6035.666,-0.25179416,5,1,false,false,-12.135372,1.5671608,15.272848,1.1637279,3
50.681965,0.07197267,49.33044632278595,8.564461893848458,0,1,6150.076,-0.1271086,5,1,false,false,-11.24446,0.7190604,14.503936,1.158329,3
50.698338,0.072157696,49.330453336143684,8.5644662962054,0,1,6203.9526,-0.067548886,5,1,false,false,-8.887839,1.8535482,10.373169,1.1555825,3
50.718277,0.072343014,49.33046034950141,8.564470697722678,0,1,6148.11,-0.036075324,5,1,false,false,-4.7571845,0.742767,6.9728775,1.154945,3
50.724556,0.07252836,49.33046745279332,8.564475100079619,0,1,6245.6147,-0.06754891,5,1,false,false,-5.7617536,1.3526148,6.0611,1.1547042,3
50.741222,0.072713725,49.330474466151045,8.564479640141412,0,1,6335.693,-0.11718139,5,1,false,false,-4.3129606,0.048312776,3.7890525,1.1539177,3
50.726967,0.072899066,49.33048147957737,8.564484042498355,0,1,6360.55,-0.17843571,5,1,false,false,-6.5511837,0.17814288,8.52735,1.1523101,3
50.789448,0.0730845,49.330488492935096,8.564488582560148,0,1,6463.492,-0.23121502,5,1,false,false,-4.8484483,4.569862,5.4302573,1.1495919,3
50.830013,0.073270135,49.33049550629282,8.564493121782277,0,1,6246.113,-0.26414168,5,1,false,false,-8.149971,1.5902271,8.629336,1.1465651,3
50.891758,0.0734559,49.33050251965055,8.564497661844072,0,1,6250.322,-0.2898058,5,1,false,false,-8.076749,4.6346645,8.716318,1.1424993,3
50.934227,0.073641896,49.330509533008275,8.564502339610717,0,1,6228.2207,-0.28980574,5,1,false,false,-8.726139,1.8335372,7.3334255,1.1387211,3
50.967922,0.073828004,49.330516456500405,8.564507016537698,0,1,6158.544,-0.30578402,5,1,false,false,-13.463871,3.085842,13.620728,1.1348163,3
51.00136,0.07401423,49.330523469858136,8.564511694304343,0,1,6169.9565,-0.2854474,5,1,false,false,-10.363458,1.6313587,10.233517,1.1304634,3
51.015938,0.074200526,49.33053048321586,8.564516371231326,0,1,6185.641,-0.25469947,5,1,false,false,-12.7180195,1.4954768,15.062116,1.1262331,3
51.046844,0.07438693,49.330537496573584,8.564521186702823,0,1,6214.2026,-0.21789855,5,1,false,false,-10.401736,2.2437482,10.767479,1.1214069,3
51.06878,0.07457343,49.33054441999712,8.564526001334658,0,1,6171.134,-0.16826692,5,1,false,false,-11.131908,1.1690718,12.312381,1.117301,3
51.094368,0.07475997,49.330551433423445,8.56453081596649,0,1,6205.2334,-0.15277176,5,1,false,false,-11.007595,2.3801408,12.642776,1.1130995,3
51.120094,0.07494664,49.33055835684698,8.56453576914284,0,1,6214.7217,-0.113065556,5,1,false,false,-8.0517645,1.4163848,8.427495,1.1093678,3
51.14162,0.07513339,49.33056528033911,8.564540721479526,0,1,6209.6084,-0.10919222,5,1,false,false,-10.237596,2.329686,12.434112,1.106109,3
51.177055,0.07532022,49.33057220376264,8.56454567381621,0,1,6221.181,-0.10144367,5,1,false,false,-8.095637,2.0364914,8.842645,1.1030377,3
51.19428,0.07550715,49.330579217120366,8.564550763857747,0,1,6197.786,-0.1024127,5,1,false,false,-9.102485,1.432653,13.156455,1.1008823,3
51.228783,0.07569418,49.3305861406125,8.564555717034096,0,1,6253.169,-0.11355053,5,1,false,false,-7.181411,2.4977574,9.479528,1.0984904,3
51.251675,0.0758813,49.33059306403604,8.564560807075635,0,1,6215.9614,-0.113550544,5,1,false,false,-8.00184,1.1695055,9.852788,1.0968473,3
51.280342,0.0760685,49.33059989759398,8.564566034822024,0,1,6238.8027,-0.1380021,5,1,false,false,-8.825126,2.9003692,11.335565,1.0949987,3
51.309612,0.07625582,49.33060682101751,8.56457112486356,0,1,6242.8374,-0.13582434,5,1,false,false,-7.4926295,1.2339934,8.383548,1.0932477,3
51.329617,0.07644323,49.33061374450965,8.56457635260995,0,1,6243.488,-0.15107709,5,1,false,false,-8.445854,2.2347813,11.0049095,1.0913849,3
51.370457,0.07663074,49.33062066793318,8.564581442651487,0,1,6261.795,-0.14865595,5,1,false,false,-6.6952233,2.0187697,7.655107,1.0892673,3
51.389854,0.07681835,49.330627591356716,8.564586807263066,0,1,6218.6943,-0.15543544,5,1,false,false,-8.748427,1.619663,13.12376,1.0875288,3
51.427402,0.07700609,49.330634424914656,8.564592035009454,0,1,6264.7534,-0.16076183,5,1,false,false,-6.5852985,2.3379555,9.086589,1.0852299,3
51.448895,0.077193916,49.33064134840679,8.564597262755843,0,1,6239.045,-0.15204519,5,1,false,false,-6.8368464,1.204697,9.330682,1.0831892,3
51.48282,0.07738182,49.33064818189613,8.564602628207085,0,1,6266.228,-0.16051936,5,1,false,false,-7.5688004,3.033598,10.665727,1.080716,3
51.513496,0.07756987,49.33065510538827,8.564607993658326,0,1,6242.9214,-0.14962403,5,1,false,false,-7.1285706,1.3765824,9.040356,1.0783671,3
51.534897,0.07775803,49.33066193887761,8.564613358269904,0,1,6249.9204,-0.15785569,5,1,false,false,-7.670297,2.2056456,10.7543335,1.0758374,3
51.571228,0.07794629,49.33066886236974,8.564618723721145,0,1,6281.1465,-0.14526662,5,1,false,false,-6.3484206,1.8862869,7.3015347,1.0730911,3
51.592133,0.07813463,49.33067569592769,8.564624226877237,0,1,6247.6406,-0.14502414,5,1,false,false,-8.620314,1.8539311,13.325272,1.0706416,3
51.629463,0.07832313,49.330682529417025,8.564629729193667,0,1,6272.3345,-0.14744526,5,1,false,false,-7.057441,2.1008122,9.067075,1.0678177,3
51.647274,0.07851173,49.33068936297497,8.56463523234976,0,1,6258.1875,-0.13848709,5,1,false,false,-7.3451257,0.8702368,10.332068,1.0652784,3
51.67518,0.07870039,49.3306962864671,8.564640735505852,0,1,6304.8955,-0.14744532,5,1,false,false,-8.023864,2.7722125,10.5842,1.0622836,3
51.70485,0.07888919,49.330703119956446,8.564646237822283,0,1,6274.973,-0.13558188,5,1,false,false,-7.1710505,1.4977496,8.671698,1.0593656,3
51.727978,0.07907811,49.330709953514386,8.564651878683227,0,1,6268.7715,-0.14357108,5,1,false,false,-7.331182,2.3139157,10.129132,1.056539,3
51.758022,0.07926713,49.33071678707233,8.564657518704509,0,1,6304.097,-0.14066674,5,1,false,false,-7.2639174,1.3328756,7.9111824,1.0538846,3
51.77582,0.07945622,49.33072362056167,8.564663159565454,0,1,6293.537,-0.15567699,5,1,false,false,-6.701657,1.7004503,7.724829,1.0515697,3
51.811836,0.07964548,49.33073036418543,8.564668799586734,0,1,6318.7563,-0.168267,5,1,false,false,-8.450639,2.159286,10.314273,1.049322,3
51.825512,0.079834834,49.33073719774337,8.564674577312868,0,1,6301.9277,-0.1946566,5,1,false,false,-7.8460274,1.0057282,10.689106,1.047376,3
51.854877,0.080024265,49.33074403130131,8.564680218173812,0,1,6360.1396,-0.21717294,5,1,false,false,-8.816467,1.5800878,12.529414,1.0448318,3
51.87746,0.08021383,49.33075077492506,8.564685995899946,0,1,6369.7256,-0.22903632,5,1,false,false,-11.49013,2.0654771,11.013112,1.0415637,3
51.903114,0.08040353,49.330757608483005,8.564691773626079,0,1,6360.388,-0.24792089,5,1,false,false,-14.323841,2.2743566,16.630184,1.036975,3
51.940807,0.08059336,49.330764352106755,8.564697689057063,0,1,6356.9585,-0.22370991,5,1,false,false,-12.048707,2.5069115,13.9471035,1.0309387,3
51.964695,0.08078331,49.330771095730505,8.564703604488049,0,1,6306.0137,-0.17238282,5,1,false,false,-10.133481,1.2598753,12.719815,1.0247432,3
51.996513,0.08097346,49.330777839354255,8.564709520758697,0,1,6330.368,-0.117181405,5,1,false,false,-8.439814,2.637985,7.1904225,1.0198493,3
52.031452,0.08116375,49.330784582978005,8.564715573894533,0,1,6296.2085,-0.08376974,5,1,false,false,-8.815122,2.16953,6.8249846,1.0170403,3
52.064373,0.08135417,49.330791326601755,8.56472148932552,0,1,6233.7017,-0.068517,5,1,false,false,-7.5743256,2.1730165,8.971245,1.0155975,3
52.080902,0.08154473,49.33079807022551,8.564727542461355,0,1,6270.2397,-0.03607533,5,1,false,false,-3.9462545,0.56379867,8.163195,1.0150285,3
52.083904,0.08173539,49.33080481384926,8.564733595597193,0,1,6376.3096,-0.0043573854,5,1,false,false,-4.9952154,0.3303519,10.790992,1.0146453,3
52.087032,0.081926055,49.33081155747301,8.564739785598217,0,1,6446.38,0.01646333,5,1,false,false,-3.7778182,0.46742648,8.309207,1.0140913,3
52.10779,0.08211675,49.33081821116257,8.564745838734055,0,1,6494.759,0.025179984,5,1,false,false,-3.9370522,2.5341039,9.071448,1.0133376,3
52.17178,0.08230774,49.33082495478632,8.564751891869891,0,1,6436.7773,0.008231662,5,1,false,false,-4.173172,4.6871634,11.137331,1.0126175,3
52.224445,0.082498975,49.33083169841007,8.564758082710581,0,1,6273.395,-0.01597928,5,1,false,false,-4.889357,3.1053507,13.650539,1.0122843,3
52.262768,0.082690366,49.33083835209963,8.564764273551269,0,1,6290.867,-0.043822013,5,1,false,false,-6.165282,2.0435784,14.27492,1.0121433,3
52.283443,0.082881935,49.33084509572338,8.564770326687105,0,1,6335.0806,-0.0709382,5,1,false,false,-6.3406167,1.6349735,12.649326,1.0120931,3
52.31196,0.08307368,49.33085183934713,8.564776517527795,0,1,6297.4316,-0.10120209,5,1,false,false,-6.7581472,2.0935817,13.618073,1.0120709,3
52.33699,0.08326552,49.33085849303669,8.56478284523367,0,1,6277.324,-0.12492902,5,1,false,false,-5.7535963,1.5272126,12.618463,1.0118916,3
52.35491,0.083457425,49.33086523666044,8.56478903607436,0,1,6310.735,-0.17335092,5,1,false,false,-5.581582,1.2624012,12.91777,1.0114477,3
52.370953,0.08364932,49.33087189041861,8.5647953646199,0,1,6336.518,-0.17383584,5,1,false,false,-4.980623,1.1801211,9.334779,1.010466,3
52.389748,0.08384127,49.33087863404236,8.564801555460589,0,1,6351.15,-0.1902983,5,1,false,false,-4.741506,1.416241,8.326149,1.0089761,3
52.409798,0.08403329,49.33088528766332,8.564807883166466,0,1,6372.3228,-0.19441412,5,1,false,false,-5.2491713,1.4933203,9.013146,1.00699,3
52.432003,0.08422524,49.33089194142148,8.564814211712006,0,1,6377.3613,-0.1953831,5,1,false,false,-4.0202484,1.6596019,4.914372,1.0045787,3
52.451756,0.084417164,49.33089859517964,8.564820539417884,0,1,6387.502,-0.1902983,5,1,false,false,-4.1099615,1.075411,4.9178057,1.001898,3
52.47502,0.084609166,49.33090533880339,8.564826867963424,0,1,6408.35,-0.180856,5,1,false,false,-4.929834,1.9044752,5.51583,0.9989595,3
52.473904,0.08480121,49.33091199242435,8.564833334213818,0,1,6420.959,-0.15858224,5,1,false,false,-8.658295,0.26337335,18.627138,0.99563247,3
52.494884,0.08499326,49.33091864618251,8.564839661919693,0,1,6504.1143,-0.117665455,5,1,false,false,-7.2222652,2.351761,14.200221,0.9910697,3
52.523815,0.0851854,49.33092529994067,8.564846128170087,0,1,6457.5454,-0.08376974,5,1,false,false,-4.7234735,1.5299858,11.600362,0.9862803,3
52.592632,0.08537771,49.330931953561624,8.564852593580815,0,1,6382.917,-0.06149592,5,1,false,false,-7.018083,4.102888,11.947039,0.98196375,3
52.614544,0.085570194,49.33093860731979,8.564859059831207,0,1,6270.591,-0.04914843,5,1,false,false,-7.9136753,1.0488338,13.1642065,0.98001736,3
52.620434,0.08576271,49.33094526107794,8.564865525241936,0,1,6341.3013,-0.05931631,5,1,false,false,-8.715306,0.50268334,12.038876,0.9802074,3
52.618782,0.085955225,49.33095191469891,8.564871991492328,0,1,6421.6377,-0.09805438,5,1,false,false,-5.861352,-0.032235205,10.306995,0.98085684,3
52.61742,0.08614773,49.33095847845428,8.56487859460791,0,1,6441.7393,-0.13412875,5,1,false,false,-6.8017125,0.82037187,11.772184,0.9811793,3
52.651737,0.08634028,49.330965132212434,8.56488519772349,0,1,6492.172,-0.17068718,5,1,false,false,-5.822504,2.1794097,9.437743,0.98038673,3
52.674843,0.08653294,49.330971695967804,8.564891801678735,0,1,6430.5244,-0.18279319,5,1,false,false,-4.7127347,1.4493929,6.4962726,0.9789717,3
52.703884,0.08672569,49.33097834972596,8.564898404794315,0,1,6462.195,-0.2026458,5,1,false,false,-4.829901,2.605028,6.899897,0.97708666,3
52.73699,0.08691856,49.33098491348133,8.564905007909896,0,1,6454.0596,-0.21378356,5,1,false,false,-5.215831,1.9323227,6.6181183,0.9749614,3
52.758312,0.087111525,49.330991567239494,8.56491161186514,0,1,6410.7744,-0.22467802,5,1,false,false,-6.6271696,1.9983598,9.374865,0.97267145,3
52.788094,0.0873046,49.33099813099486,8.564918352685574,0,1,6452.2363,-0.23073007,5,1,false,false,-6.3311896,1.4867871,9.405765,0.96985054,3
52.806904,0.08749775,49.331004694887426,8.564924955801153,0,1,6442.904,-0.22564709,5,1,false,false,-7.853939,1.7247064,11.717251,0.9667124,3
52.838017,0.08769097,49.331011258642796,8.564931696621587,0,1,6442.907,-0.21935156,5,1,false,false,-7.0997534,2.1339812,9.564183,0.9630425,3
52.861176,0.08788431,49.33101791226375,8.564938437442018,0,1,6418.94,-0.20167765,5,1,false,false,-7.52817,1.6557711,9.98887,0.9594831,3
52.88698,0.08807774,49.33102447615632,8.564945315967304,0,1,6431.5576,-0.19586721,5,1,false,false,-7.717292,1.8614502,10.034395,0.95597696,3
52.907738,0.088271245,49.33103103991169,8.5649520576274,0,1,6426.2515,-0.18279313,5,1,false,false,-8.633158,1.279211,10.074556,0.9527149,3
52.92543,0.088464804,49.33103751380147,8.564958936152683,0,1,6441.6694,-0.17722516,5,1,false,false,-8.678735,1.6052752,12.020421,0.9493238,3
52.94631,0.08865845,49.33104407755684,8.564965814677969,0,1,6460.114,-0.168751,5,1,false,false,-8.221432,1.4800743,9.901047,0.9456976,3
52.96948,0.08885217,49.33105064131221,8.564972693203252,0,1,6445.6084,-0.15785569,5,1,false,false,-8.637089,1.963842,10.41825,0.94210845,3
52.997147,0.08904597,49.331057115201986,8.564979571728538,0,1,6438.3853,-0.15107709,5,1,false,false,-8.225951,1.851607,9.713864,0.9386653,3
53.01784,0.08923987,49.331063679094555,8.564986587119009,0,1,6426.925,-0.1445401,5,1,false,false,-8.061474,1.4628679,9.811918,0.9356974,3
53.03891,0.08943384,49.33107015298433,8.564993465644294,0,1,6445.8467,-0.14526659,5,1,false,false,-8.342197,1.7728916,10.144174,0.93299305,3
53.05676,0.08962789,49.33107662673691,8.56500048187443,0,1,6446.7554,-0.143571,5,1,false,false,-8.088595,1.3866607,8.748054,0.93052435,3
53.07724,0.089822,49.33108319062948,8.565007635809419,0,1,6456.2593,-0.14792936,5,1,false,false,-7.5947213,1.6087174,9.127575,0.9280304,3
53.097786,0.09001621,49.331089664519254,8.565014652039554,0,1,6457.357,-0.14696126,5,1,false,false,-8.002132,1.5364617,8.787425,0.92555535,3
53.11802,0.09021048,49.33109604840624,8.56502180513488,0,1,6454.7427,-0.15035051,5,1,false,false,-7.7290936,1.6115571,9.064041,0.92305946,3
53.138855,0.09040482,49.331102522296014,8.565028821365015,0,1,6462.593,-0.1488975,5,1,false,false,-7.621376,1.5467558,8.700324,0.9205479,3
53.16035,0.09059926,49.33110899618579,8.565035975300004,0,1,6468.657,-0.14817093,5,1,false,false,-7.4107637,1.6305377,8.422437,0.9180203,3
53.18128,0.09079377,49.33111547007557,8.565043129234992,0,1,6468.1504,-0.14623472,5,1,false,false,-7.342022,1.5761615,8.499765,0.9155128,3
53.202343,0.09098837,49.331121854099756,8.565050420035169,0,1,6471.246,-0.14478165,5,1,false,false,-7.6746426,1.5407501,8.271032,0.91302925,3
53.222145,0.091183044,49.33112832785233,8.565057573970156,0,1,6478.232,-0.14526656,5,1,false,false,-7.6736307,1.5550373,8.988546,0.9104966,3
53.24269,0.0913778,49.331134711876516,8.565064864770333,0,1,6488.5015,-0.1433295,5,1,false,false,-8.019896,1.5773741,9.096408,0.90782624,3
53.26456,0.09157264,49.331141095900705,8.565072156410173,0,1,6491.865,-0.14042428,5,1,false,false,-8.192252,1.745166,9.409234,0.9049611,3
53.28857,0.091767564,49.33114747978769,8.56507944721035,0,1,6487.7153,-0.13412873,5,1,false,false,-8.692975,1.8274224,10.856077,0.9019171,3
53.312943,0.091962576,49.33115386381188,8.565086876555041,0,1,6480.8364,-0.12783425,5,1,false,false,-9.078689,1.860317,10.595245,0.8987486,3
53.337154,0.09215769,49.33116024769886,8.565094167355218,0,1,6475.1646,-0.11572831,5,1,false,false,-8.950774,1.8231356,10.504164,0.89560413,3
53.36103,0.09235289,49.33116663172304,8.56510159669991,0,1,6470.4546,-0.10338174,5,1,false,false,-8.801883,1.8018044,10.509122,0.89266807,3
53.383877,0.09254818,49.331173015610034,8.565109025204938,0,1,6464.2227,-0.093697,5,1,false,false,-8.563791,1.6630085,10.140724,0.8901494,3
53.40484,0.09274354,49.33117930976863,8.565116453709965,0,1,6466.0713,-0.08643343,5,1,false,false,-7.982643,1.5889335,9.265149,0.8880763,3
53.424908,0.092939004,49.33118560379002,8.56512402075951,0,1,6475.775,-0.083285674,5,1,false,false,-7.255354,1.447514,8.318637,0.8863775,3
53.44311,0.09313454,49.33119198767701,8.565131449264538,0,1,6486.391,-0.085222825,5,1,false,false,-6.937079,1.4082043,9.156007,0.88493913,3
53.46227,0.09333015,49.3311982818356,8.565139015474418,0,1,6502.019,-0.09079176,5,1,false,false,-7.149733,1.4269062,9.184882,0.88349533,3
53.47992,0.093525834,49.331204575856994,8.565146581684298,0,1,6515.422,-0.095391646,5,1,false,false,-6.7152386,1.4102046,9.010062,0.88186955,3
53.501568,0.093721606,49.33121086987839,8.565154147894178,0,1,6530.555,-0.0992659,5,1,false,false,-6.708665,1.7470782,9.349403,0.87998295,3
53.52933,0.09391747,49.33121716389979,8.565161852648574,0,1,6518.1455,-0.1012021,5,1,false,false,-6.588968,1.9882307,8.357503,0.8779817,3
53.557465,0.094113454,49.331223457921176,8.565169418858455,0,1,6494.2676,-0.10144368,5,1,false,false,-6.0138307,1.9127324,8.150186,0.8761237,3
53.581936,0.09430956,49.33122975207977,8.565177122773186,0,1,6495.447,-0.10313927,5,1,false,false,-6.6682296,1.6256287,9.63459,0.87452424,3
53.602264,0.09450574,49.331235956098375,8.565184826687918,0,1,6504.898,-0.10652853,5,1,false,false,-6.5566874,1.363946,9.744894,0.87299854,3
53.620457,0.09470202,49.33124225025697,8.56519253060265,0,1,6518.8193,-0.106528535,5,1,false,false,-6.229178,1.3586246,8.761861,0.87137455,3
53.641624,0.09489838,49.331248454275574,8.565200234517382,0,1,6537.1675,-0.1036233,5,1,false,false,-5.8531446,1.6430546,8.233946,0.8695735,3
53.66653,0.09509483,49.33125474843417,8.565207938432115,0,1,6529.5396,-0.101928666,5,1,false,false,-5.8162923,1.7415944,7.8370876,0.8677436,3
53.69156,0.0952914,49.33126095245277,8.565215780051698,0,1,6519.345,-0.1024127,5,1,false,false,-5.5140963,1.676395,8.172356,0.8659903,3
53.71331,0.095488176,49.33126724661136,8.565223483966431,0,1,6530.7734,-0.10023403,5,1,false,false,-6.340108,1.4615519,9.9061,0.8642794,3
53.733883,0.095685124,49.33127345076717,8.565231325586014,0,1,6544.0576,-0.098054364,5,1,false,false,-6.2585726,1.4382371,9.270524,0.8623805,3
53.755177,0.095882155,49.33127965478577,8.565239167205599,0,1,6550.391,-0.088854626,5,1,false,false,-6.4438353,1.5977964,11.294317,0.86025083,3
53.782642,0.096079275,49.33128585894158,8.565247007985517,0,1,6550.1743,-0.08207604,5,1,false,false,-6.760095,2.0164227,11.505409,0.8579149,3
53.811005,0.09627653,49.33129206309738,8.565254987309954,0,1,6524.0264,-0.073116876,5,1,false,false,-6.7905483,1.9333394,11.109889,0.8556415,3
53.83802,0.096473895,49.33129826725318,8.565262828929537,0,1,6512.5483,-0.06706484,5,1,false,false,-6.6869345,1.8258507,12.014606,0.8536388,3
53.86085,0.09667134,49.331304471408984,8.565270808253974,0,1,6514.7075,-0.060527824,5,1,false,false,-6.849874,1.5805521,11.341535,0.8520149,3
53.88215,0.09686883,49.331310585561994,8.565278787578409,0,1,6515.835,-0.058590695,5,1,false,false,-5.979379,1.5194291,9.725117,0.8507312,3
53.902946,0.09706639,49.331316789717796,8.565286766063181,0,1,6523.6772,-0.058106646,5,1,false,false,-5.1489873,1.4634235,9.326338,0.8497434,3
53.92355,0.09726402,49.331322903870806,8.565294745387618,0,1,6533.2847,-0.061495926,5,1,false,false,-4.84807,1.4303502,8.422988,0.8489663,3
53.942596,0.097461715,49.331329108026615,8.565302724712053,0,1,6542.452,-0.06561178,5,1,false,false,-4.2288384,1.2834105,7.8335433,0.8482912,3
53.96035,0.09765946,49.331335222316824,8.565310703196825,0,1,6565.695,-0.07239127,5,1,false,false,-3.8110087,1.2571827,7.0506043,0.84758484,3
53.97932,0.0978573,49.331341426472626,8.565318820226112,0,1,6587.131,-0.07795928,5,1,false,false,-3.73761,1.3134267,7.194099,0.84675413,3
54.00003,0.0980552,49.331347540625636,8.565326799550549,0,1,6596.4575,-0.08280163,5,1,false,false,-3.948905,1.4618816,8.377582,0.84574085,3
54.022804,0.09825316,49.33135365491585,8.565334915740172,0,1,6606.9097,-0.08546534,5,1,false,false,-4.0450735,1.6225516,8.441479,0.844451,3
54.050163,0.09845124,49.33135976906886,8.56534303276946,0,1,6607.9355,-0.08473879,5,1,false,false,-4.2046003,1.9053317,9.191459,0.8429192,3
54.081512,0.09864942,49.33136588335908,8.565351148959085,0,1,6587.5864,-0.08062293,5,1,false,false,-4.741179,2.206173,11.072256,0.84124213,3
54.113487,0.09884771,49.33137208737767,8.565359265988372,0,1,6561.0845,-0.07602305,5,1,false,false,-4.919557,1.9621474,9.898703,0.8395392,3
54.139843,0.09904611,49.33137820166789,8.565367382177996,0,1,6553.3604,-0.06875857,5,1,false,false,-4.745894,1.6871278,9.980517,0.8379536,3
54.163677,0.09924462,49.3313843158209,8.565375499207283,0,1,6561.55,-0.06367555,5,1,false,false,-4.703503,1.5336877,11.162005,0.8365424,3
54.185806,0.09944319,49.331390430111114,8.56538375310176,0,1,6561.0503,-0.058833197,5,1,false,false,-4.9580626,1.4816437,11.219718,0.835268,3
54.207798,0.099641845,49.33139645439853,8.565391870131046,0,1,6568.0776,-0.054474868,5,1,false,false,-4.635014,1.4996791,9.883404,0.83402574,3
54.229874,0.09984059,49.331402568551546,8.565400124025523,0,1,6579.3184,-0.048421897,5,1,false,false,-4.0860195,1.5271801,8.704441,0.83283234,3
54.253716,0.10003943,49.331408682841754,8.565408378759662,0,1,6580.3003,-0.044306062,5,1,false,false,-3.089272,1.6076833,6.697317,0.831788,3
54.27678,0.10023836,49.331414796994764,8.565416632654138,0,1,6578.845,-0.04067522,5,1,false,false,-3.3710153,1.4329749,7.870139,0.8310012,3
54.296364,0.100437395,49.331420821419385,8.565424887388277,0,1,6593.231,-0.04261141,5,1,false,false,-3.1846662,1.1826713,8.703942,0.83026886,3
54.308426,0.1006365,49.3314269355724,8.565433141282753,0,1,6631.197,-0.039464623,5,1,false,false,-2.7016447,0.8232047,6.8594394,0.82941264,3
54.329136,0.10083566,49.33143304972541,8.56544139517723,0,1,6673.721,-0.03631595,5,1,false,false,-2.4989657,1.7652825,6.6584764,0.8284074,3
54.363663,0.10103494,49.33143907415003,8.565449649911368,0,1,6642.619,-0.034379754,5,1,false,false,-3.2421327,2.234829,9.52211,0.82743007,3
54.39701,0.10123437,49.33144518830304,8.565458041510697,0,1,6592.257,-0.036799997,5,1,false,false,-3.5114217,1.9761908,11.285137,0.82648474,3
54.422928,0.101433925,49.331451212590466,8.565466295405173,0,1,6612.598,-0.035106298,5,1,false,false,-3.3995447,1.5539391,9.635853,0.8255145,3
54.448055,0.10163357,49.331457326880674,8.565474687844164,0,1,6628.0913,-0.036315948,5,1,false,false,-3.4160426,1.8519729,10.992423,0.8245543,3
54.478928,0.10183335,49.3314633511681,8.565483079443492,0,1,6593.916,-0.03583284,5,1,false,false,-3.8303237,1.9725927,11.774825,0.8237184,3
54.50621,0.10203324,49.331469465321106,8.565491333337967,0,1,6575.6436,-0.03752654,5,1,false,false,-3.5649931,1.620691,9.910687,0.82303965,3
54.527695,0.102233246,49.33147548960853,8.56549972577696,0,1,6601.4053,-0.03849558,5,1,false,false,-3.280651,1.3601769,10.162493,0.82244474,3
54.54899,0.10243334,49.33148160389874,8.565508117376286,0,1,6612.7134,-0.03994867,5,1,false,false,-3.08993,1.4764214,10.094697,0.82188946,3
54.572403,0.10263354,49.33148762818616,8.565516508975614,0,1,6607.415,-0.040432718,5,1,false,false,-2.9382257,1.4764766,8.790207,0.82134086,3
54.594555,0.10283383,49.331493652473576,8.565525038279795,0,1,6620.6963,-0.04164237,5,1,false,false,-2.5467677,1.4510173,9.318128,0.82076496,3
54.617065,0.10303423,49.33149976676379,8.565533429879121,0,1,6636.232,-0.042127363,5,1,false,false,-2.6500869,1.4929857,9.77181,0.8201533,3
54.640858,0.10323473,49.331505791051214,8.565541822318114,0,1,6634.353,-0.043822005,5,1,false,false,-2.4936957,1.5261508,8.95389,0.81947774,3
54.66516,0.103435345,49.33151181533863,8.565550351622292,0,1,6640.3433,-0.04333796,5,1,false,false,-2.3615732,1.58756,8.6986,0.81873786,3
54.690495,0.10363607,49.33151783962605,8.56555874322162,0,1,6646.972,-0.04236892,5,1,false,false,-2.4251301,1.6694531,9.2540245,0.81798285,3
54.71652,0.1038369,49.33152395377906,8.565567272525799,0,1,6640.169,-0.042127367,5,1,false,false,-2.2909794,1.6629165,8.495563,0.8172225,3
54.741573,0.104037866,49.33152997820368,8.56557580182998,0,1,6641.2266,-0.04357951,5,1,false,false,-2.2441664,1.563036,9.148937,0.816461,3
54.765038,0.104238935,49.331536002491106,8.565584193429308,0,1,6653.548,-0.04067522,5,1,false,false,-2.3996248,1.4966464,9.523189,0.8156898,3
54.788914,0.10444011,49.33154202677852,8.565592722733486,0,1,6658.652,-0.038253088,5,1,false,false,-2.4746935,1.5615891,8.91298,0.8148811,3
54.814606,0.10464139,49.331548051065944,8.565601252037666,0,1,6659.3247,-0.034863804,5,1,false,false,-2.1409087,1.6608677,8.658498,0.81401443,3
54.84049,0.104842804,49.33155407535337,8.56560978218151,0,1,6658.886,-0.030506413,5,1,false,false,-2.2117019,1.6679314,9.815383,0.81317794,3
54.86653,0.10504432,49.33156009964078,8.56561831148569,0,1,6659.2183,-0.024453435,5,1,false,false,-2.2437284,1.610796,9.562771,0.8123804,3
54.890602,0.10524595,49.331566213931,8.565626840789868,0,1,6662.2505,-0.021790698,5,1,false,false,-2.2920384,1.5416446,10.352917,0.81163716,3
54.915977,0.105447695,49.33157223821842,8.5656355077989,0,1,6672.267,-0.018642027,5,1,false,false,-2.131279,1.6664082,10.248446,0.8109305,3
54.94225,0.10564956,49.331578262505836,8.56564403710308,0,1,6667.3066,-0.01525274,5,1,false,false,-2.0978506,1.6976001,8.166248,0.8103104,3
54.969322,0.10585154,49.33158428679326,8.565652566407259,0,1,6663.2236,-0.01597928,5,1,false,false,-2.0225503,1.7277931,8.429785,0.8098091,3
54.99521,0.10605364,49.33159031108068,8.565661233416291,0,1,6663.429,-0.01839953,5,1,false,false,-1.8284072,1.5332791,9.675152,0.8094256,3
55.017216,0.10625585,49.3315963353681,8.56566976272047,0,1,6668.962,-0.023000348,5,1,false,false,-2.120248,1.3072165,9.006436,0.8091392,3
55.037384,0.10645815,49.33160235965552,8.565678429729502,0,1,6692.893,-0.02711618,5,1,false,false,-1.9223474,1.3384165,8.842634,0.808803,3
55.061703,0.10666055,49.33160838394294,8.565687096738534,0,1,6706.596,-0.0336532,5,1,false,false,-2.0468934,1.6941788,10.358933,0.80838084,3
55.09111,0.10686308,49.33161440836756,8.565695626042713,0,1,6691.086,-0.034137253,5,1,false,false,-1.8951756,1.843316,10.086088,0.8078461,3
55.12021,0.10706573,49.33162043265498,8.565704293051745,0,1,6677.183,-0.033653207,5,1,false,false,-2.073677,1.7797686,9.042097,0.807267,3
55.146458,0.1072685,49.3316264569424,8.565712960060775,0,1,6681.54,-0.03195856,5,1,false,false,-1.7880801,1.589564,8.372798,0.8066645,3
55.17143,0.10747138,49.33163248122982,8.565721626230143,0,1,6683.6577,-0.030021425,5,1,false,false,-1.6804571,1.5784771,8.594142,0.8061091,3
55.195087,0.10767436,49.33163850551724,8.565730293239175,0,1,6684.772,-0.028084287,5,1,false,false,-1.4255929,1.3883728,7.7731843,0.80562353,3
55.214764,0.10787743,49.33164452980466,8.565738960248206,0,1,6703.2515,-0.024210941,5,1,false,false,-1.5931773,1.1763028,7.930816,0.80517656,3
55.234535,0.108080566,49.33165055409208,8.565747627257238,0,1,6733.7534,-0.024210945,5,1,false,false,-1.4196303,1.3001009,8.335018,0.80466574,3
55.256893,0.10828378,49.3316565783795,8.56575643197112,0,1,6744.4497,-0.022515364,5,1,false,false,-1.2637465,1.4802918,7.773116,0.8041085,3
55.284542,0.108487085,49.33166260280412,8.565765098980153,0,1,6744.5527,-0.02130571,5,1,false,false,-1.4511023,1.8385456,8.810391,0.803538,3
55.315403,0.10869052,49.331668627091545,8.565773765989185,0,1,6733.6646,-0.0215482,5,1,false,false,-1.8289758,1.9307752,11.043016,0.8029625,3
55.34579,0.10889408,49.33167456137617,8.565782570703067,0,1,6718.0684,-0.022273805,5,1,false,false,-1.7815123,1.8386225,11.185307,0.8023642,3
55.37429,0.10909775,49.33168058580079,8.5657912377121,0,1,6714.5186,-0.019611068,5,1,false,false,-1.8593347,1.7580459,10.15728,0.80176115,3
55.402817,0.10930153,49.33168661008821,8.56580004158632,0,1,6710.117,-0.017432371,5,1,false,false,-1.9183319,1.795209,11.296002,0.8011885,3
55.43022,0.109505415,49.331692634375635,8.56580870859535,0,1,6695.537,-0.01597928,5,1,false,false,-1.7359588,1.6419064,10.826743,0.80068046,3
55.4547,0.109709404,49.33169865866305,8.565817513309234,0,1,6697.6587,-0.014042145,5,1,false,false,-1.2942388,1.4399717,9.024914,0.80026263,3
55.476646,0.109913476,49.33170468295047,8.565826318023117,0,1,6715.6826,-0.01210594,5,1,false,false,-1.4531851,1.3529812,9.317223,0.7999405,3
55.498867,0.110117644,49.331710707237896,8.565835121897337,0,1,6722.407,-0.008231663,5,1,false,false,-1.5261235,1.3797079,9.858398,0.7996648,3
55.519024,0.110321894,49.33171673152531,8.56584392661122,0,1,6729.874,-0.0070210723,5,1,false,false,-0.9885489,1.2214608,10.374517,0.79937005,3
55.540215,0.11052621,49.331722755812734,8.565852593620251,0,1,6758.3125,-0.0038733399,5,1,false,false,-0.8319262,1.4689599,9.063551,0.79903924,3
55.566666,0.110730626,49.33172878010016,8.565861398334135,0,1,6762.099,9.359792e-07,5,1,false,false,-0.92000943,1.8170481,8.286467,0.79873246,3
55.59729,0.11093514,49.33173480452477,8.565870203048018,0,1,6735.9795,0.003147732,5,1,false,false,-0.9140737,1.8160114,8.8823595,0.7985066,3
55.624584,0.11113977,49.331740828812194,8.56587914462709,0,1,6727.933,0.0038742754,5,1,false,false,-0.80248576,1.5508723,9.039346,0.79837763,3
55.647102,0.111344494,49.33174685309962,8.565887949340974,0,1,6745.713,0.0019371381,5,1,false,false,-0.79492754,1.3151147,9.660648,0.7983305,3
55.668644,0.11154928,49.33175287738703,8.565896754054856,0,1,6760.8086,9.362702e-07,5,1,false,false,-0.87271136,1.363275,9.455762,0.7983119,3
55.69225,0.111754164,49.331758901674455,8.56590555876874,0,1,6767.2466,-0.003147732,5,1,false,false,-0.8895134,1.5357862,9.845237,0.7982841,3
55.718956,0.111959144,49.33176492596188,8.565914362642959,0,1,6767.5356,-0.0062945276,5,1,false,false,-0.5428469,1.683146,9.405616,0.7982215,3
55.74587,0.11216421,49.3317709502493,8.565923305061695,0,1,6759.5874,-0.008715714,5,1,false,false,-0.7558473,1.6404216,10.336411,0.7981513,3
55.772034,0.11236937,49.331776974536716,8.565932109775579,0,1,6759.3164,-0.010410357,5,1,false,false,-0.69716936,1.5907193,10.72538,0.79805017,3
55.796898,0.11257463,49.33178299896134,8.565941051354649,0,1,6762.699,-0.010168805,5,1,false,false,-0.5745554,1.5167397,8.930752,0.7979247,3
55.82163,0.11277997,49.33178902324876,8.565949856068533,0,1,6764.982,-0.008957271,5,1,false,false,-0.6816277,1.5331793,9.073553,0.7977758,3
55.84628,0.1129854,49.331795047536176,8.565958798487268,0,1,6766.8706,-0.006052971,5,1,false,false,-0.68885255,1.4900026,8.2647915,0.79759794,3
55.86946,0.11319091,49.3318010718236,8.565967602361487,0,1,6771.3447,-0.0012105941,5,1,false,false,-0.4265298,1.3553061,8.612812,0.7974172,3
55.89131,0.11339652,49.33180709611102,8.565976544780224,0,1,6785.7153,0.0055679837,5,1,false,false,-0.06906326,1.3331062,9.165576,0.79722977,3
55.912186,0.113602184,49.33181312039844,8.565985349494106,0,1,6801.49,0.012105941,5,1,false,false,-0.15512604,1.2257019,8.634714,0.79706717,3
55.93618,0.113807954,49.33181914468586,8.565994291073178,0,1,6814.129,0.019127013,5,1,false,false,0.19739799,1.5824405,10.54462,0.7969562,3
55.964798,0.11401378,49.33182516897328,8.566003233491914,0,1,6808.3774,0.025421541,5,1,false,false,0.33051473,1.8550789,9.954379,0.7969429,3
55.995197,0.114219755,49.33183128326349,8.566012038205796,0,1,6789.3184,0.029053317,5,1,false,false,-0.035819113,1.8097758,8.672262,0.7970267,3
56.024094,0.1144258,49.33183730755091,8.566020979784868,0,1,6778.4336,0.029053321,5,1,false,false,0.27172306,1.6587706,11.263086,0.7972141,3
56.048405,0.11463197,49.33184333183833,8.566029922203603,0,1,6780.972,0.02953737,5,1,false,false,0.41729796,1.4124844,11.52774,0.7975052,3
56.069424,0.114838205,49.33184935612575,8.566038864622339,0,1,6794.5674,0.026874632,5,1,false,false,0.43744415,1.2830036,9.5242605,0.79789364,3
56.092796,0.11504451,49.33185547041597,8.56604780620141,0,1,6809.271,0.024210948,5,1,false,false,0.4458198,1.5494756,9.918396,0.79832006,3
56.11842,0.11525092,49.33186149470338,8.566056748620145,0,1,6799.4766,0.02082166,5,1,false,false,0.5168511,1.5971028,10.549022,0.7987664,3
56.144062,0.11545743,49.331867518990805,8.566065552494365,0,1,6794.6924,0.01888546,5,1,false,false,0.6151153,1.5143503,8.311574,0.79921854,3
56.167263,0.115664005,49.331873633143815,8.5660744949131,0,1,6805.247,0.016463332,5,1,false,false,0.61755806,1.3974992,9.449434,0.79966295,3
56.19063,0.11587068,49.331879657568436,8.566083437331836,0,1,6811.476,0.012105941,5,1,false,false,0.49149692,1.4315901,10.014891,0.8000694,3
56.212852,0.11607742,49.331885771721446,8.566092378910907,0,1,6813.443,0.006779515,5,1,false,false,0.7416177,1.2938001,9.197878,0.80043447,3
56.2352,0.11628425,49.33189179600887,8.566101321329642,0,1,6831.035,0.006052971,5,1,false,false,0.53751135,1.4474188,10.063579,0.80077326,3
56.260532,0.116491176,49.33189791029908,8.566110262908714,0,1,6833.032,0.0026636808,5,1,false,false,0.55272067,1.5946174,9.482779,0.8010449,3
56.286987,0.1166982,49.33190402445209,8.56611920532745,0,1,6819.844,-0.00048405083,5,1,false,false,0.80782115,1.6233401,9.152954,0.80124474,3
56.3125,0.11690531,49.33191004873951,8.566128147746184,0,1,6820.572,-0.0009681008,5,1,false,false,0.94400156,1.5104747,11.318708,0.80140376,3
56.336033,0.11711252,49.331916163029724,8.566137089325256,0,1,6825.3374,0.00072654383,5,1,false,false,0.50584525,1.4129492,10.10503,0.8015195,3
56.359234,0.11731981,49.331922277182734,8.56614603174399,0,1,6829.996,0.0007265437,5,1,false,false,0.50128293,1.4153264,9.137146,0.80158526,3
56.383366,0.11752719,49.33192830147016,8.566154973323062,0,1,6835.4937,0.0024211884,5,1,false,false,0.84726214,1.510991,9.999083,0.80160606,3
56.407772,0.11773465,49.331934415760365,8.566163915741798,0,1,6831.212,0.005810478,5,1,false,false,0.42218065,1.4628514,10.05845,0.8016034,3
56.431015,0.11794221,49.33194052991338,8.566172858160533,0,1,6831.289,0.008716651,5,1,false,false,0.7101537,1.3690825,9.992204,0.80158913,3
56.452854,0.11814986,49.33194664420359,8.566181937444457,0,1,6846.1084,0.012105942,5,1,false,false,0.89831084,1.3715588,11.431668,0.8016108,3
56.476185,0.11835758,49.3319527583566,8.566190879863191,0,1,6850.759,0.014043077,5,1,false,false,0.71485543,1.4679953,10.459086,0.80166936,3
56.500973,0.1185654,49.331958872646815,8.566199821442263,0,1,6843.897,0.013316535,5,1,false,false,0.70903087,1.5445125,10.253142,0.80177927,3
56.525894,0.11877333,49.331964986799825,8.566208763860999,0,1,6843.5605,0.015252738,5,1,false,false,0.707929,1.4922997,10.227698,0.80193466,3
56.54909,0.11898134,49.33197110109004,8.56621770544007,0,1,6844.312,0.01476962,5,1,false,false,0.6678989,1.439494,10.098249,0.80211926,3
56.57176,0.11918944,49.33197721524305,8.566226647858805,0,1,6847.893,0.012347498,5,1,false,false,0.766791,1.3646759,9.56901,0.8022885,3
56.593452,0.11939763,49.33198332953326,8.566235727982392,0,1,6852.7847,0.011863449,5,1,false,false,0.6690286,1.3286339,10.315542,0.80248505,3
56.615196,0.1196059,49.331989443686275,8.566244669561463,0,1,6862.838,0.010652855,5,1,false,false,0.7145122,1.319932,9.042868,0.8026882,3
56.63672,0.119814254,49.331995557976484,8.5662536119802,0,1,6869.232,0.009443194,5,1,false,false,0.558414,1.3596938,10.616765,0.802898,3
56.659954,0.120022714,49.33200176199509,8.566262553559271,0,1,6875.912,0.0077476148,5,1,false,false,0.6303946,1.4924127,9.841928,0.8030922,3
56.683945,0.120231256,49.332007876285296,8.566271633682858,0,1,6873.096,0.0067795133,5,1,false,false,0.61968786,1.4951055,9.231918,0.80330324,3
56.708607,0.1204399,49.33201399043831,8.56628057526193,0,1,6870.3574,0.006052971,5,1,false,false,0.72056025,1.5432695,11.073039,0.80349636,3
56.732357,0.12064864,49.332020194594115,8.566289517680664,0,1,6867.6606,0.0046008197,5,1,false,false,0.60625577,1.3982953,11.577106,0.8036752,3
56.75487,0.12085745,49.332026308747125,8.566298596964588,0,1,6872.1846,0.0031477325,5,1,false,false,0.9023291,1.4030662,10.917611,0.8038226,3
56.7773,0.12106635,49.33203242317454,8.566307539383324,0,1,6878.28,0.0024211886,5,1,false,false,0.42785358,1.4319403,11.55636,0.80396885,3
56.80047,0.121275336,49.332038627055944,8.566316481802058,0,1,6874.6245,0.0012105941,5,1,false,false,0.5192532,1.451111,11.734814,0.80408084,3
56.824013,0.12148438,49.33204474148335,8.566325561085982,0,1,6870.7266,0.0004849867,5,1,false,false,0.7864393,1.4554977,10.611234,0.80416304,3
56.846127,0.1216935,49.33205094563915,8.566334503504716,0,1,6872.55,-0.00024155708,5,1,false,false,0.42388278,1.3700826,10.606211,0.8042236,3
56.86722,0.1219027,49.33205705979216,8.56634358278864,0,1,6876.5854,-0.00072560745,5,1,false,false,0.44297534,1.3147287,10.023573,0.8042605,3
56.88778,0.12211198,49.33206326394797,8.566352525207376,0,1,6881.337,-0.0012105941,5,1,false,false,0.5092489,1.2819165,8.854456,0.8042797,3
56.90759,0.12232133,49.332069468103775,8.566361466786446,0,1,6889.8384,-0.0019371375,5,1,false,false,0.29343086,1.2075452,8.644329,0.8042821,3
56.926876,0.12253076,49.332075582256785,8.566370546910035,0,1,6901.8164,-0.0019371378,5,1,false,false,0.2815594,1.1912446,7.8050923,0.80426407,3
56.946274,0.12274026,49.33208178641259,8.566379488489106,0,1,6913.811,-0.0012105943,5,1,false,false,0.27000907,1.2151052,6.7348747,0.80422866,3
56.966015,0.12294984,49.33208799056839,8.566388568612693,0,1,6925.402,0.0007265437,5,1,false,false,0.26130897,1.213748,5.748307,0.8041855,3
56.98545,0.12315948,49.3320941047214,8.566397510191765,0,1,6938.6265,0.0033902249,5,1,false,false,0.3164579,1.157177,5.8782277,0.80415434,3
57.004055,0.12336918,49.3321003088772,8.566406590315351,0,1,6953.6377,0.00508487,5,1,false,false,0.40951902,1.0687373,8.425537,0.8041551,3
57.02197,0.12357898,49.33210651303301,8.566415669599275,0,1,6971.5483,0.00460082,5,1,false,false,0.4076151,1.1527855,11.256276,0.80419236,3
57.04627,0.123788826,49.332112717188814,8.566424612018011,0,1,6985.3813,0.0033902258,5,1,false,false,0.3712649,1.7815524,11.246124,0.80425483,3
57.084408,0.123998806,49.33211883134182,8.566433691301933,0,1,6952.532,0.0026636817,5,1,false,false,0.1819025,2.609094,13.5170555,0.80432206,3
57.121944,0.12420893,49.332125035497626,8.56644263372067,0,1,6878.082,0.00048498658,5,1,false,false,0.32794473,1.9958177,11.643453,0.8043684,3
57.146645,0.12441917,49.33213123965343,8.566451713004593,0,1,6866.261,-0.0016946446,5,1,false,false,0.54319644,1.2526944,11.538389,0.80439144,3
57.162563,0.12462947,49.33213744380923,8.56646079312818,0,1,6899.805,-0.0038733399,5,1,false,false,0.24780929,0.99157727,15.101104,0.8044203,3
57.178406,0.12483984,49.33214364796503,8.566469872412103,0,1,6904.9385,-0.005567984,5,1,false,false,0.4283851,1.0273248,9.795863,0.8043835,3
57.194756,0.12505026,49.332149852120835,8.566478814830838,0,1,6919.019,-0.007747614,5,1,false,false,0.040361285,1.1391572,9.317088,0.8043247,3
57.21458,0.12526076,49.33215605627664,8.566487894114761,0,1,6940.4517,-0.008231664,5,1,false,false,-0.03549905,1.1440027,7.992185,0.8042316,3
57.23167,0.12547131,49.33216226015804,8.56649697423835,0,1,6937.035,-0.0072635645,5,1,false,false,0.17730114,1.0471274,8.0746565,0.8041084,3
57.25065,0.12568194,49.332168464313845,8.566506053522271,0,1,6959.9834,-0.004114897,5,1,false,false,0.027736098,1.1273694,8.481257,0.80397,3
57.264942,0.12589261,49.33217466846965,8.56651513364586,0,1,6984.0166,-0.00024155725,5,1,false,false,0.1417519,1.2026708,7.3256955,0.8038193,3
57.289272,0.12610339,49.33218087262545,8.566524212929783,0,1,6995.884,0.0041158325,5,1,false,false,0.3349943,1.729478,9.333635,0.80368155,3
57.319412,0.12631422,49.332187166784045,8.566533155348518,0,1,6962.127,0.008958209,5,1,false,false,0.20799515,1.8665475,8.899503,0.80357456,3
57.34692,0.12652521,49.33219337093985,8.566542234632442,0,1,6939.59,0.012105938,5,1,false,false,0.4468297,1.5362096,9.450617,0.8035146,3
57.369785,0.12673627,49.33219957509565,8.566551313916365,0,1,6951.7256,0.015252736,5,1,false,false,0.3295346,1.304272,9.420399,0.80352134,3
57.3904,0.1269474,49.33220577925145,8.566560394039952,0,1,6952.8965,0.016948318,5,1,false,false,0.43361118,1.2603369,8.840823,0.8035732,3
57.411697,0.12715861,49.332211983407255,8.566569473323876,0,1,6953.6416,0.017674861,5,1,false,false,0.49207142,1.3327072,9.811707,0.80367136,3
57.432453,0.12736993,49.33221827729145,8.566578553447462,0,1,6959.331,0.019369503,5,1,false,false,0.49106288,1.2347931,8.761792,0.80382574,3
57.42302,0.12758124,49.332224481447255,8.566587632731386,0,1,7081.2026,0.020337604,0,1,false,false,0.5392398,-1.3331656,9.25505,0.8040164,3
57.415146,0.1277925,49.33223068560306,8.566596712854972,0,1,6419.543,0.018401409,6,1,false,false,0.6298919,2.13575,9.970401,0.80423677,3
57.47349,0.12800388,49.33223688975886,8.566605792138896,0,1,5859.435,0.015736787,6,1,false,false,0.87019736,2.5164535,8.96227,0.8044741,3
57.4719,0.12821539,49.33224318364306,8.566615009127672,0,1,6329.8057,0.012105942,6,1,false,false,0.42226642,-0.96910256,8.1906395,0.8047794,3
57.486027,0.12842686,49.33224938779886,8.566624089251258,0,1,6135.7593,0.0072635645,6,1,false,false,0.4598743,2.258618,9.839637,0.80506337,3
57.52545,0.12863848,49.332255681957456,8.566633168535182,0,1,6058.1655,-0.0007256074,6,1,false,false,0.46280465,1.732101,9.541172,0.8053026,3
57.538895,0.12885019,49.33226188611326,8.56664224865877,0,1,6197.2393,-0.003147732,6,1,false,false,0.37935925,0.6136243,9.847624,0.8055141,3
57.55875,0.12906194,49.33226818027185,8.566651327942692,0,1,6139.9785,-0.0043573896,6,1,false,false,0.4246738,1.6521319,10.05102,0.8056625,3
57.58582,0.12927379,49.33227438415326,8.56666040806628,0,1,6122.7046,-0.005567983,6,1,false,false,0.3739652,1.4453408,9.685709,0.8057362,3
57.60606,0.12948571,49.33228067831185,8.566669487350204,0,1,6157.644,-0.003631781,6,1,false,false,0.69651514,1.2180375,10.15912,0.80575883,3
57.62826,0.12969774,49.33228688246765,8.566678704338978,0,1,6136.3687,0.00096810126,6,1,false,false,0.58482623,1.4180068,11.623099,0.80576366,3
57.65036,0.12990983,49.332293176626244,8.566687784462566,0,1,6133.929,0.0038742756,6,1,false,false,0.45612624,1.2647105,10.593479,0.805729,3
57.670155,0.130122,49.33229938050765,8.56669686374649,0,1,6151.3154,0.007506059,6,1,false,false,0.8426038,1.2370777,9.41895,0.8056871,3
57.691483,0.13033424,49.332305674666244,8.566705943870076,0,1,6144.7427,0.011136903,6,1,false,false,0.73200357,1.3216417,10.9157295,0.80568856,3
57.712624,0.13054658,49.33231196882484,8.566715160858852,0,1,6140.5386,0.01307404,6,1,false,false,0.6037867,1.2338085,12.527522,0.8057244,3
57.731594,0.130759,49.33231817298064,8.566724240142774,0,1,6153.457,0.014769622,6,1,false,false,0.8223678,1.1701857,9.7838,0.8057947,3
57.751812,0.13097148,49.33232446686483,8.566733320266362,0,1,6158.8438,0.015252738,6,1,false,false,0.70040774,1.3518481,9.676102,0.8059169,3
57.774197,0.13118401,49.33233076102343,8.566742399550286,0,1,6149.722,0.014527131,6,1,false,false,0.736485,1.3374629,10.083229,0.8060778,3
57.794174,0.13139665,49.332337054907626,8.566751617378724,0,1,6148.545,0.014285574,6,1,false,false,0.70022255,1.1595074,11.541637,0.8062747,3
57.812447,0.13160934,49.33234334906622,8.566760696662648,0,1,6164.4165,0.013800584,6,1,false,false,0.56241286,1.1229849,10.971627,0.80649376,3
57.831505,0.13182211,49.33234964322481,8.566769775946572,0,1,6170.545,0.008231666,6,1,false,false,0.6823735,1.2822905,9.684292,0.8067147,3
57.853382,0.13203496,49.33235584738062,8.56677899377501,0,1,6168.241,0.008716653,6,1,false,false,0.748557,1.3794785,9.685708,0.80693775,3
57.875683,0.1322479,49.33236214126481,8.566788073058934,0,1,6159.982,0.0072635654,6,1,false,false,0.6748973,1.3591924,8.943828,0.8071594,3
57.89554,0.13246089,49.332368435423405,8.56679729004771,0,1,6161.766,0.0072635645,6,1,false,false,0.7390808,1.1585214,9.283931,0.80734146,3
57.913845,0.13267396,49.3323747293076,8.566806370171296,0,1,6173.2466,0.007747614,6,1,false,false,0.6826515,1.1086394,8.932418,0.80749846,3
57.931908,0.13288711,49.33238102346619,8.56681544945522,0,1,6180.853,0.009684751,6,1,false,false,0.6165471,1.0685304,9.014761,0.80764234,3
57.95056,0.13310032,49.33238740735318,8.566824667283658,0,1,6191.4307,0.011620956,6,1,false,false,0.81437874,1.2208366,8.89597,0.80779105,3
57.97118,0.1333136,49.332393701511776,8.566833746567582,0,1,6196.1523,0.013074041,6,1,false,false,0.8162284,1.3114969,9.458665,0.8079567,3
57.99319,0.13352697,49.33239999539597,8.566842963556358,0,1,6192.118,0.014285573,6,1,false,false,0.76877224,1.3835982,10.24464,0.80814403,3
58.015724,0.1337404,49.33240628955456,8.566852043679944,0,1,6190.8525,0.014527127,6,1,false,false,1.1878594,1.3530182,9.608613,0.80836755,3
58.037567,0.13395391,49.33241258371316,8.56686126066872,0,1,6188.144,0.014527129,6,1,false,false,0.7332097,1.3627365,9.709241,0.80862707,3
58.059147,0.13416752,49.33241887759735,8.566870339952644,0,1,6186.6245,0.014285574,6,1,false,false,0.9828701,1.3257052,10.278011,0.808889,3
58.07948,0.1343812,49.33242526148434,8.566879557781082,0,1,6186.0938,0.011863448,6,1,false,false,1.3121948,1.2144585,11.042951,0.80916137,3
58.09899,0.13459498,49.332431555642934,8.566888637065006,0,1,6190.553,0.009927245,6,1,false,false,0.84411603,1.2092046,10.476274,0.80944306,3
58.119183,0.13480884,49.33243793952992,8.56689785405378,0,1,6194.419,0.0077476157,6,1,false,false,0.8559787,1.2729092,9.518131,0.8097212,3
58.14003,0.13502276,49.33244423368851,8.566906934177368,0,1,6191.5835,0.0033902263,6,1,false,false,0.917086,1.2967312,9.288671,0.8099576,3
58.159416,0.13523677,49.33245052784711,8.566916151166144,0,1,6191.692,0.0043583266,6,1,false,false,0.86210424,1.1916708,9.364774,0.8101457,3
58.177982,0.13545085,49.33245691173409,8.566925368154918,0,1,6198.5586,0.004115832,6,1,false,false,0.78820384,1.1173743,9.558407,0.8102859,3
58.195847,0.135665,49.33246320561829,8.566934448278506,0,1,6206.3706,0.004842376,6,1,false,false,0.907936,1.091988,10.76346,0.810391,3
58.21459,0.13587922,49.33246958977967,8.566943665267281,0,1,6215.713,0.006052969,6,1,false,false,1.0163682,1.2172526,10.852021,0.81049794,3
58.234715,0.1360935,49.33247588366387,8.566952745390868,0,1,6218.077,0.009684754,6,1,false,false,1.3461447,1.2907174,10.666549,0.81061995,3
58.257664,0.13630787,49.33248226782525,8.566961962379644,0,1,6211.9375,0.012105938,6,1,false,false,0.852329,1.4752773,10.537862,0.8107557,3
58.280235,0.13652231,49.33248865171224,8.566971179368418,0,1,6199.9023,0.014527127,6,1,false,false,1.2787977,1.364688,10.29478,0.81089586,3
58.30023,0.13673683,49.33249494559643,8.566980259492006,0,1,6199.647,0.016948316,6,1,false,false,1.2317806,1.1767557,10.066251,0.8110641,3
58.317776,0.13695142,49.33250132975782,8.566989476480781,0,1,6208.2383,0.019611059,6,1,false,false,0.9876926,1.1026801,10.572197,0.8112688,3
58.335518,0.13716607,49.3325077136448,8.566998555764703,0,1,6214.2554,0.02106415,6,1,false,false,1.076386,1.086315,8.982435,0.81150717,3
58.353542,0.1373808,49.33251409753179,8.567007773593144,0,1,6219.2935,0.019852618,6,1,false,false,1.1752269,1.1503204,9.41255,0.81176305,3
58.372234,0.13759556,49.33252048169317,8.567016990581918,0,1,6225.5967,0.018158916,6,1,false,false,1.139311,1.1536217,10.738219,0.81205195,3
58.390926,0.13781041,49.332526865580164,8.567026069865841,0,1,6228.326,0.016221775,6,1,false,false,0.7991873,1.1968069,10.257182,0.8123682,3
58.410534,0.13802533,49.332533159464354,8.567035287694281,0,1,6233.722,0.0152527355,6,1,false,false,1.0812345,1.3079784,10.820525,0.8126829,3
58.432884,0.13824034,49.33253954362574,8.567044504683055,0,1,6227.756,0.015010242,6,1,false,false,0.98524094,1.3763884,8.87957,0.8129984,3
58.453987,0.1384554,49.332545927512726,8.56705358396698,0,1,6217.633,0.016221775,6,1,false,false,0.79603505,1.2700721,8.075204,0.81326956,3
58.472664,0.13867056,49.33255231139971,8.56706280179542,0,1,6224.0776,0.016948316,6,1,false,false,1.4180362,1.0685397,9.231085,0.81349653,3
58.488,0.13888575,49.33255878528949,8.567072018784193,0,1,6232.9263,0.018885454,6,1,false,false,1.2888062,0.8472196,9.6437025,0.81374145,3
58.502388,0.13910101,49.332565169450874,8.567081098068117,0,1,6255.0117,0.019127011,6,1,false,false,1.0646507,1.0089923,9.090061,0.8140378,3
58.521427,0.13931634,49.33257155333786,8.567090315896555,0,1,6266.1055,0.018158913,6,1,false,false,1.2468895,1.2909447,9.820325,0.81437075,3
58.545288,0.13953173,49.33257793722485,8.567099532885331,0,1,6251.148,0.015736787,6,1,false,false,1.1984224,1.5905412,10.155776,0.8147387,3
58.569187,0.13974723,49.33258432111183,8.567108749874107,0,1,6237.386,0.012347497,6,1,false,false,1.1909258,1.3712828,11.340057,0.81510067,3
58.589966,0.13996279,49.33259079500161,8.567117829997693,0,1,6237.2095,0.008231665,6,1,false,false,1.310551,1.2616826,10.933023,0.81543696,3
58.60922,0.14017844,49.332597179162995,8.567127046986469,0,1,6238.242,0.0024211872,6,1,false,false,1.221121,1.2395229,11.311471,0.81572086,3
58.628784,0.14039415,49.33260356304998,8.567136263975245,0,1,6234.633,-0.0038733394,6,1,false,false,1.0037944,1.2193788,10.95683,0.81593764,3
58.646976,0.14060992,49.332610036939755,8.567145344098831,0,1,6234.9897,-0.008957271,6,1,false,false,1.0643371,1.1156415,10.509766,0.8160558,3
58.664314,0.14082576,49.332616420826746,8.567154561087607,0,1,6241.0337,-0.014042143,6,1,false,false,0.7148005,1.0913475,10.944211,0.816085,3
58.68145,0.14104167,49.33262289471652,8.567163778076383,0,1,6246.12,-0.017189875,6,1,false,false,0.6301391,1.0959255,9.436015,0.8160004,3
58.69889,0.14125763,49.332629278603505,8.567172995065157,0,1,6251.077,-0.018884517,6,1,false,false,0.35137162,1.1240765,9.179966,0.8158278,3
58.716812,0.14147365,49.33263575249328,8.567182075188745,0,1,6255.816,-0.019852618,6,1,false,false,0.44592464,1.119069,8.70141,0.815573,3
58.734318,0.14168975,49.33264213665467,8.56719129217752,0,1,6258.809,-0.017189879,6,1,false,false,0.2842491,1.10258,9.194231,0.8152725,3
58.751667,0.1419059,49.332648610544446,8.567200509166295,0,1,6266.3755,-0.01791548,6,1,false,false,0.09385188,1.0197887,8.495875,0.8149432,3
58.768406,0.1421221,49.33265499443143,8.567209726994735,0,1,6276.587,-0.016221777,6,1,false,false,0.13748725,1.1004785,8.094918,0.8145909,3
58.787155,0.1423384,49.332661468321206,8.567218943983509,0,1,6282.0776,-0.015979279,6,1,false,false,-0.09144181,1.2396601,9.030516,0.81423694,3
58.807556,0.14255475,49.332667852208196,8.567228160972284,0,1,6277.9077,-0.017432367,6,1,false,false,0.024065971,1.2546028,8.60074,0.8138728,3
58.8272,0.14277117,49.33267432609797,8.567237378800725,0,1,6278.9727,-0.017432367,6,1,false,false,-0.32228932,1.211589,9.538524,0.81350297,3
58.846672,0.14298765,49.33268079998775,8.567246458084647,0,1,6283.7627,-0.016948318,6,1,false,false,-0.41283482,1.215989,8.790898,0.81310946,3
58.867058,0.14320423,49.33268718387473,8.567255675073422,0,1,6280.331,-0.015010243,6,1,false,false,-0.3671275,1.2756193,9.426081,0.8126941,3
58.887875,0.14342088,49.33269365776451,8.56726502976705,0,1,6275.2144,-0.013315601,6,1,false,false,-0.5717474,1.2489318,11.204464,0.8122745,3
58.907116,0.14363758,49.33270013165429,8.567274247595488,0,1,6276.0596,-0.0116209565,6,1,false,false,-0.16954076,1.1753626,10.034526,0.81185085,3
58.92585,0.14385436,49.33270660554407,8.567283464584264,0,1,6281.6484,-0.0067795133,6,1,false,false,-0.48147225,1.1774309,9.350801,0.8114825,3
58.945652,0.14407122,49.33271298943105,8.56729268157304,0,1,6278.586,-0.004599884,6,1,false,false,-0.53965974,1.2491993,10.414623,0.81115454,3
58.965054,0.14428814,49.33271946332083,8.567301899401478,0,1,6274.274,-0.0026636813,6,1,false,false,-0.41432795,1.1517147,11.558074,0.8108637,3
58.982605,0.14450513,49.332725937210604,8.567311116390254,0,1,6280.9727,-0.0019371381,6,1,false,false,-0.46642664,1.0664496,10.930884,0.810616,3
59.000343,0.14472218,49.33273232137199,8.56732033337903,0,1,6288.3613,0.00096810097,6,1,false,false,-0.26862353,1.1760919,10.948221,0.8104006,3
59.019676,0.1449393,49.33273879526177,8.567329688072656,0,1,6282.206,0.0012105941,6,1,false,false,-0.15818775,1.2127618,11.0851145,0.81021184,3
59.03918,0.14515649,49.332745269151545,8.567338905061431,0,1,6277.761,0.0024211882,6,1,false,false,-0.41734496,1.1886746,10.165789,0.81005955,3
59.056858,0.14537373,49.33275174304132,8.56734812288987,0,1,6279.926,0.002905239,6,1,false,false,-0.15335414,1.0638719,10.711082,0.80997324,3
59.07354,0.14559107,49.332758126928304,8.567357477583498,0,1,6285.676,0.0050848695,6,1,false,false,-0.23918298,1.0730532,9.902617,0.8099252,3
59.09019,0.14580844,49.33276460081809,8.567366694572273,0,1,6290.0215,0.0041158325,6,1,false,false,-0.24507624,1.0676208,9.271376,0.80991423,3
59.107136,0.14602588,49.332771074707864,8.567376049685732,0,1,6294.7476,0.0058104773,6,1,false,false,-0.20986843,1.0722435,10.331245,0.80994034,3
59.12392,0.14624336,49.33277754859764,8.567385266674506,0,1,6298.4097,0.0062945266,6,1,false,false,-0.008148044,1.0632583,9.376372,0.80999064,3
59.14043,0.14646092,49.33278402248742,8.567394621368134,0,1,6306.204,0.0062945276,6,1,false,false,0.027142584,1.0137742,9.782858,0.8100451,3
59.157932,0.14667854,49.3327904063744,8.567403838776741,0,1,6312.6025,0.009927245,6,1,false,false,0.14334938,1.1833708,9.114488,0.81012833,3
59.176834,0.14689623,49.332796880264176,8.567413193470369,0,1,6309.3877,0.010410362,6,1,false,false,0.102099,1.188297,9.346122,0.81023055,3
59.195465,0.14711398,49.33280335415395,8.567422410878976,0,1,6308.639,0.012347496,6,1,false,false,0.34192404,1.1741735,10.67086,0.8103512,3
59.213585,0.1473318,49.332809828043736,8.567431765572604,0,1,6312.9917,0.018885458,6,1,false,false,0.6263561,1.1266155,9.335176,0.8105168,3
59.231445,0.14754969,49.33281630193351,8.567440982561378,0,1,6313.814,0.02590653,6,1,false,false,0.46140334,1.1367526,8.756929,0.81074065,3
59.25006,0.14776763,49.33282277582329,8.567450337674837,0,1,6315.2144,0.0336532,6,1,false,false,0.8259344,1.1843014,8.608813,0.811013,3
59.26815,0.14798565,49.332829249713065,8.567459692368464,0,1,6313.6514,0.038495574,6,1,false,false,1.0749161,1.0911976,9.38886,0.81137156,3
59.284462,0.14820373,49.33283572360284,8.567468909777071,0,1,6321.6743,0.04309546,6,1,false,false,1.1776584,1.0115268,10.096708,0.81184155,3
59.300686,0.14842188,49.33284219749262,8.567478264470699,0,1,6333.621,0.044306997,6,1,false,false,1.6303208,1.0535057,10.236793,0.8124307,3
59.3195,0.14864011,49.33284867138239,8.567487619164327,0,1,6334.949,0.040675215,6,1,false,false,1.5334042,1.2648109,10.225837,0.8131207,3
59.340538,0.1488584,49.33285514527217,8.567496836572934,0,1,6326.4053,0.03631689,6,1,false,false,1.3648016,1.3397092,9.929227,0.8138813,3
59.361168,0.14907677,49.33286161888755,8.56750619126656,0,1,6318.955,0.030021429,6,1,false,false,1.7242115,1.290673,10.810286,0.8146519,3
59.380024,0.14929523,49.332868092777325,8.567515545960187,0,1,6315.418,0.024694992,6,1,false,false,1.6887959,1.1750003,10.05797,0.8153805,3
59.39692,0.14951375,49.332874656669894,8.567524763368795,0,1,6318.006,0.019369503,6,1,false,false,1.3328829,1.0346252,9.720331,0.8160545,3
59.413055,0.14973234,49.33288113055967,8.567534118062422,0,1,6324.9814,0.014043076,6,1,false,false,1.661521,1.0110009,9.617339,0.8166362,3
59.429413,0.14995098,49.332887604449446,8.567543335051196,0,1,6329.1865,0.0094431965,6,1,false,false,1.4442489,1.0242249,9.428889,0.8171355,3
59.445415,0.15016967,49.332894168342015,8.567552690164655,0,1,6334.924,0.004115831,6,1,false,false,1.3786802,1.012883,9.88276,0.817557,3
59.4623,0.15038843,49.33290064223179,8.567562044858283,0,1,6342.8647,0.0009681009,6,1,false,false,1.3825701,1.096141,10.029403,0.8179098,3
59.479977,0.15060726,49.33290720584996,8.567571261847059,0,1,6342.687,-0.0021786948,6,1,false,false,1.0211765,1.1388462,10.438867,0.8181927,3
59.498783,0.15082616,49.33291367973974,8.567580616960518,0,1,6341.914,-0.005567984,6,1,false,false,1.5219898,1.1691326,10.519266,0.8183714,3
59.517296,0.15104511,49.33292024363231,8.567589833949294,0,1,6340.7446,-0.006779515,6,1,false,false,1.3508358,1.1703525,10.7994375,0.81848156,3
59.53559,0.15126415,49.332926717522085,8.56759918864292,0,1,6338.339,-0.005810477,6,1,false,false,1.0643762,1.1674505,10.341521,0.81852686,3
59.553734,0.15148324,49.33293328114026,8.567608543756378,0,1,6337.867,-0.0062945266,6,1,false,false,1.1555263,1.1716081,11.258218,0.81848884,3
59.571053,0.15170239,49.332939845032826,8.567617760745154,0,1,6335.8906,-0.005326426,6,1,false,false,1.0333085,1.0651896,11.192241,0.81839025,3
59.587376,0.15192162,49.3329463189226,8.567627115858613,0,1,6339.63,-0.0029052384,6,1,false,false,0.9406599,1.0390637,11.268403,0.8182615,3
59.60353,0.1521409,49.33295288281517,8.567636470552241,0,1,6345.1274,-0.0029052387,6,1,false,false,0.78694993,1.02837,11.810408,0.81810564,3
59.62033,0.15236023,49.332959446433335,8.567645687541017,0,1,6346.117,-0.0014521509,6,1,false,false,0.553205,1.0735672,12.370881,0.81791914,3
59.63744,0.15257964,49.332966010325904,8.567655042654476,0,1,6345.182,-0.00072560756,6,1,false,false,0.5377631,1.1182915,11.312128,0.8177223,3
59.654617,0.1527991,49.33297257421847,8.56766425964325,0,1,6343.766,0.0055679837,6,1,false,false,0.7964493,1.1351241,9.914866,0.8175133,3
59.669876,0.15301861,49.33297904810825,8.567673614336877,0,1,6338.6567,0.008474159,6,1,false,false,0.41899067,0.949558,11.684427,0.8173574,3
59.683598,0.1532382,49.33298561172642,8.567682969450336,0,1,6350.247,0.015010244,6,1,false,false,1.2163849,0.92994535,12.307132,0.8172105,3
59.69738,0.15345782,49.33299217561898,8.567692324143964,0,1,6361.5034,0.02057916,6,1,false,false,0.65768385,0.9491682,9.509701,0.8171716,3
59.713852,0.1536775,49.332998739237155,8.567701541132738,0,1,6366.167,0.021790694,6,1,false,false,0.8203449,1.1957545,8.7209835,0.81721914,3
59.732224,0.15389724,49.333005303129724,8.567710896246197,0,1,6357.356,0.025664028,6,1,false,false,0.7731981,1.1781304,10.7168045,0.8173907,3
59.748165,0.15411705,49.33301186702229,8.567720250939825,0,1,6353.9775,0.022758799,6,1,false,false,0.4975277,0.9587842,10.835502,0.8176337,3
59.76166,0.15433691,49.333018430640465,8.5677294679286,0,1,6374.411,0.020579165,6,1,false,false,0.75973827,0.90414464,8.854592,0.8179188,3
59.7779,0.15455683,49.33302499453303,8.56773882304206,0,1,6381.0713,0.018158916,6,1,false,false,0.7103815,1.2136097,11.192925,0.818241,3
59.79725,0.15477681,49.333031558425596,8.567748177735687,0,1,6364.88,0.017189873,6,1,false,false,0.64115417,1.2246618,11.959601,0.8185688,3
59.814713,0.15499686,49.33303812204377,8.567757532429313,0,1,6365.3916,0.015979283,6,1,false,false,1.0652629,1.1171544,13.339566,0.8188584,3
59.83104,0.15521695,49.33304477593912,8.56776674983792,0,1,6370.7114,0.01646333,6,1,false,false,1.4683292,1.1325452,12.223139,0.8191466,3
59.84711,0.15543711,49.333051339557294,8.567776104531548,0,1,6359.258,0.017916417,6,1,false,false,1.0018092,1.1304626,14.478076,0.819479,3
59.861504,0.15565734,49.33305790344986,8.567785459225176,0,1,6353.3135,0.019369505,6,1,false,false,1.2930933,0.8928676,13.816822,0.81980497,3
59.872692,0.15587759,49.33306446734243,8.567794813918802,0,0.919852,6353.548,0.02227474,6,1,false,false,1.3747438,0.8083963,13.658276,0.8201278,3
59.8827,0.15609789,49.333071030960596,8.567804031327409,0,0.78742284,6342.638,0.023001287,6,1,false,false,1.2445092,0.73963857,13.702166,0.8204754,3
59.889393,0.1563182,49.33307768458156,8.567813386021037,0.030620757,0.6495685,6324.168,0.023485336,6,1,false,false,1.5509989,0.41126168,10.97105,0.82083243,3
59.883812,0.15653853,49.33308424847413,8.567822740714664,0.074466825,0.51738596,6313.589,0.022758795,6,1,false,false,1.1825502,-0.58120334,10.042203,0.82122827,3
59.85886,0.1567588,49.3330908123667,8.567831958123271,0.11902778,0.39630085,6297.211,0.023001289,6,1,false,false,1.0618209,-1.7792468,8.89774,0.8216258,3
59.811916,0.15697895,49.333097465987656,8.567841312816899,0.16859284,0.2998767,6275.941,0.019127015,6,1,false,false,0.9284483,-3.1327472,9.902854,0.8219952,3
59.744587,0.15719888,49.333104029880225,8.567850667930358,0.24580008,0.2091245,6255.182,0.017916419,6,1,false,false,1.2062981,-4.344271,9.988037,0.82234216,3
59.652306,0.1574185,49.33311059349839,8.567859884919132,0.3044203,0.14919853,6226.5024,0.017674863,6,1,false,false,0.97943723,-5.965737,10.381926,0.8227253,3
59.534306,0.15763776,49.33311715739096,8.56786910232774,0.3520791,0.09469791,6188.066,0.015010243,6,1,false,false,1.3136301,-7.397973,9.896725,0.82309043,3
59.39779,0.15785652,49.33312372128353,8.567878319316515,0.39151672,0.062638715,6126.9062,0.014769621,6,1,false,false,1.0629624,-8.468536,10.510063,0.8234269,3
59.24471,0.15807477,49.3331302849017,8.567887536725122,0.42428207,0.77,6357.213,0.013559029,0,1,false,false,1.1303785,-9.18243,9.341175,0.8237559,3
59.082676,0.15829243,49.333136758791476,8.567896753713898,0.45680928,0.010110971,6614.958,0.012832485,0,1,false,false,0.8841968,-9.8400755,9.831546,0.8240607,3
58.904068,0.15850948,49.333143322684045,8.567905971122505,0.49922553,-2.3283064e-10,6642.3545,0.009200701,5,1,false,false,0.73023367,-11.688921,10.002717,0.82428706,3
58.675396,0.15872575,49.33314979657382,8.56791505082626,0.53651863,0,7008.8413,0.0050848695,5,1,false,false,0.39496082,-13.889624,10.651009,0.8243689,3
58.453438,0.1589412,49.3331562704636,8.567924130530015,0.5752414,0,6900.324,0.0014521504,5,1,false,false,0.3770665,-12.82355,10.770769,0.8242453,3
58.237278,0.15915583,49.33316265435058,8.56793321023377,0.61396414,0,6783.294,-0.0024211886,5,1,false,false,0.7243057,-12.833227,9.082825,0.82409054,3
58.014114,0.15936966,49.33316912824036,8.567942152232673,0.6497082,0,6669.097,-0.00024155685,5,1,false,false,0.603186,-13.561119,8.826424,0.8239981,3
57.780106,0.15958267,49.33317551212735,8.567951094231578,0.69140965,0,6558.0225,0.0029052387,5,1,false,false,0.29634082,-14.086928,9.272961,0.8238992,3
57.53085,0.15979478,49.33318189628873,8.567960036230481,0.71797913,0,6679.6064,0.0077476148,5,1,false,false,0.47148645,-14.79895,10.027445,0.82375085,3
57.267097,0.16000594,49.333188190172926,8.567968978229384,0.7412129,0,6683.993,0.012347497,5,1,false,false,0.5246541,-15.62531,9.9727125,0.82356673,3
57.004234,0.16021614,49.33319448433152,8.567977920648119,0.759919,0,6572.2695,0.01767486,5,1,false,false,0.4675746,-15.819512,8.958556,0.8234397,3
56.73036,0.16042534,49.33320077821571,8.567986724942172,0.7739784,0,6462.9224,0.01912701,5,1,false,false,0.22601774,-16.813719,11.410883,0.8232896,3
56.439587,0.1606335,49.33320698237152,8.567995391951202,0.7848208,0,6357.076,0.019852616,5,1,false,false,0.56755686,-17.365183,10.028011,0.82314944,3
56.146915,0.1608406,49.33321327653011,8.568004196245253,0.79220784,0,6403.546,0.018642966,5,1,false,false,0.4902529,-17.737705,9.510124,0.82313925,3
55.836994,0.16104658,49.33321939068313,8.568012863254285,0.79745024,0,6453.571,0.01743237,5,1,false,false,0.22112459,-18.70068,10.602518,0.82310414,3
55.5305,0.16125141,49.33322559483893,8.568021530263316,0.79816514,0,6375.84,0.0135590285,5,1,false,false,0.015034586,-17.804176,9.952544,0.82303005,3
55.234043,0.16145512,49.33323170899194,8.568030059567496,0.79375666,0,6357.1475,0.011863448,5,1,false,false,0.6731206,-17.744236,10.468781,0.82294863,3
54.93516,0.16165775,49.33323773341656,8.568038588871676,0.78982496,0,6308.919,0.013316534,5,1,false,false,0.7287057,-17.947206,11.608772,0.8230543,3
54.6355,0.1618592,49.33324384756957,8.568047118595688,0.79030156,0,6230.2554,0.019127013,5,1,false,false,0.22597641,-17.689411,11.406411,0.8233478,3
54.337044,0.16205956,49.33324987199419,8.568055510195014,0.802812,0,6196.795,0.025179986,5,1,false,false,0.5889856,-17.86428,11.344253,0.82358694,3
54.03924,0.16225882,49.33325580641602,8.568063901794343,0.81079483,0,6184.0605,0.025906526,5,1,false,false,0.92463684,-18.01466,10.965684,0.8238459,3
53.73208,0.16245697,49.33326174056345,8.568072293813502,0.820922,0,6169.6865,0.028810833,5,1,false,false,0.9755256,-18.17417,10.412927,0.8243167,3
53.435562,0.16265403,49.33326767498528,8.56808054812781,0.8295009,0,6178.353,0.027117126,5,1,false,false,0.24521098,-17.587173,12.358531,0.82476884,3
53.138943,0.16284996,49.33327360940711,8.568088802442118,0.83545816,0,6147.632,0.014043075,5,1,false,false,0.6077221,-18.684908,11.807579,0.82485247,3
52.825584,0.1630448,49.333279453826144,8.568097056336594,0.83938986,0,6078.814,-0.00024155667,5,1,false,false,0.75390965,-18.406626,11.747542,0.8248844,3
52.520077,0.16323847,49.33328520851679,8.56810517294605,0.8415347,0,6027.216,-0.00048405043,5,1,false,false,0.5061056,-17.847124,10.558433,0.82501864,3
52.2199,0.16343105,49.33329105293583,8.568113289975336,0.8445133,0,5975.7056,-0.00653702,5,1,false,false,0.3950936,-17.851835,9.529873,0.82513136,3
51.92358,0.16362251,49.333296807626475,8.568121406584792,0.84499,0,5945.888,-0.0070210705,5,1,false,false,0.1459249,-17.485487,8.606911,0.82516146,3
51.62843,0.1638129,49.33330247203993,8.568129385489396,0.8455857,0,5916.6455,-0.012105942,5,1,false,false,-0.1363557,-17.518242,9.395841,0.8250396,3
51.348644,0.16400222,49.33330822673057,8.568137364813833,0.84356,0.77,6149.618,-0.016221773,0,1,false,false,0.019292563,-16.381563,7.9666357,0.82470244,3
51.06801,0.16419053,49.33331389141843,8.568145343718436,0.83688784,0,6418.5586,-0.022757858,0,1,false,false,-0.0009486675,-16.941595,10.192061,0.82430667,3
50.775486,0.16437778,49.3333194661035,8.56815318533802,0.83069235,0,6356.3027,-0.023726895,4,1,false,false,-0.1834603,-18.04085,9.680554,0.82388437,3
50.480083,0.16456395,49.33332504078856,8.568161026957604,0.828786,0,6679.2847,-0.028810833,4,1,false,false,-0.44663748,-16.96096,6.485301,0.8232688,3
50.17889,0.16474904,49.33333061547362,8.568168868157356,0.8292626,0,6632.1416,-0.026873693,4,1,false,false,0.087219,-18.567581,6.802125,0.8226105,3
49.85852,0.16493298,49.333336100430294,8.568176572072089,0.83319426,0,6522.1533,-0.019611062,4,1,false,false,-0.32555366,-18.924456,7.618597,0.82216585,3
49.550343,0.16511576,49.333341585112564,8.56818427598682,0.8391517,0,6414.811,-0.010410359,4,1,false,false,-0.19543052,-17.770464,9.324153,0.82173985,3
49.252415,0.16529743,49.33334707006924,8.568191980321384,0.84653884,0,6527.126,0.0012105948,4,1,false,false,-0.45822826,-18.194666,10.625633,0.8212173,3
48.955555,0.165478,49.33335246502312,8.568199546531265,0.85047054,0,6464.197,0.0072635636,4,1,false,false,-0.5790948,-17.971796,10.362565,0.82049555,3
48.635067,0.16565748,49.3333578597026,8.568207112741144,0.8497557,0,6357.232,0.006537021,4,1,false,false,-0.648821,-19.623318,11.817261,0.81952006,3
48.29547,0.1658357,49.33336325465648,8.568214679370856,0.8442751,0,6252.8228,-0.008715715,4,1,false,false,-0.7163266,-20.601654,9.960045,0.81847245,3
47.963554,0.1660127,49.33336855960757,8.568222107875885,0.8364115,0,6151.9604,-0.015010245,4,1,false,false,-0.74283695,-18.562534,9.324823,0.81758153,3
47.630573,0.16618848,49.33337377483027,8.568229536800745,0.82485414,0,6399.625,-0.018642023,4,1,false,false,-1.9680078,-21.125092,9.624076,0.8168986,3
47.274525,0.16636299,49.333378989778566,8.568236965725605,0.81687105,0,6679.3223,-0.016705828,4,1,false,false,-1.3607028,-20.561659,11.669598,0.8160296,3
46.962826,0.16653626,49.333384205001266,8.568244256945613,0.81448835,0,6579.232,-0.011620955,4,1,false,false,-0.6178497,-17.689459,12.51237,0.8151175,3
46.68048,0.16670844,49.33338932994677,8.568251548165621,0.8119863,0,6470.652,0.004115833,4,1,false,false,-0.80340195,-16.41602,10.535536,0.8143649,3
46.412685,0.16687964,49.333394455166676,8.56825883938563,0.80948424,0,6339.708,0.016948318,4,1,false,false,-1.0551027,-16.169552,10.04131,0.81364906,3
46.14036,0.16704983,49.33339958038658,8.568265992900786,0.80805427,0,6174.1025,0.025664033,4,1,false,false,-0.7245314,-16.117002,8.679047,0.8129064,3
45.867462,0.16721903,49.3334046156037,8.568273146835773,0.80436075,0,6074.153,0.032686036,4,1,false,false,-0.81639385,-16.347734,8.566729,0.8122745,3
45.596264,0.1673872,49.33340965082082,8.56828030035093,0.797927,0,5996.713,0.03413725,4,1,false,false,-0.62268937,-15.857829,8.339003,0.8117686,3
45.31024,0.1675544,49.33341459603514,8.568287453866086,0.78851414,0,6153.1514,0.035590343,4,1,false,false,-0.40144846,-17.366049,8.405657,0.81143206,3
45.02341,0.16772051,49.333419631252255,8.568294470096223,0.77373993,0,6140.289,0.03655938,4,1,false,false,-0.77232254,-16.379208,9.380125,0.81127316,3
44.74862,0.16788559,49.33342448673819,8.568301486326359,0.761468,0,6041.327,0.03704343,4,1,false,false,-0.41964263,-16.149836,8.92368,0.8110875,3
44.47768,0.16804968,49.333429432226914,8.568308364851644,0.75300854,0,5945.0776,0.03704343,4,1,false,false,-0.3543868,-16.113716,9.562916,0.8109533,3
44.207367,0.16821277,49.33343428743844,8.56831538108178,0.7481233,0,5850.6636,0.03752748,4,1,false,false,-0.3692032,-16.21352,9.988618,0.8109047,3
43.93181,0.16837488,49.33343914292438,8.568322259607065,0.74395347,0,5845.3223,0.036316887,4,1,false,false,-0.53168,-16.703167,10.252469,0.8109217,3
43.648968,0.16853596,49.33344390840752,8.568329000427497,0.7396639,0,5938.4985,0.032927603,4,1,false,false,-0.5560092,-16.953653,9.893444,0.81091887,3
43.370457,0.16869599,49.333448673890665,8.568335878952782,0.73454064,0,5892.228,0.027843663,4,1,false,false,-0.61030316,-16.20535,9.498196,0.8108713,3
43.106358,0.16885503,49.333453439373805,8.568342619773214,0.72929823,0,5842.939,0.021064145,4,1,false,false,-0.7495341,-15.46052,8.955717,0.81080353,3
42.832485,0.1690131,49.33345811512855,8.568349360593647,0.72691536,0,5868.4487,0.013800584,4,1,false,false,0.019575447,-17.04692,11.536709,0.81076676,3
42.553463,0.16917013,49.333462790608905,8.56835610183391,0.7256046,0,5870.6216,0.008958209,4,1,false,false,-0.41677076,-15.855969,10.336935,0.81095487,3
42.290295,0.16932617,49.33346746608925,8.568362704949491,0.7281066,0,5812.761,0.011136906,4,1,false,false,-0.69784766,-15.444474,12.021777,0.811119,3
42.040012,0.16948126,49.33347205184121,8.568369308484904,0.7335874,0,5741.646,0.008474158,4,1,false,false,-0.2065767,-14.422676,10.795102,0.81102544,3
41.78479,0.16963544,49.33347663759317,8.568375912020317,0.73894906,0,5688.2734,0.006294529,4,1,false,false,0.5043316,-15.808022,9.922772,0.81089985,3
41.517998,0.16978864,49.33348122307073,8.568382377850877,0.7419278,0,5708.13,0.005567984,4,1,false,false,-0.054043174,-15.7591305,10.907607,0.81115866,3
41.25882,0.16994087,49.333485718819894,8.568388843681438,0.742166,0,5704.622,0.003631781,4,1,false,false,-1.9135042,-14.500783,8.528049,0.8114872,3
41.002605,0.17009218,49.33349021456907,8.568395309511999,0.7416894,0,5671.4277,-0.011863448,4,1,false,false,-0.051508307,-15.58911,9.739615,0.81126744,3
40.74756,0.17024253,49.333494710318234,8.56840177534256,0.73680437,0,5624.966,-0.03195856,4,1,false,false,-0.019746661,-15.061589,10.062179,0.811005,3
40.4851,0.17039196,49.333499116339006,8.568408103468268,0.73203874,0,5547.706,-0.043579523,4,1,false,false,-0.5296132,-15.743099,10.945806,0.8108523,3
40.243614,0.1705404,49.33350352208539,8.568414431593977,0.7258431,0,5495.1484,-0.05278021,4,1,false,false,-1.5453472,-13.010816,9.203311,0.810646,3
40.00753,0.17068803,49.33350792783176,8.568420759719686,0.718694,0,5411.34,-0.06246496,4,1,false,false,-0.343569,-14.60127,8.403372,0.8100205,3
39.76621,0.17083478,49.333512243849746,8.568426950560374,0.7147624,0,5328.3613,-0.06948511,4,1,false,false,-0.80013466,-14.375192,8.693256,0.8093994,3
39.5137,0.17098092,49.33351655986773,8.568433278686083,0.7020136,0,5337.244,-0.074812464,4,1,false,false,-1.114896,-15.3709345,8.804158,0.8086904,3
39.254166,0.17112622,49.33352087561131,8.568439469526771,0.68080556,0,5382.2407,-0.08449627,4,1,false,false,-1.3826116,-15.536166,9.792594,0.80769205,3
39.002537,0.17127056,49.333525101626506,8.568445659947628,0.64351237,0,5344.9375,-0.098054394,4,1,false,false,-1.3493034,-14.420558,9.8650675,0.80640984,3
38.76953,0.17141403,49.3335293276417,8.568451713083466,0.58977705,0.77,5601.205,-0.11621329,0,1,false,false,-1.9899849,-13.647445,9.766809,0.8049681,3
38.5525,0.1715566,49.33353355365689,8.568457766219302,0.5574884,0.77,6044.2686,-0.1382446,0,1,false,false,-3.1529515,-12.452136,9.623631,0.8033022,3
38.351322,0.17169814,49.3335376896693,8.56846395705999,0.54259497,0,6146.0273,-0.15906623,3,1,false,false,-3.4951718,-11.673926,9.411784,0.8012077,3
38.142822,0.17183892,49.33354191568449,8.568470010195828,0.532825,0,6254.6567,-0.17916226,3,1,false,false,-3.4011219,-13.701453,9.241041,0.7987266,3
37.895657,0.17197888,49.3335459619685,8.568475925626812,0.52245915,0,6569.88,-0.19441408,3,1,false,false,-3.5462117,-14.955334,9.348305,0.79607654,3
37.661762,0.17211792,49.333550097980904,8.56848197876265,0.5116167,0,6588.213,-0.20506695,3,1,false,false,-4.289196,-12.931832,10.191244,0.7932609,3
37.465584,0.17225587,49.333554144264916,8.568488031898486,0.4985105,0,6474.276,-0.21523575,3,1,false,false,-4.8747373,-10.924286,9.918904,0.7901086,3
37.286304,0.17239283,49.33355819027452,8.568493947329472,0.48790663,0,6367.545,-0.22225681,3,1,false,false,-5.3909297,-10.375177,9.776868,0.7865517,3
37.10517,0.17252912,49.33356214655574,8.568499862760456,0.4761111,0,6353.343,-0.22855234,3,1,false,false,-5.629856,-10.878772,9.19793,0.7826452,3
36.918205,0.17266475,49.33356610283696,8.568505778611273,0.4637198,0,6385.5796,-0.23533086,3,1,false,false,-5.942631,-11.062121,9.018649,0.7785454,3
36.732716,0.17279966,49.33357005911818,8.568511694042257,0.45466462,0,6365.311,-0.24259448,3,1,false,false,-6.686622,-10.749307,9.665938,0.774262,3
36.556538,0.17293367,49.33357392539661,8.568517609473243,0.44644344,0,6316.38,-0.2520367,3,1,false,false,-7.0430737,-10.229688,9.527717,0.7697212,3
36.382324,0.17306687,49.33357779194944,8.568523524904228,0.43810323,0,6289.6167,-0.2612365,3,1,false,false,-7.357382,-10.366457,10.0819025,0.764954,3
36.208023,0.17319943,49.333581658227864,8.568529440755045,0.42916712,0,6282.994,-0.27213088,3,1,false,false,-8.017336,-10.13379,9.744668,0.7600433,3
36.03883,0.17333134,49.333585434503505,8.568535356186029,0.41618025,0,6261.735,-0.28447938,3,1,false,false,-8.416692,-9.792651,9.84804,0.7549393,3
35.876526,0.17346266,49.333589211053535,8.568541271617015,0.40331236,0,6223.4346,-0.29924792,3,1,false,false,-8.643262,-9.25449,9.453877,0.7496777,3
35.719536,0.17359325,49.33359298760357,8.568547187047999,0.3875849,0,6188.699,-0.31449977,3,1,false,false,-8.979053,-9.12164,8.914909,0.74433345,3
35.56194,0.17372318,49.33359667387642,8.568552965193964,0.36756828,0,6163.492,-0.3336268,3,1,false,false,-9.366705,-9.042721,9.2759695,0.73884887,3
35.407795,0.1738525,49.33360036042367,8.56855888062495,0.3412368,0,6147.454,-0.35347944,3,1,false,false,-10.332558,-8.787313,9.655459,0.73321795,3
35.25954,0.17398131,49.33360395696812,8.568564796055934,0.31895635,0,6134.7056,-0.37260646,3,1,false,false,-10.776954,-8.337052,9.869699,0.72728086,3
35.120117,0.17410958,49.333607553786976,8.568570711906752,0.30001184,0,6114.134,-0.39318472,3,1,false,false,-10.914533,-7.938211,9.46564,0.7208896,3
34.986748,0.17423733,49.33361115033143,8.568576489632884,0.28130582,0,6088.9185,-0.40989143,3,1,false,false,-11.248756,-7.4959235,9.206964,0.7140268,3
34.85958,0.17436452,49.33361465687309,8.56858240506387,0.26283813,0,6071.4243,-0.42780697,3,1,false,false,-11.551814,-7.1386027,9.068661,0.706749,3
34.735306,0.17449127,49.33361816368915,8.568588320914685,0.24580011,0,6057.429,-0.44015348,3,1,false,false,-12.186498,-6.971766,9.23135,0.69921046,3
34.612495,0.1746176,49.33362167023082,8.568594236345671,0.2278089,0,6047.083,-0.44983822,3,1,false,false,-13.2238035,-6.8002224,9.558777,0.6915651,3
34.493298,0.17474349,49.333625087044084,8.568600151776655,0.21303466,0,6039.4326,-0.45589125,3,1,false,false,-13.423985,-6.5125413,9.310926,0.68381894,3
34.38185,0.17486897,49.333628503857355,8.568606204912493,0.19766472,0,6026.5474,-0.45928043,3,1,false,false,-12.771451,-5.8018146,8.528524,0.6760018,3
34.281086,0.17499407,49.33363183066784,8.568612120343477,0.18312877,0,6007.1377,-0.46049106,3,1,false,false,-13.0221195,-5.4484563,8.541648,0.66819155,3
34.184563,0.17511883,49.33363515747832,8.568618036194295,0.16906947,0,5984.5396,-0.4604911,3,1,false,false,-12.975371,-5.2392488,8.378587,0.6602962,3
34.089203,0.17524327,49.333638484563195,8.5686240889103,0.15501013,0,5962.1978,-0.45928052,3,1,false,false,-13.388535,-5.21659,8.559927,0.65231043,3
33.99117,0.17536739,49.33364172137089,8.568630142046137,0.13856784,0,5946.1006,-0.4583115,3,1,false,false,-13.768132,-5.0700564,8.743666,0.6441502,3
33.89973,0.17549118,49.33364495845297,8.568636057896953,0.12641485,0,5937.9897,-0.45928043,3,1,false,false,-13.866684,-4.591227,9.0820055,0.6357223,3
33.815712,0.17561474,49.33364810525787,8.56864211103279,0.1158108,0,5919.735,-0.45952207,3,1,false,false,-14.714544,-4.352386,9.325633,0.626902,3
33.73472,0.17573804,49.33365125233717,8.568648163748795,0.105445,0,5892.841,-0.45637527,3,1,false,false,-14.751946,-4.1169443,9.053267,0.6176271,3
33.6562,0.17586105,49.33365439941647,8.568654354589484,0.09543666,0,5878.115,-0.45056486,3,1,false,false,-14.937223,-4.0623374,8.652108,0.6080147,3
33.57703,0.17598385,49.33365745649297,8.568660407725321,0.0848326,0,5879.6406,-0.44451174,3,1,false,false,-14.5882845,-3.865355,8.261338,0.59832644,3
33.500763,0.1761064,49.33366051356948,8.56866659856601,0.07029668,0,5887.327,-0.4406385,3,1,false,false,-14.435827,-3.6540742,8.019699,0.588872,3
33.429142,0.17622876,49.33366348091759,8.568672651282014,0.059692606,0,5887.8506,-0.44039598,3,1,false,false,-15.21663,-3.5256903,8.7576885,0.5798762,3
33.358208,0.17635095,49.333666447991305,8.568678842122702,0.05492672,0,5881.288,-0.4440277,3,1,false,false,-15.900075,-3.3787255,9.1380625,0.5712765,3
33.288517,0.1764729,49.33366941533942,8.568685032963392,0.055999048,0,5872.6465,-0.45492217,3,1,false,false,-16.345495,-3.196403,9.095206,0.5629138,3
33.22303,0.17659467,49.33367229241034,8.56869122338425,0.05862028,0,5860.734,-0.45879638,3,1,false,false,-16.181707,-3.018146,9.076494,0.554629,3
33.15861,0.17671627,49.333675169755665,8.56869755192979,0.06290957,0,5841.605,-0.46630055,3,1,false,false,-16.19049,-2.9672067,9.142214,0.546246,3
33.092545,0.1768377,49.333677957098196,8.568703742350646,0.067318,0,5818.571,-0.4738067,3,1,false,false,-16.681084,-3.1572804,9.408476,0.5375184,3
33.024197,0.17695895,49.333680744440734,8.568710070476355,0.07124985,0,5801.831,-0.4808278,3,1,false,false,-16.716257,-3.2643676,9.169834,0.5284039,3
32.95421,0.17707999,49.33368344205487,8.568716399021895,0.07637318,0,5795.0537,-0.48300642,3,1,false,false,-16.178661,-3.2321944,8.618194,0.51908284,3
32.886654,0.17720085,49.333686139394615,8.568722727147604,0.083045386,0,5787.1655,-0.4854276,3,1,false,false,-16.209736,-3.2468066,8.732424,0.5097715,3
32.816326,0.17732155,49.33368883673435,8.568729055273312,0.09067078,0,5767.9146,-0.48566923,3,1,false,false,-16.591724,-3.337984,8.994434,0.5005259,3
32.74288,0.17744207,49.3336914443457,8.568735383818854,0.09686643,0,5748.5757,-0.4890595,3,1,false,false,-16.998629,-3.4889417,8.986576,0.49141818,3
32.66967,0.17756249,49.33369396195426,8.568741711944563,0.101751454,0,5737.304,-0.49414328,3,1,false,false,-16.122948,-3.4897058,8.165269,0.4826088,3
32.595825,0.17768276,49.33369647956282,8.568748177775124,0.10580245,0,5725.364,-0.50116444,3,1,false,false,-16.403982,-3.610639,8.696927,0.47420076,3
32.518578,0.17780283,49.333698997171375,8.568754643605683,0.107232206,0,5703.6343,-0.510849,3,1,false,false,-17.14842,-3.8486712,9.736333,0.46586,3
32.43537,0.17792268,49.333701425051544,8.568760971731392,0.10794711,0,5678.7773,-0.521985,3,1,false,false,-18.255323,-4.0808296,10.344403,0.45721534,3
32.349915,0.17804234,49.33370385265731,8.568767437561952,0.107947096,0,5661.194,-0.5323964,3,1,false,false,-18.61531,-4.077672,10.173569,0.4480443,3
32.26875,0.1781618,49.333706190534684,8.568773903392513,0.107947096,0,5645.118,-0.5413536,3,1,false,false,-17.895184,-3.7826908,9.230499,0.43828547,3
32.19171,0.17828119,49.333708528137656,8.568780506927926,0.107947096,0,5618.217,-0.5469227,3,1,false,false,-17.632671,-3.6859226,9.043285,0.4280226,3
32.115524,0.17840037,49.33371077601224,8.568786972758486,0.10949598,0,5591.1377,-0.55321723,3,1,false,false,-17.444878,-3.6656697,8.930752,0.41753945,3
32.033184,0.17851935,49.33371302388682,8.568793438169216,0.111640655,0,5581.4873,-0.5667752,3,1,false,false,-17.983978,-4.0375805,9.125983,0.40719125,3
31.945452,0.17863813,49.33371518203302,8.568800041704629,0.11390444,0,5589.6553,-0.5856598,3,1,false,false,-18.436308,-4.2652316,9.695416,0.39716983,3
31.857891,0.17875671,49.33371733990481,8.56880650753519,0.1153342,0,5595.1055,-0.611807,3,1,false,false,-18.670328,-4.1218677,9.840119,0.38748184,3
31.774971,0.17887452,49.33371940804821,8.568813111070602,0.117121406,0,5582.8623,-0.63746893,3,1,false,false,-18.297989,-3.6731663,8.984199,0.37796807,3
31.698309,0.17899147,49.33372138618882,8.568819714186182,0.118312895,0,5558.0103,-0.66071093,3,1,false,false,-17.829424,-3.5247796,8.836492,0.36853212,3
31.621601,0.1791082,49.333723454057825,8.568826317721594,0.11831288,0,5530.719,-0.6805636,3,1,false,false,-17.91503,-3.721284,9.036223,0.3591035,3
31.538374,0.17922474,49.33372534219564,8.568832921257007,0.11759798,0,5508.7656,-0.69872147,3,1,false,false,-18.094976,-4.1513977,8.862206,0.34948736,3
31.45166,0.17934108,49.333727230607856,8.568839524372587,0.11557248,0,5492.453,-0.7234165,3,1,false,false,-17.946352,-4.2439995,9.034885,0.3395811,3
31.363764,0.17945723,49.33372911874568,8.568846127908,0.114142746,0,5475.646,-0.74423623,3,1,false,false,-18.053055,-4.2463923,9.042147,0.32938206,3
31.276611,0.17957284,49.3337309171551,8.568852731443412,0.11414274,0,5453.727,-0.7679632,3,1,false,false,-17.735226,-4.187802,8.7545395,0.31877723,3
31.191751,0.17968807,49.33373271529013,8.568859334558994,0.11414274,0,5426.05,-0.78830004,3,1,false,false,-17.996305,-4.1376867,8.732246,0.30773112,3
31.103548,0.17980304,49.33373442369677,8.568865938094406,0.11414274,0,5399.563,-0.80355275,3,1,false,false,-17.811817,-4.0350246,9.097324,0.2963212,3
31.014662,0.1799178,49.33373604210061,8.568872678914838,0.11414274,0,5380.2124,-0.81783557,3,1,false,false,-18.619593,-4.2242694,9.423896,0.2846624,3
30.924171,0.18003234,49.33373766077885,8.56887928245025,0.11390446,0,5364.0825,-0.8296987,3,1,false,false,-18.630789,-4.1340885,9.469605,0.27278665,3
30.837528,0.18014671,49.3337392791827,8.568886023270684,0.11295128,0,5350.311,-0.8396252,3,1,false,false,-18.79013,-3.8558102,9.481511,0.2608238,3
30.75279,0.18026108,49.33374080758375,8.568892626806097,0.11140238,0,5337.141,-0.84882486,3,1,false,false,-19.775568,-4.0444636,9.853071,0.24884345,3
30.663927,0.18037511,49.33374224625641,8.568899229921676,0.10949603,0,5328.552,-0.86044574,3,1,false,false,-19.802063,-3.9369128,9.634662,0.2366679,3
30.574263,0.18048893,49.333743684929075,8.568905971161941,0.10794711,0,5326.758,-0.87061363,3,1,false,false,-20.362173,-4.205753,9.654981,0.22427692,3
30.471401,0.18060245,49.333745033598944,8.568912574277523,0.10699393,0,5325.3477,-0.8817517,3,1,false,false,-20.344265,-4.486065,9.997218,0.21158288,3
30.37585,0.18071572,49.33374638254322,8.568919315517785,0.10544503,0,5313.535,-0.8945822,3,1,false,false,-20.384144,-4.1102414,9.88265,0.1985851,3
30.284184,0.18082896,49.333747641210294,8.568926056338219,0.10377695,0,5286.1865,-0.9030555,3,1,false,false,-20.508535,-3.864928,9.824322,0.18550277,3
30.197237,0.18094252,49.333748900151775,8.568932659873632,0.103776954,0,5252.6045,-0.9112873,3,1,false,false,-19.828552,-3.5628345,9.417009,0.17252395,3
30.100388,0.18105575,49.33374997908767,8.568939400694063,0.103776954,0,5214.3633,-0.9200018,3,1,false,false,-21.35027,-4.6643486,10.867457,0.15952033,3
29.992296,0.18116869,49.33375114802636,8.568946004229476,0.103776954,0,5186.0303,-0.93501294,3,1,false,false,-21.472832,-4.866344,10.927084,0.14608866,3
29.884205,0.18128128,49.333752226962254,8.56895274504991,0.10306206,0,5172.375,-0.951234,3,1,false,false,-21.328287,-4.7322555,10.46287,0.13221051,3
29.779053,0.18139361,49.33375321589536,8.568959348585322,0.10306208,0,5160.7896,-0.96672815,3,1,false,false,-20.624966,-4.243296,10.238308,0.11813439,3
29.683556,0.18150611,49.33375411510007,8.568966089405754,0.10234718,0,5139.8867,-0.97859144,3,1,false,false,-20.062754,-3.8279004,9.777236,0.10402278,3
29.59419,0.18161905,49.333755014304785,8.568972692941166,0.101989746,0,5106.5264,-0.9846427,3,1,false,false,-19.439957,-3.4580026,9.024082,0.08999069,3
29.505491,0.18173163,49.3337559135095,8.568979296056748,0.10032169,0,5075.0615,-0.98706496,3,1,false,false,-19.409407,-3.538669,9.416563,0.07614716,3
29.410624,0.18184394,49.33375672271142,8.56898603687718,0.09710474,0,5059.3906,-0.99214894,3,1,false,false,-19.98365,-3.9658027,9.519222,0.062525526,3
29.307621,0.18195593,49.33375744191055,8.568992640412592,0.09293461,0,5060.6074,-0.99916905,3,1,false,false,-20.578987,-4.252767,10.439011,0.049113434,3
29.203482,0.18206765,49.33375816138408,8.568999243948005,0.08697723,0,5061.106,-1.007159,3,1,false,false,-20.892542,-4.1012645,10.516249,0.03571223,3
29.102785,0.18217973,49.33375879058042,8.569005847063584,0.080543295,0,5047.8247,-1.0146642,3,1,false,false,-20.56558,-3.6643863,10.240747,0.02214318,3
29.011223,0.18229212,49.33375933032277,8.569012450598997,0.07244134,0,5030.001,-1.0204749,3,1,false,false,-20.312366,-3.3451672,10.189097,0.008476038,3
28.918882,0.18240412,49.33375986979072,8.56901905413441,0.061360665,0,5015.711,-1.0301585,3,1,false,false,-20.805017,-3.5622928,10.486352,-0.0052041076,3
28.815535,0.18251576,49.333760409258666,8.569025657249991,0.052067205,0,5003.98,-1.0400841,3,1,false,false,-22.167768,-4.0760436,11.40402,-0.019067159,3
28.702808,0.182627,49.33376076872103,8.569032123080552,0.041939713,0,4996.1377,-1.05461,3,1,false,false,-22.820934,-4.2099767,11.563387,-0.03337178,3
28.594463,0.18273793,49.33376121846059,8.569038726615965,0.03181223,0,4990.6377,-1.0676835,3,1,false,false,-22.07466,-3.6946545,10.953638,-0.04803527,3
28.49761,0.1828492,49.33376148819456,8.569045192446525,0.022399615,0,4980.785,-1.074704,3,1,false,false,-21.421026,-3.2363524,10.600718,-0.06270921,3
28.404335,0.18296054,49.333761757928535,8.569051795981936,0.013106158,0,4960.4375,-1.0812416,3,1,false,false,-21.189724,-3.036587,10.361096,-0.077330574,3
28.307598,0.18307142,49.33376202766251,8.569058261392666,0.0029786737,0,4940.5835,-1.0901992,3,1,false,false,-22.327673,-3.2336771,11.384213,-0.0918909,3
28.211882,0.18318185,49.3337621176653,8.569064727223227,0,0,4929.7676,-1.1025462,3,1,false,false,-21.995255,-2.917389,10.847951,-0.10642124,3
28.120008,0.18329193,49.33376220739369,8.569071193053787,0,0,4922.4556,-1.1136825,3,1,false,false,-21.56598,-2.7222626,10.500761,-0.1207334,3
28.033817,0.18340169,49.33376229739648,8.569077658884348,0,0,4910.77,-1.1286919,3,1,false,false,-20.353344,-2.4109263,10.050632,-0.13486938,3
27.955229,0.18351157,49.33376229739648,8.569083987429888,0,0,4892.7305,-1.1429758,3,1,false,false,-19.248247,-2.1576617,9.439956,-0.14888965,3
27.87712,0.18362123,49.33376229739648,8.569090453260449,0,0,4870.017,-1.159439,3,1,false,false,-19.364117,-2.2166996,9.306271,-0.16289926,3
27.7957,0.18373036,49.33376220739369,8.569096781386158,0,0,4854.312,-1.1783227,3,1,false,false,-20.198647,-2.430956,9.922351,-0.1767139,3
27.705994,0.18383896,49.33376202766251,8.569103109511866,0,0.0004932182,4849.8174,-1.1996267,3,1,false,false,-21.672882,-2.5296378,11.428358,-0.19022895,3
27.61577,0.18394712,49.33376184793133,8.569109437637575,0,0.004438964,4843.1484,-1.2172999,3,1,false,false,-21.520992,-2.451322,11.486333,-0.20381069,3
27.53033,0.18405487,49.333761578197354,8.569115766183115,0,0.009864365,4826.474,-1.2228673,3,1,false,false,-20.582268,-2.260767,10.546403,-0.21746078,3
27.447159,0.18416154,49.33376130818898,8.569122094308824,0,0.017016029,4804.3774,-1.224321,3,1,false,false,-19.546074,-2.0114343,10.187223,-0.23103929,3
27.36724,0.18426673,49.33376094872661,8.569128285149514,0,0.02860666,4790.717,-1.2255303,3,1,false,false,-19.110832,-2.0867445,9.386435,-0.24412738,3
27.287188,0.18437131,49.33376058898985,8.569134613275223,0,0.043649808,4786.751,-1.2451406,3,1,false,false,-19.718859,-2.1615238,9.897751,-0.25650844,3
27.204157,0.18447533,49.33376013952469,8.56914080369608,0,0.06658447,4787.6626,-1.2729812,3,1,false,false,-18.966337,-1.8432575,10.567174,-0.26863903,3
27.128345,0.18457888,49.33375968978513,8.569146994536768,0,0.08483355,4789.184,-1.2964647,3,1,false,false,-18.441574,-1.8259833,9.266665,-0.28061238,3
27.051247,0.184682,49.333759150317185,8.569153185377457,0,0.1080148,4789.926,-1.3291478,3,1,false,false,-18.949871,-1.5979682,9.874831,-0.29247567,3
26.98561,0.18478467,49.33375861084924,8.569159238513294,0,0.13908756,4804.723,-1.3519046,3,1,false,false,-16.886927,-1.4223375,8.400582,-0.30423725,3
26.920143,0.18488571,49.3337579813785,8.56916542893415,0,0.172873,4845.6245,-1.374178,3,1,false,false,-18.500923,-1.5395623,8.957538,-0.31554765,3
26.849745,0.1849862,49.33375735218216,8.569171482069986,0,0.21208386,4912.9917,-1.4032294,3,1,false,false,-18.449497,-1.4709886,10.057451,-0.32668284,3
26.775026,0.18508615,49.33375663270863,8.569177535205824,0,0.26905057,5016.4614,-1.4211435,3,1,false,false,-20.499226,-1.5487764,11.25631,-0.33755395,3
26.704958,0.18518561,49.3337559135095,8.56918358834166,0,0.32108504,5018.386,-1.4368808,3,1,false,false,-20.769094,-0.5613005,12.17722,-0.3480287,3
26.665686,0.18528469,49.33375510430758,8.569189503772646,0,0.3726264,4893.8794,-1.4422071,3,1,false,false,-21.183346,1.1463425,12.0108595,-0.35824713,3
26.631262,0.18538354,49.33375420510286,8.569195556908483,0,0.41972882,4903.8916,-1.4407537,3,1,false,false,-22.411371,0.7855747,12.78672,-0.368516,3
26.589201,0.1854819,49.33375330589815,8.569201472339467,0,0.46165234,4987.7583,-1.4327645,3,1,false,false,-21.964685,0.4729985,11.950687,-0.3790572,3
26.554783,0.18557951,49.333752406693435,8.569207388190284,0,0.50727504,5023.973,-1.4182394,3,1,false,false,-21.498108,1.1916784,11.856574,-0.38965666,3
26.536333,0.18567677,49.33375141776033,8.56921330362127,0,0.5723797,5020.167,-1.4075866,3,1,false,false,-20.569601,2.0154457,11.384952,-0.4000483,3
26.52846,0.18577379,49.33375033882444,8.569219081347402,0,0.6310729,5029.2104,-1.4049238,3,1,false,false,-21.350239,2.4360676,12.0862255,-0.41017878,3
26.526468,0.1858706,49.33374925961414,8.56922499719822,0,0.68557346,5054.512,-1.4095237,3,1,false,false,-20.907278,2.7521255,11.519652,-0.4201704,3
26.536455,0.1859673,49.33374809094985,8.569230774924351,0,0.7472256,5076.1597,-1.4165441,3,1,false,false,-19.560083,3.2780511,10.456697,-0.429813,3
26.556917,0.18606395,49.333746922011166,8.569236553070317,0,0.80197275,5083.5024,-1.4269545,3,1,false,false,-18.952173,3.5951598,10.812162,-0.43880746,3
26.57969,0.18616052,49.333745663069685,8.56924233079645,0,0.848089,5096.9814,-1.4460802,3,1,false,false,-18.589022,3.7448115,10.15239,-0.4473822,3
26.611774,0.18625693,49.33374440440261,8.569248108942416,0,0.88483363,5125.7095,-1.4719841,3,1,false,false,-17.061777,4.111736,9.241152,-0.45567083,3
26.653484,0.18635322,49.333743055458335,8.569253886668548,0,0.91023445,5138.12,-1.4976461,3,1,false,false,-16.178982,4.4914227,8.778577,-0.4633648,3
26.698992,0.18644941,49.33374161706007,8.569259664814513,0,0.94599277,5125.7603,-1.5291182,3,1,false,false,-16.870123,4.598928,10.19353,-0.47037607,3
26.741007,0.18654555,49.333740268115804,8.569265442960479,0,0.98717636,5117.099,-1.5596215,3,1,false,false,-18.71439,4.3659334,11.236201,-0.477107,3
26.781332,0.1866417,49.333738739714754,8.569271082981759,0,1.0000001,5121.92,-1.5775359,3,1,false,false,-19.611782,4.3358917,11.984473,-0.48399222,3
26.817085,0.18673784,49.3337372110393,8.569276723422872,0,1,5123.952,-1.5748732,3,1,false,false,-19.65474,3.8295727,11.520852,-0.49111256,3
26.850607,0.18683437,49.33373568263824,8.569282501568837,0,1,5137.4517,-1.5608321,3,1,false,false,-18.860058,3.6669726,10.566614,-0.49858233,3
26.886276,0.18693087,49.33373406396,8.56928814200995,0,1,5174.9463,-1.5421911,3,1,false,false,-17.80462,3.8141208,10.040559,-0.50645095,3
26.93163,0.18702722,49.33373244555616,8.569293782451064,0,1,5202.534,-1.5220966,3,1,false,false,-17.146519,4.4214096,9.920505,-0.5146448,3
26.985785,0.1871235,49.33373073714952,8.569299285187325,0,1,5180.4463,-1.5046661,3,1,false,false,-17.182083,4.8468366,10.22415,-0.52278215,3
27.04601,0.18721977,49.33372893901449,8.569304925628437,0,1,5137.689,-1.4928039,3,1,false,false,-17.330412,5.003361,10.635559,-0.5307289,3
27.104376,0.18731603,49.33372714060506,8.569310428364698,0,1,5115.6025,-1.4823942,3,1,false,false,-17.908667,4.6645007,10.867153,-0.5384478,3
27.155756,0.18741235,49.33372534219564,8.569316068805811,0,1,5119.989,-1.4734366,3,1,false,false,-18.337772,4.1743226,10.922346,-0.5460219,3
27.201399,0.1875095,49.333723454057825,8.569321571542073,0,1,5137.93,-1.4637524,3,1,false,false,-18.813526,3.8860512,11.216857,-0.5536567,3
27.246233,0.18760663,49.33372156592,8.569327074278334,0,1,5157.1255,-1.4511646,3,1,false,false,-18.30991,3.859208,10.738547,-0.5616083,3
27.294476,0.18770361,49.33371958777939,8.569332577014595,0,1,5174.018,-1.4363965,3,1,false,false,-16.948935,4.0474696,10.10008,-0.5699932,3
27.349188,0.18780044,49.33371751963599,8.569338080170688,0,1,5187.8306,-1.4199328,3,1,false,false,-15.890017,4.3537273,9.619204,-0.5786242,3
27.4073,0.18789719,49.33371554149538,8.569343445202097,0,1,5193.987,-1.4095241,3,1,false,false,-15.763966,4.4239254,9.376926,-0.58723813,3
27.467005,0.18799388,49.33371338362359,8.56934881065334,0,1,5195.913,-1.4095238,3,1,false,false,-15.541479,4.4802947,9.296987,-0.5957831,3
27.52417,0.1880906,49.33371131548019,8.5693543133896,0,1,5198.703,-1.4172708,3,1,false,false,-16.97513,4.2706304,10.735314,-0.6043056,3
27.579628,0.18818815,49.333709157608396,8.569359678421009,0,1,5200.3433,-1.4242908,3,1,false,false,-17.028292,4.167676,10.897211,-0.6129787,3
27.633682,0.18828556,49.33370690973381,8.569365043872251,0,1,5208.768,-1.4213867,3,1,false,false,-16.480036,4.1315284,10.276776,-0.6218975,3
27.687994,0.18838286,49.33370466185923,8.56937027161864,0,1,5229.709,-1.4119443,3,1,false,false,-15.661925,3.9628096,9.390285,-0.6310545,3
27.742523,0.18848006,49.333702413984646,8.569375636650049,0,1,5257.715,-1.4037136,3,1,false,false,-14.82369,4.097845,8.610075,-0.6403959,3
27.798727,0.18857719,49.33370007610727,8.569380864396438,0,1,5277.413,-1.3995985,3,1,false,false,-14.496396,4.1512,8.759479,-0.6497827,3
27.85823,0.18867426,49.3336977385043,8.56938622984768,0,1,5280.8916,-1.3966924,3,1,false,false,-14.804623,4.3112226,9.500943,-0.6591173,3
27.916475,0.18877135,49.33369531062413,8.569391457174238,0,1,5279.101,-1.3901563,3,1,false,false,-15.623973,4.2002344,10.11873,-0.66844684,3
27.970058,0.18886854,49.333692883018365,8.569396684920626,0,1,5288.0474,-1.3778087,3,1,false,false,-16.916428,3.8519452,10.652056,-0.6780533,3
28.018492,0.18896566,49.33369036540981,8.569401774962163,0,1,5311.7837,-1.3642517,3,1,false,false,-16.54696,3.6063242,9.783658,-0.6882411,3
28.065031,0.1890627,49.33368784780125,8.569407002708553,0,1,5348.218,-1.3291482,3,1,false,false,-15.619402,3.5760937,9.076982,-0.6990039,3
28.11449,0.1891597,49.33368533019269,8.56941209275009,0,1,5387.0737,-1.2993698,3,1,false,false,-14.742495,3.7902076,8.679071,-0.71014315,3
28.168825,0.18925668,49.333682722581344,8.56941718321146,0,1,5410.251,-1.270561,3,1,false,false,-14.618894,4.1992345,8.903308,-0.7213883,3
28.228254,0.18935364,49.333680114969994,8.569422273252997,0,1,5412.193,-1.2499831,3,1,false,false,-14.834545,4.525646,9.349177,-0.7325851,3
28.291782,0.18945065,49.33367750763304,8.569427363294533,0,1,5400.3086,-1.2262571,3,1,false,false,-15.563125,4.631435,9.853272,-0.74365807,3
28.352636,0.18954767,49.333674810018906,8.56943231563122,0,1,5388.346,-1.2238365,3,1,false,false,-15.44204,4.423825,9.602183,-0.7545815,3
28.4076,0.18964466,49.33367211267916,8.56943740609259,0,1,5399.0723,-1.211731,3,1,false,false,-15.676151,3.972359,9.647919,-0.7654449,3
28.456205,0.18974161,49.33366932533663,8.569442358429274,0,1,5435.862,-1.1884899,3,1,false,false,-15.720381,3.7107103,9.535913,-0.7765391,3
28.501354,0.18983851,49.3336665379941,8.56944717348094,0,1,5477.758,-1.1543542,3,1,false,false,-15.788646,3.731505,9.585079,-0.7880521,3
28.549517,0.18993542,49.333663660648774,8.569452125817625,0,1,5504.054,-1.1407974,3,1,false,false,-16.01182,3.982527,9.629987,-0.7999584,3
28.600899,0.19003233,49.33366078330345,8.56945694086929,0,1,5509.4927,-1.1064192,3,1,false,false,-15.841272,4.183255,9.323765,-0.81215197,3
28.655067,0.19012934,49.33365790595813,8.569461893625808,0,1,5512.041,-1.0751884,3,1,false,false,-15.165997,4.3556576,8.831278,-0.82446283,3
28.711632,0.19022638,49.333654938884415,8.569466570972622,0,1,5520.751,-1.0408102,3,1,false,false,-15.1425495,4.454224,8.882813,-0.83662456,3
28.766666,0.19032338,49.333651971810696,8.569471386024286,0,1,5523.6045,-1.0088527,3,1,false,false,-15.919917,4.43775,9.797133,-0.8484664,3
28.819744,0.19042042,49.333649004462586,8.569476200656121,0,1,5522.5874,-0.9790756,3,1,false,false,-16.605417,4.362989,10.324179,-0.8600662,3
28.868671,0.19051746,49.33364594738608,8.569480878002935,0,1,5529.107,-0.9459075,3,1,false,false,-17.539053,4.13764,10.764902,-0.87161005,3
28.911999,0.19061455,49.33364289030958,8.56948555576958,0,1,5549.729,-0.9088658,3,1,false,false,-17.69357,3.8452964,10.473621,-0.88333595,3
28.952505,0.19071166,49.33363974323028,8.569490095411542,0,1,5584.1226,-0.8713404,3,1,false,false,-17.250591,3.7984192,9.959212,-0.8953704,3
28.99411,0.19080895,49.33363659615098,8.569494635053504,0,1,5619.3857,-0.8301838,3,1,false,false,-16.804789,3.9277437,9.907152,-0.9077034,3
29.038874,0.19090632,49.33363344934608,8.569499175115297,0,1,5640.165,-0.79072034,3,1,false,false,-16.60214,4.227345,9.758441,-0.9202909,3
29.0887,0.19100368,49.33363021226399,8.569503714757259,0,1,5644.407,-0.7553743,3,1,false,false,-16.631823,4.540288,9.947336,-0.932996,3
29.142073,0.1911011,49.333626975456305,8.5695081171142,0,1,5636.3438,-0.7231741,3,1,false,false,-16.553661,4.7503014,9.739083,-0.94560874,3
29.196579,0.19119857,49.33362364837143,8.569512519471141,0,1,5625.9185,-0.6955749,3,1,false,false,-16.322891,4.7796803,9.664425,-0.95786965,3
29.250513,0.19129612,49.33362032156094,8.569516921828084,0,1,5623.834,-0.6677331,3,1,false,false,-15.994457,4.729937,9.371341,-0.9696233,3
29.302698,0.19139373,49.333616994750464,8.569521186480173,0,1,5631.865,-0.64449114,3,1,false,false,-16.01272,4.6217847,9.492056,-0.9808135,3
29.352028,0.1914918,49.33361357793719,8.569525588417283,0,1,5641.6626,-0.6287533,3,1,false,false,-16.466465,4.504733,9.837873,-0.9915098,3
29.399536,0.19158992,49.33361016112392,8.569529715784354,0,1,5650.2354,-0.6125335,3,1,false,false,-16.612532,4.446499,9.785416,-1.0018686,3
29.44705,0.19168808,49.33360674458505,8.569533980436443,0,1,5662.047,-0.5902597,3,1,false,false,-16.07175,4.432684,9.423279,-1.012006,3
29.493158,0.19178629,49.33360323776899,8.56953810738368,0,1,5681.01,-0.5645956,3,1,false,false,-15.708994,4.1778994,9.055041,-1.0219674,3
29.53566,0.19188453,49.333599731227324,8.56954223475075,0,1,5711.05,-0.53893334,3,1,false,false,-15.487799,4.033014,8.88057,-1.0319271,3
29.57707,0.19198284,49.33359622441127,8.569546361697988,0,1,5749.846,-0.50794286,3,1,false,false,-15.7915745,4.0613513,9.46278,-1.0420405,3
29.620941,0.1920813,49.33359262786681,8.569550351360206,0,1,5776.21,-0.48010215,3,1,false,false,-16.17837,4.354749,9.963166,-1.0523807,3
29.667315,0.1921803,49.333589031322354,8.569554341022425,0,1,5777.375,-0.44911173,3,1,false,false,-16.661207,4.489839,10.2715435,-1.0629433,3
29.715614,0.19227938,49.33358534477511,8.56955819297979,0,1,5773.751,-0.41812214,3,1,false,false,-16.284092,4.635527,9.86728,-1.0737659,3
29.765488,0.19237852,49.33358174823066,8.569562044937156,0,1,5782.343,-0.38350093,3,1,false,false,-16.17674,4.625306,9.738167,-1.0846993,3
29.813848,0.19247775,49.33357806168341,8.569565896894522,0,1,5794.0244,-0.3517848,3,1,false,false,-16.171816,4.6606827,9.675016,-1.0956599,3
29.865435,0.19257705,49.33357428513337,8.569569748851888,0,1,5796.8066,-0.31716353,3,1,false,false,-16.007822,4.861607,9.611866,-1.1064824,3
29.918245,0.19267645,49.33357050885774,8.569573463104403,0,1,5788.004,-0.2827838,3,1,false,false,-16.375458,4.9594817,9.961481,-1.1169665,3
29.971497,0.19277643,49.3335667323077,8.569577177356916,0,1,5778.9004,-0.25348973,3,1,false,false,-16.230875,4.9037085,9.539882,-1.1270423,3
30.023104,0.1928769,49.333562955757664,8.569580754324411,0,1,5780.508,-0.22322589,3,1,false,false,-15.897171,4.8037186,9.420003,-1.1366998,3
30.073416,0.19297746,49.33355908947924,8.569584468576924,0,1,5793.493,-0.19635122,3,1,false,false,-15.969217,4.6869073,9.644535,-1.1459572,3
30.122093,0.19307809,49.33355522320081,8.569587907839567,0,1,5806.941,-0.16754039,3,1,false,false,-15.808026,4.639234,9.553058,-1.1549182,3
30.172337,0.19317882,49.33355135692238,8.569591484807061,0,1,5817.939,-0.14187731,3,1,false,false,-15.033531,4.6961336,8.878686,-1.1636221,3
30.22471,0.19327967,49.33354740064116,8.569594924069703,0,1,5829.487,-0.11500177,3,1,false,false,-14.117235,4.641047,8.324979,-1.1719601,3
30.276081,0.19338061,49.33354344435994,8.569598363332345,0,1,5846.721,-0.08619188,3,1,false,false,-14.144866,4.500169,8.349081,-1.1799287,3
30.326006,0.19348262,49.33353948807872,8.569601664890136,0,1,5870.626,-0.05786416,3,1,false,false,-13.892332,4.463097,8.636798,-1.1876842,3
30.376902,0.19358478,49.3335355317975,8.569605104152778,0,1,5891.661,-0.03341072,3,1,false,false,-14.387233,4.515508,9.0669155,-1.1952702,3
30.427677,0.19368704,49.3335314855135,8.569608268425549,0,1,5902.17,-0.007263558,3,1,false,false,-14.283311,4.52472,9.055268,-1.2027849,3
30.479239,0.19378936,49.33352743950388,8.569611569983339,0,1,5915.2476,0.022274742,3,1,false,false,-13.85185,4.5015383,8.878691,-1.2103562,3
30.53189,0.19389181,49.33352339321987,8.569614734256108,0,1,5941.054,0.05060153,3,1,false,false,-13.809769,4.611885,8.804278,-1.2180274,3
30.586954,0.19399437,49.33351934721026,8.569617898528879,0,1,5960.3677,0.07917174,3,1,false,false,-13.495628,4.699805,8.790513,-1.225711,3
30.644997,0.19409746,49.33351521092346,8.569621062381817,0,1,5961.6196,0.10870862,3,1,false,false,-14.116314,4.976807,9.507835,-1.2333091,3
30.705515,0.19420113,49.33351107491106,8.569624088949736,0,1,5951.4985,0.13267802,3,1,false,false,-14.226147,5.0628986,9.619282,-1.2407649,3
30.767591,0.19430494,49.33350693889866,8.569627115517655,0,1,5943.555,0.15446775,3,1,false,false,-14.528061,5.1828384,9.866425,-1.2480165,3
30.828482,0.19440892,49.33350271288346,8.569630004800553,0,1,5938.084,0.16923691,3,1,false,false,-15.241869,5.04875,10.508448,-1.2549851,3
30.88802,0.19451305,49.333498486868265,8.569633030948639,0,1,5935.4424,0.17746863,3,1,false,false,-14.929061,5.0407777,10.028834,-1.261749,3
30.949207,0.19461736,49.33349426085307,8.569635920231537,0,1,5939.423,0.18182647,3,1,false,false,-14.454192,5.053971,9.57886,-1.2682331,3
31.01115,0.19472194,49.33349003483788,8.569638671389752,0,1,5942.1978,0.17698409,3,1,false,false,-14.133051,5.0129943,9.324397,-1.2742904,3
31.074604,0.19482766,49.333485718819894,8.569641422967798,0,1,5942.805,0.16270041,3,1,false,false,-13.802124,5.0714865,9.147627,-1.279856,3
31.13957,0.19493352,49.33348140307631,8.569644174545845,0,1,5942.4624,0.14236227,3,1,false,false,-14.146672,5.0889406,9.689291,-1.2848743,3
31.20457,0.19503959,49.33347708705833,8.56964692570406,0,1,5938.456,0.1147616,3,1,false,false,-14.542907,5.095788,10.182339,-1.2894063,3
31.269756,0.19514583,49.33347277104034,8.569649539577254,0,1,5933.662,0.08159198,3,1,false,false,-14.823947,5.0328364,10.299331,-1.2935603,3
31.332653,0.1952523,49.33346836529397,8.56965215345045,0,1,5935.261,0.04672818,3,1,false,false,-14.627672,4.7735014,10.077707,-1.2974911,3
31.394503,0.19535895,49.33346395954759,8.569654629618793,0,1,5952.2236,0.014043074,3,1,false,false,-13.970049,4.7095294,9.33489,-1.3013716,3
31.458908,0.19546668,49.333459553526815,8.569657105787135,0,1,5972.5273,-0.015979283,3,1,false,false,-13.16302,4.783909,8.753956,-1.305135,3
31.527147,0.19557479,49.33345514778044,8.569659582375309,0,1,5976.69,-0.04188487,3,1,false,false,-12.733497,4.9742613,8.716955,-1.3086065,3
31.599625,0.19568308,49.333450652031274,8.569662058543653,0,1,5966.596,-0.0699701,3,1,false,false,-12.490144,5.1146045,8.717292,-1.3117113,3
31.674372,0.19579162,49.3334461562821,8.569664397426974,0,1,5954.666,-0.09878091,3,1,false,false,-12.2744,5.098117,8.801537,-1.3144335,3
31.74761,0.19590038,49.333441660532934,8.569666735890467,0,1,5949.7915,-0.1273502,3,1,false,false,-12.495282,4.8419795,9.026735,-1.316813,3
31.816355,0.19600938,49.33343716478377,8.569668937068936,0,1,5957.7163,-0.15446635,3,1,false,false,-12.788849,4.5698295,9.895458,-1.3191121,3
31.883085,0.19611941,49.33343257903181,8.569671138247408,0,1,5977.7583,-0.17335092,3,1,false,false,-12.937939,4.4111066,10.244042,-1.3216482,3
31.949162,0.19622992,49.33342808328264,8.569673339425878,0,1,5999.268,-0.18521431,3,1,false,false,-12.830292,4.435566,10.403181,-1.3246315,3
32.01788,0.19634065,49.333423497805086,8.569675540604349,0,1,6014.846,-0.19005671,3,1,false,false,-12.215994,4.545337,9.718699,-1.3281031,3
32.089428,0.19645162,49.333418912053126,8.569677604077969,0,1,6023.3145,-0.18812053,3,1,false,false,-11.017738,4.6508203,8.714932,-1.3319091,3
32.166626,0.19656283,49.33341423657277,8.569679805256438,0,1,6027.3213,-0.18618244,3,1,false,false,-10.878085,4.9595504,9.279674,-1.3357693,3
32.24543,0.19667429,49.33340965082082,8.569681731025206,0,1,6016.785,-0.19005671,3,1,false,false,-10.944379,4.974941,10.106798,-1.3394287,3
32.32565,0.19678693,49.333404975340464,8.569683794498825,0,1,6001.6216,-0.19732031,3,1,false,false,-11.053305,5.010542,10.329897,-1.3428283,3
32.404285,0.19690008,49.33340029958572,8.569685720687424,0,1,5994.348,-0.20482537,3,1,false,false,-10.8725605,4.760028,10.180997,-1.3459519,3
32.478004,0.1970135,49.333395624105364,8.569687646456192,0,1,6003.6436,-0.21354115,3,1,false,false,-10.5948515,4.4186664,10.016529,-1.3488971,3
32.548325,0.19712715,49.333390858622224,8.56968957264479,0,1,6031.9614,-0.22201431,3,1,false,false,-10.370893,4.293191,10.068226,-1.3519015,3
32.618977,0.19724104,49.333386183141876,8.569691498413556,0,1,6060.1143,-0.23121503,3,1,false,false,-10.093974,4.3611603,10.098181,-1.3550831,3
32.692738,0.19735518,49.333381417658735,8.569693286897303,0,1,6069.925,-0.24089889,3,1,false,false,-9.414179,4.46701,9.571697,-1.3583837,3
32.7682,0.19747077,49.33337665190119,8.569695075381052,0,1,6071.6772,-0.2522792,3,1,false,false,-9.050723,4.535753,9.566549,-1.3617326,3
32.84346,0.19758666,49.33337188641805,8.569696863864799,0,1,6082.8086,-0.26583722,3,1,false,false,-9.189244,4.4733863,9.969874,-1.3651696,3
32.917866,0.19770283,49.33336712093491,8.569698514643694,0,1,6099.381,-0.28205714,3,1,false,false,-9.27787,4.425762,10.1160145,-1.3687475,3
32.991783,0.19781925,49.33336226572337,8.56970030312744,0,1,6110.7295,-0.30070016,3,1,false,false,-9.107514,4.400649,10.084309,-1.3724538,3
33.06548,0.19793594,49.33335741023744,8.569701953906335,0,1,6120.931,-0.31789008,3,1,false,false,-9.107779,4.3176675,9.975955,-1.3763099,3
33.138382,0.19805323,49.3333526447543,8.56970360468523,0,1,6137.655,-0.33507994,3,1,false,false,-9.181937,4.3152046,9.715989,-1.3803953,3
33.21175,0.19817178,49.333347789268366,8.569705118179106,0,1,6156.225,-0.3498485,3,1,false,false,-8.94163,4.3741164,9.38042,-1.3846935,3
33.285515,0.1982906,49.333342844054044,8.569706768958001,0,1,6165.7466,-0.36292168,3,1,false,false,-8.856198,4.3614507,9.19379,-1.3890777,3
33.35893,0.19840969,49.33333798856811,8.569708282032044,0,1,6172.2227,-0.38277522,3,1,false,false,-9.179717,4.3343782,9.908964,-1.3935177,3
33.43142,0.19852905,49.33333304335379,8.569709795525918,0,1,6185.921,-0.3970589,3,1,false,false,-9.62426,4.2580247,10.129807,-1.3981237,3
33.50255,0.19864866,49.333328187867856,8.569711308599963,0,1,6202.7563,-0.4084383,3,1,false,false,-10.082061,4.1605644,10.376392,-1.4029773,3
33.571186,0.19876957,49.33332324265353,8.569712684388985,0,1,6219.5854,-0.41739568,3,1,false,false,-10.191452,4.03839,10.227111,-1.4081516,3
33.63904,0.19889118,49.33331829716481,8.569714197882861,0,1,6242.358,-0.421754,3,1,false,false,-9.998045,4.0476546,9.464378,-1.4137214,3
33.708126,0.19901304,49.33331335195048,8.569715573252052,0,1,6266.52,-0.42369103,3,1,false,false,-9.741037,4.1488357,9.3116,-1.4196179,3
33.77887,0.19913517,49.333308316733365,8.569716949041077,0,1,6277.3564,-0.4246583,3,1,false,false,-9.738042,4.2620387,9.041512,-1.4256276,3
33.85106,0.19925758,49.33330337124465,8.569718187125247,0,1,6278.907,-0.42659622,3,1,false,false,-9.908364,4.327674,9.343621,-1.4316087,3
33.922436,0.19938065,49.333298336027525,8.56971942562925,0,1,6282.944,-0.42998555,3,1,false,false,-10.799608,4.25121,10.493155,-1.4375463,3
33.991062,0.1995052,49.33329330081041,8.569720663713422,0,1,6294.9165,-0.4319227,3,1,false,false,-11.011119,4.0535645,10.153651,-1.4435484,3
34.057213,0.19962998,49.333288265593296,8.569721901797593,0,1,6315.582,-0.42950052,3,1,false,false,-10.956287,3.9530253,9.600245,-1.4496961,3
34.12183,0.199755,49.33328323037618,8.569723002176913,0,1,6340.151,-0.42514327,3,1,false,false,-10.619629,3.8771763,8.874523,-1.4559953,3
34.18632,0.19988026,49.33327819515907,8.569724102976064,0,1,6363.431,-0.42078483,3,1,false,false,-9.87584,3.931722,8.188638,-1.4623884,3
34.254128,0.20000575,49.33327306993916,8.569725203355384,0,1,6381.14,-0.41812217,3,1,false,false,-9.415006,4.140793,7.807939,-1.4687057,3
34.323204,0.20013319,49.333268034722046,8.569726304154536,0,1,6385.381,-0.41860712,3,1,false,false,-9.455955,4.1773357,7.7642465,-1.47472,3
34.391335,0.2002609,49.33326290950214,8.569727266829002,0,1,6388.877,-0.4210274,3,1,false,false,-10.109624,4.016145,8.514353,-1.4804562,3
34.45544,0.20038886,49.33325778455663,8.569728229923301,0,1,6406.629,-0.4217539,3,1,false,false,-10.978312,3.8045845,9.39061,-1.4861841,3
34.515522,0.20051701,49.33325265933672,8.5697291930176,0,1,6438.1235,-0.41642743,3,1,false,false,-11.479396,3.5771775,9.782644,-1.4922223,3
34.57295,0.20064534,49.333247534116815,8.5697301561119,0,1,6473.165,-0.40117472,3,1,false,false,-11.778252,3.5086923,10.010323,-1.4987959,3
34.63006,0.20077619,49.33324231916852,8.569730981501348,0,1,6507.1597,-0.3745426,3,1,false,false,-11.801879,3.603995,9.704846,-1.5060369,3
34.692654,0.20090783,49.33323719394861,8.569731806890795,0,1,6531.834,-0.33822662,3,1,false,false,-11.503787,4.0916033,9.259498,-1.5138402,3
34.76264,0.20103964,49.33323197872591,8.569732494575392,0,1,6526.756,-0.29949042,3,1,false,false,-11.398259,4.5097904,9.31989,-1.5217261,3
34.836834,0.20117164,49.3332268537804,8.56973331996484,0,1,6496.001,-0.26220545,3,1,false,false,-11.526213,4.709626,9.46873,-1.529189,3
34.91104,0.20130381,49.33322163855771,8.569733870364415,0,1,6470.693,-0.22758326,3,1,false,false,-11.933488,4.5990405,10.14764,-1.5359507,3
34.980907,0.20143728,49.33321642360941,8.56973455804901,0,1,6465.558,-0.18884519,3,1,false,false,-12.165004,4.279679,10.457003,-1.5419328,3
35.045277,0.2015712,49.33321111865832,8.569735108448587,0,1,6476.6875,-0.15398237,3,1,false,false,-11.826069,3.9650972,10.165673,-1.5472192,3
35.106792,0.2017052,49.33320590343562,8.569735658848161,0,1,6500.1533,-0.121539734,3,1,false,false,-11.113301,3.828623,9.473638,-1.5520227,3
35.167534,0.20183924,49.333200688487324,8.569736208827905,0,1,6528.047,-0.075054035,3,1,false,false,-10.147544,3.8022885,8.885105,-1.5564725,3
35.230427,0.20197335,49.333195383536236,8.56973662194246,0,1,6551.622,-0.051084645,3,1,false,false,-9.440489,3.9335659,8.947401,-1.5605712,3
35.296413,0.20210755,49.333190168313536,8.569737034637186,0,1,6563.889,-0.007021064,3,1,false,false,-9.041284,4.10158,9.701149,-1.564271,3
35.365253,0.2022418,49.33318486336245,8.569737447331908,0,1,6567.238,0.02396939,3,1,false,false,-8.482546,4.2182684,9.495989,-1.5675095,3
35.43518,0.2023761,49.33317955841136,8.569737860026633,0,1,6569.4043,0.06972852,3,1,false,false,-7.707054,4.1908574,9.137083,-1.5702243,3
35.504185,0.20251045,49.333174253460264,8.569738135016504,0,1,6577.89,0.07069663,3,1,false,false,-7.154095,4.095432,8.833816,-1.5723609,3
35.57373,0.20264485,49.333168948509176,8.569738410006376,0,1,6591.9126,0.10168755,3,1,false,false,-6.670647,4.1458497,9.196411,-1.5739646,3
35.644993,0.20277937,49.333163553555295,8.56973868541608,0,1,6599.851,0.13630934,3,1,false,false,-6.074657,4.210233,9.676919,-1.5750102,3
35.71711,0.20291394,49.33315824860421,8.569738960405953,0,1,6597.108,0.15906815,3,1,false,false,-5.3579617,4.2103076,9.812106,-1.5754163,3
35.789402,0.20304856,49.333152853650326,8.569739235395824,0,1,6596.4453,0.17286828,3,1,false,false,-4.593879,4.151519,9.978841,-1.5751964,3
35.859886,0.2031832,49.33314754869924,8.569739510805528,0,1,6605.4146,0.19998494,3,1,false,false,-3.6727965,3.999274,10.216179,-1.5744171,3
35.92957,0.20331793,49.33314215374536,8.569739648090549,0,1,6619.382,0.233397,3,1,false,false,-2.5145774,3.9706566,9.913653,-1.5731122,3
35.999805,0.2034528,49.333136758791476,8.569739923500252,0,1,6629.9326,0.2672937,3,1,false,false,-1.3352038,3.965829,9.419648,-1.5712398,3
36.070244,0.20358771,49.333131363837595,8.569740061205104,0,1,6636.345,0.29925272,3,1,false,false,-0.12001029,3.9344442,9.480753,-1.5687757,3
36.140812,0.20372269,49.33312596915811,8.569740198490123,0,1,6645.1484,0.33121175,3,1,false,false,1.1819609,3.92536,10.077901,-1.5657188,3
36.210613,0.20385775,49.33312057420423,8.569740473899827,0,1,6656.7373,0.3597815,3,1,false,false,2.455594,3.8786116,10.419162,-1.5620512,3
36.279953,0.20399292,49.33311508924756,8.569740611184848,0,1,6668.657,0.3844778,3,1,false,false,3.674078,3.7889845,10.139883,-1.5577785,3
36.34677,0.20412831,49.33310969456808,8.569740886594552,0,1,6683.285,0.40118372,3,1,false,false,4.452907,3.6419134,9.325877,-1.5529729,3
36.412395,0.20426379,49.333104209611406,8.569741161584423,0,1,6705.8647,0.4132892,3,1,false,false,5.259238,3.6538055,9.39121,-1.547727,3
36.478333,0.20439936,49.333098814657525,8.569741436574295,0,1,6726.998,0.42079523,3,1,false,false,6.383163,3.7035542,10.025392,-1.542116,3
36.544697,0.20453505,49.333093329975256,8.569741711984,0,1,6736.6694,0.4270898,3,1,false,false,7.260356,3.7421603,9.762206,-1.5361942,3
36.610714,0.20467094,49.33308784501858,8.56974198697387,0,1,6742.188,0.43290064,3,1,false,false,8.059259,3.704613,9.78958,-1.5300099,3
36.674625,0.20480703,49.333082360336306,8.569742261963743,0,1,6756.0293,0.43871158,3,1,false,false,8.871709,3.5828881,10.113872,-1.5235589,3
36.73644,0.20494328,49.33307687537964,8.569742674658466,0,1,6778.482,0.44137433,3,1,false,false,9.27949,3.5184975,9.916188,-1.5168175,3
36.797596,0.20507966,49.33307139069736,8.56974308735319,0,1,6797.3423,0.4401647,3,1,false,false,10.306612,3.5303535,10.245571,-1.5098513,3
36.858093,0.20521617,49.3330658160123,8.569743637752765,0,1,6807.13,0.4394382,3,1,false,false,11.331729,3.5559459,10.746791,-1.5026566,3
36.919502,0.2053529,49.33306033105563,8.56974405044749,0,1,6815.447,0.43556434,3,1,false,false,11.060787,3.7130272,10.093316,-1.4952037,3
36.98128,0.20548989,49.33305484637336,8.569744600847065,0,1,6824.882,0.42951134,3,1,false,false,11.645325,3.6031477,9.636665,-1.4877515,3
37.036873,0.20562704,49.333049271688296,8.569745151246641,0,1,6836.896,0.42854276,3,1,false,false,15.399326,3.362153,13.898696,-1.4801509,3
37.09465,0.20576434,49.33304378673162,8.569745838931237,0,1,6850.188,0.42127922,3,1,false,false,14.777149,3.7851982,13.054601,-1.4719454,3
37.154186,0.20590185,49.33303821204656,8.569746526615832,0,1,6853.014,0.3912564,3,1,false,false,12.684073,3.4809904,9.610269,-1.4636679,3
37.205128,0.20603958,49.33303263736149,8.569747352425113,0,1,6868.076,0.37963548,3,1,false,false,13.718553,3.0580766,9.781442,-1.4559563,3
37.264824,0.20617755,49.333027152404824,8.56974817781456,0,1,6910.748,0.3762452,3,1,false,false,11.848487,4.4852114,8.35558,-1.4487618,3
37.332077,0.20631567,49.333021577719755,8.569749003204008,0,1,6894.8057,0.38544542,3,1,false,false,13.545283,3.835878,9.709068,-1.4426703,3
37.38711,0.20645396,49.33301600303469,8.569749965878474,0,1,6837.781,0.41111046,3,1,false,false,14.827514,3.2300951,11.8466015,-1.4371711,3
37.439743,0.20659241,49.33301042834963,8.569750928972773,0,1,6865.5654,0.42975342,3,1,false,false,13.53494,3.3613048,9.492555,-1.4312621,3
37.488525,0.20673113,49.33300485366457,8.569751892067073,0,1,6944.35,0.44839638,3,1,false,false,12.990839,2.5127082,8.902912,-1.4252182,3
37.526714,0.20686997,49.3329992789795,8.569752992446393,0,1,6719.6567,0.47624004,3,1,false,false,12.334864,2.4081864,7.839797,-1.4189042,3
37.54149,0.20700882,49.33299370402004,8.569754093245544,0,1,6589.4316,0.50553584,0,1,false,false,12.509193,-0.0035857111,7.320691,-1.4122877,3
37.543148,0.20714761,49.33298812933498,8.569755193624864,0,1,6104.6514,0.5401592,4,1,false,false,11.6757965,2.459922,8.831345,-1.4059103,3
37.63027,0.20728646,49.33298255464991,8.569756431709035,0,1,5319.954,0.57453924,4,1,false,false,13.424445,6.5544353,9.637323,-1.3994046,3
37.713127,0.20742579,49.33297697996485,8.569757670213038,0,1,5499.503,0.6028673,4,1,false,false,15.250845,3.1450884,9.827845,-1.392277,3
37.731663,0.20756523,49.332971405279785,8.569759045582229,0,1,5689.9614,0.62490124,4,1,false,false,16.286306,1.3693719,10.968875,-1.3855497,3
37.75517,0.2077047,49.33296583059472,8.569760421371253,0,1,5628.88,0.64015394,4,1,false,false,16.554995,1.6881831,10.946073,-1.3784356,3
37.795822,0.20784424,49.33296025563526,8.569761934865129,0,1,5666.7817,0.63531154,4,1,false,false,15.774881,3.0349283,9.07899,-1.3696092,3
37.839535,0.20798394,49.332954680950195,8.569763447939172,0,1,5740.944,0.62441665,4,1,false,false,13.963259,2.5326731,8.367029,-1.3599545,3
37.888462,0.20812388,49.33294910626513,8.569764961433046,0,1,5713.37,0.6210263,4,1,false,false,14.99445,3.7318127,9.276357,-1.349908,3
37.94751,0.20826393,49.33294353158007,8.569766612211941,0,1,5666.262,0.61860555,4,1,false,false,16.430676,3.743222,10.295766,-1.339743,3
37.99499,0.20840417,49.332937866892216,8.569768262990838,0,1,5651.7188,0.62151027,4,1,false,false,18.775537,3.0426168,11.49183,-1.3296769,3
38.032253,0.20854454,49.33293229220715,8.569770051474585,0,1,5678.374,0.61739445,4,1,false,false,20.271908,3.0342393,12.781038,-1.319223,3
38.0699,0.20868513,49.332926717522085,8.569771839958332,0,1,5687.0747,0.59850895,4,1,false,false,21.993185,2.9622564,13.673526,-1.3083341,3
38.101295,0.20882593,49.33292123256541,8.569773765727097,0,1,5669.7515,0.5655809,4,1,false,false,21.796013,2.714843,12.380256,-1.2972779,3
38.13403,0.20896687,49.33291565788035,8.569775829200717,0,1,5699.618,0.5270845,4,1,false,false,21.964203,3.053115,12.231154,-1.2860881,3
38.167236,0.2091079,49.33291008319529,8.569777893094168,0,1,5713.9155,0.48858762,4,1,false,false,19.992353,2.7683687,11.476304,-1.2751023,3
38.19552,0.20924906,49.332904508510225,8.569780093852806,0,1,5720.144,0.4592912,4,1,false,false,18.878262,2.6385088,10.573234,-1.264235,3
38.231827,0.20939074,49.33289902355355,8.569782295031278,0,1,5765.707,0.4372585,4,1,false,false,19.781975,3.4804025,10.865087,-1.2534827,3
38.265907,0.20953263,49.33289344886849,8.569784633914601,0,1,5753.494,0.42926896,4,1,false,false,21.47016,2.8434274,12.82267,-1.2431148,3
38.29953,0.2096746,49.33288796418621,8.569786972378092,0,1,5733.446,0.42587966,4,1,false,false,18.855574,3.649981,10.507973,-1.2324485,3
38.34527,0.20981668,49.33288247922954,8.569789448966265,0,1,5745.994,0.4157108,4,1,false,false,20.075966,3.5937228,11.550788,-1.2219435,3
38.371937,0.20995888,49.33287699454727,8.569792062839461,0,1,5723.094,0.4171635,4,1,false,false,22.172756,2.3567252,13.529799,-1.2117164,3
38.404747,0.21010089,49.33287141986221,8.569794676292823,0,1,5745.548,0.40917277,4,1,false,false,21.337286,3.827029,11.543107,-1.2010533,3
38.440323,0.21024302,49.33286602490833,8.569797290166019,0,1,5748.5557,0.39416176,4,1,false,false,20.796886,2.8245547,11.114759,-1.1908078,3
38.453037,0.21038519,49.33286053995165,8.569800179448917,0,1,5745.1636,0.3878671,4,1,false,false,18.51012,1.696946,9.569758,-1.180673,3
38.473095,0.21052738,49.332855055269384,8.56980293060713,0,1,5868.554,0.38205624,4,1,false,false,18.5392,3.2827194,8.827503,-1.1702595,3
38.504997,0.21066952,49.3328496603155,8.56980595717505,0,1,5893.699,0.38593003,4,1,false,false,16.7873,2.8449042,8.109959,-1.160486,3
38.536053,0.21081159,49.33284417563323,8.569808846457947,0,1,5833.608,0.40142566,4,1,false,false,16.039188,3.724003,7.669511,-1.1512122,3
38.583286,0.21095374,49.332838780679346,8.569811872606035,0,1,5865.7427,0.42733172,4,1,false,false,15.10703,3.755471,6.9579034,-1.1424947,3
38.617264,0.211096,49.332833385725465,8.569815036878804,0,1,5863.023,0.463408,4,1,false,false,14.541152,2.4480822,7.327398,-1.1346018,3
38.65119,0.21123828,49.33282790076879,8.569818201151575,0,1,5881.946,0.4997253,4,1,false,false,15.831236,3.7040012,8.331033,-1.1269943,3
38.703945,0.21138056,49.332822506089315,8.569821365004513,0,1,5885.9688,0.5389479,4,1,false,false,17.22836,4.3740172,9.394755,-1.1199144,3
38.74037,0.2115229,49.332817111135434,8.569824666982136,0,1,5802.0835,0.56727606,4,1,false,false,17.041338,3.3437002,9.174246,-1.113279,3
38.78614,0.21166533,49.332811806184345,8.569827968539926,0,1,5818.424,0.59003556,4,1,false,false,18.448568,4.1414285,10.136556,-1.1064624,3
38.82108,0.21180789,49.332806411230465,8.569831407802567,0,1,5815.113,0.605289,4,1,false,false,22.828617,3.285281,13.414999,-1.0996898,3
38.846546,0.21195056,49.33280101627658,8.569834984770063,0,1,5766.3022,0.6084362,4,1,false,false,24.171953,2.989391,14.002458,-1.0921535,3
38.86321,0.21209314,49.33279571132549,8.569838561317724,0,1,5777.582,0.5774454,4,1,false,false,25.128368,2.5735974,14.238515,-1.0833449,3
38.879772,0.2122358,49.3327904063744,8.569842275990071,0,1,5820.6807,0.53580076,4,1,false,false,24.490938,2.848857,13.129413,-1.073575,3
38.906475,0.21237853,49.33278510142331,8.569845990242584,0,1,5809.81,0.47599807,4,1,false,false,23.141273,3.437917,12.379151,-1.0636411,3
38.943222,0.21252139,49.33277988620061,8.56984984219995,0,1,5767.9976,0.42248937,4,1,false,false,21.33227,3.6436057,11.096938,-1.0542787,3
38.976795,0.21266432,49.33277467125232,8.569853831862169,0,1,5760.322,0.37479308,4,1,false,false,19.828775,3.107921,10.318476,-1.045782,3
39.002464,0.21280728,49.33276936630123,8.569857821524387,0,1,5800.2856,0.3481595,4,1,false,false,18.705654,2.700858,9.6919,-1.0378588,3
39.030457,0.21295032,49.33276424108132,8.569861810766772,0,1,5841.7524,0.33121175,4,1,false,false,17.382414,2.8680322,8.683105,-1.0303363,3
39.061,0.21309343,49.33275902613302,8.569865938133843,0,1,5850.4814,0.32782248,4,1,false,false,16.068626,2.7768853,8.283844,-1.0230953,3
39.09414,0.21323663,49.332753810910326,8.569870202785932,0,1,5873.953,0.334117,4,1,false,false,15.585303,3.4234874,8.130433,-1.0158329,3
39.13848,0.2133799,49.33274868569042,8.56987432973317,0,1,5885.4834,0.34743392,4,1,false,false,17.18237,3.60189,9.617793,-1.0087745,3
39.179546,0.2135233,49.33274356074491,8.569878732090112,0,1,5838.62,0.36777115,4,1,false,false,19.287039,3.757186,11.938711,-1.0017837,3
39.219887,0.21366683,49.33273834552221,8.569883134447053,0,1,5809.5874,0.3760028,4,1,false,false,20.195072,3.643948,12.211359,-0.9945588,3
39.25578,0.21381047,49.332733310305095,8.569887536384163,0,1,5817.354,0.37091926,4,1,false,false,20.256971,3.2768757,11.450597,-0.98713636,3
39.28845,0.21395425,49.33272818508519,8.569892076445957,0,1,5822.7603,0.35300195,4,1,false,false,19.757847,3.2107584,11.3208275,-0.9797873,3
39.32145,0.21409811,49.33272314986807,8.569896616087918,0,1,5821.5986,0.33435896,4,1,false,false,19.833956,3.1885033,11.37203,-0.97268516,3
39.354042,0.21424209,49.33271811465096,8.569901293434732,0,1,5828.117,0.31668463,4,1,false,false,19.568933,3.1279619,11.297057,-0.96579736,3
39.387917,0.21438618,49.332713079433844,8.569905971201377,0,1,5840.706,0.30094784,4,1,false,false,18.971382,3.1716285,10.897117,-0.9590392,3
39.42322,0.21453038,49.33270804421673,8.56991078583321,0,1,5844.771,0.28884137,4,1,false,false,18.360909,3.1880608,10.735743,-0.952403,3
39.45943,0.21467476,49.3327030990024,8.569915738589728,0,1,5848.614,0.27794698,4,1,false,false,18.038496,3.1860843,10.921995,-0.9458288,3
39.496483,0.21481924,49.33269806378529,8.569920553641394,0,1,5859.358,0.2697144,4,1,false,false,18.442984,3.2577467,11.717254,-0.9392714,3
39.53518,0.21496384,49.33269311829656,8.56992564368293,0,1,5860.881,0.26511404,4,1,false,false,18.202389,3.3912349,10.924278,-0.932776,3
39.5775,0.21510859,49.33268826281063,8.569930596019617,0,1,5853.75,0.26293534,4,1,false,false,16.723036,3.5168073,9.815794,-0.92647946,3
39.62137,0.2152535,49.332683317596306,8.569935686061154,0,1,5850.1953,0.2655986,4,1,false,false,16.97246,3.4750462,10.558478,-0.92062265,3
39.66335,0.21539865,49.33267846211037,8.569940913807544,0,1,5848.8003,0.27528274,4,1,false,false,18.118988,3.3967495,12.277878,-0.91513246,3
39.703766,0.21554394,49.33267360689884,8.569946141553933,0,1,5846.6567,0.28448352,4,1,false,false,18.35748,3.2361705,12.22444,-0.9097945,3
39.742207,0.21568933,49.33266875141291,8.569951507005173,0,1,5852.9316,0.29295716,4,1,false,false,17.826696,3.083045,11.1133,-0.90442854,3
39.780144,0.2158349,49.33266389592698,8.569956872036583,0,1,5873.7593,0.29925272,4,1,false,false,16.67867,3.1058457,10.258995,-0.89888984,3
39.824368,0.21598066,49.33265913044384,8.569962237487823,0,1,5886.742,0.3050636,4,1,false,false,15.1359005,3.5657752,9.726545,-0.89324516,3
39.873455,0.21612665,49.33265436496069,8.569967740224085,0,1,5868.3687,0.31353727,4,1,false,false,14.576011,3.6238158,9.249458,-0.8879882,3
39.92095,0.21627282,49.33264959947755,8.569973242960346,0,1,5853.0117,0.33242276,4,1,false,false,15.8886795,3.3373144,10.428766,-0.88326263,3
39.962566,0.21641915,49.33264483399441,8.569978745696607,0,1,5865.1616,0.3554236,4,1,false,false,16.68767,3.0246422,11.687947,-0.8786102,3
39.99995,0.21656561,49.33264006851127,8.56998438613772,0,1,5884.421,0.37285545,4,1,false,false,16.552961,2.8117805,11.445794,-0.8736296,3
40.03627,0.21671239,49.33263539303092,8.569990164283686,0,1,5904.542,0.38036102,4,1,false,false,15.314229,2.7442062,10.044782,-0.8680531,3
40.076794,0.21685928,49.33263071727617,8.5699958047248,0,1,5930.3525,0.37939352,4,1,false,false,15.002189,3.1441288,10.091689,-0.8619434,3
40.12315,0.21700634,49.33262604179582,8.570001582450931,0,1,5928.9287,0.37430853,4,1,false,false,15.3793125,3.4568563,10.823456,-0.85563487,3
40.172134,0.21715356,49.332621366315465,8.570007497881917,0,1,5902.4976,0.36849767,4,1,false,false,15.898872,3.4679346,11.7431965,-0.84934676,3
40.217846,0.21730112,49.332616780563505,8.570013413732733,0,1,5895.5894,0.36075,4,1,false,false,15.877732,3.2279212,11.333884,-0.8430927,3
40.25995,0.2174489,49.33261210480876,8.570019329163719,0,1,5914.955,0.34888607,4,1,false,false,15.39691,3.025876,11.029073,-0.83684784,3
40.30162,0.21759683,49.3326075193312,8.570025382299555,0,1,5930.1133,0.33532754,4,1,false,false,15.000818,3.085635,10.612858,-0.8306632,3
40.345654,0.21774493,49.33260302358203,8.570031435435393,0,1,5932.5503,0.3237066,4,1,false,false,15.027392,3.2887313,10.64108,-0.8246144,3
40.39152,0.21789321,49.33259843783007,8.570037488571229,0,1,5929.759,0.31571594,4,1,false,false,14.82429,3.2634995,10.539876,-0.81875426,3
40.436455,0.21804191,49.332593942080905,8.570043678992086,0,1,5930.562,0.30869487,4,1,false,false,13.704082,3.1510136,9.534039,-0.813161,3
40.47979,0.21819076,49.33258944633174,8.570049869832774,0,1,5945.544,0.30457917,4,1,false,false,13.447958,3.021459,9.73479,-0.80782014,3
40.52167,0.21833979,49.33258495058257,8.570056060253632,0,1,5962.9487,0.3023999,4,1,false,false,13.358107,3.0121315,9.67175,-0.80257046,3
40.56537,0.21848896,49.332580454833405,8.570062388799172,0,1,5972.4414,0.30191535,4,1,false,false,13.164731,3.0750184,9.907065,-0.79731816,3
40.608105,0.2186383,49.33257595908424,8.570068716924881,0,1,5978.4644,0.30167335,4,1,false,false,13.405948,2.9874732,10.6625,-0.791984,3
40.65021,0.21878777,49.33257155333786,8.570075182755442,0,1,5997.3667,0.30022126,4,1,false,false,13.7689,3.0162406,10.455174,-0.7862927,3
40.694366,0.21893738,49.332567147317086,8.57008151088115,0,1,6011.257,0.29126304,4,1,false,false,12.474659,3.1614408,9.152964,-0.7802775,3
40.741253,0.21908718,49.33256274157071,8.570087976711712,0,1,6008.2607,0.2839989,4,1,false,false,11.788536,3.289816,8.383283,-0.7743511,3
40.789898,0.21923715,49.33255833582433,8.570094580247124,0,1,6007.7593,0.28036764,4,1,false,false,12.287427,3.4519255,9.501838,-0.7687215,3
40.83848,0.2193872,49.332554019806345,8.570101046077683,0,1,6003.843,0.2793987,4,1,false,false,12.858463,3.291763,9.780092,-0.7635019,3
40.882973,0.21953742,49.33254961405997,8.570107649193265,0,1,6000.37,0.28278932,4,1,false,false,13.347595,2.95921,10.568489,-0.7586072,3
40.921574,0.21968777,49.332545298041985,8.570114252728677,0,1,6024.444,0.28545207,4,1,false,false,13.757945,2.740454,10.8833475,-0.7535535,3
40.960125,0.21983832,49.332540982298404,8.570120993549109,0,1,6061.152,0.27964118,4,1,false,false,13.708162,2.8617382,10.74108,-0.7479762,3
41.002758,0.21998896,49.33253666628042,8.570127734789374,0,1,6067.6426,0.26898885,4,1,false,false,13.43336,3.1964874,10.180598,-0.7419808,3
41.050903,0.22013976,49.332532440265226,8.570134475609807,0,1,6055.0273,0.25397715,4,1,false,false,13.07575,3.4910805,9.727967,-0.7358568,3
41.10133,0.22029074,49.33252821425003,8.570141216430239,0,1,6043.902,0.24235523,4,1,false,false,13.262297,3.4662116,9.935121,-0.729976,3
41.149555,0.22044192,49.33252398823484,8.570148094955524,0,1,6036.4546,0.23533419,4,1,false,false,13.21888,3.3274963,10.237908,-0.72458917,3
41.195255,0.22059326,49.33251976221965,8.570154973480808,0,1,6039.862,0.23194483,4,1,false,false,13.242372,3.148557,10.288588,-0.7196968,3
41.237667,0.22074473,49.332515536204454,8.570161989710945,0,1,6053.004,0.23146081,4,1,false,false,13.211394,2.9689167,10.483884,-0.71509826,3
41.27905,0.22089636,49.33251140019205,8.57016900594108,0,1,6071.3667,0.23267049,4,1,false,false,13.205909,2.948967,10.22241,-0.7104895,3
41.321136,0.22104813,49.332507174176854,8.570176021751385,0,1,6085.3936,0.23315497,4,1,false,false,12.510217,3.0257676,9.443354,-0.705717,3
41.365387,0.2212001,49.33250312789284,8.570183037981522,0,1,6092.2285,0.23291297,4,1,false,false,12.416874,3.1151786,9.839106,-0.700847,3
41.41111,0.22135216,49.33249899188044,8.570190191496678,0,1,6094.567,0.23412354,4,1,false,false,12.769111,3.2319386,10.794949,-0.69592226,3
41.457844,0.22150442,49.33249485586804,8.570197345431666,0,1,6093.038,0.23267052,4,1,false,false,13.044343,3.248368,11.051374,-0.69098777,3
41.503376,0.22165684,49.33249080958403,8.570204498946822,0,1,6092.3647,0.23024978,4,1,false,false,13.043398,3.135972,10.51347,-0.68606955,3
41.54864,0.22180945,49.332486763574416,8.570211652881811,0,1,6101.1885,0.22564985,4,1,false,false,12.551756,3.1948347,10.166421,-0.6811478,3
41.59501,0.2219622,49.33248271729041,8.57021894410182,0,1,6106.143,0.21959648,4,1,false,false,12.28525,3.2262478,10.278935,-0.6763916,3
41.641758,0.22211508,49.3324786710064,8.570226235321828,0,1,6100.982,0.21523856,4,1,false,false,12.470875,3.2498162,10.501121,-0.6719457,3
41.687668,0.22226816,49.33247471472518,8.570233663826855,0,1,6101.8877,0.21330237,4,1,false,false,12.449061,3.106428,10.342468,-0.6677649,3
41.73175,0.22242142,49.33247075871836,8.570240955046863,0,1,6111.7783,0.2130599,4,1,false,false,12.121271,3.0114386,10.447724,-0.66374713,3
41.775196,0.22257484,49.33246680243714,8.570248383971723,0,1,6125.0596,0.21281785,4,1,false,false,11.716945,2.9779325,10.148124,-0.65977925,3
41.819584,0.22272839,49.33246284615592,8.570255812896583,0,1,6135.616,0.21257582,4,1,false,false,11.426607,3.027369,9.8974085,-0.65581566,3
41.864727,0.22288209,49.332458979603096,8.570263379106464,0,1,6141.899,0.21257582,4,1,false,false,10.911981,3.069393,9.679246,-0.65186095,3
41.91018,0.223036,49.332455023596275,8.570270945736176,0,1,6149.198,0.21354437,4,1,false,false,10.753913,3.052198,9.955168,-0.64792335,3
41.95568,0.22319008,49.332451157043444,8.570278511946055,0,1,6157.6694,0.21475407,4,1,false,false,10.923636,3.0681863,10.329947,-0.6439733,3
42.001686,0.22334431,49.33244729076502,8.570286078155936,0,1,6163.8413,0.21402754,4,1,false,false,10.652393,3.099285,9.678832,-0.63997966,3
42.04781,0.2234987,49.33244342448659,8.570293644785648,0,1,6169.0967,0.21257581,4,1,false,false,10.0671835,3.0707963,8.908948,-0.6360062,3
42.093807,0.22365329,49.33243964793655,8.57030134870038,0,1,6177.2085,0.21209133,4,1,false,false,9.8013,3.045807,9.083169,-0.63212246,3
42.140377,0.22380805,49.33243578165813,8.570309052615112,0,1,6185.518,0.21378548,4,1,false,false,9.994375,3.0895305,9.801621,-0.6283307,3
42.186527,0.22396298,49.33243200510809,8.570316756529843,0,1,6189.541,0.21523854,4,1,false,false,10.292895,3.0055897,9.859449,-0.6245967,3
42.230824,0.22411808,49.33242822883245,8.570324460444576,0,1,6198.4556,0.21644914,4,1,false,false,10.25895,2.8964236,9.997867,-0.62077045,3
42.27434,0.22427334,49.33242445228242,8.570332302064159,0,1,6217.171,0.21426997,4,1,false,false,10.092034,2.9258087,10.117566,-0.6167072,3
42.32001,0.2244288,49.33242067600678,8.570340143683744,0,1,6229.7935,0.20821752,4,1,false,false,10.070081,3.0836074,9.638755,-0.6124412,3
42.368088,0.22458443,49.33241698945953,8.570347984883496,0,1,6226.1523,0.20071143,4,1,false,false,10.069535,3.243059,9.661238,-0.6081345,3
42.417503,0.22474025,49.33241321290949,8.57035582650308,0,1,6219.2417,0.19320635,4,1,false,false,10.257206,3.2470016,10.380046,-0.6039329,3
42.465637,0.22489625,49.33240952636225,8.570363805827515,0,1,6218.429,0.18618475,4,1,false,false,10.431808,3.13833,11.056003,-0.59991777,3
42.511494,0.22505245,49.33240584008941,8.570371784732119,0,1,6224.4253,0.17650093,4,1,false,false,10.189476,3.000937,10.278606,-0.5960725,3
42.5562,0.22520882,49.33240224327055,8.570379763636723,0,1,6236.338,0.1665742,4,1,false,false,9.703944,2.9671705,9.534285,-0.59235376,3
42.60159,0.22536537,49.3323985569977,8.57038774296116,0,1,6247.5615,0.15858363,4,1,false,false,9.624045,3.030494,9.705506,-0.58876497,3
42.648434,0.2255221,49.33239496017885,8.570395721865763,0,1,6250.203,0.15277359,4,1,false,false,9.491415,3.1035652,10.3654375,-0.58533335,3
42.695457,0.22567903,49.3323913636344,8.570403838475219,0,1,6249.551,0.14744718,4,1,false,false,9.037837,3.039161,9.519213,-0.58208257,3
42.741116,0.22583614,49.33238776708995,8.570411955504506,0,1,6258.7334,0.14284684,4,1,false,false,8.415212,2.9241881,8.661357,-0.57900614,3
42.786144,0.22599345,49.33238417054549,8.570420072113963,0,1,6276.3335,0.13921547,4,1,false,false,8.264306,2.9186575,9.046631,-0.57606536,3
42.832073,0.22615096,49.332380574001036,8.570428188723419,0,1,6286.3394,0.1382465,4,1,false,false,8.4459305,3.0182867,9.940278,-0.57321185,3
42.878654,0.22630863,49.332376977182186,8.570436443037726,0,1,6288.452,0.138973,4,1,false,false,8.158612,2.9694674,9.274036,-0.5703976,3
42.924393,0.22646652,49.33237347064052,8.570444559647182,0,1,6298.491,0.13897301,4,1,false,false,7.663034,2.9111786,8.861032,-0.5675889,3
42.970158,0.22662461,49.332369963824455,8.57045281396149,0,1,6316.0796,0.13873099,4,1,false,false,7.6348104,2.9504175,9.300339,-0.56476533,3
43.01809,0.2267829,49.332366457282795,8.570461067855964,0,1,6321.58,0.13800447,4,1,false,false,8.090891,3.1244256,9.837694,-0.56194276,3
43.06699,0.2269414,49.33236295046673,8.570469322170272,0,1,6313.7124,0.1375204,4,1,false,false,8.177398,3.1101313,9.9593315,-0.5591328,3
43.114925,0.22710009,49.33235944392507,8.570477714189431,0,1,6315.6973,0.13534075,4,1,false,false,7.581347,3.0323033,9.474192,-0.5563259,3
43.16216,0.22725902,49.33235593710901,8.570485968083908,0,1,6328.614,0.13074042,4,1,false,false,7.6686683,2.972565,10.098607,-0.5535765,3
43.209156,0.22741818,49.332352520295736,8.570494360103067,0,1,6334.7637,0.12759365,4,1,false,false,7.802402,3.0154517,10.399575,-0.55087346,3
43.257187,0.22757751,49.332349013754076,8.570502751702396,0,1,6334.7476,0.1232353,4,1,false,false,7.8594823,3.0430136,10.513374,-0.5482061,3
43.304165,0.22773704,49.332345596940804,8.570511143721555,0,1,6339.1167,0.11936196,4,1,false,false,7.4845514,2.9728498,10.3409605,-0.54556787,3
43.35125,0.22789681,49.33234218012753,8.570519673025734,0,1,6351.1743,0.11451959,4,1,false,false,7.309222,3.036509,9.941371,-0.54296947,3
43.399326,0.22805683,49.33233876331426,8.570528065044893,0,1,6354.0996,0.11016126,4,1,false,false,7.0424104,3.0214815,9.766552,-0.54049295,3
43.4478,0.22821705,49.33233534650099,8.570536594349074,0,1,6350.8945,0.1060454,4,1,false,false,6.760141,3.0669959,9.55935,-0.5382167,3
43.495564,0.22837748,49.332331929962116,8.570545123653254,0,1,6356.7583,0.1012035,4,1,false,false,6.622617,2.9458077,10.010281,-0.5361322,3
43.541233,0.22853811,49.33232860287724,8.570553652957432,0,1,6368.0273,0.09732969,4,1,false,false,6.38,2.8360975,10.110278,-0.5341852,3
43.58642,0.22869901,49.332325186338366,8.570562182261613,0,1,6381.3647,0.09224531,4,1,false,false,6.1264396,2.7939568,9.971811,-0.53226566,3
43.63159,0.22886012,49.33232185925349,8.570570711565793,0,1,6394.8193,0.08788743,4,1,false,false,5.7054863,2.8568375,9.416831,-0.5303306,3
43.678734,0.2290214,49.332318532443004,8.570579378574823,0,1,6405.8604,0.08183401,4,1,false,false,5.5504265,2.978546,9.69598,-0.5283857,3
43.72749,0.22918291,49.33231511562973,8.570588045583856,0,1,6407.129,0.07868675,4,1,false,false,5.2501884,3.0826733,9.294686,-0.5265042,3
43.777378,0.22934458,49.332311788819254,8.570596574888034,0,1,6403.693,0.074570894,4,1,false,false,5.0252233,3.029148,8.922738,-0.5247711,3
43.82526,0.22950645,49.332308462008776,8.570605241897066,0,1,6407.0776,0.07336034,4,1,false,false,4.7604933,2.8933904,9.194032,-0.52321774,3
43.87196,0.22966851,49.33230522520109,8.570613908906097,0,1,6422.16,0.07142318,4,1,false,false,4.875782,2.8714576,9.803377,-0.52178705,3
43.917427,0.2298308,49.332301898390604,8.57062271320015,0,1,6434.1504,0.07093913,4,1,false,false,4.573306,2.785102,9.630302,-0.5204006,3
43.963306,0.22999325,49.33229857130573,8.57063138020918,0,1,6444.658,0.06997103,4,1,false,false,4.6062713,2.8366234,9.860383,-0.51900333,3
44.01044,0.23015589,49.33229524449525,8.570640047218212,0,1,6456.4575,0.069486976,4,1,false,false,4.5335875,2.9454558,9.969279,-0.5175376,3
44.05974,0.23031874,49.332292007687556,8.570648851932095,0,1,6459.3223,0.06827542,4,1,false,false,4.506972,3.060694,10.207937,-0.51603967,3
44.109634,0.2304818,49.33228868087708,8.570657656226146,0,1,6453.4355,0.066823296,4,1,false,false,4.307177,3.0817266,9.653268,-0.5145647,3
44.15948,0.23064503,49.332285443794994,8.57066646094003,0,1,6453.06,0.06512867,4,1,false,false,4.2211723,3.0121875,9.86265,-0.51317453,3
44.207634,0.23080844,49.33228211698451,8.570675265234081,0,1,6457.6147,0.06391804,4,1,false,false,4.078755,2.9277492,10.061702,-0.51190186,3
44.25481,0.23097208,49.332278879902425,8.570684069947966,0,1,6464.087,0.06294902,4,1,false,false,3.9216514,2.862104,9.885841,-0.5107337,3
44.300804,0.23113592,49.33227564309473,8.570692874242017,0,1,6473.034,0.06294902,4,1,false,false,3.801685,2.7795148,9.587386,-0.509651,3
44.3462,0.23129988,49.33227240601265,8.57070181624092,0,1,6487.2183,0.06367558,4,1,false,false,3.6849258,2.794123,10.034045,-0.5085917,3
44.392124,0.23146401,49.33226907920216,8.570710620954804,0,1,6498.79,0.06537117,4,1,false,false,3.6240065,2.7900202,10.122237,-0.50752336,3
44.438534,0.23162837,49.33226584239448,8.570719562953707,0,1,6504.981,0.066823296,4,1,false,false,3.6589956,2.8556597,10.313386,-0.5064149,3
44.48572,0.23179293,49.33226260531239,8.57072836766759,0,1,6512.0723,0.068033874,4,1,false,false,3.526927,2.8895617,9.938014,-0.50524396,3
44.533463,0.23195758,49.3322593685047,8.570737309666493,0,1,6517.6353,0.06779142,4,1,false,false,3.4596364,2.9301116,10.13701,-0.5040356,3
44.581635,0.23212245,49.33225613142261,8.570746251665398,0,1,6519.0405,0.06706487,4,1,false,false,3.420906,2.9579198,10.393033,-0.5028177,3
44.62979,0.23228754,49.33225298461771,8.5707551936643,0,1,6519.7583,0.065371126,4,1,false,false,3.323288,2.902181,9.986547,-0.50161445,3
44.676727,0.23245281,49.33224974753563,8.570764273368056,0,1,6524.0303,0.062949024,4,1,false,false,3.239383,2.835929,9.926086,-0.5004523,3
44.72283,0.2326182,49.332246510727934,8.570773215366959,0,1,6534.4995,0.06101282,4,1,false,false,3.1518,2.8000188,10.066925,-0.49932286,3
44.768593,0.23278376,49.33224327364585,8.570782295070714,0,1,6543.3022,0.059802227,4,1,false,false,3.0932574,2.7834034,10.897412,-0.49821424,3
44.814102,0.23294953,49.33224012656655,8.570791237069617,0,1,6549.7856,0.057865087,4,1,false,false,3.2047784,2.7721741,11.408204,-0.49709657,3
44.86003,0.23311548,49.33223688975886,8.570800316773372,0,1,6560.5615,0.0554439,4,1,false,false,3.0104067,2.827858,10.00719,-0.49593043,3
44.90629,0.23328157,49.33223365267678,8.570809396477127,0,1,6567.9087,0.05229617,4,1,false,false,2.7293887,2.8604095,9.216814,-0.4947706,3
44.954205,0.23344778,49.33223050587188,8.570818338476032,0,1,6568.4595,0.04939093,4,1,false,false,2.644125,2.964082,9.491899,-0.4936827,3
45.002277,0.23361424,49.33222726878979,8.57082755588464,0,1,6564.616,0.046728186,4,1,false,false,2.7976146,2.8825307,10.145308,-0.49271357,3
45.047543,0.23378086,49.33222412171049,8.570836635588394,0,1,6567.5728,0.045275096,4,1,false,false,2.6411483,2.670928,10.269041,-0.49181515,3
45.089977,0.23394759,49.3322208849028,8.57084571529215,0,1,6589.15,0.043580454,4,1,false,false,2.3535423,2.5575376,9.527201,-0.49092963,3
45.13209,0.23411451,49.332217737823505,8.570854794995904,0,1,6613.342,0.042128302,4,1,false,false,2.2937262,2.6073,9.352149,-0.4900451,3
45.177135,0.2342816,49.33221459074421,8.57086401198468,0,1,6621.9917,0.041401755,4,1,false,false,2.2458482,2.8435218,9.458047,-0.48916805,3
45.225018,0.23444887,49.33221135393652,8.570873091688435,0,1,6617.755,0.040191162,4,1,false,false,2.242515,2.9285414,9.234752,-0.48832753,3
45.27221,0.23461622,49.332208206857224,8.570882308887127,0,1,6615.6978,0.04115926,4,1,false,false,2.0685196,2.810952,8.7116585,-0.48753837,3
45.31757,0.23478378,49.33220505977793,8.570891388590882,0,1,6625.5547,0.041643314,4,1,false,false,2.30055,2.710586,10.106086,-0.48680288,3
45.361908,0.23495151,49.332201822970234,8.570900605789573,0,1,6638.367,0.041643314,4,1,false,false,2.263598,2.6706948,9.436214,-0.4860735,3
45.406036,0.23511943,49.332198675890936,8.570909822988265,0,1,6646.9873,0.040191166,4,1,false,false,2.3553193,2.6836245,10.573109,-0.48532513,3
45.45056,0.23528743,49.332195528811646,8.570919040186956,0,1,6655.536,0.038738076,4,1,false,false,2.18685,2.7646034,9.925947,-0.48449868,3
45.497997,0.2354556,49.33219238173235,8.570928257385646,0,1,6661.5444,0.03462225,4,1,false,false,2.0233681,2.8818705,9.114001,-0.48364002,3
45.544827,0.23562399,49.33218923465305,8.570937612289189,0,1,6655.485,0.03244355,4,1,false,false,1.9585059,2.8584144,8.962849,-0.4828416,3
45.593056,0.23579255,49.33218599784536,8.57094682948788,0,1,6654.907,0.030263916,4,1,false,false,1.7424161,2.9089801,9.808249,-0.48213091,3
45.637623,0.23596118,49.33218285076606,8.570956046686572,0,1,6655.6245,0.027117126,4,1,false,false,1.8085089,2.6310737,10.64146,-0.48154172,3
45.67947,0.23613004,49.33217970368677,8.5709654013802,0,1,6669.9487,0.025179984,4,1,false,false,1.8617091,2.455253,9.801883,-0.4809978,3
45.72065,0.23629904,49.33217655688187,8.570974618788807,0,1,6695.853,0.024453439,4,1,false,false,1.7339667,2.5174232,9.741289,-0.48043296,3
45.763824,0.23646817,49.33217340980257,8.570983973482434,0,1,6709.655,0.024937488,4,1,false,false,1.5255313,2.7859516,10.467689,-0.47985625,3
45.812027,0.23663744,49.332170262723274,8.570993328385976,0,1,6702.735,0.025906527,4,1,false,false,1.5827456,2.8931584,9.771013,-0.4793104,3
45.859474,0.23680688,49.332167115643976,8.571002683079604,0,1,6690.963,0.027358674,4,1,false,false,1.6008587,2.8667889,9.716296,-0.4788212,3
45.90507,0.23697653,49.33216396856468,8.571012037773231,0,1,6697.3623,0.027601171,4,1,false,false,1.6482508,2.7204278,10.121029,-0.47836497,3
45.948975,0.2371463,49.33216082175978,8.571021392676775,0,1,6708.424,0.02905332,4,1,false,false,1.6006898,2.6063995,10.1148815,-0.47791246,3
45.991848,0.23731622,49.33215767468049,8.5710307473704,0,1,6713.597,0.029053321,4,1,false,false,1.4194616,2.59712,10.280768,-0.47743982,3
46.034653,0.23748629,49.33215452760119,8.571040102273944,0,1,6724.807,0.028085222,4,1,false,false,1.3537465,2.6112907,10.473832,-0.47694212,3
46.078068,0.23765652,49.3321512907935,8.571049456967572,0,1,6736.8545,0.026148085,4,1,false,false,1.3861043,2.6404047,9.885604,-0.4764253,3
46.12212,0.23782691,49.3321481437142,8.57105894936605,0,1,6739.6953,0.02542154,4,1,false,false,1.2451035,2.7162132,9.254086,-0.47590312,3
46.16706,0.23799743,49.3321449966349,8.571068304269593,0,1,6740.5845,0.023969391,4,1,false,false,1.2731665,2.722724,9.740546,-0.47539666,3
46.211597,0.23816812,49.332141849555605,8.571077796668073,0,1,6743.5205,0.023242844,4,1,false,false,1.3203255,2.6652606,9.730614,-0.47491115,3
46.254425,0.23833896,49.332138702476314,8.5710871513617,0,1,6749.9624,0.0225163,4,1,false,false,1.1940567,2.5498984,9.779211,-0.4744259,3
46.295895,0.23850995,49.332135555671414,8.571096643760178,0,1,6763.467,0.023001289,4,1,false,false,1.1506999,2.5099254,9.505066,-0.47393933,3
46.33777,0.23868111,49.332132408592116,8.571106136158658,0,1,6778.6914,0.023001287,4,1,false,false,1.089447,2.5525458,9.55348,-0.47345465,3
46.38071,0.2388524,49.33212926151282,8.571115628557138,0,1,6784.3223,0.02372783,4,1,false,false,1.2166498,2.6510043,10.001572,-0.47298074,3
46.42503,0.23902383,49.33212611443352,8.5711251207457,0,1,6785.091,0.025906524,4,1,false,false,1.218914,2.6930287,9.936074,-0.47250292,3
46.46899,0.23919545,49.33212296735422,8.57113461314418,0,1,6787.6743,0.028570205,4,1,false,false,1.2698578,2.6403203,9.972386,-0.47202286,3
46.512337,0.23936719,49.33211982054933,8.571144105542658,0,1,6794.0264,0.031717,4,1,false,false,1.3259667,2.6279407,10.070456,-0.4715372,3
46.55578,0.23953912,49.33211667347003,8.571153597941137,0,1,6799.6553,0.036075324,4,1,false,false,1.3523479,2.6409807,9.658295,-0.47105104,3
46.599022,0.23971118,49.332113526390735,8.571163227834552,0,1,6801.2144,0.04019116,4,1,false,false,1.4524231,2.6294231,9.685071,-0.47056603,3
46.64198,0.23988336,49.33211037931144,8.571172720233031,0,1,6805.7026,0.046244126,4,1,false,false,1.4367927,2.555125,9.722867,-0.47005674,3
46.684002,0.24005564,49.33210732223493,8.571182212631511,0,1,6814.6553,0.052538652,4,1,false,false,1.584552,2.542527,9.7984495,-0.4695113,3
46.724754,0.24022806,49.332104175155635,8.571191842524925,0,1,6823.9824,0.05834913,4,1,false,false,1.5971572,2.4352877,9.458889,-0.46889436,3
46.765877,0.24040066,49.33210102807634,8.571201472418341,0,1,6837.2456,0.061980914,4,1,false,false,1.8347751,2.5380118,9.84845,-0.4681755,3
46.807625,0.2405733,49.33209788127144,8.571210964816819,0,1,6844.632,0.06609677,4,1,false,false,1.9372027,2.554049,10.24998,-0.46732214,3
46.850494,0.24074607,49.33209473419214,8.571220594710235,0,1,6846.5435,0.06730732,4,1,false,false,1.9747477,2.6275418,10.180324,-0.46633258,3
46.893295,0.24091902,49.33209158711284,8.57123022460365,0,1,6849.6865,0.067307346,4,1,false,false,1.9595863,2.5868325,9.512485,-0.46523878,3
46.936382,0.24109212,49.332088440033544,8.571239854706981,0,1,6854.791,0.06585426,4,1,false,false,1.8526666,2.621397,8.860563,-0.46410975,3
46.979103,0.24126542,49.33208529295425,8.571249484600395,0,1,6856.9736,0.06512864,4,1,false,false,2.1930406,2.5834873,10.078597,-0.46300372,3
47.02138,0.24143885,49.332082146149354,8.571259114493811,0,1,6857.8447,0.06609675,4,1,false,false,2.1508918,2.5051634,9.631029,-0.46192804,3
47.06092,0.24161243,49.332079088798444,8.571268882092077,0,1,6866.123,0.06585428,4,1,false,false,2.398008,2.3090656,10.454017,-0.46081907,3
47.099316,0.2417862,49.33207594199355,8.571278511985492,0,1,6887.235,0.06948696,4,1,false,false,2.9431336,2.4121964,11.347135,-0.4595881,3
47.14049,0.2419601,49.332072794914254,8.571288141878908,0,1,6898.1655,0.06609675,4,1,false,false,2.6931539,2.4046123,9.731418,-0.45821488,3
47.184425,0.24213415,49.33206973783775,8.571297909477174,0,1,6892.459,0.061012812,4,1,false,false,2.6755772,3.0184767,9.945936,-0.45679513,3
47.230053,0.24230841,49.33206659075845,8.571307676865525,0,1,6878.1333,0.05665356,4,1,false,false,2.7795112,2.7150877,10.37325,-0.45545483,3
47.27343,0.24248281,49.332063443679154,8.57131730675894,0,1,6870.558,0.05374926,4,1,false,false,2.4874682,2.5043316,10.009524,-0.45422596,3
47.311977,0.2426574,49.33206038660265,8.571327074357207,0,1,6883.8403,0.050117478,4,1,false,false,2.5124235,2.2617157,10.048774,-0.4531421,3
47.34858,0.24283212,49.33205723952335,8.571336841745557,0,1,6908.956,0.046728186,4,1,false,false,2.5043461,2.2136245,9.557426,-0.4521349,3
47.386124,0.24300699,49.332054182446846,8.571346609343825,0,1,6924.356,0.044791047,4,1,false,false,2.5662382,2.3407345,9.405027,-0.45117256,3
47.42565,0.24318199,49.332051125370334,8.571356376942092,0,1,6929.149,0.044791047,4,1,false,false,2.5531242,2.4722383,10.009296,-0.4502041,3
47.466614,0.24335718,49.332047978291044,8.571366281825378,0,1,6933.4893,0.04648569,4,1,false,false,2.5229874,2.4695494,9.493914,-0.44922468,3
47.507,0.24353254,49.33204492121453,8.571376049423646,0,1,6939.0903,0.046970677,4,1,false,false,2.4741223,2.46766,9.554456,-0.44824958,3
47.547558,0.24370803,49.33204186413803,8.571385817021913,0,1,6945.6665,0.04866438,4,1,false,false,2.5253713,2.506498,9.500513,-0.4472839,3
47.588577,0.24388371,49.33203871705873,8.5713957219052,0,1,6948.297,0.05011747,4,1,false,false,2.5914605,2.4693668,9.90974,-0.4463326,3
47.62909,0.24405955,49.332035659982225,8.571405489503466,0,1,6949.87,0.052053668,4,1,false,false,2.7029402,2.4689388,10.031975,-0.44539317,3
47.66909,0.24423552,49.33203260290572,8.57141539459667,0,1,6956.9526,0.052538663,4,1,false,false,2.5546913,2.4395163,8.889694,-0.44444245,3
47.708412,0.24441166,49.332029545829215,8.571425299689873,0,1,6964.6514,0.052780215,4,1,false,false,2.5973468,2.404677,10.246329,-0.44348782,3
47.74832,0.244588,49.33202648875271,8.571435204783075,0,1,6970.474,0.05350676,4,1,false,false,2.537174,2.4142122,9.661734,-0.44250435,3
47.78795,0.24476446,49.3320234316762,8.571445109876278,0,1,6973.469,0.053264268,4,1,false,false,2.7050724,2.383541,10.37747,-0.44152355,3
47.82691,0.24494109,49.332020374325296,8.57145501496948,0,1,6981.211,0.05229617,4,1,false,false,2.6943216,2.4643,10.139368,-0.44050643,3
47.866158,0.24511787,49.33201731724879,8.571464920062683,0,1,6989.8564,0.05108651,4,1,false,false,2.6275303,2.3161101,9.532253,-0.43946746,3
47.905666,0.24529484,49.332014260172286,8.57147482494597,0,1,6993.502,0.05011747,4,1,false,false,2.581327,2.4591053,9.879955,-0.4384259,3
47.946198,0.24547194,49.33201120309578,8.571484730039174,0,1,6995.8022,0.048906878,4,1,false,false,2.75452,2.4656658,9.658479,-0.43741247,3
47.98591,0.24564922,49.33200814601927,8.571494772837228,0,1,6995.623,0.048664384,4,1,false,false,2.6293108,2.3961864,9.993713,-0.43643394,3
48.017937,0.24582665,49.332005088942765,8.571504677930431,0,1,6849.03,0.04793784,0,1,false,false,2.5243049,0.6724384,9.629906,-0.4354788,3
48.005196,0.24600415,49.332002121731854,8.57151472051857,0,1,6714.456,0.046001643,0,1,false,false,2.5892146,-1.1661966,9.588928,-0.43458667,3
48.032722,0.2461816,49.33199906465535,8.571524763106709,0,1,5832.937,0.045275096,5,1,false,false,2.6276612,4.779022,11.180025,-0.43373194,3
48.109447,0.24635933,49.33199600744164,8.571534668199911,0,1,5616.101,0.043580454,5,1,false,false,2.6422217,2.942047,9.763399,-0.43280023,3
48.116764,0.24653728,49.33199304023073,8.57154471078805,0,1,6009.0156,0.042128302,5,1,false,false,2.255811,-0.03759368,9.495534,-0.43183503,3
48.14618,0.24671525,49.33198998315422,8.571554753586105,0,1,5902.7334,0.040432718,5,1,false,false,2.5139256,3.161537,10.247185,-0.43095884,3
48.20347,0.2468934,49.331987015943305,8.571564796174243,0,1,5767.3496,0.037769977,5,1,false,false,2.4111898,3.1441367,9.909208,-0.4301073,3
48.23911,0.24707174,49.3319839588668,8.571574838762382,0,1,5870.615,0.0338957,5,1,false,false,2.2339842,1.6138233,9.0951185,-0.42928815,3
48.268654,0.24725026,49.33198099165589,8.571584881350521,0,1,5903.428,0.031717006,5,1,false,false,2.1468651,2.122941,9.979649,-0.42852983,3
48.308674,0.2474289,49.33197802444497,8.571594924148576,0,1,5858.014,0.031959496,5,1,false,false,2.2468712,2.5456905,10.116903,-0.42781278,3
48.347897,0.2476077,49.33197496736847,8.57160510423165,0,1,5874.4077,0.031959496,5,1,false,false,2.032755,2.231181,9.937245,-0.42711458,3
48.382927,0.24778664,49.33197200015755,8.571615147029705,0,1,5899.819,0.031717002,5,1,false,false,2.0741491,2.1745658,8.943985,-0.42645356,3
48.421852,0.24796577,49.33196903294664,8.57162532711278,0,1,5892.1045,0.03268604,5,1,false,false,2.0286465,2.4721913,10.120796,-0.42581254,3
48.461807,0.24814503,49.33196597587013,8.571635369910835,0,1,5885.1313,0.034622237,5,1,false,false,2.0650744,2.3551538,9.390788,-0.42519245,3
48.499043,0.24832445,49.331963008659216,8.57164554999391,0,1,5894.736,0.037043426,5,1,false,false,2.061913,2.1902,9.685374,-0.42458785,3
48.534412,0.24850406,49.331960041448305,8.571655730286901,0,1,5906.5605,0.03922212,5,1,false,false,1.9893906,2.1993093,10.233361,-0.42396876,3
48.571373,0.24868381,49.33195707423739,8.571665910369974,0,1,5913.32,0.039222125,5,1,false,false,2.0198596,2.2320619,10.034136,-0.42331758,3
48.609196,0.24886368,49.331954107163675,8.57167595316803,0,1,5916.461,0.03946462,5,1,false,false,1.9936875,2.310913,9.7190695,-0.42262045,3
48.647896,0.24904373,49.33195113995276,8.571686133251104,0,1,5919.5054,0.03849558,5,1,false,false,1.9617462,2.383645,9.751245,-0.42189485,3
48.686646,0.24922399,49.331948172741846,8.571696313544095,0,1,5917.41,0.037769977,5,1,false,false,1.9387017,2.338866,9.461171,-0.42118338,3
48.72444,0.24940436,49.33194520553093,8.571706631332022,0,1,5917.94,0.036801875,5,1,false,false,1.9273566,2.2648952,9.935329,-0.4204991,3
48.760677,0.24958488,49.33194223832002,8.571716811625013,0,1,5926.3423,0.03655938,5,1,false,false,1.9036168,2.1588728,10.285778,-0.419828,3
48.796417,0.24976557,49.3319392711091,8.571726991708088,0,1,5936.077,0.035106294,5,1,false,false,1.8616704,2.160087,9.952927,-0.419158,3
48.83283,0.24994643,49.33193630389819,8.571737309496013,0,1,5944.115,0.03437975,5,1,false,false,1.7755994,2.2453642,9.384363,-0.4184765,3
48.87034,0.2501274,49.33193333668727,8.571747489789004,0,1,5947.7617,0.035348788,5,1,false,false,1.7894144,2.3079221,9.546278,-0.41780427,3
48.90847,0.25030854,49.33193036961356,8.571757807576931,0,1,5946.7603,0.035832833,5,1,false,false,1.8209027,2.3135586,9.930578,-0.41715428,3
48.94561,0.25048983,49.33192740240264,8.571767987869922,0,1,5949.1714,0.03655938,5,1,false,false,1.8549435,2.2111368,8.941912,-0.41652918,3
48.981632,0.25067133,49.33192443519173,8.57177830565785,0,1,5958.863,0.03704343,5,1,false,false,1.8350455,2.180294,9.971536,-0.41589838,3
49.017975,0.2508529,49.33192146798081,8.571788623445775,0,1,5966.782,0.03801153,5,1,false,false,1.7345921,2.2306519,10.002949,-0.41523916,3
49.05502,0.25103465,49.33191859063549,8.571798941233702,0,1,5968.9253,0.03849558,5,1,false,false,1.7901933,2.2260807,9.603509,-0.41456708,3
49.09196,0.2512166,49.33191562356178,8.571809121316777,0,1,5974.0894,0.03897963,5,1,false,false,1.8138186,2.2841365,10.063669,-0.41387856,3
49.12963,0.25139865,49.33191265635086,8.571819439104702,0,1,5979.283,0.03946462,5,1,false,false,1.9142572,2.2954693,10.38374,-0.41317683,3
49.1672,0.25158086,49.33190968913995,8.571829894597482,0,1,5976.6606,0.03994867,5,1,false,false,1.8634871,2.2823386,9.865891,-0.41246587,3
49.204678,0.2517632,49.331906811794624,8.571840212385409,0,1,5979.5835,0.03994867,5,1,false,false,1.9839231,2.2658744,10.283618,-0.41175574,3
49.241764,0.25194564,49.33190384458371,8.571850530173336,0,1,5983.8633,0.040191162,5,1,false,false,2.0388858,2.2700481,10.754375,-0.41103426,3
49.27844,0.2521282,49.331900877372796,8.571860847961261,0,1,5983.2837,0.039706174,5,1,false,false,1.9027324,2.2150426,9.923958,-0.41029257,3
49.314266,0.25231093,49.33189800016467,8.571871303244125,0,1,5989.1562,0.039222125,5,1,false,false,1.825896,2.158049,10.025582,-0.4095491,3
49.350414,0.25249368,49.33189503295376,8.57188162103205,0,1,5998.684,0.03849558,5,1,false,false,1.9417889,2.2015247,10.355218,-0.4088041,3
49.386684,0.25267655,49.331892155745635,8.571892076314914,0,1,5998.099,0.038011532,5,1,false,false,1.9325614,2.2095952,10.061974,-0.40806618,3
49.42252,0.25285956,49.33188918853472,8.571902531807693,0,1,6001.457,0.037527483,5,1,false,false,1.7483276,2.1734014,9.754465,-0.4073215,3
49.457752,0.25304267,49.33188631118939,8.571912849595618,0,1,6012.0483,0.03704343,5,1,false,false,1.8764223,2.1480026,9.706847,-0.40659517,3
49.493404,0.25322592,49.33188334397848,8.571923304878482,0,1,6015.3994,0.03801153,5,1,false,false,1.7294236,2.1764097,9.524474,-0.40587345,3
49.52945,0.2534093,49.33188046677036,8.571933760161343,0,1,6018.222,0.040917706,5,1,false,false,1.9375594,2.188005,10.563154,-0.40516707,3
49.564655,0.2535928,49.331877589425034,8.571944215654122,0,1,6025.332,0.044064496,5,1,false,false,1.9684327,2.1334486,9.989383,-0.40445277,3
49.59967,0.25377637,49.33187462221412,8.571954670936986,0,1,6033.171,0.046970677,5,1,false,false,2.1056728,2.144901,9.670496,-0.40372726,3
49.635735,0.25396007,49.331871745006,8.571965126219848,0,1,6037.5435,0.050601516,5,1,false,false,2.1258895,2.2764971,9.9025135,-0.4029572,3
49.672585,0.25414392,49.331868867660674,8.571975581712627,0,1,6036.916,0.05471735,5,1,false,false,2.205172,2.233664,9.535309,-0.40214992,3
49.7088,0.2543279,49.33186590044976,8.57198617470034,0,1,6037.0444,0.05810664,5,1,false,false,2.2160692,2.1657343,9.634358,-0.4013141,3
49.744034,0.25451198,49.33186302324164,8.571996629983204,0,1,6045.506,0.06077032,5,1,false,false,2.2402172,2.1357582,9.518286,-0.4004378,3
49.77876,0.2546962,49.331860145896314,8.572007085266065,0,1,6051.9585,0.06149593,5,1,false,false,2.371524,2.1235118,9.659356,-0.39952287,3
49.813496,0.2548805,49.33185726868819,8.572017678253781,0,1,6056.7993,0.06125438,5,1,false,false,2.3076377,2.135784,9.5645895,-0.39853543,3
49.84861,0.25506493,49.331854391342866,8.572028271241495,0,1,6065.3887,0.059802227,5,1,false,false,2.3920689,2.1420517,9.188959,-0.39748588,3
49.884018,0.25524947,49.33185151413475,8.572038726524358,0,1,6069.3325,0.058833186,5,1,false,false,2.3604572,2.1865807,10.105953,-0.39637235,3
49.920204,0.25543413,49.331848636789424,8.572049319512072,0,1,6070.649,0.05665356,5,1,false,false,2.3536363,2.208433,9.893129,-0.39523813,3
49.95616,0.25561893,49.3318457595813,8.57205991228987,0,1,6073.223,0.05374926,5,1,false,false,2.5121431,2.1704783,9.248835,-0.3941136,3
49.991817,0.25580382,49.331842882235975,8.572070505277585,0,1,6077.46,0.053022712,5,1,false,false,2.4116745,2.2139628,9.414002,-0.39301038,3
50.027893,0.25598884,49.33184000502785,8.572081098265299,0,1,6077.9614,0.05253866,5,1,false,false,2.4910223,2.181645,9.488561,-0.39196602,3
50.062927,0.256174,49.331837127682526,8.572091691253014,0,1,6079.69,0.052780215,5,1,false,false,2.6252797,2.0993657,9.5265665,-0.39098454,3
50.09617,0.25635922,49.331834340339995,8.572102284030812,0,1,6090.5635,0.05350676,5,1,false,false,2.805943,2.002278,10.36833,-0.3900045,3
50.129913,0.2565446,49.33183146313188,8.572112877018526,0,1,6102.69,0.055202343,5,1,false,false,2.7294285,2.0840902,9.995448,-0.38895506,3
50.165142,0.25673008,49.33182858578655,8.572123607501178,0,1,6105.146,0.054233305,5,1,false,false,2.7723637,2.186449,9.254467,-0.38786438,3
50.201927,0.25691566,49.33182579844402,8.572134200488891,0,1,6103.6475,0.053749256,5,1,false,false,2.7050288,2.278218,9.312133,-0.38675886,3
50.23903,0.2571014,49.3318229210987,8.572144930971541,0,1,6100.281,0.05278022,5,1,false,false,2.8144536,2.2161632,10.200084,-0.38568807,3
50.273987,0.25728723,49.33182013375617,8.572155523959257,0,1,6099.602,0.05278022,5,1,false,false,2.8057847,2.0829408,9.930476,-0.3846629,3
50.307175,0.25747317,49.33181725654804,8.572166254441907,0,1,6111.6094,0.05181212,5,1,false,false,2.7838671,1.9922256,9.493931,-0.38365358,3
50.340668,0.25765926,49.33181446920551,8.572176984924557,0,1,6123.367,0.051328067,5,1,false,false,2.7680929,2.0889266,9.444123,-0.38264224,3
50.375492,0.25784543,49.331811681725775,8.572187715407209,0,1,6123.195,0.05157056,5,1,false,false,2.7709155,2.1429546,9.543485,-0.3816378,3
50.41051,0.25803173,49.33180880451766,8.572198445889859,0,1,6123.979,0.05205367,5,1,false,false,2.8601875,2.1070416,10.394525,-0.38064703,3
50.444603,0.25821814,49.331806017175126,8.572209176372509,0,1,6131.998,0.051570565,5,1,false,false,3.0650234,2.062701,10.461842,-0.3796337,3
50.478798,0.25840464,49.33180322983259,8.572219906855159,0,1,6138.2456,0.05108651,5,1,false,false,2.8861024,2.115789,9.247128,-0.37856612,3
50.513985,0.2585913,49.33180044235286,8.57223063733781,0,1,6139.4854,0.05011747,5,1,false,false,2.5501537,2.1814027,8.683067,-0.37749738,3
50.549847,0.25877807,49.33179765501033,8.57224136782046,0,1,6138.4634,0.049874976,5,1,false,false,2.8233325,2.1582305,10.129732,-0.3765108,3
50.58435,0.25896493,49.331794867667796,8.572252236007962,0,1,6137.897,0.04987498,5,1,false,false,2.8459456,2.0359886,10.038468,-0.3755759,3
50.61597,0.25915194,49.331792080325265,8.572262966490612,0,1,6149.267,0.04890688,5,1,false,false,2.7458847,1.8761504,9.482411,-0.37463793,3
50.647655,0.259339,49.331789292982734,8.572273834468199,0,1,6169.53,0.04842283,5,1,false,false,2.719867,1.9973652,9.782144,-0.37363622,3
50.68342,0.25952622,49.3317865056402,8.57228456495085,0,1,6169.5215,0.047211297,5,1,false,false,2.801516,2.1866407,10.592028,-0.3725979,3
50.719635,0.25971353,49.33178380816326,8.572295433138352,0,1,6157.844,0.046001643,5,1,false,false,2.8245342,2.2011907,10.375862,-0.37155902,3
50.754974,0.259901,49.33178102082073,8.572306301115939,0,1,6164.3164,0.04382201,5,1,false,false,2.8235173,2.102426,9.307379,-0.3705347,3
50.789364,0.26008856,49.331778233341,8.57231716930344,0,1,6168.53,0.043580454,5,1,false,false,2.5390224,2.1181762,9.222457,-0.36957705,3
50.824104,0.26027626,49.33177553600125,8.572328037281027,0,1,6164.9146,0.042369857,5,1,false,false,2.7782094,2.0839734,9.990002,-0.36874104,3
50.857166,0.26046407,49.33177274865872,8.572338905468529,0,1,6168.8164,0.0440645,5,1,false,false,3.0007722,1.9142389,10.9055,-0.3679496,3
50.88763,0.26065198,49.331770051181785,8.572349773446115,0,1,6184.5815,0.046244133,5,1,false,false,2.7009964,1.8603872,10.286807,-0.36711267,3
50.91911,0.26084,49.331767263839254,8.572360641423701,0,1,6200.2427,0.046244133,5,1,false,false,2.7563715,2.010785,10.821165,-0.3662029,3
50.955162,0.2610281,49.33176456636231,8.572371509611205,0,1,6199.0024,0.04600164,5,1,false,false,2.8677158,2.2787185,10.1417465,-0.365244,3
50.992332,0.26121634,49.33176186888537,8.572382515293643,0,1,6182.9883,0.046244133,5,1,false,false,2.609678,2.2221391,9.482647,-0.36429733,3
51.027126,0.26140475,49.33175917140843,8.57239338327123,0,1,6183.292,0.04769628,5,1,false,false,2.3668349,2.0605977,9.338237,-0.3634412,3
51.058758,0.26159325,49.3317563840659,8.572404388953668,0,1,6194.193,0.048906878,5,1,false,false,2.4981987,1.8470054,9.475704,-0.36269212,3
51.08979,0.26178184,49.33175368658896,8.572415256931254,0,1,6204.92,0.051086508,5,1,false,false,2.6358886,1.8679943,9.562513,-0.36196646,3
51.119823,0.26197055,49.33175098911202,8.572426262613693,0,1,6217.009,0.05326426,5,1,false,false,2.463608,1.8122878,9.214418,-0.3611829,3
51.15108,0.26215938,49.33174829177228,8.572437268296131,0,1,6233.8506,0.054717354,5,1,false,false,2.544424,1.9618965,9.712808,-0.3602994,3
51.185135,0.26234826,49.331745594295334,8.57244827397857,0,1,6237.651,0.055686392,5,1,false,false,2.5309465,2.1392114,9.267353,-0.3593167,3
51.220963,0.26253733,49.3317428968184,8.572459279661008,0,1,6229.3154,0.055202343,5,1,false,false,2.5090392,2.1641302,9.125124,-0.35827962,3
51.25642,0.2627265,49.33174019934145,8.572470285133528,0,1,6229.205,0.053749256,5,1,false,false,2.6325297,2.1330762,10.053103,-0.3572349,3
51.290596,0.2629158,49.33173759186731,8.572481290815967,0,1,6231.894,0.051086515,5,1,false,false,2.6975117,2.0422404,9.896222,-0.35618466,3
51.323727,0.2631052,49.331734894390365,8.572492296498405,0,1,6233.003,0.04842283,5,1,false,false,2.6357605,1.9933552,10.02586,-0.35513893,3
51.356754,0.26329473,49.33173219691343,8.572503302180843,0,1,6240.7827,0.042853914,5,1,false,false,2.6244729,2.0230756,9.611909,-0.35409802,3
51.39023,0.26348436,49.331729499436484,8.572514307863282,0,1,6244.709,0.038979635,5,1,false,false,2.4751673,2.039034,8.977841,-0.3530904,3
51.423744,0.26367414,49.33172689196233,8.572525451040656,0,1,6243.4526,0.03534879,5,1,false,false,2.340921,2.0392985,9.313977,-0.35216638,3
51.456863,0.263864,49.331724194485396,8.572536456513179,0,1,6249.0796,0.033653203,5,1,false,false,2.5999207,1.9676712,10.7768755,-0.35133788,3
51.488533,0.264054,49.331721587011245,8.572547599900469,0,1,6255.696,0.032201055,5,1,false,false,2.6135237,1.910876,10.723424,-0.35053664,3
51.52029,0.26424414,49.33171888953431,8.572558743077844,0,1,6265.6694,0.030506413,5,1,false,false,2.6283128,1.9662926,9.913393,-0.349714,3
51.554638,0.26443437,49.33171628192296,8.572569748760282,0,1,6270.8926,0.029537372,5,1,false,false,2.390414,2.1992028,9.535749,-0.34886923,3
51.590824,0.26462469,49.33171367444881,8.572580891937656,0,1,6257.7017,0.029779866,5,1,false,false,2.2267709,2.1922033,9.805418,-0.34810928,3
51.625713,0.26481518,49.33171097697187,8.57259203511503,0,1,6250.15,0.030990459,5,1,false,false,2.2812483,2.0396585,10.980663,-0.3474838,3
51.657177,0.26500577,49.33170836949772,8.572603178292404,0,1,6260.925,0.030990459,5,1,false,false,2.4742308,1.8404772,10.514154,-0.34694788,3
51.68688,0.26519647,49.33170576188637,8.572614321469779,0,1,6275.1064,0.031717002,5,1,false,false,2.153021,1.8298377,8.958825,-0.34640348,3
51.71855,0.26538727,49.33170315441222,8.572625464647153,0,1,6283.34,0.03220105,5,1,false,false,2.0880857,2.005706,9.818344,-0.34584105,3
51.752056,0.26557818,49.331700546800874,8.572636607929486,0,1,6281.059,0.032686044,5,1,false,false,1.9035238,2.0370092,9.237592,-0.34528038,3
51.784454,0.2657692,49.33169793932672,8.572647751106858,0,1,6281.113,0.031717002,5,1,false,false,1.9253284,1.8932601,9.888104,-0.3447464,3
51.81551,0.2659603,49.33169533185257,8.572659031884127,0,1,6295.253,0.031959496,5,1,false,false,2.0091105,1.907083,10.560572,-0.34418562,3
51.846878,0.26615158,49.33169272424122,8.57267017516646,0,1,6302.997,0.032443546,5,1,false,false,1.8656436,1.9117391,9.858139,-0.34358662,3
51.879467,0.26634294,49.33169011676708,8.572681455943727,0,1,6303.8096,0.031717002,5,1,false,false,1.8268017,2.048712,9.7952385,-0.34296104,3
51.914074,0.26653442,49.33168750915573,8.572692599121101,0,1,6305.0938,0.031717002,5,1,false,false,1.9744332,2.1182714,10.957632,-0.34233138,3
51.947834,0.266726,49.33168490168158,8.57270387989837,0,1,6298.0767,0.031717002,5,1,false,false,2.022691,2.0401924,10.880788,-0.341695,3
51.980488,0.2669177,49.33168229407023,8.572715023075745,0,1,6300.968,0.032443546,5,1,false,false,2.006658,1.9471815,10.482406,-0.34105808,3
52.012165,0.2671095,49.331679686596075,8.57272630395797,0,1,6308.1284,0.031959496,5,1,false,false,1.9146001,1.9559639,11.039922,-0.34042,3
52.044575,0.26730144,49.33167707898473,8.572737584735238,0,1,6307.752,0.031232953,5,1,false,false,1.7964871,1.9865968,9.091542,-0.33980832,3
52.076492,0.2674935,49.33167456137617,8.572748865512507,0,1,6306.4517,0.030747965,5,1,false,false,1.799363,1.925652,9.935385,-0.33924228,3
52.107155,0.26768562,49.331671953902024,8.572760146289774,0,1,6316.0464,0.032201055,5,1,false,false,1.5311213,1.8469925,9.16171,-0.33869863,3
52.135677,0.26787785,49.33166934642787,8.572771427067043,0,1,6326.435,0.0329276,5,1,false,false,1.5313978,1.6249746,9.057094,-0.33818623,3
52.163822,0.2680702,49.33166682868212,8.572782707844311,0,1,6344.8135,0.035832833,5,1,false,false,1.682106,1.8128983,10.188035,-0.3376554,3
52.19343,0.26826265,49.331664221207966,8.572793988621578,0,1,6357.0874,0.038738072,5,1,false,false,1.8638586,1.8160172,9.626156,-0.33705592,3
52.225273,0.26845518,49.33166170359941,8.572805269398847,0,1,6358.8955,0.04309546,5,1,false,false,1.8623948,2.0180502,9.2451725,-0.33636618,3
52.260574,0.26864785,49.33165909598806,8.572816550176116,0,1,6357.662,0.04648569,5,1,false,false,1.8294878,2.219602,9.444449,-0.33561328,3
52.295334,0.26884064,49.3316565783795,8.572827968553277,0,1,6345.2725,0.04866438,5,1,false,false,2.0304735,2.0836053,9.44168,-0.33484155,3
52.32834,0.26903352,49.33165397090535,8.572839249330546,0,1,6344.0312,0.051086508,5,1,false,false,2.3378544,1.9091,11.108245,-0.33405432,3
52.358425,0.26922655,49.33165145329679,8.572850667602749,0,1,6354.0815,0.051812112,5,1,false,false,2.272684,1.8034774,10.703914,-0.33318275,3
52.387997,0.26941964,49.33164884568544,8.572861948380018,0,1,6364.633,0.04987498,5,1,false,false,2.482468,1.8332562,10.166762,-0.33223712,3
52.419945,0.26961288,49.331646328076886,8.572873366757179,0,1,6368.937,0.048422832,5,1,false,false,2.260186,2.0572124,10.836872,-0.33121094,3
52.45351,0.2698062,49.33164381046833,8.572884647534448,0,1,6360.521,0.045032606,5,1,false,false,2.3772917,2.0216453,10.193464,-0.3301928,3
52.485504,0.26999965,49.33164129285977,8.57289606591161,0,1,6356.249,0.04285391,5,1,false,false,2.4296935,1.9158978,10.720364,-0.32921955,3
52.51586,0.27019322,49.33163868538562,8.572907484288772,0,1,6367.3965,0.04043272,5,1,false,false,2.4433718,1.8109549,10.653144,-0.32827467,3
52.545383,0.27038687,49.33163616777706,8.572918902560977,0,1,6372.262,0.039706174,5,1,false,false,2.2593567,1.8086213,9.843515,-0.32736155,3
52.575424,0.27058065,49.331633650168506,8.572930320938138,0,1,6376.742,0.038253088,5,1,false,false,2.3067966,1.8594632,9.991379,-0.3264906,3
52.605705,0.2707745,49.33163113255995,8.5729417393153,0,1,6383.4214,0.037285928,5,1,false,false,2.4197004,1.8320789,10.476701,-0.32564995,3
52.635426,0.2709685,49.33162861481419,8.572953157692462,0,1,6387.4175,0.036316887,5,1,false,false,2.276765,1.834447,9.907085,-0.32480568,3
52.665257,0.27116257,49.331626097205636,8.572964576069625,0,1,6395.3823,0.035590343,5,1,false,false,2.4095998,1.8381528,9.944315,-0.32395685,3
52.695908,0.27135676,49.33162366959987,8.572976131941722,0,1,6400.571,0.035832837,5,1,false,false,2.242775,1.9136341,10.375697,-0.32310265,3
52.7271,0.27155107,49.331621151991314,8.572987550318885,0,1,6398.947,0.035348788,5,1,false,false,2.4152021,1.9061046,9.755756,-0.32227135,3
52.758152,0.27174547,49.33161863424555,8.572998968591088,0,1,6400.414,0.036075328,5,1,false,false,2.3460238,1.8862333,9.851274,-0.3214715,3
52.78849,0.27194,49.331616116636994,8.573010524568144,0,1,6404.9976,0.035590343,5,1,false,false,2.283472,1.8569801,9.36297,-0.32070598,3
52.818462,0.2721346,49.33161368903123,8.573021942945307,0,1,6407.673,0.03801153,5,1,false,false,2.3661785,1.7866764,10.142688,-0.31997883,3
52.84794,0.2723293,49.33161117142267,8.573033498817404,0,1,6413.2544,0.040191162,5,1,false,false,2.1376503,1.810191,9.793897,-0.3192606,3
52.87684,0.27252415,49.3316087436797,8.573045054794461,0,1,6421.7964,0.0421283,5,1,false,false,2.3426108,1.745261,9.692775,-0.31855547,3
52.90622,0.27271906,49.331606226071145,8.573056610666558,0,1,6430.316,0.04479104,5,1,false,false,2.3843353,1.8534814,9.287603,-0.31780925,3
52.936703,0.27291408,49.33160379832818,8.573068029043721,0,1,6431.7563,0.04769628,5,1,false,false,2.2866704,1.855602,8.832288,-0.31702325,3
52.967625,0.27310926,49.331601280719624,8.573079584915819,0,1,6430.8447,0.051328063,5,1,false,false,2.274733,1.8925803,8.983496,-0.31623727,3
52.99792,0.2733045,49.331598852976654,8.573091140892874,0,1,6435.019,0.0542333,5,1,false,false,2.4807703,1.7938442,10.212876,-0.3154512,3
53.02652,0.27349985,49.33159642537089,8.573102696764973,0,1,6441.546,0.057380095,5,1,false,false,2.8489637,1.7340832,10.057412,-0.31460258,3
53.055325,0.2736953,49.331593907625134,8.573114252742029,0,1,6452.215,0.060044717,5,1,false,false,2.4451551,1.7900065,8.420206,-0.3136332,3
53.085964,0.27389088,49.33159148001936,8.57312594621402,0,1,6456.3047,0.059802223,5,1,false,false,2.463368,1.9623249,8.4082155,-0.31262025,3
53.118694,0.27408653,49.3315890522764,8.573137502191077,0,1,6448.6064,0.060044717,5,1,false,false,2.8009076,1.9547013,10.674244,-0.31161246,3
53.148663,0.27428234,49.331586624533436,8.573149058063175,0,1,6444.609,0.059802223,5,1,false,false,2.9375262,1.7262828,10.8861,-0.31056792,3
53.17604,0.2744782,49.331584196927665,8.573160613935272,0,1,6463.679,0.059802223,5,1,false,false,2.4523845,1.6786959,8.4677925,-0.30943105,3
53.2057,0.2746742,49.3315817691847,8.573172307512221,0,1,6476.5776,0.057138544,5,1,false,false,2.60216,1.935106,9.45059,-0.30825996,3
53.23876,0.2748703,49.33157934144173,8.57318386338432,0,1,6458.8813,0.055202346,5,1,false,false,3.1164076,2.030275,10.564359,-0.30712646,3
53.269848,0.27506652,49.33157700370156,8.573195556856312,0,1,6449.356,0.05278022,5,1,false,false,3.1964545,1.7162869,10.369276,-0.30600685,3
53.29779,0.27526283,49.33157457595859,8.573207250433262,0,1,6469.12,0.052538663,5,1,false,false,2.9818072,1.6510321,9.638974,-0.304867,3
53.325794,0.27545926,49.33157214821563,8.573218943905253,0,1,6477.1353,0.05108651,5,1,false,false,2.7329853,1.7925901,9.807418,-0.30375418,3
53.356342,0.2756558,49.33156981047545,8.573230499777353,0,1,6471.781,0.047696285,5,1,false,false,3.1204164,1.873463,10.515516,-0.30271798,3
53.386044,0.27585244,49.33156738273249,8.573242193249344,0,1,6471.575,0.046728186,5,1,false,false,3.08923,1.7687762,10.065307,-0.30170956,3
53.414135,0.2760492,49.33156504499231,8.573253886826294,0,1,6482.5034,0.046244133,5,1,false,false,2.6813161,1.7193097,9.3521385,-0.30070898,3
53.44266,0.27624604,49.33156261724935,8.573265580298285,0,1,6488.546,0.04551759,5,1,false,false,2.8619294,1.7821723,10.314299,-0.29976127,3
53.472527,0.276443,49.33156027950917,8.573277273770278,0,1,6487.151,0.045759145,5,1,false,false,2.9603117,1.8333002,9.450324,-0.2988472,3
53.500927,0.27664006,49.33155794163179,8.573289104842164,0,1,6489.518,0.04551759,5,1,false,false,2.775434,1.6937186,9.182222,-0.29796156,3
53.529266,0.27683723,49.331555603891616,8.573300798314156,0,1,6501.6655,0.046728183,5,1,false,false,2.8174434,1.7962911,10.050818,-0.29708058,3
53.558064,0.2770345,49.331553266151445,8.573312491786147,0,1,6503.536,0.04648569,5,1,false,false,2.800608,1.7243224,9.115432,-0.29620868,3
53.586357,0.27723187,49.331550838408475,8.573324322858033,0,1,6504.845,0.046728183,5,1,false,false,2.616368,1.7468843,9.979959,-0.2953208,3
53.61542,0.27742934,49.33154859053389,8.573336016330025,0,1,6516.4565,0.045759145,5,1,false,false,2.7582467,1.7833338,10.091607,-0.2944061,3
53.644627,0.27762696,49.331546252793714,8.57334784740191,0,1,6515.2104,0.044791047,5,1,false,false,2.8673317,1.8225621,10.26548,-0.29348207,3
53.674862,0.27782473,49.331543914916345,8.573359540978862,0,1,6513.6934,0.04285391,5,1,false,false,2.9222324,1.8613695,10.810889,-0.2925429,3
53.704704,0.2780226,49.33154157717617,8.57337137194579,0,1,6515.384,0.04091771,5,1,false,false,2.8579168,1.8236396,10.614363,-0.2916029,3
53.73386,0.2782206,49.33153923943599,8.573383203017675,0,1,6515.6367,0.038738076,5,1,false,false,2.7688441,1.8067904,10.61481,-0.29068536,3
53.76316,0.27841872,49.33153699156141,8.573395034089561,0,1,6516.3696,0.03680188,5,1,false,false,2.7019258,1.7848732,10.272303,-0.2898119,3
53.79183,0.2786169,49.33153465368403,8.573406865161447,0,1,6516.792,0.034622245,5,1,false,false,2.602626,1.7479663,9.931125,-0.28901532,3
53.81978,0.27881524,49.33153240580945,8.573418696233333,0,1,6520.0654,0.0329276,5,1,false,false,2.5997539,1.7063578,10.343277,-0.2882947,3
53.847107,0.27901366,49.33153006806928,8.573430527305218,0,1,6527.2676,0.0319595,5,1,false,false,2.4895513,1.6624494,10.0646515,-0.28761843,3
53.873882,0.2792122,49.331527820194694,8.573442358377104,0,1,6534.3706,0.031717002,5,1,false,false,2.2951705,1.6395987,9.188765,-0.2869601,3
53.90114,0.2794108,49.331525482454516,8.57345418944899,0,1,6542.289,0.03147451,5,1,false,false,2.322857,1.7134793,9.706741,-0.28632784,3
53.929443,0.27960956,49.33152323457993,8.573466020520875,0,1,6545.7954,0.031232953,5,1,false,false,2.2370737,1.7287585,9.601258,-0.28570238,3
53.95748,0.2798084,49.33152098670535,8.573477851592761,0,1,6546.185,0.031717002,5,1,false,false,2.309715,1.7074183,9.556903,-0.2850832,3
53.98584,0.28000733,49.331518738830766,8.573489820159583,0,1,6552.6753,0.03147451,5,1,false,false,2.1848483,1.7275342,10.623356,-0.28444767,3
54.014046,0.28020635,49.33151649095618,8.573501651231469,0,1,6555.934,0.031232953,5,1,false,false,2.163473,1.75887,9.969071,-0.28378987,3
54.04299,0.28040552,49.33151415307881,8.573513619903249,0,1,6556.072,0.030747965,5,1,false,false,1.9017615,1.8055148,8.535236,-0.2831275,3
54.072598,0.28060478,49.33151190520422,8.573525450975135,0,1,6556.0913,0.029053325,5,1,false,false,2.0129561,1.7597187,9.443498,-0.28253642,3
54.09988,0.2808041,49.33150965732964,8.573537419594436,0,1,6555.4814,0.029053321,5,1,false,false,2.49031,1.6657369,12.950951,-0.28197473,3
54.125156,0.2810036,49.33150740945506,8.573549250666321,0,1,6562.3555,0.030506408,5,1,false,false,2.1009805,1.4468942,10.524295,-0.28137255,3
54.149136,0.28120312,49.331505251583266,8.573561219285622,0,1,6580.013,0.028810829,5,1,false,false,1.7314807,1.6892016,8.518503,-0.28070185,3
54.180378,0.28140277,49.331503003708676,8.573573187904923,0,1,6581.4766,0.030747965,5,1,false,false,1.963922,1.9899993,8.262252,-0.2800555,3
54.21043,0.28160253,49.33150075583409,8.573585156576703,0,1,6550.239,0.036075328,5,1,false,false,1.5053447,1.757856,7.9242826,-0.27953303,3
54.236202,0.28180242,49.33149850795951,8.573597125196004,0,1,6559.548,0.038979627,5,1,false,false,1.7375795,1.3249576,7.4008317,-0.2791793,3
54.254898,0.2820024,49.331496260084926,8.573609093815305,0,1,6593.9463,0.05035997,5,1,false,false,1.9424675,1.0698725,8.870997,-0.27883232,3
54.273926,0.2822024,49.331494102075936,8.573621062434606,0,1,6623.118,0.051086508,5,1,false,false,1.838157,1.2289555,8.291446,-0.27832556,3
54.297237,0.2824025,49.33149185420135,8.573633031106384,0,1,6641.306,0.05689604,5,1,false,false,1.98701,1.5138236,8.9247,-0.2776271,3
54.329185,0.28260267,49.33148969619236,8.573644999725685,0,1,6641.83,0.057865087,5,1,false,false,2.4968,2.2170799,11.693955,-0.2767285,3
54.36579,0.28280303,49.33148744831777,8.573656968344986,0,1,6608.262,0.058349136,5,1,false,false,2.6384323,2.1836402,12.208939,-0.27565062,3
54.399403,0.28300348,49.33148520044319,8.573668937016766,0,1,6586.942,0.054475803,5,1,false,false,2.5940676,1.9531273,10.472771,-0.27447253,3
54.429554,0.28320408,49.3314830425714,8.573681043183482,0,1,6592.391,0.049874984,5,1,false,false,2.470464,1.8460166,10.035116,-0.27331543,3
54.45658,0.28340474,49.33148088456241,8.573693011802783,0,1,6582.6875,0.043822017,5,1,false,false,2.5149078,1.616677,10.081497,-0.27230623,3
54.4812,0.28360555,49.33147863668783,8.573705118021978,0,1,6577.137,0.03970618,5,1,false,false,2.26768,1.4377856,10.712812,-0.27145427,3
54.503025,0.2838064,49.33147647867883,8.573717086641278,0,1,6604.1353,0.03583284,5,1,false,false,2.7396636,1.2878115,13.047909,-0.27067605,3
54.524624,0.28400737,49.33147432080704,8.573729192860473,0,1,6624.0703,0.032686047,5,1,false,false,2.4563606,1.3741494,10.191799,-0.2698291,3
54.55003,0.28420842,49.33147216279805,8.573741161479774,0,1,6627.892,0.029537372,5,1,false,false,2.2813616,1.7208247,9.297037,-0.26890633,3
54.580425,0.28440958,49.331470004789054,8.573753267698969,0,1,6620.866,0.028327718,5,1,false,false,2.1957526,1.9963975,8.803547,-0.2680039,3
54.612095,0.28461084,49.33146784691726,8.573765373918164,0,1,6598.7363,0.027601171,5,1,false,false,2.3131886,1.78753,8.492275,-0.26727492,3
54.638664,0.2848122,49.33146568890827,8.573777480137357,0,1,6595.3604,0.029537369,5,1,false,false,2.134696,1.5364232,10.179351,-0.2667516,3
54.660152,0.28501368,49.331463531036476,8.573789448756658,0,1,6622.6265,0.029053323,5,1,false,false,2.0307164,1.2178016,10.299362,-0.26630548,3
54.68134,0.28521523,49.33146137302749,8.573801554975853,0,1,6645.8975,0.03268604,5,1,false,false,2.1603858,1.332358,11.043048,-0.26582536,3
54.710163,0.28541687,49.33145921501849,8.57381366114257,0,1,6651.456,0.031717002,5,1,false,false,1.9708486,1.9715874,10.607809,-0.26523125,3
54.742,0.28561863,49.331457147012294,8.573825767361765,0,1,6630.2036,0.029779866,5,1,false,false,2.300865,2.063102,9.833914,-0.26461923,3
54.77495,0.28582048,49.3314549890033,8.573838011128373,0,1,6611.996,0.030021422,5,1,false,false,1.5812674,1.9213268,9.553174,-0.2640584,3
54.80276,0.2860225,49.33145283113151,8.573850117347568,0,1,6606.5938,0.028327718,5,1,false,false,1.6976126,1.5647837,10.320489,-0.26371196,3
54.826366,0.2862246,49.331450762988105,8.573862223566763,0,1,6618.882,0.027601171,5,1,false,false,1.7481469,1.3409554,11.405179,-0.26352042,3
54.847355,0.28642675,49.331448605116314,8.573874329733478,0,1,6640.901,0.026874628,5,1,false,false,1.2963396,1.3787433,9.978601,-0.26333654,3
54.87133,0.28662902,49.33144653697291,8.573886573500088,0,1,6657.694,0.026390579,5,1,false,false,1.273014,1.589295,8.919878,-0.26310912,3
54.900013,0.28683135,49.33144437910112,8.573898679719283,0,1,6653.6226,0.028570207,5,1,false,false,1.1956621,1.868591,8.947453,-0.26287594,3
54.92906,0.28703383,49.33144231109492,8.573910923485892,0,1,6640.2637,0.029295813,5,1,false,false,1.2054819,1.6395568,10.2786045,-0.2626696,3
54.95463,0.2872364,49.33144015308593,8.573923029705087,0,1,6648.925,0.032927595,5,1,false,false,1.4443233,1.540708,9.7055025,-0.26247057,3
54.979095,0.28743905,49.331438085079725,8.573935273471697,0,1,6665.17,0.03510629,5,1,false,false,1.1602011,1.4963032,8.867297,-0.26222792,3
55.0063,0.28764182,49.331435927070736,8.573947379690892,0,1,6666.046,0.03801153,5,1,false,false,1.2770789,1.748786,9.533786,-0.26194757,3
55.03451,0.2878447,49.33143385906453,8.573959623457501,0,1,6657.328,0.040917706,5,1,false,false,1.218539,1.6793737,9.609244,-0.2616505,3
55.06035,0.28804764,49.33143170105554,8.57397186725035,0,1,6662.462,0.044548545,5,1,false,false,1.0821707,1.5436558,10.391151,-0.26131824,3
55.085617,0.28825068,49.33142963304934,8.573983973443305,0,1,6676.3936,0.045759145,5,1,false,false,1.3839945,1.55851,9.811645,-0.26093596,3
55.11155,0.28845382,49.331427565043136,8.573996217209915,0,1,6678.8413,0.049390923,5,1,false,false,1.4182311,1.6769894,9.80382,-0.26046446,3
55.140064,0.28865707,49.331425407034146,8.574008461002764,0,1,6676.63,0.05060152,5,1,false,false,1.4660099,1.7794415,10.521927,-0.25992787,3
55.167583,0.28886044,49.33142333902794,8.574020704769374,0,1,6671.9385,0.053990807,5,1,false,false,1.6673514,1.6838057,9.921302,-0.25933874,3
55.19415,0.28906387,49.33142127088455,8.574032948535983,0,1,6675.193,0.05495985,5,1,false,false,1.8000537,1.6115712,10.1271925,-0.25870275,3
55.220173,0.28926742,49.331419202878344,8.574045192302593,0,1,6680.0454,0.05713854,5,1,false,false,1.636278,1.6289507,9.956912,-0.25799447,3
55.246174,0.28947106,49.33141713487214,8.574057436095442,0,1,6680.442,0.057138544,5,1,false,false,1.763937,1.578738,9.666092,-0.2572473,3
55.271957,0.2896748,49.33141506672874,8.574069679862053,0,1,6683.0493,0.058833186,5,1,false,false,1.7818747,1.6005831,10.569423,-0.25645745,3
55.297565,0.28987864,49.33141299872254,8.574082061202317,0,1,6688.142,0.059075683,5,1,false,false,2.0362678,1.552938,10.216331,-0.25563437,3
55.322803,0.29008254,49.331410840850744,8.574094304995166,0,1,6691.1357,0.061495926,5,1,false,false,2.1283736,1.5805147,10.500784,-0.25476655,3
55.349056,0.29028657,49.331408862710134,8.574106548761774,0,1,6694.4736,0.0631915,5,1,false,false,1.9485003,1.6249293,9.041126,-0.25387406,3
55.374897,0.2904907,49.33140679456674,8.574118930102038,0,1,6693.9717,0.06512865,5,1,false,false,2.1668892,1.5897808,8.563063,-0.25302207,3
55.400604,0.29069486,49.331404726560535,8.574131173868649,0,1,6696.7617,0.07190722,5,1,false,false,2.2216005,1.596925,8.968457,-0.252192,3
55.423676,0.29089916,49.33140265855433,8.574143417661498,0,1,6701.916,0.07723365,5,1,false,false,2.4093544,1.3124664,9.526337,-0.25133577,3
55.445496,0.29110354,49.331400590548135,8.574155799001762,0,1,6721.065,0.081349954,5,1,false,false,2.7218943,1.3554485,10.216352,-0.25035927,3
55.468925,0.291308,49.33139852240473,8.574168180342026,0,1,6736.8975,0.082076475,5,1,false,false,3.106357,1.5206605,10.1036825,-0.24916427,3
55.496708,0.29151255,49.33139654426412,8.574180424121755,0,1,6732.9395,0.08377161,5,1,false,false,2.8896737,1.9286907,9.468246,-0.24776268,3
55.52802,0.29171717,49.33139447625792,8.574192805462019,0,1,6714.187,0.08086544,5,1,false,false,3.0349417,1.8980253,9.818589,-0.24633096,3
55.55687,0.29192197,49.33139249811731,8.574205186815403,0,1,6700.8257,0.07965486,5,1,false,false,3.1114745,1.6796628,10.089247,-0.24501167,3
55.58122,0.2921268,49.331390430111114,8.574217568155667,0,1,6705.1475,0.07650709,5,1,false,false,3.3907478,1.382137,10.173138,-0.24381876,3
55.60301,0.29233173,49.331388451970504,8.574229949495932,0,1,6721.0483,0.07674959,5,1,false,false,3.453397,1.3752965,10.363404,-0.24266,3
55.625633,0.2925367,49.331386473829895,8.574242330849316,0,1,6731.158,0.07311781,5,1,false,false,3.3907013,1.4207983,10.217113,-0.24146369,3
55.649773,0.2927418,49.331384495689285,8.57425471218958,0,1,6736.2954,0.072876245,5,1,false,false,3.355506,1.5961915,9.919988,-0.24021754,3
55.67549,0.29294693,49.331382517548676,8.574267093529844,0,1,6737.5835,0.07093913,5,1,false,false,3.4905262,1.6103588,10.619547,-0.23895341,3
55.701157,0.29315218,49.331380539408066,8.574279474883227,0,1,6736.086,0.07263376,5,1,false,false,3.6078253,1.6216105,10.4456625,-0.23769028,3
55.726784,0.29335752,49.33137856126746,8.574291856230051,0,1,6736.197,0.07311782,5,1,false,false,3.4081833,1.6022571,9.361331,-0.23645158,3
55.751846,0.29356292,49.33137658312685,8.574304237570315,0,1,6737.5635,0.07505496,5,1,false,false,3.6572375,1.5762452,9.387989,-0.2352938,3
55.776722,0.29376844,49.33137460498624,8.574316756490793,0,1,6737.8,0.07844518,5,1,false,false,3.6140804,1.5165204,9.016044,-0.2342215,3
55.7995,0.29397398,49.33137271684841,8.574329137831057,0,1,6740.27,0.080865435,5,1,false,false,4.1082034,1.3019862,11.326544,-0.2331995,3
55.82118,0.29417965,49.331370738707804,8.574341656748256,0,1,6757.634,0.08377161,5,1,false,false,4.1172895,1.3973827,10.215079,-0.23203805,3
55.843258,0.29438537,49.33136885043279,8.57435403809508,0,1,6769.037,0.082560554,5,1,false,false,3.6682167,1.4616196,9.044773,-0.23070328,3
55.871017,0.2945912,49.33136687242938,8.574366557008998,0,1,6768.059,0.081591964,5,1,false,false,3.6051695,1.8831704,9.427099,-0.22929253,3
55.89893,0.2947971,49.33136498415436,8.574379075926197,0,1,6747.098,0.07844521,5,1,false,false,3.9010365,1.6605341,9.658015,-0.22798884,3
55.923218,0.29500312,49.33136309587934,8.574391457270766,0,1,6748.6826,0.07965486,5,1,false,false,3.874384,1.4684473,10.6976795,-0.22675513,3
55.945244,0.29520917,49.33136120774152,8.574403976186119,0,1,6766.276,0.07723366,5,1,false,false,4.1287785,1.3835894,9.721584,-0.22552395,3
55.967964,0.29541537,49.33135931946651,8.574416495102497,0,1,6772.225,0.07699208,5,1,false,false,3.6091845,1.5189545,8.820817,-0.22426498,3
55.99382,0.2956216,49.331357431328684,8.574429014018056,0,1,6767.9053,0.075780556,5,1,false,false,3.3800967,1.6240888,8.648395,-0.2230632,3
56.01858,0.29582793,49.33135554305367,8.574441532935255,0,1,6763.047,0.07578057,5,1,false,false,3.8277836,1.4034764,9.160248,-0.22202009,3
56.03897,0.29603434,49.33135374478144,8.574454051849173,0,1,6775.9517,0.077718645,5,1,false,false,4.5640764,1.2453794,12.194449,-0.22095832,3
56.05958,0.2962408,49.33135185650642,8.574466570763091,0,1,6795.6216,0.07989687,5,1,false,false,3.9734836,1.2986565,10.272484,-0.21965268,3
56.083015,0.29644737,49.33135005823419,8.57447908968357,0,1,6803.0894,0.07602304,5,1,false,false,3.8774986,1.7340539,9.840113,-0.21819931,3
56.114307,0.29665402,49.331348170096376,8.574491746164583,0,1,6786.1606,0.075054966,5,1,false,false,4.1207857,1.9592327,9.893322,-0.21677348,3
56.14191,0.29686078,49.33134637168695,8.574504265078502,0,1,6755.0503,0.07408686,5,1,false,false,4.008581,1.5915883,9.401886,-0.21559547,3
56.164318,0.29706764,49.331344573414725,8.57451678399242,0,1,6770.2026,0.07505496,5,1,false,false,4.0738516,1.2783837,9.301373,-0.2146271,3
56.183086,0.29727456,49.331342775142495,8.574529440479994,0,1,6792.231,0.076992095,5,1,false,false,3.5706966,1.1883736,9.530165,-0.21371616,3
56.203094,0.29748154,49.33134097687027,8.574541959407032,0,1,6800.203,0.07626557,5,1,false,false,3.8990612,1.3398657,10.473299,-0.21276622,3
56.225285,0.2976886,49.33133917859804,8.574554615881484,0,1,6810.3213,0.07699208,5,1,false,false,3.892408,1.416148,9.80051,-0.21164086,3
56.249268,0.29789573,49.331337380188614,8.574567134808524,0,1,6815.5654,0.076023065,5,1,false,false,3.690297,1.5913887,9.485796,-0.21038562,3
56.276543,0.29810297,49.33133558191639,8.574579791282975,0,1,6806.727,0.07747615,5,1,false,false,3.6376586,1.7194266,9.61702,-0.20912148,3
56.302776,0.2983103,49.331333873509756,8.574592447770549,0,1,6792.2563,0.07892924,5,1,false,false,3.722266,1.535769,9.132739,-0.2079851,3
56.32551,0.29851773,49.331332075237526,8.574605104258122,0,1,6798.4565,0.08280257,5,1,false,false,3.7759469,1.3824689,9.207002,-0.20696194,3
56.34643,0.29872522,49.33133036683089,8.574617760758814,0,1,6812.2905,0.086192355,5,1,false,false,3.7978446,1.2846951,9.639388,-0.20595407,3
56.367233,0.2989328,49.33132865856145,8.574630417246388,0,1,6819.055,0.089339145,5,1,false,false,3.9065428,1.3248618,9.06188,-0.20488746,3
56.389065,0.29914042,49.33132695015482,8.57464307370772,0,1,6829.983,0.0922453,5,1,false,false,3.9414737,1.3794425,9.895682,-0.20367949,3
56.412388,0.29934818,49.33132524174818,8.574655730195294,0,1,6834.667,0.09248733,5,1,false,false,3.8467832,1.4866419,9.497411,-0.20234114,3
56.4362,0.299556,49.331323533341546,8.574668386682866,0,1,6834.605,0.09272935,5,1,false,false,4.2799554,1.5791398,10.072588,-0.20091014,3
56.461697,0.2997639,49.33132182493491,8.57468104317044,0,1,6832.5093,0.09345498,5,1,false,false,4.262004,1.5841988,10.421872,-0.19938266,3
56.4856,0.29997188,49.331320116528275,8.574693699658013,0,1,6827.347,0.09248731,5,1,false,false,4.352848,1.4786698,10.45454,-0.19783372,3
56.50888,0.30017993,49.33131840812164,8.574706356145585,0,1,6831.973,0.09103424,5,1,false,false,4.7625656,1.449272,11.976721,-0.19625987,3
56.531876,0.30038813,49.331316789717796,8.574719150206812,0,1,6830.58,0.09176077,5,1,false,false,4.7993245,1.4816239,10.700915,-0.19464959,3
56.554184,0.30059636,49.33131508131116,8.574731806694386,0,1,6828.7744,0.08982365,5,1,false,false,4.5782614,1.4181519,10.400014,-0.19307037,3
56.575737,0.30080467,49.33131346290732,8.574744600755613,0,1,6833.247,0.0903077,5,1,false,false,5.325704,1.3955057,12.853383,-0.19153869,3
56.59668,0.30101308,49.331311844366276,8.574757257243187,0,1,6833.612,0.0920033,5,1,false,false,5.3300614,1.3316479,12.048164,-0.18997917,3
56.616455,0.30122155,49.331310225962426,8.574770051304414,0,1,6839.952,0.09079222,5,1,false,false,5.225658,1.27543,11.587871,-0.18837355,3
56.637066,0.3014301,49.331308607421384,8.574782707791986,0,1,6848.261,0.09079222,5,1,false,false,5.072232,1.3539418,10.736235,-0.1867231,3
56.658146,0.30163875,49.33130698901754,8.574795501826975,0,1,6841.939,0.09200328,5,1,false,false,4.9058857,1.4103861,9.858392,-0.18515612,3
56.678177,0.30184746,49.331305460479285,8.574808295888202,0,1,6842.055,0.09466604,5,1,false,false,4.566199,1.2278818,9.125359,-0.18370885,3
56.69541,0.30205622,49.331303841938244,8.57482108994943,0,1,6857.0244,0.09853936,5,1,false,false,4.4694157,1.098786,8.995828,-0.18235607,3
56.71254,0.30226508,49.33130231339999,8.574833884010657,0,1,6870.9316,0.10386627,5,1,false,false,4.580528,1.0930344,9.19865,-0.18098763,3
56.729534,0.302474,49.33130078486174,8.574846678071884,0,1,6886.444,0.10919268,5,1,false,false,4.31697,1.1108613,7.791364,-0.17946993,3
56.747612,0.30268294,49.33129925632348,8.574859472133111,0,1,6902.7476,0.11379303,5,1,false,false,4.2055554,1.2429024,7.430214,-0.17777298,3
56.76909,0.302892,49.331297727785234,8.574872266194339,0,1,6905.2153,0.11839294,5,1,false,false,4.4864683,1.430257,8.237409,-0.17597058,3
56.790913,0.3031011,49.33129619924698,8.574885060255566,0,1,6901.6343,0.1181509,5,1,false,false,4.5785704,1.4035155,6.9894724,-0.1740592,3
56.81298,0.3033103,49.33129467057152,8.574897854316793,0,1,6911.1665,0.11936196,5,1,false,false,4.9078627,1.3673127,7.810254,-0.1720164,3
56.834606,0.3035196,49.33129323203607,8.574910648325542,0,1,6909.7026,0.11790887,5,1,false,false,4.569702,1.4198614,7.6080117,-0.1699058,3
56.856533,0.30372897,49.33129170349781,8.574923579986663,0,1,6908.7026,0.109435186,5,1,false,false,5.1059084,1.3720914,8.503376,-0.16779023,3
56.877636,0.30393842,49.33129026482515,8.57493637404789,0,1,6916.6543,0.1019296,5,1,false,false,5.4939637,1.3166819,9.12912,-0.1655907,3
56.898945,0.30414796,49.33128882615249,8.574949168109118,0,1,6918.8086,0.09103423,5,1,false,false,5.3978047,1.4208127,9.551387,-0.16329814,3
56.921444,0.3043576,49.331287387479826,8.574962099717759,0,1,6918.7334,0.07699212,5,1,false,false,5.3743405,1.4334124,8.245956,-0.16097647,3
56.944736,0.30456728,49.33128594894436,8.574974893778986,0,1,6912.153,0.064886175,5,1,false,false,5.832114,1.5407369,10.90041,-0.15877734,3
56.96829,0.30477706,49.3312845102717,8.574987825387629,0,1,6907.3345,0.05544389,5,1,false,false,5.938296,1.4188031,10.056535,-0.15670913,3
56.98796,0.30498692,49.33128307159904,8.57500075704875,0,1,6910.0264,0.043095455,5,1,false,false,5.6941657,1.2700313,9.334536,-0.1548074,3
57.010063,0.30519688,49.33128172292917,8.575013551057499,0,1,6917.232,0.036316894,5,1,false,false,5.770151,1.4316326,11.394352,-0.15310213,3
57.032204,0.30540693,49.3312803741221,8.57502648271862,0,1,6906.635,0.026390573,5,1,false,false,6.20109,1.4235202,11.028766,-0.15165734,3
57.053123,0.30561706,49.33127893544944,8.575039414327263,0,1,6904.5674,0.032201055,5,1,false,false,5.5726237,1.3079027,9.8748,-0.15036677,3
57.073513,0.30582726,49.33127767664516,8.575052345988384,0,1,6912.6055,0.031232957,5,1,false,false,5.716084,1.3380793,11.471699,-0.14926721,3
57.09415,0.30603755,49.33127632797529,8.575065277597027,0,1,6909.364,0.03631688,5,1,false,false,5.4465494,1.3183992,10.829012,-0.14833061,3
57.113953,0.30624792,49.33127497930542,8.575078209205667,0,1,6905.581,0.038738072,5,1,false,false,5.207577,1.283942,11.038466,-0.14753315,3
57.13341,0.30645835,49.331273720501144,8.575091140866789,0,1,6915.732,0.043580446,5,1,false,false,5.084005,1.2435858,11.117733,-0.14678681,3
57.152626,0.30666885,49.33127237169407,8.575104072475431,0,1,6918.292,0.049148448,5,1,false,false,4.9806385,1.2446617,10.431356,-0.1460565,3
57.17262,0.30687946,49.331271112889794,8.575117141683968,0,1,6917.072,0.05568639,5,1,false,false,4.499315,1.3058337,10.026771,-0.14531082,3
57.19241,0.3070901,49.33126985408551,8.57513007329261,0,1,6919.681,0.064159624,5,1,false,false,4.6764507,1.2421852,10.625329,-0.14458717,3
57.211613,0.30730084,49.33126859528124,8.575143004901252,0,1,6923.6655,0.07336031,5,1,false,false,4.6989727,1.2228546,9.870764,-0.14379135,3
57.230133,0.30751166,49.331267336476955,8.575155936562373,0,1,6928.5625,0.07650713,5,1,false,false,4.193263,1.1562791,9.200516,-0.14286914,3
57.249355,0.30772254,49.33126607767268,8.57516900577091,0,1,6935.462,0.08231852,5,1,false,false,4.195072,1.2587364,9.46892,-0.14186879,3
57.26943,0.3079335,49.33126490873399,8.575181937379552,0,1,6936.9214,0.08570781,5,1,false,false,4.125567,1.2260828,9.125359,-0.14079292,3
57.28876,0.30814454,49.33126364992971,8.575195006588089,0,1,6939.228,0.09297186,5,1,false,false,4.0505147,1.2041423,9.316139,-0.13960859,3
57.307446,0.30835566,49.33126248112822,8.57520793819673,0,1,6950.6455,0.09684518,5,1,false,false,4.1862397,1.170926,10.084788,-0.13831702,3
57.326015,0.30856687,49.331261222323946,8.575221007405267,0,1,6958.831,0.097571716,5,1,false,false,4.756435,1.2438972,10.759577,-0.1368715,3
57.3471,0.3087781,49.33126005338526,8.575234076613803,0,1,6960.783,0.098781854,5,1,false,false,4.6955853,1.3730189,9.972821,-0.13517165,3
57.369186,0.30898947,49.33125888444657,8.575247008222446,0,1,6954.1416,0.09708768,5,1,false,false,4.5144315,1.4303558,9.335209,-0.13332516,3
57.391483,0.3092009,49.33125771564508,8.57526007743098,0,1,6948.137,0.094666004,5,1,false,false,4.665892,1.3728248,9.423996,-0.13149334,3
57.411827,0.30941242,49.33125654670639,8.575273146639518,0,1,6944.677,0.09127674,5,1,false,false,4.9285107,1.243124,10.197247,-0.12974231,3
57.429874,0.30962402,49.3312554677705,8.575286215848054,0,1,6951.852,0.088613525,5,1,false,false,4.8871183,1.0963002,9.791892,-0.12799974,3
57.447445,0.30983567,49.33125429883181,8.575299285004112,0,1,6966.5596,0.08619234,5,1,false,false,4.7926946,1.1693795,9.954776,-0.12621386,3
57.466713,0.31004742,49.33125321989591,8.575312354265126,0,1,6972.136,0.08256054,5,1,false,false,5.030391,1.29237,10.099333,-0.124389976,3
57.487442,0.31025922,49.33125214082282,8.575325423421184,0,1,6967.426,0.07989685,5,1,false,false,5.0336356,1.3476288,9.787112,-0.12256975,3
57.50818,0.31047112,49.331251061886924,8.575338492577242,0,1,6965.3604,0.077718645,5,1,false,false,5.266917,1.3166666,10.239627,-0.12078718,3
57.528027,0.31068304,49.33124998295103,8.575351561838255,0,1,6968.1553,0.07602304,5,1,false,false,5.21645,1.2645036,10.1914,-0.11904977,3
57.547516,0.310895,49.33124890387793,8.575364630994313,0,1,6968.446,0.0733603,5,1,false,false,5.2316074,1.2712817,10.449975,-0.11736405,3
57.567287,0.31110704,49.33124782494203,8.575377700255329,0,1,6970.7744,0.07118067,5,1,false,false,5.3192406,1.26894,9.814335,-0.11572392,3
57.586433,0.3113191,49.33124683587173,8.575390769411385,0,1,6971.4976,0.06972854,5,1,false,false,5.0939207,1.2408355,10.21159,-0.114147,3
57.605843,0.31153122,49.33124575693583,8.575403976167337,0,1,6972.7803,0.06706484,5,1,false,false,5.3257294,1.2647839,11.214274,-0.11264991,3
57.62445,0.31174344,49.33124476786553,8.575417045323395,0,1,6976.569,0.064644605,5,1,false,false,5.54884,1.1937587,10.663101,-0.11118713,3
57.643444,0.31195572,49.33124377879522,8.575430252184303,0,1,6979.811,0.06198091,5,1,false,false,5.063454,1.2539871,9.737779,-0.10970202,3
57.662796,0.31216806,49.33124278972492,8.57544332134036,0,1,6979.4697,0.059559733,5,1,false,false,4.7284985,1.3149514,9.168918,-0.108296014,3
57.652378,0.3123804,49.33124180065461,8.575456390496418,0,1,7100.022,0.057138547,0,1,false,false,4.349343,-1.4209474,8.6804695,-0.10711567,3
57.644,0.31259272,49.33124081158431,8.575469597252368,0,1,6436.2695,0.057622593,6,1,false,false,4.39297,2.4180534,9.73277,-0.10625938,3
57.702354,0.31280512,49.331239912379594,8.575482804113278,0,1,5863.57,0.057865087,6,1,false,false,4.523721,2.2451472,9.422006,-0.10543874,3
57.69623,0.31301764,49.33123901331208,8.575495873269334,0,1,6337.4653,0.05859163,6,1,false,false,4.043655,-1.0534395,10.60128,-0.10445791,3
57.704636,0.3132301,49.33123802424178,8.575509080025286,0,1,6173.3726,0.05641294,6,1,false,false,4.4185157,1.9361547,11.507681,-0.10336434,3
57.74416,0.31344268,49.33123712503706,8.575522149181344,0,1,6087.6465,0.04914844,6,1,false,false,4.3755183,2.0884893,10.012811,-0.10206264,3
57.761738,0.31365538,49.33123622583235,8.575535356042252,0,1,6204.228,0.042853914,6,1,false,false,3.9018505,0.9245637,9.087175,-0.10076689,3
57.784657,0.31386814,49.33123532676483,8.575548562798204,0,1,6132.3164,0.037043437,6,1,false,false,3.4333122,1.7790021,8.810708,-0.09979815,3
57.808952,0.31408095,49.33123442756012,8.575561769554154,0,1,6113.996,0.035832837,6,1,false,false,3.36608,1.1661571,8.854709,-0.09921252,3
57.821465,0.3142939,49.33123352849261,8.575574976310106,0,1,6167.565,0.041159257,6,1,false,false,3.0947194,0.69277155,10.041194,-0.09881465,3
57.834614,0.31450683,49.33123271915349,8.575588045466164,0,1,6175.552,0.04575914,6,1,false,false,3.4570928,0.99533033,9.7948065,-0.098376416,3
57.853653,0.31471986,49.331231820085975,8.575601252222114,0,1,6191.0786,0.05084401,6,1,false,false,3.4773962,1.3530461,9.415289,-0.097714305,3
57.879696,0.31493297,49.33123101088405,8.575614459083024,0,1,6182.7183,0.05641293,6,1,false,false,3.424673,1.5528512,10.019554,-0.09689375,3
57.905907,0.31514615,49.33123011167934,8.575627665838974,0,1,6154.0063,0.063918054,6,1,false,false,3.6984804,1.5633514,9.9763565,-0.09604986,3
57.92757,0.3153594,49.33122930247742,8.575640872594926,0,1,6157.597,0.06851795,6,1,false,false,3.5269213,1.2647734,10.413611,-0.09521648,3
57.946953,0.3155728,49.331228493275496,8.57565421695077,0,1,6163.5522,0.07142317,6,1,false,false,3.423797,1.2374334,9.750068,-0.09439593,3
57.96646,0.31578624,49.33122768393637,8.575667423706722,0,1,6161.046,0.074329354,6,1,false,false,3.4170532,1.2217097,9.646724,-0.09358627,3
57.98589,0.31599972,49.33122687473445,8.575680630462672,0,1,6167.971,0.075296514,6,1,false,false,3.2568972,1.1890484,9.860893,-0.09273236,3
58.00455,0.3162133,49.331226065532526,8.575693837218624,0,1,6173.5527,0.07553899,6,1,false,false,3.3383868,1.1669428,9.772459,-0.09183573,3
58.02386,0.31642696,49.331225256330605,8.575707181574469,0,1,6179.268,0.075780585,6,1,false,false,3.1053174,1.2189288,8.698396,-0.09084421,3
58.04452,0.31664068,49.331224446991484,8.57572038833042,0,1,6181.997,0.07505494,6,1,false,false,3.0202787,1.3671823,8.428676,-0.08982952,3
58.06605,0.31685448,49.33122372765515,8.575733595086371,0,1,6178.152,0.076992095,6,1,false,false,3.1494348,1.3266811,9.267903,-0.08884894,3
58.08549,0.31706837,49.33122291845323,8.575746939442217,0,1,6181.0093,0.07917175,6,1,false,false,3.3501742,1.101589,9.689436,-0.087874874,3
58.103176,0.31728232,49.3312221991169,8.575760146198167,0,1,6196.9224,0.082318544,6,1,false,false,3.4229646,1.1377504,9.939409,-0.086794764,3
58.123318,0.3174963,49.33122138991498,8.575773490554013,0,1,6204.2246,0.08304505,6,1,false,false,3.6291146,1.3392856,9.7792425,-0.08556697,3
58.14661,0.31771043,49.331220670578645,8.575786697309963,0,1,6195.426,0.0837716,6,1,false,false,3.7787988,1.5139713,11.004523,-0.084213644,3
58.16989,0.31792462,49.33121995124232,8.57580004166581,0,1,6186.5435,0.08401364,6,1,false,false,4.080678,1.4104434,10.889569,-0.08280578,3
58.19093,0.31813887,49.33121923190598,8.57581324842176,0,1,6183.594,0.08110747,6,1,false,false,4.0902452,1.238143,10.829067,-0.08140164,3
58.21082,0.3183532,49.331218512706855,8.575826592777606,0,1,6186.1724,0.07747615,6,1,false,false,4.244554,1.2579864,11.601881,-0.08003691,3
58.230343,0.31856766,49.33121779337052,8.57583993713345,0,1,6184.9224,0.07408687,6,1,false,false,4.059047,1.2121719,10.405769,-0.078712985,3
58.248802,0.31878215,49.33121707403419,8.575853281384337,0,1,6187.9087,0.06948696,6,1,false,false,3.835075,1.1810176,9.775049,-0.077486426,3
58.267246,0.31899673,49.33121644456345,8.575866488245246,0,1,6195.216,0.06488618,6,1,false,false,3.5695806,1.1666386,9.550205,-0.076364204,3
58.285233,0.31921136,49.331215725227125,8.575879832496133,0,1,6197.1436,0.062222462,6,1,false,false,3.5783107,1.0938116,9.989057,-0.07535634,3
58.302753,0.31942606,49.33121509589358,8.575893176851979,0,1,6209.1836,0.061012823,6,1,false,false,3.2865338,1.1006974,8.866851,-0.07435389,3
58.320652,0.31964085,49.33121437655725,8.575906521207823,0,1,6220.8984,0.06004472,6,1,false,false,3.2154222,1.1563829,8.696774,-0.07334018,3
58.341743,0.3198557,49.331213747086515,8.57591986556367,0,1,6221.012,0.061495926,6,1,false,false,3.403812,1.3968697,10.025482,-0.07230714,3
58.363235,0.32007062,49.331213117752974,8.575933209919514,0,1,6215.4414,0.063918054,6,1,false,false,3.7698746,1.2975147,10.154744,-0.07126541,3
58.383904,0.32028565,49.33121248828223,8.575946554275358,0,1,6219.4854,0.06779139,6,1,false,false,3.534465,1.348324,9.891654,-0.07016327,3
58.40566,0.32050073,49.33121185894869,8.575959898526246,0,1,6218.0093,0.06972853,6,1,false,false,3.6247287,1.3785679,9.638787,-0.06906636,3
58.42728,0.3207159,49.33121122947796,8.57597324288209,0,1,6208.8755,0.07432937,6,1,false,false,3.738285,1.3622928,9.464655,-0.06803313,3
58.447067,0.32093117,49.33121069001,8.575986587237937,0,1,6209.629,0.0784452,6,1,false,false,3.437941,1.1338923,8.546692,-0.06709946,3
58.463596,0.3211465,49.33121006067647,8.575999931593781,0,1,6221.337,0.08256055,6,1,false,false,3.8111992,1.0406648,9.706537,-0.066218175,3
58.480743,0.3213619,49.33120952120852,8.576013413444562,0,1,6232.7036,0.08691843,6,1,false,false,3.9323463,1.1014513,9.691976,-0.065207444,3
58.49839,0.32157734,49.33120889173778,8.576026757800408,0,1,6238.5947,0.08812947,6,1,false,false,3.7873356,1.2025467,9.792529,-0.06399865,3
58.51937,0.32179287,49.33120835226983,8.576040102156252,0,1,6243.3633,0.08788744,6,1,false,false,4.056431,1.3738334,9.587454,-0.06260757,3
58.541157,0.3220085,49.331207812801885,8.57605358411199,0,1,6231.805,0.08643436,6,1,false,false,3.9207125,1.36857,10.282903,-0.061130535,3
58.562504,0.3222242,49.33120727333394,8.576066928467837,0,1,6229.8594,0.082802564,6,1,false,false,4.0759397,1.3145621,9.931881,-0.059646413,3
58.582256,0.32243997,49.331206733728784,8.576080410318617,0,1,6231.272,0.08062342,6,1,false,false,4.2134347,1.2237085,10.071773,-0.058207348,3
58.60154,0.32265583,49.33120619426084,8.576093754674462,0,1,6230.1753,0.07892924,6,1,false,false,4.3850055,1.197029,10.895276,-0.056817435,3
58.61984,0.32287177,49.33120565479289,8.576107236630202,0,1,6234.05,0.07892924,6,1,false,false,4.3600526,1.1621771,10.665449,-0.055446398,3
58.63823,0.32308775,49.331205205190535,8.576120580881089,0,1,6237.5557,0.07892924,6,1,false,false,4.536477,1.1913704,11.41748,-0.054075386,3
58.65697,0.32330382,49.33120466572259,8.576134062836827,0,1,6239.0225,0.07844519,6,1,false,false,4.7712274,1.2244203,11.640468,-0.052679412,3
58.67557,0.32351997,49.33120421612023,8.576147407192673,0,1,6237.7485,0.07892924,6,1,false,false,4.8069158,1.2002777,11.320875,-0.051253982,3
58.694218,0.3237362,49.33120376665507,8.576160889148412,0,1,6238.452,0.07844519,6,1,false,false,4.5720944,1.2134573,11.729577,-0.04982598,3
58.71242,0.32395247,49.33120331705272,8.576174370999192,0,1,6238.772,0.07747615,6,1,false,false,4.641414,1.169427,10.322166,-0.04844821,3
58.72968,0.32416886,49.33120286745036,8.576187715355038,0,1,6239.558,0.07844519,6,1,false,false,4.3034554,1.1287513,10.059948,-0.047157254,3
58.746944,0.3243853,49.331202417848004,8.576201197205819,0,1,6244.1323,0.07868676,6,1,false,false,4.2613473,1.0635953,9.9909,-0.045971546,3
58.762352,0.32460177,49.33120205824844,8.5762146790566,0,1,6250.572,0.083529115,6,1,false,false,4.144451,0.98120296,8.996841,-0.04483161,3
58.77831,0.32481834,49.33120160864608,8.576228161117296,0,1,6264.891,0.08861352,6,1,false,false,3.8997197,1.0842547,8.800907,-0.043640625,3
58.795338,0.32503495,49.331201248909316,8.576241642968078,0,1,6270.2886,0.09369747,6,1,false,false,4.137995,1.0994583,8.716453,-0.04238591,3
58.813583,0.3252516,49.331200799444154,8.576255124818859,0,1,6273.4683,0.10023449,6,1,false,false,4.473263,1.226742,9.786838,-0.04100274,3
58.833286,0.32546836,49.331200439707395,8.576268606879555,0,1,6275.875,0.10701448,6,1,false,false,4.3994565,1.2387655,8.2773075,-0.039472897,3
58.852543,0.32568517,49.33120008010783,8.576282088730336,0,1,6274.074,0.11016127,6,1,false,false,4.4743395,1.2386315,8.694255,-0.037851393,3
58.872826,0.32590207,49.33119972037106,8.576295570581118,0,1,6274.9346,0.11379305,6,1,false,false,4.845071,1.2979016,9.484186,-0.036175765,3
58.891426,0.326119,49.3311993607715,8.576309052431899,0,1,6271.231,0.115730174,6,1,false,false,4.979368,1.1813263,8.834154,-0.03445193,3
58.90919,0.326336,49.331199091037526,8.576322534492595,0,1,6279.122,0.11548815,6,1,false,false,5.030615,1.1238607,9.698712,-0.032648128,3
58.92692,0.32655308,49.33119873130076,8.576336016343376,0,1,6284.3066,0.11476162,6,1,false,false,5.3694906,1.181209,9.786289,-0.030748809,3
58.94545,0.32677016,49.331198461566785,8.576349498194158,0,1,6282.5103,0.110645756,6,1,false,false,5.9118357,1.1235,10.053229,-0.028757934,3
58.96422,0.32698733,49.33119819183281,8.576362980044939,0,1,6285.4106,0.106771946,6,1,false,false,5.9145927,1.2678533,11.006708,-0.026653504,3
58.983868,0.32720459,49.33119792209884,8.576376599600572,0,1,6282.87,0.09975044,6,1,false,false,5.965591,1.4190942,10.225386,-0.024508277,3
59.00257,0.32742187,49.331197652364864,8.576390081451352,0,1,6272.076,0.095392555,6,1,false,false,6.003046,1.1150913,10.315909,-0.022470813,3
59.018143,0.32763925,49.33119738263089,8.57640356351205,0,1,6273.2466,0.09030768,6,1,false,false,5.6632543,1.0251915,10.518971,-0.020651769,3
59.03258,0.32785666,49.331197112896916,8.576417045362831,0,1,6284.31,0.08498128,6,1,false,false,5.8983927,0.9372384,10.367753,-0.019015914,3
59.04711,0.32807413,49.33119693302853,8.576430664918464,0,1,6288.123,0.08352912,6,1,false,false,5.556623,0.9647153,9.717064,-0.017464733,3
59.062542,0.32829165,49.33119675316015,8.576444146769244,0,1,6297.4404,0.084013626,6,1,false,false,5.404043,1.0320896,9.229397,-0.015913447,3
59.07874,0.32850924,49.33119657342896,8.576457766324877,0,1,6301.3057,0.08425473,6,1,false,false,5.1202626,1.0175842,8.303963,-0.014354265,3
59.095356,0.32872683,49.33119639356058,8.576471248175658,0,1,6304.7627,0.0871609,6,1,false,false,5.4012613,1.1650991,10.04111,-0.01280991,3
59.112812,0.32894453,49.3311962136922,8.576484867521375,0,1,6308.807,0.08933912,6,1,false,false,5.4972043,1.1131047,9.694785,-0.011215708,3
59.130096,0.32916227,49.331196033961014,8.576498349582073,0,1,6308.071,0.09127675,6,1,false,false,5.592841,1.1529752,9.556647,-0.009540649,3
59.14865,0.3293801,49.33119594395823,8.57651196892779,0,1,6311.1504,0.09151876,6,1,false,false,5.7809963,1.2245522,11.171921,-0.007769654,3
59.166813,0.32959798,49.331195854092634,8.576525450988486,0,1,6303.182,0.088613525,6,1,false,false,6.079855,1.1962934,11.003881,-0.0059624505,3
59.184544,0.32981595,49.33119576408984,8.576539070334203,0,1,6302.609,0.08473925,6,1,false,false,5.875774,1.1293396,9.801237,-0.00414597,3
59.201744,0.33003396,49.331195674224254,8.576552689889835,0,1,6304.0435,0.07965485,6,1,false,false,5.869525,1.1525513,11.741426,-0.0024111895,3
59.218334,0.33025205,49.33119558435866,8.576566171740618,0,1,6299.8984,0.07432936,6,1,false,false,5.947922,1.075858,11.244347,-0.000784515,3
59.233227,0.3304702,49.33119549435587,8.57657979129625,0,1,6305.7803,0.073602825,6,1,false,false,5.6891136,0.96583784,9.6255865,0.0007548343,3
59.24888,0.33068836,49.33119549435587,8.576593410641967,0,1,6314.734,0.07021353,6,1,false,false,5.499937,1.1060082,11.123707,0.002270897,3
59.264717,0.33090663,49.33119549435587,8.576606892702664,0,1,6310.114,0.06924448,6,1,false,false,5.9071894,1.0827097,11.958499,0.0037693358,3
59.28079,0.33112496,49.33119549435587,8.57662051204838,0,1,6312.1523,0.067549855,6,1,false,false,5.8466544,1.0733529,11.304858,0.00532602,3
59.297073,0.33134335,49.33119549435587,8.576634131604013,0,1,6317.7905,0.061980907,6,1,false,false,5.841389,1.0776172,11.496946,0.0069409246,3
59.314823,0.3315618,49.33119549435587,8.576647751159646,0,1,6309.6934,0.058106646,6,1,false,false,5.6198077,1.1871754,11.015909,0.008510621,3
59.331593,0.3317803,49.33119549435587,8.576661370505363,0,1,6305.2485,0.053022716,6,1,false,false,5.113253,1.1028336,10.643358,0.009903346,3
59.347065,0.3319989,49.33119558435866,8.576674990060997,0,1,6309.7686,0.050117474,6,1,false,false,4.909718,1.0752044,10.247657,0.011059529,3
59.360523,0.33221757,49.33119558435866,8.57668860961663,0,1,6313.6665,0.051328063,6,1,false,false,4.643456,0.93025917,9.204422,0.012023844,3
59.375942,0.33243626,49.331195674224254,8.576702228962347,0,1,6328.544,0.053990807,6,1,false,false,4.354318,1.0655451,9.249352,0.012955841,3
59.39252,0.332655,49.33119576408984,8.57671584851798,0,1,6331.835,0.06028627,6,1,false,false,4.2659054,1.1033201,9.161402,0.013907102,3
59.41016,0.33287388,49.331195854092634,8.576729467863696,0,1,6333.3027,0.066096745,6,1,false,false,4.213164,1.2157373,10.129975,0.014908133,3
59.42893,0.33309278,49.33119594395823,8.57674308741933,0,1,6335.8936,0.07166569,6,1,false,false,4.321165,1.219156,9.266565,0.015970446,3
59.4482,0.3333118,49.33119612382661,8.576756706974962,0,1,6330.589,0.07796019,6,1,false,false,4.3633585,1.2741336,8.773273,0.017066509,3
59.4678,0.33353084,49.3311962136922,8.576770326320679,0,1,6327.4517,0.084496744,6,1,false,false,3.9504752,1.2154769,8.34205,0.018147165,3
59.48542,0.33374998,49.33119639356058,8.576783945876311,0,1,6325.788,0.09103423,6,1,false,false,4.322501,1.0990006,8.718372,0.019153519,3
59.501324,0.3339692,49.331196483426176,8.576797565431944,0,1,6332.927,0.09829735,6,1,false,false,4.3308077,0.978722,7.9647593,0.02017993,3
59.51575,0.3341885,49.331196663294556,8.576811184777661,0,1,6344.2446,0.1041083,6,1,false,false,3.9117243,0.96508855,6.957016,0.021298109,3
59.532375,0.33440784,49.331196843162935,8.576824804333295,0,1,6352.699,0.10967722,6,1,false,false,3.93007,1.0466248,7.324882,0.022510836,3
59.54894,0.33462724,49.33119702303132,8.576838561383864,0,1,6353.479,0.11742436,6,1,false,false,4.340269,1.0239925,8.546472,0.023833988,3
59.56427,0.33484674,49.3311972027625,8.576852180939497,0,1,6365.7617,0.12323531,6,1,false,false,4.768075,0.959806,8.635593,0.025382819,3
59.580746,0.3350663,49.33119738263089,8.576865800285214,0,1,6376.291,0.12759362,6,1,false,false,5.206228,1.1644146,9.507314,0.027250705,3
59.602337,0.33528593,49.331197652364864,8.576879419840846,0,1,6367.431,0.12710913,6,1,false,false,5.4786453,1.4649829,9.128454,0.02945171,3
59.6247,0.33550563,49.33119792209884,8.576893176891415,0,1,6349.089,0.11911947,6,1,false,false,6.028326,1.3639259,10.389868,0.03180565,3
59.644913,0.33572546,49.33119810196722,8.576906796237132,0,1,6344.963,0.110645786,6,1,false,false,6.2415814,1.3526977,11.593785,0.034186672,3
59.66151,0.33594534,49.33119837170119,8.576920415792765,0,1,6343.417,0.09805624,6,1,false,false,6.4629154,1.1199493,10.972434,0.036516845,3
59.678406,0.33616528,49.331198641435165,8.576934172843334,0,1,6346.898,0.08401363,6,1,false,false,6.281999,1.1273026,10.997476,0.038785297,3
59.695507,0.3363853,49.33119900103473,8.576947792398967,0,1,6345.214,0.06900199,6,1,false,false,5.5819664,1.1593533,10.323633,0.040875703,3
59.712315,0.3366054,49.331199270905906,8.576961549449535,0,1,6342.584,0.05738011,6,1,false,false,5.6988716,1.0885915,10.354794,0.042628717,3
59.727695,0.33682558,49.33119963050547,8.576975168795252,0,1,6346.75,0.054475803,6,1,false,false,5.7413077,0.9950268,11.500771,0.044080753,3
59.742035,0.3370458,49.331199990105034,8.576988925845821,0,1,6354.3154,0.05350676,6,1,false,false,5.50308,0.95458174,9.852374,0.045364957,3
59.75728,0.33726612,49.3312003498418,8.577002545401454,0,1,6363.5093,0.05665355,6,1,false,false,5.260403,1.0881376,9.833047,0.04658473,3
59.77522,0.33748648,49.33120070944137,8.577016302452023,0,1,6359.0503,0.06222247,6,1,false,false,5.3166046,1.2011513,9.503447,0.047713593,3
59.792492,0.3377069,49.331201069178135,8.577029922007656,0,1,6351.837,0.07214973,6,1,false,false,4.9536524,1.0810813,9.367113,0.048696723,3
59.808395,0.33792743,49.331201428777696,8.577043679058225,0,1,6360.054,0.0806234,6,1,false,false,5.127366,0.97632337,10.606362,0.049590934,3
59.823143,0.338148,49.33120187838006,8.577057298403941,0,1,6367.895,0.092971854,6,1,false,false,4.953207,0.9847348,9.243357,0.05051081,3
59.838787,0.33836862,49.33120232798241,8.57707105545451,0,1,6371.8145,0.10217209,6,1,false,false,4.9647284,1.0620297,9.245933,0.05153409,3
59.85602,0.33858934,49.33120277758477,8.57708481250508,0,1,6374.776,0.112339936,6,1,false,false,5.4026613,1.1497941,9.929218,0.052676126,3
59.87275,0.33881012,49.331203227049926,8.577098432060712,0,1,6369.172,0.11887743,6,1,false,false,5.1236253,1.0231311,9.755802,0.053986352,3
59.88881,0.33903095,49.33120367665228,8.577112189111281,0,1,6376.5503,0.1220247,6,1,false,false,5.610937,1.0713208,9.900043,0.055479534,3
59.90545,0.33925188,49.33120412625464,8.57712594616185,0,1,6380.192,0.12347779,6,1,false,false,5.2457166,1.0969371,9.326411,0.057175454,3
59.922375,0.3394729,49.331204575856994,8.577139565717482,0,1,6374.332,0.12154016,6,1,false,false,5.541821,1.1125189,10.578658,0.058981385,3
59.938667,0.33969393,49.33120511532494,8.577153322768051,0,1,6378.555,0.11863543,6,1,false,false,5.722873,1.0143802,10.103442,0.060882766,3
59.953842,0.33991507,49.33120565479289,8.57716707981862,0,1,6381.5293,0.11233996,6,1,false,false,5.4700594,1.0371002,9.404067,0.06287266,3
59.970245,0.34013626,49.33120619426084,8.577180699164337,0,1,6384.574,0.10531936,6,1,false,false,5.7770987,1.0969988,11.270352,0.06491356,3
59.986668,0.3403575,49.331206733728784,8.577194456214906,0,1,6380.674,0.09926591,6,1,false,false,5.622881,1.0928609,10.182458,0.06695721,3
60.001972,0.34057882,49.33120727333394,8.577208213265475,0,1,6382.657,0.09030768,6,1,false,false,5.662087,0.99093926,9.901379,0.06894144,3
60.017693,0.34080023,49.33120790266747,8.577221970316044,0,1,6390.1904,0.085465774,6,1,false,false,5.8470974,1.1186088,10.990214,0.07086375,3
60.033657,0.34102166,49.33120844213542,8.577235727366613,0,1,6381.654,0.08086544,6,1,false,false,5.5599675,1.0546631,10.1438,0.07265346,3
60.04929,0.34124315,49.33120907160616,8.577249484417182,0,1,6385.2573,0.07723364,6,1,false,false,5.5011716,1.0199009,9.440575,0.074290484,3
60.064144,0.34146467,49.3312097009397,8.577263103972815,0,1,6392.523,0.07796018,6,1,false,false,5.0985165,0.9837977,9.21745,0.07577876,3
60.07902,0.34168622,49.33121033041044,8.577276861023384,0,1,6390.3726,0.07989685,6,1,false,false,5.1730146,0.98878837,9.896431,0.07709101,3
60.092705,0.34190786,49.33121095974398,8.577290618073953,0,1,6400.158,0.083045065,6,1,false,false,5.5861015,0.8631744,11.290901,0.07836585,3
60.106243,0.34212947,49.33121167908031,8.577304375124521,0,1,6412.025,0.08837149,6,1,false,false,5.608878,1.0006287,9.849385,0.07980253,3
60.12373,0.34235117,49.33121230855105,8.57731813217509,0,1,6409.4375,0.09055021,6,1,false,false,5.415974,1.1618991,9.464661,0.08137515,3
60.140984,0.34257293,49.33121302788738,8.57733188922566,0,1,6392.3335,0.09345498,6,1,false,false,5.418122,1.1022537,10.26787,0.082870476,3
60.15512,0.34279472,49.331213747086515,8.577345646276228,0,1,6393.8735,0.09611866,6,1,false,false,5.4252934,0.85141546,10.38345,0.08422614,3
60.166687,0.34301654,49.33121446642284,8.577359403326797,0,1,6407.338,0.09805627,6,1,false,false,5.43629,0.77621204,9.791279,0.08554556,3
60.179157,0.3432384,49.33121518575918,8.577373160377366,0,1,6416.1753,0.10047699,6,1,false,false,5.3824735,0.86250854,9.439253,0.0869721,3
60.193108,0.3434603,49.331215905095505,8.577386917427935,0,1,6418.511,0.101445526,6,1,false,false,4.941212,0.97347164,8.670244,0.08852114,3
60.208115,0.34368226,49.331216714297426,8.577400674478504,0,1,6419.0923,0.10192959,6,1,false,false,5.204784,0.9755604,9.325315,0.09010682,3
60.221832,0.34390426,49.331217523636546,8.577414431529073,0,1,6420.857,0.101203516,6,1,false,false,6.053984,0.84247005,10.927969,0.091763094,3
60.233696,0.34412628,49.33121824283568,8.577428188579642,0,1,6428.0586,0.09926589,6,1,false,false,5.5478287,0.8139955,9.993095,0.09364146,3
60.247337,0.34434834,49.3312190521748,8.57744194563021,0,1,6435.986,0.091518745,6,1,false,false,5.284675,0.9678313,8.577968,0.09571222,3
60.26307,0.34457046,49.331219861376724,8.577455702680778,0,1,6429.931,0.08498128,6,1,false,false,5.2189994,1.1178837,9.322203,0.09778577,3
60.280148,0.3447926,49.33122076058144,8.577469459731347,0,1,6424.4863,0.07965485,6,1,false,false,5.669283,1.063946,10.786348,0.09977434,3
60.294712,0.34501484,49.33122156978336,8.577483216781916,0,1,6429.0522,0.07553899,6,1,false,false,5.6745276,0.93631583,9.062192,0.101721026,3
60.30902,0.34523708,49.331222468850875,8.577496973832485,0,1,6434.692,0.07263378,6,1,false,false,5.6556225,1.0447897,10.666922,0.10363621,3
60.325962,0.34545937,49.33122336805559,8.577510730883054,0,1,6428.4365,0.06924449,6,1,false,false,5.973668,1.137831,10.458097,0.10546802,3
60.342968,0.34568176,49.331224267260296,8.577524487933623,0,1,6420.3623,0.070939146,6,1,false,false,5.8987117,1.0706121,10.054464,0.10712465,3
60.358334,0.34590417,49.33122516632781,8.577538244984192,0,1,6427.825,0.07287627,6,1,false,false,5.9650908,0.9402672,10.927722,0.108602926,3
60.37154,0.34612662,49.331226065532526,8.57755200203476,0,1,6430.6807,0.073602796,6,1,false,false,6.1543517,0.9612846,10.010806,0.10993927,3
60.384983,0.34634912,49.331227054602834,8.57756575908533,0,1,6433.383,0.07771866,6,1,false,false,5.941725,0.88837534,10.621369,0.11126114,3
60.398537,0.34657168,49.33122795367034,8.577579516135899,0,1,6436.403,0.08110744,6,1,false,false,5.6119647,0.92245936,9.934071,0.112615675,3
60.41237,0.34679428,49.33122894274065,8.577593273186467,0,1,6437.195,0.084981285,6,1,false,false,5.542001,0.9272012,9.327655,0.113976516,3
60.426117,0.34701693,49.33122993181095,8.577607030237036,0,1,6440.589,0.08861352,6,1,false,false,5.5432014,0.8872622,9.516915,0.1153794,3
60.43898,0.34723958,49.33123092088126,8.577620787287605,0,1,6445.2935,0.092729375,6,1,false,false,5.531845,0.86201924,9.272196,0.11685305,3
60.452774,0.34746233,49.33123190995156,8.57763468183311,0,1,6451.726,0.094908066,6,1,false,false,5.2965717,0.9399121,8.377307,0.118446015,3
60.467422,0.3476851,49.33123298902466,8.57764843888368,0,1,6453.2007,0.09563458,6,1,false,false,5.694721,0.98583657,9.739596,0.120132454,3
60.482594,0.3479079,49.331233977957766,8.577662195934247,0,1,6451.43,0.09708768,6,1,false,false,5.456005,0.9698527,8.986494,0.12192107,3
60.496662,0.3481308,49.33123505703086,8.577675952984816,0,1,6454.811,0.09418151,6,1,false,false,5.6245875,0.90498805,10.170385,0.12378179,3
60.511154,0.3483537,49.331236135966755,8.577689710035385,0,1,6460.0244,0.092487335,6,1,false,false,5.933056,0.9825976,10.69434,0.1257476,3
60.525967,0.3485767,49.33123721490266,8.577703467085954,0,1,6455.18,0.08861351,6,1,false,false,6.0851398,1.0304523,10.680703,0.12778844,3
60.541393,0.34879974,49.33123838384134,8.577717224136522,0,1,6453.1694,0.0857078,6,1,false,false,6.2740383,1.0416741,10.527084,0.12985963,3
60.55641,0.3490228,49.33123946277724,8.577730981187091,0,1,6448.696,0.082076505,6,1,false,false,6.27936,0.9924305,9.71031,0.13186982,3
60.57079,0.34924594,49.33124063171593,8.577744875942512,0,1,6447.939,0.08013888,6,1,false,false,6.202438,0.968146,10.593379,0.13373953,3
60.58461,0.34946913,49.33124180065461,8.577758632993081,0,1,6450.584,0.07989687,6,1,false,false,6.454618,0.9315247,11.3447485,0.13548256,3
60.59769,0.34969237,49.3312429694561,8.57777239004365,0,1,6455.6406,0.07989687,6,1,false,false,6.6703634,0.90441453,10.696327,0.13721693,3
60.611526,0.34991562,49.33124413839479,8.57778614709422,0,1,6463.0654,0.08110744,6,1,false,false,6.334347,1.0101591,10.050416,0.13904947,3
60.62748,0.350139,49.331245307333475,8.577799904144788,0,1,6457.9746,0.08110746,6,1,false,false,6.363954,1.1289203,10.068245,0.140861,3
60.64346,0.35036236,49.33124656613776,8.577813661195357,0,1,6448.835,0.08256055,6,1,false,false,6.2891674,1.017221,9.556757,0.14251949,3
60.65711,0.35058582,49.33124773507644,8.577827418245926,0,1,6453.4404,0.08594984,6,1,false,false,6.0229754,0.9100491,9.741117,0.1440215,3
60.66935,0.3508093,49.33124899388072,8.577841312791431,0,1,6462.295,0.09030771,6,1,false,false,6.062539,0.8098052,9.985445,0.1454422,3
60.68193,0.35103285,49.331250252685,8.577855069842,0,1,6470.452,0.09466602,6,1,false,false,5.866448,0.89230305,9.621284,0.14692836,3
60.6957,0.35125643,49.33125160135487,8.577868826892567,0,1,6475.834,0.09853936,6,1,false,false,6.48432,0.98668826,11.097325,0.148573,3
60.711315,0.35148007,49.33125286015915,8.577882583943136,0,1,6474.1714,0.10168756,6,1,false,false,6.2059393,1.0487293,9.136738,0.15042482,3
60.726933,0.35170376,49.331254208829016,8.577896340993705,0,1,6470.628,0.100961044,6,1,false,false,6.1853023,1.0997827,10.330064,0.15236284,3
60.743305,0.35192755,49.33125555763609,8.577910098044274,0,1,6464.7114,0.100719,6,1,false,false,6.400698,1.0300786,9.745012,0.15426172,3
60.757088,0.35215136,49.33125690630596,8.577923855094843,0,1,6461.58,0.09829732,6,1,false,false,6.0437055,0.8901201,9.10085,0.15606259,3
60.76962,0.35237527,49.33125825511303,8.577937749850264,0,1,6476.5527,0.097571716,6,1,false,false,5.919759,0.8273369,9.910352,0.15783569,3
60.78241,0.35259917,49.3312596037829,8.577951506900833,0,1,6478.5776,0.09853938,6,1,false,false,5.859751,0.92155993,9.071837,0.15957761,3
60.796337,0.35282314,49.33126104245556,8.577965263951402,0,1,6482.937,0.098297335,6,1,false,false,5.9795275,0.9423275,9.156909,0.1613364,3
60.81065,0.35304716,49.331262391125435,8.57797902100197,0,1,6488.0947,0.1021721,6,1,false,false,6.280633,0.9696156,9.140532,0.16318342,3
60.82605,0.35327128,49.33126382979809,8.57799277805254,0,1,6485.787,0.10628793,6,1,false,false,5.6137943,1.0325214,7.092074,0.16507779,3
60.84189,0.3534954,49.33126526847075,8.578006535103109,0,1,6487.175,0.11161433,6,1,false,false,6.0543284,1.0798619,8.339184,0.16688946,3
60.856636,0.35371962,49.33126670714341,8.578020292153678,0,1,6485.7974,0.11863542,6,1,false,false,6.7421947,0.91442597,10.310142,0.16867867,3
60.866043,0.35394388,49.33126823568167,8.578034049204247,0,1,6495.3906,0.12468836,6,1,false,false,7.971084,0.7453594,13.532205,0.17074423,3
60.879776,0.35416818,49.33126967421713,8.578047806254816,0,1,6512.837,0.12517288,6,1,false,false,8.115042,1.1084957,11.149425,0.17343462,3
60.898952,0.35439253,49.33127120289258,8.578061700590403,0,1,6487.843,0.11355102,6,1,false,false,8.202898,1.4599104,11.248038,0.17647782,3
60.91912,0.354617,49.331272731430836,8.578075457640972,0,1,6461.334,0.10338173,6,1,false,false,7.854571,1.1417643,10.459724,0.17928699,3
60.931454,0.3548415,49.33127425996909,8.578089214691541,0,1,6458.8296,0.09515008,6,1,false,false,7.5528235,0.7879375,10.490212,0.18140756,3
60.939198,0.35506606,49.331275878372935,8.57810297174211,0,1,6475.449,0.09442355,6,1,false,false,7.892055,0.4890364,11.5810795,0.18303514,3
60.946205,0.35529068,49.33127749691398,8.57811672879268,0,1,6492.9277,0.09393948,6,1,false,false,6.732494,0.6258809,9.446001,0.18465564,3
60.95697,0.35551533,49.33127911531782,8.578130485843248,0,1,6509.873,0.09297183,6,1,false,false,6.0657034,0.8651989,8.090021,0.18643904,3
60.972893,0.35573998,49.33128073385887,8.578144242893817,0,1,6504.827,0.09950839,6,1,false,false,6.0802407,1.0775748,7.9568853,0.18824092,3
60.987408,0.3559647,49.33128235226271,8.578157999944386,0,1,6496.474,0.10895067,6,1,false,false,6.2008085,0.9243815,8.676631,0.18991509,3
60.99928,0.35618946,49.33128397080375,8.578171756994955,0,1,6512.937,0.121298164,6,1,false,false,6.7609487,0.8360053,8.70185,0.19164526,3
61.01145,0.35641426,49.33128567907319,8.578185514045524,0,1,6520.864,0.13437313,6,1,false,false,6.957609,0.8640876,8.9001255,0.19361062,3
61.02644,0.35663906,49.331287387479826,8.578199271096093,0,1,6518.501,0.15010992,6,1,false,false,7.492227,1.1440275,9.901965,0.19586064,3
61.043003,0.35686392,49.33128909588646,8.578212890861641,0,1,6510.825,0.14550957,6,1,false,false,8.310753,1.0275514,10.708058,0.19837439,3
61.05831,0.35708883,49.3312908042931,8.57822664791221,0,1,6506.5366,0.1457516,6,1,false,false,8.05034,1.0512708,10.042351,0.20114793,3
61.0723,0.35731375,49.33129260256533,8.578240404962779,0,1,6504.1606,0.13122493,6,1,false,false,8.136299,1.0740538,10.853252,0.20398933,3
61.08661,0.35753876,49.33129431097196,8.578254162013348,0,1,6499.6074,0.122993246,6,1,false,false,8.301589,0.9549478,10.244111,0.20672049,3
61.098328,0.35776377,49.331296109244185,8.578267919063917,0,1,6498.434,0.11330853,6,1,false,false,7.925962,0.84008014,10.012281,0.20925875,3
61.108643,0.35798883,49.33129799751921,8.578281676114486,0,1,6508.8525,0.10846615,6,1,false,false,9.288057,0.7567508,13.053398,0.21168822,3
61.119778,0.35821393,49.33129979579143,8.578295433165055,0,1,6512.067,0.09587661,6,1,false,false,8.073399,0.9116626,10.174195,0.21423848,3
61.132492,0.35843903,49.33130168406645,8.578309052510772,0,1,6515.138,0.07578057,6,1,false,false,7.2157025,0.9828325,8.4504595,0.21673001,3
61.148582,0.3586642,49.33130357220427,8.57832280956134,0,1,6509.598,0.082318544,6,1,false,false,6.8705745,1.0491643,8.847184,0.21890219,3
61.161144,0.3588894,49.331305460479285,8.57833656661191,0,1,6498.45,0.07965483,6,1,false,false,7.3425117,0.774579,9.752478,0.22050117,3
61.16965,0.35911462,49.33130734861711,8.578350323662479,0,1,6525.0645,0.086676374,6,1,false,false,7.480909,0.6658679,10.06537,0.22204182,3
61.178368,0.3593399,49.33130932675772,8.578363943008195,0,1,6537.2144,0.08909712,6,1,false,false,6.754022,0.7639248,9.25313,0.22379671,3
61.1953,0.35956517,49.331311215032734,8.578377700058764,0,1,6537.083,0.09345498,6,1,false,false,6.886785,1.4046366,8.503622,0.2257349,3
61.212738,0.35979053,49.331313193173344,8.578391319824313,0,1,6514.8345,0.097814225,6,1,false,false,6.9211473,1.079295,9.164915,0.22754689,3
61.226643,0.36001593,49.33131517131395,8.578405076874882,0,1,6514.5,0.10652993,6,1,false,false,8.11522,0.8996796,11.806326,0.2291931,3
61.23726,0.36024135,49.33131723932016,8.57841883392545,0,1,6528.52,0.10870865,6,1,false,false,7.684917,0.76451135,9.798781,0.23098357,3
61.24968,0.3604668,49.331319217460766,8.578432453271168,0,1,6529.9727,0.104592785,6,1,false,false,7.6405587,0.9878874,10.253098,0.23296687,3
61.26562,0.36069232,49.33132128546696,8.578446210321736,0,1,6522.858,0.10192959,6,1,false,false,7.8253784,1.055419,10.792013,0.23500684,3
61.27931,0.36091793,49.33132335347317,8.578459829667453,0,1,6512.8496,0.09490806,6,1,false,false,7.413953,0.9364045,10.710118,0.23694049,3
61.291298,0.3611435,49.33132542161657,8.578473586718022,0,1,6524.7334,0.08958163,6,1,false,false,7.0173793,0.8116985,9.334564,0.23875745,3
61.302654,0.36136913,49.331327489622765,8.57848720648357,0,1,6526.874,0.0857078,6,1,false,false,7.2727766,0.87768024,12.132737,0.24047697,3
61.31506,0.36159483,49.33132964749456,8.57850096353414,0,1,6525.482,0.08183399,6,1,false,false,6.8805647,0.84873426,10.096856,0.24220866,3
61.326878,0.36182052,49.33133180550355,8.578514582879857,0,1,6534.5654,0.07384438,6,1,false,false,6.5555367,0.90451884,9.454726,0.2439686,3
61.34148,0.3620463,49.33133396351254,8.578528202225574,0,1,6535.7046,0.07214974,6,1,false,false,6.311171,1.0167836,10.185385,0.24570829,3
61.355473,0.3622721,49.33133612138434,8.578541959276142,0,1,6522.798,0.06876044,6,1,false,false,6.042268,0.9252482,9.126943,0.24723892,3
61.367878,0.36249796,49.33133827939333,8.57855557862186,0,1,6534.7754,0.06972853,6,1,false,false,6.089232,0.8420362,9.571442,0.24859798,3
61.379543,0.36272383,49.33134052726791,8.578569198387408,0,1,6541.0527,0.071907245,6,1,false,false,5.9571795,0.8144632,9.50392,0.2498917,3
61.392624,0.3629498,49.33134268527691,8.578582955437977,0,1,6539.952,0.0767496,6,1,false,false,5.8174963,0.9283677,9.016797,0.2511805,3
61.406017,0.36317575,49.33134493315149,8.578596574783694,0,1,6546.1885,0.08038141,6,1,false,false,5.602859,0.88734615,9.496077,0.2525083,3
61.419937,0.36340177,49.331347181026075,8.57861019412941,0,1,6547.115,0.084496744,6,1,false,false,5.992603,0.96949524,10.149169,0.25389856,3
61.433697,0.36362782,49.33134942890066,8.57862381389496,0,1,6546.0825,0.0871609,6,1,false,false,6.122417,0.9168443,9.921683,0.25541598,3
61.44824,0.36385396,49.33135176664083,8.57863757094553,0,1,6548.193,0.083771616,6,1,false,false,5.61155,1.0643063,9.138984,0.25704136,3
61.46355,0.36408013,49.33135401451541,8.578651190291247,0,1,6542.9067,0.08134994,6,1,false,false,5.9253726,1.0385807,10.61385,0.25862652,3
61.47743,0.36430636,49.33135635225559,8.578664809636964,0,1,6535.8774,0.08086546,6,1,false,false,6.01078,0.88391554,10.97411,0.2601256,3
61.488888,0.36453262,49.331358690132966,8.578678429402512,0,1,6546.2593,0.07892924,6,1,false,false,5.390242,0.78978634,9.3752575,0.2615956,3
61.50134,0.36475894,49.33136102787314,8.578692048748229,0,1,6555.341,0.075539015,6,1,false,false,5.494441,0.88399756,9.433171,0.2630496,3
61.51543,0.36498532,49.33136336561331,8.578705668093946,0,1,6549.1553,0.07868676,6,1,false,false,5.514104,0.9275056,9.206417,0.26445517,3
61.52851,0.3652117,49.33136570349069,8.578719425144515,0,1,6550.254,0.08207652,6,1,false,false,5.377738,0.85575753,9.052402,0.2658136,3
61.541,0.36543816,49.33136813123366,8.578733044910063,0,1,6560.4116,0.08764494,6,1,false,false,5.306747,0.84361094,9.540515,0.2671401,3
61.554165,0.36566466,49.33137046897383,8.57874666425578,0,1,6560.1265,0.092245296,6,1,false,false,5.256677,0.8955132,8.186555,0.26851296,3
61.567497,0.36589122,49.3313728967168,8.578760283601497,0,1,6562.305,0.09902387,6,1,false,false,5.2642245,0.8092312,8.074154,0.2699221,3
61.580536,0.3661178,49.331375324322565,8.578773903367045,0,1,6570.735,0.104592815,6,1,false,false,5.3452225,0.94006217,9.431215,0.27142948,3
61.593494,0.36634445,49.33137775206553,8.578787522712762,0,1,6570.724,0.104834825,6,1,false,false,6.423602,0.81158453,10.005387,0.27307874,3
61.607117,0.36657116,49.3313801798085,8.578801142058479,0,1,6577.3325,0.10628791,6,1,false,false,5.9290905,0.98912114,9.255593,0.2750656,3
61.62296,0.3667979,49.331382697417055,8.57881476182403,0,1,6572.7183,0.09829734,6,1,false,false,6.0368924,1.1006721,10.065182,0.2772039,3
61.640373,0.36702472,49.33138512516002,8.578828381169746,0,1,6556.984,0.093454964,6,1,false,false,6.583383,1.0822914,11.919543,0.27931488,3
61.653603,0.3672516,49.33138764276858,8.578842000515463,0,1,6553.4233,0.08425472,6,1,false,false,6.8507967,0.8154858,11.581355,0.28134727,3
61.665173,0.3674785,49.33139016037714,8.57885548257616,0,1,6566.0215,0.07747616,6,1,false,false,6.6371655,0.82963216,11.085848,0.28335518,3
61.67779,0.3677055,49.3313926779857,8.578869101921876,0,1,6563.2363,0.066580795,6,1,false,false,6.169637,0.90301216,10.031289,0.28526533,3
61.69137,0.3679325,49.33139528545984,8.578882721267593,0,1,6556.7065,0.06173843,6,1,false,false,5.9561687,0.930732,9.9181795,0.2869269,3
61.70325,0.36815956,49.331397803068405,8.578896341033142,0,1,6559.06,0.057865094,6,1,false,false,5.645518,0.73174125,9.757107,0.28831008,3
61.71329,0.3683867,49.33140041067975,8.578909960378859,0,1,6569.649,0.058106642,6,1,false,false,5.8161283,0.69037116,10.296054,0.28950316,3
61.72417,0.36861384,49.3314030181539,8.578923442439557,0,1,6582.418,0.06270746,6,1,false,false,4.9104867,0.7691397,8.505873,0.2907292,3
61.736965,0.36884108,49.33140562576525,8.578937061785274,0,1,6585.4277,0.066580795,6,1,false,false,5.011872,0.9209083,9.580066,0.29193306,3
61.75236,0.36906832,49.3314082332394,8.57895068113099,0,1,6582.3105,0.07650712,6,1,false,false,6.351364,1.017956,11.874666,0.29316345,3
61.765663,0.36929566,49.331410840850744,8.578964300896539,0,1,6577.6704,0.08328711,6,1,false,false,5.737774,0.922534,9.649506,0.29458848,3
61.780216,0.36952305,49.331413448324895,8.578977782537404,0,1,6584.695,0.08837149,6,1,false,false,5.45111,1.0741618,10.091543,0.2961427,3
61.796196,0.3697505,49.33141614580184,8.578991402302952,0,1,6569.0464,0.091034256,6,1,false,false,6.049023,1.0277498,10.603408,0.29762518,3
61.808468,0.36997804,49.331418843278776,8.579004883943817,0,1,6560.8545,0.09200328,6,1,false,false,5.6719832,0.672891,9.653481,0.29899973,3
61.81796,0.37020555,49.33142154061852,8.579018503709367,0,1,6587.334,0.09369745,6,1,false,false,5.660166,0.6693884,10.736739,0.30041224,3
61.828815,0.37043318,49.33142423809546,8.579032123055084,0,1,6591.179,0.09418151,6,1,false,false,5.526908,0.7980943,9.302564,0.30194053,3
61.842243,0.37066084,49.3314269355724,8.57904560511578,0,1,6587.349,0.093213856,6,1,false,false,5.63163,0.95275337,10.393583,0.30357122,3
61.856403,0.37088853,49.33142972291493,8.579059224461497,0,1,6592.238,0.091276735,6,1,false,false,5.4111114,0.89652383,8.443423,0.305304,3
61.869602,0.3711163,49.33143242039187,8.579072706522195,0,1,6588.7056,0.09345496,6,1,false,false,4.969802,0.9082422,8.376162,0.30701926,3
61.883747,0.37134412,49.3314352077344,8.57908618816306,0,1,6589.826,0.09442352,6,1,false,false,5.252837,0.8571948,8.695203,0.30861512,3
61.89443,0.37157196,49.33143799507693,8.579099807928609,0,1,6593.4355,0.09829736,6,1,false,false,5.9771914,0.6733143,9.441082,0.3101587,3
61.90464,0.37179977,49.33144078241946,8.579113289569474,0,1,6607.6074,0.10289768,6,1,false,false,5.9648976,0.7518312,11.45537,0.31192115,3
61.917683,0.37202767,49.3314435698992,8.57912690891519,0,1,6614.0254,0.10023448,6,1,false,false,6.5872355,1.0297228,10.435469,0.3139769,3
61.934242,0.37225556,49.33144635724173,8.579140390975887,0,1,6600.5156,0.099508405,6,1,false,false,6.508315,1.1249208,9.707292,0.31625852,3
61.95148,0.37248355,49.331449234449856,8.579153873036585,0,1,6586.709,0.09200326,6,1,false,false,6.060079,1.066534,10.799111,0.31845835,3
61.96503,0.3727116,49.33145211179517,8.579167492382302,0,1,6582.931,0.085949846,6,1,false,false,6.534673,0.8383143,9.626861,0.32035413,3
61.974533,0.37293968,49.3314549890033,8.579180974442998,0,1,6588.5635,0.08473927,6,1,false,false,6.2424,0.6078831,10.661187,0.32199863,3
61.98432,0.37316778,49.33145786634862,8.579194456083863,0,1,6604.181,0.08207648,6,1,false,false,6.3928847,0.7685171,12.562187,0.32362732,3
61.994442,0.37339592,49.33146074355675,8.57920793814456,0,1,6609.17,0.080381386,6,1,false,false,6.122837,0.7842783,9.607302,0.32539472,3
62.008636,0.37362412,49.33146362090207,8.579221420205258,0,1,6610.5435,0.07844519,6,1,false,false,5.9146457,1.0688293,9.322141,0.32726717,3
62.02422,0.37385234,49.33146658811298,8.579234901846123,0,1,6598.7783,0.0769921,6,1,false,false,6.0668874,1.0371202,10.964184,0.32899505,3
62.03745,0.37408066,49.3314695553239,8.579248383906819,0,1,6591.9375,0.07892924,6,1,false,false,5.386216,0.8152592,7.512826,0.3305009,3
62.047703,0.37430897,49.33147252253481,8.579261865967517,0,1,6607.22,0.084981285,6,1,false,false,5.357041,0.7131318,8.524354,0.33178532,3
62.058426,0.37453735,49.33147548960853,8.579275347608382,0,1,6612.2983,0.09030769,6,1,false,false,5.616051,0.7115866,9.097921,0.3329886,3
62.06688,0.37476575,49.33147845681944,8.579288829669078,0,1,6620.175,0.095392585,6,1,false,false,5.9656487,0.64954066,8.60852,0.33432046,3
62.07815,0.37499422,49.33148151403314,8.579302311309943,0,1,6640.817,0.09853934,6,1,false,false,5.720406,0.80076563,10.725082,0.33599722,3
62.09385,0.3752227,49.33148448110686,8.57931579337064,0,1,6630.189,0.09248731,6,1,false,false,6.292998,1.1877471,10.316391,0.33793116,3
62.11111,0.37545124,49.331487538320566,8.579329275431338,0,1,6613.2188,0.08619232,6,1,false,false,6.470791,1.1018833,10.642222,0.3399941,3
62.12648,0.37567982,49.33149059539707,8.579342757072203,0,1,6610.238,0.07166567,6,1,false,false,6.1918864,0.9504019,9.860678,0.34205723,3
62.139256,0.3759085,49.331493652473576,8.579356101428047,0,1,6605.2676,0.06343402,6,1,false,false,5.9831805,0.8498081,10.963157,0.3438645,3
62.151165,0.37613717,49.33149670955009,8.579369583488745,0,1,6604.315,0.053749263,6,1,false,false,5.6235743,0.785609,10.50302,0.34535667,3
62.160755,0.3763659,49.331499856629385,8.579383065549441,0,1,6612.241,0.046244122,6,1,false,false,5.584669,0.58820957,9.603409,0.3465655,3
62.171017,0.3765947,49.331503003708676,8.579396547190306,0,1,6625.7173,0.045759145,6,1,false,false,5.308595,0.7950485,10.231801,0.34768435,3
62.182556,0.37682348,49.33150606078519,8.57940989154615,0,1,6625.252,0.04333796,6,1,false,false,4.5774755,0.7669213,8.700892,0.348729,3
62.195553,0.37705234,49.33150920772728,8.579423373606849,0,1,6627.8975,0.045517586,6,1,false,false,4.752536,0.8897321,9.748977,0.3496748,3
62.208317,0.37728125,49.33151235480658,8.579436717962693,0,1,6630.624,0.04648569,6,1,false,false,5.154386,0.7961088,10.1764345,0.35059416,3
62.220726,0.37751016,49.331515501885875,8.579450199603558,0,1,6632.386,0.050601516,6,1,false,false,4.505385,0.91396713,9.363871,0.3515724,3
62.234856,0.37773916,49.331518738830766,8.579463543959404,0,1,6632.805,0.050844017,6,1,false,false,4.5005217,0.97444284,9.946354,0.35256615,3
62.24957,0.3779682,49.331521885772865,8.5794770260201,0,1,6622.768,0.050359968,6,1,false,false,4.5816274,0.9100544,9.732435,0.3534661,3
62.261814,0.37819728,49.33152512271775,8.579490370375945,0,1,6624.4717,0.04842283,6,1,false,false,4.312002,0.7648077,9.8112755,0.35429013,3
62.273216,0.3784264,49.33152826979705,8.579503852436643,0,1,6635.087,0.0452751,6,1,false,false,4.254425,0.7505287,10.968634,0.3550953,3
62.28522,0.37865558,49.33153150674194,8.579517196792487,0,1,6634.828,0.042128306,6,1,false,false,4.0045013,0.8208557,8.973865,0.35593474,3
62.29787,0.37888476,49.331534743686824,8.579530678433352,0,1,6638.5723,0.036559384,6,1,false,false,4.02657,0.8650986,11.364093,0.3567783,3
62.311733,0.379114,49.331537980631715,8.579544022789198,0,1,6636.543,0.032443553,6,1,false,false,4.02897,0.89339226,13.10773,0.35763073,3
62.324528,0.37934333,49.3315412175766,8.579557367145043,0,1,6630.238,0.023485336,6,1,false,false,3.8803916,0.80952865,10.711429,0.3584673,3
62.338017,0.3795727,49.33154454438708,8.579570849205739,0,1,6637.3945,0.015252734,6,1,false,false,3.41462,0.9176642,10.971244,0.3592774,3
62.35152,0.37980208,49.33154778133197,8.579584193561585,0,1,6625.4507,0.005810478,6,1,false,false,3.0670981,0.8737037,11.140859,0.35988393,3
62.363403,0.3800315,49.33155110814245,8.57959753791743,0,1,6619.7617,-0.0024211886,6,1,false,false,2.9188168,0.6527482,9.250817,0.36020726,3
62.372868,0.380261,49.33155434508734,8.579611019558294,0,1,6635.7144,-0.0075051226,6,1,false,false,2.346433,0.6060227,9.377899,0.36031905,3
62.382603,0.3804905,49.33155767189782,8.57962436391414,0,1,6642.634,-0.012589992,6,1,false,false,1.7681636,0.65063703,9.783879,0.36028495,3
62.392612,0.38072008,49.3315609988455,8.579637708269985,0,1,6649.8086,-0.013073107,6,1,false,false,1.6511137,0.7053115,8.387234,0.3601333,3
62.404152,0.38094965,49.33156423579039,8.579651052625831,0,1,6659.481,-0.013073105,6,1,false,false,1.1264696,0.7608961,6.933854,0.35991332,3
62.41715,0.3811793,49.33156756260087,8.579664534686527,0,1,6658.3105,-0.0111369025,6,1,false,false,1.006731,0.8353301,6.9718456,0.35959652,3
62.42933,0.381409,49.331570889411346,8.579677879042372,0,1,6660.223,-0.008715713,6,1,false,false,0.7507272,0.6682626,8.0307665,0.3592196,3
62.437683,0.38163868,49.33157421635903,8.579691223398218,0,1,6676.6245,-0.0075051226,6,1,false,false,0.80395997,0.4576814,9.950447,0.35883084,3
62.44894,0.38186845,49.33157754316951,8.579704705039083,0,1,6697.912,-0.00435739,6,1,false,false,0.6062769,0.85772735,8.0665865,0.35850963,3
62.46879,0.38209826,49.33158086997999,8.579718049394927,0,1,6684.981,-0.0043573896,6,1,false,false,0.33893543,1.4813572,8.347417,0.35821557,3
62.492016,0.38232815,49.33158410692487,8.579731393750773,0,1,6645.9595,-0.0058104764,6,1,false,false,0.13975511,1.2285339,9.487309,0.35791695,3
62.50625,0.3825581,49.331587433872556,8.57974487581147,0,1,6638.1826,-0.00992631,6,1,false,false,0.34610164,0.6641561,11.013662,0.35758746,3
62.515507,0.38278812,49.331590760683035,8.579758220167314,0,1,6664.4277,-0.012589989,6,1,false,false,0.037288085,0.53226936,9.784083,0.35729042,3
62.52701,0.38301817,49.331594087493514,8.579771702228012,0,1,6667.7095,-0.015736787,6,1,false,false,-0.48801938,0.8788496,9.554276,0.35699552,3
62.542156,0.38324827,49.33159741444119,8.579785046583856,0,1,6655.545,-0.020821653,6,1,false,false,-0.50089324,0.929432,11.739179,0.35663182,3
62.55556,0.3834784,49.33160074125168,8.579798528224721,0,1,6654.166,-0.02469499,6,1,false,false,-0.34436643,0.77468836,9.500836,0.356224,3
62.566986,0.3837086,49.331604068062155,8.579811872580567,0,1,6662.296,-0.024694996,6,1,false,false,-0.8968148,0.7236502,9.643806,0.3558036,3
62.5798,0.38393882,49.331607394872634,8.579825354641264,0,1,6662.3047,-0.028810825,6,1,false,false,-0.9334042,0.8212727,10.449865,0.3553299,3
62.591526,0.38416913,49.33161072182031,8.579838698997108,0,1,6658.678,-0.030747965,6,1,false,false,-1.1413479,0.7242594,10.215273,0.3548153,3
62.603188,0.38439944,49.3316140486308,8.579852180637975,0,1,6669.5366,-0.034863796,6,1,false,false,-1.2777185,0.7296359,9.13657,0.35425183,3
62.614914,0.38462985,49.331617375441276,8.579865524993819,0,1,6670.8965,-0.035348788,6,1,false,false,-1.4016663,0.770455,9.795525,0.35361707,3
62.628025,0.38486025,49.33162070238895,8.579879007054515,0,1,6667.6294,-0.037526537,6,1,false,false,-1.6336837,0.78665376,10.549184,0.3529327,3
62.640068,0.3850907,49.33162402919943,8.579892351410361,0,1,6670.249,-0.040432718,6,1,false,false,-1.6688843,0.73961854,9.968431,0.3521856,3
62.652004,0.38532123,49.33162735600991,8.579905833471058,0,1,6674.7,-0.04212736,6,1,false,false,-1.9451139,0.73371613,9.831495,0.35140476,3
62.664333,0.3855518,49.331630682957595,8.579919315111923,0,1,6673.138,-0.0440645,6,1,false,false,-2.1306288,0.78476274,12.417293,0.35055906,3
62.676964,0.3857824,49.33163391990248,8.579932797172619,0,1,6671.8403,-0.047937836,6,1,false,false,-2.40765,0.789464,9.665191,0.34967154,3
62.688953,0.38601306,49.331637246712965,8.579946141528465,0,1,6673.1367,-0.046484753,6,1,false,false,-2.560269,0.7948368,9.802351,0.34875855,3
62.701546,0.38624376,49.331640573523444,8.57995962316933,0,1,6670.6343,-0.05108463,6,1,false,false,-2.793321,0.7558564,11.455502,0.34781772,3
62.7122,0.38647452,49.33164381046833,8.579973105230026,0,1,6670.0405,-0.05447486,6,1,false,false,-2.7987921,0.65111923,9.513402,0.3468606,3
62.722237,0.3867053,49.33164713741601,8.579986587290724,0,1,6682.2603,-0.054233305,6,1,false,false,-3.3878973,0.6671766,10.937702,0.34586886,3
62.733974,0.38693613,49.33165046422649,8.58000006893159,0,1,6682.3325,-0.057380095,6,1,false,false,-3.149314,0.7957316,10.28469,0.34478533,3
62.7466,0.38716698,49.331653701171376,8.580013550992286,0,1,6675.949,-0.05471642,6,1,false,false,-3.257105,0.80779886,9.686699,0.34369984,3
62.75833,0.38739792,49.33165693811627,8.580027033052982,0,1,6680.2783,-0.055442963,6,1,false,false,-3.2388992,0.7315394,10.276591,0.3426165,3
62.768745,0.38762882,49.33166026492675,8.580040514693849,0,1,6681.536,-0.052537728,6,1,false,false,-3.0381808,0.6047961,8.061068,0.3415309,3
62.779266,0.3878598,49.33166350187164,8.580053996754545,0,1,6689.1895,-0.047211304,6,1,false,false,-3.2853122,0.6926609,8.9972,0.34047937,3
62.790756,0.3880908,49.33166673881652,8.580067616100262,0,1,6691.914,-0.04309547,6,1,false,false,-3.582657,0.75404894,10.140622,0.3394178,3
62.800472,0.38832182,49.331669975761415,8.580081098160958,0,1,6690.83,-0.035106286,6,1,false,false,-2.9005733,0.60879666,8.028723,0.3383357,3
62.812428,0.3885529,49.3316732127063,8.580094580221656,0,1,6707.1357,-0.02324191,6,1,false,false,-2.6714716,0.81570035,7.226095,0.3372966,3
62.826656,0.38878402,49.33167644965119,8.580108199567373,0,1,6695.338,-0.012589989,6,1,false,false,-3.050379,0.9272849,9.446028,0.336404,3
62.8388,0.38901517,49.331679686596075,8.580121681208238,0,1,6686.475,-0.0043573906,6,1,false,false,-2.342353,0.5847257,7.2366257,0.33565372,3
62.847736,0.3892464,49.33168292354097,8.580135163268935,0,1,6711.389,0.007747615,6,1,false,false,-2.6020305,0.632447,10.420326,0.3350712,3
62.860523,0.38947764,49.331686070483066,8.580148782614652,0,1,6713.441,0.016221775,6,1,false,false,-2.46321,0.9043162,11.905006,0.33459947,3
62.873634,0.3897089,49.33168930742795,8.580162264675348,0,1,6697.9326,0.025664032,6,1,false,false,-2.4742634,0.85883284,11.567871,0.33430195,3
62.88799,0.38994026,49.33169254437284,8.580175884021065,0,1,6705.355,0.031959493,6,1,false,false,-2.052702,0.83734214,10.23027,0.33416274,3
62.903,0.39017165,49.33169569145214,8.580189366081763,0,1,6692.641,0.038253076,6,1,false,false,-1.7078619,0.94327325,12.479026,0.33425364,3
62.91641,0.3904031,49.331698928397024,8.58020298542748,0,1,6677.3193,0.041885804,6,1,false,false,-1.8307139,0.7970553,12.079486,0.3346285,3
62.92634,0.39063457,49.331702165341916,8.580216605193028,0,1,6685.488,0.04454855,6,1,false,false,-1.1398747,0.59354764,10.610405,0.33519748,3
62.9353,0.39086607,49.331705312421214,8.580230086833893,0,1,6691.503,0.046244133,6,1,false,false,-0.6575558,0.6215286,10.110086,0.33593273,3
62.94506,0.39109764,49.3317085492289,8.580243706599441,0,1,6691.6846,0.04648569,6,1,false,false,-0.41375202,0.61525226,10.320473,0.3367889,3
62.954296,0.3913292,49.3317116963082,8.580257325945158,0,1,6701.519,0.045759145,6,1,false,false,0.18518813,0.5457524,8.197186,0.3377253,3
62.963623,0.3915608,49.33171493325309,8.580270945290875,0,1,6712.4595,0.045759145,6,1,false,false,0.28349853,0.6552364,8.548672,0.33873156,3
62.974712,0.39179248,49.33171808033239,8.580284427351573,0,1,6713.7876,0.043095466,6,1,false,false,0.61178803,0.732834,9.315911,0.33975708,3
62.985622,0.39202413,49.33172131727727,8.58029804669729,0,1,6716.1514,0.041401763,6,1,false,false,0.8594121,0.6604403,8.364701,0.34081262,3
62.997017,0.3922559,49.33172446421937,8.580311666462839,0,1,6726.4297,0.03994867,6,1,false,false,1.0972692,0.7634816,7.7950296,0.34189004,3
63.01008,0.39248765,49.33172770116426,8.580325285808556,0,1,6722.6562,0.037285928,6,1,false,false,1.3699962,0.8398952,11.129728,0.3429456,3
63.023685,0.3927195,49.331730938109146,8.580338767869252,0,1,6716.0015,0.0338957,6,1,false,false,1.5547796,0.8174277,11.313817,0.34401837,3
63.036163,0.3929514,49.33173417505404,8.580352387214969,0,1,6721.184,0.0319595,6,1,false,false,1.5839893,0.82271785,9.44089,0.34510553,3
63.05089,0.39318332,49.331737322133336,8.580366006560686,0,1,6715.118,0.027843669,6,1,false,false,2.1527603,0.95228404,10.919458,0.34612066,3
63.064617,0.3934153,49.33174055907822,8.580379625906403,0,1,6697.5176,0.023485342,6,1,false,false,1.997266,0.8022964,10.623366,0.34702396,3
63.075108,0.39364734,49.33174379602311,8.580393107967101,0,1,6703.807,0.021064153,6,1,false,false,2.0952036,0.65674806,11.411644,0.34779495,3
63.084515,0.3938794,49.331747032967996,8.580406727312818,0,1,6713.908,0.01791642,6,1,false,false,2.0682034,0.6400413,9.460448,0.34844884,3
63.09473,0.3941115,49.33175026991289,8.580420347078366,0,1,6711.372,0.015010245,6,1,false,false,1.8516705,0.69321394,10.44616,0.3490155,3
63.105698,0.39434367,49.33175359672337,8.580433966424083,0,1,6716.1714,0.013316534,6,1,false,false,1.7404721,0.6653475,9.40408,0.349509,3
63.11592,0.39457586,49.33175683366826,8.5804475857698,0,1,6719.0776,0.012832486,6,1,false,false,1.7028832,0.65499127,7.4383554,0.34991255,3
63.126755,0.3948081,49.33176007061314,8.580461067830498,0,1,6723.537,0.012832484,6,1,false,false,1.5895168,0.70049125,9.220293,0.35023424,3
63.13684,0.3950404,49.331763307558035,8.580474687176215,0,1,6724.135,0.011620953,6,1,false,false,1.5246089,0.57213485,10.040664,0.35050288,3
63.14582,0.3952727,49.33176663436851,8.580488306941763,0,1,6737.7827,0.014043079,6,1,false,false,1.4382263,0.6214183,8.315424,0.3507912,3
63.157417,0.39550504,49.3317698713134,8.58050192628748,0,1,6746.0947,0.013800585,6,1,false,false,1.5963366,0.8272861,9.624175,0.35109,3
63.172596,0.39573747,49.331773198123884,8.580515408348177,0,1,6731.213,0.01404308,6,1,false,false,1.4359313,0.9201606,8.266069,0.3513893,3
63.186493,0.39596993,49.33177643506877,8.580529027693894,0,1,6723.9272,0.013316535,6,1,false,false,1.346899,0.84679234,9.351443,0.3516581,3
63.19812,0.39620242,49.331779762016446,8.58054264703961,0,1,6728.8135,0.014043079,6,1,false,false,1.2974728,0.62406033,10.883255,0.3518909,3
63.208008,0.39643496,49.33178299896134,8.58055626680516,0,1,6731.667,0.013559029,6,1,false,false,1.3118827,0.61213195,10.383316,0.35212535,3
63.218887,0.39666754,49.331786325771816,8.580569748446026,0,1,6743.031,0.013800584,6,1,false,false,1.3204232,0.7601336,9.270954,0.35239568,3
63.23249,0.39690018,49.331789652582295,8.580583368211574,0,1,6736.488,0.01404308,6,1,false,false,1.2410895,0.91752356,10.037368,0.35268113,3
63.24606,0.39713284,49.331792889527186,8.580596987557291,0,1,6723.596,0.015010244,6,1,false,false,1.1874506,0.78901243,9.898812,0.35294402,3
63.257088,0.39736557,49.331796216337665,8.580610606903008,0,1,6728.663,0.015736787,6,1,false,false,1.3979981,0.6673184,10.345951,0.35318357,3
63.26686,0.39759833,49.33179954328534,8.580624226668556,0,1,6737.3853,0.01597928,6,1,false,false,1.2913126,0.6133582,10.166305,0.3534452,3
63.277687,0.39783114,49.33180287009583,8.580637708309421,0,1,6738.513,0.014527128,6,1,false,false,0.99563444,0.71615624,9.884634,0.3537393,3
63.289696,0.39806402,49.33180619690631,8.580651327655138,0,1,6740.0884,0.014527129,6,1,false,false,1.1030488,0.7584454,9.809152,0.3540193,3
63.301647,0.3982969,49.331809523853984,8.580664947420688,0,1,6738.3,0.012347499,6,1,false,false,1.3438574,0.76466644,10.146133,0.35427225,3
63.313107,0.39852983,49.33181285066446,8.580678566766405,0,1,6740.3135,0.014285573,6,1,false,false,0.89669114,0.7308837,10.293125,0.3545657,3
63.32449,0.39876282,49.33181617747495,8.580692186112122,0,1,6741.0693,0.013316534,6,1,false,false,0.78534853,0.6891326,9.467322,0.35486078,3
63.337154,0.39899585,49.331819504422626,8.580705668172818,0,1,6742.052,0.014043079,6,1,false,false,1.5790929,0.8824867,10.798907,0.35510367,3
63.348927,0.3992289,49.331822831233104,8.580719287518535,0,1,6733.4966,0.017432366,6,1,false,false,0.94437146,0.78542185,9.428108,0.35538027,3
63.359924,0.399462,49.33182615804358,8.580732907284084,0,1,6736.314,0.017189873,6,1,false,false,0.6587858,0.69290334,8.347561,0.35565,3
63.370197,0.3996952,49.33182948499127,8.5807465266298,0,1,6741.302,0.02009511,6,1,false,false,1.1186887,0.620929,9.188171,0.3558638,3
63.37908,0.39992836,49.331832811801746,8.580760145975518,0,1,6743.286,0.021305706,6,1,false,false,1.1427569,0.46869898,8.629587,0.35608304,3
63.38682,0.40016156,49.33183622861502,8.580773765741068,0,1,6761.916,0.022274744,6,1,false,false,0.8978566,0.5143354,10.187684,0.35637218,3
63.39746,0.4003948,49.331839555425496,8.580787247381933,0,1,6773.4634,0.022516299,6,1,false,false,0.8518341,0.7886402,9.704371,0.35674572,3
63.411682,0.40062812,49.331842882235975,8.580800867147481,0,1,6761.3145,0.0225163,6,1,false,false,1.1066748,0.9391091,8.972853,0.3571639,3
63.427044,0.40086147,49.331846299049246,8.580814486493198,0,1,6752.497,0.021790696,6,1,false,false,1.3956045,0.9149535,9.936616,0.35758063,3
63.439373,0.40109488,49.331849625859725,8.580828105838915,0,1,6747.415,0.0215482,6,1,false,false,1.153523,0.7290072,9.6814,0.3580103,3
63.449944,0.40132833,49.331853042672996,8.580841725604463,0,1,6751.68,0.01936951,6,1,false,false,0.9661822,0.6299881,9.646462,0.3584376,3
63.460674,0.40156183,49.331856369483475,8.58085534495018,0,1,6756.6143,0.020337604,6,1,false,false,1.4462008,0.7200128,9.874958,0.35884845,3
63.471302,0.40179533,49.33185978629675,8.580868964295897,0,1,6754.007,0.019852618,6,1,false,false,1.0447662,0.63221693,8.18651,0.35925934,3
63.48172,0.4020289,49.331863113107225,8.580882584061447,0,1,6759.9956,0.017916422,6,1,false,false,0.9294952,0.6386038,10.508579,0.35965404,3
63.492,0.40226248,49.3318665299205,8.580896203407164,0,1,6764.579,0.018158913,6,1,false,false,1.2058831,0.6178523,9.604706,0.36004817,3
63.502426,0.40249613,49.33186985673098,8.580909685048029,0,1,6768.1763,0.017432367,6,1,false,false,1.3069887,0.7106306,9.635995,0.36046174,3
63.514385,0.4027298,49.331873273544254,8.580923304813577,0,1,6772.733,0.012347499,6,1,false,false,1.2106364,0.7612213,10.126885,0.36088565,3
63.527203,0.40296352,49.331876690357525,8.580936924159294,0,1,6764.692,0.010410362,6,1,false,false,1.0738468,0.86637795,12.55767,0.3613014,3
63.540146,0.4031973,49.33188010703359,8.580950543505011,0,1,6761.22,0.008231663,6,1,false,false,1.1447294,0.7652412,10.247867,0.36168885,3
63.551716,0.40343112,49.33188352384686,8.58096416327056,0,1,6759.4893,0.0070210723,6,1,false,false,1.238374,0.7364074,11.123062,0.36200005,3
63.563137,0.40366495,49.33188685065735,8.580977782616277,0,1,6756.195,0.004358325,6,1,false,false,1.1920476,0.66763467,11.335674,0.36223984,3
63.572826,0.40389884,49.33189026747061,8.580991401961994,0,1,6755.9683,0.0038742765,6,1,false,false,0.7291432,0.5973796,9.162864,0.36242706,3
63.582294,0.40413272,49.331893684283884,8.581005021727544,0,1,6764.786,0.0026636815,6,1,false,false,0.9275159,0.6253243,11.648232,0.36255494,3
63.591545,0.40436667,49.33189710095996,8.58101864107326,0,1,6765.1543,9.361538e-07,6,1,false,false,0.8972566,0.59042126,10.707056,0.3626335,3
63.601276,0.40460065,49.33190051777323,8.581032260418977,0,1,6770.693,-0.00024155708,6,1,false,false,0.38122976,0.6885484,10.362991,0.3626996,3
63.612526,0.40483466,49.3319039345865,8.581045880184526,0,1,6771.5366,-0.0036317825,6,1,false,false,0.5025091,0.7120253,9.724967,0.36270234,3
63.62355,0.40506873,49.33190735126257,8.581059499530243,0,1,6762.224,-0.0026636808,6,1,false,false,0.33219516,0.69201183,8.77718,0.36266184,3
63.633232,0.40530285,49.33191076807584,8.58107311887596,0,1,6768.816,-0.0029052382,6,1,false,false,0.5890012,0.57750034,9.765817,0.36257604,3
63.64189,0.40553698,49.33191427475471,8.581086738641508,0,1,6776.9634,-0.0012105939,6,1,false,false,0.33366948,0.5869046,9.567822,0.36247885,3
63.65142,0.40577117,49.33191769156797,8.581100357987225,0,1,6779.925,-0.00096810074,6,1,false,false,0.13029024,0.6537373,9.256008,0.3623884,3
63.66209,0.40600535,49.331921108244046,8.581113977332942,0,1,6784.0913,0.002905239,6,1,false,false,0.3561518,0.67936563,8.516794,0.36229324,3
63.673214,0.4062396,49.33192452505732,8.58112759709849,0,1,6782.099,0.0060529704,6,1,false,false,0.35474253,0.74031216,9.604809,0.3622184,3
63.684124,0.40647388,49.33192794187059,8.581141216444207,0,1,6781.4917,0.009443195,6,1,false,false,0.23005307,0.6883903,9.313367,0.362165,3
63.69458,0.40670824,49.33193135868386,8.581154835789924,0,1,6784.4404,0.012105942,6,1,false,false,0.07221213,0.6495395,9.013717,0.36217564,3
63.70535,0.4069426,49.331934865362726,8.581168455555474,0,1,6787.3467,0.01743237,6,1,false,false,0.29755533,0.6826245,9.657757,0.36223194,3
63.71652,0.407177,49.3319382820388,8.581182074901191,0,1,6785.2563,0.019611059,6,1,false,false,0.49922392,0.7459778,11.017682,0.36234602,3
63.72766,0.40741146,49.33194169885207,8.581195694246908,0,1,6785.59,0.021548199,6,1,false,false,0.3001734,0.7299165,10.477692,0.36254865,3
63.738976,0.40764594,49.331945115665334,8.581209314012456,0,1,6784.2925,0.02469499,6,1,false,false,0.49942267,0.7154356,10.114705,0.362825,3
63.750423,0.40788049,49.3319486223442,8.581222933358173,0,1,6780.3677,0.026390577,6,1,false,false,0.7522028,0.7028988,10.677049,0.3631507,3
63.760952,0.40811506,49.33195203902027,8.58123655270389,0,1,6778.5796,0.02711712,6,1,false,false,0.6019768,0.6698263,10.6291685,0.36354235,3
63.770622,0.40834966,49.331955455833544,8.581250172049607,0,1,6781.112,0.027843663,6,1,false,false,0.7936845,0.6267426,11.25276,0.36397487,3
63.78005,0.4085843,49.3319589625124,8.581263791815156,0,1,6782.2915,0.02711712,6,1,false,false,1.0441139,0.5943498,10.866201,0.36446503,3
63.789524,0.408819,49.331962379325674,8.581277548865724,0,1,6786.1523,0.026390577,6,1,false,false,1.0846677,0.6421571,11.294219,0.3649956,3
63.799694,0.40905368,49.33196588600454,8.581291168211441,0,1,6786.033,0.022758799,6,1,false,false,0.9547785,0.7098068,12.074527,0.36554477,3
63.809746,0.40928847,49.33196930268061,8.581304787557158,0,1,6780.972,0.02033761,6,1,false,false,1.0079355,0.62921214,10.410975,0.3661019,3
63.81929,0.40952325,49.33197280935947,8.581318407322708,0,1,6781.3423,0.019852618,6,1,false,false,1.2616234,0.6359023,11.207162,0.36662805,3
63.828083,0.4097581,49.33197622617274,8.581332026668425,0,1,6783.0605,0.015495227,6,1,false,false,1.0129547,0.5644733,10.25401,0.36709544,3
63.83591,0.40999293,49.33197973285161,8.581345646014142,0,1,6786.82,0.01428557,6,1,false,false,0.95447797,0.58107984,9.459638,0.36752683,3
63.844147,0.4102278,49.33198314966488,8.58135926577969,0,1,6793.3916,0.013316534,6,1,false,false,0.8807623,0.54140997,9.82901,0.36791438,3
63.852665,0.41046274,49.33198665634374,8.58137302283026,0,1,6795.9595,0.010652855,6,1,false,false,0.9183406,0.6002501,10.947339,0.36826158,3
63.8615,0.41069767,49.3319901630226,8.581386642175977,0,1,6802.1616,0.008231668,6,1,false,false,0.86315644,0.62365997,9.585222,0.3686092,3
63.87162,0.41093263,49.331993579835874,8.581400261521694,0,1,6805.2764,0.00799011,6,1,false,false,0.8292005,0.7591323,8.90895,0.36893603,3
63.883152,0.41116765,49.33199708651474,8.581413881287242,0,1,6795.465,0.006537021,6,1,false,false,0.9230061,0.77194256,10.551934,0.36919388,3
63.893387,0.41140273,49.3320005931936,8.581427500632959,0,1,6791.055,0.0067795147,6,1,false,false,0.8901998,0.6023883,9.684538,0.36940032,3
63.901817,0.4116378,49.332004099872464,8.581441120398509,0,1,6800.9033,0.0075060576,6,1,false,false,0.7053038,0.5968498,9.990291,0.369582,3
63.9106,0.41187295,49.33200760655132,8.581454739744226,0,1,6803.3413,0.007263564,6,1,false,false,1.1025397,0.6243976,10.57622,0.36974353,3
63.9204,0.4121081,49.33201111309299,8.581468496794795,0,1,6801.1514,0.005810478,6,1,false,false,0.5816017,0.67126364,9.564468,0.3699237,3
63.930275,0.41234326,49.33201461990905,8.581482116140512,0,1,6802.399,0.0041158325,6,1,false,false,0.4099486,0.69360185,10.336474,0.37006772,3
63.94013,0.41257852,49.33201812645071,8.581495735486229,0,1,6799.865,0.00072654325,6,1,false,false,0.5665927,0.6282015,9.974469,0.37015694,3
63.948944,0.41281378,49.33202163326678,8.581509354831944,0,1,6800.694,-0.0053264266,6,1,false,false,0.48315555,0.6120391,10.80752,0.37021923,3
63.95765,0.41304907,49.33202513980844,8.58152297417766,0,1,6806.988,-0.00944226,6,1,false,false,-0.015543342,0.59342587,9.86641,0.37023443,3
63.966892,0.41328436,49.3320286466245,8.58153673122823,0,1,6805.9062,-0.014042142,6,1,false,false,0.18401176,0.7039218,11.559539,0.37017393,3
63.97672,0.41351974,49.332032153440565,8.581550351413611,0,1,6804.5073,-0.017189875,6,1,false,false,-0.027809545,0.6453516,10.381733,0.37003246,3
63.986145,0.41375515,49.332035659982225,8.581563970759328,0,1,6804.9585,-0.022757862,6,1,false,false,-0.19968969,0.69759595,10.967064,0.36982426,3
63.99485,0.41399056,49.33203916679829,8.581577590105045,0,1,6804.507,-0.023484401,6,1,false,false,-0.49215308,0.5658901,10.049711,0.36953962,3
64.00368,0.414226,49.33204267333995,8.581591209450762,0,1,6807.0005,-0.026390575,6,1,false,false,-0.73466355,0.6077978,10.117636,0.36917278,3
64.01227,0.4144615,49.33204618015601,8.581604966501331,0,1,6809.711,-0.026873687,6,1,false,false,-0.7561966,0.5942498,9.41377,0.3687333,3
64.02131,0.41469702,49.33204968669767,8.581618585847048,0,1,6809.2095,-0.028084284,6,1,false,false,-0.83005273,0.6634619,10.851565,0.36823907,3
64.03008,0.41493258,49.33205319351374,8.581632205192765,0,1,6812.3037,-0.026390582,6,1,false,false,-0.76188195,0.6603349,11.421197,0.36770245,3
64.03882,0.41516817,49.332056700055404,8.581645962243334,0,1,6811.662,-0.02445344,6,1,false,false,-1.2881309,0.64495075,9.019327,0.3671422,3
64.048134,0.41540378,49.33206020687146,8.581659582428715,0,1,6810.7324,-0.023726895,6,1,false,false,-1.1978436,0.6410126,11.82066,0.36652938,3
64.05678,0.4156394,49.33206371341313,8.581673201774432,0,1,6810.2656,-0.018884525,6,1,false,false,-1.1330365,0.60575855,10.845345,0.3659403,3
64.0644,0.41587508,49.33206722022919,8.581686958825001,0,1,6816.3374,-0.014042145,6,1,false,false,-1.17425,0.62889177,10.064429,0.365387,3
64.07317,0.41611078,49.33207072677085,8.581700578170718,0,1,6818.2725,-0.010410359,6,1,false,false,-1.2975717,0.6462708,9.377309,0.36484748,3
64.08219,0.41634655,49.332074233586916,8.581714335221287,0,1,6813.8438,-0.0070210705,6,1,false,false,-1.3058442,0.6103855,8.945954,0.36438194,3
64.09041,0.41658232,49.332077740128575,8.581727954567004,0,1,6820.0977,-0.002178695,6,1,false,false,-1.2629397,0.61741376,9.61435,0.36398754,3
64.098465,0.4168181,49.33208124694464,8.581741711617571,0,1,6823.1313,9.3650306e-07,6,1,false,false,-0.9734429,0.6326665,11.354894,0.36363986,3
64.10678,0.41705394,49.3320847534863,8.581755330963288,0,1,6823.932,0.0014521511,6,1,false,false,-1.2777497,0.5955149,9.689788,0.36337978,3
64.11563,0.41728982,49.33208826030236,8.581769088013857,0,1,6829.341,0.0016946445,6,1,false,false,-1.4458787,0.6741961,9.964511,0.3631803,3
64.12648,0.4175257,49.332091677115635,8.581782707359574,0,1,6824.0737,0.0007265437,6,1,false,false,-0.8961984,0.7834587,11.622695,0.36300263,3
64.13648,0.41776162,49.3320951836573,8.581796464410143,0,1,6813.983,0.0007265437,6,1,false,false,-0.92033106,0.6817765,10.372714,0.3628914,3
64.144966,0.41799763,49.33209869047336,8.581810084595524,0,1,6818.8467,0.00024249335,6,1,false,false,-1.2743183,0.6129676,9.739479,0.36284846,3
64.152756,0.4182336,49.332102197015026,8.581823841646093,0,1,6818.4277,-0.004114896,6,1,false,false,-1.0581805,0.5502608,11.645713,0.36278623,3
64.15998,0.4184696,49.33210570383108,8.581837598696662,0,1,6822.7373,-0.0038733387,6,1,false,false,-0.7233459,0.5161174,10.853405,0.36274403,3
64.16736,0.41870567,49.332109120644354,8.58185121804238,0,1,6831.7295,-0.0024211886,6,1,false,false,-1.1542051,0.63529915,9.756503,0.36273646,3
64.17688,0.41894177,49.33211262718602,8.581864975092948,0,1,6826.7915,-0.007021071,6,1,false,false,-1.0640703,0.72357506,10.842893,0.36267075,3
64.186325,0.4191779,49.332116134002085,8.581878732143517,0,1,6819.832,-0.0053264266,6,1,false,false,-1.0040898,0.62127036,9.900043,0.36261478,3
64.19439,0.41941407,49.332119640543745,8.581892351489234,0,1,6826.417,-0.004114895,6,1,false,false,-0.9914874,0.5915905,10.872595,0.3625561,3
64.20253,0.41965023,49.332123057357016,8.581906108539803,0,1,6827.109,-0.005083934,6,1,false,false,-0.7454449,0.656745,11.429838,0.36245736,3
64.210785,0.41988647,49.33212656417308,8.581919865590372,0,1,6821.9097,-0.002178695,6,1,false,false,-0.7041677,0.6427947,10.116954,0.36237687,3
64.21869,0.4201227,49.33213007071474,8.58193362264094,0,1,6826.388,-0.0014521515,6,1,false,false,-0.76512295,0.5962125,10.848061,0.3623104,3
64.226036,0.420359,49.33213348752801,8.581947241986658,0,1,6827.3813,-0.000968101,6,1,false,false,-0.6459593,0.57421124,10.703511,0.36223674,3
64.233475,0.42059526,49.33213699406968,8.581960999037227,0,1,6828.4834,0.0012105941,6,1,false,false,-0.69474536,0.5814681,9.757864,0.3621991,3
64.240845,0.42083162,49.332140500885735,8.581974756087796,0,1,6832.9023,-0.0012105941,6,1,false,false,-0.6949308,0.5817355,11.382689,0.36218098,3
64.2486,0.42106798,49.33214391769901,8.581988513138363,0,1,6833.502,-0.0016946448,6,1,false,false,-0.50759834,0.6252761,11.098514,0.36216012,3
64.256325,0.42130437,49.332147424240674,8.582002270188932,0,1,6834.7,-0.0029052387,6,1,false,false,-0.7454383,0.6449249,9.965262,0.36216155,3
64.264626,0.4215408,49.33215093105673,8.5820160272395,0,1,6834.74,-0.005810477,6,1,false,false,-0.86168754,0.6719024,11.311807,0.36214137,3
64.27233,0.42177722,49.33215434787,8.58202978429007,0,1,6829.436,-0.007747614,6,1,false,false,-0.8193141,0.52792186,12.056499,0.362092,3
64.278984,0.4220137,49.33215785441167,8.582043403635787,0,1,6833.8394,-0.009442257,6,1,false,false,-0.15757908,0.5498496,10.515585,0.3620358,3
64.285805,0.4222502,49.33216136122773,8.582057160686356,0,1,6840.16,-0.0091997655,6,1,false,false,-0.6908633,0.6659846,8.982125,0.36197454,3
64.292755,0.42248672,49.332164778041,8.582070917736925,0,1,6832.8213,-0.012347495,6,1,false,false,-0.9379181,0.60138243,8.983251,0.3618837,3
64.29894,0.4227233,49.332168284582664,8.582084674787493,0,1,6837.6626,-0.013315597,6,1,false,false,-0.13516568,0.35750186,10.245717,0.361731,3
64.30434,0.42295986,49.332171701395936,8.582098431838062,0,1,6852.285,-0.009683815,6,1,false,false,-0.49876654,0.5505476,9.195695,0.36160937,3
64.309875,0.42319643,49.332175207937595,8.582112188888631,0,1,6854.9336,-0.012105941,6,1,false,false,-1.0570124,0.59989154,8.1462555,0.36148745,3
64.31811,0.4234331,49.33217871475366,8.5821259459392,0,1,6856.1045,-0.012105941,6,1,false,false,-0.45638818,0.59002936,10.357657,0.36131144,3
64.327484,0.42366973,49.33218213156693,8.58213970298977,0,1,6857.748,-0.01041036,6,1,false,false,-0.8284293,0.72135895,10.9962015,0.36115336,3
64.33642,0.42390642,49.3321856381086,8.582153460040338,0,1,6857.565,-0.01041036,6,1,false,false,-0.85388166,0.74516815,10.069703,0.3609853,3
64.34814,0.42414314,49.33218905492186,8.582167217090907,0,1,6848.0625,-0.0113793975,6,1,false,false,-0.656819,0.9204193,9.429145,0.36078912,3
64.358505,0.42437991,49.332192561737926,8.582180974141476,0,1,6828.791,-0.009199767,6,1,false,false,-0.8477228,0.65793437,11.264272,0.36059594,3
64.36443,0.42461672,49.33219606827959,8.582194731192045,0,1,6834.634,-0.008957272,6,1,false,false,-0.7876988,0.4246506,10.683428,0.36039874,3
64.36844,0.42485353,49.332199485092865,8.582208625947466,0,1,6854.01,-0.005810477,6,1,false,false,-0.67660403,0.4445675,11.235078,0.36019534,3
64.37554,0.4250904,49.33220299190892,8.582222382998035,0,1,6852.186,-0.0038733387,6,1,false,false,-0.7207043,0.63074505,12.131049,0.3600036,3
64.38439,0.42532727,49.332206408447796,8.582236140048604,0,1,6847.1206,-0.0007256075,6,1,false,false,-0.49964154,0.73159206,10.548814,0.35982028,3
64.3926,0.42556417,49.33220991526386,8.582249897099173,0,1,6844.3047,0.0036317823,6,1,false,false,-0.77511483,0.6806303,9.937299,0.3596964,3
64.39989,0.42580107,49.33221333207713,8.58226365414974,0,1,6839.644,0.0058104764,6,1,false,false,-0.68028605,0.54821646,10.996422,0.3595989,3
64.40533,0.42603803,49.33221683861879,8.582277411200309,0,1,6841.071,0.009927245,6,1,false,false,-0.2634924,0.47492427,10.695654,0.35954645,3
64.41046,0.426275,49.33222025543206,8.58229130595573,0,1,6854.712,0.013559029,6,1,false,false,-0.36798376,0.52825534,10.579088,0.35957977,3
64.417,0.42651203,49.33222376224813,8.582305063006299,0.004646729,0.9610357,6855.2163,0.01597928,6,1,false,false,-0.50876033,0.6477705,10.346763,0.35966492,3
64.423515,0.42674908,49.332227178787,8.582318820056868,0.056237344,0.78717643,6837.5845,0.018401405,6,1,false,false,-0.20870605,0.50828844,11.033159,0.35980564,3
64.41861,0.4269861,49.33223068560306,8.582332577107437,0.118074596,0.6184958,6804.3784,0.021548197,6,1,false,false,-0.17635906,-0.62077546,10.856638,0.36003715,3
64.38925,0.42722306,49.33223410241633,8.582346334158006,0.1851543,0.4611591,6766.579,0.017189879,6,1,false,false,-0.036377504,-2.2140746,8.573815,0.36028314,3
64.3299,0.42745987,49.332237608957996,8.582360091208574,0.28619087,0.3085081,6731.0156,0.018158913,6,1,false,false,0.06089717,-4.298214,8.3165045,0.36052796,3
64.22846,0.4276964,49.33224102577127,8.582373848259143,0.36363643,0.2086313,6697.731,0.020337602,6,1,false,false,-0.044218823,-6.9033237,11.01137,0.3608029,3
64.09673,0.4279325,49.332244532587325,8.582387605309712,0.4307161,0.1289766,6661.775,0.019852618,6,1,false,false,0.30128804,-8.062228,8.899204,0.3610209,3
63.944042,0.42816806,49.332247949400596,8.582401362360281,0.4876683,0.06855735,6596.269,0.020095114,6,1,false,false,0.37158114,-9.657128,8.917569,0.36125892,3
63.76371,0.42840302,49.33225136593947,8.582414981705998,0.53353983,0.026387177,6503.8447,0.024453435,6,1,false,false,0.40770745,-11.222588,9.293325,0.36158258,3
63.565777,0.42863727,49.33225478275274,8.582428601051715,0.57130957,0,6399.154,0.02663213,6,1,false,false,0.5097492,-12.198211,9.250408,0.3619741,3
63.345394,0.4288708,49.33225819956601,8.582442220397432,0.60431314,0,6434.138,0.027358677,6,1,false,false,0.38434833,-14.113841,11.083535,0.36239937,3
63.095108,0.4291034,49.332261616379284,8.582455702877962,0.6412486,0,6557.1978,0.027117122,6,1,false,false,0.66735625,-14.988675,10.698635,0.36278513,3
62.848614,0.4293351,49.332265033192556,8.582469184518827,0.66841406,0,6446.4185,0.027358675,6,1,false,false,0.75889194,-14.621511,11.572084,0.36318395,3
62.601944,0.4295659,49.332268360003035,8.582482666159692,0.69438803,0,6340.1577,0.025421541,6,1,false,false,0.56272393,-14.371236,8.047245,0.36353704,3
62.34665,0.4297958,49.332271776816306,8.582496010935367,0.7126175,0,6385.6484,0.023485342,6,1,false,false,1.1062264,-16.080141,10.866567,0.3638298,3
62.0711,0.43002468,49.332275103626785,8.58250921716653,0.72691524,0,6354.456,0.025906524,6,1,false,false,0.86700654,-16.258097,11.463601,0.3642213,3
61.808754,0.4302526,49.332278520440056,8.582522561942206,0.7416896,0,6253.2334,0.025664032,6,1,false,false,0.99837184,-15.603499,11.8265,0.36462414,3
61.530296,0.4304795,49.332281847250535,8.582535769013031,0.7468129,0,6202.0737,0.02493749,6,1,false,false,1.2010583,-17.04975,10.036072,0.36504793,3
61.240807,0.4307054,49.33228517406101,8.58254883753934,0.75229347,0,6200.7363,0.026390577,6,1,false,false,0.9841254,-17.250137,8.330011,0.3655957,3
60.94927,0.43093023,49.332288411143104,8.582561906905314,0.7534852,0,6202.8135,0.026632132,6,1,false,false,0.9241498,-17.634096,10.489685,0.3661183,3
60.65661,0.43115395,49.33229173795358,8.582574838566435,0.753485,0.77,6423.3735,0.025664035,0,1,false,false,0.9376604,-17.091364,11.666986,0.36661285,3
60.377987,0.43137655,49.332294974761275,8.582587770227557,0.7520552,0,6593.4854,0.022516305,0,1,false,false,1.1900823,-16.192093,10.872871,0.36706448,3
60.101604,0.43159816,49.332298301571754,8.582600701888678,0.7520553,0,6641.06,0.015495228,5,1,false,false,1.0281185,-17.381922,9.460933,0.36743778,3
59.778667,0.4318187,49.332301538653844,8.582613495844948,0.7569405,0,7022.024,0.011379397,5,1,false,false,0.75716126,-19.77173,10.1439,0.36774477,3
59.468742,0.43203798,49.33230477546153,8.582626289801217,0.759919,0,6906.792,0.010652854,5,1,false,false,0.7119461,-17.736464,10.611819,0.3679967,3
59.181175,0.43225622,49.33230801254362,8.582638946892297,0.7663528,0,6789.195,0.0072635636,5,1,false,false,0.675753,-16.967453,11.433697,0.36817223,3
58.898438,0.4324734,49.33231124935131,8.582651465438863,0.77254844,0,6674.773,0.0048423763,5,1,false,false,0.71729267,-16.733118,10.662752,0.36827946,3
58.61387,0.4326895,49.332314396430604,8.58266412169028,0.7792208,0,6724.207,0.0031477315,5,1,false,false,0.6552415,-17.34499,9.120589,0.3683781,3
58.31355,0.43290457,49.332317633512694,8.582676503371658,0.78636974,0,6745.443,0.0038742754,5,1,false,false,0.28593808,-17.76329,9.842876,0.36843872,3
58.018612,0.43311852,49.33232078031759,8.582689021918224,0.79888016,0,6649.455,0.0026636815,5,1,false,false,0.59033394,-17.445007,10.383775,0.36836776,3
57.725834,0.4333314,49.332323927396885,8.58270126589475,0.81055653,0,6626.56,0.0031477322,5,1,false,false,0.5598639,-17.533094,10.288173,0.36829597,3
57.427277,0.43354318,49.33232707447618,8.582713647576126,0.821399,0,6584.165,0.0050848704,5,1,false,false,0.45373124,-17.749086,10.740317,0.36827198,3
57.126476,0.43375385,49.33233022155548,8.58272589071299,0.8306921,0,6507.759,0.00508487,5,1,false,false,0.43139783,-17.97945,10.606729,0.36825618,3
56.823833,0.43396345,49.332333278631985,8.582737996984662,0.8368878,0,6478.762,0.0031477318,5,1,false,false,0.09837769,-18.11621,9.878135,0.36821654,3
56.51717,0.43417186,49.33233642571128,8.582750103256336,0.84153455,0,6460.093,0.00072654383,5,1,false,false,0.017692178,-18.190159,10.124087,0.36807388,3
56.20598,0.43437916,49.33233948278779,8.58276220952801,0.8442751,0,6421.6587,-0.003390225,5,1,false,false,0.074480474,-18.613548,10.990532,0.3678327,3
55.895977,0.43458533,49.3323425398643,8.582774178094832,0.83891344,0,6385.293,-0.0058104773,5,1,false,false,-0.05980602,-18.434153,10.924456,0.367582,3
55.58773,0.43479034,49.332345596940804,8.582786008956802,0.83128804,0,6333.0146,-0.007505122,5,1,false,false,-0.13222314,-18.209435,10.1422,0.3672828,3
55.277775,0.43499425,49.33234865401731,8.582797840658435,0.8283093,0,6284.091,-0.009926308,5,1,false,false,-0.25046754,-18.597464,10.984277,0.3669687,3
54.968082,0.43519697,49.332351621365426,8.582809671520405,0.8274753,0,6271.868,-0.008473223,5,1,false,false,-0.47745615,-18.410416,10.187866,0.36668345,3
54.661068,0.43539858,49.33235458843914,8.582821364677523,0.82830924,0,6255.688,-0.008957271,5,1,false,false,-0.4250336,-17.964653,9.924094,0.36629808,3
54.357338,0.43559906,49.33235755551285,8.582832920969453,0.8283093,0,6213.9336,-0.008715717,5,1,false,false,-0.25763702,-18.187405,10.853354,0.36585557,3
54.056755,0.4357984,49.33236052286097,8.58284447642172,0.8260455,0,6188.192,-0.007990111,5,1,false,false,-0.62943393,-17.695917,10.103554,0.3654528,3
53.758507,0.43599668,49.33236348993468,8.582856032713648,0.8218756,0,6152.543,-0.009199767,5,1,false,false,-0.8118002,-17.66418,10.651101,0.3650104,3
53.46532,0.43619385,49.332366457282795,8.582867451300727,0.81794363,0,6096.3315,-0.01210594,5,1,false,false,-0.98239154,-17.3378,9.818676,0.3644822,3
53.175266,0.43638992,49.33236933462812,8.582878869048141,0.81401175,0,6051.5312,-0.014768687,5,1,false,false,-1.0539186,-17.005629,8.8037615,0.36387995,3
52.883137,0.43658498,49.332372211699045,8.582890149930368,0.8112712,0,6020.386,-0.016221773,5,1,false,false,-1.0112568,-17.72388,10.375743,0.3632032,3
52.584503,0.43677893,49.33237508904436,8.582901430812594,0.8085308,0,5995.014,-0.016948316,5,1,false,false,-1.3666564,-17.663479,10.325063,0.36249164,3
52.292496,0.43697178,49.332377966389686,8.582912711694819,0.80710113,0,5967.063,-0.01646333,5,1,false,false,-1.3268085,-16.947002,9.31131,0.36170894,3
52.007004,0.43716356,49.33238075373222,8.582923854872194,0.80364573,0,5911.937,-0.015010243,5,1,false,false,-1.3597537,-17.04901,9.387284,0.36086807,3
51.719303,0.43735433,49.332383541074755,8.582934860344716,0.79971415,0,5875.2417,-0.013558095,5,1,false,false,-1.4883723,-17.125507,9.58167,0.36000046,3
51.42924,0.437544,49.332386328417286,8.582945866656901,0.79447156,0,5866.576,-0.0091997655,5,1,false,false,-1.6779778,-17.374016,10.209623,0.3591159,3
51.13973,0.4377326,49.33238911575982,8.582956872129424,0.7870844,0,5823.9785,-0.005567983,5,1,false,false,-1.6121752,-17.125814,10.353496,0.35816637,3
50.859196,0.43792012,49.33239190310235,8.582967739897095,0.7794591,0,5776.06,-0.0029052382,5,1,false,false,-1.5340481,-16.44838,9.389147,0.35717356,3
50.577557,0.4381067,49.33239460071648,8.582978607664765,0.7675443,0,5739.78,-0.0016946446,5,1,false,false,-1.965119,-16.998804,10.746792,0.35620555,3
50.290062,0.43829215,49.33239738805902,8.582989338567248,0.7532468,0,5723.668,-0.0043573896,5,1,false,false,-2.058011,-16.86868,9.772046,0.35515782,3
50.010593,0.43847656,49.33240008539876,8.583000068630067,0.7426427,0,5722.144,-0.008231665,5,1,false,false,-2.1277835,-16.33643,9.584963,0.35409978,3
49.739002,0.43866,49.33240269301011,8.583010799532548,0.73775756,0,5695.846,-0.0065370207,5,1,false,false,-2.3929105,-16.247496,10.612713,0.35307357,3
49.466698,0.43884242,49.33240539034985,8.58302139273018,0.7333492,0,5670.5586,-0.0065370207,5,1,false,false,-2.4164538,-15.987195,10.374055,0.35204163,3
49.20052,0.43902382,49.3324079979612,8.583031985088146,0.73013234,0,5654.6157,-0.003631783,5,1,false,false,-2.173662,-15.72267,10.832187,0.35099941,3
48.936687,0.43920428,49.33241060557255,8.583042440580924,0.7271536,0,5606.1562,0.0012105941,5,1,false,false,-2.4650636,-15.472348,10.576116,0.34999064,3
48.676865,0.43938377,49.33241321290949,8.583052896073703,0.7227451,0,5567.095,0.006779514,5,1,false,false,-2.2597291,-15.28431,9.933181,0.348944,3
48.41767,0.4395623,49.33241582052084,8.583063351566482,0.7165496,0,5554.6978,0.013559027,5,1,false,false,-2.3211365,-15.235707,9.190599,0.34798437,3
48.159058,0.43973988,49.3324183381294,8.583073669354407,0.708686,0,5534.5923,0.02203225,5,1,false,false,-2.0440676,-15.3572235,9.569541,0.34716785,3
47.903133,0.4399165,49.33242094574075,8.583083987142334,0.6992731,0,5518.109,0.030506412,5,1,false,false,-2.0608997,-14.889984,9.407208,0.34654197,3
47.653587,0.4400922,49.33242346334931,8.583094304930261,0.6958178,0,5484.313,0.038253076,5,1,false,false,-1.5625217,-14.800753,10.286102,0.34603432,3
47.41073,0.44026703,49.332425980957865,8.583104485013337,0.69486487,0,5435.4834,0.04697067,5,1,false,false,-1.3962749,-14.257949,10.010941,0.3456727,3
47.16722,0.4404409,49.332428408563636,8.58311466509641,0.6992732,0,5384.961,0.052053683,5,1,false,false,-1.3469546,-14.686197,10.764955,0.34539723,3
46.92491,0.44061393,49.332430926172194,8.583124708314298,0.7046348,0.77,5639.297,0.05495985,0,1,false,false,-1.1654521,-14.072706,8.989348,0.34521034,3
46.681423,0.44078603,49.332433354052355,8.58313475069252,0.7089242,0.15888888,6012.175,0.0544758,0,1,false,false,-1.4416292,-14.536836,9.830902,0.3451411,3
46.4411,0.44095725,49.33243578165813,8.583144793070742,0.71380925,0,5923.7637,0.05181212,4,1,false,false,-1.151031,-14.11938,8.945683,0.3451254,3
46.162495,0.44112757,49.33243820926389,8.583154698583778,0.7177409,0,6314.1606,0.046970684,4,1,false,false,-0.6908183,-17.908981,9.961627,0.34516248,3
45.875618,0.44129685,49.33244063714406,8.58316460325715,0.72214943,0,6422.534,0.04333796,4,1,false,false,-0.6880313,-16.19307,9.913223,0.34527248,3
45.606506,0.44146508,49.332443064749825,8.583174371065331,0.725843,0,6317.5093,0.042369857,4,1,false,false,-0.9897727,-14.980614,9.523352,0.345478,3
45.36295,0.4416324,49.3324454026272,8.58318413803385,0.7290598,0,6214.024,0.04091771,4,1,false,false,-0.8058063,-14.498685,9.454042,0.34565914,3
45.105534,0.4417988,49.33244774023017,8.583193905842034,0.73037064,0,6113.9136,0.037043434,4,1,false,false,-0.4518767,-15.153792,9.885592,0.345828,3
44.858025,0.44196427,49.33245007810755,8.583203535945364,0.73084724,0,6015.5723,0.035348788,4,1,false,false,-0.4477197,-14.837025,9.53948,0.34609413,3
44.610516,0.4421288,49.332452415984925,8.583213166048695,0.72584283,0,5931.719,0.0319595,4,1,false,false,-0.40888196,-14.523673,9.0417385,0.346442,3
44.35442,0.44229245,49.332454753587896,8.583222795312363,0.7182176,0,6045.8853,0.029053323,4,1,false,false,-0.39508116,-15.892289,9.115879,0.34681174,3
44.082237,0.4424551,49.33245709146527,8.583232287710842,0.7115453,0,6077.1006,0.025664037,4,1,false,false,-0.53777856,-15.674914,9.683752,0.34715557,3
43.83019,0.4426168,49.332459339339856,8.583241643244133,0.7020135,0,5980.013,0.023242848,4,1,false,false,-0.030214086,-14.772362,10.100511,0.3473709,3
43.586258,0.44277757,49.33246167721723,8.583251134802948,0.69403064,0,5926.3667,0.01936951,4,1,false,false,0.18430474,-14.184517,9.233513,0.34758893,3
43.34467,0.44293746,49.332463925091815,8.583260490336238,0.67687356,0,5929.8516,0.018401407,4,1,false,false,-0.056387633,-14.440502,9.127516,0.34788382,3
43.099724,0.44309646,49.3324661729664,8.583269707325014,0.64839745,0,5895.2,0.016705824,4,1,false,false,-0.22495034,-13.91492,8.410677,0.34820864,3
42.871056,0.4432546,49.33246842084098,8.58327892431379,0.61908734,0,5861.578,0.015010243,4,1,false,false,-0.096254334,-13.552785,8.62779,0.3484549,3
42.64102,0.44341186,49.33247057871278,8.583288141302564,0.5951388,0,5848.073,0.011620954,4,1,false,false,0.2498417,-13.722528,9.966384,0.3486141,3
42.417366,0.4435683,49.33247282658736,8.583297359131004,0.5752411,0,5829.2485,0.012347498,4,1,false,false,0.4285922,-13.178166,10.064152,0.34877506,3
42.200855,0.44372392,49.332474984459154,8.583306438414928,0.5577268,0,5806.339,0.012589992,4,1,false,false,0.1819784,-12.229772,9.920396,0.34899065,3
41.99787,0.4438788,49.33247723233374,8.583315518538514,0.5421184,0,5779.8037,0.012347497,4,1,false,false,0.21770796,-11.972999,10.066615,0.34917086,3
41.789352,0.4440329,49.332479390479925,8.583324460117586,0.5236505,0,5757.8765,0.0094431965,4,1,false,false,0.3187823,-12.325652,10.833124,0.34931722,3
41.596096,0.44418624,49.33248154835172,8.58333340253632,0.5123317,0.77,5998.0654,0.006052971,0,1,false,false,0.3891077,-10.95625,10.424682,0.34942847,3
41.417717,0.44433895,49.33248370622351,8.583342344115392,0.50839996,0.77,6420.1875,9.359792e-07,0,1,false,false,0.0014550686,-10.19184,9.329584,0.34948346,3
41.246323,0.44449097,49.33248586436971,8.583351286534128,0.5079231,0.4644444,6800.216,-0.006537021,0,1,false,false,0.1583258,-9.984507,8.646287,0.34943354,3
41.071617,0.4446424,49.3324880222415,8.58336009124801,0.51137865,0,6724.7876,-0.011863447,3,1,false,false,-0.14146379,-10.499452,10.516719,0.34936062,3
40.856274,0.44479308,49.3324900903849,8.583368895961895,0.51554847,0,6923.6133,-0.014526194,3,1,false,false,-0.6696708,-14.283912,12.749941,0.34918362,3
40.622723,0.44494292,49.33249224825669,8.583377699836115,0.5199571,0,7126.925,-0.01646333,3,1,false,false,-0.14505893,-12.9929495,11.251738,0.34878433,3
40.43011,0.44509196,49.332494316400094,8.583386366845145,0.5241271,0,7042.147,-0.009199768,3,1,false,false,0.56147206,-10.281835,8.497945,0.34835762,3
40.254116,0.44524038,49.332496474271885,8.583395033854178,0.5307995,0,6922.632,9.366777e-07,3,1,false,false,0.2419343,-10.916128,8.293562,0.34820676,3
40.06181,0.44538808,49.33249854241529,8.583403700863208,0.5389015,0,6804.6167,0.014527129,3,1,false,false,-0.56951106,-10.949405,7.9662404,0.34809813,3
39.872124,0.4455351,49.332500610284285,8.583412230167388,0.5458119,0,6822.9214,0.018158909,3,1,false,false,0.15218754,-12.358745,7.457929,0.34764054,3
39.65799,0.44568136,49.33250267842769,8.583420759471567,0.55403316,0,6937.889,0.018401405,3,1,false,false,0.92201746,-11.934743,8.071432,0.3471463,3
39.469948,0.44582692,49.33250474657109,8.583429288775747,0.56285006,0,6858.003,0.02977987,3,1,false,false,1.0201359,-11.241417,8.640694,0.34711528,3
39.27339,0.44597173,49.3325067247117,8.583437818079927,0.56976044,0,6741.0474,0.03534878,3,1,false,false,-0.15655074,-11.433894,8.841649,0.34737617,3
39.08684,0.44611588,49.3325087925807,8.583446210518918,0.57524115,0,6627.6816,0.03026392,3,1,false,false,0.4295414,-11.945558,10.621655,0.34738007,3
38.87332,0.44625923,49.332510770721306,8.583454602118247,0.57869667,0,6518.474,0.030263916,3,1,false,false,0.9278036,-12.1679325,10.36165,0.3474897,3
38.676945,0.4464019,49.33251283886471,8.583462993717573,0.5810794,0,6410.7417,0.029537372,3,1,false,false,0.1847167,-11.561121,9.06864,0.34780473,3
38.477306,0.44654378,49.33251481700532,8.58347124761205,0.58429635,0,6401.1973,0.01888546,3,1,false,false,-0.12159933,-12.804635,8.965542,0.34800258,3
38.23513,0.4466849,49.33251679514593,8.583479502346188,0.59001565,0,6547.436,0.011620954,3,1,false,false,0.87199694,-15.450754,10.06768,0.34804747,3
37.97221,0.44682506,49.33251877328654,8.583487618535813,0.5983557,0,6634.4785,0.0053273635,3,1,false,false,0.21141449,-14.9038,11.473912,0.3483401,3
37.741764,0.4469643,49.33252075142715,8.583495873269953,0.6102705,0,6635.303,0.00024249271,3,1,false,false,-0.91557956,-12.892749,10.980119,0.3487219,3
37.5351,0.44710273,49.332522729567756,8.583503852594388,0.62373406,0,6544.763,-0.009683817,3,1,false,false,-0.28730282,-12.0537815,10.887661,0.34879,3
37.33176,0.4472404,49.33252461770557,8.583511968784013,0.637555,0,6439.7427,-0.015736787,3,1,false,false,0.23233889,-12.138541,10.447287,0.34863523,3
37.12343,0.44737735,49.33252659584618,8.583519948108448,0.6536398,0,6379.384,-0.018642021,3,1,false,false,0.1509354,-12.48123,9.762433,0.34844348,3
36.900578,0.44751352,49.33252848398401,8.583527927432884,0.66424394,0,6343.6836,-0.018399531,3,1,false,false,-0.111360356,-13.362343,9.822646,0.3482625,3
36.680824,0.44764885,49.33253037212182,8.583535905917655,0.67365676,0,6295.021,-0.017673928,3,1,false,false,-0.12706403,-12.963998,8.990122,0.34804082,3
36.462097,0.44778335,49.33253235026243,8.58354374753724,0.6831885,0,6224.655,-0.018884517,3,1,false,false,-0.37056547,-13.001411,8.914596,0.34774742,3
36.237255,0.44791707,49.33253414867186,8.583551589156823,0.6926011,0,6162.895,-0.022032248,3,1,false,false,-0.16751355,-13.45201,9.133502,0.34737235,3
36.006847,0.44804993,49.33253603680968,8.583559293071556,0.7027283,0,6116.068,-0.026148079,3,1,false,false,-0.19252595,-13.705808,8.047312,0.34697613,3
35.76896,0.44818193,49.332537924947495,8.583566996986288,0.7175028,0,6081.144,-0.029779863,3,1,false,false,-0.27295727,-14.377564,9.662137,0.34659567,3
35.531273,0.44831306,49.33253972335692,8.58357470090102,0.7288216,0,6041.145,-0.036800005,3,1,false,false,-0.56261396,-13.720275,8.405211,0.34616306,3
35.300465,0.44844347,49.33254161149474,8.5835822671109,0.73894894,0,5966.7183,-0.043337952,3,1,false,false,-0.5081348,-13.908463,8.615956,0.34557074,3
35.053097,0.4485731,49.33254340990417,8.583589834160444,0.7483618,0,5893.7114,-0.05253773,3,1,false,false,-0.5000493,-14.743784,9.274199,0.3449655,3
34.814808,0.44870186,49.3325452083136,8.583597400370325,0.75646377,0,5854.7607,-0.058590688,3,1,false,false,-1.1365426,-14.240121,9.297966,0.34437522,3
34.558964,0.4488297,49.33254700644862,8.583604828875352,0.76337415,0,5795.689,-0.07045415,3,1,false,false,-1.2133529,-15.526809,9.793591,0.3435578,3
34.307083,0.4489566,49.33254871485526,8.58361225738038,0.7702847,0,5747.545,-0.08352817,3,1,false,false,-1.4758648,-14.708917,9.095434,0.34255052,3
34.058037,0.44908243,49.332550513264685,8.583619686725072,0.77421653,0,5699.942,-0.09587663,3,1,false,false,-1.3842418,-15.5647545,10.423541,0.34131175,3
33.791527,0.44920707,49.33255222167132,8.583626977525249,0.78017396,0,5646.9775,-0.11161247,3,1,false,false,-2.1793623,-15.539848,9.900238,0.33995453,3
33.531227,0.44933075,49.33255393007796,8.583634269165088,0.78315264,0,5625.837,-0.122507825,3,1,false,false,-2.3964007,-15.634248,9.418823,0.33836338,3
33.26344,0.44945344,49.332555638210195,8.583641423100076,0.7841057,0,5610.157,-0.13340223,3,1,false,false,-2.564202,-15.949537,10.266954,0.33656335,3
32.99704,0.4495752,49.33255734661683,8.583648576195401,0.782676,0,5584.5264,-0.1418773,3,1,false,false,-2.6320982,-15.736054,10.600685,0.33459717,3
32.738712,0.44969594,49.33255896529507,8.58365573013039,0.77898246,0,5531.9033,-0.14696127,3,1,false,false,-3.1121788,-15.30159,9.386125,0.33246857,3
32.475662,0.4498153,49.332560583698914,8.583662746360526,0.7757656,0,5483.277,-0.14938241,3,1,false,false,-3.1954002,-15.819485,11.115098,0.3301861,3
32.225643,0.44993377,49.33256220210276,8.583669762590661,0.77373993,0,5456.668,-0.15107706,3,1,false,false,-3.232287,-13.882934,8.098699,0.327764,3
31.986082,0.45005134,49.33256382050661,8.583676641115947,0.7714762,0.77,5708.255,-0.15131956,0,1,false,false,-2.6559787,-14.755482,9.3192835,0.32513094,3
31.738344,0.45016798,49.33256543918485,8.58368351964123,0.76837844,0.77,6146.6997,-0.15930872,0,1,false,false,-3.1945615,-14.841619,9.567164,0.3224678,3
31.495735,0.45028377,49.332566967585905,8.583690398166516,0.760634,0,6159.334,-0.1670564,2,1,false,false,-3.6645744,-13.785279,8.529067,0.31973818,3
31.243315,0.45039856,49.33256849626135,8.583697138986947,0.75455743,0,6217.299,-0.17456244,2,1,false,false,-2.9829469,-16.495714,9.32966,0.31687835,3
30.969776,0.45051226,49.33257002466241,8.58370387980738,0.7500298,0,6390.206,-0.18279314,2,1,false,false,-4.401472,-14.6325245,8.867229,0.3141854,3
30.731527,0.45062506,49.33257155333786,8.583710620627812,0.7428808,0,6329.704,-0.19078328,2,1,false,false,-4.231219,-15.076635,9.059795,0.3108262,3
30.471956,0.45073697,49.33257299201052,8.583717223743394,0.7285834,0,6226.552,-0.19925645,2,1,false,false,-4.2015543,-15.380339,9.424737,0.30687624,3
30.215456,0.45084786,49.33257443068318,8.583723827698638,0.7046348,0,6126.1377,-0.20555198,2,1,false,false,-4.9528494,-14.89187,9.390905,0.30268797,3
29.975561,0.45095792,49.332575869081445,8.583730430814219,0.6595973,0,6027.667,-0.20845625,2,1,false,false,-5.52616,-14.006844,9.441465,0.29830608,3
29.745481,0.45106712,49.33257730775411,8.583736897064611,0.58799016,0,5931.2437,-0.2096678,2,1,false,false,-6.530263,-13.295817,9.913631,0.29378062,3
29.525078,0.45117548,49.332578656698374,8.58374336247534,0.54557383,0,5955.965,-0.20942532,2,1,false,false,-6.4576144,-13.56126,9.48126,0.2891153,3
29.290203,0.451283,49.33258000536825,8.583749827886068,0.5128082,0,6127.0176,-0.20942529,2,1,false,false,-6.413389,-13.963818,9.437482,0.2844159,3
29.062286,0.4513897,49.33258135403812,8.58375615643161,0.48194927,0,6193.993,-0.20845628,2,1,false,false,-6.9820843,-12.981721,9.923223,0.27963877,3
28.862656,0.45149562,49.332582612705195,8.58376248497715,0.45037535,0,6154.046,-0.20627847,2,1,false,false,-7.5809064,-10.84689,9.796571,0.274734,3
28.68853,0.45160085,49.332583871646676,8.583768812683028,0.41808653,0,6112.1943,-0.20434138,2,1,false,false,-7.617529,-9.901516,9.463827,0.26973426,3
28.521093,0.45170552,49.33258513031375,8.583775141228568,0.38389137,0,6104.2783,-0.2031298,2,1,false,false,-7.7875905,-9.75415,9.708671,0.26475188,3
28.35818,0.4518096,49.33258638925523,8.583781332069256,0.37793398,0,6115.2437,-0.20434138,2,1,false,false,-7.729301,-9.260953,9.52233,0.25987405,3
28.20416,0.45191315,49.33258755819392,8.583787522909946,0.38305736,0,6118.8604,-0.20894125,2,1,false,false,-7.7380958,-8.815124,9.572239,0.2551726,3
28.05473,0.45201614,49.33258872713261,8.58379371291097,0.39473367,0,6095.9194,-0.21814103,2,1,false,false,-8.030135,-8.607216,9.509637,0.25062642,3
27.908148,0.4521186,49.3325898960713,8.58379990375166,0.40486118,0,6054.01,-0.23073004,2,1,false,false,-8.280301,-8.494002,9.664913,0.24618559,3
27.761131,0.4522206,49.33259097500719,8.583806094592347,0.41165254,0,6007.149,-0.2476784,2,1,false,false,-8.420351,-8.590345,9.702381,0.24175763,3
27.611004,0.45232195,49.33259205394309,8.583812147728183,0.41880137,0,5965.9736,-0.26632133,2,1,false,false,-8.572754,-8.780719,9.554214,0.23726213,3
27.458729,0.45242298,49.33259313287898,8.583818338568873,0.42678416,0,5934.888,-0.2839953,2,1,false,false,-8.3337345,-8.926324,9.388323,0.23263623,3
27.303755,0.45252338,49.33259421181488,8.58382439170471,0.43655425,0,5907.604,-0.3028798,2,1,false,false,-8.508366,-9.138919,9.53476,0.22790574,3
27.146114,0.4526232,49.332595201022386,8.583830444840547,0.44692013,0,5875.72,-0.32079533,2,1,false,false,-8.732345,-9.220483,9.49808,0.22303814,3
26.987137,0.45272246,49.33259618995549,8.583836360271532,0.45633265,0,5838.422,-0.3406488,2,1,false,false,-8.603974,-9.347682,9.490461,0.21799308,3
26.824802,0.4528212,49.332597179162995,8.583842413407368,0.46348146,0,5799.529,-0.36001652,2,1,false,false,-8.965033,-9.547522,9.530678,0.21281292,3
26.66083,0.4529193,49.332598078093305,8.583848328838354,0.46872395,0,5760.585,-0.37865853,2,1,false,false,-9.131511,-9.5950365,9.600904,0.20748569,3
26.495106,0.45301685,49.33259897729802,8.583854244269338,0.47134516,0,5719.853,-0.39826953,2,1,false,false,-9.15855,-9.750159,9.373204,0.20198281,3
26.32852,0.45311388,49.332599876502734,8.583860159700324,0.47217914,0,5674.6885,-0.41860712,2,1,false,false,-9.239629,-9.754393,9.591388,0.19625539,3
26.163225,0.45321018,49.332600685704655,8.583866075131308,0.4721792,0,5625.8296,-0.4391854,2,1,false,false,-9.401011,-9.653322,9.434237,0.19029175,3
25.999325,0.45330596,49.33260149490658,8.583871990562294,0.47134522,0,5575.5938,-0.4592805,2,1,false,false,-9.644179,-9.583817,9.245076,0.18408863,3
25.834375,0.4534011,49.332602304108505,8.58387776912809,0.47039205,0,5526.0103,-0.48155427,2,1,false,false,-9.734534,-9.641204,8.998164,0.17758082,3
25.67111,0.45349562,49.33260311331043,8.583883546854223,0.46693677,0,5481.956,-0.5014069,2,1,false,false,-9.674626,-9.525695,8.96302,0.17082408,3
25.508192,0.45358962,49.33260383278395,8.583889324580356,0.46324316,0,5438.2334,-0.51956475,2,1,false,false,-9.993825,-9.56779,9.243688,0.16383742,3
25.34446,0.45368308,49.33260455198309,8.583894965441301,0.45859653,0,5392.0215,-0.53699636,2,1,false,false,-10.238159,-9.564746,9.315177,0.15653165,3
25.181816,0.453776,49.33260518145382,8.583900743167435,0.45144764,0,5348.1904,-0.5624179,2,1,false,false,-10.755262,-9.445064,9.442304,0.14889385,3
25.019753,0.45386827,49.33260581092456,8.583906383188715,0.44346485,0,5307.94,-0.5667752,2,1,false,false,-11.232699,-9.464691,9.6345005,0.14092167,3
24.85786,0.45396,49.3326064403953,8.58391202404966,0.43655434,0,5270.0034,-0.5829962,2,1,false,false,-11.525989,-9.376528,9.493433,0.13262627,3
24.699343,0.45405108,49.332607069591646,8.583917664070942,0.42940548,0,5234.4966,-0.59437543,2,1,false,false,-11.5091,-9.138243,9.267669,0.12401239,3
24.543926,0.45414165,49.33260760905959,8.583923167227034,0.41987377,0,5197.8647,-0.62028027,2,1,false,false,-11.759455,-8.96017,9.4052105,0.11512266,3
24.389122,0.45423165,49.33260814880194,8.583928807248316,0.40307397,0,5160.1304,-0.6217332,2,1,false,false,-12.338806,-9.015059,9.713429,0.10596266,3
24.234417,0.45432112,49.33260859826709,8.583934310404409,0.38258067,0,5129.483,-0.6435221,2,1,false,false,-12.860031,-8.87074,9.817402,0.09653757,3
24.082548,0.4544096,49.332609047732255,8.583939813560502,0.3620874,0,5110.115,-0.66603756,2,1,false,false,-13.3593,-8.712417,9.818258,0.08685637,3
23.933548,0.4544974,49.33260949747181,8.583945315876932,0.34123668,0,5098.526,-0.69000566,2,1,false,false,-13.717022,-8.458353,9.741792,0.0769423,3
23.789854,0.45458466,49.33260985693418,8.583950681328172,0.32193488,0,5089.1587,-0.699448,2,1,false,false,-13.811916,-8.04815,9.506887,0.06682232,3
23.654629,0.45467132,49.33261021667094,8.583956183644602,0.30251396,0,5076.102,-0.7255943,2,1,false,false,-13.838357,-7.472059,9.2909975,0.056549497,3
23.536325,0.45475757,49.33261048640492,8.583961549095843,0.29059926,0.77,5340.865,-0.75149983,0,1,false,false,-14.222789,-6.344801,9.420088,0.046127062,3
23.42394,0.45484337,49.33261075613889,8.583966914547084,0.28202072,0.77,5795.487,-0.77788967,0,1,false,false,-14.726991,-6.296377,9.549311,0.035547107,3
23.31199,0.4549288,49.332611025872865,8.583972279998324,0.27511027,0.15888888,6160.5557,-0.8052463,0,1,false,false,-15.013262,-6.2262325,9.679441,0.024828596,3
23.203157,0.4550135,49.33261120587844,8.583977507744715,0.26748487,0,6068.7773,-0.8369615,1,1,false,false,-15.068874,-5.9409814,9.596218,0.014004294,3
23.073517,0.45509684,49.332611385609624,8.583982872356291,0.25985947,0,6132.752,-0.8703722,1,1,false,false,-14.19454,-8.934847,8.753872,0.0031502177,3
22.900396,0.45517954,49.33261147561242,8.583988100102681,0.24997027,0,6314.465,-0.8982139,1,1,false,false,-14.059418,-10.329859,8.895733,-0.0076346486,3
22.729698,0.45526144,49.33261156534081,8.58399332784907,0.24162996,0,6413.4487,-0.9255707,1,1,false,false,-14.437632,-9.314732,9.014437,-0.018743169,3
22.582003,0.45534283,49.33261156534081,8.583998555595459,0.23364714,0,6385.3745,-0.9490544,1,1,false,false,-15.367429,-7.61114,9.424034,-0.030588152,3
22.459568,0.45542368,49.332611655343605,8.584003645636997,0.22625995,0,6299.6484,-0.9691494,1,1,false,false,-16.058176,-6.5225296,9.593569,-0.043300625,3
22.344038,0.4555041,49.33261156534081,8.584008873383386,0.21934944,0,6231.6025,-0.987549,1,1,false,false,-16.081377,-6.3402305,9.457811,-0.056683008,3
22.22496,0.45558414,49.33261147561242,8.584013963424923,0.21220066,0,6206.9443,-1.0044955,1,1,false,false,-16.482677,-6.8239164,9.63233,-0.07032529,3
22.100685,0.45566374,49.332611385609624,8.584019053466461,0.20409867,0,6206.8057,-1.0221686,1,1,false,false,-16.93566,-7.0069914,9.805073,-0.08401296,3
21.97317,0.4557426,49.33261129560684,8.58402400664281,0.19718812,0,6200.3716,-1.0410519,1,1,false,false,-17.651653,-6.9350176,10.38622,-0.09782489,3
21.850727,0.45582092,49.332611025872865,8.584029096684347,0.18956271,0,6172.5405,-1.0599362,1,1,false,false,-18.325182,-6.4262624,10.2398815,-0.11198178,3
21.73557,0.45589867,49.33261084614168,8.584034049021033,0.18038842,0,6126.1157,-1.0761571,1,1,false,false,-18.388065,-6.0762315,9.943221,-0.12664635,3
21.628614,0.45597607,49.3326105764077,8.584039001357718,0.16930777,0,6076.3545,-1.0901992,1,1,false,false,-18.02582,-5.5412974,9.764612,-0.14177075,3
21.527525,0.45605305,49.33261021667094,8.584043953694405,0.1496485,0,6029.5957,-1.1037564,1,1,false,false,-17.617912,-5.2926884,9.026416,-0.15721585,3
21.430557,0.45612973,49.33260985693418,8.584048906870754,0.12987009,0,5989.488,-1.1153766,1,1,false,false,-17.086842,-5.1369233,8.831294,-0.1727947,3
21.331379,0.45620605,49.332609407469015,8.584053721502586,0.10913857,0,5957.5366,-1.1294185,1,1,false,false,-17.342384,-5.1120253,8.977759,-0.1883974,3
21.229689,0.45628205,49.332609047732255,8.584058536134421,0.091147386,0,5936.0977,-1.1483022,1,1,false,false,-18.50069,-5.453798,10.161947,-0.20401876,3
21.123484,0.456358,49.33260850826431,8.584063351605918,0.07792208,0,5929.2026,-1.1715431,1,1,false,false,-19.456379,-5.5064363,10.378533,-0.21971905,3
21.015686,0.45643356,49.33260796879636,8.584068028532899,0.06946266,0,5935.796,-1.1976895,1,1,false,false,-20.089344,-5.505182,10.601391,-0.23545168,3
20.908182,0.4565087,49.332607429328405,8.584072844004396,0.06314784,0,5948.5825,-1.221657,1,1,false,false,-20.887804,-5.385243,11.194718,-0.25125414,3
20.806423,0.45658338,49.33260679985767,8.584077520931379,0.05969259,0,5954.8477,-1.2422364,1,1,false,false,-20.55889,-4.8182406,10.190975,-0.26719424,3
20.717802,0.4566577,49.332606080658536,8.584082198698024,0.05671392,0,5944.2715,-1.2586977,1,1,false,false,-19.523556,-4.158139,9.513089,-0.28318167,3
20.634453,0.45673177,49.33260536118501,8.584086738759817,0.05576076,0,5910.8945,-1.2766134,1,1,false,false,-19.923655,-3.9601,10.07466,-0.29934475,3
20.555326,0.45680556,49.332604641985874,8.584091277981948,0.055760752,0,5866.4375,-1.2950125,1,1,false,false,-18.9174,-3.6770504,9.190043,-0.31589618,3
20.478485,0.4568791,49.33260383278395,8.58409581804374,0.055999044,0,5829.6445,-1.3136537,1,1,false,false,-18.415953,-3.749749,8.839404,-0.33248535,3
20.394125,0.45695248,49.33260293357924,8.584100358105534,0.057667114,0,5808.424,-1.3378637,1,1,false,false,-19.314041,-4.2997413,9.60145,-0.34878814,3
20.302437,0.45702603,49.33260203437453,8.584104898167327,0.05838198,0,5800.977,-1.3659462,1,1,false,false,-19.565664,-4.576174,10.015217,-0.36492577,3
20.207376,0.45709944,49.332601135444214,8.584109299684606,0.05921602,0,5798.049,-1.394756,1,1,false,false,-19.992842,-4.646924,10.124373,-0.38091162,3
20.11421,0.45717248,49.33260014623671,8.584113702041547,0.059216015,0,5790.6104,-1.421144,1,1,false,false,-20.154856,-4.4495087,10.171493,-0.39676383,3
20.025076,0.45724508,49.332599157303605,8.584117966693638,0.05993089,0,5769.9507,-1.4489845,1,1,false,false,-20.04508,-4.2512465,10.185582,-0.41277206,3
19.937342,0.4573174,49.332598078093305,8.584122231345727,0.059930895,0,5736.101,-1.4710153,1,1,false,false,-20.23469,-4.192899,10.018741,-0.42907876,3
19.851946,0.4573894,49.33259699915741,8.584126495997817,0.059930895,0,5703.108,-1.4898986,1,1,false,false,-19.810719,-4.0194254,9.72255,-0.44555774,3
19.768604,0.45746115,49.33259583021872,8.584130623784718,0.059930895,0,5676.9775,-1.5073295,1,1,false,false,-19.246466,-4.032991,9.34042,-0.46218917,3
19.684702,0.45753273,49.33259466155444,8.58413488843681,0.058381986,0,5652.639,-1.527181,1,1,false,false,-18.759327,-4.043612,9.011911,-0.47891626,3
19.601158,0.45760408,49.33259349261575,8.584138877679194,0.05695223,0,5630.3335,-1.5492114,1,1,false,false,-18.597746,-4.030415,9.14197,-0.49554595,3
19.514404,0.4576756,49.33259223367427,8.584143004626432,0.056952223,0,5610.96,-1.5746307,1,1,false,false,-19.261196,-4.334923,9.598761,-0.51203734,3
19.423943,0.45774713,49.3325908850044,8.584146994708481,0.056952223,0,5592.9106,-1.5954505,1,1,false,false,-19.413015,-4.3489313,9.812557,-0.5286021,3
19.33409,0.4578182,49.33258962606292,8.584150983950869,0.05647564,0,5575.2026,-1.6191757,1,1,false,false,-19.527945,-4.330693,9.95234,-0.545269,3
19.245003,0.45788887,49.33258827739305,8.584154835488402,0.05576076,0,5557.048,-1.6390276,1,1,false,false,-19.86846,-4.2581687,10.216638,-0.5620254,3
19.154867,0.45795926,49.33258683872039,8.5841586878656,0.05492672,0,5538.005,-1.6574266,1,1,false,false,-20.394407,-4.387247,10.176466,-0.5789222,3
19.063179,0.45802933,49.33258540032213,8.584162539403135,0.05468843,0,5518.7974,-1.672921,1,1,false,false,-20.278002,-4.3738103,10.129078,-0.5960211,3
18.975231,0.45809913,49.33258396164947,8.58416625407548,0.053973556,0,5500.305,-1.6842988,1,1,false,false,-19.906769,-4.1674256,9.969157,-0.6132791,3
18.888807,0.45816866,49.332582432974014,8.584169968747826,0.05278209,0,5480.0347,-1.6947093,1,1,false,false,-19.733692,-4.118273,9.887835,-0.6306719,3
18.803673,0.45823807,49.33258090457296,8.58417354571532,0.051471464,0,5456.841,-1.7131076,1,1,false,false,-19.473122,-4.0130925,9.579322,-0.64818263,3
18.719936,0.45830733,49.33257928589472,8.584177121843151,0.048016198,0,5432.104,-1.7334431,1,1,false,false,-19.078331,-3.9489746,9.3916445,-0.6657304,3
18.637413,0.4583765,49.33257775749367,8.584180561105793,0.04456094,0,5408.056,-1.7545048,1,1,false,false,-19.11435,-3.9129162,9.524817,-0.6831674,3
18.550928,0.45844516,49.33257604908703,8.584184000368435,0.041105676,0,5386.072,-1.779199,1,1,false,false,-19.412697,-4.3094563,9.63283,-0.70042586,3
18.460918,0.45851332,49.33257443068318,8.584187439631078,0.037412126,0,5365.6533,-1.8014705,1,1,false,false,-19.449133,-4.3483715,10.014569,-0.7175903,3
18.369967,0.45858118,49.332572722276545,8.58419074202853,0.033241987,0,5341.482,-1.8172057,1,1,false,false,-19.789804,-4.368377,10.10653,-0.7348606,3
18.281286,0.45864868,49.33257101386991,8.584194043586322,0.029071845,0,5310.6753,-1.8297949,1,1,false,false,-19.720533,-4.1532383,9.851907,-0.7524032,3
18.195883,0.4587159,49.33256921546049,8.58419720743926,0.022399615,0,5275.6743,-1.8363308,1,1,false,false,-19.662474,-4.0017953,9.850699,-0.7702271,3
18.112709,0.4587829,49.33256741732546,8.584200371292198,0.015965682,0,5242.6167,-1.8402039,1,1,false,false,-19.718811,-3.8696208,9.978591,-0.7882413,3
18.030706,0.45884976,49.33256561891603,8.5842035359848,0.008816872,0,5214.5454,-1.8418986,1,1,false,false,-19.911842,-3.8164654,10.018011,-0.8063799,3
17.949537,0.4589165,49.33256382050661,8.584206424428036,0.00047658687,0,5190.675,-1.8423837,1,1,false,false,-20.066559,-3.74603,10.126241,-0.8246584,3
17.87029,0.45898268,49.33256193236878,8.584209451415786,-4.3655746e-11,0,5170.231,-1.841657,1,1,false,false,-19.919792,-3.5894344,9.978828,-0.84307146,3
17.792923,0.45904735,49.332560044230966,8.584212340698684,0,0,5152.0825,-1.8389944,1,1,false,false,-20.001844,-3.539395,10.103012,-0.8615248,3
17.716328,0.4591116,49.33255815581875,8.584215091437066,0,0,5133.662,-1.8368151,1,1,false,false,-19.802668,-3.4557152,9.927827,-0.880035,3
17.641842,0.4591754,49.33255617795254,8.584217843015113,0,0,5114.101,-1.8319733,1,1,false,false,-19.388323,-3.3385768,9.873229,-0.8985719,3
17.569069,0.45923895,49.33255419981193,8.58422059459316,0,0,5092.2817,-1.8281003,1,1,false,false,-19.211819,-3.2774978,9.478285,-0.91704446,3
17.49699,0.45930216,49.33255222167132,8.584223208466355,0,0,5069.949,-1.8281001,1,1,false,false,-18.992786,-3.2419827,9.518253,-0.9353842,3
17.424477,0.45936513,49.33255015352792,8.584225684634697,0,0,5049.9785,-1.8297945,1,1,false,false,-19.225832,-3.2947915,9.705948,-0.9535661,3
17.35024,0.45942792,49.33254817538731,8.584228298507892,0,0.012083848,5034.1084,-1.8302797,1,1,false,false,-19.623278,-3.3785233,10.067669,-0.97158664,3
17.27483,0.45949048,49.33254610724391,8.584230636971382,0,0.03822441,5028.395,-1.8288264,1,1,false,false,-19.918324,-3.4199433,10.337976,-0.9894954,3
17.200415,0.45955288,49.33254403937491,8.584232976274537,0,0.06979039,5037.9756,-1.8230159,1,1,false,false,-19.869032,-3.2964132,10.194571,-1.0073214,3
17.130423,0.45961526,49.332541881228714,8.584235314738029,0,0.10900124,5061.5986,-1.8116386,1,1,false,false,-19.620358,-2.99045,9.998392,-1.0250428,3
17.067165,0.45967674,49.332539813359716,8.584237515496667,0,0.16029596,5097.9536,-1.7980816,1,1,false,false,-19.83783,-2.5686984,10.269294,-1.0426543,3
17.011534,0.45973772,49.33253765521352,8.584239579390118,0,0.2073983,5150.576,-1.7762927,1,1,false,false,-19.998896,-2.1724164,10.399249,-1.060207,3
16.95909,0.4597984,49.33253549734173,8.584241642443905,0,0.25080144,5236.628,-1.753778,1,1,false,false,-20.216215,-2.1202242,10.629543,-1.077678,3
16.90864,0.4598588,49.33253333946994,8.584243706337356,0,0.3104808,5360.0454,-1.7264225,1,1,false,false,-19.702602,-2.024026,10.090344,-1.095068,3
16.861666,0.45991907,49.332531181323745,8.584245632525954,0,0.3526511,5508.424,-1.6983399,1,1,false,false,-18.93526,-1.7341675,9.6352825,-1.1123433,3
16.838303,0.45997918,49.33252893344916,8.584247421009701,0,0.39062878,5534.2134,-1.671226,1,1,false,false,-18.102432,0.3144617,9.805377,-1.1294318,3
16.854656,0.46003932,49.33252668557458,8.58424920949345,0,0.4234278,5506.1455,-1.6433858,1,1,false,false,-17.699242,2.5642905,9.8257065,-1.1462967,3
16.890278,0.46009964,49.332524437699995,8.584250997977197,0,0.45548704,5493.936,-1.6208715,1,1,false,false,-17.734915,3.0623794,10.187709,-1.1630176,3
16.928474,0.4601602,49.33252218982541,8.584252648756092,0,0.49173853,5507.234,-1.6005344,1,1,false,false,-17.919392,3.0985768,10.410613,-1.179554,3
16.968939,0.460221,49.33251985222243,8.584254299534987,0,0.51911217,5534.7173,-1.5794731,1,1,false,false,-17.575956,3.305516,10.259517,-1.1958126,3
17.01561,0.46028218,49.332517514345064,8.584255950313882,0,0.54549944,5564.9585,-1.5564749,1,1,false,false,-17.420727,3.6745632,10.06031,-1.2116915,3
17.06942,0.46034384,49.33251517646769,8.584257325683073,0,0.5694204,5592.2573,-1.5358968,1,1,false,false,-16.787746,4.171847,9.637414,-1.2271631,3
17.132584,0.46040562,49.332512748861916,8.584258838757115,0,0.5886558,5612.8477,-1.5247607,1,1,false,false,-16.206789,4.62399,9.487409,-1.2421285,3
17.201824,0.46046758,49.33251041098455,8.58426021496597,0,0.60690504,5626.4077,-1.5150768,1,1,false,false,-15.909254,4.8833737,9.525442,-1.2565131,3
17.272333,0.46052977,49.332507983378775,8.584261590335164,0,0.62786674,5643.674,-1.5080558,1,1,false,false,-16.231361,4.8077936,9.857713,-1.2705187,3
17.342966,0.46059218,49.33250546577022,8.584262966544017,0,0.6377313,5671.1426,-1.500793,1,1,false,false,-15.984697,4.8670464,9.863589,-1.2844859,3
17.416033,0.46065494,49.332503038164454,8.584264204208358,0,0.6431564,5704.119,-1.4838465,1,1,false,false,-15.696202,4.991103,9.789399,-1.2985225,3
17.493948,0.46071804,49.3325005205559,8.58426530500751,0,0.6451296,5732.5264,-1.4647214,1,1,false,false,-15.695782,5.366073,9.931249,-1.3125103,3
17.5771,0.46078154,49.33249800294734,8.584266542671848,0,0.6503083,5746.3975,-1.4516473,1,1,false,false,-15.535735,5.585067,9.73154,-1.3262262,3
17.661798,0.4608455,49.33249548533878,8.584267505766148,0,0.66263855,5750.453,-1.4516474,1,1,false,false,-15.624468,5.575265,9.999075,-1.3395506,3
17.746435,0.46090993,49.33249287772743,8.584268606565299,0,0.69691736,5765.953,-1.4574581,1,1,false,false,-15.712918,5.4514794,9.945869,-1.3526481,3
17.82715,0.4609754,49.33249027011608,8.584269569659599,0,0.72848344,5806.79,-1.461331,1,1,false,false,-15.102587,5.1941967,9.664477,-1.3657995,3
17.90759,0.46104202,49.33248766250473,8.584270532753898,0,0.78372395,5878.0737,-1.4637524,1,1,false,false,-14.97786,5.2781997,9.653897,-1.37922,3
17.992964,0.46110886,49.33248505516778,8.584271358143345,0,0.82885325,5959.0957,-1.4615737,1,1,false,false,-14.827688,5.716872,9.745605,-1.3928989,3
18.086367,0.46117595,49.33248244755644,8.584272183532793,0,0.8754623,6017.99,-1.4564897,1,1,false,false,-14.805796,6.213356,10.101168,-1.4065888,3
18.18833,0.46124333,49.33247975021669,8.58427300892224,0,0.92207134,6050.265,-1.4521317,1,1,false,false,-14.980037,6.721856,10.3045635,-1.4202167,3
18.296814,0.46131107,49.332477052602556,8.584273696606836,0,0.9657214,6072.3965,-1.4489844,1,1,false,false,-15.231981,6.951473,10.241553,-1.4339496,3
18.405197,0.46137932,49.33247435526281,8.584274384291431,0,1,6097.1367,-1.441722,1,1,false,false,-14.98679,6.837646,9.838796,-1.4479183,3
18.51195,0.461448,49.33247156792028,8.58427493511084,0,1,6133.5845,-1.4303437,1,1,false,false,-14.726774,6.80628,9.83148,-1.4621847,3
18.617306,0.46151727,49.332468870306144,8.584275485090583,0,1,6177.0874,-1.4165442,1,1,false,false,-14.764579,6.6661916,10.055471,-1.47666,3
18.72127,0.46158707,49.332466082963606,8.584276035070328,0,1,6216.8457,-1.4027452,1,1,false,false,-15.113765,6.7177424,10.270525,-1.4912461,3
18.825336,0.46165806,49.332463295621075,8.584276448184882,0,1,6248.609,-1.3891883,1,1,false,false,-15.32289,6.7045355,10.166778,-1.5059214,3
18.92935,0.46172953,49.33246041827575,8.584276860459775,0,1,6275.863,-1.3770831,1,1,false,false,-15.185897,6.716802,10.029154,-1.5206854,3
19.032679,0.46180117,49.33245763093322,8.58427713586948,0,1,6306.5273,-1.3686087,1,1,false,false,-15.290298,6.7089734,10.143333,-1.5355568,3
19.134964,0.46187297,49.332454753587896,8.584277411279183,0,1,6341.5913,-1.3574731,1,1,false,false,-15.636465,6.6217127,10.478407,-1.5505406,3
19.235739,0.461945,49.33245187651698,8.584277686688885,0,1,6375.701,-1.3470625,1,1,false,false,-15.822156,6.603858,10.47316,-1.5656182,3
19.336363,0.4620173,49.33244899917165,8.584277823554075,0,0.9711466,6406.418,-1.3368945,1,1,false,false,-15.671507,6.6597934,10.286139,-1.5807521,3
19.43685,0.46208984,49.33244612182633,8.584277961258927,0,0.86263883,6426.7754,-1.3293903,1,1,false,false,-16.080711,6.5697575,10.536609,-1.5958709,3
19.53462,0.46216276,49.33244315475262,8.584277961258927,0,0.70628846,6410.444,-1.3255174,1,1,false,false,-16.545595,6.4795814,10.794135,-1.6110513,3
19.628044,0.46223605,49.332440277407294,8.584277961258927,0,0.5886562,6346.988,-1.323822,1,1,false,false,-16.233362,6.0850024,10.185446,-1.6262716,3
19.711128,0.46230936,49.332437310333574,8.584277823554075,0,0.47102332,6256.146,-1.3235799,1,1,false,false,-16.095469,5.289779,9.802899,-1.6413593,3
19.775839,0.4623823,49.332434342985465,8.584277686688885,0,0.3819975,6161.903,-1.3296318,1,1,false,false,-16.199755,4.0375385,9.785597,-1.6561496,3
19.817019,0.4624552,49.332431375911746,8.584277411279183,0,0.31639946,6087.357,-1.3383482,1,1,false,false,-16.414375,2.575107,9.715418,-1.6704677,3
19.834204,0.46252796,49.332428408563636,8.58427713586948,0,0.2631319,6039.2036,-1.3504521,1,1,false,false,-17.07353,1.1780066,10.106327,-1.6842071,3
19.829754,0.46260056,49.33242544148992,8.584276860459775,0,0.22811341,6014.7764,-1.3659464,1,1,false,false,-17.78422,0.040527955,10.514496,-1.6974332,3
19.811655,0.462673,49.33242247414181,8.584276448184882,0,0.21701607,6013.064,-1.3758725,1,1,false,false,-18.044468,-0.5890616,10.481241,-1.7103467,3
19.78869,0.46274528,49.33241950706809,8.584275898205139,0,0.21159063,6021.6895,-1.3872501,1,1,false,false,-17.878084,-0.7416981,10.059761,-1.7231336,3
19.765686,0.4628174,49.332416629722765,8.584275347385733,0,0.21159063,6022.7515,-1.3935457,1,1,false,false,-17.872461,-0.75435126,10.391865,-1.7357769,3
19.744358,0.46288946,49.33241366264905,8.584274797405987,0,0.2239211,6017.518,-1.3966925,1,1,false,false,-17.307583,-0.6439315,9.843591,-1.7483516,3
19.725735,0.46296114,49.33241078530373,8.584274109721392,0,0.25770655,6025.623,-1.3995984,1,1,false,false,-17.231096,-0.54369336,10.127348,-1.7608919,3
19.709906,0.46303216,49.33240781823002,8.584273284331944,0,0.31960547,6063.577,-1.40444,1,1,false,false,-17.128693,-0.37162393,9.969233,-1.7734271,3
19.699238,0.46310288,49.33240494088469,8.584272458942497,0,0.35635024,6117.495,-1.4117026,1,1,false,false,-16.634232,-0.029191881,9.967586,-1.7859696,3
19.697153,0.46317348,49.33240206353937,8.58427163355305,0,0.37533915,6160.207,-1.4204172,1,1,false,false,-16.610239,0.600792,10.056448,-1.7984535,3
19.706394,0.46324393,49.332399186194046,8.58427067045875,0,0.37681875,6178.2935,-1.4313128,1,1,false,false,-16.825525,1.1814226,10.467532,-1.810873,3
19.724428,0.46331438,49.332396219120334,8.58426970736445,0,0.37681872,6171.9614,-1.4402698,1,1,false,false,-16.600176,1.6028168,10.115039,-1.8233114,3
19.747028,0.46338478,49.3323934317778,8.584268606565299,0,0.37681872,6156.295,-1.4485004,1,1,false,false,-16.170881,1.752288,10.025329,-1.8358252,3
19.771305,0.4634552,49.33239055443248,8.584267505766148,0,0.37681872,6144.545,-1.4555216,1,1,false,false,-15.848433,1.7701334,9.737168,-1.8484099,3
19.79341,0.4635257,49.332387677087155,8.584266268101809,0,0.37681872,6141.211,-1.4610885,1,1,false,false,-15.66931,1.5798614,9.812394,-1.8610138,3
19.813616,0.4635963,49.33238479974183,8.584265029597805,0,0.38051784,6146.2954,-1.465931,1,1,false,false,-15.759926,1.4467701,10.071095,-1.873601,3
19.832197,0.46366644,49.332381922670905,8.584263791933466,0,0.40369913,6163.6304,-1.4666579,1,1,false,false,-15.710848,1.3853974,9.959592,-1.8861529,3
19.851316,0.4637365,49.332379135328374,8.584262415724611,0,0.43945745,6197.9824,-1.4627845,1,1,false,false,-15.824546,1.4703318,10.164945,-1.89869,3
19.87405,0.4638065,49.33237625798305,8.584261040355418,0,0.49765727,6251.325,-1.4560058,1,1,false,false,-15.842495,1.8024168,10.255954,-1.9112856,3
19.90484,0.46387652,49.33237347064052,8.584259527281375,0,0.5635019,6317.7227,-1.4492273,1,1,false,false,-15.77209,2.3647273,10.138902,-1.9239364,3
19.94762,0.46394664,49.33237068329799,8.584258013367668,0,0.64093727,6387.7217,-1.4409962,1,1,false,false,-15.424529,3.188503,9.978892,-1.9366508,3
20.005459,0.46401682,49.33236789595546,8.584256362588773,0,0.6897659,6445.6387,-1.4313126,1,1,false,false,-14.453255,4.090817,9.490153,-1.9494103,3
20.076982,0.46408716,49.33236501861013,8.584254711809878,0,0.7410603,6486.9663,-1.4223547,1,1,false,false,-14.564775,4.8392744,9.750804,-1.9622109,3
20.158363,0.46415782,49.3323622312676,8.584252923326131,0,0.7908755,6521.111,-1.4165437,1,1,false,false,-14.448999,5.39405,9.976192,-1.9751486,3
20.247234,0.4642287,49.33235944392507,8.584251272547236,0,0.8399506,6555.056,-1.4083135,1,1,false,false,-14.192079,5.737983,9.924696,-1.9882644,3
20.340054,0.46429998,49.33235665658254,8.584249346358638,0,0.89124525,6590.7397,-1.3974185,1,1,false,false,-15.053417,5.935396,10.619613,-2.001514,3
20.435755,0.46437168,49.33235386924001,8.584247421009701,0,0.9200988,6624.0146,-1.3874925,1,1,false,false,-14.846855,6.1434307,9.947235,-2.0149715,3
20.533836,0.46444356,49.332351081623074,8.584245494821102,0,0.94377327,6653.4756,-1.374178,1,1,false,false,-14.43709,6.2557697,9.727842,-2.0285065,3
20.631445,0.46451575,49.33234829428054,8.584243430927652,0,0.97213304,6684.133,-1.3598942,1,1,false,false,-13.941171,6.2172728,9.2734995,-2.0420675,3
20.727697,0.46458817,49.33234550693801,8.584241367873865,0,0.99778044,6721.955,-1.3451271,1,1,false,false,-13.263731,6.000268,8.951301,-2.0556033,3
20.819214,0.46466094,49.33234271959548,8.584239303980414,0,1,6769.3667,-1.3289053,1,1,false,false,-14.023482,5.8006525,9.509853,-2.0691674,3
20.909306,0.46473393,49.33233993225295,8.584237103221776,0,1,6821.6406,-1.3080866,1,1,false,false,-13.841271,5.9229774,9.955096,-2.0829175,3
20.998316,0.4648072,49.33233714491042,8.584234901623473,0,1,6865.367,-1.2809707,1,1,false,false,-15.36945,5.786245,10.67955,-2.096787,3
21.091131,0.4648808,49.33233444757067,8.584232563159981,0,1,6894.5884,-1.2461097,1,1,false,false,-14.950427,6.3023453,10.365582,-2.1108537,3
21.184965,0.4649552,49.33233166022814,8.58423022469649,0,1,6910.7856,-1.2015641,1,1,false,false,-16.009453,6.0384073,10.485922,-2.1249018,3
21.275324,0.46503055,49.33232887288561,8.584227748528148,0,1,6927.2295,-1.1621017,1,1,false,false,-15.259109,6.066077,10.300727,-2.1391182,3
21.36472,0.4651062,49.33232617527147,8.584225271520141,0,1,6671.553,-1.108598,1,1,false,false,-15.292935,5.704059,9.8525915,-2.1534758,3
21.428968,0.46518195,49.33232338792894,8.584222658486611,0,1,6328.08,-1.0509784,0,1,false,false,-14.077914,3.1314528,8.547084,-2.167881,3
21.425533,0.4652579,49.3323206905892,8.584220044613415,0,1,6206.118,-0.9986847,0,1,false,false,-14.2919655,-0.39758664,8.638319,-2.1815786,3
21.419939,0.46533367,49.33231799297506,8.584217430740221,0,1,5865.4917,-0.9570434,2,1,false,false,-14.824865,2.7567585,10.156963,-2.1941838,3
21.51769,0.46540964,49.33231529563532,8.584214679162175,0,1,5394.106,-0.9202443,2,1,false,false,-14.827497,8.141981,10.998458,-2.2064903,3
21.64623,0.465486,49.332312598021176,8.584211927584128,0,1,5227.281,-0.88392943,2,1,false,false,-13.482049,8.309987,9.541061,-2.2194862,3
21.76138,0.46556285,49.33230999068423,8.58420903830123,0,1,5267.274,-0.84349847,2,1,false,false,-13.440273,6.913275,9.064811,-2.2328274,3
21.847654,0.46564084,49.33230729307009,8.584206149857996,0,1,5330.338,-0.8098464,2,1,false,false,-13.346126,5.515976,9.2088,-2.2455635,3
21.931599,0.46571943,49.33230459573035,8.584203260575096,0,1,5341.355,-0.7810365,2,1,false,false,-13.323527,5.9898624,9.1260605,-2.2574098,3
22.018383,0.46579826,49.332301988119,8.58420023442701,0,1,5340.5474,-0.75731134,2,1,false,false,-13.173229,5.8775043,9.041637,-2.2687168,3
22.102413,0.46587744,49.33229938050765,8.58419720743926,0,1,5368.6636,-0.7357632,2,1,false,false,-13.255795,5.661068,8.985198,-2.2798905,3
22.181416,0.46595684,49.33229668316791,8.584194043586322,0,1,5421.0283,-0.7197847,2,1,false,false,-13.042669,5.4096937,8.798379,-2.2910924,3
22.261454,0.4660365,49.33229407555656,8.58419087889372,0,1,5469.715,-0.7050169,2,1,false,false,-12.680829,5.599966,8.538599,-2.302311,3
22.343168,0.4661165,49.33229146821961,8.58418771504078,0,0.98594344,5496.9775,-0.6926696,2,1,false,false,-12.224105,5.657212,8.429534,-2.313447,3
22.429054,0.46619675,49.33228895061105,8.58418441348299,0,0.85893965,5509.148,-0.6861325,2,1,false,false,-11.722102,5.9434395,7.922882,-2.3244913,3
22.515512,0.46627736,49.3322863429997,8.5841811119252,0,0.64611596,5476.3403,-0.68540585,2,1,false,false,-11.628046,5.7413425,7.962535,-2.3353496,3
22.59467,0.46635836,49.33228373538836,8.584177810367411,0,0.51615286,5396.388,-0.6921855,2,1,false,false,-12.377689,5.2217884,8.805535,-2.3460302,3
22.659359,0.4664396,49.332281217779794,8.584174371104767,0,0.41060424,5317.7754,-0.6996907,2,1,false,false,-13.084401,4.1575456,8.844468,-2.3565688,3
22.70351,0.46652102,49.33227861016845,8.584170931842126,0,0.33514184,5254.3755,-0.7064691,2,1,false,false,-13.964678,2.943482,9.61112,-2.3668256,3
22.726706,0.46660253,49.332276092559894,8.584167492579484,0,0.26485825,5207.0063,-0.7115532,2,1,false,false,-14.663115,1.77968,9.367542,-2.376766,3
22.73446,0.46668407,49.33227366495412,8.58416391561199,0,0.23822439,5183.45,-0.7122798,2,1,false,false,-14.116506,0.9303951,9.276009,-2.3864694,3
22.730928,0.46676567,49.332271147345566,8.584160338644494,0,0.24364981,5191.3594,-0.70695317,2,1,false,false,-14.514273,0.3837172,9.072407,-2.395858,3
22.723227,0.4668472,49.3322687197398,8.584156761677,0,0.30283597,5232.612,-0.69944805,2,1,false,false,-13.618653,0.23994012,8.268405,-2.4051137,3
22.719093,0.4669288,49.33226629185963,8.58415304784432,0,0.41775578,5312.7734,-0.684922,2,1,false,false,-13.578429,0.70169365,8.717307,-2.4143238,3
22.728773,0.46701053,49.33226386425387,8.584149470876826,0,0.57459927,5421.3086,-0.6694277,2,1,false,false,-13.521266,1.6761274,9.1932,-2.423446,3
22.758333,0.46709228,49.3322614366481,8.584145618499628,0,0.77977824,5533.0176,-0.6505431,2,1,false,false,-14.642414,3.075048,10.34409,-2.4324663,3
22.812246,0.46717417,49.33225909877073,8.58414190382728,0,0.9430334,5604.667,-0.62778616,2,1,false,false,-14.464098,4.4857335,10.456002,-2.441769,3
22.889874,0.4672563,49.33225676089335,8.584138052289747,0,0.9999999,5622.1665,-0.59897536,2,1,false,false,-13.857545,5.874573,10.229852,-2.4515617,3
22.988567,0.46733877,49.332254423015975,8.58413419991255,0,1,5615.301,-0.5636274,2,1,false,false,-13.459105,6.8126616,9.698884,-2.4616528,3
23.09183,0.46742153,49.33225217514139,8.584130210670162,0,1,5587.8467,-0.52101797,2,1,false,false,-11.710817,6.6143265,8.060976,-2.471342,3
23.192081,0.46750477,49.33224983753842,8.584126221427777,0,1,5572.488,-0.4774385,2,1,false,false,-11.866439,6.43417,9.170217,-2.4803753,3
23.283703,0.46758837,49.33224758966383,8.584122231345727,0,1,5592.372,-0.43676418,2,1,false,false,-12.860078,5.83019,10.122137,-2.4890587,3
23.371344,0.46767232,49.332245341789246,8.584118242103342,0,1,5639.099,-0.39221752,2,1,false,false,-14.19674,5.958901,11.175036,-2.497825,3
23.46188,0.46775663,49.33224309391466,8.584114115156103,0,1,5669.8486,-0.33629042,2,1,false,false,-12.103645,6.135662,9.698539,-2.50663,3
23.562164,0.46784124,49.33224084604008,8.584109850504014,0,1,5664.2065,-0.27600515,2,1,false,false,-8.91111,6.630286,7.4704795,-2.5146334,3
23.664938,0.46792623,49.332238598165496,8.584105723556776,0,1,5640.7056,-0.23121507,2,1,false,false,-9.221876,6.2814627,7.362538,-2.5212095,3
23.754183,0.46801156,49.33223644001931,8.584101458904685,0,1,5650.147,-0.19247788,2,1,false,false,-9.318666,5.350242,9.211234,-2.5268772,3
23.83102,0.46809724,49.332234192144725,8.584097056547744,0,1,5733.555,-0.15761411,2,1,false,false,-8.711914,4.644659,9.63933,-2.5325007,3
23.904507,0.46818322,49.33223203427293,8.584092791895655,0,1,5855.828,-0.12686616,2,1,false,false,-6.9495716,4.9195952,7.9389954,-2.538254,3
23.992022,0.46826956,49.332229876401136,8.584088389538712,0,1,5931.9224,-0.09660131,2,1,false,false,-6.790567,5.7186503,7.669967,-2.5436897,3
24.079533,0.46835622,49.33222762852655,8.58408398718177,0,1,5926.085,-0.07263379,2,1,false,false,-6.33049,5.409035,7.629438,-2.5485268,3
24.181746,0.46844327,49.33222547065476,8.58407958482483,0,1,5927.175,-0.051569626,2,1,false,false,-8.281986,6.1587906,10.373525,-2.5531824,3
24.27071,0.46853068,49.33222331250857,8.584075182467888,0,1,5953.1655,-0.025179986,2,1,false,false,-7.7445703,4.254229,12.086639,-2.5579922,3
24.375273,0.46861842,49.33222115463678,8.584070642406093,0,1,6011.021,0.006294529,2,1,false,false,-9.184234,7.9181094,11.015964,-2.563117,3
24.509426,0.4687066,49.332218996764986,8.584066103183964,0,1,5977.1714,0.039948672,2,1,false,false,-10.063276,8.793895,11.582138,-2.5678976,3
24.654303,0.4687954,49.332216928621584,8.584061563122171,0,1,5792.2754,0.068760425,2,1,false,false,-11.403909,9.448516,12.303215,-2.5711145,3
24.803274,0.46888465,49.33221477074979,8.584056885355524,0,1,5613.972,0.09030769,2,1,false,false,-10.843619,8.501196,13.364606,-2.5727742,3
24.921436,0.46897453,49.3322126126036,8.584052208428544,0,1,5569.409,0.10652992,2,1,false,false,-8.572367,6.5287766,10.775657,-2.5731125,3
25.00771,0.4690648,49.3322105447346,8.584047530661898,0,1,5668.8413,0.11137231,2,1,false,false,-5.883392,4.5196867,9.710659,-2.572492,3
25.08086,0.4691554,49.3322084765912,8.584042716030064,0,1,5820.4473,0.10652994,2,1,false,false,-3.9894118,4.210459,8.355045,-2.5713289,3
25.145798,0.46924624,49.3322063187194,8.584037900558567,0,1,5924.955,0.09563458,2,1,false,false,-2.221765,3.8405623,8.576425,-2.5699732,3
25.220299,0.46933737,49.332204250576005,8.584033085926734,0,1,6007.778,0.084013656,2,1,false,false,-1.3815962,5.0245776,8.850384,-2.568615,3
25.311207,0.46942884,49.33220209270421,8.5840282712949,0,1,6079.5005,0.073602825,2,1,false,false,-0.8375839,5.7039466,8.880866,-2.5672588,3
25.424566,0.46952072,49.33220002456081,8.584023455823402,0,1,6092.909,0.06488617,2,1,false,false,-0.90398586,6.9973574,8.675856,-2.5658998,3
25.541847,0.46961322,49.332197866689015,8.58401864119157,0,1,6023.7397,0.05955974,2,1,false,false,-0.7630987,7.1683183,8.853818,-2.5646498,3
25.664463,0.46970624,49.33219579854562,8.584013688854883,0,1,5953.3394,0.056412943,2,1,false,false,-0.056020334,6.5647707,8.984797,-2.5635462,3
25.77264,0.4697997,49.33219364067382,8.584008873383386,0,1,5949.6196,0.057380095,2,1,false,false,0.02008697,6.213246,10.421714,-2.562472,3
25.87287,0.46989357,49.332191482527634,8.584003921046701,0,1,6006.53,0.05641294,2,1,false,false,0.2416985,5.7176285,10.499187,-2.561404,3
25.966541,0.46998784,49.33218932465584,8.583998968710015,0,1,6055.651,0.05495985,2,1,false,false,0.48025495,5.509557,10.169119,-2.5603356,3
26.063236,0.47008243,49.332187166784045,8.583994015533666,0,1,6075.117,0.054233305,2,1,false,false,0.57374394,5.7221794,8.884208,-2.5593135,3
26.159496,0.47017747,49.332185008912255,8.58398906319698,0,1,6088.134,0.052538663,2,1,false,false,1.0292301,5.8211675,9.229672,-2.5582905,3
26.254738,0.47027302,49.33218285076606,8.583983973155442,0,1,6123.5947,0.053506758,2,1,false,false,1.28335,5.690108,10.187777,-2.557204,3
26.352694,0.4703692,49.332180602891476,8.583979020818758,0,1,6167.552,0.05084402,2,1,false,false,1.0991116,5.841576,10.116969,-2.5560436,3
26.452133,0.47046572,49.332178445019686,8.583973930777221,0,1,6182.947,0.045275103,2,1,false,false,0.8282699,5.9216914,9.706703,-2.554904,3
26.554644,0.47056255,49.3321761971451,8.583968978440534,0,1,6178.1133,0.038253095,2,1,false,false,1.1683301,6.1485763,9.595135,-2.5538855,3
26.64769,0.47065985,49.33217394927052,8.583963888398998,0,1,6184.5415,0.032443553,2,1,false,false,1.1262034,5.204191,9.351128,-2.5529463,3
26.74155,0.47075745,49.33217179139873,8.583958797517797,0,1,6242.8804,0.024695002,2,1,false,false,1.19593,5.6245947,9.554554,-2.5519848,3
26.834307,0.47085539,49.332169543524145,8.583953707476258,0,1,6301.683,0.013559027,2,1,false,false,0.971268,5.6306295,9.734213,-2.5510051,3
26.930298,0.47095397,49.33216729564956,8.583948617434721,0,1,6313.332,0.0038742758,2,1,false,false,0.80196697,5.74539,9.441957,-2.5501385,3
27.029305,0.47105303,49.332164957772186,8.583943527393185,0,1,6300.866,-0.005326427,2,1,false,false,1.0056362,5.820888,9.949975,-2.5494306,3
27.121786,0.47115245,49.3321627098976,8.583938299646794,0,1,6314.117,-0.01210594,2,1,false,false,1.2041347,5.743941,10.116382,-2.5487587,3
27.218317,0.4712523,49.33216046202302,8.583933209605258,0,1,6363.7417,-0.016948318,2,1,false,false,1.0290253,5.5466824,9.988714,-2.5480666,3
27.314524,0.47135237,49.33215812414564,8.583927981858869,0,1,6388.1187,-0.02179069,2,1,false,false,0.55668074,5.638276,9.917657,-2.5474966,3
27.411367,0.4714529,49.33215587627106,8.583922754112479,0,1,6378.1294,-0.025421534,2,1,false,false,0.5426053,5.857567,9.830782,-2.5471442,3
27.50643,0.47155368,49.33215353866808,8.583917664070942,0,1,6378.1626,-0.028569268,2,1,false,false,0.7335664,5.5606213,10.034642,-2.5469248,3
27.59922,0.4716549,49.332151200790705,8.583912436324551,0,1,6414.8066,-0.032200113,2,1,false,false,0.700281,5.392235,9.816139,-2.5467174,3
27.689861,0.47175637,49.332148862913336,8.583907071712975,0,1,6456.7373,-0.036315944,2,1,false,false,0.47323513,5.52173,10.348635,-2.5465083,3
27.780712,0.47185823,49.33214652503596,8.583901843966586,0,1,6472.1235,-0.04164237,2,1,false,false,0.3319418,5.453075,10.241066,-2.5463717,3
27.873259,0.47196043,49.33214418743298,8.583896616220196,0,1,6476.2583,-0.04769534,2,1,false,false,0.35185066,5.35178,9.721932,-2.5463226,3
27.964497,0.47206295,49.332141849555605,8.583891250768955,0,1,6498.689,-0.053990804,2,1,false,false,0.19454716,5.4311967,9.474563,-2.5463016,3
28.054728,0.4721658,49.332139511678236,8.583886023022567,0,1,6535.4736,-0.061011896,2,1,false,false,0.060769588,5.3771315,9.431783,-2.54629,3
28.145763,0.472269,49.332137084072464,8.583880657571324,0,1,6560.222,-0.072633766,2,1,false,false,-0.084805235,5.3434396,9.19722,-2.5463219,3
28.232065,0.47237253,49.332134746195095,8.583875292959748,0,1,6574.882,-0.07505402,2,1,false,false,0.05834484,5.3088675,8.954209,-2.5464046,3
28.32162,0.4724764,49.33213231858932,8.583869927508506,0,1,6608.6284,-0.08788558,2,1,false,false,0.11407758,5.33114,9.246533,-2.5464387,3
28.41049,0.47258052,49.33212998071195,8.583864562057265,0,1,6644.42,-0.09345451,2,1,false,false,-0.029047176,5.2153397,9.33975,-2.5464087,3
28.499317,0.47268504,49.33212755310618,8.583859196606024,0,1,6666.724,-0.09732783,2,1,false,false,-0.042720303,5.2418118,9.297508,-2.546334,3
28.5888,0.47278985,49.33212512550042,8.583853831994446,0,1,6681.7495,-0.10338175,2,1,false,false,-0.09890537,5.324408,9.968987,-2.5462286,3
28.67788,0.472895,49.33212269762025,8.583848328838354,0,1,6702.4185,-0.111128405,2,1,false,false,-0.18678819,5.216999,10.025732,-2.5461228,3
28.765804,0.4730005,49.332120270014485,8.583842963387113,0,1,6731.958,-0.11693983,2,1,false,false,-0.23353986,5.1707044,9.825047,-2.546036,3
28.852854,0.4731063,49.332117842408714,8.583837461070683,0,1,6761.607,-0.12153973,2,1,false,false,-0.31290254,5.195045,10.181598,-2.5459874,3
28.942062,0.47321242,49.33211541452855,8.58383195791459,0,1,6782.948,-0.124202475,2,1,false,false,-0.42593935,5.3776813,10.487988,-2.5460255,3
29.036036,0.4733189,49.33211298692279,8.583826454758498,0,1,6791.699,-0.12420246,2,1,false,false,0.0813784,5.5921116,6.3022947,-2.5461986,3
29.128788,0.47342575,49.33211055904262,8.583820952442068,0,1,6791.6445,-0.11984414,2,1,false,false,-0.041371144,5.3825226,5.1339087,-2.546444,3
29.216303,0.47353283,49.332108131436854,8.583815449285975,0,1,6800.346,-0.112581514,2,1,false,false,-0.3737364,5.0040927,10.141137,-2.5468152,3
29.300987,0.4736403,49.3321056138283,8.583809946969545,0,1,6833.659,-0.102896765,2,1,false,false,-0.7404065,4.973468,10.410878,-2.5474458,3
29.38204,0.4737481,49.332103186222525,8.5838043061086,0,1,6874.397,-0.09805438,2,1,false,false,-0.56198645,4.9629226,10.688425,-2.5483034,3
29.46408,0.47385615,49.33210066861397,8.58379880379217,0,1,6900.7485,-0.09272796,2,1,false,false,0.0016288757,3.8310277,9.725611,-2.549245,3
29.529575,0.47396448,49.33209824073381,8.583793162931226,0,1,6664.838,-0.09297043,2,1,false,false,-0.44026923,4.9032187,8.748219,-2.5500896,3
29.569376,0.47407302,49.33209572312525,8.583787522909946,0,1,6535.962,-0.09660131,0,1,false,false,-0.036209434,0.15055403,8.7443,-2.5510013,3
29.573275,0.47418165,49.33209329551948,8.583781882049,0,1,6214.9185,-0.099992454,3,1,false,false,-1.1811062,2.50837,11.350977,-2.5518947,3
29.687708,0.47429046,49.33209077791092,8.583776242027719,0,1,5511.3633,-0.10822317,3,1,false,false,-1.3268083,8.137608,11.816227,-2.5529559,3
29.821064,0.4743998,49.33208826030236,8.583770601166774,0,1,5358.042,-0.11427616,3,1,false,false,-1.485421,7.2322946,10.33684,-2.5542295,3
29.90684,0.47450954,49.332085742693806,8.583764961145492,0,1,5499.4707,-0.12105472,3,1,false,false,-1.6679814,3.6860223,9.648149,-2.5556493,3
29.966667,0.4746195,49.33208331481364,8.58375918341936,0,1,5610.9175,-0.12831923,3,1,false,false,-1.813673,3.7622972,10.181134,-2.5571573,3
30.043184,0.47472978,49.33208079720508,8.583753542558414,0,1,5602.731,-0.13655093,3,1,false,false,-2.042159,4.961356,10.694601,-2.5587487,3
30.131718,0.4748403,49.33207827959652,8.583747764832282,0,1,5557.5083,-0.14575069,3,1,false,false,-2.3360705,5.3153834,10.450356,-2.560454,3
30.218748,0.47495124,49.332075761987966,8.583741987106148,0,1,5553.546,-0.15591945,3,1,false,false,-2.5249298,4.927799,10.348876,-2.562298,3
30.297657,0.47506243,49.33207324437941,8.583736208540351,0,1,5583.5625,-0.16511926,3,1,false,false,-2.797898,4.4760523,10.078813,-2.5642877,3
30.373163,0.47517395,49.33207072677085,8.583730430814219,0,1,5615.162,-0.17504555,3,1,false,false,-3.0183887,4.4553447,9.928577,-2.5664282,3
30.45023,0.4752857,49.33206829916509,8.583724653088085,0,1,5635.666,-0.18569838,3,1,false,false,-3.317622,4.655864,9.94393,-2.568721,3
30.530607,0.47539777,49.33206578155653,8.583718737657101,0,1,5648.141,-0.19489819,3,1,false,false,-3.7176661,4.8174157,10.381888,-2.5711722,3
30.609648,0.47551015,49.33206326394797,8.583712959091304,0,1,5658.2646,-0.20288828,3,1,false,false,-3.5519006,4.592897,9.534538,-2.573781,3
30.689398,0.47562283,49.33206074633941,8.583707043660318,0,1,5679.3667,-0.2099093,3,1,false,false,-3.7218442,4.570255,9.916486,-2.5765073,3
30.768831,0.47573587,49.33205822873085,8.583701128229334,0,1,5700.7007,-0.21354114,3,1,false,false,-3.9866445,4.7307463,9.868768,-2.579325,3
30.84856,0.47584915,49.332055711122294,8.583695212798348,0,1,5714.415,-0.21620482,3,1,false,false,-4.4060016,4.7111545,9.855913,-2.5822327,3
30.929256,0.47596273,49.33205328324213,8.583689159662512,0,1,5721.333,-0.21765696,3,1,false,false,-4.6300592,4.809027,9.957249,-2.58524,3
31.01056,0.47607666,49.332050765633575,8.583683244231528,0,1,5722.9277,-0.2162048,3,1,false,false,-5.014223,4.8458424,9.860594,-2.5883203,3
31.089645,0.4761908,49.33204824802502,8.58367719109569,0,1,5727.052,-0.2142677,3,1,false,false,-4.8898854,4.624368,9.717605,-2.5914564,3
31.16616,0.47630534,49.332045820419246,8.583671137959854,0,1,5740.955,-0.21136239,3,1,false,false,-5.0166187,4.484743,9.540676,-2.5945978,3
31.24114,0.47642013,49.33204330281069,8.583665084824016,0,1,5763.033,-0.20918277,3,1,false,false,-4.9824004,4.41386,9.7025795,-2.5977507,3
31.315653,0.4765352,49.33204078520213,8.58365903168818,0,1,5782.9507,-0.2062785,3,1,false,false,-5.0040226,4.409865,9.284594,-2.600901,3
31.390415,0.47665057,49.33203835732197,8.583652840847492,0,1,5798.361,-0.20434138,3,1,false,false,-4.8146324,4.4201903,9.107,-2.6040268,3
31.465399,0.47676617,49.3320359297162,8.583646787711654,0,1,5811.372,-0.20216268,3,1,false,false,-4.986027,4.4497433,9.426659,-2.6070912,3
31.540583,0.47688204,49.33203341210764,8.583640597710628,0,1,5825.1196,-0.19974053,3,1,false,false,-5.0735164,4.452042,9.816844,-2.6101296,3
31.615118,0.47699824,49.33203098450188,8.58363440686994,0,1,5842.943,-0.19635129,3,1,false,false,-4.8564296,4.405753,8.486042,-2.6131852,3
31.688566,0.4771147,49.33202855662171,8.583628216029252,0,1,5863.9688,-0.19175135,3,1,false,false,-4.8150992,4.309896,8.256098,-2.6162298,3
31.761381,0.47723144,49.33202603901315,8.58362188748371,0,1,5885.45,-0.18424529,3,1,false,false,-4.9777913,4.258773,9.162327,-2.619298,3
31.834162,0.47734842,49.33202361140739,8.583615696643022,0,1,5910.9155,-0.17456244,3,1,false,false,-5.247381,4.346938,9.429702,-2.622458,3
31.908173,0.4774657,49.332021183801615,8.583609368937145,0,1,5936.8047,-0.16342455,3,1,false,false,-4.9951262,4.3376427,9.064827,-2.62571,3
31.983322,0.4775832,49.33201875592145,8.583603040391605,0,1,5950.4204,-0.15083554,3,1,false,false,-4.7394595,4.3941083,7.77983,-2.6289227,3
32.05766,0.477701,49.33201632831569,8.583596712685727,0,1,5962.383,-0.13727741,3,1,false,false,-5.290895,4.3303285,10.590836,-2.6320932,3
32.125446,0.4778191,49.33201390043552,8.583590384140187,0,1,5990.7314,-0.12371933,3,1,false,false,-4.673677,3.7803445,14.2229185,-2.6353436,3
32.192284,0.4779374,49.332011472829755,8.583584055594647,0,1,6023.0566,-0.107012585,3,1,false,false,-4.4933434,3.766799,14.091334,-2.638482,3
32.26055,0.47805592,49.33200913495238,8.583577590183918,0,1,6018.487,-0.09393856,3,1,false,false,-5.9547887,4.3154573,15.767909,-2.6412404,3
32.33819,0.47817472,49.332006707346615,8.583571123933526,0,1,6011.7573,-0.078685805,3,1,false,false,-5.3151746,4.9628305,14.396952,-2.643906,3
32.425823,0.4782936,49.332004279603645,8.583564796227648,0,1,6021.718,-0.06706487,3,1,false,false,-2.9457593,5.363182,9.124535,-2.6462073,3
32.511703,0.47841278,49.33200194186347,8.583558192272404,0,1,6000.046,-0.0675489,3,1,false,false,-2.2208064,4.7847395,6.422453,-2.6473548,3
32.576794,0.47853225,49.331999514120504,8.583551726861675,0,1,5989.1836,-0.080380455,3,1,false,false,-1.6905715,3.1233623,7.059219,-2.6473463,3
32.66324,0.47865197,49.33199708651474,8.583545260611283,0,1,6100.568,-0.09175986,3,1,false,false,-4.200354,7.054587,9.88779,-2.6468933,3
32.74685,0.47877204,49.331994748637364,8.583538657495703,0,1,6088.6543,-0.098054364,3,1,false,false,-2.7381744,4.751885,11.578056,-2.6463754,3
32.82496,0.47889242,49.33199232103159,8.583532192084974,0,1,5980.064,-0.099992454,3,1,false,false,-1.4041018,4.5119977,5.060108,-2.645068,3
32.87461,0.47901303,49.33198989328863,8.58352558812973,0,1,6027.068,-0.1399402,3,1,false,false,-4.6610675,2.8718424,10.2047,-2.6434548,3
32.929714,0.4791338,49.33198755554845,8.583518985014148,0,1,6210.8105,-0.1810985,3,1,false,false,-4.50614,3.0950713,12.1222925,-2.6427257,3
32.98585,0.4792548,49.33198512780549,8.583512381898569,0,1,6285.7417,-0.15591945,3,1,false,false,-2.4408357,3.1673925,9.645753,-2.643087,3
33.034477,0.47937602,49.33198278992811,8.58350564023847,0,1,6270.438,-0.10410734,3,1,false,false,-1.0122195,2.3234956,9.03157,-2.6440277,3
33.087948,0.47949734,49.33198036232235,8.583499037122891,0,1,6383.547,-0.07456997,3,1,false,false,-0.514538,4.44271,9.014391,-2.645082,3
33.186848,0.479619,49.33197802444497,8.58349243400731,0,1,6479.97,-0.05520046,3,1,false,false,-0.44873497,6.596432,7.9935756,-2.646157,3
33.30077,0.47974107,49.33197559683921,8.583485693186878,0,1,6288.8823,-0.042853903,3,1,false,false,-0.8864163,6.8168797,8.558235,-2.6471918,3
33.41348,0.47986358,49.33197325896183,8.583478952366445,0,1,6067.7036,-0.037769042,3,1,false,false,-0.26535222,6.1938105,9.403439,-2.6481338,3
33.508877,0.47998646,49.33197083135607,8.583472210706349,0,1,6081.767,-0.035106298,3,1,false,false,-0.39754575,4.980571,10.450511,-2.6488667,3
33.576363,0.4801096,49.3319684036131,8.583465469885917,0,1,6188.5205,-0.030506415,3,1,false,false,-0.93163127,3.592247,10.535247,-2.6493862,3
33.637905,0.48023304,49.33196597587013,8.583458729065484,0,1,6225.114,-0.030021422,3,1,false,false,-0.82153577,3.7292802,9.98086,-2.6497557,3
33.70921,0.48035672,49.33196354812716,8.583451988245052,0,1,6227.0044,-0.032684166,3,1,false,false,-0.3344494,4.508759,10.287473,-2.6500196,3
33.788303,0.48048064,49.331961210386986,8.583445109719767,0,1,6241.6396,-0.028569274,3,1,false,false,-0.5146241,4.7772226,10.560166,-2.6501708,3
33.866028,0.4806049,49.33195878264402,8.583438368899335,0,1,6245.067,-0.025905592,3,1,false,false,-0.59729844,4.4544477,10.201711,-2.6502724,3
33.941566,0.48072943,49.33195635503826,8.58343149037405,0,1,6242.9937,-0.027600233,3,1,false,false,-0.67894816,4.360595,10.147537,-2.6503687,3
34.013214,0.4808542,49.33195392729529,8.583424611848766,0,1,6263.8125,-0.028569272,3,1,false,false,-0.23130196,4.1671042,9.659,-2.650491,3
34.08366,0.48097923,49.331951499552325,8.583417871028333,0,1,6303.321,-0.027116185,3,1,false,false,-0.085511476,4.0617795,9.6334505,-2.650579,3
34.15583,0.48110455,49.331949071809355,8.58341099250305,0,1,6324.078,-0.021548199,3,1,false,false,-0.35569906,4.2706428,9.42314,-2.6506577,3
34.230106,0.48123014,49.3319465542008,8.583404113977764,0,1,6323.3228,-0.015736792,3,1,false,false,-0.06833461,4.420918,9.589218,-2.6507921,3
34.306698,0.481356,49.33194412659503,8.583397097747628,0,1,6325.754,-0.008957274,3,1,false,false,-0.046395004,4.457032,9.545376,-2.6509418,3
34.381046,0.4814821,49.33194169885207,8.583390219222343,0,1,6336.151,-0.0014521503,3,1,false,false,0.16960952,4.32726,9.231508,-2.6510944,3
34.45428,0.48160848,49.3319392711091,8.58338334069706,0,1,6350.491,0.008474159,3,1,false,false,0.2758714,4.287622,9.61965,-2.6512058,3
34.527447,0.48173514,49.33193675350054,8.583376324466922,0,1,6365.512,0.01597928,3,1,false,false,0.31574726,4.3037677,9.817806,-2.651253,3
34.60079,0.48186207,49.33193432575758,8.583369308236787,0,1,6378.566,0.024210947,3,1,false,false,0.57370985,4.277173,9.758595,-2.651231,3
34.67368,0.48198926,49.331931808149015,8.583362429711501,0,1,6387.724,0.034137256,3,1,false,false,0.66492975,4.25505,10.131985,-2.651113,3
34.74627,0.48211673,49.33192938054325,8.583355413481366,0,1,6400.034,0.04672817,3,1,false,false,0.7866981,4.271234,9.950758,-2.650888,3
34.819332,0.48224446,49.331926862934694,8.58334839725123,0,1,6417.5264,0.05931818,3,1,false,false,0.9648325,4.2709436,9.828206,-2.650545,3
34.89232,0.48237243,49.33192443519173,8.583341381860757,0,1,6429.7095,0.06972854,3,1,false,false,1.2192078,4.290836,10.180188,-2.6500723,3
34.96556,0.48250064,49.33192191758317,8.58333436563062,0,1,6437.226,0.08183401,3,1,false,false,1.490957,4.313892,10.115426,-2.6494524,3
35.03932,0.48262915,49.33191939997461,8.583327211695632,0,1,6446.141,0.09442354,3,1,false,false,1.6300833,4.3134294,10.35803,-2.6486745,3
35.11226,0.4827579,49.33191688236605,8.583320195465497,0,1,6455.528,0.10652995,3,1,false,false,1.9040496,4.2650514,9.965907,-2.6477427,3
35.184113,0.48288694,49.331914364620296,8.583313041530507,0,1,6466.6455,0.11887744,3,1,false,false,2.1234014,4.204533,9.896582,-2.6466465,3
35.255707,0.48301622,49.33191184701174,8.583306026140034,0,1,6480.688,0.1300148,3,1,false,false,2.400609,4.198868,9.417733,-2.6453867,3
35.32648,0.48314574,49.33190932940318,8.583298872205047,0,1,6493.781,0.1392155,3,1,false,false,2.6981242,4.1643834,10.123216,-2.6439633,3
35.397263,0.48327553,49.33190672192903,8.583291855974911,0,1,6506.235,0.1467206,3,1,false,false,2.9843352,4.1560864,10.586826,-2.642362,3
35.46722,0.4834056,49.33190420432047,8.583284702039922,0,1,6519.3936,0.15132053,3,1,false,false,3.2690692,4.104005,10.091105,-2.6405888,3
35.53656,0.48353586,49.33190159670912,8.583277548944597,0,1,6535.3193,0.15253162,3,1,false,false,3.2797482,4.0451803,9.800637,-2.638644,3
35.604828,0.48366645,49.33189898923498,8.58327039500961,0,1,6553.203,0.1522891,3,1,false,false,3.417131,4.0706506,10.075188,-2.6365662,3
35.674274,0.4837973,49.33189638162363,8.583263378779474,0,1,6570.7915,0.1508365,3,1,false,false,3.7523448,4.1464505,9.948472,-2.6343758,3
35.74536,0.48392844,49.33189377414948,8.58325622568415,0,1,6578.7476,0.14793128,3,1,false,false,3.8243554,4.203874,9.9966,-2.6321025,3
35.81617,0.48405984,49.33189116667533,8.583249071749162,0,1,6579.226,0.14454101,3,1,false,false,3.8247411,4.204584,10.10504,-2.6298277,3
35.885803,0.4841915,49.33188855906398,8.58324178010932,0,1,6587.8115,0.13848895,3,1,false,false,3.8659098,4.0586905,9.719189,-2.627566,3
35.95428,0.48432344,49.33188586158704,8.583234627013995,0,1,6607.6836,0.13340457,3,1,false,false,4.083806,4.068466,9.995862,-2.6253252,3
36.02151,0.48445565,49.33188325411289,8.583227473079008,0,1,6623.0693,0.12783568,3,1,false,false,4.270123,3.9770732,10.17477,-2.6231277,3
36.089176,0.4845881,49.33188055663595,8.58322031914402,0,1,6633.916,0.12275125,3,1,false,false,4.0120735,4.024584,9.789917,-2.6209483,3
36.15719,0.48472083,49.33187785915901,8.583213166048695,0,1,6647.6396,0.11742433,3,1,false,false,4.014153,4.070912,9.762113,-2.618827,3
36.224224,0.4848538,49.33187516181927,8.583205874408856,0,1,6661.704,0.111614324,3,1,false,false,4.1586576,3.947476,10.009206,-2.6167836,3
36.291004,0.48498708,49.331872464342325,8.583198720473867,0,1,6676.7515,0.10701444,3,1,false,false,3.950218,4.0003753,9.807068,-2.6147823,3
36.358494,0.48512053,49.33186976686539,8.583191567378542,0,1,6690.7534,0.100719,3,1,false,false,4.0690565,4.015633,9.875953,-2.6128569,3
36.425484,0.48525432,49.33186697952286,8.583184275738702,0,1,6700.2227,0.09442354,3,1,false,false,4.0986557,3.9824536,10.573057,-2.6110106,3
36.49261,0.48538828,49.331864192180326,8.583177122643377,0,1,6712.0493,0.08812946,3,1,false,false,4.012177,4.015554,9.969541,-2.6092093,3
36.559998,0.4855226,49.33186149470338,8.583169831003538,0,1,6725.4907,0.08183401,3,1,false,false,3.953582,3.9955535,9.812927,-2.6074739,3
36.626873,0.48565713,49.33185870736085,8.58316267706855,0,1,6734.9165,0.07747614,3,1,false,false,3.7004967,3.9987953,9.562452,-2.6058388,3
36.693928,0.48579186,49.33185591988112,8.583155386268373,0,1,6744.833,0.070939116,3,1,false,false,3.602345,4.0026603,9.66916,-2.6043177,3
36.761654,0.4859269,49.33185313253859,8.583148094628534,0,1,6755.0024,0.06464461,3,1,false,false,3.657111,3.9978118,10.283609,-2.6029224,3
36.82815,0.48606223,49.331850255330465,8.583140941533209,0,1,6762.451,0.062464986,3,1,false,false,3.506641,3.9515204,9.700461,-2.6016421,3
36.89371,0.4861977,49.331847467987934,8.58313364989337,0,1,6774.6777,0.059075687,3,1,false,false,3.4091046,3.847079,9.911984,-2.6004508,3
36.957973,0.48633355,49.33184459064261,8.583126359093193,0,1,6794.2446,0.056170445,3,1,false,false,3.3515272,3.8210814,10.028876,-2.5993156,3
37.02235,0.4864695,49.331841713434486,8.583119067453353,0,1,6813.775,0.0544758,3,1,false,false,3.1344657,3.856922,10.005868,-2.5982106,3
37.088306,0.48660582,49.331838925954756,8.583111776653176,0,1,6824.2173,0.052053675,3,1,false,false,3.016191,3.9221196,9.362692,-2.5971692,3
37.154465,0.48674235,49.33183604874663,8.583104485013337,0,1,6829.383,0.05035997,3,1,false,false,2.8308718,3.9565573,9.257359,-2.5962079,3
37.221046,0.48687908,49.33183308153572,8.58309719421316,0,1,6838.678,0.048180334,3,1,false,false,2.8630044,3.9505537,9.856142,-2.595322,3
37.28679,0.48701608,49.331830204327595,8.58308990257332,0,1,6848.623,0.04697068,3,1,false,false,2.960198,3.8875408,10.19522,-2.594493,3
37.35186,0.48715338,49.33182732698227,8.583082610933479,0,1,6858.0454,0.04551759,3,1,false,false,2.7559316,3.8285828,10.341673,-2.593697,3
37.415794,0.48729086,49.33182435977136,8.583075320133304,0,1,6871.1685,0.04285391,3,1,false,false,2.7420924,3.7634954,10.13563,-2.5929213,3
37.479374,0.48742858,49.331821482563235,8.583068028493463,0,1,6889.6274,0.040191166,3,1,false,false,2.5189772,3.8105059,10.333117,-2.5921316,3
37.544044,0.48756653,49.33181851535232,8.583060599988436,0,1,6903.2495,0.03631689,3,1,false,false,2.4701545,3.8780577,9.945854,-2.591356,3
37.60967,0.48770478,49.33181554814141,8.583053309188259,0,1,6906.8657,0.033170097,3,1,false,false,2.2605932,3.9145198,10.124139,-2.5906205,3
37.676025,0.48784325,49.33181267079608,8.58304601754842,0,1,6908.128,0.029537372,3,1,false,false,2.1921089,3.951498,10.613658,-2.5899575,3
37.741974,0.48798192,49.331809703585165,8.58303858904339,0,1,6914.4,0.025179978,3,1,false,false,2.0564888,3.9231932,10.705705,-2.5893567,3
37.805218,0.48812088,49.33180664650866,8.58303129740355,0,1,6922.9565,0.021548204,3,1,false,false,1.9521339,3.700435,10.063199,-2.58883,3
37.86773,0.48826003,49.33180367929775,8.583023868898522,0,1,6940.2783,0.018642966,3,1,false,false,1.9558051,3.703072,10.329619,-2.5883548,3
37.92964,0.48839948,49.33180071208683,8.58301643955383,0,1,6958.004,0.01743237,3,1,false,false,1.5595471,3.7099812,10.774863,-2.587911,3
37.992233,0.4885391,49.33179774501312,8.583009148753654,0,1,6968.835,0.016221775,3,1,false,false,1.6179715,3.753091,9.770026,-2.5875401,3
38.05519,0.48867896,49.331794687799416,8.583001720248625,0,1,6976.178,0.017432366,3,1,false,false,1.495162,3.7282324,9.447142,-2.5872257,3
38.117447,0.48881906,49.3317917205885,8.582994290903933,0,1,6987.7124,0.019369503,3,1,false,false,1.4200647,3.7026048,9.930066,-2.5869505,3
38.17928,0.4889594,49.33178866351199,8.582986862398904,0,1,7003.1196,0.02227474,3,1,false,false,1.5585048,3.687386,9.810975,-2.5866919,3
38.24115,0.48909998,49.33178560643549,8.582979433054213,0,1,7015.289,0.02469499,3,1,false,false,1.5191453,3.634397,9.5533905,-2.5864182,3
38.299934,0.48924074,49.33178263922457,8.582972004549184,0,1,6758.8936,0.026148083,3,1,false,false,1.3309836,3.2247229,9.197419,-2.5861197,3
38.31007,0.4893817,49.331779582148066,8.582964576044157,0,1,6626.564,0.026632132,0,1,false,false,1.4017818,-0.5072818,9.464173,-2.5858028,3
38.316734,0.48952258,49.33177652507156,8.582957009834276,0,1,6171.847,0.027358677,4,1,false,false,1.2550412,2.9902914,11.034313,-2.5854707,3
38.420795,0.48966372,49.33177346785786,8.582949580489585,0,1,5416.4824,0.026390579,4,1,false,false,1.4289255,7.013023,10.819439,-2.5851238,3
38.504944,0.48980525,49.331770410781346,8.582942151984556,0,1,5533.7646,0.02542154,4,1,false,false,1.3486145,3.0320883,9.616431,-2.5846982,3
38.53508,0.48994696,49.33176735370484,8.582934722639864,0,1,5766.976,0.02445344,4,1,false,false,1.1697013,1.8796017,9.723104,-2.5842555,3
38.58901,0.49008876,49.331764296628336,8.582927156429983,0,1,5723.6777,0.022032253,4,1,false,false,1.0797827,4.121512,10.249709,-2.58384,3
38.66534,0.4902309,49.33176114954904,8.582919727924956,0,1,5614.261,0.020095116,4,1,false,false,1.2387065,4.5531707,10.701345,-2.5834448,3
38.7301,0.49037322,49.33175809247253,8.582912161715075,0,1,5632.431,0.01985262,4,1,false,false,1.3631997,3.3896964,10.786514,-2.5830593,3
38.78184,0.49051583,49.33175503539603,8.582904595505196,0,1,5697.449,0.019127015,4,1,false,false,1.2486854,3.0375392,10.319903,-2.5826745,3
38.83692,0.49065855,49.33175188831673,8.582897166160503,0,1,5710.0903,0.018642962,4,1,false,false,0.99450594,3.4859858,9.405366,-2.582305,3
38.89738,0.49080154,49.331748831240226,8.582889599950624,0,1,5696.649,0.017189875,4,1,false,false,1.1822426,3.664753,9.151027,-2.5819745,3
38.958214,0.49094474,49.33174568416093,8.582882033740743,0,1,5706.661,0.017916419,4,1,false,false,1.2618859,3.5590904,10.34423,-2.5816538,3
39.016792,0.49108818,49.33174253721883,8.582874467530864,0,1,5721.4326,0.018885456,4,1,false,false,1.1636151,3.482512,10.235476,-2.5813367,3
39.074577,0.4912318,49.33173939013953,8.582866900481319,0,1,5726.616,0.019852616,4,1,false,false,1.0696858,3.4030828,9.960432,-2.5810258,3
39.13102,0.49137565,49.33173633306303,8.58285933427144,0,1,5741.1997,0.021305706,4,1,false,false,1.0937991,3.3967953,9.929203,-2.58072,3
39.188858,0.49151972,49.33173318598373,8.582851768061559,0,1,5763.6694,0.023001287,4,1,false,false,1.1355177,3.5481899,9.490087,-2.5803967,3
39.24905,0.49166402,49.33173003904163,8.58284420185168,0,1,5764.3696,0.025179978,4,1,false,false,1.2285327,3.6103342,10.048722,-2.5800574,3
39.309994,0.4918085,49.33172689196233,8.582836497936947,0,1,5756.489,0.027358674,4,1,false,false,1.2518108,3.6392255,10.676146,-2.5797105,3
39.36967,0.49195322,49.33172374488304,8.582828931727066,0,1,5764.777,0.02905332,4,1,false,false,1.2499025,3.5291562,10.06104,-2.5793452,3
39.42681,0.49209815,49.33172050793815,8.582821364677523,0,1,5778.8413,0.030747963,4,1,false,false,1.2169443,3.3797312,9.073489,-2.5789597,3
39.48405,0.4922433,49.33171736099605,8.582813660762792,0,1,5791.009,0.032443546,4,1,false,false,1.2962198,3.4697912,9.860682,-2.5785558,3
39.543106,0.4923886,49.331714213916754,8.582805956848059,0,1,5798.0317,0.0336532,4,1,false,false,1.2376977,3.5663936,10.634947,-2.5781164,3
39.602066,0.4925342,49.33171097697187,8.582798390638178,0,1,5797.8823,0.034379747,4,1,false,false,1.3702345,3.5153759,11.058618,-2.5776515,3
39.658787,0.49267992,49.33170783002977,8.582790686723447,0,1,5806.6973,0.035106294,4,1,false,false,1.4345173,3.3572733,10.266818,-2.5771585,3
39.71515,0.49282593,49.33170459308488,8.582782982808714,0,1,5828.983,0.035106294,4,1,false,false,1.247011,3.4103463,9.594856,-2.5766258,3
39.773212,0.4929721,49.331701356139995,8.582775416598835,0,1,5838.37,0.0348638,4,1,false,false,1.3401383,3.558409,9.750222,-2.5760798,3
39.83316,0.49311846,49.3316982090607,8.582767712684102,0,1,5831.635,0.0348638,4,1,false,false,1.5810335,3.6351333,9.546117,-2.5755482,3
39.892746,0.49326506,49.331694972115805,8.582760008769371,0,1,5830.593,0.03437975,4,1,false,false,1.4480841,3.4984655,9.058824,-2.5750155,3
39.948513,0.4934119,49.33169173517092,8.582752304854639,0,1,5843.144,0.034622245,4,1,false,false,1.3276511,3.2395453,9.013524,-2.5744874,3
40.00134,0.4935589,49.33168849822603,8.582744600939908,0,1,5867.895,0.03462224,4,1,false,false,1.3703532,3.2053053,9.628625,-2.57396,3
40.055862,0.4937061,49.331685261281145,8.582736897025175,0,1,5889.3267,0.033411648,4,1,false,false,1.3921804,3.2957137,10.490928,-2.5734048,3
40.11237,0.49385354,49.33168202433625,8.582729055405592,0,1,5896.666,0.032201055,4,1,false,false,1.4209163,3.4223459,10.69348,-2.5728123,3
40.168327,0.49400115,49.33167878739137,8.582721351490859,0,1,5904.614,0.030747969,4,1,false,false,1.5328429,3.4534173,10.238198,-2.5721924,3
40.22813,0.494149,49.33167546058088,8.582713647576126,0,1,5917.096,0.029295819,4,1,false,false,1.6747692,3.5905397,10.336983,-2.5715597,3
40.28996,0.4942971,49.331672223636,8.582705805956543,0,1,5906.676,0.026632136,4,1,false,false,1.5077333,3.752944,9.9669075,-2.570953,3
40.35167,0.49444538,49.331668986691106,8.58269810204181,0,1,5889.6055,0.023485344,4,1,false,false,1.5883594,3.667104,9.922475,-2.570411,3
40.409435,0.49459392,49.33166565988063,8.582690260422227,0,1,5893.3413,0.021548202,4,1,false,false,1.5363345,3.4051235,10.0636015,-2.5699344,3
40.46425,0.49474266,49.33166233293295,8.582682556507494,0,1,5912.863,0.019611064,4,1,false,false,1.3916012,3.2540433,10.277091,-2.569513,3
40.518105,0.49489158,49.33165909598806,8.582674714887911,0,1,5926.345,0.01791642,4,1,false,false,1.2558547,3.222722,10.2784195,-2.5691414,3
40.571247,0.4950407,49.33165576917758,8.582667010973179,0,1,5939.125,0.01694832,4,1,false,false,1.2813056,3.235139,10.383094,-2.5688102,3
40.625137,0.49519002,49.3316524423671,8.582659169353596,0,1,5959.2993,0.01646333,4,1,false,false,1.3888292,3.2525213,9.54492,-2.568503,3
40.680557,0.49533957,49.33164911555662,8.58265132773401,0,1,5971.92,0.016221775,4,1,false,false,1.2973386,3.3473608,9.08645,-2.5682015,3
40.7372,0.4954893,49.33164578860894,8.582643486114428,0,1,5974.0283,0.017189872,4,1,false,false,1.2514343,3.4366605,9.835678,-2.567901,3
40.79385,0.49563923,49.33164246179846,8.582635644494843,0,1,5978.4565,0.017674863,4,1,false,false,1.1137462,3.4880571,9.546907,-2.5676103,3
40.85027,0.4957894,49.33163913498798,8.58262780287526,0,1,5987.269,0.01815891,4,1,false,false,1.1139032,3.3280182,9.219058,-2.5673304,3
40.905582,0.49593976,49.3316358080403,8.58261996209534,0,1,5995.127,0.017674861,4,1,false,false,1.0950902,3.2787364,10.239614,-2.5670588,3
40.961346,0.4960903,49.33163239136423,8.582612120475755,0,1,6006.813,0.017189873,4,1,false,false,1.086205,3.467897,10.839996,-2.5667746,3
41.017357,0.49624106,49.331629064416546,8.582604278856172,0,1,6012.2793,0.016221777,4,1,false,false,1.1419926,3.3804986,10.168237,-2.5664864,3
41.073154,0.49639207,49.33162573760607,8.582596299531737,0,1,6014.755,0.0152527355,4,1,false,false,1.2017299,3.3087752,9.323753,-2.5661988,3
41.130356,0.49654326,49.331622320792796,8.582588457912152,0,1,6023.7725,0.0138005875,4,1,false,false,1.0733356,3.4257197,9.770859,-2.5659003,3
41.186523,0.49669465,49.33161899398232,8.582580616292567,0,1,6025.9277,0.012105944,4,1,false,false,1.056934,3.4018943,10.491716,-2.5656164,3
41.241676,0.49684626,49.331615577169046,8.582572637807797,0,1,6029.175,0.009927244,4,1,false,false,0.9908486,3.310524,10.43355,-2.5653408,3
41.295376,0.49699804,49.33161216049297,8.582564796188212,0,1,6042.9297,0.008231665,4,1,false,false,1.0360837,3.1650894,11.549319,-2.5650735,3
41.349136,0.4971501,49.331608833545296,8.582556816863777,0,1,6058.528,0.0060529704,4,1,false,false,0.94341195,3.2622366,10.918522,-2.564815,3
41.404217,0.4973023,49.33160541686922,8.58254883753934,0,1,6064.592,0.0033902247,4,1,false,false,0.76784605,3.409831,9.960549,-2.5645816,3
41.45972,0.4974547,49.33160200005595,8.582540995919757,0,1,6064.91,0.0024211877,4,1,false,false,0.8843761,3.3815749,9.747979,-2.5643957,3
41.51655,0.4976073,49.33159858324268,8.582533017434985,0,1,6068.611,0.0021786941,4,1,false,false,0.81580406,3.44923,10.127786,-2.564234,3
41.57239,0.49776015,49.33159516656661,8.58252503811055,0,1,6067.2,0.0019371381,4,1,false,false,0.64789313,3.30977,9.923622,-2.5641174,3
41.62411,0.49791315,49.331591749753336,8.582517058786113,0,1,6074.2817,0.0026636813,4,1,false,false,0.6847606,3.1057591,10.11062,-2.5640514,3
41.674366,0.4980664,49.33158833294007,8.58250908030134,0,1,6102.359,0.0038742756,4,1,false,false,0.8043291,3.0465007,10.142144,-2.5640063,3
41.726543,0.4982198,49.3315849161268,8.582501100976906,0,1,6119.865,0.004600819,4,1,false,false,0.75898147,3.077974,8.900348,-2.5639617,3
41.778984,0.4983734,49.331581409447935,8.582493121652469,0,1,6121.2734,0.004115831,4,1,false,false,0.6729485,3.182028,9.048066,-2.5639129,3
41.831554,0.4985272,49.33157799277186,8.582485142328034,0,1,6137.4263,0.005327364,4,1,false,false,0.6489327,3.3392773,9.826063,-2.5638583,3
41.885666,0.4986812,49.33157457595859,8.58247702613841,0,1,6151.6475,0.0062945285,4,1,false,false,0.41553032,3.3279603,9.54961,-2.5637999,3
41.939747,0.49883538,49.33157106927973,8.582469046813975,0,1,6147.4536,0.0060529695,4,1,false,false,0.37318012,3.1692371,8.835881,-2.5637624,3
41.99382,0.49898976,49.33156765246646,8.582461067489538,0,1,6155.9414,0.0058104764,4,1,false,false,0.63376546,3.2789598,9.208276,-2.5637467,3
42.048004,0.49914432,49.331564145787596,8.582452951299915,0,1,6170.5513,0.007263564,4,1,false,false,0.54410017,3.295104,10.434598,-2.563712,3
42.102097,0.49929917,49.33156072911152,8.582444971975479,0,1,6169.3833,0.008231665,4,1,false,false,0.51221955,3.3311772,11.1592245,-2.563673,3
42.156555,0.49945414,49.331557222432664,8.582436855785854,0,1,6170.4126,0.0077476157,4,1,false,false,0.6756396,3.2434113,9.37657,-2.5636334,3
42.209793,0.49960935,49.3315537157538,8.582428738756567,0,1,6183.133,0.0067795133,4,1,false,false,0.54900444,3.1759145,9.365641,-2.56356,3
42.26343,0.49976474,49.33155020907493,8.58242075943213,0,1,6193.8647,0.0048423754,4,1,false,false,0.4271173,3.3208241,10.443535,-2.5634692,3
42.31885,0.49992034,49.33154679226167,8.582412643242508,0,1,6191.326,0.0026636822,4,1,false,false,0.3619903,3.3928134,10.539333,-2.5633707,3
42.372402,0.5000761,49.3315432855828,8.58240452621322,0,1,6186.4585,-0.00024155731,4,1,false,false,0.44544408,3.1925213,10.195821,-2.5632887,3
42.42437,0.50023216,49.33153977890394,8.582396410023597,0,1,6201.8423,-0.003390225,4,1,false,false,0.482058,3.057454,9.732397,-2.5632148,3
42.47522,0.50038826,49.33153627222508,8.582388292994308,0,1,6221.529,-0.0055679833,4,1,false,false,0.38256046,3.0989878,9.547076,-2.5631478,3
42.526466,0.50054467,49.331532765546214,8.582380175965021,0,1,6228.8633,-0.007747614,4,1,false,false,0.20984319,3.1768153,10.091537,-2.563094,3
42.57911,0.5007012,49.331529258867356,8.582371922070545,0,1,6234.1978,-0.008957274,4,1,false,false,0.1433756,3.2292452,10.389468,-2.5630753,3
42.632336,0.500858,49.33152575218849,8.58236380588092,0,1,6240.2017,-0.010168804,4,1,false,false,0.31333482,3.15239,8.940113,-2.5631063,3
42.6843,0.50101495,49.331522245509625,8.582355688851633,0,1,6245.886,-0.010652852,4,1,false,false,0.26525033,3.0849233,8.948896,-2.5631669,3
42.73552,0.5011721,49.33151864882797,8.582347434957157,0,1,6259.1167,-0.010410359,4,1,false,false,0.19684434,3.141653,9.950084,-2.5632591,3
42.787285,0.5013294,49.33151514214911,8.58233931792787,0,1,6270.9434,-0.009926311,4,1,false,false,0.08352211,3.2295895,10.64164,-2.563374,3
42.838894,0.50148696,49.33151163547025,8.582331064033394,0,1,6273.075,-0.008715717,4,1,false,false,0.19245249,3.0849614,9.272565,-2.5635073,3
42.89074,0.5016447,49.3315080389258,8.582322947004107,0,1,6282.454,-0.0075051226,4,1,false,false,0.2996235,3.0950737,9.231672,-2.5636458,3
42.94327,0.50180256,49.33150453224693,8.58231469310963,0,1,6294.5117,-0.006052971,4,1,false,false,0.15674789,3.202154,9.702789,-2.5637717,3
42.99637,0.5019607,49.331501025568066,8.582306438375491,0,1,6294.121,-0.005083933,4,1,false,false,0.21828046,3.2679653,10.239428,-2.5638962,3
43.048737,0.50211895,49.331497428886415,8.582298184481015,0,1,6292.697,-0.0036317827,4,1,false,false,0.10769898,3.1388721,10.297482,-2.5640025,3
43.100063,0.5022775,49.33149392220756,8.582289929746874,0,1,6304.8594,-0.0021786955,4,1,false,false,0.14403975,3.058896,9.600274,-2.5640998,3
43.150898,0.50243616,49.3314903256631,8.5822816758524,0,1,6317.319,-0.0016946441,4,1,false,false,0.17973052,3.0339768,9.521904,-2.564179,3
43.20207,0.502595,49.331486728981446,8.582273421957924,0,1,6322.5347,-0.000968101,4,1,false,false,0.16307323,3.147466,9.619382,-2.5642428,3
43.253876,0.50275403,49.33148322230258,8.582265167223785,0,1,6327.4795,-0.0012105941,4,1,false,false,0.09112209,3.1626968,9.38681,-2.5642867,3
43.30468,0.50291324,49.33147962575813,8.582256913329308,0,1,6333.5938,-0.00048405043,4,1,false,false,0.12071732,3.0234437,8.991636,-2.5643084,3
43.35472,0.5030727,49.331476029213675,8.58224865859517,0,1,6344.8276,-0.0012105941,4,1,false,false,0.24446805,2.9746017,9.366433,-2.5643206,3
43.40427,0.50323224,49.331472432532024,8.582240266995841,0,1,6358.1807,-0.0016946448,4,1,false,false,0.20341456,2.9727347,9.300907,-2.5643165,3
43.45326,0.50339204,49.33146892585316,8.582232013101365,0,1,6370.717,-0.002178695,4,1,false,false,0.1583317,2.984343,9.661094,-2.5643046,3
43.502815,0.50355196,49.331465329308706,8.582223621502038,0,1,6384.344,-0.0014521515,4,1,false,false,0.089915544,3.1493833,9.934665,-2.564299,3
43.55509,0.5037121,49.33146173262705,8.582215366767898,0,1,6390.7095,-0.000968101,4,1,false,false,0.15910539,3.1617956,10.079195,-2.5642986,3
43.608154,0.50387245,49.331458136082595,8.582206975168571,0,1,6385.29,-0.00024155708,4,1,false,false,0.27492556,3.1780834,9.529562,-2.5642953,3
43.661488,0.50403297,49.33145453953814,8.582198721274095,0,1,6384.844,9.362848e-07,4,1,false,false,0.3289933,3.1870115,9.422234,-2.5642805,3
43.712936,0.5041937,49.33145094285649,8.582190328835104,0,1,6389.774,0.0012105943,4,1,false,false,0.2980285,3.098543,10.626814,-2.5642507,3
43.763603,0.5043546,49.33144734631203,8.582181937235775,0,1,6396.1157,0.002905239,4,1,false,false,0.21171817,3.106337,11.5146885,-2.564211,3
43.813866,0.5045157,49.33144374963038,8.582173545636447,0,1,6400.7124,0.005327363,4,1,false,false,0.22826776,2.9960134,10.902204,-2.5641644,3
43.863136,0.504677,49.331440063220334,8.58216515403712,0,1,6408.4883,0.0065370197,4,1,false,false,0.46122286,2.9245694,9.624427,-2.5641205,3
43.913277,0.50483847,49.33143646653868,8.582156761598128,0,1,6421.639,0.009443195,4,1,false,false,0.60283446,3.0534806,10.169304,-2.5640569,3
43.963898,0.50500005,49.33143286999423,8.582148369998801,0,1,6424.684,0.012347497,4,1,false,false,0.50387007,3.17556,10.231986,-2.5639534,3
44.014668,0.50516194,49.331429183446986,8.582139840694621,0,1,6421.4507,0.015736787,4,1,false,false,0.45031083,3.0835803,10.464979,-2.5638196,3
44.06334,0.50532395,49.331425586902526,8.582131449095293,0,1,6428.4414,0.018885454,4,1,false,false,0.65625954,2.8656785,10.072693,-2.5636663,3
44.110718,0.5054862,49.331421990220875,8.582123057495966,0,1,6447.4204,0.02179069,4,1,false,false,0.7572881,2.8046262,9.013763,-2.563472,3
44.157684,0.5056485,49.33141830367363,8.582114527352122,0,1,6462.2524,0.02469499,4,1,false,false,0.7178097,2.8619273,8.827404,-2.5632298,3
44.20576,0.5058111,49.33141461726358,8.582106135752795,0,1,6472.1973,0.027358675,4,1,false,false,0.70951176,3.0201938,9.205783,-2.562955,3
44.254723,0.5059738,49.33141102058193,8.582097744153467,0,1,6479.1753,0.02905332,4,1,false,false,0.76019305,2.9742696,9.509444,-2.5626328,3
44.302883,0.5061367,49.331407334171885,8.582089214849287,0,1,6485.4995,0.031232951,4,1,false,false,0.88420784,2.883344,8.993792,-2.5622666,3
44.35098,0.50629973,49.33140364762464,8.582080685545108,0,1,6498.7,0.031959496,4,1,false,false,1.0077975,2.8472755,8.606133,-2.5618496,3
44.398796,0.50646305,49.33140005094299,8.58207229394578,0,1,6512.0205,0.031959496,4,1,false,false,0.9497848,2.8905718,9.354004,-2.5613835,3
44.44841,0.5066265,49.33139636453294,8.582063763801937,0,1,6520.129,0.030990459,4,1,false,false,1.0683793,3.1318872,10.281131,-2.5608792,3
44.499252,0.5067901,49.3313926779857,8.582055234497757,0,1,6517.5654,0.03050641,4,1,false,false,1.1456677,3.1130526,10.63798,-2.5603325,3
44.55028,0.5069539,49.33138899143845,8.582046705193578,0,1,6514.905,0.029295817,4,1,false,false,1.1605834,3.111331,9.429782,-2.559773,3
44.601067,0.5071179,49.33138530489121,8.582038175889398,0,1,6517.642,0.027601173,4,1,false,false,1.2579466,2.9702036,9.443925,-2.5592182,3
44.650265,0.5072821,49.33138161848116,8.582029646585218,0,1,6521.995,0.025664035,4,1,false,false,1.3318293,2.9518492,9.814235,-2.5586777,3
44.699062,0.50744647,49.33137784193112,8.58202111728104,0,1,6528.1016,0.024210947,4,1,false,false,1.4251884,2.9560716,10.09177,-2.558148,3
44.746227,0.50761104,49.331374155521075,8.582012587976859,0,1,6534.977,0.02300129,4,1,false,false,1.2968786,2.8753247,9.931231,-2.5576353,3
44.792828,0.5077757,49.33137046897383,8.58200405867268,0,1,6548.515,0.021064151,4,1,false,false,1.2704606,2.8212254,10.519012,-2.557151,3
44.83952,0.5079406,49.331366692561,8.5819955293685,0,1,6560.9517,0.020095112,4,1,false,false,1.3106824,2.8107295,10.082975,-2.5566802,3
44.887505,0.5081057,49.33136300601375,8.58198700006432,0,1,6567.918,0.01840141,4,1,false,false,1.3648705,2.914554,9.298714,-2.556221,3
44.936207,0.5082709,49.33135922960091,8.581978470760141,0,1,6570.91,0.01597928,4,1,false,false,1.4078975,2.9665594,9.450426,-2.555777,3
44.985435,0.5084363,49.33135554305367,8.58196980375111,0,1,6574.1777,0.013800584,4,1,false,false,1.3514518,3.0296474,9.779165,-2.5553498,3
45.03389,0.50860196,49.33135176664083,8.581961274446929,0,1,6575.5654,0.0113794,4,1,false,false,1.1800346,2.8922558,10.225354,-2.5549486,3
45.080547,0.5087677,49.331347990228,8.581952607437898,0,1,6581.922,0.008716651,4,1,false,false,1.0815519,2.775792,9.829444,-2.554589,3
45.126568,0.50893366,49.33134421381516,8.581944078133718,0,1,6597.8877,0.0053273626,4,1,false,false,1.1923025,2.7223055,9.456334,-2.5542715,3
45.172325,0.5090998,49.33134052726791,8.581935411124688,0,1,6610.7134,0.0019371375,4,1,false,false,1.1535001,2.7945054,9.475168,-2.553997,3
45.219666,0.5092661,49.33133675085508,8.581926881820507,0,1,6617.302,-0.00096810097,4,1,false,false,0.90471864,2.9147482,9.834714,-2.5537646,3
45.267696,0.5094325,49.33133297444224,8.581918214811477,0,1,6619.479,-0.0038733396,4,1,false,false,0.82294893,2.965793,10.395238,-2.5535836,3
45.315697,0.50959915,49.3313291980294,8.581909685507297,0,1,6622.41,-0.0062945276,4,1,false,false,0.8961278,2.9380863,10.136424,-2.553467,3
45.36293,0.509766,49.331325331613776,8.581901018498264,0,1,6627.835,-0.0077476143,4,1,false,false,0.77616405,2.823826,9.786184,-2.5534043,3
45.409607,0.50993294,49.33132155520094,8.581892351489234,0,1,6636.018,-0.009442257,4,1,false,false,0.7552639,2.8023763,9.650681,-2.5533972,3
45.456745,0.5101001,49.331317778788105,8.581883684480202,0,1,6643.0425,-0.0111369025,4,1,false,false,0.7294561,2.8409276,9.878012,-2.553436,3
45.50359,0.5102675,49.331314002375265,8.581875017471171,0,1,6645.792,-0.012105942,4,1,false,false,0.687961,2.8495834,10.049772,-2.5535195,3
45.549767,0.510435,49.33131013595964,8.581866350462139,0,1,6652.3213,-0.01258999,4,1,false,false,0.48309797,2.8141496,10.526636,-2.5536485,3
45.59555,0.5106027,49.3313063595468,8.581857683453109,0,1,6662.9546,-0.012347497,4,1,false,false,0.27106956,2.8114154,10.64851,-2.553816,3
45.641693,0.5107705,49.33130258313396,8.581849016444076,0,1,6669.685,-0.011620955,4,1,false,false,0.32240433,2.78364,8.93411,-2.5540137,3
45.68777,0.5109385,49.331298716855535,8.581840349435044,0,1,6674.2026,-0.010410362,4,1,false,false,0.38380843,2.7595928,9.192696,-2.5542288,3
45.733948,0.5111067,49.331294940442696,8.581831682426014,0,1,6682.7583,-0.009199767,4,1,false,false,0.28102618,2.8132827,9.875584,-2.5544448,3
45.77976,0.5112751,49.33129107402707,8.581823015416981,0,1,6689.026,-0.007990107,4,1,false,false,0.23090157,2.7458987,10.127294,-2.554653,3
45.8236,0.5114436,49.331287207748645,8.581814211542762,0,1,6696.932,-0.0070210705,4,1,false,false,0.2311948,2.6679666,9.595685,-2.554853,3
45.868214,0.5116123,49.33128343119861,8.581805544533731,0,1,6715.356,-0.0055679847,4,1,false,false,0.13669208,2.7502072,9.191695,-2.5550375,3
45.91404,0.51178116,49.33127956492018,8.581796739819847,0,1,6722.1406,-0.0045998823,4,1,false,false,0.037464887,2.8179662,10.003079,-2.5552008,3
45.961647,0.51195014,49.331275698641754,8.581788072810816,0,1,6717.0635,-0.0038733399,4,1,false,false,0.10924995,2.8693185,9.760612,-2.5553515,3
46.008495,0.51211935,49.331271922091716,8.581779268096932,0,1,6717.4307,-0.0026636813,4,1,false,false,0.07941139,2.7554927,9.084864,-2.5554786,3
46.053104,0.51228875,49.33126805581329,8.581770464222712,0,1,6729.2964,-0.0014521515,4,1,false,false,0.10678062,2.6912565,9.640348,-2.555588,3
46.098064,0.51245826,49.33126418939766,8.581761797213682,0,1,6742.252,0.00024249329,4,1,false,false,0.14315456,2.781955,10.322922,-2.5556757,3
46.143665,0.51262796,49.33126032311923,8.581752992499798,0,1,6742.9595,0.0021786948,4,1,false,false,0.18361378,2.8205824,9.916808,-2.5557396,3
46.188538,0.51279783,49.331256456703606,8.581744187785915,0,1,6744.536,0.004842377,4,1,false,false,0.13526538,2.6949086,9.793145,-2.555773,3
46.232983,0.5129678,49.33125259042517,8.581735383072031,0,1,6758.933,0.0075060586,4,1,false,false,0.26025152,2.6833727,9.946195,-2.555777,3
46.277695,0.51313806,49.33124872414675,8.581726579197811,0,1,6767.9756,0.01041036,4,1,false,false,0.3497396,2.687133,9.114287,-2.5557392,3
46.322834,0.5133084,49.33124485773112,8.581717774483929,0,1,6768.804,0.0130740395,4,1,false,false,0.41746598,2.737432,9.372791,-2.555663,3
46.368023,0.51347893,49.33124099145269,8.581708969770045,0,1,6774.765,0.01597928,4,1,false,false,0.31634912,2.7316346,10.145375,-2.5555437,3
46.41267,0.5136496,49.33123712503706,8.581700165056162,0,1,6782.6875,0.018401405,4,1,false,false,0.43775758,2.7041695,10.150295,-2.5553808,3
46.456436,0.51382047,49.33123325875864,8.581691361181942,0,1,6788.9746,0.021305703,4,1,false,false,0.54522616,2.6848612,9.70163,-2.555176,3
46.500843,0.5139915,49.331229392343005,8.581682418763206,0,1,6797.814,0.023001287,4,1,false,false,0.6807772,2.718448,9.566301,-2.5549302,3
46.54589,0.51416266,49.331225436061786,8.581673614049324,0,1,6802.4253,0.025421534,4,1,false,false,0.6560634,2.7198892,9.484425,-2.554626,3
46.590927,0.51433396,49.33122156978336,8.58166480933544,0,1,6802.585,0.027358675,4,1,false,false,0.83412576,2.6970708,9.484072,-2.5542805,3
46.634876,0.5145055,49.331217703367734,8.581655867756368,0,1,6808.1562,0.028810825,4,1,false,false,0.8746079,2.6100118,10.185923,-2.5538943,3
46.677765,0.5146771,49.331213747086515,8.581647063042485,0,1,6820.953,0.030021422,4,1,false,false,0.9395817,2.5793672,10.044301,-2.553478,3
46.720432,0.5148489,49.33120988080808,8.581638121463413,0,1,6832.4146,0.031232955,4,1,false,false,1.0174577,2.6548543,9.980867,-2.5530179,3
46.76458,0.5150209,49.33120592452686,8.581629179044679,0,1,6837.984,0.032443546,4,1,false,false,1.2030224,2.767442,10.120482,-2.552526,3
46.810154,0.51519305,49.33120205824844,8.581620374330795,0,1,6836.583,0.03317009,4,1,false,false,1.2434013,2.7426257,9.257375,-2.5520065,3
46.85449,0.5153653,49.33119810196722,8.581611432751723,0,1,6834.85,0.034622237,4,1,false,false,1.1928846,2.6493182,9.856775,-2.5514688,3
46.898006,0.51553774,49.331194145686,8.581602490332989,0,1,6844.1924,0.03510629,4,1,false,false,1.3574126,2.6096313,9.858977,-2.5509233,3
46.940193,0.5157104,49.33119018940478,8.581593685619104,0,1,6854.0757,0.035590343,4,1,false,false,1.5090337,2.4706452,9.747747,-2.550359,3
46.981148,0.51588315,49.33118623312356,8.581584744040033,0,1,6865.1157,0.0348638,4,1,false,false,1.5760113,2.5833468,10.176115,-2.5497656,3
47.024117,0.5160561,49.331182366845134,8.581575801621298,0,1,6877.432,0.034137256,4,1,false,false,1.5201347,2.6543934,9.867451,-2.5491376,3
47.067528,0.51622915,49.331178410563915,8.581566859202564,0,1,6877.336,0.03220106,4,1,false,false,1.7043943,2.669807,9.974789,-2.5485098,3
47.111526,0.51640236,49.3311743644171,8.581557917623492,0,1,6877.41,0.030747969,4,1,false,false,1.47662,2.6750844,9.667366,-2.5478814,3
47.15501,0.51657575,49.33117040813588,8.581548975204756,0,1,6883.3135,0.028570212,4,1,false,false,1.4027603,2.611471,9.73176,-2.5472705,3
47.197475,0.5167493,49.33116645185466,8.581540033625684,0,1,6889.2583,0.027117122,4,1,false,false,1.6142778,2.5726655,9.597307,-2.5466945,3
47.239586,0.516923,49.331162495573444,8.58153109120695,0,1,6895.475,0.02542154,4,1,false,false,1.7102413,2.5417717,10.589486,-2.5461478,3
47.281185,0.5170969,49.33115844942663,8.581522148788213,0,1,6903.2383,0.02445344,4,1,false,false,1.6022406,2.5210245,9.526516,-2.5456207,3
47.322113,0.51727086,49.33115449314541,8.581513207209143,0,1,6913.519,0.023727834,4,1,false,false,1.6072007,2.4678972,9.039791,-2.5451205,3
47.363434,0.5174451,49.33115053686419,8.581504264790407,0,1,6924.428,0.0225163,4,1,false,false,1.7031845,2.5696833,10.6571,-2.5446465,3
47.407013,0.5176194,49.33114649071739,8.581495185506483,0,1,6927.9614,0.022758795,4,1,false,false,1.4351892,2.6323998,8.95897,-2.5441773,3
47.449425,0.51779383,49.331142444570574,8.581486243087749,0,1,6923.99,0.0225163,4,1,false,false,1.6230826,2.5682855,9.463066,-2.5437462,3
47.49122,0.5179685,49.331138488289355,8.581477301508677,0,1,6934.1333,0.023969388,4,1,false,false,1.497593,2.5711384,9.701532,-2.5433311,3
47.53287,0.5181432,49.33113444214254,8.581468359089943,0,1,6945.317,0.023242844,4,1,false,false,1.5539443,2.4223924,10.002261,-2.5429392,3
47.573326,0.5183182,49.331130395995736,8.581459279806019,0,1,6948.9736,0.023969388,4,1,false,false,1.4373369,2.5290475,8.90103,-2.5425417,3
47.614883,0.51849324,49.33112634984892,8.581450337387283,0,1,6958.914,0.023242844,4,1,false,false,1.5764216,2.4948263,8.872047,-2.5421395,3
47.656578,0.5186684,49.33112230356491,8.581441257263696,0,1,6965.6597,0.023242844,4,1,false,false,1.5513248,2.5669801,9.844333,-2.5417306,3
47.698456,0.5188438,49.3311182574181,8.581432315684625,0,1,6966.3896,0.021790696,4,1,false,false,1.5304964,2.4650023,10.306485,-2.5413203,3
47.738304,0.51901937,49.33111421127129,8.58142323598087,0,1,6973.527,0.01985262,4,1,false,false,1.6105573,2.3679917,9.970154,-2.5409029,3
47.779,0.5191951,49.33111016512448,8.581414293981966,0,1,6992.4287,0.01888546,4,1,false,false,1.3525604,2.495478,9.4646,-2.5404658,3
47.82179,0.51937085,49.331106118977665,8.581405214278211,0,1,6994.332,0.01743237,4,1,false,false,1.3656901,2.663474,9.832886,-2.5400462,3
47.866817,0.51954687,49.331101982828066,8.581396272279308,0,1,6979.9126,0.01646333,4,1,false,false,1.44963,2.736495,9.823846,-2.539671,3
47.90687,0.519723,49.33109793668125,8.581387192575551,0,1,6765.35,0.015736787,0,1,false,false,1.4485905,1.6283473,10.104354,-2.5393438,3
47.89881,0.51989925,49.33109389053445,8.581378112871796,0,1,6633.0913,0.015495231,0,1,false,false,1.4334893,-1.0105915,10.396155,-2.539056,3
47.90762,0.5200754,49.33108975438484,8.581369170872893,0,1,5991.23,0.016221773,5,1,false,false,1.345486,3.392669,11.467997,-2.538804,3
47.981922,0.5202517,49.331085708238035,8.581360091169138,0,1,5581.0835,0.017189872,5,1,false,false,1.4637464,3.6640043,9.820994,-2.5385685,3
48.001007,0.5204283,49.33108157208843,8.581351011465383,0,1,5944.4077,0.01961106,5,1,false,false,1.3068714,0.22114314,9.548325,-2.538302,3
48.026287,0.52060485,49.33107743607603,8.58134206946648,0,1,5917.088,0.021790693,5,1,false,false,1.2350534,2.8254879,11.022053,-2.5380526,3
48.083855,0.52078164,49.331073389929216,8.581332989762725,0,1,5761.9033,0.024210941,5,1,false,false,1.3423346,3.3874776,10.320074,-2.5378032,3
48.12459,0.52095854,49.33106925377962,8.58132391005897,0,1,5834.858,0.027843662,5,1,false,false,1.3491108,1.8988339,9.392013,-2.537516,3
48.154892,0.5211356,49.33106511763001,8.581314830355213,0,1,5890.2744,0.030263912,5,1,false,false,1.4084753,2.0695682,9.701849,-2.5372164,3
48.195362,0.52131283,49.33106098161761,8.581305750651458,0,1,5850.5317,0.03220105,5,1,false,false,1.3125172,2.5930402,9.593237,-2.536883,3
48.236595,0.52149016,49.33105684546801,8.581296670947703,0,1,5854.742,0.033411648,5,1,false,false,1.4206336,2.3417575,9.324658,-2.5364993,3
48.273193,0.52166766,49.331052709455605,8.581287591243948,0,1,5885.672,0.03462224,5,1,false,false,1.4630044,2.2248805,10.368515,-2.5360715,3
48.311665,0.5218453,49.331048573306006,8.581278511960024,0,1,5885.2173,0.03462224,5,1,false,false,1.5290334,2.445591,9.545796,-2.5355973,3
48.35253,0.522023,49.331044437293606,8.581269432256269,0,1,5881.799,0.034863796,5,1,false,false,1.4311965,2.4907868,8.89502,-2.5350623,3
48.393288,0.52220094,49.331040301144,8.581260352552514,0,1,5889.0596,0.035106294,5,1,false,false,1.4341916,2.5214908,9.5479145,-2.5345042,3
48.434673,0.52237904,49.3310361651316,8.581251272848759,0,1,5885.56,0.034622245,5,1,false,false,1.5709792,2.506761,10.176861,-2.5339525,3
48.47388,0.52255726,49.33103193911641,8.581242193145004,0,1,5881.4146,0.033411648,5,1,false,false,1.6692194,2.3108757,9.280588,-2.533396,3
48.510307,0.5227356,49.3310278029668,8.581233113441249,0,1,5899.9067,0.032201055,5,1,false,false,1.5370078,2.1809013,8.663809,-2.5328143,3
48.547733,0.5229141,49.3310236668172,8.581224033737493,0,1,5916.821,0.031232957,5,1,false,false,1.3608828,2.3599718,9.20974,-2.5322206,3
48.587303,0.52309275,49.33101944093921,8.581214816748718,0,1,5912.223,0.029295817,5,1,false,false,1.4718884,2.4290743,9.435987,-2.5316474,3
48.62645,0.5232715,49.331015214924015,8.581205737044963,0,1,5915.075,0.02735868,5,1,false,false,1.6129816,2.3448203,9.353139,-2.5310898,3
48.66386,0.52345043,49.33101107877442,8.581196657341208,0,1,5931.1294,0.02590653,5,1,false,false,1.5229408,2.275503,8.431168,-2.5305276,3
48.70253,0.5236295,49.331006852759224,8.5811874399326,0,1,5938.495,0.023727834,5,1,false,false,1.4912646,2.413016,9.474289,-2.529975,3
48.743443,0.5238087,49.331002626744024,8.581178360648677,0,1,5934.9873,0.019852621,5,1,false,false,1.660617,2.496688,9.635315,-2.5294557,3
48.783726,0.52398807,49.33099840072883,8.581169280944922,0,1,5934.32,0.019127015,5,1,false,false,1.5885103,2.3814147,9.376178,-2.528962,3
48.82215,0.52416754,49.33099417471364,8.581160063536315,0,1,5942.561,0.01743237,5,1,false,false,1.5767331,2.3469634,9.462856,-2.5284913,3
48.86176,0.5243472,49.33099003870124,8.58115098383256,0,1,5950.153,0.015010243,5,1,false,false,1.5073313,2.4151552,9.552661,-2.5280585,3
48.901695,0.524527,49.33098572282045,8.581141766843784,0,1,5945.6416,0.011620954,5,1,false,false,1.4107451,2.398184,9.0562,-2.5276697,3
48.941364,0.5247069,49.33098149680526,8.581132687140029,0,1,5948.208,0.009200702,5,1,false,false,1.4152343,2.3736565,10.33316,-2.5273302,3
48.979908,0.52488697,49.330977270790065,8.581123469731422,0,1,5955.8594,0.005810478,5,1,false,false,1.3668545,2.3259206,10.766505,-2.5270438,3
49.01827,0.5250672,49.33097304477487,8.581114252742646,0,1,5960.022,0.0046008183,5,1,false,false,1.1714,2.3086894,9.782226,-2.5267997,3
49.056763,0.5252475,49.33096881875968,8.58110517303889,0,1,5965.5884,0.0031477325,5,1,false,false,1.0637224,2.365857,9.62754,-2.5266051,3
49.096252,0.52542806,49.33096450287889,8.581095955630284,0,1,5968.826,0.0016946441,5,1,false,false,1.1138735,2.4084833,11.010494,-2.5264728,3
49.13569,0.5256087,49.3309602768637,8.581086738641508,0,1,5966.136,0.00024249335,5,1,false,false,1.3371425,2.3741958,10.834662,-2.5263817,3
49.17379,0.5257895,49.33095596084572,8.581077658937753,0,1,5970.915,0.00048498667,5,1,false,false,1.1732237,2.2896159,10.260699,-2.5263002,3
49.211407,0.5259704,49.33095173483052,8.581068441529146,0,1,5981.044,-0.00048405043,5,1,false,false,0.87783945,2.341493,10.178252,-2.5262442,3
49.25064,0.5261515,49.33094741894974,8.58105922454037,0,1,5982.4087,-0.0014521511,5,1,false,false,0.93660843,2.4039218,10.1184635,-2.5262249,3
49.289288,0.52633274,49.330943103068954,8.581050007131763,0,1,5977.108,-0.002905239,5,1,false,false,0.89985824,2.3304744,10.143499,-2.5262308,3
49.326797,0.5265141,49.33093887705376,8.581040790142987,0,1,5986.9106,-0.0038733399,5,1,false,false,0.6593469,2.2486515,10.230643,-2.5262475,3
49.363083,0.52669567,49.330934561172974,8.58103157273438,0,1,5997.8325,-0.005567984,5,1,false,false,0.6754848,2.2155013,9.666033,-2.5262938,3
49.400303,0.5268773,49.330930245154995,8.581022355325773,0,1,6002.9355,-0.007990108,5,1,false,false,0.35068026,2.3158264,10.056737,-2.5263596,3
49.43834,0.5270591,49.33092592927421,8.581013138337,0,1,6006.867,-0.011863447,5,1,false,false,0.42311835,2.309459,10.0780325,-2.5264697,3
49.476025,0.52724105,49.330921703259015,8.581003920928392,0,1,6011.196,-0.015495231,5,1,false,false,0.28557432,2.2719207,9.702235,-2.5266035,3
49.512917,0.5274231,49.33091738737823,8.580994703939616,0,1,6017.7256,-0.0203376,5,1,false,false,-0.015483648,2.2379913,9.524293,-2.5267754,3
49.550125,0.5276053,49.33091307149744,8.58098548653101,0,1,6026.373,-0.02735774,5,1,false,false,-0.12834275,2.2883034,10.161394,-2.5270107,3
49.587856,0.5277876,49.33090875547946,8.580976131837382,0,1,6030.201,-0.034137253,5,1,false,false,-0.13902144,2.2766197,9.689018,-2.5273104,3
49.62564,0.5279702,49.330904439598676,8.580966914428775,0,1,6033.5815,-0.041400813,5,1,false,false,-0.18569393,2.3165069,8.492302,-2.5276794,3
49.66316,0.5281528,49.33090012371789,8.580957697439999,0,1,6040.0054,-0.049633414,5,1,false,false,-0.9449419,2.2803276,10.237561,-2.5281103,3
49.7012,0.52833563,49.3308958078371,8.580948342746373,0,1,6042.675,-0.06222248,5,1,false,false,-0.70894146,2.3098428,10.035136,-2.5287137,3
49.738632,0.5285185,49.33089149181912,8.580939125337766,0,1,6045.498,-0.06803389,5,1,false,false,-1.1075926,2.2015646,9.58175,-2.5294452,3
49.773933,0.5287016,49.33088717593834,8.580929770644138,0,1,6058.698,-0.076264605,5,1,false,false,-1.3495524,2.3533587,9.313118,-2.530354,3
49.815765,0.52888477,49.33088286005755,8.580920553235531,0,1,6060.6763,-0.08304319,5,1,false,false,-1.5747049,2.4480133,10.639251,-2.5314307,3
49.85426,0.5290681,49.330878544039564,8.580911198541903,0,1,6040.444,-0.0898227,5,1,false,false,-1.6033927,2.3577812,9.75286,-2.5326269,3
49.890907,0.5292516,49.33087413829319,8.580901843848276,0,1,6056.5737,-0.09418103,5,1,false,false,-2.0560093,2.1617634,10.223853,-2.5339193,3
49.925896,0.5294352,49.3308698224124,8.580892488734817,0,1,6072.8223,-0.09902341,5,1,false,false,-2.5358644,2.1859393,10.354183,-2.5353594,3
49.96321,0.529619,49.330865506394424,8.58088313404119,0,1,6068.4043,-0.103623316,5,1,false,false,-2.8442287,2.319929,9.981543,-2.536929,3
50.000607,0.52980286,49.330861280379224,8.580873779347563,0,1,6071.7534,-0.10652853,5,1,false,false,-3.1823494,2.306332,10.17897,-2.5386276,3
50.037495,0.5299869,49.330856964498444,8.580864424653935,0,1,6078.5903,-0.10991876,5,1,false,false,-3.3750565,2.2398098,9.856943,-2.5404224,3
50.074245,0.5301711,49.33085264861766,8.580854932255457,0,1,6079.18,-0.111370906,5,1,false,false,-3.593338,2.2540877,9.838258,-2.5422964,3
50.110134,0.53035533,49.330848332668275,8.58084557756183,0,1,6083.475,-0.11258149,5,1,false,false,-3.7974288,2.1939235,9.773208,-2.5442257,3
50.145702,0.5305398,49.33084401671889,8.58083608516335,0,1,6092.8037,-0.111370936,5,1,false,false,-3.7332072,2.1763623,8.961366,-2.5461996,3
50.181698,0.5307244,49.330839700838105,8.58082673004989,0,1,6098.1235,-0.110885926,5,1,false,false,-3.7758417,2.2248907,9.310793,-2.5481796,3
50.217,0.5309091,49.33083547482291,8.580817238071244,0,1,6101.559,-0.10943472,5,1,false,false,-3.954647,2.1438549,9.011086,-2.550145,3
50.25154,0.5310939,49.33083115887353,8.580807745672764,0,1,6112.6274,-0.10870819,5,1,false,false,-4.142758,2.100388,9.446411,-2.5521228,3
50.285866,0.53127885,49.33082693292693,8.580798253274287,0,1,6123.822,-0.10677103,5,1,false,false,-4.2183337,2.1320064,9.204969,-2.5541823,3
50.32013,0.5314639,49.33082261697755,8.580788760875807,0,1,6129.005,-0.10289676,5,1,false,false,-4.2304187,2.1323047,9.46087,-2.5562944,3
50.35678,0.5316491,49.33081839096236,8.580779268477327,0,1,6134.486,-0.09902342,5,1,false,false,-4.182456,2.3513181,9.978831,-2.5584383,3
50.39396,0.5318345,49.330814164947164,8.580769638373997,0,1,6129.91,-0.09393853,5,1,false,false,-4.9326,2.2681944,10.572898,-2.56051,3
50.428795,0.5320199,49.33080984906638,8.580760145975518,0,1,6125.454,-0.09175983,5,1,false,false,-4.9855113,2.1635904,11.174687,-2.5625572,3
50.462486,0.53220546,49.330805623051184,8.580750516292019,0,1,6131.682,-0.08352819,5,1,false,false,-5.0881476,2.0421627,10.145559,-2.5645115,3
50.49619,0.5323912,49.33080139703599,8.580740886188687,0,1,6135.306,-0.077233665,5,1,false,false,-6.921886,2.179644,16.178787,-2.566393,3
50.53212,0.53257704,49.3307971710208,8.580731256505189,0,1,6125.4277,-0.07214877,5,1,false,false,-5.894035,2.2768948,11.941484,-2.5684237,3
50.56553,0.532763,49.330792945005605,8.580721626401857,0,1,6115.4097,-0.06536928,5,1,false,false,-4.6250315,2.0673573,9.655826,-2.5702038,3
50.601566,0.53294903,49.3307888089246,8.580711996298527,0,1,6125.1255,-0.057864152,5,1,false,false,-4.4203544,2.331319,10.512843,-2.5715222,3
50.632187,0.5331353,49.330784582978005,8.580702366615029,0,1,6103.3857,-0.052296154,5,1,false,false,-4.9803367,1.8248633,8.875283,-2.572225,3
50.659473,0.53332156,49.330780446828406,8.580692736511697,0,1,6119.4844,-0.05568545,5,1,false,false,-3.7639732,1.5740851,9.214447,-2.5726945,3
50.682674,0.53350794,49.33077622088181,8.580682969123346,0,1,6168.3735,-0.05471642,5,1,false,false,-3.033464,1.4253087,8.619508,-2.573178,3
50.70861,0.53369445,49.33077208473221,8.580673201734996,0,1,6196.0425,-0.052780222,5,1,false,false,-2.6082535,1.7596277,7.3586817,-2.5738015,3
50.74034,0.53388107,49.33076785878562,8.580663571631664,0,1,6205.112,-0.05278022,5,1,false,false,-2.450451,2.0521743,6.7640676,-2.5745494,3
50.775227,0.53406775,49.330763722636014,8.580653804243314,0,1,6212.0166,-0.05350676,5,1,false,false,-2.414456,2.195654,7.838348,-2.575376,3
50.81175,0.5342546,49.33075958655501,8.58064403643513,0,1,6211.355,-0.055200465,5,1,false,false,-2.4130173,2.23602,8.270282,-2.5762265,3
50.848183,0.5344416,49.33075536060842,8.58063426904678,0,1,6208.7744,-0.055685457,5,1,false,false,-2.6414535,2.196038,8.477906,-2.5770955,3
50.88476,0.5346286,49.330751224458815,8.580624501658429,0,1,6212.2705,-0.057138544,5,1,false,false,-2.901128,2.27677,9.378539,-2.5780027,3
50.92255,0.5348159,49.33074708837781,8.580614734270078,0,1,6207.478,-0.057138544,5,1,false,false,-2.7872584,2.299115,9.712535,-2.5789504,3
50.959785,0.5350033,49.330742952296816,8.580604966461895,0,1,6197.2666,-0.055685457,5,1,false,false,-2.8967614,2.2528248,9.972016,-2.579893,3
50.995636,0.5351908,49.33073881621581,8.580595061368692,0,1,6198.317,-0.053506766,5,1,false,false,-2.961959,2.1843085,10.730533,-2.5808167,3
51.030613,0.53537846,49.33073468013481,8.580585293980342,0,1,6199.9785,-0.052053675,5,1,false,false,-3.0145395,2.1129525,10.515265,-2.581729,3
51.064713,0.5355662,49.33073045411962,8.580575388887137,0,1,6198.12,-0.05011654,5,1,false,false,-2.8871884,2.0525463,10.66477,-2.5826254,3
51.09797,0.53575414,49.330726318038614,8.580565621498787,0,1,6204.4854,-0.048421893,5,1,false,false,-2.848046,2.054151,10.298496,-2.583507,3
51.131252,0.53594214,49.33072218195761,8.580555716405584,0,1,6209.78,-0.04745379,5,1,false,false,-2.76098,2.052529,10.136662,-2.5843778,3
51.165356,0.53613025,49.3307181357422,8.580545811312382,0,1,6211.409,-0.047211297,5,1,false,false,-2.6535797,2.0948641,9.728713,-2.585245,3
51.199276,0.5363186,49.3307139996612,8.580535906219179,0,1,6214.7935,-0.048180334,5,1,false,false,-2.6133468,2.050947,10.158745,-2.5861049,3
51.2337,0.53650695,49.330709863580196,8.580526001125975,0,1,6221.3184,-0.049874976,5,1,false,false,-2.6940434,2.115912,9.743052,-2.5869634,3
51.26802,0.5366955,49.33070572749919,8.580516096032772,0,1,6227.266,-0.05302271,5,1,false,false,-2.6298385,2.0899763,9.590755,-2.5878406,3
51.302486,0.5368842,49.33070159141819,8.58050619093957,0,1,6232.0444,-0.05568545,5,1,false,false,-2.7678754,2.1421103,10.066094,-2.588737,3
51.33735,0.53707296,49.330697545271384,8.580496285846367,0,1,6236.2427,-0.059316296,5,1,false,false,-2.8789644,2.1206112,10.180606,-2.5896866,3
51.37209,0.53726196,49.33069340912178,8.580486243048313,0,1,6238.711,-0.061011884,5,1,false,false,-2.849723,2.1225855,9.597594,-2.590689,3
51.40678,0.537451,49.330689273040775,8.580476338374941,0,1,6243.261,-0.06440117,5,1,false,false,-2.8272593,2.1475754,9.6325035,-2.591742,3
51.4419,0.53764033,49.33068522689397,8.580466295576887,0,1,6246.106,-0.067548916,5,1,false,false,-2.7692792,2.1146083,9.300179,-2.5928178,3
51.47624,0.53782976,49.330681090812966,8.580456390483684,0,1,6246.518,-0.070938185,5,1,false,false,-2.4780283,2.0771265,8.566219,-2.59387,3
51.509525,0.53801966,49.33067704459756,8.58044634768563,0,1,6256.262,-0.07553809,5,1,false,false,-3.141694,1.9998995,9.749883,-2.5948987,3
51.54184,0.5382097,49.330672908516554,8.580436305307407,0,1,6267.034,-0.08280163,5,1,false,false,-3.2085304,1.9606475,9.191107,-2.5960221,3
51.573914,0.5383999,49.33066886236974,8.580426262509352,0,1,6276.147,-0.08837058,5,1,false,false,-3.265611,1.8960973,9.067576,-2.5972707,3
51.60824,0.5385901,49.33066472628874,8.580416219711296,0,1,6287.447,-0.09369698,5,1,false,false,-3.3640332,2.226072,9.077401,-2.5986764,3
51.645176,0.5387804,49.33066068007333,8.580406177333074,0,1,6280.0576,-0.09853936,5,1,false,false,-3.5962439,2.2246447,9.072918,-2.6001835,3
51.68121,0.5389709,49.330656633926516,8.58039613453502,0,1,6271.457,-0.10483388,5,1,false,false,-3.515598,2.1568632,9.080256,-2.601751,3
51.715126,0.53916144,49.33065258777971,8.580385954451945,0,1,6281.6562,-0.10991874,5,1,false,false,-3.8234308,1.9954712,9.153473,-2.6033487,3
51.747246,0.539352,49.3306485415643,8.58037591165389,0,1,6291.228,-0.11500177,5,1,false,false,-4.191423,1.9553078,9.989611,-2.6050193,3
51.779865,0.53954273,49.33064449541749,8.580365731570815,0,1,6297.72,-0.12008661,5,1,false,false,-4.411201,1.9994577,9.312299,-2.6068575,3
51.813026,0.53973365,49.33064044920208,8.580355551067909,0,1,6304.78,-0.12517057,5,1,false,false,-4.6279964,2.0529907,10.060568,-2.608879,3
51.847683,0.53992456,49.330636403055266,8.580345508689685,0,1,6307.299,-0.13098201,5,1,false,false,-4.8026156,2.1947017,9.500344,-2.6110787,3
51.883583,0.5401156,49.33063235690845,8.58033532860661,0,1,6300.973,-0.13679244,5,1,false,false,-5.782225,2.1526124,10.460827,-2.6133704,3
51.917778,0.54030675,49.330628310693044,8.580325148103704,0,1,6298.112,-0.14405605,5,1,false,false,-5.5393386,2.1216936,10.509367,-2.615787,3
51.950546,0.54049796,49.33062435448043,8.580314830315777,0,1,6305.0527,-0.14768684,5,1,false,false,-5.995852,1.9949758,10.734583,-2.6182644,3
51.98323,0.5406893,49.33062030826501,8.580304650232703,0,1,6309.0186,-0.15373981,5,1,false,false,-6.578364,2.1109366,10.963351,-2.6208358,3
52.015774,0.54088074,49.33061635198379,8.580294470149628,0,1,6306.3975,-0.15882468,5,1,false,false,-6.567943,2.0143006,9.99816,-2.6234872,3
52.04763,0.5410723,49.330612395771176,8.5802841523617,0,1,6310.485,-0.16415112,5,1,false,false,-6.3048687,2.0001173,9.350799,-2.6261494,3
52.07933,0.54126394,49.33060843948996,8.580273834573774,0,1,6317.321,-0.1699616,5,1,false,false,-6.715881,1.9732333,9.483434,-2.6287394,3
52.109974,0.5414556,49.33060448320874,8.580263516785848,0,1,6318.2495,-0.1791623,5,1,false,false,-7.203859,1.8925714,10.251605,-2.6313112,3
52.138615,0.54164743,49.330600526996115,8.580253198997921,0,1,6330.576,-0.18908772,5,1,false,false,-7.1237917,1.7603832,9.314199,-2.6340392,3
52.166878,0.5418393,49.33059666064909,8.580242881209994,0,1,6350.287,-0.19610971,5,1,false,false,-6.5644593,1.8476562,8.611611,-2.6369958,3
52.19752,0.5420313,49.330592704367874,8.580232563422069,0,1,6356.7,-0.20095205,5,1,false,false,-7.322405,2.0555224,9.522687,-2.6401458,3
52.230114,0.5422234,49.330588838020844,8.58022210792929,0,1,6349.811,-0.20821469,5,1,false,false,-7.878624,2.0755398,9.242832,-2.6434748,3
52.26092,0.54241556,49.330584971673815,8.58021165243651,0,1,6351.604,-0.21208799,5,1,false,false,-8.31525,1.9012346,9.678297,-2.6469898,3
52.291904,0.54260784,49.330581105326786,8.580201334648585,0,1,6361.7954,-0.21426769,5,1,false,false,-8.385773,1.9878725,8.868581,-2.650676,3
52.322727,0.5428002,49.33057723897976,8.580190879575637,0,1,6358.926,-0.21329868,5,1,false,false,-8.884996,1.9745629,10.284465,-2.6543722,3
52.35401,0.54299265,49.33057337263273,8.58018042408286,0,1,6356.338,-0.21281458,5,1,false,false,-9.592776,2.0115628,10.694532,-2.6581008,3
52.382618,0.54318523,49.330569596219895,8.580169830885229,0,1,6361.1196,-0.21015187,5,1,false,false,-9.693456,1.8517615,10.436582,-2.6618915,3
52.41102,0.5433779,49.330565819807056,8.580159375812283,0,1,6371.435,-0.20603599,5,1,false,false,-9.920556,1.9618623,10.4682665,-2.6658146,3
52.440533,0.5435706,49.330562043394224,8.580148782614652,0,1,6371.438,-0.20167768,5,1,false,false,-9.882468,2.0322826,10.125667,-2.6697917,3
52.47069,0.54376346,49.33055826691278,8.580138189836854,0,1,6365.9844,-0.19659373,5,1,false,false,-9.956922,2.026486,10.2883835,-2.673658,3
52.49989,0.5439564,49.33055458043414,8.580127597059054,0,1,6368.217,-0.193446,5,1,false,false,-10.155826,1.9304302,10.382087,-2.6773374,3
52.527397,0.54414946,49.330550893886894,8.580117003861425,0,1,6373.1885,-0.19175139,5,1,false,false,-10.625168,1.8251598,10.393482,-2.6808605,3
52.55455,0.5443426,49.33054720740825,8.580106411083626,0,1,6379.951,-0.19150889,5,1,false,false,-9.788347,1.8382725,9.489935,-2.6843162,3
52.582222,0.5445358,49.330543520861006,8.580095680600975,0,1,6387.8975,-0.19005673,5,1,false,false,-10.071554,1.8759332,10.219987,-2.6877036,3
52.61042,0.5447292,49.33053983438236,8.580084950118325,0,1,6391.1978,-0.19150887,5,1,false,false,-9.963234,1.9615165,9.511601,-2.6911032,3
52.637856,0.5449226,49.3305362377693,8.580074219635675,0,1,6393.696,-0.19272043,5,1,false,false,-9.871721,1.871465,9.933207,-2.6944954,3
52.666115,0.54511607,49.33053264115625,8.580063489153025,0,1,6402.5986,-0.1946566,5,1,false,false,-9.820026,1.9505088,9.596895,-2.6979213,3
52.694843,0.5453097,49.3305290445432,8.580052758670373,0,1,6402.142,-0.19514064,5,1,false,false,-9.891061,1.9054451,8.961074,-2.701295,3
52.72403,0.54550344,49.33052553786433,8.580042028187723,0,1,6401.1196,-0.19610965,5,1,false,false,-9.665287,1.9508855,9.137839,-2.7045715,3
52.75182,0.54569733,49.33052194125128,8.580031160000221,0,1,6406.9463,-0.19901398,5,1,false,false,-9.649864,1.8388735,9.274608,-2.707743,3
52.779133,0.5458912,49.33051843457242,8.580020291812719,0,1,6413.2925,-0.20046705,5,1,false,false,-9.439281,1.8372959,8.235871,-2.7108788,3
52.805664,0.5460853,49.33051492789355,8.580009424045048,0,1,6421.485,-0.20167765,5,1,false,false,-9.465733,1.7794833,9.061085,-2.714004,3
52.833004,0.54627943,49.330511511148885,8.579998555857546,0,1,6430.9126,-0.20458287,5,1,false,false,-10.670961,1.8588122,10.378673,-2.717299,3
52.860035,0.5464737,49.33050800447002,8.579987687670043,0,1,6432.3926,-0.20555192,5,1,false,false,-10.332146,1.8305632,9.786765,-2.7209198,3
52.887905,0.546668,49.33050458772535,8.57997681948254,0,1,6439.312,-0.20264578,5,1,false,false,-10.276502,2.000948,9.874026,-2.7248282,3
52.91947,0.5468624,49.33050117091208,8.579965814010018,0,1,6436.4287,-0.19998306,5,1,false,false,-10.881095,2.1960735,10.195009,-2.728818,3
52.95041,0.547057,49.3304977541674,8.579954808537495,0,1,6414.998,-0.19756278,5,1,false,false,-11.333856,2.0367537,10.020433,-2.732589,3
52.97858,0.54725164,49.33049442728833,8.579943802645142,0,1,6416.6333,-0.19998303,5,1,false,false,-11.447452,1.8476418,10.793502,-2.736112,3
53.003696,0.5474464,49.33049110047785,8.579932797172619,0,1,6430.188,-0.20361483,5,1,false,false,-11.212371,1.741667,10.273115,-2.7394993,3
53.02895,0.5476413,49.33048777359877,8.579921791280265,0,1,6434.459,-0.20966776,5,1,false,false,-10.857021,1.8265393,9.914384,-2.7428348,3
53.05538,0.5478363,49.33048444671969,8.579910648102892,0,1,6439.574,-0.2178985,5,1,false,false,-11.2638235,1.8307185,10.061725,-2.7461932,3
53.081783,0.5480314,49.330481209774796,8.57989964263037,0,1,6444.2793,-0.22976291,5,1,false,false,-11.271134,1.8447841,9.421586,-2.7496374,3
53.10773,0.54822654,49.33047797282991,8.579888499452995,0,1,6449.143,-0.24041484,5,1,false,false,-10.821201,1.7908086,9.498095,-2.7531335,3
53.1347,0.5484218,49.33047473595362,8.57987735627562,0,1,6454.3726,-0.25106767,5,1,false,false,-11.284109,1.8771327,9.535495,-2.7566602,3
53.16053,0.54861724,49.33047149900873,8.579866213098246,0,1,6454.9717,-0.26607892,5,1,false,false,-11.925466,1.7667581,10.163456,-2.7602603,3
53.185204,0.54881275,49.33046835192943,8.579855069920873,0,1,6460.8247,-0.28012094,5,1,false,false,-11.616828,1.7626262,9.864894,-2.7640843,3
53.21052,0.54900825,49.33046520491874,8.579843789038646,0,1,6469.914,-0.2900482,5,1,false,false,-11.493902,1.8020058,9.279002,-2.7681193,3
53.236843,0.54920405,49.33046205790804,8.579832645861272,0,1,6469.8135,-0.29827905,5,1,false,false,-11.692714,1.8756564,9.573351,-2.772271,3
53.262733,0.54939985,49.33045900083154,8.579821364979045,0,1,6467.964,-0.30505747,5,1,false,false,-11.982319,1.774938,9.638388,-2.7764893,3
53.286953,0.5495957,49.33045594368643,8.57981008409682,0,1,6476.7666,-0.3099,5,1,false,false,-11.825816,1.7030015,9.219907,-2.780836,3
53.310432,0.5497917,49.330452886609926,8.579798803634425,0,1,6487.602,-0.3120795,5,1,false,false,-11.834382,1.7209439,9.110191,-2.785358,3
53.33519,0.5499878,49.33044982946482,8.579787385047347,0,1,6491.0835,-0.3135326,5,1,false,false,-11.917327,1.8010365,9.006104,-2.7900412,3
53.35994,0.550184,49.33044686225391,8.579776104165122,0,1,6490.854,-0.31449983,5,1,false,false,-12.726969,1.7928979,9.54905,-2.7948456,3
53.38414,0.5503803,49.33044389511159,8.579764685997874,0,1,6495.073,-0.31522632,5,1,false,false,-12.730337,1.7893547,9.023997,-2.7998114,3
53.407883,0.55057675,49.330441017834865,8.579753267410798,0,1,6500.1216,-0.31401578,5,1,false,false,-12.274008,1.7747424,8.402171,-2.804857,3
53.43286,0.5507733,49.330438050623954,8.579741986948402,0,1,6500.9126,-0.31280607,5,1,false,false,-12.868896,1.8380169,9.193824,-2.8098052,3
53.456577,0.5509699,49.330435173347226,8.579730431076305,0,1,6499.2837,-0.31449983,5,1,false,false,-13.365928,1.755363,9.608865,-2.8146377,3
53.4784,0.55116653,49.3304323859361,8.579719012489226,0,1,6505.656,-0.31474227,5,1,false,false,-13.430892,1.6512693,9.2860155,-2.819505,3
53.49914,0.5513632,49.33042950865937,8.579707594321981,0,1,6517.9775,-0.31329015,5,1,false,false,-13.640561,1.6971067,9.2267275,-2.824542,3
53.521442,0.55156,49.33042672131684,8.579696038449883,0,1,6521.3804,-0.30989987,5,1,false,false,-14.144639,1.7895646,9.74351,-2.829725,3
53.544106,0.55175674,49.3304240238399,8.579684482157953,0,1,6516.0327,-0.30457342,5,1,false,false,-14.977753,1.805281,10.13543,-2.8349981,3
53.56621,0.5519535,49.33042123649737,8.579672926285856,0,1,6516.8306,-0.29585773,5,1,false,false,-14.536507,1.7862792,9.357776,-2.8403666,3
53.58807,0.55215025,49.33041862895462,8.579661370413756,0,1,6519.3457,-0.28229976,5,1,false,false,-14.807858,1.8045166,10.533161,-2.845656,3
53.609577,0.5523471,49.33041593154628,8.579649814541659,0,1,6518.5107,-0.27261493,5,1,false,false,-14.7405205,1.8529785,10.083349,-2.8508432,3
53.630985,0.55254394,49.33041332400353,8.57963812096471,0,1,6516.765,-0.25736317,5,1,false,false,-14.267729,1.6999497,9.532637,-2.8557882,3
53.651527,0.5527408,49.33041071646078,8.57962656509261,0,1,6525.823,-0.24719435,5,1,false,false,-14.16331,1.695888,9.923259,-2.860523,3
53.67178,0.5529377,49.330408198852226,8.57961487151566,0,1,6533.253,-0.23629901,5,1,false,false,-14.691901,1.7336208,10.817494,-2.8650682,3
53.692265,0.5531346,49.33040568124367,8.579603178358543,0,1,6534.4434,-0.22903636,5,1,false,false,-14.646326,1.7296717,11.097623,-2.8696487,3
53.71207,0.55333155,49.33040316356651,8.579591484781593,0,1,6540.7866,-0.21911003,5,1,false,false,-15.694013,1.7588106,11.101555,-2.8743815,3
53.73477,0.55352855,49.33040073589214,8.579579653499792,0,1,6545.514,-0.20894125,5,1,false,false,-15.846052,1.959093,11.231517,-2.879326,3
53.759445,0.5537256,49.330398308217774,8.579567960342674,0,1,6529.6973,-0.19707783,5,1,false,false,-14.135595,2.0586278,9.741474,-2.8841252,3
53.786045,0.55392265,49.330395970409,8.579556129060872,0,1,6520.483,-0.18860453,5,1,false,false,-14.30292,2.0212638,9.973627,-2.8882377,3
53.809708,0.5541198,49.33039363260023,8.579544298198902,0,1,6519.566,-0.18884516,5,1,false,false,-13.270479,1.8259916,8.976134,-2.8914306,3
53.83058,0.554317,49.330391294791454,8.579532604621951,0,1,6528.217,-0.19707778,5,1,false,false,-11.850824,1.5421066,8.150571,-2.893831,3
53.850166,0.5545142,49.33038904691687,8.579520636055129,0,1,6551.312,-0.21959406,5,1,false,false,-11.674329,1.5487831,8.564447,-2.895955,3
53.869896,0.5547115,49.33038679904228,8.579508804773328,0,1,6566.7637,-0.2406573,5,1,false,false,-12.273331,1.4814934,9.15401,-2.89829,3
53.890255,0.5549088,49.3303845511677,8.579496973911358,0,1,6576.307,-0.2680151,5,1,false,false,-11.922607,1.5987959,8.626602,-2.9012287,3
53.91353,0.55510616,49.33038239322731,8.579485004924704,0,1,6590.041,-0.2849634,5,1,false,false,-11.646666,1.8205955,7.9624414,-2.904797,3
53.942234,0.55530363,49.33038014535273,8.579473174062734,0,1,6582.5503,-0.29610026,5,1,false,false,-12.116991,2.1065927,8.636129,-2.9087071,3
53.97107,0.5555011,49.33037807734652,8.579461205495912,0,1,6558.246,-0.3038479,5,1,false,false,-13.089756,1.9801189,10.013941,-2.9126534,3
53.995182,0.5556987,49.33037591933753,8.579449236929092,0,1,6559.0933,-0.30626902,5,1,false,false,-14.076963,1.6991192,11.141515,-2.9167256,3
54.015167,0.55589634,49.33037385133133,8.57943726836227,0,1,6574.8647,-0.29997358,5,1,false,false,-15.3722105,1.6023678,12.327033,-2.9212532,3
54.036552,0.556094,49.33037178325653,8.579425299375616,0,1,6575.1343,-0.28544748,5,1,false,false,-15.176228,1.7959349,11.006198,-2.9263585,3
54.061314,0.55629176,49.33036980511592,8.579413330808794,0,1,6565.544,-0.262448,5,1,false,false,-13.7397785,1.9955573,10.103653,-2.9316614,3
54.08742,0.5564896,49.33036782697531,8.579401362241972,0,1,6556.6694,-0.24186791,5,1,false,false,-13.240111,1.8899716,9.132255,-2.9364767,3
54.110786,0.55668753,49.33036593876889,8.579389255970298,0,1,6551.8047,-0.23339471,5,1,false,false,-12.751592,1.6875873,9.08594,-2.9404612,3
54.13074,0.5568855,49.33036396069688,8.579377149698624,0,1,6563.7593,-0.23533088,5,1,false,false,-11.729652,1.3822126,8.222578,-2.9438381,3
54.14765,0.5570835,49.33036207242186,8.579365181131802,0,1,6590.6577,-0.24574125,5,1,false,false,-10.928197,1.2367473,7.3774424,-2.9470174,3
54.16597,0.55728155,49.33036027414963,8.57935307486013,0,1,6617.636,-0.26486826,5,1,false,false,-10.364589,1.474093,7.035529,-2.9503174,3
54.1881,0.55747974,49.33035838594322,8.579340969008287,0,1,6625.554,-0.28932178,5,1,false,false,-11.307321,1.6096872,8.486282,-2.9538958,3
54.210377,0.5576779,49.33035658760239,8.579328862736613,0,1,6627.956,-0.31353256,5,1,false,false,-11.915894,1.7032318,8.177015,-2.9579964,3
54.233757,0.5578762,49.330354879264355,8.579316618760087,0,1,6635.4062,-0.33919567,5,1,false,false,-12.145954,1.7230206,8.102376,-2.9626226,3
54.25918,0.5580746,49.33035308092353,8.579304512488415,0,1,6630.275,-0.35662723,5,1,false,false,-14.105984,2.0226736,10.310635,-2.967668,3
54.284077,0.5582731,49.33035137258549,8.57929240621674,0,1,6606.9863,-0.36849058,5,1,false,false,-17.503662,1.8573754,12.87277,-2.973089,3
54.303604,0.5584716,49.33034975411305,8.579280162660046,0,1,6597.401,-0.36921623,5,1,false,false,-17.489916,1.6517757,12.229487,-2.9791045,3
54.321953,0.5586702,49.330348045706415,8.579268056388374,0,1,6607.302,-0.35396445,5,1,false,false,-16.980333,1.6936382,11.094828,-2.9855208,3
54.341743,0.5588689,49.33034651716816,8.57925581283168,0,1,6597.15,-0.33290032,5,1,false,false,-17.282104,1.7689052,11.474023,-2.991748,3
54.36017,0.55906767,49.3303449886299,8.579243568855153,0,1,6579.6167,-0.30989996,5,1,false,false,-17.031897,1.614586,10.961227,-2.9973412,3
54.375282,0.55926657,49.33034346002305,8.57923132529846,0,1,6593.3706,-0.28835267,5,1,false,false,-16.363548,1.3572189,11.302753,-3.0023916,3
54.38792,0.5594654,49.33034202141899,8.579219081321934,0,1,6614.109,-0.27431056,5,1,false,false,-16.859118,1.318436,11.825258,-3.0072427,3
54.40286,0.5596644,49.33034058274633,8.57920670006039,0,1,6619.4854,-0.26293114,5,1,false,false,-15.513485,1.5210669,9.94159,-3.012276,3
54.421974,0.55986345,49.33033923407646,8.579194456083863,0,1,6622.9644,-0.25179422,5,1,false,false,-13.092332,1.6996462,8.533842,-3.0173402,3
54.44394,0.5600626,49.33033788533799,8.579182074822318,0,1,6622.4507,-0.24743682,5,1,false,false,-13.728636,1.8104126,8.34325,-3.0219197,3
54.464264,0.56026185,49.33033653659952,8.579169831265624,0,1,6610.094,-0.25736314,5,1,false,false,-14.457159,1.6064116,9.772835,-3.0258818,3
54.479866,0.56046116,49.33033527779524,8.579157449584248,0,1,6618.675,-0.2716477,5,1,false,false,-13.838257,1.2899002,9.350407,-3.029679,3
54.49415,0.56066054,49.33033401899096,8.5791450683227,0,1,6647.636,-0.28278375,5,1,false,false,-13.255019,1.3321335,8.100355,-3.0337462,3
54.512146,0.56086004,49.330332760186685,8.579132824766008,0,1,6651.7827,-0.29779482,5,1,false,false,-13.323351,1.6341463,8.190928,-3.038018,3
54.533165,0.5610596,49.330331591248,8.579120443504461,0,1,6634.0664,-0.31111047,5,1,false,false,-13.927428,1.6885433,8.689707,-3.0422916,3
54.55171,0.56125927,49.330330422377905,8.579108061823085,0,1,6631.916,-0.32224828,5,1,false,false,-13.72765,1.4427637,8.730309,-3.0465498,3
54.567142,0.561459,49.330329343373414,8.579095680561538,0,1,6646.351,-0.32781625,5,1,false,false,-13.587997,1.3281578,8.098694,-3.0508873,3
54.583454,0.5616588,49.33032826443752,8.579083161595142,0,1,6653.8604,-0.329995,5,1,false,false,-13.030867,1.4331491,7.85881,-3.0552993,3
54.600716,0.5618588,49.33032718543302,8.579070780333595,0,1,6652.389,-0.328542,5,1,false,false,-13.793196,1.4252489,8.835178,-3.0596995,3
54.61674,0.56205887,49.33032619636271,8.57905839907205,0,1,6656.315,-0.32563764,5,1,false,false,-14.3435955,1.3682213,9.578778,-3.064231,3
54.63119,0.5622589,49.33032520729241,8.579046017810505,0,1,6667.222,-0.3188581,5,1,false,false,-14.553548,1.3090873,9.511771,-3.0690727,3
54.647255,0.5624592,49.3303243081563,8.579033498844106,0,1,6672.5986,-0.30917338,5,1,false,false,-15.238397,1.5756354,9.972434,-3.0743062,3
54.66601,0.56265944,49.33032340902018,8.579021117582561,0,1,6660.996,-0.29561535,5,1,false,false,-15.7843895,1.6671354,11.0360775,-3.0797377,3
54.683647,0.56285983,49.33032250988407,8.579008598616165,0,1,6648.0503,-0.28036353,5,1,false,false,-16.37676,1.5664076,10.860629,-3.0851803,3
54.69909,0.56306034,49.330321700613545,8.578996079649766,0,1,6649.9053,-0.26511067,5,1,false,false,-16.60931,1.4586574,11.185999,-3.090536,3
54.71363,0.563261,49.330320891411624,8.578983698388221,0,1,6650.2314,-0.25058353,5,1,false,false,-16.739069,1.472105,11.497762,-3.09576,3
54.728374,0.5634616,49.3303201720753,8.578971179421824,0,1,6645.5767,-0.23775211,5,1,false,false,-16.672796,1.4643244,11.015112,-3.100771,3
54.74266,0.5636624,49.33031945273896,8.578958660455426,0,1,6646.272,-0.22806732,5,1,false,false,-16.17476,1.4342059,10.470403,-3.1055036,3
54.756958,0.56386334,49.330318823336825,8.578946141489029,0,1,6650.965,-0.22225684,5,1,false,false,-15.387099,1.4230311,10.370134,-3.1099558,3
54.770893,0.56406426,49.33031819393469,8.578933622522632,0,1,6651.313,-0.21959412,5,1,false,false,-15.791804,1.373798,10.69654,-3.114118,3
54.784767,0.5642653,49.33031765446674,8.578921103556233,0,1,6656.435,-0.22153029,5,1,false,false,-15.292943,1.333653,10.239096,-3.1181734,3
54.79889,0.56446624,49.33031711493019,8.578908584589836,0,1,6665.08,-0.22419399,5,1,false,false,-14.750033,1.3323131,10.092458,-3.1222098,3
54.814945,0.5646672,49.33031657546224,8.578895928338419,0,1,6667.119,-0.22806728,5,1,false,false,-14.849035,1.4817142,10.530949,-3.1262152,3
54.83163,0.5648683,49.33031612585988,8.578883409372022,0,1,6663.5747,-0.23339471,5,1,false,false,-14.896672,1.4763113,10.835197,-3.13015,3
54.84801,0.56506944,49.33031567632613,8.578870890405623,0,1,6665.6367,-0.24114135,5,1,false,false,-15.196259,1.4279168,10.527157,-3.1340902,3
54.86396,0.5652706,49.33031531665796,8.578858371439226,0,1,6668.4697,-0.24913058,5,1,false,false,-15.1677,1.4530498,11.285233,-3.1381276,3
54.880703,0.5654718,49.330314956989795,8.578845715187809,0,1,6666.499,-0.25494197,5,1,false,false,-15.393698,1.4902946,10.825783,3.1409254,3
54.89768,0.56567305,49.33031468725582,8.578833196221412,0,1,6662.5615,-0.2617215,5,1,false,false,-15.079905,1.4873034,10.390575,3.1368032,3
54.914444,0.5658744,49.33031432758766,8.578820539550161,0,1,6661.6704,-0.2697107,5,1,false,false,-15.344523,1.4515588,11.113957,3.1327598,3
54.929993,0.5660758,49.330314147787874,8.578808020583764,0,1,6660.866,-0.2772158,5,1,false,false,-15.668791,1.3458824,11.627831,3.1287482,3
54.943745,0.5662772,49.330313967919494,8.578795364332347,0,1,6665.279,-0.28472182,5,1,false,false,-16.016447,1.2951461,11.979059,3.1245627,3
54.95772,0.56647867,49.33031378811971,8.57878284536595,0,1,6672.188,-0.28859508,5,1,false,false,-15.432884,1.316182,10.639818,3.1200304,3
54.972786,0.5666802,49.33031369818552,8.5787701886947,0,1,6671.169,-0.2871421,5,1,false,false,-15.803109,1.3908429,11.980733,3.115333,3
54.98794,0.5668818,49.33031360825132,8.578757669728303,0,1,6667.436,-0.28520587,5,1,false,false,-16.636267,1.38639,12.509671,3.1104913,3
55.0018,0.5670834,49.330313518385736,8.578745013476885,0,1,6666.2417,-0.27915284,5,1,false,false,-15.674822,1.279959,11.046225,3.105551,3
55.01612,0.56728506,49.330313518385736,8.578732356805636,0,1,6674.37,-0.27019468,5,1,false,false,-14.929706,1.3596876,10.759162,3.1006212,3
55.03125,0.5674867,49.33031360825132,8.578719837839238,0,1,6673.693,-0.26050994,5,1,false,false,-15.174164,1.3862513,11.267001,3.0959015,3
55.045837,0.5676885,49.33031369818552,8.57870718158782,0,1,6669.5244,-0.2561526,5,1,false,false,-14.916024,1.2876593,10.802785,3.0914016,3
55.05897,0.5678902,49.33031378811971,8.578694524916571,0,1,6681.055,-0.25373036,5,1,false,false,-14.881106,1.206995,11.437124,3.0869315,3
55.07161,0.5680921,49.330313967919494,8.578681868665154,0,1,6692.534,-0.2520367,5,1,false,false,-15.151741,1.2641023,11.509205,3.0822654,3
55.086052,0.568294,49.330314147787874,8.578669349698757,0,1,6691.3975,-0.24888898,5,1,false,false,-15.332029,1.3872365,11.318981,3.0773942,3
55.102016,0.56849587,49.33031432758766,8.578656693027506,0,1,6688.9673,-0.24380502,5,1,false,false,-14.806721,1.4741844,10.726395,3.0724323,3
55.11731,0.56869787,49.33031459732163,8.578644036776089,0,1,6685.2007,-0.23920514,5,1,false,false,-16.383286,1.3656731,13.548516,3.0676148,3
55.130703,0.56889987,49.330314956989795,8.57863138010484,0,1,6683.583,-0.23460525,5,1,false,false,-17.035175,1.3815156,12.562406,3.0626976,3
55.145653,0.5691019,49.33031531665796,8.578618723853422,0,1,6689.262,-0.2205631,5,1,false,false,-12.633173,1.3569553,8.767361,3.057778,3
55.163067,0.56930405,49.33031567632613,8.578606204887025,0,1,6693.132,-0.21087839,5,1,false,false,-13.095,1.5745007,9.081281,3.0535295,3
55.18128,0.5695063,49.33031612585988,8.578593548215776,0,1,6678.6206,-0.21668795,5,1,false,false,-13.042116,1.4115379,9.2004175,3.050135,3
55.19192,0.5697086,49.33031657546224,8.578580891964359,0,1,6681.4604,-0.22516298,5,1,false,false,-11.582654,0.7421436,8.3210125,3.047365,3
55.200764,0.5699108,49.330317025064595,8.578568235293108,0,1,6735.1855,-0.24089882,5,1,false,false,-11.779504,1.0028799,8.753186,3.0443323,3
55.213615,0.5701132,49.33031756453254,8.57855557862186,0,1,6748.965,-0.25445697,5,1,false,false,-11.485806,1.2509098,8.406909,3.0407615,3
55.232555,0.57031554,49.33031810400049,8.578542922370442,0,1,6735.5664,-0.26389924,5,1,false,false,-10.746736,1.5622735,7.482275,3.0368524,3
55.250816,0.570518,49.33031864353704,8.578530403404045,0,1,6739.6187,-0.275037,5,1,false,false,-13.445675,1.5325599,10.280907,3.0326335,3
55.27033,0.57072055,49.33031927293918,8.578517746732794,0,1,6730.2183,-0.2755211,5,1,false,false,-12.956192,1.4973059,9.119742,3.028065,3
55.28442,0.57092315,49.33031990234132,8.578505090481377,0,1,6725.828,-0.26777345,5,1,false,false,-12.403494,1.2916371,8.688336,3.0233915,3
55.30634,0.57112586,49.33032053174346,8.578492433810128,0,1,6735.0024,-0.25760558,5,1,false,false,-14.214822,1.5634414,9.827644,3.018805,3
55.32291,0.5713286,49.33032125107979,8.57847977755871,0,1,6706.5405,-0.25155258,5,1,false,false,-14.09003,1.4284188,11.018645,3.014534,3
55.337482,0.57153136,49.33032197034752,8.578467120887462,0,1,6715.4097,-0.2382361,5,1,false,false,-14.982256,1.2674816,11.75445,3.0101943,3
55.349472,0.57173425,49.330322779618044,8.578454464636044,0,1,6734.4155,-0.2227409,5,1,false,false,-15.138124,1.2373885,11.253612,3.0055661,3
55.36408,0.57193714,49.330323588819965,8.578441945669647,0,1,6726.278,-0.20409882,5,1,false,false,-14.944452,1.4877117,11.295446,3.0007455,3
55.381294,0.5721402,49.33032448795608,8.578429288998397,0,1,6715.3584,-0.18521433,5,1,false,false,-15.076071,1.5322124,11.632715,2.996011,3
55.397083,0.57234323,49.33032538716079,8.578416632746979,0,1,6711.2114,-0.16972002,5,1,false,false,-14.949279,1.420652,11.743092,2.9916337,3
55.41157,0.57254636,49.33032628629691,8.57840397607573,0,1,6712.2573,-0.15446633,5,1,false,false,-14.543165,1.3350329,11.574145,2.9876714,3
55.425488,0.57274956,49.33032727536721,8.578391319824313,0,1,6716.7886,-0.14357106,5,1,false,false,-13.874286,1.3188258,11.477409,2.9840517,3
55.44019,0.57295287,49.33032826443752,8.578378800857916,0,1,6721.783,-0.13461281,5,1,false,false,-13.446171,1.342352,10.805384,2.9807136,3
55.456127,0.5731562,49.33032925350782,8.578366144186665,0,1,6723.8745,-0.13170852,5,1,false,false,-12.452716,1.4071687,10.095381,2.9776227,3
55.473267,0.5733596,49.330330332443715,8.578353487935248,0,1,6724.786,-0.13049795,5,1,false,false,-11.704479,1.3542981,9.287805,2.974857,3
55.48996,0.5735631,49.33033141144821,8.57834096896885,0,1,6726.2534,-0.13461278,5,1,false,false,-11.856845,1.3392931,10.548342,2.9724295,3
55.50641,0.57376677,49.3303325803183,8.578328312297602,0,1,6732.3237,-0.14090832,5,1,false,false,-11.4961815,1.3056562,10.283351,2.9701068,3
55.522224,0.5739705,49.33033374925699,8.578315656046184,0,1,6740.113,-0.14502414,5,1,false,false,-10.916195,1.2895476,9.262487,2.9677138,3
55.54073,0.5741743,49.33033491812708,8.578303137079786,0,1,6748.276,-0.14720279,5,1,false,false,-9.965016,1.4762236,9.116767,2.965213,3
55.56122,0.57437813,49.330336086997164,8.578290480408537,0,1,6740.573,-0.1452666,5,1,false,false,-9.913854,1.4777231,9.08079,2.9629047,3
55.581245,0.5745822,49.33033734580144,8.57827796144214,0,1,6734.5493,-0.1462347,5,1,false,false,-10.708307,1.3593426,10.387596,2.960757,3
55.59806,0.5747863,49.33033860460572,8.578265305190723,0,1,6745.0146,-0.1452666,5,1,false,false,-9.3653,1.1837493,8.509605,2.9585311,3
55.61459,0.5749905,49.33033995334419,8.578252786224324,0,1,6760.9507,-0.1416348,5,1,false,false,-8.6836195,1.2744845,8.934154,2.9562504,3
55.634403,0.5751949,49.33034121214847,8.578240129553075,0,1,6759.749,-0.13848707,5,1,false,false,-10.446649,1.4743079,12.13302,2.9538538,3
55.653942,0.5753994,49.33034256088694,8.578227473301657,0,1,6747.331,-0.13195011,5,1,false,false,-12.37009,1.3321579,14.440287,2.9511926,3
55.6714,0.57560396,49.33034390962541,8.57821495433526,0,1,6760.1226,-0.12178129,5,1,false,false,-10.4260025,1.4310926,11.363898,2.9478724,3
55.694164,0.5758087,49.33034534822947,8.578202297664012,0,1,6763.172,-0.097086266,5,1,false,false,-9.004299,1.7106714,10.14592,2.944511,3
55.72179,0.5760135,49.33034669696794,8.578189778697613,0,1,6728.1084,-0.08038045,5,1,false,false,-8.967368,1.8744249,10.217127,2.9419332,3
55.742523,0.5762185,49.330348225574795,8.578177122446196,0,1,6704.953,-0.0675489,5,1,false,false,-8.703476,1.1004459,8.968925,2.9405472,3
55.753635,0.57642365,49.330349664178854,8.578164603479799,0,1,6744.9517,-0.070211664,5,1,false,false,-7.1279554,0.7917563,9.483835,2.9398057,3
55.76474,0.5766289,49.330351102851516,8.578152084513402,0,1,6786.162,-0.06851703,5,1,false,false,-6.5777483,0.8418046,9.581409,2.9390843,3
55.780437,0.5768342,49.33035263138977,8.578139427842151,0,1,6792.9067,-0.0731169,5,1,false,false,-6.399965,1.1778933,9.772662,2.938079,3
55.80133,0.5770397,49.33035415992802,8.578126909295586,0,1,6803.259,-0.07553807,5,1,false,false,-6.148847,1.493468,9.408243,2.936711,3
55.826736,0.57724535,49.33035568846628,8.578114252624337,0,1,6799.616,-0.07456998,5,1,false,false,-5.887612,1.711464,8.566207,2.9351559,3
55.85454,0.57745117,49.33035721707313,8.57810173365794,0,1,6774.4624,-0.070696644,5,1,false,false,-6.0255938,1.7760813,9.890741,2.9336812,3
55.879646,0.57765704,49.330358745611385,8.578089077406522,0,1,6761.986,-0.06440118,5,1,false,false,-6.229577,1.4787134,10.479469,2.9323905,3
55.899506,0.5778631,49.33036036408383,8.578076558440124,0,1,6770.815,-0.056169517,5,1,false,false,-5.7625318,1.2173624,9.781335,2.9311984,3
55.918797,0.5780692,49.33036198255627,8.578063901768875,0,1,6784.903,-0.044548545,5,1,false,false,-5.0050836,1.2778335,9.142225,2.9300635,3
55.940487,0.5782753,49.330363601028715,8.578051382802478,0,1,6784.558,-0.031473566,5,1,false,false,-4.65714,1.4321737,9.23557,2.9290755,3
55.96287,0.5784815,49.33036521950116,8.57803872655106,0,1,6779.407,-0.019852623,5,1,false,false,-4.2533145,1.3476486,8.703343,2.928276,3
55.982883,0.5786877,49.33036683797361,8.578026207584662,0,1,6787.365,-0.009442262,5,1,false,false,-3.6992457,1.2108146,8.959161,2.9276614,3
56.00246,0.5788941,49.330368456446045,8.578013550913413,0,1,6803.7095,0.00024249312,5,1,false,false,-3.3693502,1.2084519,8.959874,2.9271605,3
56.02277,0.5791005,49.330370164784085,8.578001031947016,0,1,6809.975,0.008958209,5,1,false,false,-2.9769938,1.284044,8.417885,2.9267497,3
56.045273,0.579307,49.33037178325653,8.577988375695599,0,1,6813.6777,0.01743237,5,1,false,false,-2.6087008,1.4145193,8.575059,2.9264333,3
56.069553,0.57951367,49.33037349166317,8.5779758567292,0,1,6811.8325,0.023969391,5,1,false,false,-2.537252,1.4565291,9.522219,2.9262545,3
56.093094,0.57972044,49.330375110135606,8.577963200057951,0,1,6808.15,0.030263918,5,1,false,false,-2.0273962,1.4130516,10.27255,2.9262195,3
56.116043,0.57992727,49.330376818473646,8.577950543806534,0,1,6812.689,0.0382531,5,1,false,false,-1.6861526,1.3857301,10.363648,2.9263463,3
56.13992,0.5801343,49.33037852688028,8.577938024840137,0,1,6813.472,0.042853903,5,1,false,false,-1.3790252,1.463426,10.6769495,2.9266453,3
56.16413,0.5803413,49.33038023528692,8.577925368168886,0,1,6806.116,0.046485685,5,1,false,false,-1.2365818,1.4678392,12.224925,2.9271088,3
56.187843,0.58054835,49.330381853759356,8.577912711917469,0,1,6803.1836,0.046244133,5,1,false,false,-0.79663676,1.4250963,11.175771,2.9277205,3
56.210106,0.5807556,49.330383562097396,8.577900192951072,0,1,6805.5347,0.045759145,5,1,false,false,-0.50218654,1.3600162,11.957073,2.9284751,3
56.232716,0.5809629,49.33038527050403,8.577887536489738,0,1,6804.1597,0.042128306,5,1,false,false,-0.34265995,1.4033724,12.538807,2.9293318,3
56.25477,0.58117026,49.33038697891067,8.577874880028405,0,1,6800.201,0.03680188,5,1,false,false,0.19788492,1.3067428,10.764459,2.9302502,3
56.27576,0.5813777,49.3303886872487,8.577862223567072,0,1,6805.07,0.034622245,5,1,false,false,0.26178366,1.2910465,10.398757,2.9311981,3
56.296295,0.5815852,49.330390395655336,8.577849566895821,0,1,6808.8423,0.030747969,5,1,false,false,0.5481961,1.2414697,11.161593,2.9321117,3
56.316174,0.5817928,49.33039210406197,8.57783704813934,0,1,6811.4033,0.029053325,5,1,false,false,0.94848245,1.187208,10.061283,2.9329734,3
56.335323,0.58200043,49.33039381246861,8.577824391678007,0,1,6822.044,0.02857021,5,1,false,false,1.0963464,1.1186634,10.135299,2.9338143,3
56.354996,0.5822081,49.33039552080665,8.577811735006758,0,1,6833.6294,0.026874628,5,1,false,false,1.3017023,1.261064,9.814344,2.934627,3
56.375423,0.5824159,49.33039722921328,8.577799078545425,0,1,6834.9707,0.026390579,5,1,false,false,1.4257445,1.3066275,9.512161,2.9354236,3
56.397556,0.5826237,49.33039893761992,8.577786422084092,0,1,6834.902,0.02711712,5,1,false,false,1.2897568,1.3741765,8.48354,2.9361985,3
56.419037,0.58283156,49.33040064595795,8.577773628127822,0,1,6834.963,0.026148083,5,1,false,false,1.6236,1.2748909,8.9440155,2.9368923,3
56.439392,0.58303946,49.33040235436459,8.577760971666489,0,1,6840.301,0.029053317,5,1,false,false,1.7526817,1.2266028,10.016718,2.9375546,3
56.458416,0.5832475,49.33040397283703,8.577748315205154,0,1,6849.255,0.030506408,5,1,false,false,1.7951652,1.1411816,8.998157,2.9382002,3
56.47819,0.5834555,49.33040568124367,8.577735658533905,0,1,6862.004,0.032927595,5,1,false,false,1.9915713,1.3143854,9.913085,2.9388704,3
56.501434,0.5836636,49.3304073895817,8.577723002072572,0,1,6860.6455,0.035348784,5,1,false,false,2.1727047,1.4260497,9.045743,2.939559,3
56.524715,0.5838717,49.33040909798834,8.577710208116303,0,1,6847.365,0.03728592,5,1,false,false,2.280249,1.4253588,11.787108,2.9402554,3
56.547256,0.58408,49.33041071646078,8.57769755165497,0,1,6851.5527,0.03801153,5,1,false,false,2.554229,1.334868,10.911597,2.940994,3
56.567898,0.5842882,49.33041242486742,8.577684895193636,0,1,6852.9946,0.036559384,5,1,false,false,2.0921519,1.3044866,9.3683195,2.9417746,3
56.590694,0.5844965,49.330414043339864,8.577672101027451,0,1,6852.2393,0.031959504,5,1,false,false,2.4310005,1.5153917,9.73809,2.942519,3
56.612923,0.5847049,49.3304157516779,8.577659444566118,0,1,6840.923,0.03268604,5,1,false,false,2.1679976,1.2502123,8.314315,2.943198,3
56.63168,0.5849133,49.33041737015034,8.577646650399931,0,1,6843.18,0.03147451,5,1,false,false,1.8709677,1.0762339,7.6012564,2.9437568,3
56.6481,0.58512175,49.33041907855698,8.577633856443663,0,1,6868.5093,0.03220105,5,1,false,false,2.2297869,0.9165874,8.612896,2.944225,3
56.66258,0.58533025,49.330420697029425,8.577621199982328,0,1,6884.216,0.035348784,5,1,false,false,2.2353883,0.8889727,9.2746935,2.9447317,3
56.677933,0.58553874,49.33042231550186,8.577608405816143,0,1,6906.018,0.03873807,5,1,false,false,2.122498,1.0663961,8.295498,2.945356,3
56.700306,0.5857473,49.3304240238399,8.577595611859874,0,1,6919.832,0.040917706,5,1,false,false,2.2646859,1.5366683,8.568756,2.9460902,3
56.728275,0.5859559,49.33042564231235,8.57758295539854,0,1,6891.8486,0.042853903,5,1,false,false,2.497019,1.771337,10.683003,2.9468741,3
56.755295,0.58616465,49.33042726078479,8.577570161232355,0,1,6867.2217,0.04091771,5,1,false,false,2.6922174,1.5148846,9.95821,2.947658,3
56.77694,0.5863734,49.330428879257234,8.577557367276086,0,1,6874.7544,0.03994867,5,1,false,false,2.7463214,1.2234447,9.345181,2.9484353,3
56.796787,0.58658224,49.33043049772968,8.5775445731099,0,1,6881.539,0.038253088,5,1,false,false,2.391112,1.237103,9.989387,2.9491992,3
56.81744,0.5867911,49.330432116202125,8.577531779153631,0,1,6874.1357,0.035106298,5,1,false,false,2.4768457,1.2338948,9.5927725,2.94989,3
56.83622,0.587,49.330433734674564,8.577518984987446,0,1,6880.2715,0.032686047,5,1,false,false,2.700365,1.1028012,10.23236,2.9505267,3
56.853897,0.587209,49.33043535314701,8.577506191031176,0,1,6897.6396,0.03050641,5,1,false,false,2.4822998,1.1030818,10.580124,2.951202,3
56.872913,0.587418,49.330436971619456,8.577493396864991,0,1,6901.893,0.027843669,5,1,false,false,2.3156166,1.2237562,9.160907,2.9518967,3
56.894176,0.5876271,49.3304385900919,8.577480602908722,0,1,6901.1245,0.02445344,5,1,false,false,2.356659,1.343072,9.435694,2.9525743,3
56.916035,0.58783627,49.33044011863015,8.577467808952452,0,1,6897.0166,0.021790698,5,1,false,false,2.2652473,1.3081963,9.478485,2.9532018,3
56.936382,0.5880455,49.330441737102596,8.577455014786267,0,1,6894.941,0.020095114,5,1,false,false,2.2066078,1.183482,9.628298,2.9537601,3
56.955326,0.58825475,49.33044335557504,8.577442083125145,0,1,6904.9673,0.018642966,5,1,false,false,2.2957788,1.1322844,10.454073,2.954254,3
56.97401,0.5884641,49.33044488411329,8.577429289168876,0,1,6913.552,0.01743237,5,1,false,false,2.2288244,1.1788002,10.44534,2.9547307,3
56.99448,0.5886735,49.33044650258574,8.57741649500269,0,1,6914.0176,0.017189873,5,1,false,false,2.264965,1.2987713,10.004903,2.9551942,3
57.01593,0.588883,49.33044803119259,8.57740356334157,0,1,6910.49,0.01694832,5,1,false,false,2.1487262,1.3101459,9.638255,2.955646,3
57.03715,0.58909255,49.330449649665034,8.5773907693853,0,1,6907.76,0.017674861,5,1,false,false,2.1075811,1.272237,9.757697,2.9560506,3
57.057186,0.5893022,49.33045117820329,8.57737783772418,0,1,6907.328,0.018885454,5,1,false,false,2.0510945,1.2026496,10.099747,2.9564044,3
57.075863,0.5895119,49.33045270674154,8.57736504376791,0,1,6914.7227,0.020337604,5,1,false,false,1.9755754,1.1029445,9.806671,2.9567285,3
57.09406,0.5897217,49.330454325213985,8.577352112106789,0,1,6923.446,0.023485335,5,1,false,false,2.0055947,1.123159,9.660956,2.957058,3
57.1134,0.5899315,49.33045585375224,8.577339317940604,0,1,6928.208,0.027358674,5,1,false,false,1.8722067,1.2303095,9.267914,2.9574153,3
57.13375,0.5901415,49.33045738235909,8.577326386279482,0,1,6926.7905,0.030506406,5,1,false,false,2.0132275,1.232362,9.649722,2.9577935,3
57.153713,0.5903515,49.33045891089734,8.577313454828277,0,1,6927.529,0.035590336,5,1,false,false,2.1547952,1.1876814,9.709224,2.9582205,3
57.17298,0.5905616,49.33046052936979,8.577300660662091,0,1,6933.006,0.039948665,5,1,false,false,2.064005,1.1841908,9.8755245,2.958715,3
57.192654,0.5907718,49.33046205790804,8.57728772900097,0,1,6937.23,0.043337952,5,1,false,false,2.2498024,1.2141788,9.614754,2.9592736,3
57.212837,0.59098214,49.33046358644629,8.577274797339848,0,1,6936.421,0.046485685,5,1,false,false,2.3131857,1.2359871,9.422229,2.959917,3
57.233044,0.59119254,49.33046511498455,8.577261865888644,0,1,6936.0244,0.04914843,5,1,false,false,2.3594487,1.2271323,10.458479,2.9606416,3
57.25249,0.591403,49.3304666435914,8.577248934227523,0,1,6939.716,0.04939093,5,1,false,false,2.5318217,1.1731796,9.874426,2.9614296,3
57.27162,0.5916135,49.330468172129656,8.577236002566401,0,1,6942.9224,0.049390927,5,1,false,false,2.547645,1.171055,10.125189,2.9622889,3
57.291332,0.59182405,49.330469610733715,8.57722307090528,0,1,6944.369,0.047211297,5,1,false,false,2.6758063,1.2183553,10.374103,2.9632018,3
57.31107,0.5920347,49.33047113934057,8.577210139244158,0,1,6943.702,0.044548556,5,1,false,false,2.714325,1.1996508,10.42844,2.9641593,3
57.330727,0.59224534,49.33047266787882,8.577197207583037,0,1,6944.326,0.04188581,5,1,false,false,2.6499107,1.2203673,10.334484,2.965143,3
57.350082,0.59245616,49.33047419641707,8.577184276131831,0,1,6945.9907,0.037527487,5,1,false,false,2.7330344,1.1894842,10.1603775,2.9661033,3
57.369152,0.592667,49.33047563508973,8.577171344470711,0,1,6946.415,0.0348638,5,1,false,false,2.784793,1.1752708,10.037287,2.967007,3
57.387974,0.59287786,49.33047716362799,8.57715841280959,0,1,6948.4717,0.028085226,5,1,false,false,2.6558444,1.1479881,9.334682,2.9678607,3
57.406326,0.5930889,49.33047860223205,8.577145481148468,0,1,6952.4077,0.021305703,5,1,false,false,2.4985962,1.1173393,9.456235,2.968641,3
57.42436,0.5933,49.3304801308389,8.57713241199241,0,1,6957.3145,0.017916422,5,1,false,false,2.454911,1.1093491,10.138661,2.9693384,3
57.44228,0.59351104,49.330481569442966,8.57711948033129,0,1,6963.4355,0.017916419,5,1,false,false,2.536972,1.1131835,9.73048,2.9699564,3
57.46056,0.5937222,49.33048300811563,8.577106548670168,0,1,6969.1836,0.013559028,5,1,false,false,2.366078,1.1428735,9.271412,2.9705257,3
57.48024,0.59393346,49.33048453665388,8.577093479514112,0,1,6970.436,0.008474158,5,1,false,false,2.3315198,1.2596276,9.085132,2.9710352,3
57.50044,0.5941448,49.33048597532654,8.57708054785299,0,1,6965.1865,0.0077476157,5,1,false,false,2.1028042,1.2196803,9.610117,2.9714708,3
57.519592,0.59435624,49.330487413930605,8.577067478696932,0,1,6964.9404,0.006294528,5,1,false,false,2.0120955,1.1348958,10.41096,2.971812,3
57.537342,0.5945677,49.33048885260326,8.57705454703581,0,1,6973.5464,0.0041158334,5,1,false,false,2.0771818,1.0651377,9.757713,2.9720733,3
57.555294,0.59477925,49.330490291207326,8.577041477879755,0,1,6980.9624,0.0012105936,5,1,false,false,1.8805696,1.1963183,9.447785,2.9722946,3
57.575287,0.59499085,49.33049172987999,8.577028546218633,0,1,6978.512,9.360665e-07,5,1,false,false,1.7172496,1.2266937,9.669826,2.972467,3
57.5951,0.59520257,49.33049316848405,8.577015477062575,0,1,6972.2153,-0.00048405043,5,1,false,false,1.7557039,1.1821717,10.188251,2.9725623,3
57.613506,0.59541434,49.33049460715671,8.577002407906518,0.008340283,0.8027128,6965.415,0.00024249332,5,1,false,false,1.5236447,1.0779413,9.219848,2.972613,3
57.627407,0.59562624,49.330496045760775,8.576989476245396,0.082807094,0.61060435,6929.508,0.0014521512,5,1,false,false,1.3606237,0.6500475,9.757166,2.972633,3
57.619915,0.59583807,49.33049748443343,8.57697640708934,0.17180985,0.43033296,6884.6494,0.0024211884,5,1,false,false,1.272208,-1.2171409,10.5701275,2.9726284,3
57.574615,0.59604985,49.330498923037496,8.576963337723367,0.29167166,0.2944513,6847.9214,0.0012105941,5,1,false,false,1.1476086,-3.605322,8.831751,2.9725919,3
57.48643,0.59626144,49.33050036171016,8.57695040627216,0.4048612,0.19654745,6813.9272,-0.0012105941,5,1,false,false,0.9801675,-6.330547,9.683579,2.9725292,3
57.35415,0.59647256,49.33050171044863,8.576937336906187,0.51650184,0.09445132,6755.752,-0.005326427,5,1,false,false,0.77964646,-8.894619,10.2423115,2.9724293,3
57.185482,0.5966832,49.33050314905269,8.576924405454983,0.57643276,0.042170163,6671.801,-0.010652852,5,1,false,false,0.65226895,-10.730323,9.558498,2.9722724,3
56.995003,0.59689313,49.33050458772535,8.576911473793862,0.61241513,0.008631317,6566.7847,-0.016705824,5,1,false,false,0.49100024,-11.775312,7.495808,2.972088,3
56.781754,0.59710234,49.33050593639522,8.576898679627677,0.6356488,-1.1641532e-09,6457.958,-0.02324191,5,1,false,false,0.3756953,-13.754017,11.112563,2.971886,3
56.535202,0.5973108,49.33050737506788,8.576885885671407,0.65185285,0,6491.104,-0.028326774,5,1,false,false,-0.03752327,-15.43871,12.841204,2.9716544,3
56.284645,0.5975182,49.33050872380635,8.576873091505222,0.65959716,0,6556.4814,-0.030747963,5,1,false,false,-0.23626627,-14.212757,9.112098,2.971312,3
56.046303,0.5977248,49.33051016241041,8.576860435043889,0.6637672,0,6441.1367,-0.032684166,5,1,false,false,-0.11191709,-15.059256,8.741543,2.9708376,3
55.783676,0.59793055,49.330511511148885,8.576847778582554,0.67556304,0,6390.0913,-0.034137256,5,1,false,false,-0.20604631,-16.167475,11.875754,2.9703515,3
55.51606,0.59813523,49.33051294975294,8.57683512212122,0.69283926,0,6510.9175,-0.035348788,5,1,false,false,-0.4026292,-15.662748,9.100291,2.9698217,3
55.266712,0.598339,49.330514298491416,8.576822603154824,0.72715366,0,6449.647,-0.037042487,5,1,false,false,-0.76411915,-14.721379,10.267338,2.96921,3
55.01243,0.59854186,49.33051564722989,8.576810221893279,0.7744549,0,6343.521,-0.039222125,5,1,false,false,-0.6798593,-15.727913,9.988833,2.968464,3
54.75257,0.59874386,49.33051699596835,8.57679770292688,0.8230669,0,6240.142,-0.04091583,5,1,false,false,-0.88727725,-15.4558,9.308744,2.9676824,3
54.480255,0.59894484,49.330518344706825,8.576785459160272,0.8594068,0,6229.1807,-0.04043272,5,1,false,false,-0.8635106,-17.18901,10.22965,2.9668815,3
54.18341,0.5991447,49.330519693376694,8.576773077898725,0.8832361,0,6169.4907,-0.038253088,5,1,false,false,-1.1701741,-18.044998,10.102211,2.9660282,3
53.882595,0.5993436,49.330521042115166,8.576760971627051,0.8926488,0,6093.0728,-0.03462225,5,1,false,false,-0.9242337,-18.160116,9.407552,2.9650598,3
53.571186,0.59954137,49.33052239085364,8.576748727860442,0.8972953,0,6057.2466,-0.028569277,5,1,false,false,-0.8863206,-19.177134,10.137281,2.9640818,3
53.24862,0.59973794,49.33052373959211,8.576736621588768,0.9020611,0,6033.509,-0.020337606,5,1,false,false,-1.1965811,-19.391193,10.152217,2.9631994,3
52.93016,0.5999333,49.330525088330575,8.576724653021946,0.91195035,0,6002.9844,-0.0111369025,5,1,false,false,-1.4135437,-18.793016,9.049783,2.9623456,3
52.62017,0.60012764,49.330526437000444,8.57671282195006,0.9242227,0,5953.337,-0.0036317818,5,1,false,false,-0.85741067,-18.785072,9.387837,2.9614365,3
52.30271,0.6003208,49.330527785738916,8.576700853383239,0.9405458,0,5897.287,0.001937138,5,1,false,false,-0.8663113,-19.176035,10.343779,2.9606578,3
51.984695,0.6005128,49.33052913447739,8.576689159806289,0.956988,0,5843.064,0.010169741,5,1,false,false,-1.1733508,-18.968996,9.797581,2.9600508,3
51.674515,0.6007036,49.33053039328167,8.57667746622934,0.9698558,0,5758.647,0.017432367,5,1,false,false,-0.8910744,-18.671198,9.076003,2.9594026,3
51.352306,0.6008933,49.330531742020135,8.576665772862306,0.9790301,0,5668.657,0.023485342,5,1,false,false,-0.7302653,-19.901619,9.570039,2.9587855,3
51.022266,0.6010818,49.33053300082442,8.576654216990207,0.9836768,0,5645.5615,0.032443546,5,1,false,false,-0.7607951,-19.875082,8.620834,2.9583333,3
50.689,0.60126907,49.33053434956289,8.576642660908194,0.98391503,0,5646.299,0.036075324,5,1,false,false,-0.6755799,-20.058458,9.455608,2.9579983,3
50.35759,0.60145515,49.330535608367164,8.57663124253103,0.97974515,0.77,5891.6,0.040432714,0,1,false,false,-0.4411193,-20.045942,9.349916,2.9577925,3
50.03266,0.60164005,49.330536867171446,8.576619961858722,0.97974503,0.15888888,6251.747,0.044064496,0,1,false,false,-0.98599136,-19.098103,9.43894,2.9577208,3
49.7145,0.60182375,49.33053821590991,8.576608680976495,0.983915,0,6190.4883,0.044548552,4,1,false,false,-0.5827501,-19.323383,8.846558,2.9575481,3
49.379654,0.6020062,49.33053947471419,8.57659753779912,0.9891576,0,6449.138,0.044306997,4,1,false,false,-0.17481998,-20.400894,8.462556,2.957401,3
49.042767,0.6021874,49.33054073351847,8.576586394621746,0.9928512,0,6412.6987,0.045517586,4,1,false,false,-0.42123157,-20.146643,8.361482,2.9574037,3
48.706425,0.6023672,49.33054199232275,8.576575388939307,0.9949959,0,6307.5293,0.046970677,4,1,false,false,-0.4931404,-20.442242,9.530923,2.957527,3
48.37016,0.6025459,49.33054325112703,8.57656438325687,0.9893961,0,6204.631,0.048906874,4,1,false,false,-0.48356602,-20.062197,8.428969,2.957729,3
48.039726,0.6027233,49.33054450993131,8.576553515279283,0.97557503,0,6104.541,0.049874976,4,1,false,false,-0.042501003,-19.653755,9.0845,2.9579952,3
47.721046,0.6028996,49.330545678869996,8.576542647301697,0.9636602,0,6006.6826,0.05108651,4,1,false,false,-0.044287935,-19.197584,8.915544,2.9584103,3
47.395054,0.60307467,49.33054693767428,8.576531916819047,0.9575837,0,5951.064,0.051328063,4,1,false,false,-0.10876419,-19.579117,8.751734,2.9589183,3
47.073353,0.6032486,49.33054819647855,8.576521323831333,0.9513882,0,6057.792,0.05157056,4,1,false,false,0.07677087,-19.469826,8.1684,2.9594586,3
46.750378,0.6034214,49.33054936534864,8.576510730843617,0.9454307,0,5995.1523,0.050601523,4,1,false,false,0.30181998,-19.478357,8.956592,2.9600294,3
46.42513,0.603593,49.33055053421873,8.576500137855904,0.94006914,0,5899.9023,0.048664387,4,1,false,false,0.26673386,-19.868942,10.0780115,2.960701,3
46.09666,0.6037634,49.33055179309161,8.57648968257304,0.93363535,0,5845.5356,0.048664384,4,1,false,false,0.45079893,-19.612389,9.143392,2.9614646,3
45.777924,0.6039327,49.33055296196169,8.576479364785115,0.9246991,0,5908.254,0.046485692,4,1,false,false,0.455172,-18.895378,8.741223,2.9623022,3
45.464783,0.60410076,49.330554130831786,8.576469046997188,0.9124271,0,5853.5244,0.0450326,4,1,false,false,0.71025735,-18.964489,9.269326,2.963171,3
45.142357,0.6042678,49.33055529977047,8.57645872920926,0.8951507,0,5776.3145,0.041401763,4,1,false,false,0.5561913,-19.584763,9.497309,2.964142,3
44.824974,0.60443366,49.33055646864056,8.576448686621122,0.8642917,0,5840.052,0.038011532,4,1,false,false,0.8573512,-18.965387,9.028434,2.9651072,3
44.514893,0.6045983,49.330557637510644,8.576438506328131,0.8285475,0,5876.9917,0.033170097,4,1,false,false,0.97405577,-18.543623,9.804254,2.9660816,3
44.218235,0.6047619,49.33055871651514,8.576428463739992,0.7997142,0,5811.1963,0.028570212,4,1,false,false,1.0124525,-17.42345,9.189837,2.9670856,3
43.93344,0.6049245,49.33055988538523,8.57641855864679,0.78803754,0,5801.02,0.024210948,4,1,false,false,1.0957508,-17.044834,9.610426,2.9681125,3
43.654648,0.605086,49.330560964389726,8.576408653553587,0.7870846,0,5834.356,0.019127008,4,1,false,false,1.3649712,-16.775618,9.748318,2.9691234,3
43.37544,0.60524654,49.330562043394224,8.57639888595532,0.788991,0,5810.3037,0.015010245,4,1,false,false,1.4119564,-16.772919,10.273994,2.9701345,3
43.106285,0.6054061,49.33056321226431,8.576389118566969,0.7914928,0.77,6048.5347,0.011863448,0,1,false,false,1.5095686,-15.803649,9.743774,2.9711442,3
42.845676,0.6055648,49.33056429126881,8.576379350968702,0.7917311,0.77,6468.3555,0.009684751,0,1,false,false,1.5621579,-15.71074,9.8220215,2.9721181,3
42.58659,0.6057225,49.3305653702047,8.576369721075286,0.7924461,0.4644444,6845.167,0.006779514,0,1,false,false,1.635188,-15.613929,10.150878,2.973005,3
42.328037,0.6058792,49.33056644920919,8.576360091181872,0.7924461,0,6767.868,0.00460082,3,1,false,false,1.9027177,-15.568476,10.203463,2.9737797,3
42.04938,0.60603505,49.3305674382795,8.576350598783392,0.79566294,0,6973.0415,0.0036317818,3,1,false,false,1.7779576,-17.680828,10.009648,2.9744852,3
41.751583,0.60618985,49.3305685172154,8.576341106384914,0.8016204,0,7137.3403,0.0043583256,3,1,false,false,1.7452776,-17.824972,10.63879,2.9751809,3
41.46559,0.6063435,49.330569596219895,8.576331751691287,0.81198627,0,7024.1016,0.006294529,3,1,false,false,1.9859288,-16.836567,10.733868,2.9759188,3
41.19316,0.6064962,49.3305705852902,8.576322396787743,0.8149649,0,6903.881,0.008231664,3,1,false,false,2.010356,-16.124279,10.069276,2.976735,3
40.929993,0.60664797,49.330571574360505,8.576313042094117,0.81770533,0,6786.65,0.011136905,3,1,false,false,1.9896384,-15.685783,9.384838,2.97759,3
40.662743,0.6067988,49.330572563430806,8.576303824895426,0.8177052,0,6813.416,0.012347497,3,1,false,false,1.878958,-16.508667,8.806322,2.9784217,3
40.383415,0.6069486,49.330573552501114,8.576294607696735,0.81663305,0,6852.4453,0.013316535,3,1,false,false,1.7921754,-16.887106,9.525665,2.979202,3
40.108234,0.60709745,49.330574541571416,8.57628552799298,0.81425005,0,6780.0215,0.013074041,3,1,false,false,1.9131265,-16.281073,9.942101,2.9799368,3
39.844334,0.6072452,49.330575530641724,8.576276448289224,0.813416,0,6680.51,0.012347498,3,1,false,false,2.0702605,-15.70688,10.099574,2.9806726,3
39.58554,0.60739213,49.330576519712025,8.57626750629032,0.81341594,0,6615.671,0.012105943,3,1,false,false,1.9977591,-15.615482,9.903384,2.9815028,3
39.3246,0.60753816,49.330577418848144,8.5762585640815,0.81341594,0,6552.121,0.012347496,3,1,false,false,1.926541,-15.825291,9.382596,2.9824471,3
39.060703,0.60768324,49.330578407918445,8.576249759577534,0.81341594,0,6488.5513,0.012832486,3,1,false,false,1.8932449,-15.994523,9.00708,2.9834478,3
38.793274,0.6078273,49.33057930705456,8.576240955073565,0.8107946,0,6455.8394,0.0130740395,3,1,false,false,1.8514696,-16.258,8.839374,2.9844284,3
38.518715,0.60797036,49.330580206190675,8.576232150569599,0.80555224,0,6448.5063,0.013800585,3,1,false,false,1.9987048,-16.722216,9.872215,2.9853437,3
38.240158,0.6081125,49.330581105326786,8.576223483560566,0.79971397,0,6436.5005,0.015252734,3,1,false,false,2.2455978,-16.700928,10.56534,2.986215,3
37.967487,0.60825366,49.3305820044629,8.576214816761452,0.79673535,0,6402.5215,0.017916417,3,1,false,false,2.305873,-16.15888,10.466042,2.987106,3
37.705647,0.6083938,49.33058290366761,8.576206287247356,0.79447156,0,6349.1357,0.022032246,3,1,false,false,2.2707686,-15.501069,10.25583,2.988052,3
37.45117,0.60853297,49.33058380280373,8.576197757943177,0.7893482,0,6285.6216,0.025906524,3,1,false,false,2.4436722,-15.340335,9.789567,2.989051,3
37.195396,0.60867125,49.33058461200565,8.576189366133933,0.78589284,0,6232.8394,0.030506413,3,1,false,false,2.4830966,-15.435196,9.179073,2.9901316,3
36.93797,0.60880864,49.330585511210366,8.57618097432469,0.78291434,0,6212.88,0.034622237,3,1,false,false,2.3683646,-15.555259,8.998253,2.9912648,3
36.67824,0.6089451,49.33058632041229,8.576172582515445,0.77922076,0,6201.862,0.03873807,3,1,false,false,2.393494,-15.72741,9.892379,2.992386,3
36.415764,0.60908055,49.33058712961421,8.576164328411053,0.7760039,0,6169.856,0.042853903,3,1,false,false,2.6572073,-15.783512,10.753938,2.9934902,3
36.156445,0.6092151,49.330587938884726,8.576156074096746,0.77099955,0,6123.3506,0.046485685,3,1,false,false,3.0024488,-15.404709,10.924908,2.9946432,3
35.907784,0.60934865,49.330588748086655,8.576147819887396,0.7665912,0,6071.4365,0.051570553,3,1,false,false,2.9424746,-14.661714,9.847073,2.995947,3
35.669025,0.6094814,49.33058955735717,8.576139703172982,0.7594422,0,6009.085,0.05641293,3,1,false,false,2.822949,-14.2788725,9.156356,2.9974022,3
35.430305,0.6096133,49.33059036655909,8.576131724163421,0.74979144,0,5948.225,0.06028627,3,1,false,false,2.783986,-14.454655,8.766328,2.998959,3
35.184174,0.6097443,49.33059108589543,8.576123745048902,0.74145126,0,5921.222,0.06415961,3,1,false,false,2.8813536,-15.1891775,9.990958,3.000541,3
34.929714,0.60987437,49.330591895165945,8.57611576593438,0.73311096,0,5926.9688,0.06779142,3,1,false,false,3.2870893,-15.178053,9.58195,3.002087,3
34.682014,0.6100044,49.33059261443368,8.576107786819861,0.72620046,0,5923.5254,0.070939146,3,1,false,false,3.224383,-14.709595,10.343595,3.003648,3
34.44317,0.610136,49.33059333377001,8.576099945305236,0.7211961,0,5877.4106,0.0767496,3,1,false,false,3.4448519,-14.066601,10.450444,3.0052917,3
34.217636,0.6102666,49.33059405310634,8.576092241390503,0.71774083,0,5803.9736,0.08328709,3,1,false,false,3.4414911,-13.360484,9.721166,3.0071156,3
33.991688,0.61039644,49.33059477244267,8.576084399875878,0.715239,0,5738.696,0.091034256,3,1,false,false,3.7029655,-13.9021225,9.780562,3.0091007,3
33.761192,0.61052537,49.33059540184481,8.576076695961145,0.7113071,0,5713.929,0.100234486,3,1,false,false,4.0128827,-13.816765,9.5709305,3.0111818,3
33.526783,0.6106535,49.33059612111254,8.576069129541349,0.7080902,0,5699.0464,0.11137231,3,1,false,false,4.065913,-14.272052,10.107044,3.01342,3
33.290024,0.61078095,49.33059675058328,8.576061563121554,0.7032049,0,5671.316,0.12710911,3,1,false,false,4.5044484,-14.083949,10.1295805,3.0157785,3
33.05938,0.6109075,49.33059737998542,8.576053996806715,0.6992733,0,5644.3237,0.1409097,3,1,false,false,4.791853,-13.759746,10.251959,3.018254,3
32.832737,0.61103314,49.33059800938756,8.576046430386919,0.6958178,0,5610.3936,0.16027872,3,1,false,false,5.1674314,-13.511749,10.003933,3.0208848,3
32.610497,0.6111579,49.3305986387897,8.576039001567016,0.69283926,0,5565.9697,0.17746863,3,1,false,false,5.4160924,-13.276085,9.796382,3.0237386,3
32.38979,0.6112818,49.33059917825765,8.576031710347008,0.6896224,0,5521.4614,0.1970801,3,1,false,false,5.741647,-13.28399,9.901916,3.0268402,3
32.16859,0.6114052,49.33059980765979,8.576024281527106,0.6874776,0,5485.168,0.21838582,3,1,false,false,6.057976,-13.239678,10.024979,3.0302072,3
31.948261,0.61152774,49.330600347127735,8.576016990307098,0.68521386,0,5449.2686,0.24308173,3,1,false,false,6.48755,-13.17522,9.894779,3.033861,3
31.734756,0.61164933,49.330600886664286,8.57600969908709,0.6829501,0.77,5701.647,0.26341987,0,1,false,false,6.9496636,-12.560237,9.717451,3.0378382,3
31.528086,0.6117701,49.33060142613223,8.576002545466975,0.6803287,0.77,6140.2793,0.29077855,0,1,false,false,7.192853,-12.274717,9.825832,3.0421448,3
31.322794,0.6118901,49.33060187573459,8.575995391741904,0.6755631,0,6153.183,0.310148,2,1,false,false,7.7607803,-12.297965,9.999838,3.046769,3
31.101938,0.61200964,49.330602325268345,8.57598823812179,0.66865253,0,6204.665,0.32854903,2,1,false,false,8.0128565,-14.447093,9.70504,3.051775,3
30.844381,0.61212873,49.3306027748707,8.57598122199661,0.6632909,0,6400.282,0.34404373,2,1,false,false,8.002039,-15.646345,10.112182,3.0572016,3
30.591988,0.6122467,49.330603224404456,8.575974205871432,0.6578102,0,6422.2607,0.35857093,2,1,false,false,8.784402,-14.442171,10.215445,3.063168,3
30.366796,0.6123637,49.33060367400682,8.575967189851212,0.65089965,0,6316.1094,0.37116042,2,1,false,false,9.633705,-12.846491,10.046539,3.0697968,3
30.156073,0.6124797,49.33060403367498,8.575960311325927,0.64375055,0,6213.3037,0.38907826,2,1,false,false,10.30012,-12.336794,10.015511,3.0770328,3
29.944672,0.6125949,49.330604393343144,8.575953432800643,0.6338616,0,6172.394,0.39488822,2,1,false,false,10.422853,-12.717022,9.690964,3.0846958,3
29.726017,0.61271036,49.33060466307712,8.575946554275358,0.61932576,0,6176.4487,0.3997305,2,1,false,false,10.66021,-12.975448,9.663183,3.0925303,3
29.509666,0.61282504,49.33060502274529,8.57593981324501,0.60550475,0,6161.543,0.4140153,2,1,false,false,11.27273,-12.554429,9.9994755,3.1004488,3
29.303621,0.6129388,49.330605202545065,8.57593307231962,0.5897772,0,6108.467,0.41716343,2,1,false,false,11.817035,-11.805043,10.262833,3.1085575,3
29.106691,0.6130516,49.33060547227904,8.575926468889165,0.571786,0,6033.0537,0.4280582,2,1,false,false,12.3949795,-11.319279,10.165979,3.117015,3
28.915483,0.6131636,49.330605652147426,8.575919727963775,0.551531,0,5961.438,0.4394382,2,1,false,false,12.787373,-11.058386,10.09672,3.1259089,3
28.729168,0.61327475,49.33060583194721,8.575913124638278,0.53032297,0,5909.228,0.44815427,2,1,false,false,12.88895,-10.646208,9.427949,3.1352143,3
28.549158,0.6133867,49.33060601181559,8.575906658807718,0.49505544,0,5870.196,0.45735452,2,1,false,false,12.755383,-10.245758,8.8286495,-3.1383555,3
28.375315,0.6134978,49.330606101681184,8.575900055377263,0.45978794,0,5831.409,0.46849146,2,1,false,false,12.876064,-9.930772,9.166381,-3.1285257,3
28.199286,0.613608,49.330606191615374,8.575893589546702,0.42523533,0,5795.278,0.4767241,2,1,false,false,14.348511,-10.150855,10.522418,-3.1184454,3
28.021124,0.6137174,49.330606191615374,8.575887123821099,0.3961634,0,5776.6685,0.4885875,2,1,false,false,15.54041,-10.018898,10.669887,-3.1079373,3
27.848656,0.6138259,49.330606191615374,8.575880795485475,0.37150002,0,5777.5625,0.50141954,2,1,false,false,15.821261,-9.443525,10.101974,-3.096971,3
27.690794,0.6139337,49.330606191615374,8.575874329759872,0.33921126,0,5778.291,0.5154625,2,1,false,false,15.569677,-8.331315,9.136554,-3.0857809,3
27.55277,0.61404234,49.330606101681184,8.575868001424247,0.3182414,0,5755.8496,0.526116,2,1,false,false,14.846339,-7.0803323,8.266966,-3.0745451,3
27.426847,0.6141503,49.33060601181559,8.57586167319358,0.28202066,0,5710.28,0.5370118,2,1,false,false,14.96138,-6.8850527,8.5896,-3.0632658,3
27.296223,0.6142575,49.33060583194721,8.575855482562808,0.24854049,0,5674.3477,0.5474223,2,1,false,false,15.845865,-7.1818156,9.083393,-3.0518816,3
27.15989,0.61436397,49.330605652147426,8.575849291932036,0.21374953,0,5686.2466,0.5585601,2,1,false,false,16.883743,-7.4817653,10.104877,-3.0405233,3
27.020676,0.61446977,49.33060547227904,8.575842963596411,0.18169904,0,5730.0645,0.5750237,2,1,false,false,18.040945,-7.3373456,10.767963,-3.0291717,3
26.890917,0.6145749,49.330605202545065,8.575836910565531,0.14869535,0,5757.4453,0.591004,2,1,false,false,18.686607,-6.3324003,10.761604,-3.0175128,3
26.782211,0.6146804,49.3306048428769,8.575830719829801,0.10377694,0,5740.963,0.6060158,2,1,false,false,18.452915,-4.9313,9.820317,-3.005233,3
26.693779,0.6147856,49.33060448320874,8.575824666798923,0.06827117,0,5695.83,0.61424744,2,1,false,false,18.219475,-4.057248,9.386079,-2.9922638,3
26.60815,0.61489016,49.33060412360917,8.575818476063192,0.03395687,0,5667.571,0.6190896,2,1,false,false,19.73527,-4.1865635,11.040271,-2.9787354,3
26.520834,0.61499417,49.33060367400682,8.575812423032312,0.0039318455,0,5684.764,0.62514323,2,1,false,false,16.808495,-4.0885224,8.817307,-2.9645064,3
26.444525,0.61509764,49.33060313453887,8.57580650749637,1.1641532e-10,0,5732.1865,0.6219949,2,1,false,false,15.910461,-3.4453964,8.063566,-2.9506555,3
26.367449,0.6152006,49.33060268493651,8.575800454360532,0,0,5775.2705,0.6469334,2,1,false,false,17.454405,-3.4229538,9.017419,-2.937866,3
26.293777,0.6153035,49.33060205553437,8.57579453882459,0,0,5790.5273,0.6728399,2,1,false,false,18.56407,-2.9462242,9.695707,-2.9258668,3
26.227068,0.6154063,49.33060151606642,8.575788485688753,0,0,5778.141,0.7021371,2,1,false,false,19.247177,-2.5186687,9.9807,-2.914242,3
26.163614,0.6155084,49.33060079673009,8.57578257015281,0,0,5754.1733,0.7270756,2,1,false,false,20.17084,-2.534251,10.488644,-2.902698,3
26.098719,0.61561006,49.33060016732795,8.575776654616867,0,0,5736.375,0.74523443,2,1,false,false,20.153572,-2.267992,10.088149,-2.8914824,3
26.0368,0.6157112,49.330599358057434,8.575770876680819,0,0,5724.9893,0.76000303,2,1,false,false,19.00247,-2.4691906,9.775784,-2.8799856,3
25.9753,0.6158119,49.330598548855505,8.575764961144875,0,0,5712.593,0.76847816,2,1,false,false,18.811363,-2.4486754,9.299546,-2.867789,3
25.914257,0.61591214,49.33059773958499,8.575759183208826,0,0,5697.4673,0.7740461,2,1,false,false,18.522186,-2.4140198,9.048899,-2.8551733,3
25.85346,0.61601144,49.33059684044887,8.575753405272778,0,0,5683.184,0.77985764,2,1,false,false,18.472538,-2.4094167,9.119279,-2.8424354,3
25.792358,0.6161101,49.33059594131276,8.575747627336728,0,0,5671.213,0.7888158,2,1,false,false,18.650232,-2.4142568,9.235928,-2.8297622,3
25.731083,0.6162082,49.33059495224246,8.575741986895615,0,0,5659.654,0.7980165,2,1,false,false,18.5968,-2.4005482,9.361889,-2.8171883,3
25.669514,0.6163059,49.33059396317215,8.575736208959567,0,0,5646.907,0.80842775,2,1,false,false,18.968826,-2.4044988,9.525866,-2.804727,3
25.60696,0.616403,49.33059297410185,8.575730568518454,0,0,5633.772,0.81956613,2,1,false,false,19.501663,-2.422089,9.874333,-2.7922826,3
25.544249,0.6164998,49.330591805231755,8.575724928182298,0,0,5621.0537,0.8265871,2,1,false,false,19.263788,-2.40564,9.693462,-2.7797432,3
25.482975,0.61659604,49.330590726227264,8.57571942534108,0,0,5608.414,0.83094525,2,1,false,false,18.858622,-2.376441,9.230366,-2.7671447,3
25.421473,0.61669093,49.33058955735717,8.575713784899966,0,0,5594.8228,0.8372404,2,1,false,false,18.934118,-2.382303,9.553426,-2.7545109,3
25.35941,0.6167852,49.3305882985529,8.575708282163705,0,0,5580.623,0.8466837,2,1,false,false,19.02788,-2.4128015,9.57507,-2.7417977,3
25.296896,0.6168791,49.330587039748615,8.57570291692238,0,0,5567.4736,0.85709417,2,1,false,false,19.1517,-2.4107168,9.822985,-2.7290113,3
25.232862,0.6169725,49.33058578094434,8.57569741408116,0,0,5555.1387,0.868232,2,1,false,false,19.930346,-2.4750092,9.909153,-2.716106,3
25.168268,0.61706555,49.33058443220587,8.575692048839835,0,0,5543.7827,0.88058007,2,1,false,false,19.25895,-2.4865766,9.291744,-2.7030249,3
25.105305,0.6171582,49.330583083467396,8.57568668359851,0,0,5532.4062,0.88905495,2,1,false,false,18.644444,-2.3986597,8.909671,-2.6899657,3
25.044811,0.6172505,49.33058164486334,8.575681318252228,0,0,5518.872,0.89777106,2,1,false,false,17.944681,-2.278142,8.695676,-2.6770344,3
24.986774,0.6173418,49.330580116256485,8.575676090610795,0,0,5500.4336,0.90358156,2,1,false,false,17.424541,-2.1714516,8.3362665,-2.6642163,3
24.929335,0.61743265,49.33057867765242,8.575670862969364,0,0,5477.8247,0.91060364,2,1,false,false,17.817308,-2.197716,8.602238,-2.651535,3
24.870089,0.617523,49.33057714911417,8.575665635222975,0,0.007891494,5457.42,0.9188359,2,1,false,false,19.129608,-2.1688933,9.980823,-2.6388884,3
24.809252,0.617613,49.330575530641724,8.575660407581543,0,0.02811344,5446.832,0.9178673,2,1,false,false,19.950895,-2.2212722,10.241023,-2.626132,3
24.748404,0.6177027,49.33057391216928,8.575655317435048,0,0.050801486,5447.499,0.9081819,2,1,false,false,18.88314,-2.2013776,9.4833355,-2.6131759,3
24.691568,0.617792,49.33057229369683,8.575650227393512,0,0.07398274,5451.284,0.88953847,2,1,false,false,18.139261,-1.9940476,9.208535,-2.6001477,3
24.636692,0.61788106,49.3305705852902,8.575645137247015,0,0.096917406,5451.3906,0.87743247,2,1,false,false,19.440481,-1.8576162,9.788334,-2.5869522,3
24.581991,0.6179697,49.33056887688356,8.575640184700415,0,0.1294698,5457.0005,0.86460054,2,1,false,false,20.612064,-1.7851982,11.072591,-2.5733354,3
24.525486,0.6180578,49.33056707861134,8.575635232153813,0,0.16646113,5477.9355,0.8515261,2,1,false,false,22.234978,-1.6987345,10.933163,-2.5590804,3
24.473927,0.6181456,49.33056528033911,8.575630417207105,0,0.19062884,5512.519,0.84063023,2,1,false,false,20.265852,-1.3449864,10.084009,-2.5442154,3
24.425419,0.6182331,49.33056348199828,8.575625602260398,0,0.21331695,5563.805,0.82924986,2,1,false,false,19.97423,-1.3474867,9.586172,-2.5292156,3
24.377626,0.6183203,49.33056159379186,8.57562078731369,0,0.23625158,5630.763,0.8348189,2,1,false,false,20.11937,-1.2953213,10.110692,-2.51432,3
24.32922,0.61840725,49.330559615651254,8.575615972262025,0,0.26313192,5713.9355,0.844262,2,1,false,false,20.320412,-1.3376675,10.614647,-2.4993885,3
24.28371,0.618494,49.330557637510644,8.57561129491521,0,0.2872997,5725.0405,0.86096895,2,1,false,false,21.587708,-0.47796226,11.595738,-2.4842525,3
24.261189,0.6185805,49.330555659370035,8.575606755063333,0,0.3127003,5628.2085,0.87694836,2,1,false,false,22.382143,1.188552,11.680989,-2.4689908,3
24.252853,0.61866707,49.33055359136383,8.57560207771652,0,0.35561034,5590.7754,0.89268667,2,1,false,false,22.878927,1.2304752,12.262282,-2.454092,3
24.234922,0.6187535,49.33055152328903,8.575597537864642,0,0.39654747,5623.53,0.90769744,2,1,false,false,23.890524,0.71222836,12.175887,-2.4394202,3
24.213589,0.6188397,49.33054936534864,8.575593135612658,0,0.44192347,5682.1606,0.9113302,2,1,false,false,23.3821,0.6335224,12.80969,-2.4245725,3
24.198624,0.6189258,49.33054720740825,8.575588733360675,0,0.49889025,5738.3984,0.89777106,2,1,false,false,23.558432,1.2701046,12.303565,-2.4094598,3
24.197136,0.6190118,49.33054495953367,8.575584331108692,0,0.5511715,5777.42,0.8822751,2,1,false,false,22.488588,2.042557,11.476671,-2.3943272,3
24.21262,0.61909777,49.33054262172489,8.575579928856708,0,0.59210837,5798.3657,0.868232,2,1,false,false,20.23467,3.275407,10.40165,-2.3794138,3
24.247154,0.61918384,49.330540373850305,8.575575664204617,0,0.6350185,5805.6465,0.86532724,2,1,false,false,19.226955,3.8377962,9.724283,-2.3653774,3
24.286467,0.6192702,49.33053794617594,8.575571537047464,0,0.65770644,5796.907,0.8796122,2,1,false,false,22.422857,4.2762623,12.984341,-2.3523254,3
24.326614,0.6193569,49.330535518432974,8.575567272395373,0,0.6668311,5778.814,0.8883284,2,1,false,false,22.333853,4.227651,12.19412,-2.3397439,3
24.369293,0.61944354,49.33053309075861,8.57556314523822,0,0.6727498,5773.6704,0.8909917,2,1,false,false,21.501034,4.251207,11.594434,-2.3273458,3
24.41056,0.61953026,49.33053057315005,8.57555915568096,0,0.67299646,5786.2134,0.88808626,2,1,false,false,20.679499,3.8460681,10.699655,-2.3152633,3
24.447346,0.6196171,49.33052805547289,8.575555028628765,0,0.67299634,5813.1895,0.89050716,2,1,false,false,19.110607,3.7780738,9.910518,-2.3034592,3
24.484488,0.61970395,49.330525447998745,8.57555117656644,0,0.67299634,5854.2334,0.8936553,2,1,false,false,17.45151,3.2524393,9.503277,-2.2918606,3
24.524591,0.61979103,49.33052284045599,8.575547187114138,0,0.6695438,5895.1577,0.9023714,2,1,false,false,17.842152,4.076184,10.30888,-2.279903,3
24.574121,0.6198782,49.330520232913244,8.575543335051815,0,0.65573364,5898.791,0.90091884,2,1,false,false,18.977297,4.5486856,10.998965,-2.2678595,3
24.627968,0.6199659,49.33051753543631,8.575539483094449,0,0.63748467,5852.437,0.9004343,2,1,false,false,19.027758,4.706741,10.628544,-2.2562416,3
24.681427,0.62005395,49.33051474809377,8.575535631137083,0,0.6162762,5803.496,0.90164495,2,1,false,false,19.119703,4.439238,10.844347,-2.2450247,3
24.728025,0.620142,49.33051196075124,8.57553191677961,0,0.59432787,5786.967,0.89898133,2,1,false,false,18.93004,3.8300216,10.237751,-2.2339897,3
24.765331,0.62023014,49.33050917334011,8.57552820231718,0,0.57607895,5800.0347,0.89341336,2,1,false,false,18.2576,3.265204,9.925243,-2.2230415,3
24.797607,0.6203184,49.33050638599757,8.575524487959708,0,0.5538842,5819.4067,0.8805798,2,1,false,false,18.032066,3.0830119,10.122999,-2.212157,3
24.82891,0.6204066,49.33050350872085,8.575520911097172,0,0.5351419,5823.307,0.86726326,2,1,false,false,17.57382,3.0184617,9.893083,-2.2014315,3
24.859676,0.620495,49.33050054150994,8.575517334234636,0,0.5163996,5814.9326,0.850315,2,1,false,false,17.248272,2.9113836,9.431785,-2.1908982,3
24.88909,0.62058365,49.330497664233214,8.575513757477058,0,0.49346483,5808.577,0.83530325,2,1,false,false,16.999008,2.75992,9.647313,-2.1804779,3
24.915106,0.62067294,49.3304946970223,8.575510318214416,0,0.46979043,5804.7856,0.8231973,2,1,false,false,17.55921,2.50798,10.479791,-2.1701536,3
24.937593,0.6207621,49.33049172987999,8.575506878951773,0,0.44907513,5797.868,0.811091,2,1,false,false,17.265457,2.3979223,9.94596,-2.1598494,3
24.960695,0.62085134,49.33048867273488,8.575503577184067,0,0.44562265,5792.82,0.7975319,2,1,false,false,16.497917,2.2841563,9.460536,-2.1496482,3
24.981392,0.6209405,49.330485615658375,8.57550027552132,0,0.44463617,5793.2754,0.7854264,2,1,false,false,16.551918,2.1745477,9.927198,-2.1397018,3
25.001995,0.62102973,49.33048255851327,8.57549697385857,0,0.44463623,5798.1387,0.7762258,2,1,false,false,15.887405,2.1183777,9.150029,-2.1299558,3
25.022964,0.62111896,49.33047941150257,8.575493672090865,0,0.44463623,5805.98,0.76605666,2,1,false,false,15.03976,2.0925891,8.611558,-2.1204214,3
25.045643,0.6212083,49.330476354357465,8.57549050802801,0,0.44463623,5815.542,0.7580668,2,1,false,false,14.665673,2.2104235,8.997879,-2.111095,3
25.069502,0.6212977,49.33047320734677,8.575487481460092,0,0.44808877,5819.8213,0.751287,2,1,false,false,15.216103,2.2229242,9.429589,-2.1020477,3
25.092497,0.6213872,49.33046997040188,8.575484317292279,0,0.4503082,5818.5845,0.7462025,2,1,false,false,15.809934,2.192359,9.966801,-2.093174,3
25.115993,0.62147665,49.330466823391184,8.575481290829318,0,0.4527743,5821.428,0.7391816,2,1,false,false,16.2395,2.2201333,10.318492,-2.0841734,3
25.139359,0.6215661,49.33046358644629,8.5754782642614,0,0.45499378,5827.383,0.7270754,2,1,false,false,16.092216,2.1580734,10.144535,-2.0749693,3
25.162867,0.62165564,49.33046034950141,8.575475375293376,0,0.45622692,5834.705,0.71085316,2,1,false,false,15.653068,2.152641,9.951812,-2.0656092,3
25.187271,0.6217452,49.33045702269093,8.575472486325351,0,0.46165225,5845.6904,0.6953572,2,1,false,false,15.113699,2.172543,9.435098,-2.056117,3
25.213194,0.6218349,49.33045378574604,8.575469734852263,0,0.47570902,5862.643,0.68083024,2,1,false,false,14.638019,2.2831028,9.244115,-2.0465727,3
25.242094,0.6219246,49.330450458866956,8.575466845884238,0,0.5013563,5883.7,0.6711458,2,1,false,false,14.426054,2.5083277,9.268197,-2.0371222,3
25.275707,0.6220142,49.33044713198788,8.575464094516107,0,0.5368681,5904.675,0.66702974,2,1,false,false,14.528031,2.7984998,9.725473,-2.0279129,3
25.314753,0.62210387,49.330443805177396,8.575461480642913,0,0.58421695,5926.067,0.66872394,2,1,false,false,14.835699,3.1622264,10.212141,-2.0189734,3
25.360132,0.6221937,49.330440388364124,8.575458729274782,0,0.6392109,5951.6206,0.6740509,2,1,false,false,15.071813,3.5503669,9.9218445,-2.010194,3
25.412247,0.6222836,49.330436971619456,8.575456115401588,0,0.6974105,5981.451,0.6796199,2,1,false,false,14.914402,3.901488,10.026223,-2.0014832,3
25.470985,0.62237364,49.33043355487479,8.575453639128288,0,0.80271274,6023.753,0.68470424,2,1,false,false,14.682227,4.297859,10.004706,-1.992761,3
25.537516,0.62246394,49.330430138061516,8.575451025255093,0,0.9033292,6071.802,0.6895465,2,1,false,false,14.068484,4.775305,9.489063,-1.983928,3
25.612396,0.6225545,49.33042663138265,8.575448686581685,0,1,6104.3896,0.69293624,2,1,false,false,13.46066,5.2396746,9.151858,-1.9749852,3
25.694773,0.62264514,49.330423124703785,8.575446210308385,0,1,6118.464,0.6970523,2,1,false,false,13.438871,5.5913754,9.324879,-1.9659708,3
25.779186,0.622736,49.330419618024926,8.575443734035085,0,1,6126.6006,0.7023791,2,1,false,false,13.883838,5.657721,10.072934,-1.9568613,3
25.862408,0.6228271,49.33041611134606,8.575441395361677,0,1,6137.477,0.70576835,2,1,false,false,13.63189,5.517437,9.730087,-1.9476174,3
25.94627,0.6229184,49.33041251473301,8.575439194183206,0,1,6156.173,0.7060105,2,1,false,false,13.375105,5.5721903,9.157534,-1.9382808,3
26.028778,0.62301004,49.33040891811996,8.5754368555098,0,1,6175.5737,0.7052844,2,1,false,false,12.508492,5.4169803,8.404859,-1.9290414,3
26.108831,0.62310195,49.33040523164131,8.575434654436286,0,1,6196.2515,0.7033478,2,1,false,false,12.766281,5.2806144,9.016964,-1.9199684,3
26.186533,0.6231941,49.33040163502826,8.575432453257816,0,1,6224.844,0.70189464,2,1,false,false,13.22223,5.163205,9.34492,-1.9108629,3
26.263979,0.6232864,49.33039794854961,8.575430252184303,0,1,6257.1177,0.6975366,2,1,false,false,13.857064,5.2457004,9.762829,-1.901574,3
26.3416,0.623379,49.330394262002365,8.575428188605727,0,1,6278.4946,0.6914835,2,1,false,false,13.925134,5.250667,9.766778,-1.8921003,3
26.419783,0.6234718,49.33039057552372,8.57542612502715,0,1,6291.018,0.6849466,2,1,false,false,14.304636,5.299991,9.890413,-1.8824577,3
26.495655,0.6235648,49.33038679904228,8.575424061448572,0,1,6307.9653,0.67671376,2,1,false,false,14.298283,5.0456877,9.834605,-1.8725569,3
26.570263,0.623658,49.33038302262945,8.57542213546989,0,1,6339.0283,0.6694506,2,1,false,false,14.146439,5.1682267,9.960938,-1.8622817,3
26.646202,0.6237515,49.33037924621661,8.575420209491206,0,1,6370.1724,0.66049236,2,1,false,false,14.286183,5.2433567,9.858833,-1.8517691,3
26.723246,0.62384534,49.330375469803776,8.575418283512523,0,1,6383.85,0.65250224,2,1,false,false,14.368501,5.3730583,9.613722,-1.8412293,3
26.802809,0.62393934,49.33037160345675,8.575416495133734,0,1,6386.799,0.64184886,2,1,false,false,14.593938,5.5034714,9.737642,-1.8307806,3
26.882105,0.6240337,49.33036773710972,8.575414706649987,0,1,6390.516,0.6387018,2,1,false,false,14.651728,5.458996,9.808491,-1.8204798,3
26.960348,0.6241282,49.33036387076269,8.575413055871092,0,1,6402.0127,0.63749075,2,1,false,false,14.9627905,5.4164166,10.117147,-1.8103327,3
27.036125,0.624223,49.33036000441566,8.575411267387345,0,1,6416.4746,0.6343435,2,1,false,false,15.774952,5.2782674,10.6805725,-1.8003169,3
27.109491,0.62431806,49.33035604813444,8.575409754103386,0,1,6429.27,0.630953,2,1,false,false,16.449812,5.1633162,11.067983,-1.7903118,3
27.182085,0.62441325,49.33035218178741,8.575408103324492,0,1,6443.999,0.62369007,2,1,false,false,15.602458,5.154661,10.075135,-1.7801992,3
27.25573,0.62450886,49.330348225574795,8.575406590040531,0,1,6465.8276,0.6149739,2,1,false,false,13.951199,5.1920314,8.738047,-1.7701057,3
27.329285,0.62460476,49.330344179359386,8.575405214356467,0,1,6493.0903,0.60577315,2,1,false,false,13.511917,5.1195116,8.440941,-1.7602959,3
27.400438,0.624701,49.33034022307817,8.575403701072506,0,1,6519.7446,0.6064998,2,1,false,false,14.990461,5.0278215,9.981943,-1.7507416,3
27.471718,0.62479746,49.330336176931354,8.575402462883378,0,1,6537.9688,0.60940504,2,1,false,false,15.350885,5.120278,10.212833,-1.7411866,3
27.54554,0.62489414,49.33033213078454,8.575401087199312,0,1,6545.552,0.60698307,2,1,false,false,15.431138,5.3275814,10.279307,-1.7316097,3
27.619968,0.62499106,49.33032808456913,8.575399849010182,0,1,6547.555,0.60068864,2,1,false,false,15.228036,5.194611,10.009274,-1.722089,3
27.689623,0.6250882,49.330324038422326,8.575398610926012,0,1,6559.5884,0.5905196,2,1,false,false,14.67895,4.6945024,9.208446,-1.7125638,3
27.7544,0.62518567,49.33031999220691,8.575397510336776,0,1,6603.393,0.5774453,2,1,false,false,14.108125,4.8271623,8.807662,-1.7028306,3
27.823206,0.6252837,49.33031585612591,8.57539640974754,0,1,6655.248,0.5648555,2,1,false,false,14.364118,4.977658,9.266492,-1.6930802,3
27.89357,0.62538195,49.33031172004491,8.575395446758199,0,1,6667.517,0.55299115,2,1,false,false,14.461599,5.105066,9.578701,-1.6835177,3
27.967808,0.6254805,49.33030758396391,8.575394483768857,0,1,6656.3945,0.5442749,2,1,false,false,14.608973,5.3310947,9.759153,-1.6741065,3
28.042768,0.6255793,49.330303447882905,8.575393520779516,0,1,6656.4546,0.5321695,2,1,false,false,14.793045,5.2691603,9.841966,-1.6647316,3
28.11454,0.6256783,49.3302993118019,8.575392695390068,0,1,6673.1514,0.52151567,2,1,false,false,14.960371,5.053406,9.946835,-1.6553633,3
28.182936,0.6257776,49.33029508578671,8.57539187000062,0,1,6695.1113,0.50941026,2,1,false,false,14.946003,4.8975415,9.863881,-1.6459936,3
28.25119,0.6258772,49.330290859771516,8.575391044506215,0,1,6716.2603,0.49730372,2,1,false,false,14.766771,4.9258914,9.493793,-1.6366205,3
28.319609,0.62597764,49.33028672369051,8.575390356716662,0,1,6734.9424,0.48713493,2,1,false,false,14.771147,4.97328,9.62807,-1.6272724,3
28.388376,0.62607825,49.33028249767532,8.575389668822151,0,1,6751.2207,0.47866073,2,1,false,false,15.023223,5.002791,9.986343,-1.617945,3
28.45756,0.6261791,49.330278181760235,8.575389118527532,0,1,6764.301,0.47115558,2,1,false,false,15.114063,5.0458727,10.027887,-1.608626,3
28.527727,0.6262802,49.33027395577934,8.575388568232915,0,1,6774.15,0.46437573,2,1,false,false,15.096768,5.114305,9.94354,-1.5993596,3
28.598886,0.6263816,49.33026972976415,8.57538815553819,0,1,6781.3667,0.45880774,2,1,false,false,14.914965,5.1306405,9.75599,-1.5902321,3
28.669127,0.62648326,49.33026541384906,8.575387742843468,0,1,6789.5273,0.4532387,2,1,false,false,14.887579,5.067715,9.636493,-1.5812916,3
28.73813,0.6265858,49.33026109793398,8.575387330148743,0,1,6803.552,0.44984847,2,1,false,false,15.3166275,4.975118,10.177123,-1.5724876,3
28.805613,0.62668884,49.33025678201889,8.575387054948955,0,1,6820.209,0.44694334,2,1,false,false,15.65766,4.924327,10.402606,-1.5637149,3
28.872873,0.6267922,49.33025246606951,8.575386779854126,0,1,6834.2725,0.442101,2,1,false,false,15.498632,4.9274178,10.024392,-1.5549337,3
28.940987,0.6268958,49.330248150154425,8.575386642254232,0,1,6845.8833,0.43508032,2,1,false,false,14.87321,4.9441376,9.4207945,-1.5461926,3
29.00962,0.62699956,49.33024383423934,8.575386504759296,0,1,6859.4175,0.42660525,2,1,false,false,14.336885,4.9268703,9.270488,-1.5375891,3
29.07762,0.6271037,49.33023942842436,8.575386367159402,0,1,6877.4185,0.4171635,2,1,false,false,14.3854065,4.8745675,9.434883,-1.5291499,3
29.146044,0.62720805,49.33023511250928,8.575386367159402,0,1,6894.93,0.40723658,2,1,false,false,14.586144,4.97902,9.963543,-1.5208592,3
29.215511,0.6273127,49.330230706660004,8.575386367159402,0,1,6902.829,0.39779383,2,1,false,false,14.760134,5.0220294,9.889409,-1.5127704,3
29.285694,0.6274176,49.33022630081073,8.575386504759296,0,1,6904.603,0.3885936,2,1,false,false,14.402527,5.0007677,9.457435,-1.5048988,3
29.35509,0.62752277,49.330221984895644,8.575386642254232,0,1,6913.1562,0.37479317,2,1,false,false,13.674839,4.843714,8.895809,-1.4972174,3
29.422861,0.6276282,49.33021757908067,8.57538691745402,0,1,6936.324,0.36341318,2,1,false,false,13.280607,4.740492,8.984451,-1.4896835,3
29.4891,0.6277338,49.33021317323139,8.575387192548849,0,1,6965.169,0.3479176,2,1,false,false,13.356584,4.6805677,9.383734,-1.482255,3
29.55662,0.6278398,49.330208677482226,8.575387467748637,0,1,6985.9927,0.33460093,2,1,false,false,13.198702,4.799516,9.283975,-1.4749359,3
29.625387,0.6279458,49.33020427166725,8.575387880443362,0,1,6996.866,0.32031643,2,1,false,false,13.413177,4.8302197,9.633926,-1.4677479,3
29.694506,0.62805206,49.330199865817974,8.575388293138085,0,1,7005.4585,0.30699974,2,1,false,false,13.297535,4.807134,9.674702,-1.4606105,3
29.763115,0.62815857,49.3301953700688,8.57538870583281,0,1,7020.133,0.29271513,2,1,false,false,13.113816,4.7498264,9.567417,-1.4534585,3
29.831802,0.6282654,49.33019096425383,8.575389256127426,0,1,7040.653,0.27600932,2,1,false,false,13.09168,4.8208594,9.637904,-1.4462793,3
29.901136,0.6283724,49.33018646850466,8.575389806422045,0,1,7055.9766,0.26051372,2,1,false,false,12.947209,4.808421,9.577367,-1.4391638,3
29.971992,0.6284797,49.33018206265538,8.575390494211598,0,1,7063.7,0.24526137,2,1,false,false,12.871134,4.971613,9.595374,-1.4321853,3
30.045362,0.62858725,49.330177566906215,8.57539118210611,0,1,7067.3916,0.23267049,2,1,false,false,12.903025,5.039391,9.910305,-1.4254236,3
30.119156,0.62869495,49.33017307115705,8.57539187000062,0,1,7067.877,0.22347023,2,1,false,false,12.819936,5.0441895,10.140799,-1.4189643,3
30.19276,0.62880296,49.33016857540788,8.575392695390068,0,1,7070.512,0.2164492,2,1,false,false,12.955554,4.995995,10.437686,-1.4128027,3
30.265308,0.6289113,49.330164079658715,8.575393520779516,0,1,7078.634,0.21233332,2,1,false,false,12.930087,4.8985643,10.413405,-1.4068738,3
30.33683,0.62901986,49.33015958390955,8.575394483768857,0,1,7091.4785,0.208702,2,1,false,false,12.695957,4.8324614,10.187652,-1.4011315,3
30.40828,0.62912875,49.33015508816038,8.575395446758199,0,1,7106.235,0.20628035,2,1,false,false,12.685679,4.851271,10.251165,-1.3955611,3
30.480326,0.6292379,49.330150592411215,8.57539640974754,0,1,7117.461,0.2050698,2,1,false,false,12.541039,4.8539243,10.318385,-1.3901769,3
30.554337,0.6293472,49.330146006762156,8.575397510336776,0,1,7123.0073,0.2028911,2,1,false,false,11.673933,4.957655,9.542302,-1.3850478,3
30.629864,0.6294569,49.33014151101298,8.575398610926012,0,1,7125.7354,0.20192254,2,1,false,false,11.144854,4.958812,9.210445,-1.3803189,3
30.703905,0.6295668,49.330137015263816,8.575399711515248,0,1,6856.838,0.2038596,2,1,false,false,10.795375,4.590021,9.283243,-1.3760383,3
30.7348,0.629677,49.33013242958046,8.575400811999524,0,1,6631.6064,0.20797549,0,1,false,false,11.210732,0.138073,9.494079,-1.3722129,3
30.717228,0.62978727,49.33012793383129,8.575402050188654,0,1,6502.95,0.21427,3,1,false,false,11.230916,-0.7464547,10.474965,-1.3689147,3
30.77176,0.62989753,49.330123348182234,8.57540342587272,0,1,5875.8735,0.21911238,3,1,false,false,10.613974,6.1788464,11.556616,-1.3658048,3
30.881363,0.63000816,49.33011885243307,8.575404664061848,0,1,5623.0723,0.22008093,3,1,false,false,9.551593,6.7493567,10.2879925,-1.3621894,3
30.970396,0.6301192,49.33011426674971,8.575406039745914,0,1,5691.047,0.21669163,3,1,false,false,8.893041,4.5622663,9.566685,-1.3580205,3
31.03092,0.63023055,49.33010977100054,8.575407415429979,0,1,5813.6353,0.21233334,3,1,false,false,8.684652,3.7233968,9.619237,-1.353772,3
31.098358,0.6303421,49.33010518535148,8.575408928713939,0,1,5830.341,0.20821749,3,1,false,false,8.564425,4.6850805,9.984454,-1.3497252,3
31.180237,0.63045406,49.33010059966812,8.575410304398003,0,1,5783.5137,0.2067649,3,1,false,false,8.366926,5.3071203,9.726424,-1.3458692,3
31.26366,0.63056636,49.33009601401906,8.575411817681962,0,1,5761.316,0.20773342,3,1,false,false,8.342448,5.0569253,10.12165,-1.3421515,3
31.34001,0.63067895,49.330091428370004,8.575413468565817,0,1,5780.2974,0.2113648,3,1,false,false,8.37797,4.611388,10.716999,-1.3385679,3
31.412138,0.63079196,49.33008684268665,8.575414981849775,0,1,5807.911,0.21523859,3,1,false,false,8.415261,4.4866915,10.913249,-1.3350977,3
31.48484,0.63090515,49.33008225703759,8.57541663262867,0,1,5822.299,0.2191124,3,1,false,false,8.125078,4.5866537,10.363645,-1.331685,3
31.559183,0.6310187,49.33007767135423,8.575418283512523,0,1,5829.165,0.2225026,3,1,false,false,7.6811337,4.616692,9.741862,-1.3283018,3
31.633347,0.63113254,49.33007308570517,8.575419934396377,0,1,5841.9556,0.22661845,3,1,false,false,7.710859,4.6100173,10.142385,-1.3249061,3
31.707523,0.6312468,49.33006841012192,8.575421585175272,0,1,5858.851,0.23218733,3,1,false,false,7.480027,4.6052523,10.133441,-1.3214726,3
31.782263,0.63136137,49.33006382443856,8.575423373659019,0,1,5869.452,0.23823941,3,1,false,false,7.400187,4.6391644,10.255044,-1.3180614,3
31.857046,0.6314763,49.3300592387895,8.575425162037808,0,1,5875.026,0.2445349,3,1,false,false,7.3974476,4.5928164,10.341891,-1.3146722,3
31.929903,0.63159144,49.330054563206254,8.575426950416597,0,1,5887.076,0.24986129,3,1,false,false,7.276478,4.4318852,10.211686,-1.3112285,3
32.001816,0.63170695,49.330049977557195,8.57542887639528,0,1,5911.748,0.25518817,3,1,false,false,7.311863,4.4383616,10.101498,-1.3076507,3
32.073322,0.6318227,49.330045301973946,8.575430664879027,0,1,5932.8477,0.2585774,3,1,false,false,7.1766176,4.426923,9.963713,-1.3039484,3
32.14563,0.631939,49.33004062639069,8.57543259085771,0,1,5944.7983,0.26099825,3,1,false,false,7.12861,4.505454,9.9692745,-1.3001491,3
32.21949,0.6320555,49.33003604074163,8.575434516836394,0,1,5955.5205,0.2617247,3,1,false,false,7.1592994,4.5692835,9.9775,-1.2962599,3
32.293266,0.63217235,49.33003136515838,8.57543658041497,0,1,5965.575,0.26172474,3,1,false,false,7.292434,4.5564575,10.318017,-1.2923237,3
32.36669,0.63228947,49.330026689575135,8.575438506393652,0,1,5974.7925,0.26099822,3,1,false,false,7.450342,4.5291257,10.473361,-1.2883557,3
32.43943,0.6324069,49.330022013991886,8.57544056997223,0,1,5986.168,0.25954604,3,1,false,false,7.354025,4.4886775,10.122607,-1.2843528,3
32.51149,0.6325247,49.33001733840863,8.57544263344585,0,1,6000.728,0.2578509,3,1,false,false,7.479035,4.438005,10.25423,-1.2803426,3
32.5827,0.632643,49.33001266282538,8.575444697024425,0,1,6015.7637,0.25615576,3,1,false,false,7.429836,4.4196334,10.167175,-1.2763189,3
32.654007,0.6327615,49.33000798724213,8.575446898202896,0,1,6030.5693,0.25373504,3,1,false,false,7.362674,4.4325476,10.117214,-1.2722942,3
32.726017,0.6328803,49.330003311658885,8.57544909927641,0,1,6043.3716,0.251798,3,1,false,false,7.4642534,4.468766,10.54327,-1.2683009,3
32.79756,0.63299936,49.329998546175744,8.57545130045488,0,1,6052.2095,0.24913469,3,1,false,false,7.627323,4.441656,10.688789,-1.2643454,3
32.868816,0.63311875,49.32999387059249,8.575453501528393,0,1,6063.6987,0.24526143,3,1,false,false,7.593267,4.4311485,10.522131,-1.2603815,3
32.9398,0.63323855,49.32998919502639,8.575455702706863,0,1,6078.189,0.24066105,3,1,false,false,7.572164,4.399234,10.436272,-1.2564186,3
33.00996,0.6333587,49.3299844295261,8.575458041380271,0,1,6091.477,0.2365452,3,1,false,false,7.548076,4.3928986,10.325903,-1.2524794,3
33.080563,0.6334791,49.32997975394285,8.575460380053677,0,1,6104.9385,0.23339702,3,1,false,false,7.38697,4.418992,10.315331,-1.2485601,3
33.1517,0.6335999,49.32997507837675,8.575462718727085,0,1,6115.8433,0.23121835,3,1,false,false,7.3316565,4.4580045,10.277784,-1.2447017,3
33.2228,0.6337208,49.32997031287646,8.575465195000385,0,1,6123.911,0.23073427,3,1,false,false,7.3480206,4.4271307,10.257172,-1.240939,3
33.29314,0.63384205,49.329965637293206,8.57546753377875,0,1,6134.114,0.23170282,3,1,false,false,7.397362,4.3761973,10.499984,-1.2372525,3
33.362587,0.6339634,49.329960871810066,8.575470010052051,0,1,6149.26,0.23315498,3,1,false,false,7.4406934,4.321069,10.563451,-1.2335888,3
33.431343,0.634085,49.32995610630977,8.575472486325351,0,1,6165.471,0.23460805,3,1,false,false,7.4801993,4.3051014,10.687894,-1.2299032,3
33.500072,0.63420683,49.329951430726524,8.575475100093588,0,1,6179.801,0.23557663,3,1,false,false,7.54382,4.3042135,10.616549,-1.2261698,3
33.568924,0.63432896,49.32994666522623,8.575477576366888,0,1,6193.104,0.2360607,3,1,false,false,7.5002236,4.319055,10.30489,-1.2223723,3
33.63826,0.6344513,49.32994189974309,8.575480190240084,0,1,6205.7046,0.23654519,3,1,false,false,7.4814954,4.3574963,10.375668,-1.2185252,3
33.707554,0.6345741,49.329937134242805,8.575482804113278,0,1,6215.6943,0.23799737,3,1,false,false,7.581705,4.3590536,10.590813,-1.214668,3
33.77724,0.63469714,49.32993245865955,8.575485417881515,0,1,6224.3057,0.23993447,3,1,false,false,7.673896,4.38386,10.712369,-1.2108179,3
33.846695,0.63482046,49.32992769317641,8.575488169354603,0,1,6231.8345,0.24162868,3,1,false,false,7.663181,4.3465934,10.623078,-1.2069975,3
33.915066,0.634944,49.329922927676115,8.575490920722734,0,1,6241.233,0.24283978,3,1,false,false,7.766827,4.2970304,10.720525,-1.2032164,3
33.982437,0.63506776,49.329918162192975,8.575493672090865,0,1,6255.52,0.24356626,3,1,false,false,7.942593,4.237247,10.945497,-1.1994305,3
34.049465,0.6351918,49.32991339669269,8.575496423563953,0,1,6270.4175,0.24332382,3,1,false,false,7.925158,4.235245,10.749137,-1.1956065,3
34.116604,0.6353162,49.329908631192396,8.575499312531978,0,1,6281.6895,0.24187073,3,1,false,false,7.776908,4.258278,10.80753,-1.1917645,3
34.183594,0.6354407,49.329903865709255,8.575502063900108,0,1,6291.651,0.24017653,3,1,false,false,7.683894,4.2411275,10.5279875,-1.1879272,3
34.2505,0.6355655,49.32989910020896,8.575504952868132,0,1,6304.8613,0.23896596,3,1,false,false,7.6888337,4.254153,10.557678,-1.1841003,3
34.317184,0.6356905,49.32989433470867,8.57550797943605,0,1,6317.762,0.23920797,3,1,false,false,7.660525,4.2272344,10.554562,-1.1803088,3
34.38345,0.6358158,49.32988956922553,8.575510868404075,0,1,6327.684,0.24041906,3,1,false,false,7.58823,4.194368,10.34723,-1.176571,3
34.449467,0.6359414,49.329884803725236,8.575513894971994,0,1,6339.361,0.24308175,3,1,false,false,7.5811644,4.1778407,10.527785,-1.1728679,3
34.514484,0.6360671,49.32988003822494,8.575516921539911,0,1,6353.9204,0.24574547,3,1,false,false,7.8746085,4.1126866,10.881419,-1.1691657,3
34.579037,0.6361931,49.3298752727418,8.57551994810783,0,1,6370.4995,0.24937725,3,1,false,false,7.8550963,4.1246314,10.616572,-1.1653858,3
34.64349,0.6363192,49.329870507241516,8.575523112275643,0,1,6384.782,0.25107145,3,1,false,false,7.817865,4.107217,10.516603,-1.1615219,3
34.708088,0.6364457,49.32986574175837,8.575526138738603,0,1,6396.9116,0.2520399,3,1,false,false,7.9406075,4.1498694,10.810784,-1.1575785,3
34.773094,0.63657236,49.32986088634104,8.575529302906416,0,1,6408.122,0.25228208,3,1,false,false,7.936393,4.1490197,10.436169,-1.1535543,3
34.83887,0.63669926,49.329856120840745,8.575532604569164,0,1,6417.9893,0.25179794,3,1,false,false,7.8523307,4.2133074,10.0035305,-1.1495041,3
34.904255,0.6368264,49.329851355357604,8.575535768736977,0,1,6424.064,0.25325063,3,1,false,false,7.5008574,4.178584,9.557002,-1.14553,3
34.968956,0.6369537,49.32984658985731,8.575539070399724,0,1,6432.3955,0.25421956,3,1,false,false,7.7375855,4.1076336,10.39338,-1.1416599,3
35.03262,0.6370813,49.329841824365595,8.575542372062474,0,1,6446.494,0.2580929,3,1,false,false,8.197423,4.0861397,11.101945,-1.1378042,3
35.095276,0.6372091,49.32983705887388,8.57554567383018,0,1,6460.316,0.25930405,3,1,false,false,8.249661,3.9917371,10.813966,-1.1338899,3
35.156483,0.6373372,49.32983220346512,8.575548975492927,0,1,6475.1357,0.25881943,3,1,false,false,8.264717,3.91728,10.804952,-1.1298469,3
35.216984,0.6374655,49.32982743797341,8.57555241475557,0,1,6496.7993,0.25494567,3,1,false,false,8.051352,3.9752693,10.034301,-1.1255985,3
35.279465,0.6375939,49.329822672473114,8.575555854018212,0,1,6516.6807,0.2530086,3,1,false,false,8.159831,4.0874214,10.399544,-1.1212248,3
35.343983,0.6377226,49.3298179069814,8.575559293280854,0,1,6519.3047,0.24986124,3,1,false,false,8.060849,4.19592,10.039487,-1.1168684,3
35.40942,0.6378516,49.32981314148968,8.57556287014339,0,1,6513.775,0.24913476,3,1,false,false,8.227383,4.2446675,10.71505,-1.1126401,3
35.474335,0.6379808,49.329808286080926,8.575566446900968,0,1,6516.4463,0.24671306,3,1,false,false,8.533638,4.1461167,10.911411,-1.1085098,3
35.535778,0.6381103,49.32980352058063,8.575570023763504,0,1,6527.521,0.24501891,3,1,false,false,8.80545,3.9123135,10.845723,-1.1044316,3
35.59606,0.63824,49.329798755088916,8.57557360062604,0,1,6546.4604,0.24235521,3,1,false,false,8.937065,3.9320788,10.922617,-1.1003023,3
35.655384,0.6383699,49.3297939895972,8.575577177383618,0,1,6563.4067,0.23920792,3,1,false,false,8.307859,3.8991497,9.939366,-1.0961128,3
35.71697,0.6385001,49.32978922410548,8.575580891846048,0,1,6575.875,0.23509212,3,1,false,false,7.925249,4.052956,9.743784,-1.0919515,3
35.779064,0.6386305,49.32978445860519,8.57558460620352,0,1,6582.1963,0.23339698,3,1,false,false,7.8797073,4.0718956,9.890449,-1.0879463,3
35.84099,0.6387612,49.32977969311347,8.57558832066595,0,1,6587.111,0.23339702,3,1,false,false,8.598048,4.024566,10.879792,-1.0840942,3
35.902092,0.6388921,49.329774927621756,8.575592172623317,0,1,6596.0454,0.23533413,3,1,false,false,8.589395,3.9701602,10.527472,-1.0802677,3
35.96076,0.63902324,49.329770162125754,8.575596024580683,0,1,6609.592,0.23485011,3,1,false,false,8.253281,3.8190143,10.023411,-1.076429,3
36.01799,0.6391547,49.32976539663404,8.57559987653805,0,1,6631.851,0.23412359,3,1,false,false,8.31191,3.7445788,10.118961,-1.0725049,3
36.075497,0.63928646,49.329760631138036,8.575603728495414,0,1,6654.928,0.23267052,3,1,false,false,8.178258,3.8873975,9.915246,-1.0684378,3
36.13655,0.63941836,49.32975586564203,8.575607580557739,0,1,6664.4307,0.22879665,3,1,false,false,8.185944,4.021594,10.144131,-1.0643514,3
36.198124,0.6395505,49.32975110015032,8.575611570010041,0,1,6659.108,0.22371227,3,1,false,false,8.098572,4.052366,9.783057,-1.0603585,3
36.259613,0.63968295,49.32974633465431,8.575615559567302,0,1,6662.102,0.21523854,3,1,false,false,8.0561075,4.0272064,9.932299,-1.0564624,3
36.319378,0.6398156,49.32974156916259,8.575619686724455,0,1,6676.263,0.20168,3,1,false,false,7.788888,3.8925982,9.614876,-1.0526694,3
36.377106,0.6399488,49.32973680366874,8.575623676281715,0,1,6690.3696,0.18400607,3,1,false,false,7.6323986,3.7657583,9.716774,-1.0490395,3
36.435127,0.6400821,49.329732038174875,8.57562780333391,0,1,6705.297,0.16148975,3,1,false,false,7.459969,3.8534136,10.210215,-1.0455321,3
36.49296,0.64021564,49.32972727268101,8.575631930491065,0,1,6719.5737,0.1307404,3,1,false,false,6.9308558,3.801684,9.898222,-1.042134,3
36.551495,0.6403493,49.329722507186084,8.575636057648218,0,1,6732.769,0.09345494,3,1,false,false,6.4844184,3.8387303,10.074513,-1.0389119,3
36.60999,0.64048344,49.32971783160712,8.575640184700415,0,1,6745.264,0.051328056,3,1,false,false,5.8996234,3.866036,10.164153,-1.0359316,3
36.6701,0.6406179,49.32971306611326,8.575644449457462,0,1,6757.3105,0.0026636776,3,1,false,false,5.1517754,3.9672613,9.698304,-1.0332814,3
36.73162,0.6407527,49.32970830061913,8.575648714109551,0,1,6762.2,-0.053022712,3,1,false,false,4.3650455,4.004435,9.710662,-1.0311376,3
36.79364,0.64088756,49.329703535125006,8.575652841161748,0,1,6762.0273,-0.10313925,3,1,false,false,3.6010158,4.0079145,9.9554205,-1.0296401,3
36.856133,0.64102274,49.32969876963114,8.575657105918795,0,1,6766.586,-0.1542248,3,1,false,false,2.7472801,4.024371,9.9767475,-1.0288464,3
36.917446,0.64115834,49.32969400413675,8.575661508170779,0,1,6773.4434,-0.19925651,3,1,false,false,1.7696568,3.8705506,9.504382,-1.0288265,3
36.976444,0.64129436,49.329689238642885,8.57566577282287,0,1,6783.4287,-0.2338787,3,1,false,false,0.7369712,3.7177424,9.279509,-1.0295981,3
37.03456,0.6414306,49.32968447314902,8.575670037474959,0,1,6803.248,-0.2617215,3,1,false,false,-0.16484612,3.6865115,9.237305,-1.0310916,3
37.092503,0.64156705,49.32967970765517,8.575674439726942,0,1,6822.9697,-0.28109005,3,1,false,false,-0.9179235,3.698198,9.518287,-1.0332376,3
37.150528,0.6417037,49.329674852246406,8.57567870448399,0,1,6834.58,-0.29077387,3,1,false,false,-1.5339156,3.665696,9.273217,-1.0359724,3
37.208515,0.64184123,49.32967008675255,8.57568296913608,0,1,6846.625,-0.29464805,3,1,false,false,-2.2936227,3.6676047,9.396287,-1.0392019,3
37.265812,0.64197934,49.32966523134379,8.575687371388064,0,1,6864.2725,-0.2948897,3,1,false,false,-3.1145566,3.5991583,9.6380005,-1.0428474,3
37.323708,0.6421177,49.32966046584779,8.575691636040153,0,1,6881.715,-0.29319504,3,1,false,false,-3.3809826,3.721432,9.079207,-1.0468379,3
37.38195,0.64225614,49.329655610439026,8.575695900797202,0,1,6890.2686,-0.29004827,3,1,false,false,-3.795982,3.6892588,8.531852,-1.0510151,3
37.440315,0.6423949,49.32965075503027,8.575700303049185,0,1,6895.3994,-0.28835273,3,1,false,false,-4.4855995,3.7036116,8.732489,-1.0552875,3
37.499172,0.6425338,49.32964589962151,8.575704567701274,0,1,6905.17,-0.28907916,3,1,false,false,-5.0916133,3.7693133,9.205629,-1.0596436,3
37.55729,0.6426728,49.32964104421276,8.575708832353364,0,1,6911.88,-0.29149944,3,1,false,false,-5.677982,3.6348615,9.1943035,-1.0640156,3
37.61249,0.6428121,49.32963609888696,8.575713097110413,0,1,6919.7925,-0.2963419,3,1,false,false,-6.0598717,3.4892313,8.943383,-1.068408,3
37.66589,0.6429514,49.32963124348249,8.575717361762502,0,1,6942.0903,-0.30166835,3,1,false,false,-6.709735,3.4224198,9.484961,-1.0729027,3
37.718666,0.6430911,49.32962629815668,8.575721626414591,0,1,6967.772,-0.30699474,3,1,false,false,-7.364261,3.4460442,9.695602,-1.0775793,3
37.77242,0.6432307,49.329621352830884,8.57572589117164,0,1,6980.5273,-0.31086886,3,1,false,false,-7.646236,3.5557387,9.196447,-1.0824472,3
37.8275,0.64337045,49.329616407505085,8.575730018223835,0,1,6983.635,-0.3132901,3,1,false,false,-7.83036,3.6056042,8.741802,-1.0874432,3
37.88361,0.6435104,49.32961146218786,8.575734282980884,0,1,6988.9775,-0.31498477,3,1,false,false,-7.9581337,3.7010574,8.530653,-1.0924973,3
37.93966,0.6436506,49.32960642694502,8.575738410033079,0,1,6994.785,-0.3169219,3,1,false,false,-8.289911,3.6507938,8.6575365,-1.0974823,3
37.99461,0.64379096,49.32960148161922,8.575742537190234,0,1,6997.106,-0.3200687,3,1,false,false,-8.797225,3.5777988,9.223871,-1.1023319,3
38.047432,0.6439314,49.32959644638496,8.575746664242429,0,1,7003.835,-0.32370043,3,1,false,false,-8.974624,3.4369388,8.954635,-1.1071241,3
38.097794,0.644072,49.32959141114212,8.57575065379969,0,1,7022.2026,-0.32587916,3,1,false,false,-8.955897,3.2551396,8.609929,-1.111956,3
38.14588,0.64421284,49.329586285990814,8.575754780956842,0,1,7047.5913,-0.32781628,3,1,false,false,-9.35662,3.2127008,8.893163,-1.1169155,3
38.19427,0.6443538,49.32958125074797,8.575758770514103,0,1,7070.0713,-0.32854196,3,1,false,false,-9.597635,3.2931144,8.938338,-1.1221054,3
38.24508,0.64449495,49.32957612559667,8.575762760071363,0,1,7081.013,-0.3280579,3,1,false,false,-9.833408,3.4555871,9.141372,-1.1274916,3
38.296673,0.6446363,49.329571000445355,8.575766749628622,0,1,7082.062,-0.32709068,3,1,false,false,-10.305172,3.487305,9.346335,-1.133005,3
38.348797,0.6447777,49.329565875285475,8.575770739080925,0,1,7086.0405,-0.32684827,3,1,false,false,-10.606862,3.5488708,9.401693,-1.1386659,3
38.40112,0.6449194,49.32956075013417,8.575774728638184,0,1,7091.9165,-0.3253952,3,1,false,false,-10.458154,3.5271168,8.8504505,-1.1443576,3
38.452328,0.64506125,49.32955562498286,8.575778580700508,0,1,7094.2373,-0.32442704,3,1,false,false,-10.925356,3.483033,9.397618,-1.1499362,3
38.50306,0.6452033,49.32955040991451,8.575782432657874,0,1,7098.5845,-0.3256376,3,1,false,false,-11.566766,3.4761045,9.830972,-1.1554549,3
38.55295,0.64534557,49.32954519484616,8.57578628461524,0,1,7104.2207,-0.3268482,3,1,false,false,-11.660576,3.4224455,9.26061,-1.1609637,3
38.601578,0.645488,49.32953997977781,8.575789998972713,0,1,7110.6606,-0.32781634,3,1,false,false,-11.100438,3.2968779,8.5412035,-1.1664138,3
38.6489,0.64563054,49.32953476470947,8.575793713435143,0,1,7124.518,-0.32975343,3,1,false,false,-11.063339,3.2844737,8.814903,-1.171796,3
38.69654,0.6457734,49.32952945972408,8.575797427792615,0,1,7141.71,-0.3331427,3,1,false,false,-11.385913,3.3219638,9.065935,-1.1771573,3
38.74458,0.6459164,49.32952415473869,8.575801142255045,0,1,7149.343,-0.3375001,3,1,false,false,-11.482293,3.335293,9.055797,-1.1824781,3
38.791645,0.64605963,49.3295188497533,8.575804856612516,0,1,7152.93,-0.34234244,3,1,false,false,-11.213391,3.2406094,8.350392,-1.1877743,3
38.83782,0.6462029,49.32951354476791,8.575808433475054,0,1,7169.296,-0.34669986,3,1,false,false,-10.701066,3.1874824,7.7207246,-1.193134,3
38.88357,0.64634645,49.32950823978252,8.575812010232632,0,1,7191.6904,-0.35081568,3,1,false,false,-10.828755,3.1573765,8.234623,-1.1984987,3
38.929436,0.6464903,49.32950284488009,8.575815449495273,0,1,7203.8735,-0.35711125,3,1,false,false,-11.42496,3.211916,8.706157,-1.20387,3
38.976135,0.6466343,49.3294975398947,8.57581902635781,0,1,7208.2017,-0.3626802,3,1,false,false,-11.758816,3.2591698,9.006011,-1.2093335,3
39.021606,0.64677846,49.32949214500942,8.575822465620451,0,1,7215.6123,-0.3667959,3,1,false,false,-11.899256,3.1588647,8.6062765,-1.2149733,3
39.065605,0.6469227,49.32948675010699,8.575825904883093,0,1,7232.9067,-0.36897463,3,1,false,false,-11.777027,3.1057537,8.536547,-1.2208602,3
39.11041,0.64706725,49.32948126528752,8.575829344145736,0,1,7250.332,-0.3694587,3,1,false,false,-12.056194,3.1968966,8.596515,-1.2269473,3
39.156628,0.647212,49.32947587038509,8.575832645808484,0,1,7253.2544,-0.36873308,3,1,false,false,-12.197229,3.312627,8.763976,-1.2330997,3
39.204258,0.647357,49.329470385582766,8.57583594757619,0,1,7248.229,-0.36752254,3,1,false,false,-12.830844,3.3625607,8.975732,-1.2392331,3
39.250397,0.6475021,49.32946490076329,8.575839249238939,0,1,7247.6284,-0.36728004,3,1,false,false,-12.722952,3.26349,8.733399,-1.2453743,3
39.295258,0.6476474,49.329459415943816,8.57584241340675,0,1,7257.0986,-0.366311,3,1,false,false,-12.668933,3.1524982,8.570613,-1.2514828,3
39.338367,0.64779294,49.329453931141494,8.575845577469606,0,1,7270.2104,-0.36631098,3,1,false,false,-12.580445,3.066757,8.576259,-1.257545,3
39.38149,0.6479387,49.32944835640498,8.575848741637417,0,1,7280.5586,-0.36631098,3,1,false,false,-12.948628,3.1275506,8.9224205,-1.2635865,3
39.424183,0.64808464,49.32944287160266,8.575851905700272,0,1,7281.3237,-0.36776403,3,1,false,false,-13.597721,3.0647507,8.971425,-1.2696495,3
39.464703,0.64823073,49.329437296866146,8.575854932268191,0,1,7282.1626,-0.37042677,3,1,false,false,-13.442529,2.9477303,9.2033205,-1.2758436,3
39.503403,0.6483769,49.329431722129634,8.575857958836108,0,1,7280.1543,-0.37163737,3,1,false,false,-13.902354,2.8110116,9.593859,-1.2821989,3
39.53951,0.64852345,49.32942605749323,8.575860847804133,0,1,7278.177,-0.37381607,3,1,false,false,-14.110152,2.6940408,9.285215,-1.2887418,3
39.572838,0.6486701,49.32942048275672,8.575863736772158,0,1,7277.591,-0.3762383,3,1,false,false,-14.256938,2.5610385,9.654134,-1.2953501,3
39.60441,0.64881676,49.32941481812031,8.575866625740183,0,1,7277.232,-0.38180614,3,1,false,false,-14.840192,2.4679575,9.715939,-1.3019615,3
39.634567,0.64896363,49.329409153466756,8.575869377213271,0,1,7276.9746,-0.3893114,3,1,false,false,-14.98802,2.4407108,9.72419,-1.3085755,3
39.66396,0.6491106,49.3294034888475,8.575872128581402,0,1,7276.878,-0.39826956,3,1,false,false,-15.402629,2.3972075,9.57016,-1.3151288,3
39.69243,0.64925784,49.32939782419395,8.575874879949533,0,1,7276.5596,-0.41110104,3,1,false,false,-15.055457,2.3298361,9.23189,-1.3215982,3
39.71936,0.64940506,49.32939215954039,8.575877493822727,0,1,7275.963,-0.42926002,3,1,false,false,-15.736335,2.2006001,9.992706,-1.3279443,3
39.744072,0.6495524,49.32938640498694,8.575880107695921,0,1,7275.8086,-0.447418,3,1,false,false,-16.424738,2.0646799,10.625573,-1.334343,3
39.734116,0.6496998,49.32938074033339,8.575882583969221,0,1,7240.932,-0.46969086,0,1,false,false,-16.4067,-0.80266505,9.768839,-1.3408881,3
39.7281,0.64984727,49.32937498577994,8.575885060242523,0,1,6606.0225,-0.4885754,4,1,false,false,-17.020418,3.4651692,11.727246,-1.3474729,3
39.825775,0.6499948,49.329369231226494,8.57588739891593,0,1,5697.5483,-0.5023759,4,1,false,false,-16.565536,6.7911563,10.470979,-1.3550376,3
39.888226,0.6501427,49.32936347667305,8.57588987518923,0,1,5884.109,-0.5115756,4,1,false,false,-16.945398,2.5444894,9.897035,-1.3635672,3
39.90787,0.65029067,49.32935763218541,8.575892076262743,0,1,6056.1895,-0.52053285,4,1,false,false,-17.705315,2.3206291,10.597601,-1.3717244,3
39.951935,0.65043885,49.329351877631964,8.575894277441215,0,1,5917.827,-0.53433347,4,1,false,false,-17.99402,4.0940914,10.849845,-1.3795409,3
40.00647,0.65058726,49.329346033144326,8.575896478619685,0,1,5824.2324,-0.5500696,4,1,false,false,-18.56591,3.7177997,11.277818,-1.3874311,3
40.041584,0.6507358,49.32934018869099,8.575898542093304,0,1,5890.0474,-0.5636275,4,1,false,false,-18.683895,2.5304449,10.495134,-1.3953404,3
40.070988,0.6508844,49.32933434420335,8.575900605671881,0,1,5937.9116,-0.5742805,4,1,false,false,-16.9481,2.7312546,9.14307,-1.4030014,3
40.108387,0.65103316,49.32932849975001,8.575902531650565,0,1,5913.5786,-0.58808017,4,1,false,false,-16.581627,3.1589382,8.928504,-1.4102249,3
40.146908,0.65118223,49.32932256536249,8.575904457629246,0,1,5903.268,-0.60890186,4,1,false,false,-17.401634,3.0101764,9.658692,-1.4172143,3
40.180126,0.6513314,49.32931672087485,8.575906246112995,0,1,5925.7783,-0.6285108,4,1,false,false,-18.514809,2.649287,11.189695,-1.4242178,3
40.207344,0.6514807,49.32931078648732,8.575908034491784,0,1,5944.137,-0.64715296,4,1,false,false,-18.18421,2.344545,10.024538,-1.4316068,3
40.23424,0.65163,49.32930485209979,8.575909685375636,0,1,5967.976,-0.6580484,4,1,false,false,-17.212637,2.455378,9.374783,-1.4396861,3
40.264072,0.6517791,49.329298917712265,8.575911336154531,0,1,5994.652,-0.66507024,4,1,false,false,-17.026262,2.692779,9.171894,-1.4482981,3
40.298737,0.6519281,49.329292983324734,8.575912987038384,0,1,5996.9717,-0.6759636,4,1,false,false,-17.790125,3.096589,10.206569,-1.4572289,3
40.33558,0.6520773,49.3292870489372,8.57591436272245,0,1,5975.1147,-0.6909748,4,1,false,false,-18.696775,3.0821624,10.50034,-1.4663199,3
40.36671,0.6522265,49.32928102461548,8.575915876006409,0,1,5965.097,-0.7113117,4,1,false,false,-20.748207,2.6932254,11.712351,-1.475547,3
40.393414,0.65237576,49.32927509022795,8.575917251690473,0,1,5984.934,-0.734311,4,1,false,false,-18.519945,2.5230794,9.785036,-1.4851053,3
40.418377,0.65252477,49.32926906594054,8.575918489879603,0,1,6010.128,-0.747869,4,1,false,false,-18.219786,2.4754794,9.181968,-1.4945766,3
40.44548,0.65267384,49.329263041618816,8.575919727963775,0,1,6018.893,-0.7706271,4,1,false,false,-18.372972,2.7272265,9.266779,-1.5037712,3
40.475998,0.6528229,49.32925701733139,8.575920828553011,0,1,6017.061,-0.7926572,4,1,false,false,-17.288006,3.0185113,8.752748,-1.5126249,3
40.506794,0.65297216,49.32925099300967,8.575921929142245,0,1,6018.0117,-0.81977266,4,1,false,false,-16.913027,2.6655903,8.3241825,-1.5209734,3
40.533764,0.6531212,49.32924496872225,8.575923029626523,0,1,6034.1157,-0.85173017,4,1,false,false,-16.74005,2.6800084,8.494516,-1.5290307,3
40.557808,0.6532702,49.32923894440054,8.575923992720822,0,1,6054.2,-0.90523493,4,1,false,false,-19.949913,2.4739008,10.763085,-1.5371222,3
40.576702,0.65341926,49.329232920113114,8.57592481811027,0,1,6054.2085,-0.9384022,4,1,false,false,-21.62576,2.149959,11.9512,-1.5459117,3
40.587563,0.6535683,49.3292268058915,8.575925643499717,0,1,6070.2173,-0.9674539,4,1,false,false,-22.533436,1.846273,12.024976,-1.5559173,3
40.597157,0.65371746,49.32922078160408,8.57592633139423,0,1,6111.551,-0.96236974,4,1,false,false,-19.306568,1.7552881,9.698922,-1.5670211,3
40.60084,0.65386635,49.329214667382466,8.575927019183784,0,1,6153.636,-0.94687665,4,1,false,false,-19.261763,1.6662841,9.179655,-1.5784721,3
40.61687,0.6540152,49.329208643060745,8.5759275694784,0,1,6188.136,-0.95389676,4,1,false,false,-18.507246,2.7050455,8.630565,-1.5898075,3
40.646023,0.65416414,49.32920252883914,8.575927982173125,0,1,6162.7607,-0.9679389,4,1,false,false,-22.532976,3.8093085,11.344846,-1.6006129,3
40.67664,0.65431315,49.32919641461753,8.575928394972806,0,1,6067.031,-0.9916649,4,1,false,false,-23.561872,3.6144445,13.346556,-1.6113358,3
40.69711,0.65446216,49.329190390330105,8.57592880766753,0,1,6021.51,-0.9887594,4,1,false,false,-21.190622,2.0982442,11.056502,-1.621961,3
40.689247,0.6546112,49.32918427610849,8.57592908276236,0,1,6108.92,-0.9776226,4,1,false,false,-20.131752,0.6967716,9.274308,-1.6321802,3
40.677597,0.65476006,49.32917816188688,8.575929220362253,0,1,6233.98,-0.96987605,4,1,false,false,-19.901453,1.7012252,9.461263,-1.6421858,3
40.713875,0.654909,49.32917204766527,8.575929220362253,0,1,6209.885,-0.9725388,4,1,false,false,-19.570274,3.9998019,9.240358,-1.6515164,3
40.742413,0.655058,49.32916593344366,8.575929220362253,0,1,6053.015,-0.9870648,4,1,false,false,-18.114647,2.767174,9.251209,-1.66001,3
40.753773,0.6552071,49.32915981922205,8.575929220362253,0,1,6091.759,-0.9991688,4,1,false,false,-22.158798,1.9960666,12.462643,-1.6685517,3
40.75355,0.6553561,49.32915370500044,8.57592908276236,0,1,6213.6807,-1.0083686,4,1,false,false,-21.25541,1.2216955,10.200864,-1.6773756,3
40.750347,0.65550506,49.329147680713014,8.57592880766753,0,1,6199.786,-1.0144219,4,1,false,false,-21.167688,2.096409,10.799796,-1.6866874,3
40.7726,0.6556542,49.3291415664914,8.575928532467742,0,1,6172.6143,-1.0081275,4,1,false,false,-18.764381,3.0966032,9.068209,-1.6965665,3
40.7913,0.6558033,49.32913545226979,8.57592811977302,0,1,6164.069,-1.0042531,4,1,false,false,-23.542715,2.4205441,13.184633,-1.7066453,3
40.802086,0.65595245,49.32912933808248,8.575927707078295,0,1,6143.214,-1.0003798,4,1,false,false,-22.040686,3.139418,11.35781,-1.7166265,3
40.82032,0.6561017,49.32912322386087,8.575927156783678,0,1,6118.369,-0.9863384,4,1,false,false,-26.687649,2.8201804,14.194091,-1.725874,3
40.820904,0.6562509,49.329117109639256,8.575926468889165,0,1,6081.783,-0.9817385,4,1,false,false,-23.621798,2.1975214,13.198636,-1.7351289,3
40.837215,0.6564002,49.32911099541764,8.575925781099611,0,1,6119.657,-0.95147634,4,1,false,false,-23.285454,3.5837588,12.32863,-1.7442546,3
40.84985,0.6565497,49.32910488119603,8.57592481811027,0,1,6080.3657,-0.93719167,4,1,false,false,-28.386164,2.5999799,15.565215,-1.752407,3
40.864864,0.6566991,49.329098856908615,8.575923992720822,0,1,6011.7637,-0.92944413,4,1,false,false,-23.939032,3.0873427,13.059505,-1.760558,3
40.87388,0.6568486,49.329092742687,8.575922892131587,0,1,6034.6987,-0.9020874,4,1,false,false,-22.650534,2.265614,11.6251335,-1.7683506,3
40.87768,0.6569982,49.32908662846539,8.575921791542353,0,1,6084.168,-0.892161,4,1,false,false,-22.025572,2.263224,11.387589,-1.7757027,3
40.879078,0.65714794,49.32908060410937,8.57592055345818,0,1,6085.813,-0.88707805,4,1,false,false,-28.071978,2.2934217,15.830094,-1.7830234,3
40.885185,0.6572977,49.32907448988776,8.57591931526905,0,1,6047.396,-0.87787735,4,1,false,false,-27.409575,2.6750154,15.113496,-1.791199,3
40.900368,0.65744746,49.329068465600336,8.575917939584986,0,1,6032.685,-0.8403518,4,1,false,false,-22.3793,2.9189482,12.2501335,-1.7998523,3
40.91779,0.6575973,49.329062441312914,8.575916426301026,0,1,6040.471,-0.7897531,4,1,false,false,-21.579279,2.7169259,11.205509,-1.8078381,3
40.935677,0.65774745,49.32905632709131,8.575914775417173,0,1,6046.8696,-0.7614271,4,1,false,false,-20.27131,2.6790693,10.436411,-1.814821,3
40.955532,0.6578978,49.329050302803886,8.575913124638278,0,1,6054.8145,-0.7447213,4,1,false,false,-17.996723,2.6154318,8.805826,-1.8209091,3
40.975704,0.65804815,49.32904427844787,8.575911473754426,0,1,6075.612,-0.74496305,4,1,false,false,-15.731243,2.1341257,7.5239115,-1.8263497,3
40.993214,0.65819865,49.329038254160444,8.575909685375636,0,1,6116.478,-0.7582785,4,1,false,false,-14.49292,2.4090292,6.898561,-1.8316367,3
41.01982,0.65834934,49.32903222987302,8.575907759396953,0,1,6151.755,-0.7778894,4,1,false,false,-13.922856,2.7620082,6.9002876,-1.8370037,3
41.050884,0.6585005,49.329026205585606,8.575905833313312,0,1,6136.3516,-0.80185705,4,1,false,false,-13.133652,2.838558,6.67669,-1.8423069,3
41.08035,0.6586517,49.32902018129818,8.575903907334629,0,1,6131.877,-0.830184,4,1,false,false,-15.737663,2.7566557,8.472602,-1.8477951,3
41.107704,0.65880305,49.329014156942165,8.575901981355946,0,1,6145.7007,-0.84882486,4,1,false,false,-17.286934,2.8996115,10.242819,-1.8539994,3
41.135113,0.65895456,49.32900813265474,8.575899917882326,0,1,6125.5327,-0.8459196,4,1,false,false,-19.03467,2.915048,11.218943,-1.8609276,3
41.162125,0.6591066,49.32900219830152,8.575897716703857,0,1,6096.8447,-0.82776153,4,1,false,false,-18.29207,2.8377051,10.571136,-1.8683716,3
41.184616,0.6592587,49.32899617394549,8.575895515525385,0,1,6107.912,-0.7994358,4,1,false,false,-18.392677,2.5788727,9.894416,-1.8759581,3
41.206814,0.65941095,49.328990149658075,8.575893176851979,0,1,6131.624,-0.77135354,4,1,false,false,-17.037043,2.5718284,8.982774,-1.8835005,3
41.232143,0.6595633,49.32898421530484,8.575890838178571,0,1,6133.9365,-0.74689996,4,1,false,false,-16.852451,2.8480306,9.180265,-1.8908154,3
41.259712,0.65971595,49.328978190948824,8.575888499505165,0,1,6128.141,-0.7321322,4,1,false,false,-16.475225,2.8014963,8.904071,-1.8979255,3
41.287525,0.6598688,49.32897225659559,8.575886023231865,0,1,6132.5444,-0.72390044,4,1,false,false,-15.857167,2.822726,8.49547,-1.9048777,3
41.312447,0.66002166,49.32896632217376,8.575883409358669,0,1,6140.9155,-0.7193008,4,1,false,false,-16.653883,2.5315516,9.314252,-1.9116958,3
41.33519,0.66017467,49.32896029788635,8.575880795485475,0,1,6154.477,-0.7149434,4,1,false,false,-16.08216,2.5952497,8.62022,-1.9187282,3
41.360046,0.6603278,49.328954363533114,8.575878181717238,0,1,6170.2866,-0.7074374,4,1,false,false,-15.583543,2.6510482,8.23606,-1.9258955,3
41.385395,0.6604806,49.328948429111286,8.57587543024415,0,1,6175.2646,-0.6996907,4,1,false,false,-15.7993765,2.6559327,8.766352,-1.9331088,3
41.413513,0.66063356,49.32894249468946,8.575872678876019,0,1,6179.0986,-0.69508976,4,1,false,false,-15.315463,3.0065403,8.600862,-1.9405286,3
41.444496,0.66078657,49.32893656033623,8.575869789907994,0,1,6176.069,-0.686859,4,1,false,false,-13.334593,2.9210553,6.661773,-1.9477968,3
41.47527,0.6609398,49.32893071584859,8.575866900939971,0,1,6177.7676,-0.6866166,4,1,false,false,-13.879462,2.8034756,7.5087705,-1.9545643,3
41.501717,0.6610929,49.32892478149536,8.575864011971946,0,1,6193.5625,-0.6921856,4,1,false,false,-16.137442,2.6920528,9.021586,-1.9610938,3
41.523083,0.66124594,49.32891884707353,8.575860985404027,0,1,6200.929,-0.6979948,4,1,false,false,-18.486263,2.3939555,10.813644,-1.9678715,3
41.534004,0.6613991,49.3289130025859,8.575857958836108,0,1,6207.888,-0.69533217,4,1,false,false,-18.73325,1.8452704,10.270344,-1.9756303,3
41.544567,0.6615523,49.32890706823267,8.575854794668297,0,1,6257.1265,-0.67620635,4,1,false,false,-18.401278,2.3103647,10.229693,-1.9848014,3
41.56666,0.6617055,49.32890122374503,8.575851630605442,0,1,6277.2764,-0.6452167,4,1,false,false,-19.27999,3.0544422,10.568521,-1.9947472,3
41.59877,0.6618586,49.32889537925739,8.575848328942694,0,1,6214.5317,-0.6139858,4,1,false,false,-18.656174,3.7211044,9.857275,-2.0044448,3
41.635902,0.6620119,49.32888953476976,8.575844889680052,0,1,6159.672,-0.5936491,4,1,false,false,-17.835707,3.6785583,9.40205,-2.0133421,3
41.66589,0.66216534,49.328883690350715,8.575841587912345,0,1,6153.8237,-0.58396405,4,1,false,false,-17.690735,3.037748,9.773522,-2.0210724,3
41.68802,0.6623189,49.32887793579727,8.575838011154767,0,1,6170.5015,-0.5863864,4,1,false,false,-17.231756,2.6864276,9.072884,-2.02774,3
41.706997,0.6624723,49.328872091309634,8.575834434292231,0,1,6186.119,-0.5938904,4,1,false,false,-17.54163,2.3665943,9.060633,-2.0336494,3
41.721764,0.6626258,49.328866336756185,8.575830857429695,0,1,6208.3325,-0.60696465,4,1,false,false,-16.70443,2.1981242,8.997377,-2.0394957,3
41.73498,0.66277933,49.32886058220274,8.575827143072223,0,1,6248.1284,-0.61204857,4,1,false,false,-16.028685,2.1068528,8.576634,-2.045817,3
41.751556,0.662933,49.328854827649295,8.575823428609793,0,1,6282.543,-0.61204845,4,1,false,false,-16.089184,2.3985844,8.460273,-2.0527165,3
41.77375,0.66308665,49.32884907302725,8.57581971425232,0,1,6287.3574,-0.6081753,4,1,false,false,-16.2963,2.854942,8.92293,-2.060067,3
41.80094,0.6632403,49.3288433184738,8.575815862294954,0,1,6272.2407,-0.59897554,4,1,false,false,-17.082333,3.016049,9.826606,-2.067695,3
41.828064,0.6633941,49.32883756392035,8.575811872737695,0,1,6258.002,-0.5880799,4,1,false,false,-17.235535,3.052308,9.889235,-2.0755043,3
41.854645,0.66354805,49.3288318993011,8.575807883180435,0,1,6253.9966,-0.5730697,4,1,false,false,-16.87143,3.0044715,8.950348,-2.083289,3
41.88005,0.663702,49.32882614474765,8.575803893623174,0,1,6250.556,-0.5561225,4,1,false,false,-17.12556,2.9467027,9.082796,-2.0908272,3
41.90588,0.6638561,49.3288204800598,8.575799766466021,0,1,6245.6274,-0.5399015,4,1,false,false,-17.131468,3.0127366,9.516193,-2.0980496,3
41.93054,0.6640103,49.328814815440545,8.575795639413826,0,1,6240.37,-0.5273116,4,1,false,false,-17.38668,2.858113,9.551294,-2.1048753,3
41.95156,0.66416454,49.32880924068688,8.575791374656777,0,1,6243.798,-0.5115756,4,1,false,false,-18.550163,2.629243,10.63298,-2.1114743,3
41.969692,0.66431886,49.32880357606763,8.575787110004688,0,1,6258.7456,-0.495354,4,1,false,false,-18.485815,2.624852,10.286616,-2.118216,3
41.988697,0.6644733,49.32879800131396,8.575782707752705,0,1,6270.8394,-0.4735651,4,1,false,false,-17.691145,2.6298609,9.426232,-2.1251938,3
42.010715,0.6646278,49.328792336694704,8.57577830550072,0,1,6275.628,-0.4508073,4,1,false,false,-17.631546,2.8221307,9.468332,-2.1322875,3
42.035988,0.66478246,49.328786761941046,8.575773903248736,0,1,6274.5425,-0.42562723,4,1,false,false,-18.49238,3.1101577,10.792125,-2.1393535,3
42.064613,0.6649372,49.328781277190174,8.575769363396859,0,1,6257.607,-0.40383846,4,1,false,false,-17.800083,3.2283773,10.223515,-2.146211,3
42.093197,0.6650921,49.32877570243651,8.575764686050045,0,1,6239.3506,-0.3842274,4,1,false,false,-17.344397,3.122401,9.2901125,-2.1526558,3
42.119724,0.6652471,49.328770217617034,8.575760008598273,0,1,6242.886,-0.36873317,4,1,false,false,-16.904299,2.9330943,9.234842,-2.1586783,3
42.1454,0.66540223,49.32876464286337,8.575755331251461,0,1,6255.255,-0.35469103,4,1,false,false,-16.605238,2.914423,9.440377,-2.1642628,3
42.17151,0.6655575,49.3287591580439,8.575750516304753,0,1,6258.5347,-0.3433116,4,1,false,false,-15.655954,2.8251743,8.846214,-2.169418,3
42.1982,0.6657129,49.328753763158616,8.575745701253087,0,1,6264.9453,-0.3341109,4,1,false,false,-15.509668,2.7837906,8.351783,-2.174256,3
42.22396,0.6658685,49.32874827833915,8.575740748811445,0,1,6280.2856,-0.32587916,4,1,false,false,-16.466764,2.7262454,10.21614,-2.178944,3
42.24756,0.6660242,49.32874279351967,8.575735796264842,0,1,6294.574,-0.31788996,4,1,false,false,-17.300694,2.6866024,10.844962,-2.1839273,3
42.27343,0.6661801,49.328737398634395,8.57573084371824,0,1,6302.574,-0.30384794,4,1,false,false,-16.420774,2.848186,9.368852,-2.1894753,3
42.304855,0.6663361,49.32873200374911,8.575725753571746,0,1,6303.496,-0.28399524,4,1,false,false,-15.079904,3.0225258,8.570145,-2.195315,3
42.3407,0.6664924,49.32872660886383,8.575720663425251,0,1,6296.9346,-0.26680535,4,1,false,false,-15.4092655,3.4112098,9.2479315,-2.2010832,3
42.37896,0.66664886,49.32872130384414,8.575715435783819,0,1,6274.6196,-0.25227925,4,1,false,false,-16.315958,3.4353702,9.994901,-2.2064135,3
42.41496,0.6668054,49.32871590895886,8.575710208142388,0,1,6250.785,-0.2430785,4,1,false,false,-15.970154,3.2031062,9.965162,-2.211154,3
42.4458,0.66696227,49.328710604007775,8.575704842901063,0,1,6257.7266,-0.23896265,4,1,false,false,-15.634921,2.8109617,9.669297,-2.2154996,3
42.474667,0.6671194,49.32870529898808,8.575699477659738,0,1,6283.7827,-0.23799457,4,1,false,false,-15.2037525,2.7296753,9.285719,-2.2196593,3
42.50537,0.6672766,49.328699994036995,8.575694112313455,0,1,6294.612,-0.23823614,4,1,false,false,-14.983207,2.8693004,9.769129,-2.2237067,3
42.538883,0.66743404,49.328694689017304,8.575688609577194,0,1,6292.0586,-0.23896264,4,1,false,false,-14.529659,2.996803,9.141974,-2.2277734,3
42.5746,0.66759163,49.328689384066216,8.575683106735974,0,1,6293.657,-0.24065728,4,1,false,false,-14.422769,2.9740713,9.026695,-2.2318342,3
42.609993,0.6677496,49.328684168980715,8.575677603894755,0,1,6299.1987,-0.24404752,4,1,false,false,-14.266584,2.9644656,9.230821,-2.2359073,3
42.646736,0.6679078,49.32867895389521,8.5756719635586,0,1,6301.1626,-0.24816339,4,1,false,false,-14.458354,3.059215,9.553818,-2.240017,3
42.684097,0.66806614,49.32867373880972,8.575666323117487,0,1,6293.6763,-0.2527632,4,1,false,false,-14.438732,3.024677,9.942996,-2.2441216,3
42.721714,0.66822463,49.32866852379282,8.575660682676373,0,1,6291.864,-0.25615248,4,1,false,false,-14.137804,3.048587,9.703803,-2.2482567,3
42.758648,0.6683836,49.32866330870732,8.575654904740324,0,1,6297.7627,-0.25978336,4,1,false,false,-13.983795,2.97117,9.205622,-2.252346,3
42.79619,0.6685428,49.328658183556016,8.575649126804276,0,1,6300.6245,-0.26559484,4,1,false,false,-13.782242,2.9525137,9.475678,-2.256336,3
42.834167,0.6687021,49.32865305840471,8.575643211268332,0,1,6300.391,-0.27116376,4,1,false,false,-13.650585,2.9421186,9.817823,-2.2602534,3
42.871876,0.6688616,49.3286479332534,8.57563729573239,0,1,6303.508,-0.27721584,4,1,false,false,-13.349667,2.8582952,9.488421,-2.2641494,3
42.90854,0.6690213,49.328642808102096,8.575631380196446,0,1,6312.4556,-0.28254223,4,1,false,false,-12.866053,2.807985,8.9883795,-2.2680619,3
42.94546,0.669181,49.32863768295079,8.57562532706061,0,1,6324.1665,-0.28883678,4,1,false,false,-12.624849,2.8283484,9.468978,-2.27203,3
42.983208,0.66934085,49.32863255779948,8.57561927402973,0,1,6330.447,-0.2973109,4,1,false,false,-12.66015,2.8707862,9.532241,-2.2760978,3
43.02144,0.6695009,49.32862752251376,8.575613220893894,0,1,6333.366,-0.30360636,4,1,false,false,-12.67799,2.8556225,9.71356,-2.2802892,3
43.058895,0.6696609,49.32862248729665,8.575607167758058,0,1,6340.3306,-0.30917335,4,1,false,false,-12.808485,2.7843542,10.16483,-2.2846565,3
43.096336,0.6698209,49.328617452079534,8.575600977127284,0,1,6351.584,-0.3120795,4,1,false,false,-13.235407,2.8527892,10.570583,-2.2893102,3
43.13416,0.66998106,49.32861241679382,8.575594786496511,0,1,6356.0703,-0.31280607,4,1,false,false,-13.52766,2.8410177,10.389804,-2.2942805,3
43.17261,0.6701414,49.3286073815767,8.575588458265845,0,1,6356.5273,-0.31159553,4,1,false,false,-13.430272,2.9373143,10.018293,-2.299544,3
43.21229,0.6703018,49.32860234635959,8.57558212993022,0,1,6358.86,-0.30844784,4,1,false,false,-13.039879,2.9823964,9.963336,-2.304931,3
43.252407,0.67046225,49.32859740100806,8.575575801699554,0,1,6356.8486,-0.30505747,4,1,false,false,-13.313681,3.0020497,9.782187,-2.3102136,3
43.292164,0.6706229,49.32859245572514,8.575569473468887,0,1,6352.087,-0.30554247,4,1,false,false,-13.512284,2.9514236,9.849257,-2.3153045,3
43.330208,0.67078364,49.328587510373616,8.575563007638326,0,1,6352.79,-0.3096583,4,1,false,false,-13.689591,2.7863827,10.146511,-2.3202064,3
43.366222,0.6709446,49.32858256502209,8.575556541807765,0,1,6363.9956,-0.31595296,4,1,false,false,-13.586264,2.718099,10.084516,-2.3250673,3
43.401726,0.6711055,49.32857770967336,8.575549938482268,0,1,6377.7515,-0.32006866,4,1,false,false,-13.388904,2.7036936,9.747393,-2.3299856,3
43.437626,0.67126656,49.328572764321834,8.575543335051815,0,1,6386.2495,-0.32733232,4,1,false,false,-12.788107,2.734484,9.23901,-2.3349862,3
43.475018,0.6714278,49.3285679089045,8.575536731726318,0,1,6393.3257,-0.32878444,4,1,false,false,-12.509084,2.8024411,9.068793,-2.3400226,3
43.51259,0.67158914,49.328563053487166,8.575530128295863,0,1,6398.169,-0.3329002,4,1,false,false,-12.675261,2.7820942,9.400677,-2.3450305,3
43.549442,0.67175055,49.328558288004025,8.575523387370472,0,1,6402.541,-0.33725867,4,1,false,false,-12.949053,2.745568,9.750179,-2.3500528,3
43.585335,0.6719121,49.3285534326553,8.575516646445083,0,1,6410.311,-0.33967975,4,1,false,false,-12.854836,2.669617,9.693969,-2.355178,3
43.620186,0.6720737,49.32854866717215,8.575509905414734,0,1,6421.2764,-0.3423425,4,1,false,false,-13.2364,2.6567292,10.291224,-2.3604896,3
43.656246,0.67223555,49.32854390155181,8.57550302688945,0,1,6430.792,-0.34234253,4,1,false,false,-12.171945,2.8134968,9.4771385,-2.366054,3
43.69456,0.6723974,49.32853913606867,8.575496148364165,0,1,6432.7666,-0.33919576,4,1,false,false,-10.700906,2.9732366,8.449024,-2.3715951,3
43.73229,0.67255944,49.32853437058553,8.575489269838881,0,1,6431.9116,-0.33629054,4,1,false,false,-13.17405,2.7510018,9.70125,-2.3768063,3
43.769264,0.6727215,49.32852960510239,8.57548225381866,0,1,6434.778,-0.34234262,4,1,false,false,-13.784362,2.761905,10.446267,-2.3819842,3
43.802666,0.6728838,49.328524929484836,8.575475375293376,0,1,6439.6465,-0.33604795,4,1,false,false,-13.482003,2.4137487,9.627388,-2.387234,3
43.832527,0.6730462,49.32852025400449,8.575468221568304,0,1,6460.0254,-0.3326577,4,1,false,false,-12.287327,2.0043838,8.38581,-2.3926797,3
43.868744,0.67320853,49.328515578386934,8.575461205548082,0,1,6492.449,-0.3241845,4,1,false,false,-12.980973,2.8511589,9.428461,-2.3983705,3
43.906723,0.67337114,49.32851090276939,8.57545405182301,0,1,6479.3584,-0.3166794,4,1,false,false,-13.194775,2.8919787,9.914456,-2.4040115,3
43.945946,0.6735339,49.32850631715463,8.575446898202896,0,1,6457.056,-0.30893284,4,1,false,false,-13.314371,2.865582,9.431004,-2.409577,3
43.981712,0.6736967,49.328501731539866,8.575439744477825,0,1,6471.3784,-0.29973206,4,1,false,false,-12.989455,2.6425421,9.163516,-2.4151392,3
44.015823,0.67385966,49.328497145787914,8.575432453257816,0,1,6492.4307,-0.29101542,4,1,false,false,-13.121428,2.6679585,9.553513,-2.4206836,3
44.051556,0.67402273,49.32849256017315,8.575425162037808,0,1,6489.648,-0.2835102,4,1,false,false,-13.576865,2.8045762,9.995819,-2.4261293,3
44.08799,0.674186,49.32848797455839,8.5754178708178,0,1,6482.2686,-0.2769732,4,1,false,false,-13.826893,2.800209,10.261325,-2.4315088,3
44.123047,0.6743493,49.328483478809225,8.575410441997898,0,1,6490.3076,-0.26946807,4,1,false,false,-13.554527,2.6903899,10.062103,-2.4368825,3
44.15675,0.67451274,49.32847898306006,8.575403013177995,0,1,6503.1167,-0.26026833,4,1,false,false,-13.715174,2.6299286,10.229833,-2.4422178,3
44.192387,0.6746763,49.32847448731089,8.575395584358093,0,1,6508.7866,-0.25131014,4,1,false,false,-13.370806,2.8165631,9.452482,-2.447499,3
44.230347,0.6748401,49.328469991561725,8.57538815553819,0,1,6504.9688,-0.24235195,4,1,false,false,-12.889589,2.8690662,9.005231,-2.452555,3
44.267887,0.67500395,49.328465585678146,8.575380589223354,0,1,6501.8213,-0.23484686,4,1,false,false,-12.51356,2.732565,8.615498,-2.457259,3
44.304443,0.675168,49.32846117979457,8.575373022803557,0,1,6509.7314,-0.22976288,4,1,false,false,-12.957091,2.7217531,9.505488,-2.461678,3
44.339367,0.6753321,49.3284567740482,8.575365318888824,0,1,6518.615,-0.22467805,4,1,false,false,-12.690873,2.6488698,9.576462,-2.4659734,3
44.373787,0.67549646,49.32845236816462,8.57535775246903,0,1,6527.74,-0.21814103,4,1,false,false,-12.749995,2.6388867,9.270306,-2.4702976,3
44.410355,0.6756609,49.32844805228383,8.575350048554297,0,1,6540.1543,-0.21015187,4,1,false,false,-11.756063,2.7080579,8.148814,-2.4745884,3
44.44903,0.67582554,49.328443736265854,8.575342344534606,0,1,6546.1685,-0.20385633,4,1,false,false,-9.988533,2.8652656,7.141515,-2.478633,3
44.489937,0.6759903,49.32843942038507,8.575334503019981,0,1,6543.661,-0.19538318,4,1,false,false,-10.431565,2.885273,7.694146,-2.4821236,3
44.525192,0.67615527,49.32843510450428,8.575326799105248,0,1,6539.994,-0.19562472,4,1,false,false,-14.306572,2.2711158,12.105874,-2.4853134,3
44.551697,0.6763204,49.32843078862349,8.575318957590623,0,1,6555.4854,-0.187394,4,1,false,false,-18.979216,2.2823765,18.000622,-2.489429,3
44.57964,0.67648554,49.3284265626083,8.575310978476104,0,1,6586.111,-0.15567695,4,1,false,false,-12.954991,2.284114,11.139879,-2.495259,3
44.619072,0.6766509,49.32842233659311,8.575303136961477,0,1,6610.2812,-0.09200142,4,1,false,false,-9.062948,3.3120806,7.671838,-2.5015676,3
44.675068,0.67681646,49.328418110577914,8.575295157951915,0,1,6570.6426,-0.053990804,4,1,false,false,-11.464597,4.1319647,8.592163,-2.5066972,3
44.732887,0.67698234,49.32841388456272,8.575287178837396,0,1,6467.48,-0.038738072,4,1,false,false,-12.915797,3.5276186,10.744895,-2.5094995,3
44.771366,0.6771484,49.32840974841312,8.575279062122982,0,1,6442.4795,-0.026390571,4,1,false,false,-10.160339,2.147572,10.568174,-2.5100954,3
44.79211,0.67731464,49.328405612400715,8.57527108306094,0,1,6551.0073,-0.02324191,4,1,false,false,-8.963754,1.4561107,9.870294,-2.5101407,3
44.815083,0.67748094,49.328401476251116,8.575262966399006,0,1,6638.772,-0.019852623,4,1,false,false,-8.1858015,1.9376558,9.466836,-2.5105002,3
44.85108,0.6776475,49.328397340238716,8.575254849737071,0,1,6628.3633,-0.021790694,4,1,false,false,-6.9815173,2.768617,9.280458,-2.5112932,3
44.900124,0.6778142,49.32839320408911,8.575246733075137,0,1,6608.586,-0.024453435,4,1,false,false,-6.2509027,3.271929,8.71345,-2.5123057,3
44.949963,0.6779812,49.32838906807671,8.575238616413202,0,1,6602.058,-0.029537376,4,1,false,false,-5.949357,3.1445973,9.132431,-2.513217,3
44.997025,0.6781484,49.3283850217927,8.575230362203852,0,1,6591.8564,-0.038011536,4,1,false,false,-5.8479095,2.9418628,8.964729,-2.5139081,3
45.042103,0.6783159,49.3283808857803,8.575222107942023,0,1,6588.675,-0.0474538,4,1,false,false,-5.950457,2.7491913,9.991284,-2.5144491,3
45.084248,0.6784836,49.328376839633485,8.575213991280089,0,1,6597.8706,-0.056169495,4,1,false,false,-5.6883855,2.632587,9.957044,-2.5150065,3
45.126694,0.6786515,49.32837279334948,8.575205737070739,0,1,6611.5083,-0.060769383,4,1,false,false,-5.1330748,2.7085774,9.543894,-2.5156739,3
45.170105,0.6788196,49.32836865733707,8.575197345261495,0,1,6615.2812,-0.06294902,4,1,false,false,-4.8323,2.7939134,9.352895,-2.5164094,3
45.21559,0.6789877,49.32836461119027,8.575189091052145,0,1,6614.2866,-0.06464368,4,1,false,false,-4.858601,2.8886833,10.706268,-2.5171802,3
45.260117,0.6791558,49.328360564906255,8.575180836790317,0,1,6610.8174,-0.066338286,4,1,false,false,-4.7021,2.7064235,10.28615,-2.517947,3
45.302048,0.6793242,49.32835651875944,8.575172445033552,0,1,6617.8726,-0.068275444,4,1,false,false,-4.493192,2.5502274,10.41122,-2.518746,3
45.343006,0.6794927,49.32835247261263,8.575164190771723,0,1,6637.147,-0.07093821,4,1,false,false,-3.8503425,2.5404437,9.535573,-2.5196836,3
45.386,0.6796612,49.32834842646582,8.575155798962479,0,1,6648.6895,-0.07287533,4,1,false,false,-3.5525618,2.6886897,8.816681,-2.520715,3
45.430717,0.67982984,49.32834438031901,8.575147407205716,0,1,6643.86,-0.07795928,4,1,false,false,-3.5918136,2.7987943,8.778681,-2.5217457,3
45.475853,0.67999864,49.328340334035,8.575139015396472,0,1,6640.5146,-0.084981285,4,1,false,false,-3.6594846,2.7664936,9.548399,-2.522747,3
45.517067,0.6801676,49.32833637789098,8.575130623587228,0,1,6648.5117,-0.092486404,4,1,false,false,-3.6129532,2.5324302,10.308269,-2.5237641,3
45.555027,0.68033665,49.32833233160697,8.575122094230569,0,1,6671.571,-0.097570345,4,1,false,false,-3.958902,2.3830845,10.299973,-2.524915,3
45.594486,0.6805058,49.32832828546016,8.575113702421326,0,1,6696.1025,-0.099992454,4,1,false,false,-3.7674196,2.5029893,8.716182,-2.5263164,3
45.637714,0.68067515,49.32832432917894,8.575105173012188,0,1,6699.384,-0.099992454,4,1,false,false,-3.6181266,2.6978252,8.871017,-2.5279074,3
45.684578,0.6808446,49.32832028303213,8.575096781255423,0,1,6689.454,-0.09926589,4,1,false,false,-3.6856332,2.8992736,9.617412,-2.529577,3
45.73053,0.68101406,49.32831623688532,8.575088251846285,0,1,6680.799,-0.09708625,4,1,false,false,-3.7848504,2.6929693,10.085376,-2.5312414,3
45.77233,0.68118376,49.3283122806041,8.575079722489628,0,1,6687.8687,-0.09297043,4,1,false,false,-3.8635964,2.5866702,10.1024685,-2.532898,3
45.81329,0.68135357,49.32830823445729,8.575071193132969,0,1,6706.5674,-0.088128075,4,1,false,false,-3.8477576,2.5142498,9.6633415,-2.534592,3
45.854946,0.6815235,49.32830427817607,8.57506266377631,0,1,6712.7656,-0.08449627,4,1,false,false,-3.9983,2.6476417,10.064492,-2.536293,3
45.89855,0.6816935,49.32830032189485,8.575053996819758,0,1,6710.33,-0.081591986,4,1,false,false,-3.8919683,2.698793,9.704674,-2.537979,3
45.941547,0.6818636,49.32829627574804,8.575045467463099,0,1,6711.056,-0.079896376,4,1,false,false,-3.6469028,2.5839834,9.407418,-2.5395758,3
45.982834,0.6820339,49.32829231946682,8.575036938053962,0,1,6721.2524,-0.07795926,4,1,false,false,-3.7916317,2.5159116,9.179663,-2.5410745,3
46.02349,0.68220425,49.3282883631856,8.575028271149888,0,1,6733.6797,-0.07844331,4,1,false,false,-3.8119476,2.4562006,8.941283,-2.5425215,3
46.063637,0.68237466,49.32828440704158,8.575019604193336,0,1,6741.49,-0.079653926,4,1,false,false,-3.7095525,2.4521103,8.632231,-2.543942,3
46.103962,0.6825452,49.328280360757574,8.575010937236783,0,1,6753.1484,-0.081591986,4,1,false,false,-3.6031666,2.4985867,9.317156,-2.545362,3
46.144882,0.68271583,49.32827640447635,8.57500227028023,0,1,6763.748,-0.08159198,4,1,false,false,-3.823493,2.544757,9.766036,-2.5467985,3
46.18662,0.6828866,49.328272448332335,8.574993603376157,0,1,6767.5654,-0.08038047,4,1,false,false,-3.8540838,2.5681396,9.619528,-2.5482802,3
46.228367,0.6830574,49.328268492051116,8.574984936419604,0,1,6771.236,-0.07699117,4,1,false,false,-3.8168588,2.5675204,9.537944,-2.5498233,3
46.271233,0.6832284,49.328264625635484,8.574976269463052,0,1,6778.024,-0.07287531,4,1,false,false,-3.9977922,2.6711278,9.752624,-2.5514085,3
46.31475,0.6833995,49.328260669354265,8.574967464959085,0,1,6775.8687,-0.06754891,4,1,false,false,-4.033878,2.6369016,10.504239,-2.5529692,3
46.35799,0.6835707,49.328256713210244,8.574958798002532,0,1,6771.544,-0.061254382,4,1,false,false,-3.9345694,2.6502035,10.522931,-2.5544655,3
46.400352,0.6837419,49.328252756929025,8.574949993498565,0,1,6775.749,-0.05253773,4,1,false,false,-3.8928797,2.592503,10.236297,-2.5558748,3
46.441612,0.68391335,49.328248800647806,8.574941188994597,0,1,6781.232,-0.04600071,4,1,false,false,-3.7183924,2.5488398,10.060439,-2.5571675,3
46.483402,0.6840849,49.32824493423218,8.57493238449063,0,1,6783.6636,-0.039706185,4,1,false,false,-3.3684492,2.5688446,9.551541,-2.5583203,3
46.52434,0.68425655,49.32824097808816,8.574923579986663,0,1,6785.2524,-0.036075335,4,1,false,false,-3.148409,2.4798825,10.268964,-2.5592885,3
46.563854,0.6844282,49.328237111672536,8.574914775482695,0,1,6794.829,-0.033169158,4,1,false,false,-2.9961078,2.3987072,9.899551,-2.5601215,3
46.602432,0.68460006,49.32823315539131,8.574905833378834,0,1,6811.0923,-0.030990463,4,1,false,false,-2.7962868,2.3362918,8.89757,-2.5608685,3
46.640045,0.684772,49.32822928911288,8.574897028874867,0,1,6825.263,-0.030263916,4,1,false,false,-2.4977632,2.315825,8.210353,-2.5615513,3
46.68023,0.684944,49.328225332831664,8.574888224370898,0,1,6838.082,-0.031232953,4,1,false,false,-2.4541936,2.5258622,9.695702,-2.5621827,3
46.721027,0.6851161,49.32822146655324,8.574879282267037,0,1,6838.828,-0.032200113,4,1,false,false,-2.6402087,2.4618812,10.663073,-2.5627713,3
46.761513,0.68528837,49.32821751027202,8.574870340215655,0,1,6842.0977,-0.031716067,4,1,false,false,-2.5082805,2.441078,10.25019,-2.563383,3
46.8013,0.6854608,49.328213643856394,8.574861398111794,0,1,6856.075,-0.02808429,4,1,false,false,-2.3907163,2.4603355,9.41248,-2.5640538,3
46.844498,0.68563324,49.32820977757796,8.574852593607826,0,1,6861.6357,-0.025421545,4,1,false,false,-2.4507365,2.7404125,9.959971,-2.5647538,3
46.89011,0.6858058,49.32820582129674,8.574843651503965,0,1,6842.258,-0.021790698,4,1,false,false,-2.233595,2.7620673,9.684575,-2.565391,3
46.933674,0.68597853,49.328201954881116,8.574834571852689,0,1,6827.863,-0.017915484,4,1,false,false,-1.8404884,2.5463696,9.63225,-2.5659015,3
46.973026,0.68615144,49.32819808860269,8.574825629775066,0,1,6843.3296,-0.013315598,4,1,false,false,-1.7975578,2.2972693,10.550879,-2.566277,3
47.00975,0.6863244,49.32819413232147,8.574816687697446,0,1,6863.9272,-0.009926309,4,1,false,false,-1.7076262,2.2379305,10.081841,-2.5665712,3
47.046364,0.68649745,49.32819026604304,8.574807745619824,0,1,6874.7466,-0.008231668,4,1,false,false,-1.4464111,2.2706451,9.268019,-2.5668263,3
47.084045,0.68667066,49.32818639962741,8.574798665968547,0,1,6888.033,-0.00847322,4,1,false,false,-1.1486601,2.2711418,8.453787,-2.5670419,3
47.124172,0.686844,49.32818244334619,8.574789723864685,0,1,6901.1206,-0.008473222,4,1,false,false,-1.1588213,2.441658,8.811202,-2.5672104,3
47.16442,0.6870174,49.32817857706777,8.574780644213408,0,1,6898.7935,-0.0091997655,4,1,false,false,-1.242169,2.4361932,9.47589,-2.5673447,3
47.204662,0.6871909,49.328174710652135,8.574771702135788,0,1,6901.483,-0.009683816,4,1,false,false,-1.0346639,2.3998675,8.778612,-2.567507,3
47.24344,0.6873646,49.328170754370916,8.574762622484512,0,1,6914.911,-0.009926311,4,1,false,false,-0.9299173,2.3187764,9.313129,-2.567684,3
47.282406,0.6875384,49.32816688809249,8.574753542833236,0,1,6926.552,-0.008473223,4,1,false,false,-0.86319077,2.4325502,10.871971,-2.5678723,3
47.323883,0.68771225,49.32816302181406,8.57474446318196,0,1,6926.2217,-0.0065370193,4,1,false,false,-0.9460558,2.5348752,12.039844,-2.5680664,3
47.36551,0.68788636,49.328159065532844,8.574735383530681,0,1,6919.908,-0.003631783,4,1,false,false,-0.8329657,2.5482187,11.977031,-2.5682795,3
47.40725,0.6880605,49.32815519911721,8.574726303879405,0,1,6922.1396,-0.0007256074,4,1,false,false,-0.7246789,2.5330513,10.730889,-2.5684984,3
47.449764,0.6882348,49.328151332838786,8.574717224228129,0,1,6920.492,0.0012105941,4,1,false,false,-0.63010514,2.6054325,10.81078,-2.5686755,3
47.492058,0.6884093,49.32814737655757,8.574708144576853,0,1,6906.479,0.0016946448,4,1,false,false,-0.55822784,2.5570574,11.059598,-2.568772,3
47.532314,0.6885839,49.32814351014194,8.574699064925577,0,1,6900.9683,0.0014521511,4,1,false,false,-0.42381865,2.376541,11.796818,-2.5687907,3
47.568455,0.68875873,49.32813955399792,8.5746899852743,0,1,6915.395,0.0016946445,4,1,false,false,-0.45569724,2.1547751,11.288571,-2.568753,3
47.60269,0.68893355,49.32813568758229,8.57468076804937,0,1,6938.919,9.362702e-07,4,1,false,false,-0.41400957,2.1015053,9.64444,-2.5687048,3
47.63772,0.68910855,49.32813173130107,8.574671688371854,0,1,6953.489,-0.0014521511,4,1,false,false,-0.25867143,2.216542,9.3562155,-2.5686612,3
47.675385,0.68928367,49.328127865022644,8.574662471173163,0,1,6958.1055,-0.0045998828,4,1,false,false,-0.10070746,2.3526819,8.782434,-2.568614,3
47.712975,0.68945897,49.328123908741425,8.574653391495648,0,1,6960.9834,-0.00605297,4,1,false,false,-0.14930943,2.18505,8.46346,-2.5685532,3
47.747677,0.68963456,49.3281200423258,8.574644174296957,0,1,6975.54,-0.007505121,4,1,false,false,-0.23351291,2.0731974,9.347835,-2.5685048,3
47.78212,0.6898102,49.32811608618178,8.57463509461944,0,1,7001.1943,-0.0077476157,4,1,false,false,-0.24851565,2.1473033,9.441326,-2.5685046,3
47.818058,0.68998605,49.32811221976615,8.57462587739451,0,1,7014.0244,-0.008957274,4,1,false,false,-0.13691072,2.241319,8.0060425,-2.5685585,3
47.857094,0.690162,49.32810826348493,8.574616660195819,0,1,7015.4517,-0.009199766,4,1,false,false,-0.009244084,2.5086555,7.873541,-2.5686355,3
47.899467,0.69033825,49.32810430720371,8.574607580531422,0,1,7010.0977,-0.008715717,4,1,false,false,-0.05748555,2.5721073,8.392659,-2.5687065,3
47.94031,0.6905146,49.32810044092528,8.574598363306492,0,1,6998.7305,-0.007263566,4,1,false,false,-0.19990884,2.3634293,9.233861,-2.5687726,3
47.977406,0.6906911,49.328096484644064,8.57458914608156,0,1,7005.3438,-0.006779515,4,1,false,false,-0.06126581,2.1437728,7.1027136,-2.5688605,3
48.011536,0.69086784,49.328092528362845,8.57457992885663,0,1,7031.509,-0.0048414394,4,1,false,false,-0.08944374,2.0205088,6.9934845,-2.5689516,3
48.046825,0.69104457,49.328088572081626,8.574570711631699,0,1,7050.331,-0.004599884,4,1,false,false,0.049776986,2.252916,8.10105,-2.5690436,3
48.08479,0.6912214,49.3280847058032,8.574561494406769,0,1,7048.5967,-0.002421188,4,1,false,false,0.0023528785,2.1606336,9.448047,-2.5691302,3
48.11946,0.6913985,49.32808074952198,8.574552277181839,0,1,7055.3145,-0.00096810085,4,1,false,false,0.071968496,2.113592,9.005919,-2.5692253,3
48.15599,0.69157565,49.32807679324076,8.574542922396374,0,1,7085.1226,0.0014521512,4,1,false,false,0.05631344,2.2884083,9.8241415,-2.5693228,3
48.197773,0.6917529,49.32807283695954,8.574533705171442,0,1,7085.382,0.002905239,4,1,false,false,0.06691201,2.706213,10.865539,-2.5694156,3
48.24452,0.6919304,49.32806888081552,8.574524487946512,0,1,7047.798,0.0041158325,4,1,false,false,-0.046891093,2.7964323,9.973442,-2.569479,3
48.289074,0.69210804,49.3280649245343,8.57451527072158,0,1,7024.779,0.0036317823,4,1,false,false,0.107566476,2.530833,9.306457,-2.569506,3
48.3282,0.6922858,49.328060968253084,8.574505915922995,0,1,7033.9004,0.0050848695,4,1,false,false,0.12298231,2.2181284,9.538516,-2.5694797,3
48.35712,0.6924637,49.328057011971865,8.574496698704625,0,1,6893.213,0.0058104773,0,1,false,false,-0.022352338,0.3410338,9.385879,-2.5694087,3
48.340652,0.6926417,49.328053055690646,8.5744873439126,0,1,6757.5947,0.0060529714,0,1,false,false,0.18176934,-1.3102437,9.447303,-2.5693283,3
48.364178,0.69281954,49.32804909940943,8.57447812668767,0,1,5873.6343,0.0060529704,5,1,false,false,0.21539517,4.268661,11.133744,-2.5692587,3
48.435345,0.69299763,49.328045143265406,8.574468771895644,0,1,5681.025,0.0062945285,5,1,false,false,0.4980551,2.903693,9.166692,-2.5691903,3
48.444496,0.6931759,49.32804118698419,8.574459554670712,0,1,6075.7905,0.007990108,5,1,false,false,0.32748067,0.020772211,9.554213,-2.5690541,3
48.47406,0.69335425,49.32803723070297,8.574450199872128,0,1,5941.595,0.009200701,5,1,false,false,0.04864624,3.0408561,9.432478,-2.5688999,3
48.53181,0.6935327,49.328033184556155,8.574440845080103,0,1,5820.3164,0.0075060595,5,1,false,false,0.27019733,3.0913439,8.410685,-2.5687613,3
48.566555,0.69371134,49.328029228274936,8.574431490288077,0,1,5923.3477,0.007747614,5,1,false,false,0.35403404,1.5621696,9.441886,-2.5686204,3
48.596783,0.69389015,49.32802527199372,8.574422273063146,0,1,5940.1685,0.006537022,5,1,false,false,0.46248144,2.0840921,10.208896,-2.5684776,3
48.63669,0.694069,49.3280213157125,8.57441291826948,0,1,5897.83,0.007747614,5,1,false,false,0.5025511,2.4345157,11.321421,-2.5683196,3
48.673855,0.6942481,49.328017269565684,8.574403563474997,0,1,5920.7944,0.008958207,5,1,false,false,0.53112036,2.192084,11.001917,-2.5681543,3
48.709435,0.69442725,49.328013313284465,8.574394208680767,0,1,5938.3057,0.0072635664,5,1,false,false,0.4309125,2.2185647,10.043805,-2.5679903,3
48.7488,0.69460654,49.32800926713766,8.574384853886846,0,1,5918.8267,0.004115833,5,1,false,false,0.56994605,2.4606197,10.951916,-2.5678284,3
48.787895,0.69478595,49.32800531085644,8.57437549909318,0,1,5912.4336,0.0043583266,5,1,false,false,0.56827474,2.2541006,10.642259,-2.567661,3
48.823223,0.69496554,49.32800126470963,8.574366144297874,0,1,5923.0605,0.00653702,5,1,false,false,0.4242633,2.0696049,10.005741,-2.5675056,3
48.856857,0.69514525,49.32799730842841,8.57435678950257,0,1,5932.923,0.009443195,5,1,false,false,0.4181588,2.0286326,9.8512745,-2.5673823,3
48.892666,0.6953251,49.327993262281595,8.574347434710544,0,1,5940.2876,0.011620954,5,1,false,false,0.60344845,2.2093687,11.89526,-2.5672882,3
48.92814,0.6955051,49.327989306000376,8.574337942348144,0,1,5938.776,0.014769622,5,1,false,false,0.8750678,2.1563954,12.363458,-2.567187,3
48.96244,0.69568515,49.32798525985356,8.574328587549559,0,1,5946.983,0.018642966,5,1,false,false,0.8818031,2.073445,10.915843,-2.5670373,3
48.996864,0.69586533,49.32798121370676,8.574319232757535,0,1,5961.198,0.023727827,5,1,false,false,0.8180139,2.154391,11.043078,-2.5668213,3
49.034985,0.6960457,49.32797725742554,8.574309740391854,0,1,5957.1763,0.026390573,5,1,false,false,1.0052493,2.4241586,12.301024,-2.5665498,3
49.07309,0.6962261,49.327973211278724,8.574300385599829,0,1,5939.9326,0.02542154,5,1,false,false,1.1057492,2.2942874,13.776823,-2.566217,3
49.108284,0.69640684,49.32796916499471,8.574291030801245,0,1,5945.946,0.021548204,5,1,false,false,1.0783942,2.0834336,10.468909,-2.5658338,3
49.141468,0.6965875,49.32796511884791,8.574281538435564,0,1,5959.9717,0.01888546,5,1,false,false,0.90230376,2.0580838,9.829064,-2.5654013,3
49.176163,0.6967684,49.32796107270109,8.574272183650098,0,1,5958.694,0.01694832,5,1,false,false,0.7135557,2.1940913,10.105612,-2.564967,3
49.209927,0.6969494,49.32795702655428,8.574262691277859,0,1,5954.845,0.014769624,5,1,false,false,0.6121373,1.9226314,9.451122,-2.56456,3
49.239788,0.6971305,49.327952980407474,8.574253336492394,0,1,5975.0615,0.014285573,5,1,false,false,0.83914965,1.7653369,8.687988,-2.5642023,3
49.267776,0.6973117,49.32794893412346,8.574243844120154,0,1,6006.148,0.014285572,5,1,false,false,0.6990777,1.7420136,7.7819033,-2.56387,3
49.298313,0.697493,49.32794488797665,8.574234351761035,0,1,6022.482,0.013800584,5,1,false,false,0.74577487,1.949666,6.9052167,-2.563553,3
49.331623,0.6976744,49.32794084182984,8.57422499696245,0,1,6030.174,0.016948318,5,1,false,false,0.7723183,2.044132,6.5515394,-2.5632396,3
49.365868,0.69785595,49.32793670568024,8.57421550460333,0,1,6038.5884,0.021305703,5,1,false,false,0.8481906,2.0572455,7.355459,-2.5629272,3
49.39947,0.6980376,49.32793265953343,8.574206012231091,0,1,6047.9155,0.026148077,5,1,false,false,0.98139805,2.014514,8.263285,-2.5626006,3
49.433353,0.6982194,49.32792861338662,8.574196657432505,0,1,6059.7383,0.029053317,5,1,false,false,1.0974613,2.0761278,8.377732,-2.5622337,3
49.470325,0.69840133,49.32792447723701,8.574187165073385,0,1,6066.0596,0.030990457,5,1,false,false,1.2029037,2.3592472,8.491169,-2.561797,3
49.512875,0.69858336,49.327920431090206,8.574177672714265,0,1,6051.6484,0.03268604,5,1,false,false,1.3293861,2.6461685,9.44363,-2.5613005,3
49.555508,0.69876564,49.3279162950778,8.574168180342026,0,1,6024.8604,0.03413725,5,1,false,false,1.4890177,2.4680922,10.436096,-2.5607808,3
49.593597,0.698948,49.32791224893099,8.574158687969787,0,1,6021.3525,0.034137256,5,1,false,false,1.7152938,2.1707754,10.180267,-2.5602443,3
49.628,0.6991305,49.32790811278139,8.574149195623786,0,1,6033.308,0.03220106,5,1,false,false,1.7006963,2.0524135,10.233221,-2.5596917,3
49.662407,0.6993131,49.32790397663179,8.574139703251547,0,1,6036.768,0.032201055,5,1,false,false,1.733795,2.125549,10.02623,-2.5591145,3
49.69793,0.69949585,49.327899930484975,8.574130210879307,0,1,6035.462,0.031717006,5,1,false,false,1.7054195,2.131875,11.020654,-2.5585332,3
49.732563,0.6996787,49.327895794472575,8.574120718533306,0,1,6037.497,0.030021422,5,1,false,false,1.5936373,2.0501897,9.9453125,-2.5579522,3
49.76631,0.69986176,49.327891658322976,8.574111226161067,0,1,6045.39,0.029295819,5,1,false,false,1.8561612,2.0202267,10.71168,-2.5573857,3
49.800163,0.7000449,49.32788752231057,8.574101733788828,0,1,6051.519,0.028810827,5,1,false,false,1.6352489,2.107397,10.492025,-2.5568006,3
49.8345,0.7002281,49.32788338616097,8.574092241416588,0,1,6052.515,0.027358681,5,1,false,false,1.8692051,2.0567284,10.59751,-2.5562294,3
49.869038,0.7004115,49.327879250011364,8.574082749070588,0,1,6055.4297,0.024694998,5,1,false,false,1.9340919,2.1405742,11.973114,-2.55566,3
49.90356,0.70059496,49.327875113998964,8.574073256698348,0,1,6058.7163,0.023485342,5,1,false,false,1.8282567,2.115352,9.7078905,-2.55509,3
49.937996,0.7007786,49.32787088798377,8.574063626752455,0,1,6058.9067,0.0225163,5,1,false,false,1.5608252,2.090691,8.369572,-2.5545428,3
49.97184,0.70096236,49.32786675183417,8.574054134406454,0,1,6062.535,0.023001289,5,1,false,false,1.4589758,2.0710156,9.792246,-2.5540643,3
50.004185,0.7011462,49.327862615821765,8.574044642034215,0,1,6066.6465,0.022758793,5,1,false,false,1.6699902,1.8908674,11.385248,-2.5536432,3
50.03219,0.7013301,49.32785838980657,8.574035149661976,0,1,6082.138,0.023485338,5,1,false,false,1.6492815,1.6188902,9.3602295,-2.5532167,3
50.059917,0.7015142,49.32785425365697,8.574025657315975,0,1,6118.446,0.024694992,5,1,false,false,1.4911945,1.8781859,8.391965,-2.5527313,3
50.09714,0.70169836,49.32785002764178,8.574016027370082,0,1,6122.6016,0.028085219,5,1,false,false,1.3220015,2.5232122,8.199634,-2.5522246,3
50.13872,0.7018827,49.32784589162937,8.574006534997842,0,1,6082.1143,0.030990455,5,1,false,false,1.6212535,2.4001303,9.2202,-2.5517802,3
50.174595,0.7020672,49.32784166561418,8.573997042651841,0,1,6077.581,0.03631688,5,1,false,false,1.8422654,1.9649248,9.359171,-2.5513659,3
50.20336,0.7022518,49.32783743959899,8.573987412705948,0,1,6108.6826,0.040675208,5,1,false,false,1.9474874,1.6374218,9.7109995,-2.5509086,3
50.232983,0.70243645,49.32783330344939,8.573977920333709,0,1,6127.111,0.044548545,5,1,false,false,1.832804,1.9473299,9.307263,-2.550351,3
50.26789,0.7026212,49.327829077571394,8.573968290414054,0,1,6125.308,0.044548552,5,1,false,false,1.9347432,2.1785932,9.430596,-2.5496895,3
50.304516,0.70280623,49.3278248515562,8.573958798041815,0,1,6117.554,0.044791047,5,1,false,false,1.946388,2.2303295,9.308268,-2.5489588,3
50.339764,0.70299125,49.32782062554101,8.573949305669574,0,1,6116.653,0.043095466,5,1,false,false,1.8860849,2.0716019,9.415179,-2.5482094,3
50.37332,0.7031765,49.327816399525815,8.57393967572368,0,1,6120.538,0.040432725,5,1,false,false,2.0326502,2.0092266,9.80662,-2.5474687,3
50.40567,0.7033618,49.32781208364503,8.57393018337768,0,1,6126.6284,0.037769977,5,1,false,false,2.0663495,1.9531332,9.748433,-2.5467393,3
50.43727,0.70354724,49.327807857629836,8.573920553431787,0,1,6136.82,0.036316887,5,1,false,false,2.2154043,1.9208926,10.682079,-2.5459957,3
50.469765,0.7037328,49.32780363161464,8.573911061085786,0,1,6145.1587,0.034622245,5,1,false,false,2.1523764,2.0080454,10.67738,-2.5452147,3
50.503445,0.70391846,49.32779931559666,8.573901431139893,0,1,6146.5244,0.031717006,5,1,false,false,2.1043684,2.0866685,10.014336,-2.5444205,3
50.53882,0.7041043,49.327795089581464,8.573891938793892,0,1,6145.022,0.027117126,5,1,false,false,2.066799,2.1651368,10.193119,-2.543633,3
50.574783,0.7042902,49.32779077370068,8.573882308847999,0,1,6138.4204,0.024694996,5,1,false,false,2.0034783,2.1342487,10.17703,-2.5428946,3
50.608715,0.7044763,49.327786547685484,8.573872678902104,0,1,6134.6157,0.02300129,5,1,false,false,1.8975393,1.9768697,9.929165,-2.5422485,3
50.640266,0.70466244,49.327782231804704,8.573863186556105,0,1,6143.5728,0.021790694,5,1,false,false,1.8777322,1.8707261,10.335993,-2.5417163,3
50.6709,0.7048487,49.32777791592392,8.57385355661021,0,1,6155.4272,0.020095114,5,1,false,false,2.201346,1.8611,10.876374,-2.541256,3
50.702232,0.70503515,49.327773689908724,8.573844064264211,0,1,6160.7417,0.019611064,5,1,false,false,2.1086903,1.9235672,9.948125,-2.5407956,3
50.734818,0.70522165,49.32776937402794,8.573834434318316,0,1,6165.923,0.016463334,5,1,false,false,1.9464843,2.057991,9.813468,-2.540334,3
50.76898,0.70540833,49.32776505800995,8.573824804372423,0,1,6167.0522,0.015252737,5,1,false,false,1.8670702,2.1308086,10.019333,-2.5399055,3
50.802704,0.7055951,49.32776074212917,8.573815312026422,0,1,6158.9854,0.012832484,5,1,false,false,1.5348885,2.0265899,8.775428,-2.539561,3
50.834404,0.70578194,49.32775633624559,8.573805682080529,0,1,6165.131,0.01041036,5,1,false,false,1.3694978,1.8759009,9.0904045,-2.539321,3
50.86324,0.705969,49.32775202036481,8.573796052134634,0,1,6181.413,0.006537021,5,1,false,false,1.4793615,1.7611293,9.303317,-2.5391505,3
50.891838,0.706156,49.327747704484025,8.573786422188741,0,1,6196.243,0.0041158325,5,1,false,false,1.2515161,1.7408428,9.745006,-2.5389934,3
50.92063,0.7063433,49.32774338846604,8.57377692984274,0,1,6211.3574,0.0004849863,5,1,false,false,1.1082841,1.8101941,10.295392,-2.5388346,3
50.953365,0.7065306,49.327738982719666,8.573767299896847,0,1,6223.4307,-0.0055679837,5,1,false,false,1.090246,2.103309,9.985808,-2.5386915,3
50.990223,0.706718,49.32773466683888,8.573757669950952,0,1,6212.3135,-0.012105941,5,1,false,false,0.91648793,2.2769413,9.416658,-2.5385988,3
51.02828,0.7069056,49.32773035082089,8.573748040005059,0,1,6194.5127,-0.019126076,5,1,false,false,0.6509379,2.253046,8.7549715,-2.5385852,3
51.06354,0.7070933,49.32772594507452,8.573738410111643,0,1,6190.0576,-0.026873693,5,1,false,false,0.4768359,1.9936677,9.9222145,-2.5386744,3
51.094727,0.7072811,49.32772162905653,8.57372878016575,0,1,6195.798,-0.033410713,5,1,false,false,0.31713554,1.836134,9.76707,-2.5388775,3
51.123894,0.7074691,49.32771722331016,8.573719150219855,0,1,6207.6294,-0.0428539,5,1,false,false,0.06665565,1.6929379,9.777424,-2.539206,3
51.152805,0.70765716,49.327712907292174,8.573709520273962,0,1,6224.182,-0.05156961,5,1,false,false,-0.33298498,1.7982223,9.591084,-2.539685,3
51.1877,0.70784533,49.3277085015458,8.573699890328067,0,1,6228.7495,-0.05931631,5,1,false,false,-0.5559837,2.0855162,9.400931,-2.5403154,3
51.22102,0.7080336,49.32770409566222,8.573690260434653,0,1,6210.608,-0.06488523,5,1,false,false,-0.8254328,2.0052667,9.065872,-2.5410924,3
51.253365,0.7082221,49.32769977978143,8.573680630488758,0,1,6221.4097,-0.06972759,5,1,false,false,-0.87583494,1.8596575,9.150639,-2.542006,3
51.28388,0.7084106,49.32769537389786,8.57367086299545,0,1,6233.707,-0.07190725,5,1,false,false,-1.2223493,1.8058876,9.095624,-2.543029,3
51.31425,0.70859927,49.32769105801707,8.573661233049556,0,1,6235.478,-0.07384343,5,1,false,false,-1.4556947,1.8243704,9.988221,-2.544162,3
51.34464,0.70878804,49.3276866521335,8.573651603103661,0,1,6246.897,-0.07118067,5,1,false,false,-2.0920055,1.8418292,11.723876,-2.5454319,3
51.375607,0.7089769,49.32768224638712,8.573641835610353,0,1,6255.2173,-0.069001034,5,1,false,false,-2.2387369,1.926049,12.797533,-2.5468833,3
51.40928,0.709166,49.32767793036914,8.573632205664458,0,1,6252.835,-0.060527824,5,1,false,false,-2.2966259,2.1638038,11.228956,-2.5484989,3
51.446213,0.7093551,49.32767352462276,8.57362243817115,0,1,6240.3657,-0.054474868,5,1,false,false,-2.6507554,2.3023968,12.1066885,-2.5501385,3
51.481915,0.70954436,49.327669208604775,8.573612670677841,0,1,6220.019,-0.04551664,5,1,false,false,-2.60365,2.137474,11.636191,-2.551675,3
51.51308,0.7097338,49.3276648028584,8.573602903132052,0,1,6216.3423,-0.03849559,5,1,false,false,-2.4975445,1.8543798,11.099737,-2.5529509,3
51.54113,0.7099233,49.327660486977614,8.573593135638744,0,1,6231.396,-0.031716075,5,1,false,false,-2.2689588,1.7232605,9.220482,-2.5539668,3
51.56812,0.7101129,49.327656170959635,8.573583368145435,0,1,6240.512,-0.030506413,5,1,false,false,-2.2745352,1.6473913,9.334003,-2.554731,3
51.593895,0.71030265,49.327651765213254,8.573573600652125,0,1,6253.258,-0.030990459,5,1,false,false,-1.8102864,1.6004611,8.336815,-2.5553682,3
51.616604,0.7104925,49.32764744919527,8.573563833106338,0,1,6280.58,-0.0336532,5,1,false,false,-1.8627118,1.289143,8.066009,-2.5559454,3
51.63979,0.7106824,49.327643043448894,8.57355406561303,0,1,6315.8135,-0.03728498,5,1,false,false,-1.5705688,1.6564819,6.416773,-2.5565786,3
51.667156,0.7108724,49.32763872743091,8.573544298119721,0,1,6330.657,-0.04164237,5,1,false,false,-1.7057655,1.6850727,6.274389,-2.5572495,3
51.697304,0.7110625,49.32763441155013,8.573534393026517,0,1,6334.068,-0.047453783,5,1,false,false,-1.9096216,1.982738,7.805879,-2.557979,3
51.72983,0.71125275,49.32763009566934,8.573524625533208,0,1,6339.439,-0.04963342,5,1,false,false,-2.2131412,1.904457,9.368805,-2.5588126,3
51.76206,0.71144307,49.32762568978576,8.5735148580399,0,1,6341.6396,-0.05108463,5,1,false,false,-2.267465,2.085749,8.287272,-2.559799,3
51.80195,0.71163356,49.32762137390498,8.573504952999176,0,1,6334.387,-0.05060059,5,1,false,false,-2.620188,2.5224578,9.322378,-2.5608861,3
51.844826,0.7118242,49.327617058024195,8.573495047905972,0,1,6293.6597,-0.048180338,5,1,false,false,-3.0437856,2.513667,11.07526,-2.5619683,3
51.88145,0.712015,49.32761274200621,8.573485280412664,0,1,6268.1753,-0.045516655,5,1,false,false,-3.1134038,1.9958661,11.61039,-2.5629742,3
51.91101,0.7122059,49.32760842612542,8.573475375319461,0,1,6287.579,-0.042611416,5,1,false,false,-2.9650538,1.710629,10.626201,-2.5639393,3
51.939224,0.71239686,49.32760411024464,8.573465470226258,0,1,6300.362,-0.041158326,5,1,false,false,-3.0177224,1.7516282,11.236589,-2.5648575,3
51.96956,0.712588,49.327599794363856,8.573455565133056,0,1,6295.1016,-0.041158326,5,1,false,false,-3.0366263,1.9067436,12.279022,-2.565759,3
51.99997,0.7127792,49.32759547834587,8.573445660039852,0,1,6296.577,-0.03873808,5,1,false,false,-2.9542322,1.8022257,11.732634,-2.566659,3
52.029,0.7129706,49.32759116246509,8.573435617451713,0,1,6305.3594,-0.03946462,5,1,false,false,-2.9810343,1.7787884,11.439116,-2.567573,3
52.059208,0.71316206,49.3275868465843,8.57342571235851,0,1,6307.809,-0.039706174,5,1,false,false,-2.7079577,1.9070559,11.485106,-2.5684977,3
52.0897,0.71335363,49.32758253056632,8.573415807265308,0,1,6301.688,-0.03994867,5,1,false,false,-2.453575,1.8473483,10.021367,-2.5693445,3
52.11804,0.7135453,49.32757821468553,8.573405764572211,0,1,6302.728,-0.03728499,5,1,false,false,-2.2424502,1.6884772,8.001996,-2.5700395,3
52.1453,0.71373713,49.32757389880475,8.573395859583966,0,1,6314.5854,-0.03776904,5,1,false,false,-2.2314167,1.6365604,8.750436,-2.5705917,3
52.1711,0.71392906,49.32756967278956,8.57338581689087,0,1,6326.2725,-0.036558446,5,1,false,false,-2.0702264,1.5122718,8.280792,-2.571108,3
52.19204,0.71412104,49.32756535690877,8.573375774197773,0,1,6347.345,-0.032442614,5,1,false,false,-1.5017836,1.0594422,7.14922,-2.5716605,3
52.21344,0.71431315,49.327561040890785,8.573365731609634,0,1,6394.2046,-0.026390577,5,1,false,false,-1.4137619,1.5065771,6.695289,-2.572282,3
52.24528,0.71450526,49.32755672501,8.573355826516432,0,1,6403.603,-0.020095117,5,1,false,false,-1.5191879,2.0201612,6.846159,-2.5729392,3
52.278076,0.7146976,49.327552498994805,8.573345783928293,0,1,6373.955,-0.009442262,5,1,false,false,-1.3013446,1.9970572,6.255645,-2.5735793,3
52.309868,0.71489,49.327548183114025,8.573335741235196,0,1,6389.3706,0.0014521519,5,1,false,false,-1.1254661,1.7935526,6.833936,-2.574164,3
52.3395,0.7150826,49.32754386723324,8.5733256985421,0,1,6404.016,0.011620955,5,1,false,false,-1.1528319,1.7978683,7.2100325,-2.57467,3
52.37001,0.7152752,49.327539641218046,8.57331565595396,0,1,6398.6895,0.021064151,5,1,false,false,-0.90682536,1.7754711,8.734208,-2.575096,3
52.401638,0.71546793,49.32753532520006,8.573305475765927,0,1,6407.14,0.030990457,5,1,false,false,-0.8671618,2.0214114,12.539867,-2.5754147,3
52.43803,0.7156608,49.32753100931927,8.57329543307283,0,1,6402.8633,0.041885816,5,1,false,false,-0.91476727,2.1652608,10.688358,-2.5756314,3
52.475677,0.71585387,49.32752678330408,8.573285390379734,0,1,6374.7197,0.048180327,5,1,false,false,-0.76174533,2.3226657,10.402073,-2.5756898,3
52.515205,0.716047,49.3275224674233,8.573275347791595,0,1,6357.566,0.05278021,5,1,false,false,-0.6620054,2.3019876,10.7482605,-2.575515,3
52.54772,0.71624035,49.32751815154251,8.573265167603562,0,1,6338.4604,0.055686392,5,1,false,false,-0.26459128,1.7849348,11.4394045,-2.575055,3
52.575356,0.7164337,49.32751392552732,8.573255124910466,0,1,6349.194,0.056412935,5,1,false,false,0.09634349,1.5535479,13.604495,-2.5743682,3
52.600426,0.71662724,49.32750960964653,8.573244944722433,0,1,6372.1245,0.0544758,5,1,false,false,0.28901196,1.507948,10.019853,-2.5735269,3
52.62609,0.71682084,49.32750529362855,8.573234902029336,0,1,6382.796,0.049390934,5,1,false,false,0.3506729,1.6277634,10.177519,-2.572616,3
52.655468,0.7170145,49.32750097774777,8.573224721841303,0,1,6388.114,0.044307,5,1,false,false,0.85629207,1.8555883,13.604101,-2.5716634,3
52.68508,0.7172083,49.32749666186698,8.573214679148206,0,1,6379.602,0.04575914,5,1,false,false,0.90079904,1.6523906,12.412644,-2.5706758,3
52.710987,0.7174023,49.32749243585179,8.573204498960173,0,1,6392.243,0.041643318,5,1,false,false,1.1373379,1.7758211,11.364855,-2.5697033,3
52.741577,0.7175963,49.3274881198338,8.57319431877214,0,1,6408.9346,0.03728593,5,1,false,false,1.650575,1.8853714,11.220975,-2.5687394,3
52.773273,0.7177904,49.327483803953015,8.573184276079044,0,1,6378.4424,0.03655938,5,1,false,false,2.1446865,2.0150018,12.896143,-2.5677812,3
52.803333,0.7179847,49.327479488072235,8.573174095891012,0,1,6370.105,0.03752748,5,1,false,false,1.465913,1.682073,10.576063,-2.5668375,3
52.82766,0.718179,49.327475082188656,8.57316391570298,0,1,6393.4165,0.03341165,5,1,false,false,1.4934028,1.4401941,8.772233,-2.566019,3
52.85284,0.7183734,49.32747076630787,8.573153873009883,0,1,6407.3545,0.031232957,5,1,false,false,1.4726511,1.6327223,7.6435375,-2.565315,3
52.878456,0.71856797,49.32746645042709,8.57314369282185,0,1,6406.1733,0.030263916,5,1,false,false,1.2922312,1.3991619,6.489166,-2.5647101,3
52.897408,0.71876264,49.3274621344091,8.573133512633817,0,1,6432.644,0.03147451,5,1,false,false,1.4219321,1.0357939,7.655665,-2.5641618,3
52.912384,0.7189573,49.32745772866273,8.573123332340826,0,1,6486.251,0.03220105,5,1,false,false,1.9765662,0.8404688,11.737374,-2.5635352,3
52.930325,0.71915203,49.32745341278194,8.573113289752687,0,1,6525.0083,0.031474512,5,1,false,false,1.925408,1.39766,10.640033,-2.5626876,3
52.965176,0.7193469,49.32744909676396,8.573103109564654,0,1,6532.4707,0.023001287,5,1,false,false,1.7252908,2.7852423,8.406721,-2.5616426,3
53.02059,0.71954185,49.32744469101758,8.573092929271663,0,1,6460.9575,0.015736792,5,1,false,false,1.9251567,3.5283544,8.846477,-2.560595,3
53.06668,0.719737,49.327440285134,8.57308274908363,0,1,6363.6357,0.006294528,5,1,false,false,2.1180804,2.2807457,11.14376,-2.5598207,3
53.09252,0.7199323,49.32743596925322,8.573072568895599,0,1,6384.6777,-0.001937138,5,1,false,false,1.9798355,1.1545312,11.32066,-2.559389,3
53.108624,0.72012776,49.32743156336964,8.573062388602608,0,1,6448.3994,-0.010652853,5,1,false,false,1.453417,1.046844,8.519134,-2.5591881,3
53.130875,0.7203232,49.32742715748607,8.57305234601447,0,1,6456.816,-0.019126074,5,1,false,false,1.0549761,1.6044446,7.660144,-2.5591288,3
53.159332,0.72051877,49.32742275173969,8.573042165826436,0,1,6450.4204,-0.023726892,5,1,false,false,0.9055974,1.6773269,6.6157594,-2.5591905,3
53.183186,0.72071445,49.32741834585612,8.573031985533445,0,1,6465.0415,-0.024694994,5,1,false,false,0.5699952,1.2348043,6.364337,-2.559357,3
53.20174,0.7209102,49.32741393997254,8.573021805345412,0,1,6502.7246,-0.023484403,5,1,false,false,0.48786858,1.0313272,7.0131664,-2.5596123,3
53.21968,0.721106,49.32740953422616,8.57301162515738,0,1,6540.4033,-0.019368574,5,1,false,false,0.45499933,1.0943284,7.781148,-2.5599034,3
53.244827,0.72130185,49.32740512834259,8.573001444864389,0,1,6564.1,-0.013799651,5,1,false,false,0.5342729,1.7410476,8.310777,-2.5602012,3
53.282646,0.72149783,49.32740072259621,8.572991264676357,0,1,6550.496,-0.0094422605,5,1,false,false,0.6059054,2.617782,9.438723,-2.5604799,3
53.32798,0.721694,49.32739631657544,8.572981084488324,0,1,6496.817,-0.0053264266,5,1,false,false,0.6044268,2.7333324,10.800283,-2.5607197,3
53.36849,0.72189033,49.32739191082906,8.572970904300291,0,1,6456.799,-0.0024211882,5,1,false,false,0.5306505,2.1698284,12.412838,-2.5609324,3
53.39909,0.7220868,49.32738750508268,8.5729607240073,0,1,6459.3843,0.00024249346,5,1,false,false,0.4557707,1.6713748,13.098797,-2.561115,3
53.425793,0.7222833,49.32738309933631,8.572950406219373,0,1,6470.6294,0.0012105941,5,1,false,false,0.19646095,1.6307073,12.445701,-2.5612707,3
53.453144,0.72248,49.32737869331553,8.57294022603134,0,1,6467.4556,0.0014521508,5,1,false,false,0.36228585,1.6662667,12.093637,-2.5613947,3
53.48047,0.7226767,49.327374197566364,8.572930045843309,0,1,6467.581,0.00048498658,5,1,false,false,0.25265867,1.6279576,10.981766,-2.5614824,3
53.50655,0.7228736,49.32736979181999,8.572919865655276,0,1,6475.043,-0.0009681008,5,1,false,false,0.19363883,1.5294853,9.953379,-2.561528,3
53.53161,0.72307056,49.32736538607361,8.572909547867349,0,1,6482.654,-0.003390225,5,1,false,false,0.010536969,1.5154669,10.763715,-2.561552,3
53.556435,0.7232676,49.32736089032444,8.572899367574358,0,1,6492.836,-0.006294527,5,1,false,false,-0.034188434,1.475943,10.670805,-2.5615911,3
53.58061,0.7234647,49.32735648430367,8.572889187386325,0,1,6506.694,-0.0094422605,5,1,false,false,-0.04307121,1.4468821,9.232056,-2.5616534,3
53.606304,0.72366196,49.32735207855729,8.572878869598398,0,1,6519.555,-0.012105939,5,1,false,false,0.07967575,1.6461265,9.888146,-2.561744,3
53.635098,0.72385925,49.32734758280812,8.572868689410367,0,1,6518.666,-0.013558094,5,1,false,false,-0.25132507,1.7931445,10.09104,-2.5618472,3
53.664177,0.7240567,49.32734317706175,8.57285837162244,0,1,6509.69,-0.014526191,5,1,false,false,-0.19071175,1.7257056,10.114437,-2.561992,3
53.692142,0.72425425,49.32733868131258,8.572848191329449,0,1,6514.888,-0.014042144,5,1,false,false,-0.25875348,1.6549244,11.180818,-2.5621834,3
53.719097,0.7244519,49.327334275291804,8.572837873541522,0,1,6520.7227,-0.014284637,5,1,false,false,-0.19619125,1.6473287,9.579842,-2.5624175,3
53.746525,0.7246496,49.32732986954543,8.572827555753596,0,1,6519.9414,-0.0135580925,5,1,false,false,-0.1778807,1.702406,9.75329,-2.5626624,3
53.774616,0.7248475,49.32732537379626,8.572817375565563,0,1,6519.8706,-0.0123475,5,1,false,false,-0.26424238,1.7018844,10.290163,-2.5629032,3
53.801205,0.72504544,49.32732096804988,8.572807057777636,0,1,6520.551,-0.012347498,5,1,false,false,-0.37030208,1.5578799,9.762557,-2.5631454,3
53.826347,0.7252435,49.327316472300716,8.572796739989709,0,1,6530.401,-0.012105943,5,1,false,false,-0.22288246,1.5338998,10.008413,-2.5633967,3
53.852016,0.72544163,49.327312066279944,8.572786422201784,0,1,6541.6094,-0.011863447,5,1,false,false,-0.411569,1.5982916,8.893802,-2.5636394,3
53.87873,0.7256399,49.32730757053078,8.572776104413856,0,1,6541.391,-0.012347497,5,1,false,false,-0.29952654,1.6379762,8.153915,-2.5638874,3
53.90576,0.72583824,49.32730307478161,8.57276578662593,0,1,6543.6484,-0.011379399,5,1,false,false,-0.3335408,1.6331344,8.588505,-2.564125,3
53.93158,0.7260367,49.32729866903523,8.572755468838002,0,1,6550.0864,-0.010894409,5,1,false,false,-0.38987643,1.4894392,8.600503,-2.5643506,3
53.955017,0.72623533,49.32729417328606,8.572745151050077,0,1,6562.5923,-0.010168806,5,1,false,false,-0.33948565,1.3920472,8.829345,-2.5645869,3
53.978516,0.72643405,49.32728976753969,8.57273483326215,0,1,6581.3267,-0.010410358,5,1,false,false,-0.39117518,1.5082105,10.172519,-2.5648236,3
54.00615,0.7266329,49.32728527179052,8.572724515474222,0,1,6584.8716,-0.010894409,5,1,false,false,-0.41163266,1.7624865,9.2425785,-2.5650651,3
54.036465,0.7268318,49.327280865769744,8.572714197686297,0,1,6570.7773,-0.011863448,5,1,false,false,-0.4148727,1.8674713,10.093236,-2.5652921,3
54.0675,0.72703093,49.32727637002058,8.57270387989837,0,1,6561.165,-0.012832485,5,1,false,false,-0.523383,1.7960954,10.4322,-2.565503,3
54.09437,0.7272301,49.32727187427141,8.572693562110443,0,1,6551.4375,-0.01379965,5,1,false,false,-0.5499848,1.5455168,10.214746,-2.565699,3
54.1188,0.7274293,49.32726746852504,8.572683106722623,0,1,6554.711,-0.014768686,5,1,false,false,-0.41611367,1.4471854,10.209451,-2.5659077,3
54.141747,0.7276285,49.32726297277587,8.572672788934696,0,1,6565.228,-0.014768686,5,1,false,false,-0.5412533,1.3527367,10.049977,-2.566109,3
54.164505,0.7278279,49.327258477026696,8.572662471146769,0,1,6570.1855,-0.014284637,5,1,false,false,-0.5563226,1.4012687,10.386949,-2.566316,3
54.187843,0.7280273,49.32725407128032,8.572652015863907,0,1,6577.3735,-0.012105939,5,1,false,false,-0.6021954,1.3920327,9.316411,-2.5665357,3
54.21125,0.7282267,49.327249575531155,8.57264169807598,0,1,6584.6133,-0.009683817,5,1,false,false,-0.41121167,1.4348518,9.583742,-2.5667725,3
54.235928,0.7284263,49.32724507978199,8.572631242793117,0,1,6588.8745,-0.005810478,5,1,false,false,-0.32611603,1.5485953,9.96268,-2.5670042,3
54.261536,0.7286259,49.32724067376121,8.572620925005191,0,1,6586.978,-0.0021786944,5,1,false,false,-0.2602961,1.5395743,10.7936325,-2.5672166,3
54.28698,0.72882557,49.32723617801204,8.572610469512412,0,1,6587.6455,0.0016946448,5,1,false,false,-0.24823184,1.5115653,10.410998,-2.567394,3
54.31171,0.72902536,49.32723168226288,8.572600151724485,0,1,6591.2607,0.004600819,5,1,false,false,-0.11794187,1.5290534,10.32343,-2.567518,3
54.337677,0.7292252,49.3272272765165,8.572589696441623,0,1,6591.799,0.008716652,5,1,false,false,-0.19153304,1.6259867,10.26424,-2.567575,3
54.364033,0.7294251,49.327222780767336,8.572579240948844,0,1,6586.728,0.010895349,5,1,false,false,0.048665047,1.6008844,10.889042,-2.5675776,3
54.389347,0.7296251,49.32721828501817,8.572568785665982,0,1,6586.159,0.012589989,5,1,false,false,-0.11537133,1.5138141,11.095549,-2.5675173,3
54.41305,0.7298252,49.327213789269,8.572558467878055,0,1,6593.554,0.011863448,5,1,false,false,0.08677788,1.4209706,10.014949,-2.567402,3
54.436275,0.7300253,49.32720938352262,8.572548012595192,0,1,6600.7974,0.012832485,5,1,false,false,-0.008527949,1.4588207,9.8568535,-2.5672317,3
54.461037,0.73022556,49.327204887773455,8.572537557102414,0,1,6602.406,0.010652854,5,1,false,false,0.1092505,1.5270672,9.000024,-2.5670354,3
54.485153,0.73042583,49.32720039202429,8.572527101819551,0,1,6602.7847,0.009443194,5,1,false,false,0.1249508,1.4284084,8.974128,-2.566839,3
54.508167,0.7306262,49.32719589627512,8.57251664653669,0,1,6612.795,0.007990109,5,1,false,false,0.19617732,1.3698204,9.436105,-2.5666444,3
54.530357,0.7308267,49.327191400525955,8.57250619104391,0,1,6626.074,0.006294527,5,1,false,false,0.17712234,1.330269,10.21253,-2.5664668,3
54.55319,0.7310272,49.32718690477679,8.572495735761049,0,1,6637.1094,0.0024211886,5,1,false,false,0.4661461,1.4784646,10.490919,-2.5663078,3
54.57991,0.73122776,49.32718249875601,8.572485280478185,0,1,6640.778,-0.0043573896,5,1,false,false,0.052213058,1.7639289,10.456955,-2.566148,3
54.60986,0.7314285,49.32717800300684,8.572474824985406,0,1,6627.2466,-0.016948316,5,1,false,false,0.032575354,1.8709664,9.670815,-2.5660298,3
54.63942,0.7316293,49.327173507257676,8.572464369702544,0,1,6612.0713,-0.03655844,5,1,false,false,-0.42493755,1.7503375,10.447938,-2.5660024,3
54.665867,0.7318302,49.32716901150851,8.572453914209765,0,1,6610.6333,-0.05980128,5,1,false,false,-0.68076205,1.5152851,10.645255,-2.5661383,3
54.68871,0.73203117,49.32716451575934,8.572443458926903,0,1,6620.603,-0.087644,5,1,false,false,-1.3975565,1.3414893,10.138634,-2.5665288,3
54.71095,0.7322322,49.327160020010176,8.572432865939188,0,1,6633.8643,-0.11645483,5,1,false,false,-1.8916972,1.3960662,9.483593,-2.5672362,3
54.73471,0.7324334,49.32715552426101,8.572422410656326,0,1,6639.5845,-0.14454007,5,1,false,false,-2.5096705,1.4870507,9.693527,-2.5683281,3
54.75913,0.7326346,49.327151028511835,8.572411955373463,0,1,6639.402,-0.17262432,5,1,false,false,-3.2227323,1.4639622,9.617327,-2.5698347,3
54.782513,0.7328359,49.32714653276267,8.57240136238575,0,0.9361284,6645.87,-0.2024042,5,1,false,false,-3.7560515,1.4139559,9.37677,-2.5718162,3
54.8047,0.73303723,49.3271420370135,8.572390907102886,0,0.7913687,6640.9126,-0.23121507,5,1,false,false,-4.716135,1.3691515,9.793405,-2.5742943,3
54.82449,0.7332387,49.32713763126713,8.572380314115172,0,0.6303328,6613.8877,-0.25833127,5,1,false,false,-5.47778,1.1225569,9.091544,-2.5773351,3
54.836033,0.7334402,49.32713313551796,8.572369721127457,0,0.47866833,6583.4316,-0.28326863,5,1,false,false,-6.19855,0.40414196,9.380372,-2.5808778,3
54.83394,0.73364174,49.327128639768794,8.572359128139743,0,0.3548706,6565.66,-0.30578408,5,1,false,false,-7.1250224,-0.41239554,9.175723,-2.584843,3
54.818394,0.7338432,49.32712423402241,8.572348535361945,0,0.23403202,6548.4316,-0.3258792,5,1,false,false,-8.115345,-1.142132,9.386267,-2.5891664,3
54.792747,0.7340446,49.32711982800164,8.57233794237423,0,0.16596797,6541.203,-0.34282663,5,1,false,false,-8.684975,-1.6550777,9.109411,-2.5938623,3
54.76101,0.73424596,49.32711542225526,8.572327349386516,0,0.10283598,6505.2354,-0.3600165,5,1,false,false,-9.823037,-1.8299963,9.411223,-2.5989368,3
54.727608,0.73444706,49.32711110651168,8.572316756608718,0,0.06214551,6436.387,-0.3745426,5,1,false,false,-10.699615,-1.8794616,10.66197,-2.604438,3
54.691498,0.7346481,49.327106790493694,8.572306163621002,0,0.028360056,6346.9507,-0.38640606,5,1,false,false,-12.309677,-1.9707844,11.94191,-2.6104295,3
54.641106,0.734849,49.32710247447571,8.572295433138352,0,9.313226e-10,6454.2334,-0.39439622,5,1,false,false,-12.775104,-3.762399,10.527865,-2.6169417,3
54.567814,0.73504966,49.32709815873213,8.572284840150637,0,0,6580.275,-0.39705893,5,1,false,false,-13.381344,-3.734654,10.287108,-2.623702,3
54.516266,0.73525006,49.327093932716934,8.572274109667987,0,0,6482.078,-0.39681736,5,1,false,false,-13.198444,-2.2865503,9.77212,-2.630485,3
54.46868,0.73545027,49.32708970670174,8.572263379185337,0,0,6446.119,-0.39270055,5,1,false,false,-13.04243,-2.752843,8.512381,-2.6369014,3
54.4115,0.7356503,49.32708548068654,8.572252648702687,0.0034552605,0,6487.8115,-0.3910069,5,1,false,false,-13.580252,-3.078879,8.899847,-2.6429453,3
54.35613,0.7358501,49.327081344399744,8.572241918220035,0.011080664,0,6472.8145,-0.3912485,5,1,false,false,-13.644407,-2.6577997,8.49631,-2.6490438,3
54.305176,0.73604965,49.327077208387344,8.572231187737385,0.015250805,0,6441.554,-0.38785815,5,1,false,false,-13.833596,-2.5785007,8.369212,-2.6555355,3
54.251106,0.736249,49.32707316237773,8.572220457254735,0.015727391,0,6439.184,-0.37502673,5,1,false,false,-13.720987,-2.8473508,7.5645204,-2.6625514,3
54.1931,0.7364482,49.32706911609372,8.572209589067233,0.013821039,0,6433.466,-0.35444844,5,1,false,false,-13.96741,-2.9147818,7.5713077,-2.6698105,3
54.134827,0.73664725,49.32706506980971,8.572198858584581,0.011080662,0,6421.2495,-0.3331428,5,1,false,false,-15.186757,-2.8734643,9.549409,-2.6770718,3
54.07421,0.7368459,49.327061113528494,8.572187990606995,0.0069105206,0,6415.7505,-0.30941594,5,1,false,false,-16.615791,-2.9066246,9.33202,-2.6842804,3
54.014473,0.73704445,49.32705724725006,8.572177260124345,0.004170141,0,6413.121,-0.2808475,5,1,false,false,-16.514286,-2.7836668,9.217443,-2.6915307,3
53.954754,0.7372427,49.32705329096884,8.572166391936843,-3.4924597e-10,0,6404.683,-0.24864742,5,1,false,false,-17.278751,-2.7753012,10.704038,-2.6987395,3
53.89285,0.73744076,49.327049424690415,8.572155523959257,0,0,6398.255,-0.22516304,5,1,false,false,-18.475508,-2.7743802,10.224171,-2.7057228,3
53.831406,0.73763853,49.32704564814038,8.572144655771755,0,0,6398.367,-0.18836203,5,1,false,false,-17.930851,-2.7107494,10.674952,-2.712329,3
53.771564,0.7378361,49.32704187186474,8.572133650089317,0,0,6391.6235,-0.1476869,5,1,false,false,-18.262585,-2.6169765,11.771332,-2.7183743,3
53.711254,0.73803353,49.3270381853175,8.57212278211173,0,0,6381.633,-0.14696124,5,1,false,false,-18.913862,-2.5871558,12.26708,-2.7238324,3
53.651894,0.73823065,49.32703449877025,8.572111776429292,0,0,6378.684,-0.13388719,5,1,false,false,-17.48273,-2.5791712,10.500744,-2.7288334,3
53.595173,0.7384276,49.3270309022258,8.572100908451706,0,0,6374.6685,-0.1275927,5,1,false,false,-15.893203,-2.5618246,10.062952,-2.7332547,3
53.539703,0.7386247,49.32702730568134,8.572089902769267,0,0,6363.893,-0.13243505,5,1,false,false,-15.710646,-2.5747137,8.755125,-2.7368484,3
53.48537,0.7388217,49.32702370913689,8.57207889708683,0.0071488144,0,6356.4316,-0.15228672,5,1,false,false,-15.991372,-2.4783862,9.30427,-2.739621,3
53.431454,0.7390185,49.327020202320824,8.57206789140439,0.014535921,0,6349.686,-0.1837622,5,1,false,false,-15.811717,-2.5396824,9.401346,-2.7421484,3
53.376312,0.73921496,49.327016695779164,8.572056748227016,0.02073156,0,6338.3257,-0.21233049,5,1,false,false,-15.341057,-2.5932505,8.986684,-2.744928,3
53.319542,0.7394111,49.32701327896589,8.572045742544578,0.027165491,0,6329.68,-0.23920518,5,1,false,false,-15.099675,-2.8816342,9.067464,-2.7480998,3
53.259846,0.7396071,49.32700986215262,8.572034737072055,0.03181222,0,6324.7085,-0.26244807,5,1,false,false,-14.612281,-3.0116813,8.227572,-2.7514436,3
53.198997,0.7398029,49.32700653534214,8.572023593684765,0.036697242,0,6322.0703,-0.2873845,5,1,false,false,-14.254539,-3.0981698,8.2456875,-2.7545688,3
53.138077,0.7399982,49.327003208531664,8.572012588212242,0.038246155,0,6313.64,-0.30965832,5,1,false,false,-14.0641365,-3.0884578,8.745655,-2.7574356,3
53.077183,0.7401934,49.32699988144678,8.572001444824952,0.03824616,0,6303.3384,-0.33362675,5,1,false,false,-14.469968,-3.174076,9.154982,-2.7602787,3
53.016422,0.74038845,49.326996644639095,8.57199043935243,0.03669725,0,6294.5806,-0.35832173,5,1,false,false,-14.746572,-3.2236142,9.356915,-2.7634814,3
52.95356,0.7405832,49.326993407557005,8.571979296175057,0.035505787,0,6286.831,-0.37841603,5,1,false,false,-15.378163,-3.3301814,9.68733,-2.7673767,3
52.889114,0.7407777,49.326990260752105,8.571968152787766,0.035267487,0,6281.833,-0.39657488,5,1,false,false,-15.441388,-3.349106,9.657041,-2.7720747,3
52.82421,0.740972,49.32698711367281,8.571957009610392,0.0347909,0,6277.6475,-0.4098915,5,1,false,false,-15.761593,-3.366327,9.747622,-2.7774515,3
52.75973,0.74116606,49.3269840565963,8.571945866433017,0.034790896,0,6271.3345,-0.41981775,5,1,false,false,-16.249537,-3.315921,10.464487,-2.7831712,3
52.69392,0.74135995,49.3269809995198,8.571934723255643,0.03645896,0,6263.468,-0.43264925,5,1,false,false,-17.87658,-3.3846369,10.995308,-2.7890313,3
52.627262,0.7415536,49.326977942168895,8.57192358007827,0.038246155,0,6258.0957,-0.4491116,5,1,false,false,-17.265747,-3.3089538,9.984204,-2.7951546,3
52.56271,0.7417471,49.326974975095176,8.571912436900895,0.039675914,0,6248.303,-0.46146017,5,1,false,false,-16.626286,-3.252414,9.241562,-2.801466,3
52.499165,0.7419403,49.326972008021464,8.571901293513605,0.041105673,0,6232.602,-0.47332263,5,1,false,false,-16.445854,-3.2755432,8.952341,-2.8077977,3
52.43298,0.74213344,49.32696913067614,8.571890012841294,0.041701425,0,6221.5195,-0.484702,5,1,false,false,-16.381468,-3.3315022,8.86528,-2.8140664,3
52.366905,0.7423264,49.32696634333361,8.571878869663921,0.041105676,0,6212.841,-0.49753353,5,1,false,false,-16.368773,-3.339855,8.566833,-2.8204727,3
52.301975,0.74251914,49.326963465988285,8.571867588781695,0.038961034,0,6198.4697,-0.50649077,5,1,false,false,-16.626772,-3.2231252,8.974599,-2.827283,3
52.236023,0.7427118,49.32696076864855,8.57185644560432,0.03800787,0,6182.864,-0.510365,5,1,false,false,-17.048256,-3.2687614,9.491992,-2.8346431,3
52.166904,0.7429042,49.326957981306016,8.571845164932009,0.037412122,0,6174.4927,-0.5118171,5,1,false,false,-18.050001,-3.3991423,9.594303,-2.8425446,3
52.095005,0.7430964,49.326955373694666,8.571834021544719,0.03741213,0,6170.1978,-0.50939614,5,1,false,false,-18.925766,-3.486252,10.538668,-2.8508732,3
52.022923,0.74328864,49.32695267608052,8.57182274087241,0.03741213,0,6163.1055,-0.50286007,5,1,false,false,-18.909447,-3.3953931,9.515194,-2.8593583,3
51.949818,0.74348056,49.326950158471966,8.571811459990183,0.038961038,0,6153.6606,-0.49438494,5,1,false,false,-19.640825,-3.4119027,10.12044,-2.8676827,3
51.87567,0.74367225,49.32694764086341,8.571800179317874,0.038961038,0,6146.118,-0.49002758,5,1,false,false,-19.820354,-3.393486,9.918361,-2.8757722,3
51.800503,0.74386394,49.32694512325485,8.5717890361405,0.03776958,0,6137.83,-0.49002752,5,1,false,false,-21.411758,-3.4362507,10.8799095,-2.8836887,3
51.723927,0.7440554,49.32694269564909,8.571777755258273,0.03574408,0,6126.854,-0.49002752,5,1,false,false,-21.414299,-3.3267891,10.823544,-2.891872,3
51.649105,0.7442466,49.32694035777171,8.571766474585964,0.03431432,0,6116.303,-0.4854277,5,1,false,false,-20.25792,-3.2075748,9.483087,-2.900347,3
51.57776,0.7444377,49.32693802016873,8.571755193703737,0.032527108,0,6106.8135,-0.47695348,5,1,false,false,-19.586826,-3.15653,9.100429,-2.9087179,3
51.50247,0.7446288,49.32693577229415,8.571743913031426,0.030263318,0,6098.8916,-0.47404918,5,1,false,false,-20.609892,-3.3021672,9.52729,-2.9166603,3
51.42778,0.74481964,49.326933524419566,8.571732494654265,0.026569758,0,6094.2954,-0.47622785,5,1,false,false,-19.677055,-3.1429963,9.786005,-2.9241571,3
51.357338,0.74501026,49.32693136627338,8.571721213772038,0.020016678,0,6084.0747,-0.48131174,5,1,false,false,-19.129982,-2.96521,8.741399,-2.9314432,3
51.28779,0.7452009,49.32692920840158,8.571709933099728,0.009889197,0,6067.36,-0.48542774,5,1,false,false,-19.184088,-2.9434903,8.567923,-2.9387705,3
51.219204,0.7453915,49.326927140258185,8.571698652217503,2.3283064e-10,0,6060.73,-0.48930186,5,1,false,false,-18.505558,-2.8445272,8.364937,-2.9461725,3
51.151848,0.74558187,49.326925162117575,8.57168723384034,0,0,6057.135,-0.49075407,5,1,false,false,-18.900085,-2.742115,8.99587,-2.9535584,3
51.085907,0.7457721,49.32692309424857,8.57167595316803,0,0,6048.8374,-0.49099565,5,1,false,false,-18.615627,-2.6583395,8.322657,-2.9609263,3
51.021618,0.74596244,49.32692120583635,8.571664672285804,0,0,6041.873,-0.49099562,5,1,false,false,-18.069288,-2.5776362,8.602201,-2.968223,3
50.957256,0.74615264,49.32691931769853,8.571653253908641,0,0,6034.214,-0.49002752,5,1,false,false,-18.522081,-2.6402726,8.666442,-2.9753702,3
50.890903,0.7463426,49.326917429560716,8.571641973236332,0,0,6025.678,-0.49075404,5,1,false,false,-19.247366,-2.6262307,9.219247,-2.9823358,3
50.824257,0.7465327,49.32691572115408,8.571630692354105,0,0.017755857,6021.0474,-0.49075407,5,1,false,false,-19.375994,-2.604397,8.921457,-2.9892747,3
50.75942,0.74672264,49.32691392274465,8.571619273976943,0,0.034032058,6015.875,-0.48905945,5,1,false,false,-18.388088,-2.482795,8.565688,-2.9961693,3
50.695587,0.7469125,49.326912214338016,8.571607993304633,0,0.06091244,6011.55,-0.48688075,5,1,false,false,-18.934265,-2.4459305,8.541857,-3.0028822,3
50.63208,0.74710214,49.32691059593417,8.571596712422407,0,0.08187423,6009.6396,-0.4890594,5,1,false,false,-19.109697,-2.400885,9.092145,-3.0093708,3
50.571175,0.7472919,49.32690897753033,8.571585294255161,0,0.109247826,6011.591,-0.495354,5,1,false,false,-18.544495,-2.1971922,8.578695,-3.0156236,3
50.513996,0.7474816,49.326907448854875,8.571574013372935,0,0.145746,6016.161,-0.5021335,5,1,false,false,-17.945036,-2.0461366,8.445487,-3.0216177,3
50.46043,0.7476711,49.326905920453825,8.571562594995772,0,0.184217,6023.911,-0.5171438,5,1,false,false,-17.879915,-1.8423083,8.1223345,-3.0273578,3
50.40691,0.7478608,49.32690448178116,8.571551314323463,0,0.77,6281.093,-0.53796446,0,1,false,false,-18.796843,-1.8867933,8.848949,-3.03298,3
50.352764,0.74805033,49.3269030431085,8.5715398959463,0,0.77,6686.149,-0.55757535,0,1,false,false,-19.405981,-1.8614173,9.476591,-3.0386703,3
50.29936,0.7482397,49.32690169443863,8.571528615064075,0,0.26017258,6834.37,-0.5718602,4,1,false,false,-19.150919,-1.8323618,8.867355,-3.0444775,3
50.238018,0.7484291,49.326900345768756,8.571517196686912,0,0.2801479,7046.4067,-0.58105975,4,1,false,false,-18.714334,-3.206751,8.587556,-3.0503848,3
50.15386,0.7486186,49.32689908682728,8.571505916014603,0,0.29025897,7286.116,-0.5854172,4,1,false,false,-18.432499,-3.5723906,8.51529,-3.056195,3
50.08878,0.74880785,49.3268978281602,8.57149449763744,0,0.29420462,7287.8594,-0.5878384,4,1,false,false,-18.673237,-2.2391634,8.903901,-3.061808,3
50.032288,0.7489969,49.32689665922151,8.571483216755214,0,0.29593095,7287.957,-0.59461695,4,1,false,false,-19.24841,-2.0040543,9.2063675,-3.0674088,3
49.980373,0.7491857,49.32689549028283,8.571471936082904,0,0.2966707,7226.9087,-0.60212225,4,1,false,false,-20.040686,-1.4162009,10.238576,-3.0731974,3
49.941116,0.7493742,49.32689441134693,8.571460517705741,0,0.2991368,7135.3306,-0.60817504,4,1,false,false,-19.667948,-0.945962,9.549442,-3.0793314,3
49.897533,0.7495627,49.32689342213943,8.571449237033432,0,0.31491986,7171.7686,-0.6103538,4,1,false,false,-19.840252,-1.5670419,9.720227,-3.085723,3
49.848125,0.7497509,49.32689243320632,8.571437956151206,0,0.3442664,7215.555,-0.61374414,4,1,false,false,-20.00562,-1.5279831,9.938059,-3.0922236,3
49.80452,0.74993867,49.32689144399882,8.571426537774043,0,0.37755862,7195.1772,-0.61689085,4,1,false,false,-20.520891,-1.0097142,10.050886,-3.0986278,3
49.768158,0.7501263,49.3268906347969,8.571415257101734,0,0.40295926,7176.818,-0.6234279,4,1,false,false,-19.591793,-0.78877735,9.225794,-3.1048467,3
49.733574,0.7503138,49.32688973559218,8.57140383872457,0,0.42762023,7188.9717,-0.6352904,4,1,false,false,-18.755203,-0.71670604,9.311014,-3.1106749,3
49.701183,0.75050104,49.32688901639305,8.571392557842344,0,0.45622686,7200.5,-0.6546588,4,1,false,false,-18.797632,-0.6534168,8.721443,-3.1159973,3
49.673176,0.7506881,49.326888207191125,8.571381277170035,0,0.48927256,7201.177,-0.6846793,4,1,false,false,-17.898626,-0.4384527,8.137794,-3.1208675,3
49.648872,0.750875,49.32688757772039,8.571369858792872,0,0.51960546,7207.9824,-0.72220606,4,1,false,false,-17.901312,-0.2942927,9.27344,-3.1255302,3
49.627213,0.75106186,49.326886858521256,8.571358577910647,0,0.5521578,7223.6016,-0.76408887,4,1,false,false,-16.135197,-0.3181728,7.2281446,-3.1302454,3
49.60676,0.7512485,49.32688631905331,8.571347159533484,0,0.57287306,7240.205,-0.8071835,4,1,false,false,-16.898178,-0.22800055,7.8251176,-3.1350648,3
49.586815,0.751435,49.32688568958257,8.571335878861175,0,0.5856968,7253.5527,-0.8505194,4,1,false,false,-20.448181,0.10307863,10.632925,-3.1404526,3
49.569042,0.7516215,49.326885239843016,8.571324597978949,0,0.5940813,7242.0146,-0.8870781,4,1,false,false,-21.926205,0.20656136,11.069656,3.136558,3
49.55241,0.75180787,49.326884790377854,8.571313179601786,0,0.59630084,7222.2256,-0.8979714,4,1,false,false,-21.07589,0.29675925,11.347282,3.1297283,3
49.534527,0.75199413,49.3268843409127,8.571301898929477,0,0.597534,7221.674,-0.8960353,4,1,false,false,-22.019808,0.116699174,12.16202,3.122555,3
49.511974,0.75218034,49.32688398117593,8.571290480552314,0,0.59753394,7220.801,-0.8878027,4,1,false,false,-24.40832,-0.023957089,13.422767,3.1153038,3
49.48832,0.7523665,49.32688371144196,8.571279199880005,0,0.59753394,7212.01,-0.8776357,4,1,false,false,-24.124134,0.006203085,12.304292,3.1077704,3
49.467186,0.75255245,49.326883441707984,8.571267781502842,0,0.59753394,7208.304,-0.8655297,4,1,false,false,-21.76815,0.16983369,11.692717,3.100026,3
49.44983,0.7527384,49.326883261702406,8.571256500620615,0,0.59630084,7205.729,-0.8602033,4,1,false,false,-21.347708,0.31065306,10.81918,3.0926464,3
49.434856,0.75292426,49.32688317197401,8.571245219948306,0,0.5963009,7191.7744,-0.874972,4,1,false,false,-20.731464,0.3692813,10.2576275,3.0860138,3
49.420975,0.75311023,49.32688308197122,8.571233801571143,0,0.5963009,7178.009,-0.8979715,4,1,false,false,-19.854128,0.31655166,9.857163,3.080139,3
49.403065,0.7532961,49.32688308197122,8.571222520688918,0,0.5963009,7178.7188,-0.92847717,4,1,false,false,-24.264809,-0.42222458,10.665797,3.0748453,3
49.366962,0.75348186,49.32688308197122,8.571211240016607,0,0.5963009,7188.185,-0.9660015,4,1,false,false,-25.512154,-0.92206186,14.013524,3.0686717,3
49.32717,0.7536675,49.32688317197401,8.571199821639444,0,0.5963009,7225.493,-0.9635805,4,1,false,false,-23.626595,-1.1522431,11.675401,3.0605872,3
49.287792,0.7538531,49.32688335170519,8.57118854075722,0,0.5963009,7281.1323,-0.9333184,4,1,false,false,-19.989038,-0.90001297,9.531542,3.0510612,3
49.273575,0.7540387,49.32688353143638,8.571177260084909,0,0.5963009,7282.0005,-0.88998246,4,1,false,false,-18.674856,0.6118379,8.487041,3.0414774,3
49.264008,0.7542242,49.32688380144475,8.571165979202682,0,0.5963009,7236.902,-0.8744881,4,1,false,false,-19.24869,0.16544384,8.345488,3.0331383,3
49.222485,0.7544097,49.326884071178725,8.571154698530373,0,0.5963009,7235.155,-0.8793296,0,1,false,false,-20.701506,-1.5818908,10.3299265,3.025175,3
49.194477,0.75459516,49.326884430641094,8.571143417648146,0,0.5963009,6554.7236,-0.8766666,5,1,false,false,-16.333199,2.0913594,8.653277,3.0175092,3
49.231297,0.7547807,49.326884790377854,8.571132136975836,0,0.5963009,5805.014,-0.87618256,5,1,false,false,-14.505632,1.9352822,5.3365564,3.0100956,3
49.211323,0.7549663,49.326885239843016,8.57112085609361,0,0.5963009,6140.2856,-0.892645,5,1,false,false,-13.304631,-0.20384,4.6058636,3.0031643,3
49.19701,0.75515205,49.32688568958257,8.5711095754213,0,0.5963009,6417.3105,-0.9282344,5,1,false,false,-13.15402,-0.26593605,5.191317,2.9974492,3
49.198242,0.7553378,49.32688613904773,8.571098432243925,0,0.5963009,6092.1074,-0.9742333,5,1,false,false,-13.278294,1.6486666,5.7290044,2.9926322,3
49.202534,0.7555235,49.32688667851568,8.5710871513617,0,0.5963009,6045.3975,-1.0243479,5,1,false,false,-12.901951,0.82169574,4.80514,2.9876153,3
49.19549,0.75570935,49.326887217983625,8.57107587068939,0,0.5963009,6263.4263,-1.0684099,5,1,false,false,-12.4279785,0.500059,4.3559985,2.982384,3
49.198433,0.7558954,49.326887847454365,8.571064589807163,0,0.5963009,6120.16,-1.1054499,5,1,false,false,-16.578089,1.2317129,8.898225,2.977637,3
49.19708,0.75608134,49.32688838692231,8.57105344662979,0,0.5921084,6030.6567,-1.1371654,5,1,false,false,-14.944533,0.76189166,7.1408625,2.9725459,3
49.186153,0.7562673,49.32688910639584,8.571042165747564,0,0.5790383,6135.7866,-1.1434597,5,1,false,false,-15.898533,0.1813373,6.1878467,2.967177,3
49.174652,0.7564534,49.326889825594975,8.571030885075253,0,0.55930936,6093.7495,-1.151691,5,1,false,false,-18.476496,0.9247722,10.017349,2.9616003,3
49.171013,0.7566396,49.3268905450685,8.571019741897878,0,0.5294697,5992.5625,-1.1453972,5,1,false,false,-18.667274,0.66344476,9.389368,2.9558313,3
49.146816,0.7568257,49.32689135427042,8.571008461015653,0,0.5050556,6011.3643,-1.1260294,5,1,false,false,-16.414433,-0.88452995,7.056214,2.9500568,3
49.110188,0.75701165,49.326892163472344,8.570997317838279,0,0.48187426,6083.5737,-1.103514,5,1,false,false,-19.691067,-0.63863045,8.136601,2.9438956,3
49.085243,0.7571978,49.326892972674266,8.570986174660904,0,0.46189892,6044.819,-1.0880201,5,1,false,false,-20.764566,0.06996308,11.175054,2.9370465,3
49.06407,0.75738376,49.326893961607375,8.57097503148353,0,0.4505549,5969.362,-1.0580006,5,1,false,false,-18.51568,0.049878076,9.451193,2.9300363,3
49.03793,0.7575697,49.32689486081209,8.570963888096239,0,0.4483354,5982.478,-1.0255584,5,1,false,false,-21.050886,-0.40419084,10.348112,2.9234762,3
49.00452,0.7577557,49.326895939747985,8.570952744918866,0,0.44833538,5984.7856,-1.0049793,5,1,false,false,-21.446478,-0.5693348,10.543737,2.9173093,3
48.975056,0.75794166,49.32689701868388,8.570941601741492,0,0.45524046,5963.227,-0.98440117,5,1,false,false,-18.563646,-0.6222449,8.662555,2.911384,3
48.940918,0.75812745,49.32689809789417,8.570930458564117,0,0.4794082,6000.394,-0.9730228,5,1,false,false,-18.259598,-0.74928564,7.576802,2.9055226,3
48.919483,0.75831306,49.32689926655846,8.570919452881679,0,0.51565975,6027.734,-0.9785917,5,1,false,false,-18.95228,0.24827099,7.7298617,2.899777,3
48.90648,0.7584979,49.32690043549715,8.570908309704304,0,0.55635023,5964.1973,-0.9969912,5,1,false,false,-21.066141,0.41585565,9.663402,2.894601,3
48.88662,0.75868255,49.32690169443863,8.570897304021866,0,0.5992602,5945.966,-1.0333054,5,1,false,false,-17.685602,0.2017651,10.446963,2.8893938,3
48.864925,0.7588671,49.3269030431085,8.570886298339428,0,0.6379777,6005.574,-1.0209585,5,1,false,false,-17.434673,-0.2719009,8.220924,2.8840818,3
48.85038,0.75905126,49.326904302049975,8.570875292866905,0,0.6771889,6027.402,-1.0364518,5,1,false,false,-19.413553,0.51140213,7.951393,2.8788843,3
48.847187,0.759235,49.32690574044824,8.570864286974551,0,0.69494456,5983.8525,-1.0541253,5,1,false,false,-24.057678,0.86162573,12.136796,2.8737254,3
48.83127,0.75941867,49.3269071791209,8.570853281502028,0,0.704069,5965.7725,-1.0645363,5,1,false,false,-18.645533,0.40845188,10.128476,2.8678713,3
48.824596,0.75960225,49.32690861779356,8.570842276029508,0,0.7040691,6032.4424,-1.0488007,5,1,false,false,-17.550041,0.63082427,7.3809066,2.8617594,3
48.823273,0.7597854,49.32691014646902,8.570831407842004,0,0.7035759,6017.1265,-1.0478313,5,1,false,false,-16.576338,1.105305,7.0337505,2.8562925,3
48.831257,0.75996834,49.32691176487286,8.570820402369483,0,0.6897657,5981.1245,-1.0560633,5,1,false,false,-16.371052,1.5572503,7.0936513,2.8514774,3
48.82852,0.76015127,49.326913383276704,8.57080953418198,0,0.66535157,5982.281,-1.0730097,5,1,false,false,-16.088285,0.11103905,7.454129,2.8472524,3
48.813824,0.76033396,49.32691500168055,8.570798665994477,0,0.64290994,6029.504,-1.0974613,5,1,false,false,-17.202358,0.45675862,7.9890747,2.8424673,3
48.80934,0.7605163,49.32691671008718,8.570787797806975,0,0.61701596,6034.406,-1.1076299,5,1,false,false,-19.0261,0.71245134,9.094741,2.8369014,3
48.80708,0.76069844,49.32691841849382,8.570776930039305,0,0.58840936,5975.995,-1.1119872,5,1,false,false,-18.230398,0.9911164,9.627691,2.8306115,3
48.808414,0.7608806,49.326920126900454,8.570766061851803,0,0.55684334,5953.9995,-1.1023035,5,1,false,false,-18.361727,0.92866546,9.53444,2.8241065,3
48.801876,0.7610625,49.326922015312675,8.5707551936643,0,0.5144266,5924.965,-1.0945566,5,1,false,false,-17.608093,0.24018715,8.999185,2.8180902,3
48.783646,0.7612441,49.3269238134477,8.570744325476799,0,0.47792846,5914.8623,-1.0974607,5,1,false,false,-16.633831,-0.3972109,7.884655,2.8124151,3
48.760845,0.76142555,49.32692570158552,8.570733594994147,0,0.44315666,5947.8047,-1.1117455,5,1,false,false,-16.280277,-0.43772063,7.465694,2.8067746,3
48.74301,0.7616068,49.32692767972613,8.570722727226476,0,0.41898882,5938.643,-1.1417651,5,1,false,false,-15.90512,-0.030953035,7.3886304,2.8013053,3
48.73,0.76178783,49.32692965786674,8.570711996743826,0,0.40443897,5895.3623,-1.1807432,5,1,false,false,-16.051905,0.11174038,8.202422,2.796185,3
48.712536,0.7619686,49.32693163600735,8.570701266261176,0,0.3970407,5878.3413,-1.2199634,5,1,false,false,-15.904131,-0.2698791,8.4360285,2.7914226,3
48.694424,0.7621492,49.32693370415075,8.570690535778526,0,0.39186186,5872.05,-1.2596664,5,1,false,false,-17.295675,-0.2662402,9.3708935,2.7870686,3
48.67042,0.7623296,49.32693577229415,8.570679805295875,0,0.39013562,5840.7256,-1.2962234,5,1,false,false,-18.061417,-0.6487846,10.594489,2.783459,3
48.64241,0.7625097,49.32693793016594,8.570669212098245,0,0.38816276,5836.4355,-1.3301171,5,1,false,false,-17.93603,-0.87971747,10.940112,2.780058,3
48.602726,0.7626896,49.32694008803774,8.570658619320447,0,0.3864365,5846.6006,-1.3468212,5,1,false,false,-24.525204,-1.6260947,14.250485,2.7763302,3
48.554737,0.7628693,49.32694233591232,8.570647888837795,0,0.38347712,5844.8237,-1.3613465,5,1,false,false,-25.11345,-1.6754856,15.131838,2.7708352,3
48.512623,0.7630487,49.326944583786904,8.570637433345018,0,0.38347718,5842.1294,-1.3267272,5,1,false,false,-26.157495,-1.4190576,15.213298,2.7637455,3
48.473495,0.7632278,49.32694692166428,8.570626840567218,0,0.38347718,5824.227,-1.2800035,5,1,false,false,-22.143688,-1.1780639,13.6128,2.7565577,3
48.438545,0.7634068,49.326949349270045,8.570616385074441,0,0.38471028,5819.8125,-1.2356989,5,1,false,false,-21.746374,-1.1218512,13.131753,2.7502377,3
48.401688,0.76358557,49.32695177715021,8.570605929581662,0,0.393095,5825.1074,-1.2165732,5,1,false,false,-22.328297,-1.4093959,12.374254,2.7444196,3
48.367424,0.7637642,49.32695429475877,8.570595474508716,0,0.40567198,5829.4717,-1.2139102,5,1,false,false,-21.236446,-1.2286899,11.177877,2.7383351,3
48.336945,0.7639426,49.32695681236733,8.570585156720789,0,0.4268804,5835.465,-1.2177835,5,1,false,false,-19.83371,-0.9680898,10.73497,2.731754,3
48.31009,0.76412076,49.326959419704274,8.570574838932862,0,0.45672014,5842.2954,-1.2269833,5,1,false,false,-19.887676,-0.8168839,11.542351,2.7247722,3
48.286823,0.76429886,49.32696202731562,8.570564521144934,0,0.52182484,5853.1943,-1.2340044,5,1,false,false,-19.032558,-0.5713705,10.610886,2.7175543,3
48.267235,0.7644768,49.326964724929766,8.570554203357009,0,0.58495694,5867.8315,-1.2376366,5,1,false,false,-19.429232,-0.33853525,11.274891,2.7100327,3
48.252422,0.76465464,49.326967422269504,8.570543885569082,0,0.6545005,5883.151,-1.2395725,5,1,false,false,-19.935942,0.025760181,11.694285,2.7019224,3
48.242786,0.76483226,49.326970209612035,8.570533705066175,0,0.7311961,5892.0264,-1.2376363,5,1,false,false,-20.524654,0.39853686,11.996982,2.6932898,3
48.238712,0.7650099,49.32697299695457,8.5705235249831,0,0.8194822,5897.0415,-1.2347302,5,1,false,false,-20.274126,0.8494122,11.303043,2.684251,3
48.240635,0.76518756,49.32697587429989,8.570513344900025,0,0.9085079,5898.289,-1.2313411,5,1,false,false,-20.334902,1.1463094,11.570277,2.6751807,3
48.243866,0.76536506,49.32697884137361,8.57050330210197,0,0.99999994,5891.14,-1.2286787,5,1,false,false,-22.17088,1.2248498,13.596796,2.666294,3
48.24482,0.76554257,49.326981718718926,8.570493122018897,0,1,5885.322,-1.2245635,5,1,false,false,-23.393597,1.12068,14.207502,2.657376,3
48.241776,0.7657201,49.32698477579544,8.57048307922084,0,1,5892.1895,-1.2148794,5,1,false,false,-22.928709,0.9884788,13.136924,2.6481695,3
48.241444,0.7658977,49.32698783287194,8.57047303684262,0,1,5903.6475,-1.2005957,5,1,false,false,-21.221838,1.2383659,12.071394,2.63873,3
48.244263,0.76607513,49.32699097995124,8.570463131749415,0,1,5897.86,-1.1863121,5,1,false,false,-21.748507,1.4475482,12.08082,2.6295545,3
48.247726,0.7662525,49.32699412703054,8.570453226656213,0,1,5883.947,-1.1812272,5,1,false,false,-22.31787,1.4102408,13.124292,2.620877,3
48.247013,0.7664301,49.326997363838224,8.57044332156301,0,1,5882.771,-1.178806,5,1,false,false,-22.583132,1.104739,12.858042,2.6126485,3
48.243546,0.76660764,49.327000600920314,8.570433416469807,0,1,5897.2627,-1.1778389,5,1,false,false,-21.784483,1.0836796,11.976382,2.604517,3
48.242786,0.766785,49.32700392773079,8.570423648661624,0,1,5907.99,-1.1749327,5,1,false,false,-20.476124,1.2868333,11.022131,2.5964346,3
48.246307,0.76696235,49.327007344544064,8.570413743568421,0,1,5903.08,-1.1727539,5,1,false,false,-20.515526,1.4937682,11.297598,2.5886202,3
48.250694,0.76714,49.327010761357336,8.57040397618007,0,1,5894.111,-1.1732389,5,1,false,false,-20.892403,1.4620275,12.253875,2.581184,3
48.251167,0.7673175,49.32701417789621,8.570394346496572,0,1,5893.019,-1.1739643,5,1,false,false,-21.522106,1.2209827,12.846681,2.5739923,3
48.25036,0.7674948,49.32701768471227,8.57038471639324,0,1,5904.3667,-1.17227,5,1,false,false,-20.884209,1.2280315,11.882883,2.5667207,3
48.25219,0.7676722,49.32702128125672,8.57037508628991,0,1,5908.6562,-1.1671858,5,1,false,false,-19.950882,1.4441779,10.673513,2.5594244,3
48.258144,0.7678496,49.32702487780118,8.57036545660641,0,1,5901.0576,-1.1630703,5,1,false,false,-19.61475,1.6318682,10.826185,2.5523467,3
48.264233,0.76802695,49.32702847462003,8.57035582650308,0,1,5889.424,-1.1587127,5,1,false,false,-20.006195,1.4734824,11.18274,2.5457833,3
48.267616,0.7682042,49.32703216089288,8.5703463341046,0,1,5890.045,-1.1555642,5,1,false,false,-19.531202,1.3086869,10.557216,2.5396953,3
48.270226,0.76838124,49.327035937442915,8.570336841706121,0,1,5904.3193,-1.150965,5,1,false,false,-18.03299,1.2043191,9.24563,2.5339375,3
48.273838,0.7685581,49.327039713992946,8.570327349307643,0,1,5919.2593,-1.1475755,5,1,false,false,-17.556833,1.2411951,9.499425,2.5283132,3
48.278812,0.76873493,49.327043490268586,8.570317994614015,0,1,5928.549,-1.1441867,5,1,false,false,-17.500679,1.319875,9.772768,2.522492,3
48.28345,0.7689118,49.32704735654701,8.570308639920388,0,1,5934.919,-1.135956,5,1,false,false,-17.71773,1.2157573,10.333399,2.5163534,3
48.28683,0.7690884,49.32705122309984,8.570299285226762,0,1,5948.3965,-1.1265137,5,1,false,false,-18.762451,1.3482168,11.271457,2.509719,3
48.293583,0.76926494,49.32705517938106,8.570289930113303,0,1,5950.293,-1.118283,5,1,false,false,-19.419832,1.6310884,10.939853,2.5025146,3
48.305244,0.76944155,49.327059135387884,8.570280713124527,0,1,5926.5693,-1.1090832,5,1,false,false,-18.10229,1.9052515,9.953468,2.4950366,3
48.319958,0.76961803,49.3270630916691,8.57027149571592,0,1,5910.2915,-1.1013347,5,1,false,false,-17.446747,1.9282047,9.750326,2.4879072,3
48.332123,0.76979446,49.32706713795311,8.570262278727144,0,1,5902.069,-1.1015769,5,1,false,false,-18.51944,1.7174885,10.541564,2.481656,3
48.339195,0.76997083,49.327071273965515,8.570253199023389,0,1,5895.5415,-1.1119875,5,1,false,false,-18.606796,1.3839749,10.329721,2.4761932,3
48.342117,0.77014726,49.32707541025231,8.570243981614782,0,1,5911.242,-1.1240923,5,1,false,false,-17.728405,1.103993,9.928427,2.4708996,3
48.3438,0.7703236,49.32707954626471,8.570235039615879,0,1,5939.9307,-1.1315975,5,1,false,false,-17.396755,1.1165828,9.945914,2.4652774,3
48.347244,0.7704997,49.32708377227991,8.570225959912124,0,1,5950.761,-1.1352295,5,1,false,false,-18.209654,1.2970829,10.529802,2.4592,3
48.35388,0.7706759,49.327087998295106,8.570216880208369,0,1,5948.87,-1.1352292,5,1,false,false,-18.166128,1.5047854,11.396364,2.4525323,3
48.3615,0.770852,49.3270922243103,8.570207938209464,0,1,5943.634,-1.1315972,5,1,false,false,-19.430714,1.573815,11.184124,2.4453886,3
48.369846,0.7710281,49.32709654005388,8.570199133915413,0,1,5930.26,-1.1282071,5,1,false,false,-20.290524,1.6464387,10.85901,2.4379396,3
48.382286,0.7712041,49.32710094607466,8.570190191496678,0,1,5912.791,-1.1231232,5,1,false,false,-11.844331,1.8433894,8.423236,2.430727,3
48.409363,0.7713801,49.32710526181824,8.570181387202627,0,1,5902.1353,-1.1207029,5,1,false,false,-7.8386774,2.2771077,2.5189528,2.425662,3
48.431637,0.77155626,49.32710966783902,8.570172582488743,0,1,5904.907,-1.1579864,5,1,false,false,-11.059427,1.1887325,2.5143983,2.4233282,3
48.42206,0.77173215,49.327114163588185,8.570163778194692,0,1,5945.199,-1.205437,5,1,false,false,-7.258875,-1.031201,3.303287,2.422297,3
48.39421,0.771908,49.32711856933456,8.570154973480808,0,1,6112.6816,-1.2277102,5,1,false,false,-14.126985,-1.1469606,6.544932,2.4202683,3
48.36991,0.7720836,49.327123065083725,8.570146169186756,0,1,6232.5557,-1.2197206,5,1,false,false,-16.866833,-0.09133283,9.739705,2.4153314,3
48.3727,0.7722591,49.3271275608329,8.570137502177726,0,1,6212.7656,-1.155081,5,1,false,false,-10.2591505,0.7148978,5.5445876,2.407834,3
48.3748,0.77243453,49.327132056582066,8.570128835168694,0,1,6253.497,-1.0797881,5,1,false,false,-17.321394,1.3436282,10.45391,2.3989885,3
48.367413,0.77260995,49.32713655233123,8.570120168159661,0,1,6293.034,-1.0095793,5,1,false,false,-15.033006,-0.1997417,7.6048045,2.3890467,3
48.369793,0.7727852,49.32714113808319,8.570111638855483,0,1,6325.7783,-0.9616433,5,1,false,false,-14.812618,3.1469383,9.314371,2.378874,3
48.434258,0.77296054,49.32714572356075,8.57010297184645,0,1,6240.512,-0.94663405,5,1,false,false,-16.001198,5.736496,9.581582,2.3687985,3
48.503757,0.77313614,49.3271503993155,8.570094442542272,0,1,5942.351,-0.94953936,5,1,false,false,-17.56413,4.5877957,8.463582,2.3609738,3
48.521984,0.77331185,49.32715507479585,8.570085913238092,0,1,5918.8574,-0.9664858,5,1,false,false,-20.835758,1.4947488,12.491125,2.354631,3
48.534225,0.7734875,49.32715984027899,8.570077521638764,0,1,6046.8906,-0.96576005,5,1,false,false,-8.883997,1.9406452,5.23056,2.3495684,3
48.54341,0.77366316,49.32716451575934,8.570068991914752,0,1,5993.2056,-0.9865798,5,1,false,false,-1.751093,-0.33347425,-0.49292958,2.347926,3
48.5371,0.77383876,49.32716928124248,8.570060600315426,0,1,6105.0215,-1.0311267,5,1,false,false,-8.27506,0.23517866,2.0988686,2.3471668,3
48.51834,0.7740143,49.32717404700002,8.570052208296266,0,1,6253.5244,-1.0730098,5,1,false,false,-6.9183683,-1.7075998,2.7259717,2.3458679,3
48.48787,0.77418953,49.32717881248316,8.570043816696938,0,1,6339.2373,-1.0640516,5,1,false,false,-5.14889,-1.3750577,1.3457437,2.3431845,3
48.468212,0.77436465,49.3271835779663,8.570035424677778,0,1,6528.796,-1.0078845,5,1,false,false,-6.7160416,-1.4360546,2.0924778,2.3397725,3
48.485607,0.77453965,49.32718834344945,8.57002703307845,0,1,6620.4214,-0.94106615,5,1,false,false,-19.611677,4.2548513,11.461131,2.3348262,3
48.516937,0.77471477,49.32719319866098,8.570018778764142,0,1,6371.756,-0.83865714,5,1,false,false,-20.773476,2.2643945,12.499706,2.3276026,3
48.51501,0.7748899,49.32719805414691,8.570010524449835,0,1,6350.241,-0.72753245,5,1,false,false,-18.400583,0.3779592,9.677733,2.3194885,3
48.494423,0.775065,49.327202909632845,8.57000227055536,0,1,6566.022,-0.6205226,5,1,false,false,-10.934665,-0.3344091,5.935655,2.31175,3
48.528008,0.77524006,49.32720785484717,8.569994016241052,0,1,6560.919,-0.5563649,5,1,false,false,-7.0172143,5.8003426,2.6771364,2.305993,3
48.62668,0.7754153,49.32721280033589,8.569985899631597,0,1,6285.2886,-0.5408696,5,1,false,false,-9.724833,5.788974,2.5949368,2.3029757,3
48.697693,0.77559084,49.32721774555022,8.569977645317287,0,1,6079.495,-0.54668003,5,1,false,false,-15.388933,4.741112,8.285538,2.3012745,3
48.723186,0.77576655,49.32722269076454,8.569969528707832,0,1,6078.607,-0.52658504,5,1,false,false,-20.416801,1.7671497,12.033761,2.2994058,3
48.720753,0.7759424,49.32722772598166,8.569961412098376,0,1,6106.693,-0.45903808,5,1,false,false,-19.91591,0.8720309,15.721155,2.2956655,3
48.708576,0.7761181,49.327232851201565,8.569953432773941,0,1,6146.625,-0.32466862,5,1,false,false,-19.430067,0.2698031,12.148226,2.2913265,3
48.69256,0.7762939,49.32723788641868,8.569945453869337,0,1,6245.3325,-0.21378359,5,1,false,false,-17.26533,-0.026520073,9.562006,2.2863653,3
48.680786,0.77646965,49.327243011638586,8.5699374745449,0,1,6334.257,-0.11718137,5,1,false,false,-14.667241,0.25143796,7.583343,2.280309,3
48.675926,0.77664536,49.327248226861286,8.569929633345149,0,1,6387.6157,-0.053990822,5,1,false,false,-12.201864,0.5654744,6.234931,2.2734525,3
48.674908,0.776821,49.327253351806796,8.569921791725566,0,1,6450.3174,-0.02735773,5,1,false,false,-11.6290865,0.63525677,5.4673157,2.2663248,3
48.672234,0.7769968,49.32725856702949,8.569913950105981,0,1,6503.468,-0.033895694,5,1,false,false,-7.1002584,1.1057847,3.4105816,2.259556,3
48.77357,0.7771726,49.32726378197779,8.569906108486398,0,1,6436.36,-0.066095814,5,1,false,false,-6.296508,8.088117,6.301508,2.2541559,3
48.86527,0.77734894,49.327268997200484,8.569898267286645,0,1,6024.709,-0.13848712,5,1,false,false,-20.460222,5.8257933,17.743467,2.2511237,3
48.915462,0.77752537,49.32727430215158,8.569890562952082,0,1,5916.384,-0.20288828,5,1,false,false,-21.440832,3.2564797,22.108452,2.248813,3
48.92365,0.7777023,49.32727960710267,8.56988285903735,0,1,6036.636,-0.18303563,5,1,false,false,-17.864452,1.0551965,25.184027,2.2467291,3
48.931034,0.7778792,49.327284912053756,8.569875155122617,0,1,5992.681,-0.15712908,5,1,false,false,-17.727625,2.1483045,19.501513,2.2450616,3
48.949566,0.7780561,49.32729030700764,8.569867451207886,0,1,5934.381,-0.13098197,5,1,false,false,-16.938059,1.7000396,17.715988,2.2441792,3
48.958366,0.7782334,49.32729570196152,8.569859884998005,0,1,5980.745,-0.12735017,5,1,false,false,-14.512497,1.4234998,13.236735,2.2440834,3
48.971016,0.7784115,49.32730118664379,8.569852318368293,0,1,6012.911,-0.13049795,5,1,false,false,-11.828396,1.4359639,13.170471,2.2446125,3
48.98798,0.77858967,49.32730667160046,8.569844889863266,0,1,6001.5767,-0.14042424,5,1,false,false,-10.622282,1.7131684,10.840929,2.2457063,3
49.010612,0.77876794,49.327312066279944,8.569837323233553,0,1,6021.624,-0.15519293,5,1,false,false,-8.579655,1.8806782,8.97454,2.2469835,3
49.035046,0.7789465,49.327317640965006,8.569829894728525,0,1,6032.976,-0.16584487,5,1,false,false,-9.014081,1.7987274,8.773835,2.2484539,3
49.059765,0.7791254,49.32732312592168,8.569822465803664,0,1,6031.378,-0.18109848,5,1,false,false,-8.155942,1.9875617,8.492266,2.249863,3
49.090202,0.7793043,49.32732861060395,8.569815036878804,0,1,6037.7915,-0.1912673,5,1,false,false,-7.124337,1.9684954,8.972137,2.2510738,3
49.117485,0.7794834,49.327334185563416,8.569807607953944,0,1,6044.366,-0.19296193,5,1,false,false,-6.773226,2.0429382,7.9945664,2.2521896,3
49.151516,0.77966255,49.32733976024848,8.569800316733936,0,1,6051.419,-0.19296196,5,1,false,false,-6.8295093,2.1581855,9.810412,2.253187,3
49.185123,0.77984196,49.32734533493354,8.569792888228909,0,1,6033.204,-0.18594092,5,1,false,false,-7.0205135,2.322939,9.612797,2.2540429,3
49.21323,0.7800214,49.3273509096186,8.569785459304049,0,1,6029.864,-0.18981418,5,1,false,false,-7.0804396,1.6401719,10.278335,2.2546082,3
49.237595,0.780201,49.32735648430367,8.56977816808404,0,1,6067.641,-0.18884522,5,1,false,false,-6.809834,1.8373703,10.549008,2.2546015,3
49.272568,0.7803807,49.32736205898873,8.569770876864032,0,1,6079.041,-0.18836203,5,1,false,false,-2.5507653,2.1626453,6.0336704,2.2541854,3
49.310677,0.7805606,49.32736772367659,8.569763447939172,0,1,6050.5586,-0.19296198,5,1,false,false,-2.358513,2.3198612,3.8816028,2.2542036,3
49.349575,0.7807406,49.32737338836444,8.569756156719164,0,1,6049.8867,-0.21136245,5,1,false,false,-3.1428213,2.3062086,7.160046,2.2547,3
49.373592,0.78092074,49.327378963049505,8.569748865499156,0,1,6051.7324,-0.23194158,5,1,false,false,-5.036075,0.66401863,9.191733,2.2553763,3
49.380848,0.78110105,49.32738462773736,8.569741574279147,0,1,6128.657,-0.26777345,5,1,false,false,-7.2396274,0.56742907,10.196289,2.255307,3
49.398315,0.78128123,49.327390292425214,8.569734145354287,0,1,6216.865,-0.29343757,5,1,false,false,-6.07348,1.2556434,7.680449,2.2540493,3
49.431488,0.78146166,49.32739595711307,8.569726991839131,0,1,6197.126,-0.30312136,5,1,false,false,-7.6461487,2.726588,13.872311,2.2517817,3
49.495872,0.78164226,49.327401621800924,8.569719700619123,0,1,6118.083,-0.29561526,5,1,false,false,-9.961123,4.146108,16.163908,2.248404,3
49.55224,0.78182316,49.327407376217174,8.569712409399115,0,1,6001.0015,-0.27697322,5,1,false,false,-8.39909,2.9320798,11.436348,2.2442775,3
49.59172,0.7820042,49.327413130770616,8.569705118179106,0,1,5998.4565,-0.25784713,5,1,false,false,-7.0676994,2.242061,11.754985,2.2401602,3
49.618977,0.7821854,49.32741879545847,8.569697964244117,0,1,6021.465,-0.24574126,5,1,false,false,-7.6649175,1.5848229,12.594929,2.236638,3
49.64552,0.7823668,49.32742455001192,8.56969081072896,0,1,5999.8296,-0.23823614,5,1,false,false,-6.1237435,1.5667682,8.73801,2.2338095,3
49.66226,0.78254825,49.327430394430955,8.569683519508953,0,1,6035.248,-0.23629901,5,1,false,false,-5.319673,0.8744525,9.16064,2.2314253,3
49.677696,0.78272974,49.327436148984404,8.569676365993796,0,1,6116.3027,-0.23896268,5,1,false,false,-5.3022113,0.8922272,8.352596,2.2288907,3
49.69887,0.78291136,49.32744190353785,8.569669212058809,0,1,6133.25,-0.24525718,5,1,false,false,-3.8966327,1.1856897,5.9257283,2.2261336,3
49.712585,0.78309315,49.32744774809409,8.569662058543653,0,1,6161.847,-0.255426,5,1,false,false,-3.5125465,1.0882444,4.182326,2.2233827,3
49.74651,0.78327495,49.327453502647536,8.569654905028496,0,1,6221.883,-0.26656288,5,1,false,false,-3.757083,1.3146863,6.263042,2.2205896,3
49.765377,0.78345686,49.32745934706657,8.569647751093507,0,1,6194.759,-0.2740681,5,1,false,false,-3.9756665,0.9923437,4.815053,2.2178948,3
49.788532,0.78363895,49.32746519162281,8.569640597578351,0,1,6258.7046,-0.28665796,5,1,false,false,-9.167731,1.5726304,10.016665,2.2148283,3
49.817177,0.78382117,49.32747103604185,8.569633581348215,0,1,6267.958,-0.29246843,5,1,false,false,-10.129009,2.1894379,11.56905,2.2107005,3
49.850887,0.7840035,49.327476880460885,8.56962642783306,0,1,6208.4253,-0.26244795,5,1,false,false,-8.766681,1.6714553,12.333487,2.2055638,3
49.892887,0.78418595,49.32748272501712,8.569619411602922,0,1,6214.4414,-0.21450925,5,1,false,false,-6.4752007,3.4936492,9.639818,2.1997738,3
49.95585,0.78436875,49.32748865943895,8.569612395372786,0,1,6124.452,-0.16729796,5,1,false,false,-8.137386,3.12026,7.2782006,2.1949959,3
49.99861,0.78455174,49.32749459372358,8.569605379562482,0,1,6013.853,-0.15858218,5,1,false,false,-7.9425373,2.3848886,10.836914,2.1919456,3
50.0222,0.78473485,49.32750052814541,8.569598363332345,0,1,6087.596,-0.14817095,5,1,false,false,-6.2051845,0.93464977,7.8908453,2.190319,3
50.025646,0.78491807,49.327506462567236,8.56959134710221,0,1,6160.019,-0.15398237,5,1,false,false,-6.6023574,0.072349206,7.067928,2.1893983,3
50.027596,0.78510135,49.327512396989064,8.569584331291905,0,1,6232.358,-0.15955122,5,1,false,false,-7.698554,0.44404662,6.413212,2.1878092,3
50.025864,0.78528464,49.327518331273694,8.56957745276662,0,1,6325.81,-0.16850848,5,1,false,false,-8.917564,0.91501033,8.439409,2.1849794,3
50.059666,0.785468,49.327524355698316,8.569570436536484,0,1,6356.275,-0.17165627,5,1,false,false,-10.830235,2.7967765,10.759769,2.1806443,3
50.11534,0.7856516,49.327530289982946,8.569563558011199,0,1,6241.8984,-0.16705635,5,1,false,false,-11.016265,3.749071,10.5293665,2.1752083,3
50.176643,0.7858355,49.32753631427037,8.569556679485915,0,1,6142.4653,-0.1445401,5,1,false,false,-11.943683,3.5378137,12.2699795,2.1693842,3
50.217575,0.78601956,49.32754242856058,8.56954980096063,0,1,6098.3,-0.11645484,5,1,false,false,-14.738399,2.5592933,13.791515,2.1640477,3
50.247528,0.7862038,49.327548452848,8.569543060140198,0,1,6090.665,-0.09030769,5,1,false,false,-15.338846,1.9520221,15.087907,2.159561,3
50.26932,0.7863882,49.32755456713821,8.569536318899933,0,1,6093.728,-0.056169517,5,1,false,false,-15.884413,1.8273088,17.533901,2.1556435,3
50.295094,0.78657275,49.32756068129122,8.569529578079502,0,1,6106.1294,-0.03147358,5,1,false,false,-12.15614,2.1514757,13.373402,2.1520998,3
50.324135,0.78675735,49.327566795444234,8.569522837259068,0,1,6107.5034,-0.015979279,5,1,false,false,-11.449283,2.3461704,10.390164,2.1494362,3
50.35683,0.78694224,49.32757299960004,8.569516233723656,0,1,6086.7173,-0.027842725,5,1,false,false,-11.029649,2.4882467,11.257679,2.1477804,3
50.393112,0.7871272,49.32757920375584,8.569509492903224,0,1,6050.17,-0.05156962,5,1,false,false,-9.415721,2.3508787,8.322926,2.1477334,3
50.413662,0.78731227,49.32758531804605,8.569503027072663,0,1,6051.0073,-0.09297045,5,1,false,false,-9.536673,0.8687934,8.752157,2.14947,3
50.426914,0.7874974,49.327591612067444,8.56949642353725,0,1,6108.573,-0.14187731,5,1,false,false,-6.3608274,0.79477155,7.329833,2.1514523,3
50.430145,0.7876827,49.327597816223246,8.56948982042167,0,1,6171.9736,-0.16366705,5,1,false,false,-5.623847,-0.16293234,5.79443,2.15296,3
50.433334,0.787868,49.32760402037905,8.569483216886256,0,1,6262.1953,-0.187394,5,1,false,false,-5.590417,1.1212631,5.194662,2.1534595,3
50.465992,0.7880534,49.327610314400445,8.569476751055696,0,1,6301.2363,-0.17819329,5,1,false,false,-5.7873583,1.2119732,7.9570217,2.15296,3
50.47132,0.7882389,49.32761651855625,8.569470285225135,0,1,6272.7954,-0.15809816,5,1,false,false,-4.9419603,-0.405305,13.532363,2.1513853,3
50.487183,0.78842443,49.327622812577644,8.569463681689724,0,1,6412.9253,-0.12008661,5,1,false,false,-3.705442,2.5458982,11.361046,2.1490853,3
50.53747,0.7886101,49.32762901673345,8.569457215859163,0,1,6325.458,-0.07699117,5,1,false,false,-5.00337,3.5092678,17.743216,2.146528,3
50.608395,0.78879607,49.327635310754836,8.569450750448434,0,1,6098.7954,-0.046484746,5,1,false,false,-4.588709,4.7433567,11.381822,2.1443005,3
50.634834,0.7889823,49.32764160477623,8.569444284617873,0,1,6047.197,-0.027357742,5,1,false,false,-3.5207987,-0.05011635,10.982008,2.1431415,3
50.630447,0.78916854,49.32764789879763,8.569437818787312,0,1,6148.101,-0.029294876,5,1,false,false,-4.929435,0.39918146,14.289906,2.1430166,3
50.642,0.78935486,49.327654192819026,8.569431352956752,0,1,6145.056,-0.04212737,5,1,false,false,-4.1254835,0.22116105,13.772604,2.1434624,3
50.643974,0.78954107,49.32766057684321,8.56942488712619,0,1,6143.3564,-0.067791395,5,1,false,false,-5.0697613,0.53132844,23.184685,2.1440427,3
50.67577,0.7897274,49.327666870864604,8.56941842129563,0,1,6241.1035,-0.08667593,5,1,false,false,-3.1014543,1.9786056,10.309146,2.1441648,3
50.708485,0.7899138,49.327673164885994,8.56941195546507,0,1,6184.861,-0.1326766,5,1,false,false,-1.4377067,1.7908822,2.9477696,2.1444495,3
50.74732,0.79010034,49.32767954891018,8.56940562691953,0,1,6151.7065,-0.19078328,5,1,false,false,-0.8044868,2.2575018,4.282706,2.1454194,3
50.762535,0.790287,49.32768584293158,8.5693991615088,0,1,6161.7725,-0.23605743,5,1,false,false,0.21287814,0.1957188,2.7014441,2.1469736,3
50.75114,0.7904737,49.32769222695576,8.569392695678241,0,1,6262.752,-0.27697325,5,1,false,false,-5.2811713,-0.565362,6.6543283,2.1484818,3
50.746372,0.7906603,49.32769852097716,8.569386367132699,0,1,6410.7124,-0.31256366,5,1,false,false,-4.9743867,-0.7361557,4.6195974,2.148845,3
50.72711,0.7908469,49.32770490486414,8.569379901302138,0,1,6501.7495,-0.2842368,5,1,false,false,-4.3303504,-1.1659869,5.8466496,2.1480157,3
50.71894,0.79103345,49.32771119902274,8.56937357317643,0,1,6669.2114,-0.2430785,5,1,false,false,-2.4149241,1.2818509,2.6877136,2.1462538,3
50.755722,0.79122007,49.32771758290972,8.569367107345869,0,1,6682.7847,-0.17117223,5,1,false,false,-2.2600253,1.1744088,10.09294,2.143806,3
50.78564,0.7914068,49.32772396693391,8.56936077922016,0,1,6549.572,-0.10846566,5,1,false,false,-3.171126,1.4963251,24.675066,2.1407347,3
50.889465,0.7915938,49.32773035082089,8.569354451094451,0,1,6539.0015,-0.057380095,5,1,false,false,-0.4888674,9.120641,9.726603,2.1374097,3
50.99355,0.7917812,49.32773673484508,8.56934798526389,0,1,6221.597,-0.06585427,5,1,false,false,-4.995026,6.433454,6.107828,2.1349561,3
51.08781,0.79196894,49.327743118732066,8.56934165671835,0,1,6040.2134,-0.07626463,5,1,false,false,-3.2017987,5.553101,6.414895,2.133085,3
51.08394,0.7921569,49.32774959262184,8.56933519088779,0,1,6071.1616,-0.058833204,5,1,false,false,-0.23319264,-0.9757469,5.546726,2.1325083,3
51.070934,0.7923448,49.32775597664603,8.569328862762081,0,1,6248.171,-0.055200472,5,1,false,false,-3.8906822,-1.1508693,6.045589,2.1328897,3
51.06101,0.7925326,49.32776245053581,8.569322534636372,0,1,6341.745,-0.06997009,5,1,false,false,-3.1498647,-0.5142647,10.321933,2.13264,3
51.04696,0.7927205,49.32776883442279,8.569316206090832,0,1,6433.0464,-0.033653207,5,1,false,false,-1.4220843,-1.0863782,16.341703,2.1319351,3
51.120514,0.7929084,49.32777530831257,8.569309877965123,0,1,6527.098,-0.0019371333,5,1,false,false,-1.5127187,6.0896707,18.922644,2.1310036,3
51.214302,0.7930966,49.32778169233676,8.569303412134563,0,1,6173.2207,0.015736787,5,1,false,false,-2.8177397,4.239922,15.298427,2.130785,3
51.273327,0.79328513,49.32778816622653,8.569297084008854,0,1,6039.789,0.004600819,5,1,false,false,-3.4819388,2.622693,10.969591,2.1312554,3
51.281693,0.79347384,49.32779464011631,8.569290755883145,0,1,6237.7324,-0.023484401,5,1,false,false,-1.834208,0.106697835,10.175505,2.13193,3
51.29686,0.79366255,49.327801114006085,8.569284427337605,0,1,6252.4175,-0.02977987,5,1,false,false,-1.7455783,1.5175092,10.879274,2.132863,3
51.328236,0.7938514,49.32780758789586,8.569278099211896,0,1,6175.4585,-0.053990804,5,1,false,false,-2.0366373,1.7157571,11.253663,2.133642,3
51.34973,0.7940402,49.32781406164844,8.569271633381335,0,1,6242.745,-0.05350676,5,1,false,false,-1.4811543,0.9745257,8.963144,2.1340036,3
51.36416,0.79422915,49.327820535538216,8.569265305255627,0,1,6327.9727,-0.045275107,5,1,false,false,-1.1159647,1.6880281,7.816659,2.134056,3
51.401703,0.7944182,49.32782700942799,8.569258977129918,0,1,6305.498,-0.03389569,5,1,false,false,-0.41064125,2.31058,8.518791,2.133878,3
51.44152,0.7946074,49.32783348331777,8.569252648584376,0,1,6253.0674,-0.016221773,5,1,false,false,-0.5144799,2.3263762,8.195314,2.133573,3
51.476776,0.79479676,49.32784004707314,8.569246320458669,0,1,6274.5024,9.369105e-07,5,1,false,false,-0.1820883,1.9699646,8.348715,2.1331959,3
51.50875,0.79498625,49.327846520962915,8.56923999233296,0,1,6279.1675,0.016221773,5,1,false,false,0.06832637,1.9585817,9.915251,2.1328652,3
51.543045,0.79517585,49.32785299485269,8.5692335265024,0,1,6260.8057,0.03244355,5,1,false,false,0.35282433,2.061054,9.91597,2.1326573,3
51.575523,0.7953655,49.32785955874526,8.56922719837669,0,1,6263.6567,0.046244137,5,1,false,false,0.42001086,1.871717,9.6118355,2.1326313,3
51.60681,0.7955554,49.32786603249784,8.569220869831149,0,1,6273.6133,0.059559736,5,1,false,false,0.68615204,1.9102515,10.815763,2.1328065,3
51.639194,0.7957454,49.32787259639041,8.569214404000588,0,1,6266.689,0.07045415,5,1,false,false,0.85869336,1.9320569,10.818302,2.1332076,3
51.67059,0.79593545,49.32787907028018,8.56920807587488,0,1,6263.323,0.07820269,5,1,false,false,1.1942966,1.8383652,10.694988,2.1338506,3
51.700462,0.79612565,49.32788563403555,8.569201610044319,0,1,6275.4136,0.08643435,5,1,false,false,1.4129763,1.7757488,10.457076,2.1347413,3
51.73024,0.79631597,49.32789210792533,8.56919528191861,0,1,6278.803,0.09224532,5,1,false,false,1.5965781,1.8101608,10.063326,2.1358526,3
51.760826,0.79650635,49.3278986716807,8.56918881608805,0,1,6277.727,0.09515009,5,1,false,false,1.8810468,1.8387651,10.657486,2.1371489,3
51.79063,0.7966969,49.327905145570476,8.56918235025749,0,1,6282.958,0.09369747,5,1,false,false,2.1703763,1.7633547,10.348878,2.1386065,3
51.819546,0.7968876,49.327911709325846,8.569176022131781,0,1,6290.273,0.08958161,5,1,false,false,2.407993,1.7331667,9.644605,2.140204,3
51.848724,0.7970783,49.32791818321562,8.56916955630122,0,1,6296.546,0.08498128,5,1,false,false,2.4656503,1.78373,9.484614,2.1419039,3
51.878616,0.7972692,49.32792474710819,8.56916309047066,0,1,6299.241,0.08038137,5,1,false,false,2.5173705,1.8087872,9.35781,2.1436372,3
51.908237,0.7974602,49.32793122086077,8.5691566246401,0,1,6301.118,0.07360282,5,1,false,false,2.6421452,1.7550981,8.939906,2.145339,3
51.936764,0.7976513,49.32793778475333,8.569150021104686,0,1,6308.861,0.0668233,5,1,false,false,2.7241259,1.708106,8.874731,2.1469886,3
51.96509,0.79784256,49.3279443485087,8.569143555274126,0,1,6319.188,0.0641596,5,1,false,false,2.8460412,1.698045,9.051072,2.1485915,3
51.993523,0.79803383,49.32795082239848,8.569137089443565,0,1,6325.9346,0.060044706,5,1,false,false,3.0350428,1.7326803,9.187544,2.1501603,3
52.02257,0.7982253,49.32795738615385,8.569130485908152,0,1,6332.766,0.05423331,5,1,false,false,3.0252929,1.7616036,8.653393,2.151719,3
52.052574,0.7984168,49.327963860043624,8.569124020497423,0,1,6337.579,0.049390934,5,1,false,false,3.0616221,1.8302044,9.101453,2.1532352,3
52.083496,0.7986084,49.327970423798995,8.569117416962012,0,1,6337.088,0.0452751,5,1,false,false,3.1930544,1.8868135,9.774699,2.1546807,3
52.114372,0.7988002,49.32797689768877,8.5691108134266,0,1,6335.89,0.044306997,5,1,false,false,3.3551347,1.8240521,9.565434,2.1560388,3
52.144375,0.79899204,49.32798346158134,8.569104347596038,0,1,6339.905,0.044306993,5,1,false,false,3.368373,1.8120799,9.942655,2.1573324,3
52.174675,0.799184,49.327989935471116,8.569097744480457,0,1,6344.379,0.04624413,5,1,false,false,3.5349824,1.8546398,10.255441,2.1585808,3
52.205166,0.79937613,49.32799649922649,8.569091003240192,0,1,6341.6743,0.04818033,5,1,false,false,3.5758924,1.8511658,10.122171,2.1597838,3
52.23553,0.7995683,49.32800297311626,8.569084400124613,0,1,6342.425,0.05011747,5,1,false,false,3.6683748,1.8291798,9.941119,2.1609452,3
52.265438,0.79976064,49.32800953687163,8.5690777965892,0,1,6345.952,0.05447579,5,1,false,false,3.7740598,1.7928903,10.253913,2.1620698,3
52.294933,0.79995304,49.32801601076141,8.569071055768767,0,1,6346.216,0.058591627,5,1,false,false,3.678086,1.788021,9.904335,2.1631615,3
52.324,0.80014557,49.328022484651186,8.569064452233354,0,1,6350.5527,0.063675575,5,1,false,false,3.9975023,1.7324792,10.142732,2.1642396,3
52.352673,0.8003382,49.328029048406556,8.569057711412922,0,1,6356.5103,0.06972851,5,1,false,false,3.837898,1.7581697,9.852925,2.1653688,3
52.38153,0.80053085,49.32803552229633,8.569050970172658,0,1,6359.5913,0.07747614,5,1,false,false,4.001821,1.7297541,10.081917,2.1665444,3
52.41058,0.80072373,49.32804199618611,8.569044229352226,0,1,6363.3623,0.08304509,5,1,false,false,4.049458,1.7787248,10.157359,2.1678002,3
52.439705,0.8009166,49.32804855994148,8.569037488531793,0,1,6366.024,0.08812947,5,1,false,false,4.2033873,1.745897,9.795073,2.1691456,3
52.468636,0.8011096,49.328055033831255,8.569030747291528,0,1,6368.3887,0.094181515,5,1,false,false,4.197059,1.7682526,9.762489,2.1705906,3
52.497593,0.80130273,49.32806150772103,8.569024006471096,0,1,6371.337,0.09829736,5,1,false,false,4.3192754,1.7442257,10.091027,2.1721163,3
52.526005,0.80149597,49.32806798161081,8.569017127945811,0,1,6373.9844,0.10362425,5,1,false,false,4.611719,1.7118767,10.659247,2.1737196,3
52.553925,0.8016892,49.32807454536618,8.56901038712538,0,1,6379.2505,0.10725648,5,1,false,false,4.7347193,1.7125005,10.129233,2.1754444,3
52.582275,0.80188257,49.328081019255954,8.569003508600094,0,1,6384.463,0.10967718,5,1,false,false,4.6218133,1.7290535,8.803595,2.1772718,3
52.610523,0.802076,49.32808749314573,8.56899663007481,0,1,6385.604,0.11500362,5,1,false,false,4.8506775,1.7710832,10.646086,2.1791372,3
52.639557,0.8022695,49.32809396703551,8.568989751549525,0,1,6384.774,0.11863543,5,1,false,false,5.309994,1.7303494,10.581804,2.1810663,3
52.665554,0.8024632,49.32810044092528,8.568982873024241,0,1,6389.783,0.121298134,5,1,false,false,5.3920546,1.5514824,9.807598,2.183107,3
52.692192,0.8026569,49.32810691481506,8.568975994498956,0,1,6406.6797,0.121782206,5,1,false,false,5.4531674,1.7330337,10.348283,2.185323,3
52.720978,0.80285066,49.328113388704836,8.56896897826882,0,1,6404.2046,0.12105707,5,1,false,false,5.8562245,1.8109593,10.80747,2.187637,3
52.750458,0.80304456,49.32811986259461,8.568962099743535,0,1,6394.5205,0.11936196,5,1,false,false,5.9205546,1.8037311,10.190591,2.1900086,3
52.77814,0.8032386,49.3281262464816,8.5689550835134,0,1,6399.942,0.11766685,5,1,false,false,6.0305037,1.6977886,10.599859,2.1923838,3
52.805202,0.80343264,49.32813272037138,8.568948067703095,0,1,6406.6323,0.11524615,5,1,false,false,6.352935,1.7019861,11.211125,2.1947439,3
52.83247,0.80362684,49.328139194261155,8.568941051472958,0,1,6404.0103,0.11355101,5,1,false,false,6.076005,1.7188478,9.669987,2.1970778,3
52.859318,0.8038211,49.32814557828534,8.568934035242822,0,1,6407.336,0.1113723,5,1,false,false,5.9663577,1.6825911,9.842292,2.1993115,3
52.88582,0.80401546,49.32815205217511,8.568926881727666,0,1,6415.127,0.11209794,5,1,false,false,6.3514066,1.6703314,10.510262,2.201458,3
52.911835,0.80420995,49.328158436062104,8.56891972821251,0,1,6415.116,0.113308504,5,1,false,false,6.302776,1.6018364,9.8454485,2.203566,3
52.93637,0.80440444,49.32816490995188,8.568912711982373,0,1,6424.5625,0.113066494,5,1,false,false,5.92208,1.5843927,9.0592785,2.2056959,3
52.96245,0.8045991,49.32817129397606,8.568905558467216,0,1,6438.9326,0.112582,5,1,false,false,6.0467877,1.6566294,9.401815,2.2078645,3
52.989555,0.80479383,49.32817767786305,8.568898404532229,0,1,6433.749,0.112824455,5,1,false,false,6.1059666,1.7333866,9.458729,2.210025,3
53.016537,0.8049887,49.32818415175283,8.56889111331222,0,1,6434.5615,0.11161435,5,1,false,false,5.985306,1.6315233,9.238855,2.2121787,3
53.04208,0.8051836,49.32819053577701,8.568883959797065,0.012629572,0.92823696,6445.8003,0.10943518,5,1,false,false,5.984275,1.5981417,8.771964,2.2143488,3
53.06635,0.8053786,49.328196919664,8.568876668577056,0.0480162,0.829593,6439.5913,0.10652994,5,1,false,false,5.993791,1.4709852,9.301145,2.2165308,3
53.083138,0.80557376,49.328203303688184,8.568869377357048,0.087453835,0.7141802,6412.301,0.10289769,5,1,false,false,5.950263,0.7925227,8.793447,2.2186878,3
53.084076,0.80576885,49.328209687575175,8.56886222342206,0.1259383,0.6027128,6385.4824,0.09878184,5,1,false,false,5.993386,-0.35675222,9.273894,2.2207758,3
53.063824,0.80596393,49.32821607159936,8.568854932202052,0.16370788,0.4868063,6359.4526,0.09515005,5,1,false,false,6.177155,-1.6588594,10.015858,2.2228131,3
53.02208,0.80615896,49.32822236562075,8.568847503697024,0.20588586,0.38298398,6329.541,0.0907922,5,1,false,false,6.216264,-2.9288094,10.35317,2.224817,3
52.95883,0.8063538,49.328228749644936,8.568840212477015,0.25735736,0.27003703,6294.046,0.08352911,5,1,false,false,6.187104,-4.2506304,10.336471,2.226777,3
52.871063,0.8065483,49.32823504366633,8.568832921257007,0.29286316,0.20345256,6267.702,0.07747614,5,1,false,false,6.1629033,-5.781196,10.495944,2.2286415,3
52.761242,0.8067425,49.32824133768773,8.568825630036999,0.321935,0.14180025,6243.01,0.070696644,5,1,false,false,6.0839543,-6.9640136,11.455303,2.2303824,3
52.636406,0.80693626,49.32824763170912,8.568818201112139,0.34540695,0.08803945,6203.5635,0.06464459,5,1,false,false,5.98901,-7.656809,10.452584,2.2320051,3
52.503193,0.80712956,49.32825383586492,8.56881090989213,0.36780655,0.05721332,6137.24,0.059075676,5,1,false,false,5.785494,-8.145088,10.978303,2.2335193,3
52.36221,0.8073223,49.32826012988632,8.568803618672122,0.3899678,0.030579537,6054.7466,0.0554439,5,1,false,false,5.596561,-8.596898,10.596429,2.2349603,3
52.21375,0.80751455,49.328266244176525,8.568796189747262,0.41618016,0.005178789,5977.4263,0.053022712,5,1,false,false,5.271805,-9.064003,10.265896,2.2363248,3
52.04026,0.80770624,49.328272448332335,8.568788898527254,0.43440956,-3.4924597e-10,6132.367,0.051812116,5,1,false,false,4.704826,-11.1171465,10.033389,2.2375753,3
51.856007,0.80789727,49.328278562485345,8.568781607307246,0.45216244,0,6129.7085,0.053749252,5,1,false,false,4.7938848,-10.591381,10.494654,2.238698,3
51.684273,0.8080876,49.32828467677555,8.568774316087238,0.46693683,0,6031.333,0.056896046,5,1,false,false,4.729983,-10.258896,10.768085,2.2398465,3
51.508163,0.8082773,49.32829079092857,8.56876702486723,0.4807578,0,5987.0713,0.06270746,5,1,false,false,4.572435,-10.884199,10.43738,2.2411063,3
51.317654,0.8084664,49.32829690521878,8.568759733647221,0.50101274,0,6011.343,0.06754983,5,1,false,false,4.5362525,-11.409504,8.5392275,2.2424285,3
51.13102,0.8086548,49.3283029295062,8.568752442427213,0.51745504,0.77,6241.43,0.070454136,0,1,false,false,4.2114253,-11.184574,9.371545,2.2438018,3
50.942657,0.8088424,49.32830886379083,8.568745151207205,0.5354462,0.77,6649.02,0.07190723,0,1,false,false,4.485307,-11.329703,10.226855,2.24518,3
50.74854,0.80902946,49.328314888215445,8.568737859987197,0.5520076,0,6643.8813,0.06924447,4,1,false,false,4.3786287,-11.870607,10.153214,2.246557,3
50.540215,0.8092157,49.328320822500075,8.568730706052207,0.5663052,0,6843.047,0.066823296,4,1,false,false,4.441113,-13.48292,8.757702,2.2480185,3
50.299355,0.80940115,49.3283267569219,8.568723552537051,0.58012617,0,7099.6074,0.06488616,4,1,false,false,3.701366,-14.516923,8.864274,2.2497609,3
50.066586,0.80958575,49.328332601340946,8.568716261317043,0.5941857,0,6974.077,0.06367558,4,1,false,false,3.9530957,-13.57918,8.95198,2.2516556,3
49.84422,0.80976945,49.32833844589718,8.568709107801887,0.61146194,0,6855.0366,0.06319152,4,1,false,false,4.0896606,-12.941903,9.112958,2.2535741,3
49.630123,0.8099524,49.32834420045063,8.5687019538669,0.6259977,0,6739.307,0.065612696,4,1,false,false,4.448518,-12.891251,9.147923,2.2554126,3
49.409668,0.8101346,49.328350044869666,8.568694938056595,0.6405339,0,6767.6816,0.070454136,4,1,false,false,4.259239,-13.986092,8.58732,2.2573185,3
49.16564,0.81031585,49.328355799423115,8.568687784121606,0.6545932,0,6791.5415,0.07505494,4,1,false,false,4.899076,-14.196279,9.753741,2.259278,3
48.931274,0.81049633,49.32836146411097,8.56868063060645,0.66936743,0,6679.2334,0.06972854,4,1,false,false,4.8428645,-14.021973,9.203433,2.2615008,3
48.69657,0.8106759,49.328367128798824,8.568673614376314,0.6859287,0,6574.9434,0.068033904,4,1,false,false,4.7686095,-13.790268,9.268304,2.2639916,3
48.438343,0.81085455,49.32837279334948,8.56866659856601,0.70177525,0,6591.4062,0.064644605,4,1,false,false,5.2328444,-15.944558,9.752965,2.266608,3
48.17178,0.81103235,49.32837836817174,8.568659582335872,0.71285605,0,6648.754,0.057138544,4,1,false,false,5.702147,-15.790347,9.633757,2.268934,3
47.910152,0.8112091,49.3283839428568,8.568652566105737,0.7214347,0,6602.296,0.05471736,4,1,false,false,5.7541385,-15.492509,11.023013,2.2711258,3
47.650364,0.81138504,49.328389517541865,8.568645550295432,0.7253663,0,6508.538,0.05495985,4,1,false,false,6.2560387,-15.4345665,10.578697,2.2734103,3
47.396027,0.81156015,49.32839500236134,8.568638671770147,0.7234602,0,6482.9434,0.05229617,4,1,false,false,5.8336525,-15.608848,10.906958,2.2758064,3
47.13405,0.8117343,49.32840039731522,8.568631793244863,0.7135709,0,6464.0825,0.056896042,4,1,false,false,6.1129937,-15.8023815,10.389445,2.2783473,3
46.867558,0.8119076,49.3284057921319,8.568624777014728,0.7022519,0,6417.897,0.058833186,4,1,false,false,6.4322133,-15.629854,10.348209,2.2809744,3
46.608437,0.8120797,49.328411187085784,8.568617898489443,0.6953414,0,6412.266,0.06440211,4,1,false,false,7.017236,-15.254749,11.30395,2.2834876,3
46.34354,0.8122508,49.32841649203687,8.568611019964159,0.6889076,0,6375.169,0.068275444,4,1,false,false,7.4612517,-15.788857,11.253788,2.286196,3
46.08587,0.8124209,49.32842179712516,8.568604141438874,0.6805672,0,6347.571,0.068275444,4,1,false,false,7.962258,-15.479601,12.626746,2.2889497,3
45.81395,0.81259006,49.32842701207346,8.568597400618442,0.66329086,0,6323.4814,0.07118068,4,1,false,false,8.676055,-15.940609,13.878139,2.292122,3
45.5707,0.81275785,49.328432227158956,8.568590522093157,0.63541055,0,6289.4116,0.07093911,4,1,false,false,7.217689,-13.55212,10.515899,2.295504,3
45.349915,0.81292474,49.32843735237886,8.568583780852892,0.59764075,0,6281.329,0.048664384,4,1,false,false,6.9389753,-13.470771,9.533176,2.298222,3
45.11427,0.81309074,49.32844247746157,8.568576902327608,0.5545095,0,6262.804,0.044548556,4,1,false,false,7.4932947,-14.335699,10.323963,2.300441,3
44.8899,0.8132559,49.32844760268148,8.568570161507175,0.52686757,0,6289.1406,0.033170085,4,1,false,false,6.2317567,-12.544227,9.632516,2.3022087,3
44.701935,0.81342006,49.32845263789859,8.568563420686743,0.51745486,0,6285.1426,0.037285917,4,1,false,false,4.652574,-10.137705,9.342194,2.3034432,3
44.52795,0.81358355,49.32845767311571,8.568556679446479,0.51304656,0,6181.2505,0.039948665,4,1,false,false,5.1463485,-10.236194,7.9745164,2.3046649,3
44.35369,0.8137464,49.328462618467235,8.568549938626045,0.5098297,0,6081.8057,0.051812124,4,1,false,false,5.557061,-10.249394,8.585584,2.3060007,3
44.17218,0.8139085,49.32846765368435,8.568543197805614,0.50470626,0,6042.579,0.07239128,4,1,false,false,5.5569224,-11.392656,9.565322,2.307941,3
43.96799,0.81407,49.32847250917028,8.568536456565349,0.49946386,0,6046.784,0.09829735,4,1,false,false,6.2622137,-12.906879,11.628037,2.310411,3
43.762238,0.8142306,49.328477454384604,8.568529715744917,0.49481717,0,6047,0.12541492,4,1,false,false,7.5469694,-12.016113,11.176831,2.3132415,3
43.564392,0.8143906,49.32848230987054,8.568523112209505,0.49017045,0,6025.23,0.14865778,4,1,false,false,7.6567025,-11.550459,9.349002,2.3165972,3
43.377865,0.81454986,49.32848716521927,8.568516371389071,0.48695335,0,6031.686,0.15979466,4,1,false,false,6.987978,-10.69693,8.314976,2.3199914,3
43.190735,0.8147085,49.32849193070241,8.568509767853659,0.4869534,0,6054.4062,0.16245838,4,1,false,false,7.9256406,-11.417528,9.888626,2.322901,3
42.995365,0.8148665,49.32849669618555,8.568503027033227,0.4869534,0,6053.7974,0.16124725,4,1,false,false,8.661069,-11.501212,11.8062,2.325428,3
42.810204,0.81502384,49.32850146180589,8.568496423497814,0.48742995,0,6024.123,0.16003673,4,1,false,false,8.183441,-10.543812,10.725643,2.3278422,3
42.64155,0.8151806,49.32850613728625,8.56848968267738,0.4881449,0,5954.684,0.16027872,4,1,false,false,7.307618,-9.749663,9.99932,2.3305087,3
42.473927,0.81533676,49.328510812903794,8.568483079141968,0.48957467,0,5867.716,0.1627004,4,1,false,false,7.5570335,-10.186036,9.262341,2.3336809,3
42.29419,0.8154925,49.32851548852135,8.568476476026389,0.48957464,0,5831.021,0.16754177,4,1,false,false,7.47365,-10.801737,8.556482,2.337396,3
42.11104,0.8156477,49.32852007413611,8.568469872490976,0.48957464,0,5842.887,0.17383732,4,1,false,false,7.0916867,-10.849886,8.508724,2.3414001,3
41.928696,0.8158022,49.32852465975086,8.568463131670542,0.490647,0,5834.9717,0.18110088,4,1,false,false,7.572074,-10.780793,9.011845,2.3454165,3
41.745262,0.8159562,49.32852915550003,8.56845652813513,0.4925533,0,5801.644,0.18691087,4,1,false,false,8.353218,-10.831718,9.822096,2.3494825,3
41.560093,0.8161097,49.328533651249195,8.56844992501955,0.49672344,0,5772.996,0.19247974,4,1,false,false,9.177349,-10.726693,9.775435,2.3537505,3
41.383167,0.8162626,49.32853814699837,8.568443321484137,0.4994638,0,5742.82,0.19490145,4,1,false,false,8.943278,-10.314032,9.0208025,2.3583148,3
41.209282,0.81641495,49.32854255288194,8.568436717948725,0.49946383,0,5698.6904,0.19538504,4,1,false,false,8.923971,-10.339735,9.036483,2.3631291,3
41.029472,0.8165667,49.328546958765514,8.568430114833145,0.49922562,0,5664.763,0.19320635,4,1,false,false,9.405292,-10.75653,9.718896,2.3681357,3
40.839825,0.81671804,49.328551364511895,8.568423511297732,0.49410218,0,5657.7197,0.19223778,4,1,false,false,10.091507,-11.143752,10.352595,2.3732584,3
40.65494,0.8168688,49.32855568046128,8.56841690776232,0.4893363,0,5649.923,0.19151123,4,1,false,false,10.203658,-10.738352,10.315812,2.3784547,3
40.47751,0.8170189,49.32855999641066,8.568410304646738,0.4832599,0,5608.9614,0.19126919,4,1,false,false,10.296019,-10.300583,9.774159,2.3838644,3
40.3029,0.8171685,49.328564222425854,8.568403701111325,0.4770643,0,5563.486,0.18981704,4,1,false,false,10.859259,-10.282918,9.896284,2.3895319,3
40.121883,0.8173174,49.32856844837245,8.568397235280765,0.47527698,0,5545.906,0.188364,4,1,false,false,11.486312,-10.71677,10.51994,2.3954213,3
39.93877,0.8174659,49.32857258452205,8.568390631745352,0.4696771,0,5543.795,0.1878799,4,1,false,false,11.655534,-10.604856,10.206256,2.4014194,3
39.761517,0.8176138,49.32857672060305,8.568384028629772,0.45811984,0,5525.888,0.18812191,4,1,false,false,11.799902,-10.000762,9.727474,2.407367,3
39.591537,0.81776094,49.328580856684056,8.56837742509436,0.44692004,0,5491.7207,0.18860641,4,1,false,false,11.906682,-9.61511,9.630041,2.413225,3
39.423763,0.8179076,49.32858490283087,8.568370821978778,0.43583933,0,5462.789,0.18933252,4,1,false,false,12.419843,-9.708913,10.214946,2.418977,3
39.25491,0.81805366,49.32858885911209,8.568364218443367,0.42821404,0,5447.981,0.19126916,4,1,false,false,12.6724,-9.729524,10.487242,2.4246829,3
39.087776,0.8181991,49.328592905258894,8.568357614907955,0.42225662,0,5430.8574,0.19514346,4,1,false,false,12.75229,-9.457121,9.9738035,2.4305,3
38.92646,0.8183439,49.32859677160592,8.568351011792373,0.4153462,0,5401.1597,0.20046943,4,1,false,false,12.38177,-9.113834,10.154627,2.4365034,3
38.768524,0.8184881,49.32860072788714,8.56834440825696,0.4097462,0,5369.426,0.20652236,4,1,false,false,13.076925,-9.043511,10.704003,2.4426606,3
38.60504,0.8186319,49.32860459423417,8.568337804721548,0.4048612,0,5349.902,0.21088071,4,1,false,false,14.451974,-9.527099,11.866103,2.4490597,3
38.433723,0.8187751,49.32860837064701,8.568331063901116,0.40009525,0,5344.11,0.21620713,4,1,false,false,15.603531,-9.835977,12.627285,2.4558713,3
38.26704,0.81891775,49.32861214705984,8.568324460365703,0.3952103,0,5340.0566,0.21911234,4,1,false,false,15.312131,-9.168423,11.489945,2.4631624,3
38.114998,0.81905967,49.32861583360709,8.568317857250122,0.3902062,0,5322.2524,0.21838586,4,1,false,false,14.978826,-8.156291,10.78866,2.4706972,3
37.96924,0.819201,49.32861952008574,8.568311116009857,0.38412967,0,5303.2754,0.21112277,4,1,false,false,15.47928,-8.103184,10.492245,2.4779394,3
37.830967,0.81934154,49.32862320663298,8.568304512894278,0.37793392,0.77,5560.8647,0.20385967,0,1,false,false,15.254612,-7.447831,10.019352,2.4845498,3
37.699005,0.8194813,49.32862680324604,8.568297771654013,0.37150007,0.77,6006.6216,0.20264907,0,1,false,false,14.385314,-7.2727194,10.431721,2.4902945,3
37.572006,0.8196206,49.3286303099249,8.568291030833581,0.3645896,0,6109.9824,0.20797548,0,1,false,false,13.542505,-6.9634347,9.67295,2.4952652,3
37.43992,0.81975937,49.32863381660376,8.568284427718,0.35791728,0,6146.158,0.22056505,3,1,false,false,12.756367,-8.801011,8.703155,2.49979,3
37.262497,0.8198975,49.32863732328262,8.568277686477735,0.35124505,0,6458.6367,0.23872392,3,1,false,false,11.029592,-10.555467,8.33234,2.5041616,3
37.09274,0.82003427,49.328640740027296,8.568270945657304,0.3438579,0,6496.313,0.26390392,3,1,false,false,10.986594,-9.352286,9.178505,2.5090454,3
36.938713,0.8201703,49.32864415684057,8.56826420483687,0.3343263,0,6380.3906,0.29876813,3,1,false,false,11.768238,-8.596407,8.939197,2.5150037,3
36.800117,0.8203057,49.32864748365105,8.568257463596606,0.32717744,0,6276.0894,0.3312118,3,1,false,false,12.401916,-7.607188,8.988204,2.5218465,3
36.670193,0.82044053,49.32865081053013,8.568250860481026,0.3214584,0,6205.576,0.3614765,3,1,false,false,12.814449,-7.3820777,8.175541,2.5292854,3
36.53043,0.8205748,49.3286541374092,8.568244119240761,0.31800315,0,6284.1465,0.39101446,3,1,false,false,12.553301,-8.311152,7.772207,2.5369642,3
36.379936,0.8207081,49.32865737428549,8.568237378420328,0.31681165,0,6331.458,0.41401523,3,1,false,false,13.707856,-8.610195,9.50328,2.544653,3
36.233654,0.8208407,49.32866052136479,8.568230637599896,0.31657326,0,6292.5024,0.43217415,3,1,false,false,14.976187,-7.9023294,9.832858,2.55247,3
36.09503,0.82097274,49.32866375830968,8.568223896359632,0.31526262,0,6237.1675,0.44936496,3,1,false,false,15.742852,-7.659042,10.319546,2.5605223,3
35.954796,0.82110405,49.328666815386185,8.568217155539198,0.3138329,0,6208.2876,0.45808107,3,1,false,false,16.146328,-7.8605576,10.491189,2.5688584,3
35.812393,0.8212349,49.32866987253129,8.568210414718767,0.31156918,0,6182.1562,0.4767241,3,1,false,false,16.711348,-7.9652424,10.287603,2.5776992,3
35.669147,0.821365,49.3286729296078,8.568203673478502,0.31037772,0,6141.107,0.48689252,3,1,false,false,17.151222,-7.771358,10.493282,2.5871289,3
35.528107,0.82149446,49.32867589681871,8.56819693265807,0.30787554,0,6110.2925,0.4941564,3,1,false,false,17.511847,-7.6966443,10.468201,2.597022,3
35.38066,0.82162327,49.32867886402963,8.568190054132785,0.30549273,0,6094.182,0.49609318,3,1,false,false,18.619577,-8.254228,11.297448,2.6073403,3
35.244495,0.8217515,49.32868174130635,8.568183313312353,0.30048856,0,6079.964,0.49488294,3,1,false,false,17.742735,-6.43018,9.886873,2.617968,3
35.127174,0.82187915,49.32868452864888,8.568176434787068,0.29631838,0,6061.7515,0.48156637,3,1,false,false,17.985361,-6.1572313,9.252173,2.6283605,3
35.00549,0.8220064,49.32868731599141,8.568169693546803,0.2916717,0,6043.26,0.47623998,3,1,false,false,19.199034,-7.02998,10.08232,2.6384468,3
34.860363,0.822133,49.32869001346835,8.56816281502152,0.28666753,0,6034.7466,0.46437573,3,1,false,false,19.862778,-8.040517,12.16186,2.648638,3
34.732056,0.822259,49.328692710876695,8.568155936496234,0.28249735,0,6028.586,0.4597753,3,1,false,false,19.233036,-6.1048875,10.443531,2.6591325,3
34.59196,0.8223845,49.32869531841944,8.56814905797095,0.27737394,0,6013.9272,0.4546909,3,1,false,false,22.290733,-9.404568,13.7355175,2.669674,3
34.422253,0.82250935,49.32869792596219,8.568142317150517,0.27368042,0,5995.444,0.44936493,3,1,false,false,20.97552,-7.9410806,13.78599,2.681118,3
34.293304,0.8226337,49.328700443570746,8.568135438625234,0.2662933,0,5947.354,0.46340808,3,1,false,false,20.538109,-5.8749,11.011458,2.693408,3
34.167233,0.8227576,49.328702871313716,8.568128422395096,0.25902528,0,5878.5845,0.45808116,3,1,false,false,21.912642,-6.90308,11.231109,2.705971,3
34.047455,0.82288086,49.32870529898808,8.568121543869813,0.24997023,0,5856.347,0.45348078,3,1,false,false,19.1768,-5.390091,9.951782,2.7184308,3
33.91822,0.82300365,49.32870763679686,8.568114665344527,0.23912783,0,5840.182,0.44888097,3,1,false,false,21.685219,-7.6628227,10.819766,2.7307668,3
33.778812,0.8231258,49.32870988467144,8.568107786819244,0.22506851,0,5840.5845,0.4445225,3,1,false,false,20.607132,-6.5227227,11.196334,2.7427676,3
33.658478,0.82324755,49.32871213254602,8.56810077100894,0.21494102,0,5852.626,0.4496075,3,1,false,false,19.948452,-5.6319504,10.078658,2.7542021,3
33.53902,0.8233689,49.32871429048642,8.568093892483654,0.19694984,0,5825.3354,0.44936496,3,1,false,false,21.174507,-5.993361,11.362928,2.7652118,3
33.4226,0.82348984,49.32871644842681,8.568086876253519,0.1821756,0,5785.181,0.4542074,3,1,false,false,20.853798,-5.305779,11.301299,2.7760112,3
33.30271,0.8236101,49.32871851650161,8.568079860023383,0.16561423,0,5764.8125,0.46098635,3,1,false,false,21.881538,-6.2423415,12.286849,2.7868009,3
33.174736,0.82372993,49.32872049464222,8.568072981498098,0.14738475,0,5759.72,0.46946,3,1,false,false,21.992807,-6.080261,12.568917,2.797818,3
33.049335,0.8238492,49.32872247278283,8.568065965687794,0.12522341,0,5748.3613,0.48374516,3,1,false,false,22.492872,-6.0833073,12.786073,2.809344,3
32.932262,0.82396823,49.32872436098925,8.568058949457658,0.11211723,0,5720.0986,0.49585158,3,1,false,false,22.551565,-5.1300898,11.878373,2.821553,3
32.824005,0.8240867,49.32872615926148,8.56805193322752,0.0996068,0,5701.283,0.5084415,3,1,false,false,23.010254,-4.9050174,11.824726,2.8341222,3
32.71628,0.82420474,49.328727957602304,8.568044917417216,0.08769213,0,5709.0215,0.5149783,3,1,false,false,23.080095,-4.8040276,11.810921,2.8466501,3
32.611313,0.8243224,49.32872957607474,8.56803790118708,0.07613489,0,5718.883,0.52127343,3,1,false,false,23.940203,-4.661336,12.3405,2.8590457,3
32.50837,0.82443947,49.32873128441278,8.568030884956944,0.06481591,0,5721.664,0.52490526,3,1,false,false,24.645803,-4.295108,12.99026,2.8710067,3
32.412582,0.8245563,49.328732813019634,8.56802386914664,0.05468843,0,5720.799,0.5287792,3,1,false,false,24.698956,-3.847787,12.639841,2.8825579,3
32.325222,0.8246729,49.32873434155789,8.568016852916504,0.045871563,0,5711.643,0.5328951,3,1,false,false,24.298859,-3.3562195,12.08309,2.8937216,3
32.24618,0.82478905,49.32873578016195,8.568009699401347,0.042416293,0,5699.4995,0.5374959,3,1,false,false,23.63806,-3.0926847,11.507523,2.904494,3
32.170357,0.82490486,49.32873721883461,8.56800268317121,0.040867392,0,5686.635,0.544275,3,1,false,false,23.011684,-3.091344,11.258544,2.9150114,3
32.096695,0.8250203,49.32873856757308,8.567995529656054,0.04086739,0,5675.599,0.55274916,3,1,false,false,22.131979,-2.9584894,10.828298,2.9251804,3
32.022987,0.82513547,49.32873982637736,8.567988513425918,0.04289288,0,5666.647,0.5658232,3,1,false,false,21.644884,-3.215508,11.223977,2.9349425,3
31.955349,0.82525027,49.32874099524745,8.567981359910762,0.043846056,0.77,5910.89,0.58374095,0,1,false,false,22.075016,-2.7059815,12.047393,2.9445891,3
31.89176,0.8253646,49.328742164117536,8.567974343680625,0.043846063,0.77,6338.605,0.60456264,0,1,false,false,21.586927,-2.2804718,11.731207,2.9544911,3
31.842718,0.8254785,49.328743243122034,8.567967189745637,0.044322647,0,6596.741,0.63192177,0,1,false,false,20.500639,-1.8051608,10.0724125,2.9645367,3
31.792824,0.82559216,49.328744322126525,8.567960036230481,0.04432265,0,6533.0815,0.6558921,2,1,false,false,19.48923,-2.5882595,9.367323,2.9746165,3
31.68808,0.82570547,49.32874531119683,8.567953020000344,0.04432265,0,6744.3413,0.6837355,2,1,false,false,20.485819,-7.650647,10.46018,2.984658,3
31.531471,0.8258183,49.328746300267134,8.567945866485188,0.04432265,0,6953.5015,0.71303254,2,1,false,false,21.508757,-8.1897335,12.794369,2.9951298,3
31.401373,0.82593,49.328747109469056,8.567938712970031,0.04432265,0,6990.8706,0.74402374,2,1,false,false,22.954185,-5.4409785,13.043401,3.006399,3
31.318298,0.82604086,49.328748008605174,8.567931696739896,0.045156684,0,6907.766,0.7595198,2,1,false,false,22.697994,-2.922423,12.344781,3.0184486,3
31.255608,0.8261514,49.3287487279415,8.567924680509758,0.045871552,0,6793.2427,0.7646033,2,1,false,false,23.231379,-2.654422,12.118729,3.0314348,3
31.1806,0.8262615,49.328749447277836,8.567917526994602,0.047301315,0,6715.5396,0.76339394,2,1,false,false,25.1668,-4.2530746,12.859364,3.0455425,3
31.0784,0.8263713,49.328750076679974,8.567910510764467,0.049088523,0,6720.594,0.75370854,2,1,false,false,24.952682,-4.7792964,13.05335,3.0600877,3
30.97732,0.82648075,49.32875061614792,8.56790335724931,0.050994884,0,6790.1885,0.7411176,2,1,false,false,22.092634,-4.8335557,12.268649,3.0737007,3
30.881208,0.8265895,49.32875115561587,8.567896341019173,0.05325866,0,6835.729,0.73215944,2,1,false,false,22.73787,-4.3336263,11.929482,3.085867,3
30.79824,0.8266976,49.32875160521823,8.567889325208869,0.055760745,0,6813.699,0.7374863,2,1,false,false,22.512733,-3.4072485,11.406,3.097137,3
30.718142,0.82680523,49.32875205482058,8.567882308978733,0.057190508,0,6753.8804,0.7464446,2,1,false,false,24.48706,-3.893438,12.104021,3.1079764,3
30.633793,0.8269126,49.32875232455456,8.567875292748596,0.058381997,0,6719.8804,0.76218265,2,1,false,false,23.827606,-3.9258816,12.797886,3.118511,3
30.550928,0.8270196,49.32875259428853,8.567868276938292,0.058381986,0,6720.5317,0.7733207,2,1,false,false,21.819702,-3.9183547,11.690519,3.1289694,3
30.472284,0.82712626,49.328752864022505,8.567861260708156,0.05921602,0,6714.1714,0.78227913,2,1,false,false,20.979753,-3.770317,10.702503,3.1397703,3
30.395609,0.8272326,49.328752953956695,8.56785438218287,0.059216015,0,6677.868,0.78978443,2,1,false,false,20.563503,-3.7731059,10.378542,-3.1320055,3
30.317421,0.82733834,49.32875313375648,8.567847365952735,0.057667106,0,6635.872,0.7977745,2,1,false,false,20.322363,-3.9003775,10.654853,-3.1199558,3
30.237879,0.8274437,49.32875313375648,8.56784048742745,0.056952227,0,6616.8486,0.8120596,2,1,false,false,19.847078,-3.974475,10.751302,-3.1074662,3
30.155638,0.82754874,49.32875313375648,8.567833471617146,0.055999056,0,6614.557,0.82368183,2,1,false,false,20.041468,-4.1279626,10.74038,-3.0947354,3
30.072264,0.82765347,49.32875313375648,8.567826593091862,0.055760756,0,6609.2583,0.83893514,2,1,false,false,20.483597,-4.0563025,11.060714,-3.0819652,3
29.989183,0.8277579,49.328753043890885,8.567819714566577,0.05373526,0,6591.9375,0.85539997,2,1,false,false,21.368046,-3.9888134,11.811433,-3.0690727,3
29.905993,0.82786196,49.328752864022505,8.567812836041293,0.05147147,0,6567.0596,0.86605287,2,1,false,false,22.53251,-3.983071,12.637968,-3.0558574,3
29.820707,0.8279657,49.32875259428853,8.567805957516008,0.046586446,0,6545.4814,0.87307477,2,1,false,false,23.587841,-4.0490108,13.111412,-3.042189,3
29.73386,0.828069,49.32875232455456,8.567799216275745,0.041701425,0,6531.996,0.8747699,2,1,false,false,23.988981,-4.0534105,12.88809,-3.0280383,3
29.64781,0.82817197,49.32875205482058,8.567792475455311,0.03479089,0,6522.467,0.87355894,2,1,false,false,23.742828,-3.95734,12.152199,-3.0134652,3
29.563894,0.8282746,49.32875160521823,8.567785596930028,0.025139995,0,6510.5645,0.871137,2,1,false,false,23.46351,-3.7902267,11.908632,-2.9986086,3
29.482199,0.8283769,49.32875115561587,8.567778856109594,0.015250804,0,6495.656,0.8706529,2,1,false,false,23.508034,-3.6166983,12.506156,-2.9836354,3
29.402283,0.828479,49.32875070608211,8.567772252574182,0.0078636985,0,6481.4717,0.8735588,2,1,false,false,23.800968,-3.5078068,12.311348,-2.9687185,3
29.320953,0.8285809,49.328750076679974,8.56776551175375,0.0029786723,0,6470.9946,0.8825174,2,1,false,false,25.167618,-3.5555096,13.081629,-2.9539773,3
29.240541,0.8286825,49.328749447277836,8.567758908218337,0.0004765876,0,6462.465,0.8938968,2,1,false,false,25.016537,-3.3866384,12.686144,-2.939293,3
29.16477,0.8287837,49.32874881787569,8.567752304682925,-4.3655746e-11,0,6450.5293,0.9028561,2,1,false,false,23.705074,-3.119166,11.696344,-2.9246883,3
29.093502,0.8288847,49.328748008605174,8.567745701567343,0,0,6431.686,0.91133034,2,1,false,false,22.944534,-2.9433746,11.546811,-2.910309,3
29.023079,0.82898545,49.32874719940325,8.56773909803193,0,0,6407.754,0.9236783,2,1,false,false,23.158033,-2.9208848,11.727385,-2.896162,3
28.953249,0.82908595,49.32874639013273,8.56773263220137,0,0,6384.9404,0.93844783,2,1,false,false,23.061697,-2.9246335,11.589789,-2.882148,3
28.881313,0.8291863,49.32874540106242,8.56772616637081,0,0,6367.057,0.95249075,2,1,false,false,23.384645,-3.0444994,11.971434,-2.8681788,3
28.809,0.82928663,49.32874450192631,8.56771970054025,0,0,6355.3296,0.96847045,2,1,false,false,22.553057,-3.0109525,11.126281,-2.854226,3
28.740282,0.82938665,49.32874342292181,8.567713372414541,0,0,6343.8667,0.98081946,2,1,false,false,21.014452,-2.8079085,10.031739,-2.8404183,3
28.673637,0.8294864,49.328742343985915,8.56770690658398,0,0,6324.231,0.9921989,2,1,false,false,21.727533,-2.94278,11.15596,-2.8269267,3
28.59665,0.8295859,49.32874117504723,8.567700578458272,0,0,6297.213,1.0050313,2,1,false,false,26.950872,-3.2280502,13.741335,-2.8130372,3
28.518976,0.8296852,49.32874000617714,8.567694387617582,0,0.012083848,6276.454,1.0038211,2,1,false,false,24.613438,-3.1820035,12.004298,-2.7980266,3
28.444225,0.8297843,49.32873874737286,8.567688059491873,0,0.02836005,6268.91,0.99510515,2,1,false,false,21.948193,-3.1255503,10.4491205,-2.782669,3
28.373339,0.8298833,49.328737488568585,8.567681868651185,0,0.05376079,6272.458,0.9907467,2,1,false,false,20.185738,-2.8649926,9.275555,-2.7677248,3
28.309223,0.8299822,49.32873613983011,8.567675678230328,0,0.08655982,6279.7026,0.9958308,2,1,false,false,19.152231,-2.4902964,10.227211,-2.7530837,3
28.240198,0.8300809,49.328734701226054,8.567669625094492,0,0.14130703,6287.7036,1.0011575,2,1,false,false,23.483929,-3.0529737,12.236762,-2.7374454,3
28.172255,0.8301794,49.32873326255339,8.567663571958654,0,0.19802716,6311.4536,0.99752575,2,1,false,false,24.978813,-2.0846944,12.392613,-2.7226713,3
28.114351,0.8302777,49.328731823949326,8.567657518822818,0,0.26362514,6353.1562,0.99873674,2,1,false,false,25.199692,-1.6897722,13.048125,-2.709676,3
28.060574,0.83037585,49.32873020547689,8.56765146568698,0,0.30604196,6431.472,1.0013998,2,1,false,false,23.993124,-1.6611203,12.354003,-2.6972096,3
28.01048,0.8304738,49.32872858700444,8.567645550255996,0,0.3635018,6543.3228,0.99316746,2,1,false,false,22.022865,-1.5992081,10.700919,-2.6842024,3
27.964157,0.830572,49.328726968531996,8.567639634405179,0,0.40246612,6645.5005,0.9825141,2,1,false,false,21.47005,-1.1267048,11.050644,-2.6703575,3
27.945929,0.83067024,49.32872526012536,8.567633856679047,0,0.43748462,6567.3735,0.9675031,2,1,false,false,20.792566,1.2872922,10.736614,-2.6560552,3
27.959145,0.83076847,49.32872346185314,8.56762794124806,0,0.47447598,6490.0103,0.9522487,2,1,false,false,20.191422,2.2827268,10.3820505,-2.641729,3
27.970478,0.8308667,49.328721663512304,8.567622163102095,0,0.51245385,6491.506,0.9403845,2,1,false,false,21.26492,1.8355651,11.555728,-2.627568,3
27.974173,0.8309651,49.32871986524008,8.567616522660982,0,0.5366216,6531.511,0.9321522,2,1,false,false,21.861149,1.6056703,11.812628,-2.613679,3
27.977718,0.83106357,49.32871788709947,8.56761074493485,0,0.5543773,6557.5933,0.92367804,2,1,false,false,22.458456,1.8189676,12.488028,-2.6001682,3
27.98902,0.8311621,49.32871599889305,8.567605104493737,0,0.57139325,6564.9272,0.9159305,2,1,false,false,20.899874,2.3769393,10.66494,-2.586807,3
28.012493,0.83126074,49.32871393081825,8.567599464052623,0,0.58495677,6566.098,0.9040662,2,1,false,false,18.101864,2.6390998,9.009693,-2.5740094,3
28.026133,0.83135945,49.32871186281205,8.56759382361151,0,0.5972872,6570.4395,0.9001923,2,1,false,false,26.1436,2.1730115,14.264008,-2.561641,3
28.036324,0.8314582,49.32870979473725,8.567588320875249,0,0.61233056,6589.1567,0.90043443,2,1,false,false,25.505547,2.4666247,13.699779,-2.54817,3
28.057991,0.83155704,49.32870763679686,8.56758281813899,0,0.63723785,6607.086,0.865811,2,1,false,false,20.725674,2.8769445,10.867024,-2.5342195,3
28.092302,0.831656,49.32870538892227,8.567577314982895,0,0.6675709,6613.964,0.8440195,2,1,false,false,18.836615,3.4626536,10.03044,-2.5211036,3
28.126446,0.8317552,49.32870314104769,8.567571812246634,0,0.70037,6616.836,0.84523046,2,1,false,false,20.914864,3.1802156,10.975784,-2.508993,3
28.148897,0.83185446,49.32870080323892,8.567566447215224,0,0.73390865,6653.158,0.84813595,2,1,false,false,19.187817,3.91821,9.989949,-2.4965308,3
28.195126,0.8319535,49.328698465430136,8.567561081763984,0,0.7598028,6708.9526,0.85128367,2,1,false,false,22.682987,3.9610405,12.281462,-2.4837098,3
28.242655,0.83205265,49.328696037755776,8.567555854017595,0,0.78421694,6682.815,0.8474098,2,1,false,false,22.908327,4.5644917,12.198811,-2.4724064,3
28.287663,0.832152,49.32869361008141,8.567550488986186,0,0.8096179,6635.5327,0.8524938,2,1,false,false,18.975737,3.3676107,10.706904,-2.4618044,3
28.332884,0.8322516,49.32869109240425,8.567545261239797,0,0.82959306,6686.068,0.848862,2,1,false,false,19.833014,4.3317394,11.348773,-2.4503455,3
28.376944,0.8323514,49.32868857479569,8.567540033493406,0,0.8525278,6769.375,0.84280944,2,1,false,false,20.521437,3.819501,11.09503,-2.4384625,3
28.430326,0.83245146,49.328685967252945,8.56753494345187,0,0.8759556,6784.3545,0.8367566,2,1,false,false,17.139992,4.665681,9.584743,-2.4271266,3
28.493603,0.8325516,49.32868335977879,8.56752971570548,0,0.8988903,6751.1597,0.8345767,2,1,false,false,20.250713,4.7350307,11.827916,-2.4165342,3
28.548899,0.8326518,49.32868066230185,8.567524763368795,0,0.9324293,6736.5806,0.84886193,2,1,false,false,22.212927,4.5308504,12.642554,-2.4054978,3
28.606825,0.83275217,49.32867787495932,8.567519672907425,0,0.9681876,6762.651,0.841841,2,1,false,false,19.260956,4.5358315,10.7057495,-2.3936253,3
28.665504,0.8328528,49.32867508754819,8.567514582865888,0,0.9999999,6797.285,0.8350613,2,1,false,false,17.812634,4.5768356,9.978498,-2.38165,3
28.725092,0.8329537,49.32867230020566,8.567509630529203,0,1,6812.901,0.8360298,2,1,false,false,17.651882,4.4497604,10.20531,-2.3701177,3
28.773144,0.8330549,49.32866942292893,8.567504815477538,0,1,6831.9614,0.8442621,2,1,false,false,17.60001,3.8902931,10.212215,-2.3585339,3
28.83629,0.8331564,49.32866654565221,8.567499863140851,0,1,6889.101,0.84983104,2,1,false,false,20.5489,5.6405897,11.856925,-2.3463714,3
28.892996,0.833258,49.328663578441294,8.567495048089187,0,1,6876.125,0.85539997,2,1,false,false,24.20513,4.4736576,14.567955,-2.334725,3
28.949774,0.83335966,49.32866061123038,8.567490233037521,0,1,6812.341,0.85854703,2,1,false,false,22.81769,4.711705,13.689984,-2.3230207,3
28.99153,0.8334616,49.32865755415388,8.567485555690707,0,1,6814.1143,0.83941907,2,1,false,false,20.323118,2.5904076,11.146793,-2.310461,3
29.004906,0.8335637,49.32865449700877,8.567480878343893,0,1,6957.9497,0.8195662,2,1,false,false,19.03521,2.0233731,10.138667,-2.2968845,3
29.066696,0.83366597,49.328651349998076,8.56747620099708,0,1,7125.362,0.804554,2,1,false,false,21.758732,4.8705854,12.16931,-2.2835596,3
29.130049,0.83376867,49.328648202987374,8.567471660935286,0,1,7039.484,0.80116475,2,1,false,false,20.724028,5.925447,13.330618,-2.271712,3
29.22571,0.83387166,49.32864496604249,8.567467121293324,0,1,6850.1113,0.80019623,2,1,false,false,20.679216,7.0296254,13.134357,-2.2610497,3
29.309566,0.83397496,49.3286417290976,8.567462581231531,0,1,6761.38,0.8084277,2,1,false,false,21.750263,5.4502535,12.970529,-2.2506492,3
29.364393,0.83407855,49.32863840228712,8.56745817887459,0,1,6818.1943,0.8125441,2,1,false,false,22.565523,3.7391107,12.5049095,-2.240043,3
29.401354,0.8341824,49.32863498547385,8.56745377693748,0,1,6922.918,0.8178706,2,1,false,false,22.069725,3.2788088,12.755401,-2.229002,3
29.445496,0.8342864,49.32863165866337,8.567449512285389,0,1,6976.075,0.8108489,2,1,false,false,19.76566,3.8799446,11.206591,-2.217607,3
29.49755,0.8343907,49.3286282418501,8.5674452476333,0,1,6974.9478,0.8047965,2,1,false,false,17.761187,3.209919,9.861648,-2.2062035,3
29.529264,0.83449537,49.32862473517123,8.567440982561378,0,1,7010.717,0.80503863,2,1,false,false,16.414413,3.316873,9.00458,-2.1943414,3
29.607853,0.8346005,49.32862122849237,8.56743685561414,0,1,7105.82,0.81666,2,1,false,false,19.795238,5.371087,11.507695,-2.1826465,3
29.681158,0.8347059,49.32861772181351,8.567432728666903,0,1,7045.0483,0.83820844,2,1,false,false,16.42211,5.83806,10.85095,-2.172512,3
29.764227,0.8348117,49.32861412520045,8.567428739004685,0,1,6915.4956,0.8587893,2,1,false,false,21.336597,5.513737,13.53659,-2.163981,3
29.82163,0.83491784,49.328610528587404,8.567424749342466,0,1,6601.3,0.888571,2,1,false,false,23.453093,3.6012807,13.97207,-2.1547155,3
29.825485,0.83502424,49.328606842108755,8.567420760100081,0,1,6395.3726,0.87985337,0,1,false,false,21.869772,-0.52790946,11.979871,-2.1439974,3
29.797514,0.8351307,49.32860315556151,8.567416907722883,0,1,6271.7324,0.86629486,3,1,false,false,20.453293,-1.048553,11.340238,-2.1326425,3
29.82017,0.8352376,49.32859946908287,8.567413193470369,0,1,5752.145,0.844262,3,1,false,false,15.390002,4.056218,9.989686,-2.1209843,3
29.884987,0.8353448,49.32859569267003,8.567409341513002,0,1,5588.023,0.8200492,3,1,false,false,19.544672,5.6169944,13.133892,-2.1087618,3
29.959309,0.8354524,49.32859191618859,8.567405764545509,0,1,5660.143,0.8185972,3,1,false,false,23.727692,4.652817,14.576517,-2.095516,3
30.011518,0.83556026,49.328588049841564,8.567402050292994,0,1,5662.003,0.79099536,3,1,false,false,22.664576,4.3462934,13.947728,-2.0823874,3
30.073442,0.83566844,49.328584273428724,8.5673984733255,0,1,5597.3784,0.7689619,3,1,false,false,21.452906,4.8093185,13.113559,-2.069982,3
30.133997,0.83577704,49.328580317147505,8.567395034062859,0,1,5578.6206,0.74644446,3,1,false,false,20.152647,4.023068,11.583513,-2.0580504,3
30.181217,0.83588654,49.32857636093489,8.567391594800215,0,1,5642.2485,0.7287698,3,1,false,false,18.35097,4.366599,10.860704,-2.0460713,3
30.236145,0.83599645,49.32857240465367,8.567388293242425,0,1,5701.3833,0.7161797,3,1,false,false,19.299738,4.358983,11.239025,-2.0344157,3
30.297058,0.8361067,49.32856844837245,8.567384991684635,0,1,5668.105,0.7186008,3,1,false,false,20.081776,4.775886,11.930817,-2.0240142,3
30.361898,0.8362173,49.32856440222564,8.567381827411864,0,1,5616.007,0.72852755,3,1,false,false,20.10742,4.7154913,12.783579,-2.01437,3
30.419762,0.83632827,49.32856035607883,8.567378663139095,0,1,5621.656,0.73191726,3,1,false,false,19.951658,4.0591774,12.415405,-2.0047774,3
30.469265,0.83643967,49.328556309863416,8.567375499286156,0,1,5672.7495,0.73215955,3,1,false,false,18.880848,3.5803232,11.250698,-1.9949821,3
30.516418,0.836552,49.328552173851016,8.567372472718239,0,1,5722.564,0.7287698,3,1,false,false,16.929117,3.8075721,9.945596,-1.9850229,3
30.57097,0.8366649,49.32854803770142,8.56736944615032,0,1,5750.9365,0.7280437,3,1,false,false,15.961501,4.110488,9.575004,-1.9750465,3
30.629965,0.83677816,49.328543811686224,8.567366557287253,0,1,5753.931,0.7333701,3,1,false,false,17.049961,4.388504,11.2023,-1.9649824,3
30.692646,0.8368918,49.32853967567382,8.567363668004354,0,1,5747.834,0.7396654,3,1,false,false,16.726099,4.593418,10.6748495,-1.9547293,3
30.754072,0.83700573,49.328535449658624,8.56736091684614,0,1,5742.612,0.7430551,3,1,false,false,18.836742,4.338137,12.615182,-1.9445447,3
30.807901,0.8371202,49.32853122364343,8.567358165268093,0,1,5751.1655,0.74765575,3,1,false,false,19.768871,3.9229705,12.714974,-1.9340818,3
30.857313,0.8372346,49.328526907625445,8.567355414109878,0,1,5781.1167,0.7403922,3,1,false,false,19.472286,3.8269672,12.262159,-1.9229753,3
30.909042,0.83734924,49.328522591744665,8.567352800236684,0,1,5813.163,0.7290123,3,1,false,false,19.48486,4.1371307,12.411968,-1.911181,3
30.964272,0.8374642,49.32851827586388,8.56735032364851,0,1,5813.183,0.7115799,3,1,false,false,18.415092,4.0399084,11.42004,-1.8991948,3
31.023262,0.8375794,49.32851395998309,8.567347847480166,0,1,5806.55,0.6968101,3,1,false,false,18.642797,4.7985983,11.749375,-1.8872762,3
31.083397,0.83769506,49.32850955409952,8.567345371311823,0,1,5802.9536,0.6849466,3,1,false,false,20.004347,4.3696856,12.284152,-1.8757629,3
31.13881,0.837811,49.32850514821594,8.567343032848333,0,1,5796.4644,0.67937773,3,1,false,false,20.318575,4.3979464,12.780755,-1.8646756,3
31.19481,0.83792675,49.328500742469565,8.567340693545178,0,1,5802.0654,0.6718712,3,1,false,false,20.402794,4.334405,12.526973,-1.8538848,3
31.24811,0.83804274,49.3284962467204,8.56733849278654,0,1,5809.2163,0.66485035,3,1,false,false,19.797033,4.1023574,12.371366,-1.8434803,3
31.299406,0.838159,49.32849184083682,8.567336428893089,0,1,5825.0474,0.6571026,3,1,false,false,19.529413,3.9701688,12.189177,-1.8332574,3
31.34983,0.83827555,49.32848734508765,8.5673343658393,0,1,5852.6187,0.64790225,3,1,false,false,19.531565,3.9695132,12.293734,-1.8229856,3
31.403086,0.8383925,49.3284827594729,8.567332439650702,0,1,5871.64,0.63652194,3,1,false,false,19.686611,4.2151976,12.761368,-1.812635,3
31.458347,0.83850944,49.328478263723724,8.567330513462103,0,1,5868.378,0.6239321,3,1,false,false,19.139008,4.255931,12.068646,-1.8022665,3
31.515854,0.8386263,49.32847367797177,8.567328587273504,0,1,5867.937,0.6084364,3,1,false,false,17.59194,4.3559623,10.782082,-1.79191,3
31.574053,0.83874357,49.32846909235701,8.567326799629422,0,1,5882.8086,0.5924572,3,1,false,false,16.887817,4.3155475,10.241963,-1.7818794,3
31.632093,0.83886105,49.32846450674225,8.567325148010863,0,1,5896.3984,0.58301425,3,1,false,false,17.116709,4.332441,10.959133,-1.7723635,3
31.690605,0.8389788,49.32845992099029,8.567323497231968,0,1,5897.3105,0.5772029,3,1,false,false,17.559525,4.432201,11.885301,-1.763256,3
31.749958,0.839097,49.328455245372744,8.567321846453073,0,1,5894.8447,0.57115006,3,1,false,false,17.834593,4.3935623,12.002827,-1.7544194,3
31.806503,0.83921504,49.32845056989239,8.56732033337903,0,1,5900.634,0.56243384,3,1,false,false,17.701862,4.1117134,11.712662,-1.7457137,3
31.858345,0.8393332,49.32844589427484,8.567318820304985,0,1,5925.5093,0.55226463,3,1,false,false,16.823784,3.838026,10.758696,-1.7368864,3
31.910479,0.8394516,49.32844121865729,8.56731744409613,0,1,5965.123,0.5389479,3,1,false,false,16.123945,3.9697087,10.510683,-1.7278485,3
31.967499,0.83957034,49.32843654317694,8.56731620643179,0,1,5986.8594,0.5249054,3,1,false,false,15.836343,4.3101807,10.663527,-1.71877,3
32.0286,0.8396893,49.3284317776938,8.567314830222935,0,1,5977.6807,0.5130418,3,1,false,false,15.745037,4.5388675,10.975769,-1.7098447,3
32.09205,0.83980864,49.32842710207625,8.567313730263448,0,1,5966.069,0.50287277,3,1,false,false,16.056639,4.5938044,11.303391,-1.7011027,3
32.153156,0.8399279,49.32842233659311,8.567312491759445,0,1,5968.581,0.494641,3,1,false,false,16.089624,4.371314,11.303664,-1.6925676,3
32.210827,0.84004736,49.328417571109966,8.567311390960294,0,1,5983.238,0.48592484,3,1,false,false,15.832305,4.1809764,10.66183,-1.6841935,3
32.26825,0.84016716,49.328412805626826,8.567310428705659,0,1,6004.4297,0.4779343,3,1,false,false,13.662193,4.257232,9.01993,-1.6759765,3
32.328808,0.8402872,49.32840795014089,8.567309465611359,0,1,6023.5303,0.47067115,3,1,false,false,12.520897,4.3265777,8.454291,-1.6683301,3
32.38877,0.8404076,49.32840318465775,8.56730850251706,0,1,6035.47,0.47890282,3,1,false,false,14.480194,4.295206,10.233431,-1.6612993,3
32.44821,0.84052813,49.32839832930902,8.567307677127612,0,1,6040.546,0.4856827,3,1,false,false,15.015228,4.343775,11.307211,-1.6543132,3
32.5084,0.8406489,49.328393473823084,8.567306851738163,0,1,6044.0303,0.4871349,3,1,false,false,15.178702,4.3092575,11.114692,-1.6471184,3
32.56375,0.8407698,49.32838861847436,8.567306026348716,0,1,6054.847,0.4835032,3,1,false,false,15.3238,3.6685963,11.1138,-1.6396241,3
32.606846,0.840891,49.32838376298842,8.56730533866412,0,1,6100.3374,0.4733338,3,1,false,false,14.868491,3.2895226,10.639263,-1.6314392,3
32.65662,0.8410125,49.32837890763969,8.567304650139862,0,1,6179.9077,0.45565954,3,1,false,false,14.83711,4.2920003,10.472003,-1.6225246,3
32.721313,0.84113413,49.328374052153755,8.567304100160117,0,1,6184.4414,0.43822762,3,1,false,false,14.438414,4.7660217,10.351568,-1.6135607,3
32.79404,0.8412562,49.328369106939434,8.567303550180373,0,1,6107.9834,0.42248943,3,1,false,false,14.004447,5.259369,10.060292,-1.6050782,3
32.868298,0.84137845,49.3283642514535,8.567303137065817,0,1,6064.023,0.41159457,3,1,false,false,14.76509,5.0373483,10.981052,-1.5971669,3
32.93211,0.8415011,49.32835930610197,8.567302724790926,0,1,6075.3306,0.40408844,3,1,false,false,15.512051,4.3607497,11.549223,-1.5898054,3
32.98832,0.84162396,49.32835436088765,8.56730231167637,0,1,6099.897,0.39464563,3,1,false,false,15.335846,4.052001,10.922821,-1.5829568,3
33.04254,0.8417471,49.328349415536124,8.567302036266666,0,1,6119.2935,0.38738266,3,1,false,false,14.585524,3.939452,10.262279,-1.5764668,3
33.095264,0.8418708,49.328344470184604,8.567301899401478,0,1,6145.248,0.37794036,3,1,false,false,13.916394,3.8278568,10.3018,-1.5701064,3
33.14984,0.8419947,49.328339524833076,8.567301623991774,0,1,6183.311,0.36922425,3,1,false,false,13.679015,4.117769,10.51804,-1.5636427,3
33.21089,0.8421188,49.328334579481556,8.567301486286922,0,1,6201.6294,0.3609925,3,1,false,false,13.476526,4.357953,10.716654,-1.557045,3
33.274426,0.84224325,49.32832954426444,8.567301486286922,0,1,6187.973,0.35130778,3,1,false,false,12.944577,4.517379,10.0923815,-1.5504022,3
33.339184,0.84236795,49.328324598912914,8.567301486286922,0,1,6182.4497,0.34331727,3,1,false,false,12.119875,4.4341817,9.075591,-1.543776,3
33.40248,0.8424933,49.3283195636958,8.567301486286922,0,1,6199.5938,0.33726507,3,1,false,false,11.378967,4.3589873,8.792573,-1.53733,3
33.46482,0.8426192,49.328314528478685,8.567301486286922,0,1,6216.368,0.3358121,3,1,false,false,11.990992,4.3089495,9.415055,-1.5312625,3
33.5274,0.84274536,49.32830958312716,8.567301623991774,0,1,6217.1807,0.33847567,3,1,false,false,12.676416,4.3704195,10.808224,-1.5255271,3
33.589886,0.8428717,49.328304547910044,8.567301761696626,0,1,6215.0107,0.33992788,3,1,false,false,13.6457405,4.307801,11.757096,-1.5198827,3
33.64973,0.8429984,49.32829951269293,8.567302036266666,0,1,6225.406,0.3396858,3,1,false,false,13.733572,4.079852,11.338656,-1.5140054,3
33.706417,0.8431254,49.328294477475815,8.56730231167637,0,1,6250.241,0.33339125,3,1,false,false,13.273993,3.9877136,10.917589,-1.5077369,3
33.76458,0.8432528,49.32828935225591,8.567302724790926,0,1,6277.584,0.3224955,3,1,false,false,12.909169,4.114776,10.840074,-1.5011182,3
33.826134,0.84338045,49.32828431703879,8.567302999360965,0,1,6287.3223,0.3116002,3,1,false,false,12.795712,4.46259,10.68182,-1.4943576,3
33.893223,0.84350824,49.32827928182167,8.567303550180373,0,1,6277.7314,0.30070576,3,1,false,false,11.865708,4.7072787,9.94492,-1.487824,3
33.961857,0.84363645,49.328274156601765,8.567303962455265,0,1,6258.488,0.29368374,3,1,false,false,11.760892,4.6568904,10.055917,-1.4819611,3
34.028393,0.8437648,49.32826912138465,8.56730451243501,0,1,6251.592,0.29344165,3,1,false,false,11.815977,4.445567,10.370513,-1.4767768,3
34.090645,0.84389234,49.32826399630194,8.567305063254416,0,1,6264.112,0.2951369,3,1,false,false,11.915217,4.1883492,10.465885,-1.4720865,3
34.149784,0.8440201,49.32825896108483,8.567305750939012,0,1,6284.359,0.30022123,3,1,false,false,11.8495655,3.906009,10.152466,-1.4676825,3
34.204975,0.8441482,49.32825383586492,8.567306438623609,0,1,6306.9907,0.30579025,3,1,false,false,10.647437,3.7795174,9.611871,-1.4632765,3
34.261227,0.8442764,49.32824871078222,8.567307126308204,0,1,6341.943,0.3091794,3,1,false,false,9.870292,3.8230464,9.306078,-1.45862,3
34.319214,0.8444049,49.32824358556231,8.567307951697652,0,1,6374.0864,0.30942154,3,1,false,false,9.623389,3.9706554,9.049342,-1.4537123,3
34.38055,0.84453344,49.328238460479604,8.567308777926764,0,1,6387.3447,0.30893743,3,1,false,false,9.471269,4.184785,8.912579,-1.4486458,3
34.444878,0.84466213,49.328233335259696,8.567309603316211,0,1,6387.529,0.3082109,3,1,false,false,9.2832985,4.3139606,8.718671,-1.4435216,3
34.50962,0.8447911,49.32822821017699,8.567310428705659,0,1,6389.6074,0.30821088,3,1,false,false,9.394034,4.260094,9.354132,-1.4384395,3
34.57284,0.84492034,49.32822308495708,8.567311390960294,0,1,6400.0034,0.3072424,3,1,false,false,10.009371,4.163662,10.04847,-1.4333682,3
34.634205,0.8450498,49.328217959737174,8.567312354054593,0,1,6414.0054,0.30433714,3,1,false,false,10.782787,4.083641,11.061928,-1.4281853,3
34.694565,0.84517926,49.32821274478888,8.567313317148892,0,1,6426.864,0.2963475,3,1,false,false,11.432962,4.0941586,11.75836,-1.4227277,3
34.75551,0.8453089,49.32820761956897,8.567314417948044,0,1,6438.274,0.2827894,3,1,false,false,11.322595,4.1098433,10.437333,-1.4169327,3
34.818123,0.8454388,49.32820249448626,8.567315518747195,0,1,6447.4043,0.2617247,3,1,false,false,9.596239,4.242806,9.094178,-1.4110278,3
34.88247,0.84556884,49.32819727940076,8.567316618706682,0,1,6449.6465,0.24162869,3,1,false,false,9.184773,4.355168,8.777245,-1.4054978,3
34.948906,0.84569925,49.32819215418086,8.567317857210686,0,1,6446.3027,0.22782809,3,1,false,false,9.8852215,4.4645867,10.167018,-1.4005414,3
35.015587,0.84582967,49.32818693909536,8.567319095714689,0,1,6436.7173,0.21669166,3,1,false,false,10.282868,4.4289093,10.794275,-1.3961526,3
35.0799,0.84596026,49.32818172400986,8.56732033337903,0,1,6430.722,0.2043442,3,1,false,false,9.950175,4.0771694,9.903245,-1.3922632,3
35.137184,0.8460911,49.32817659892716,8.567321571883031,0,1,6449.307,0.19490145,3,1,false,false,8.7387,3.6798196,9.61489,-1.3886503,3
35.190826,0.84622204,49.32817138384166,8.567322947252224,0,1,6498.775,0.18473265,3,1,false,false,8.081824,3.552947,9.152383,-1.3850331,3
35.24645,0.8463533,49.328166168756155,8.567324322621415,0,1,6545.024,0.17553239,3,1,false,false,7.7337427,3.8544314,8.885094,-1.3813266,3
35.307796,0.8464846,49.32816095367066,8.56732569883027,0,1,6554.7324,0.16996351,3,1,false,false,7.3857665,4.1133857,8.46522,-1.3776828,3
35.372887,0.84661597,49.32815573858516,8.567327211904313,0,1,6544.329,0.16657424,3,1,false,false,6.4935966,4.306443,7.5387344,-1.3742093,3
35.438915,0.8467476,49.328150523499666,8.567328724978356,0,1,6547.2236,0.1665742,3,1,false,false,6.3588543,4.1640086,7.337362,-1.3710395,3
35.50096,0.8468795,49.32814530855136,8.567330101187212,0,1,6564.6567,0.17335276,3,1,false,false,7.239229,3.897739,8.99622,-1.3681543,3
35.56013,0.84701157,49.32814009346587,8.567331751966107,0,1,6584.6274,0.18279503,3,1,false,false,8.164469,3.848626,10.862825,-1.365254,3
35.62008,0.8471437,49.32813487838037,8.56733326504015,0,1,6601.694,0.1857012,3,1,false,false,8.057602,3.8918383,9.96116,-1.3620532,3
35.678406,0.84727603,49.32812957342928,8.567334778114194,0,1,6617.645,0.1830375,3,1,false,false,7.1506996,3.7044187,8.691977,-1.3585315,3
35.737827,0.84740853,49.32812435834378,8.567336428893089,0,1,6644.7627,0.17940572,3,1,false,false,6.575728,3.9151552,7.494588,-1.3547732,3
35.805275,0.8475413,49.328119143258284,8.567338079671984,0,1,6661.3325,0.17746863,3,1,false,false,5.2247295,4.4983015,6.4542956,-1.3510854,3
35.87871,0.84767425,49.328113838307196,8.567339868155731,0,1,6633.4033,0.18231097,3,1,false,false,4.2466044,4.613965,4.586541,-1.3481885,3
35.94829,0.84780735,49.328108623221695,8.567341518934626,0,1,6597.506,0.20313314,3,1,false,false,6.7078075,4.0135365,6.76002,-1.3463247,3
36.00524,0.8479407,49.32810331827061,8.567343307418373,0,1,6611.8022,0.22928116,3,1,false,false,9.735119,3.4238849,12.607441,-1.3444886,3
36.05478,0.8480741,49.32809801318232,8.567344958197268,0,1,6672.7266,0.23097634,3,1,false,false,9.727793,3.04097,11.861243,-1.3416387,3
36.09343,0.8482077,49.32809279809682,8.567346884385866,0,1,6740.907,0.21572311,3,1,false,false,7.817261,2.1075544,9.037893,-1.337598,3
36.12239,0.84834146,49.32808749314573,8.567348672869613,0,1,6836.198,0.1873954,3,1,false,false,5.729244,2.4536338,6.8116903,-1.3325303,3
36.199577,0.8484753,49.32808218819464,8.567350461353362,0,1,6917.0005,0.18449017,3,1,false,false,6.9338393,5.6199517,8.629113,-1.327063,3
36.2914,0.8486094,49.32807688324355,8.56735238754196,0,1,6779.776,0.17456338,3,1,false,false,8.348569,6.089827,10.592005,-1.3222567,3
36.390827,0.8487438,49.32807166815805,8.567354313310727,0,1,6583.4097,0.17601642,3,1,false,false,9.324627,6.027681,11.559029,-1.3184874,3
36.469067,0.84887856,49.328066363206965,8.567356376784346,0,1,6545.358,0.17625847,3,1,false,false,9.623702,4.115943,11.557685,-1.3153293,3
36.51784,0.84901357,49.32806105811867,8.567358302972945,0,1,6646.704,0.17674208,3,1,false,false,9.135447,2.7682164,10.863921,-1.3124495,3
36.559563,0.8491487,49.32805566330199,8.567360366446565,0,1,6744.7666,0.17674206,3,1,false,false,8.706461,2.9042838,10.910892,-1.3097167,3
36.61217,0.849284,49.3280503582137,8.567362429920182,0,1,6764.881,0.18013228,3,1,false,false,8.042865,3.7520196,10.513622,-1.3069369,3
36.676285,0.8494195,49.32804505326261,8.567364631098654,0,1,6742.7837,0.18303749,3,1,false,false,7.6331353,4.193352,10.368503,-1.3040426,3
36.741837,0.8495552,49.328039748311525,8.567366832277125,0,1,6732.8506,0.18909046,3,1,false,false,7.480024,4.0385,10.182168,-1.3010671,3
36.802643,0.84969115,49.32803444336043,8.567368895750743,0,1,6749.081,0.19514343,3,1,false,false,7.325751,3.7278218,9.954371,-1.2980342,3
36.860878,0.84982735,49.32802913840934,8.567371234634066,0,1,6774.557,0.20192248,3,1,false,false,7.3461456,3.6481771,10.326337,-1.2949482,3
36.918728,0.8499638,49.328023833321055,8.567373435812538,0,1,6790.778,0.20894408,3,1,false,false,7.2613244,3.6978366,10.39419,-1.2917998,3
36.97788,0.8501004,49.32801843850437,8.567375774276028,0,1,6800.9463,0.21475407,3,1,false,false,7.459625,3.7676604,10.556194,-1.2885406,3
37.037426,0.85023725,49.328013133416086,8.567377975454498,0,1,6811.5923,0.22080746,3,1,false,false,7.726818,3.775767,10.917281,-1.2851213,3
37.09693,0.85037434,49.3280077385994,8.567380314337822,0,1,6821.657,0.22371224,3,1,false,false,8.063183,3.793522,11.424519,-1.2815319,3
37.1568,0.8505118,49.328002433648315,8.567382790506164,0,1,6829.308,0.22371227,3,1,false,false,8.082611,3.8195105,11.089181,-1.2777755,3
37.217102,0.8506495,49.32799712856002,8.567385128969656,0,1,6833.809,0.22129157,3,1,false,false,7.9164057,3.8786838,10.441329,-1.2739406,3
37.277653,0.85078734,49.327991733743346,8.56738760555783,0,1,6837.4985,0.2179023,3,1,false,false,7.558671,3.8766246,9.526566,-1.2701694,3
37.33788,0.8509255,49.32798642879225,8.567390081726172,0,1,6841.304,0.21572307,3,1,false,false,7.142601,3.8254325,9.2585745,-1.2666211,3
37.397324,0.8510638,49.32798103383837,8.567392557894514,0,1,6846.5933,0.21741825,3,1,false,false,6.9579086,3.7435038,9.165931,-1.2633939,3
37.454548,0.8512024,49.32797572888728,8.56739517176771,0,1,6856.765,0.22080746,3,1,false,false,7.191401,3.5653076,9.810183,-1.2604265,3
37.507996,0.8513412,49.3279703339334,8.567397647936053,0,1,6877.6294,0.22710246,3,1,false,false,7.6180544,3.3051584,10.510655,-1.2574773,3
37.55774,0.8514802,49.32796493897952,8.567400261809247,0,1,6912.3813,0.23267049,3,1,false,false,7.6122694,3.1544104,10.069444,-1.2542338,3
37.607384,0.8516193,49.32795963402843,8.567402875682442,0,1,6952.4834,0.23775487,3,1,false,false,7.229207,3.2054145,9.151372,-1.2505622,3
37.659573,0.85175854,49.32795423921175,8.567405627260488,0,1,6980.0396,0.24114555,3,1,false,false,7.2146587,3.5093307,9.337141,-1.24653,3
37.719128,0.85189795,49.32794884425787,8.567408241133684,0,1,6985.3066,0.24477692,3,1,false,false,7.5053525,3.9629447,9.26806,-1.242277,3
37.783226,0.8520376,49.32794353930678,8.567410992291897,0,1,6964.6123,0.24840823,3,1,false,false,8.014265,4.143732,9.947588,-1.2380414,3
37.846527,0.8521774,49.3279381443529,8.567413743869944,0,1,6939.491,0.2534931,3,1,false,false,8.551636,3.9483128,10.290034,-1.2339642,3
37.9053,0.85231745,49.32793274953622,8.56741663273301,0,1,6939.785,0.25906152,3,1,false,false,8.897677,3.6734717,10.635954,-1.2299757,3
37.958965,0.85245764,49.327927354582336,8.567419384311057,0,1,6962.4214,0.2631778,3,1,false,false,9.060298,3.3870606,10.342514,-1.225979,3
38.010334,0.852598,49.32792204963125,8.567422273174124,0,1,6986.4067,0.26632458,3,1,false,false,8.627543,3.346878,9.086343,-1.2219247,3
38.062843,0.8527385,49.32791665467737,8.56742516203719,0,1,7002.867,0.26850417,3,1,false,false,8.375429,3.4544117,9.094586,-1.2178451,3
38.115482,0.8528792,49.327911259860684,8.567428188605108,0,1,6744.4775,0.27262014,3,1,false,false,8.3373165,3.1870437,9.003125,-1.2137753,3
38.11881,0.8530201,49.3279058649068,8.567431077888008,0,1,6612.3657,0.27600932,0,1,false,false,8.598972,-0.69465166,8.885061,-1.2098285,3
38.116127,0.8531608,49.327900559955715,8.567434104036094,0,1,6151.317,0.2818203,4,1,false,false,8.698671,2.568746,10.076695,-1.2060616,3
38.20309,0.85330176,49.327895165001834,8.567437130604013,0,1,5399.456,0.28642067,4,1,false,false,8.325467,6.1283474,9.117553,-1.2020172,3
38.275764,0.85344297,49.32788977018515,8.567440294876782,0,1,5564.9346,0.28932586,4,1,false,false,8.393829,2.8988163,8.315392,-1.1973823,3
38.300488,0.85358435,49.327884465096865,8.567443321444701,0,1,5789.027,0.29271513,4,1,false,false,8.505704,1.843124,8.956655,-1.1926035,3
38.348103,0.85372585,49.32787907028018,8.567446485717472,0,1,5703.9194,0.29465228,4,1,false,false,9.262722,3.9376802,9.817584,-1.1878287,3
38.41351,0.85386753,49.3278736753263,8.56744964957041,0,1,5614.763,0.29707313,4,1,false,false,9.87002,4.1006036,9.922762,-1.1828045,3
38.46753,0.8540095,49.327868370375214,8.567452951548033,0,1,5666.131,0.29658952,4,1,false,false,10.277647,3.1655328,9.807588,-1.1774797,3
38.512936,0.8541516,49.32786297542133,8.56745611540097,0,1,5707.3066,0.29319918,4,1,false,false,10.249584,3.1368299,9.850608,-1.1720568,3
38.564583,0.8542939,49.327857670470244,8.567459417378593,0,1,5686.8477,0.28835696,4,1,false,false,10.537666,3.6171305,9.769525,-1.1666583,3
38.61978,0.8544364,49.32785227551636,8.567462856641235,0,1,5671.6567,0.28327248,4,1,false,false,10.741673,3.6178422,9.527185,-1.1613356,3
38.671368,0.8545791,49.327846970565275,8.567466158199025,0,1,5680.67,0.27964112,4,1,false,false,10.88044,3.3584487,9.725336,-1.1562058,3
38.719868,0.854722,49.32784157574859,8.567469597461667,0,1,5691.4756,0.27867252,4,1,false,false,10.807742,3.2506452,9.79273,-1.1513033,3
38.76796,0.8548651,49.3278362706603,8.56747317442916,0,1,5700.7993,0.27818906,4,1,false,false,11.032438,3.2351408,9.837434,-1.1465281,3
38.815815,0.85500836,49.327830875843624,8.567476613691804,0,1,5712.793,0.278189,4,1,false,false,10.874771,3.1977034,9.429505,-1.1417514,3
38.862988,0.8551519,49.32782557089253,8.567480190239467,0,1,5726.0386,0.27770442,4,1,false,false,10.694089,3.1863163,9.466195,-1.1368974,3
38.910774,0.85529554,49.32782026580424,8.56748376720696,0,1,5739.302,0.2764939,4,1,false,false,10.617408,3.221339,9.155475,-1.1319299,3
38.96001,0.8554394,49.32781487098756,8.567487481459475,0,1,5747.9917,0.27528277,4,1,false,false,10.88645,3.3504674,9.799984,-1.1268752,3
39.0096,0.8555835,49.32780956589927,8.56749119613182,0,1,5749.5825,0.2743142,4,1,false,false,11.056832,3.3401337,9.754289,-1.1217725,3
39.059376,0.85572773,49.327804260948184,8.567494910384335,0,1,5753.972,0.2721356,4,1,false,false,11.154905,3.345038,9.920228,-1.1166267,3
39.108303,0.8558723,49.327798955997096,8.567498624636848,0,1,5761.1685,0.2685042,4,1,false,false,11.228299,3.2858791,9.841988,-1.1114736,3
39.157154,0.856017,49.327793651046,8.567502476594214,0,1,5768.034,0.26366192,4,1,false,false,11.245525,3.3402874,9.730027,-1.1063255,3
39.206726,0.85616183,49.327788345957714,8.56750632855158,0,1,5770.985,0.25809288,4,1,false,false,11.074724,3.341449,9.307406,-1.1012627,3
39.256226,0.8563069,49.327783041006626,8.567510318213799,0,1,5772.316,0.2520399,4,1,false,false,11.042947,3.3465343,9.402084,-1.0963694,3
39.305157,0.8564523,49.32777773605554,8.567514170171163,0,1,5777.924,0.24743962,4,1,false,false,10.835964,3.2816617,9.141231,-1.0916562,3
39.353367,0.8565979,49.327772520970036,8.567518159833382,0,1,5786.8765,0.24308175,4,1,false,false,10.823174,3.2289598,9.569955,-1.0871036,3
39.40078,0.85674363,49.32776721601895,8.56752228678062,0,1,5796.4263,0.2409031,4,1,false,false,10.724585,3.1697586,9.449366,-1.0826455,3
39.447605,0.8568895,49.32776191106786,8.56752641414769,0,1,5810.3228,0.23920792,4,1,false,false,10.834618,3.151543,9.847513,-1.0781698,3
39.49432,0.8570357,49.32775669598236,8.567530541094929,0,1,5824.0293,0.23823942,4,1,false,false,10.866085,3.1584983,9.923528,-1.0735698,3
39.54241,0.85718215,49.32775139103127,8.567534668461997,0,1,5833.47,0.2350921,4,1,false,false,11.061154,3.2929003,10.038437,-1.068798,3
39.59177,0.8573287,49.32774617594577,8.567538795409236,0,1,5836.504,0.23218739,4,1,false,false,10.9521,3.3659682,9.81898,-1.063918,3
39.642212,0.8574755,49.327740960860275,8.567543060061325,0,1,5837.0146,0.22782806,4,1,false,false,11.174531,3.4486816,9.958269,-1.0590413,3
39.693405,0.8576225,49.32773565590918,8.567547462418267,0,1,5834.792,0.22734496,4,1,false,false,11.120143,3.3916929,9.779498,-1.0542912,3
39.743526,0.8577698,49.327730440823686,8.567551727070356,0,1,5832.123,0.2268605,4,1,false,false,11.817647,3.3798814,11.327741,-1.049781,3
39.791958,0.85791737,49.327725225738185,8.567556129427299,0,1,5837.295,0.22928116,4,1,false,false,11.4992895,3.2437627,10.2247505,-1.0453755,3
39.8396,0.85806507,49.32772001065269,8.567560531364409,0,1,5847.201,0.23000771,4,1,false,false,11.3472805,3.2090266,10.362265,-1.0410861,3
39.886734,0.85821295,49.32771479556719,8.567565071426202,0,1,5855.3423,0.2343656,4,1,false,false,10.925752,3.153765,9.34721,-1.0368882,3
39.934673,0.85836107,49.327709580481695,8.567569611068164,0,1,5865.054,0.23920795,4,1,false,false,10.7335825,3.2960222,10.029051,-1.0327736,3
39.982903,0.8585095,49.32770445539899,8.567574151129957,0,1,5870.1533,0.2469556,4,1,false,false,10.283358,3.16362,8.804277,-1.0287899,3
40.030453,0.8586581,49.327699240313486,8.567578690771919,0,1,5876.5195,0.2568824,4,1,false,false,10.233579,3.1429832,9.259016,-1.0249301,3
40.077366,0.85880685,49.32769402522799,8.567583368118733,0,1,5890.632,0.2685042,4,1,false,false,10.2559185,3.0459146,9.119133,-1.021073,3
40.12306,0.85895574,49.327688900008084,8.567588045465547,0,1,5904.659,0.28060976,4,1,false,false,10.043285,3.0646706,8.789001,-1.017091,3
40.16911,0.859105,49.32768368492258,8.567592723232192,0,1,5917.414,0.29465234,4,1,false,false,9.914611,2.982703,9.248207,-1.012952,3
40.213528,0.8592544,49.327678559839875,8.567597537864025,0,1,5932.6445,0.30796844,4,1,false,false,11.361856,3.0005436,10.572117,-1.0084593,3
40.26008,0.859404,49.327673434619975,8.56760235291569,0,1,5947.84,0.31620046,4,1,false,false,11.903325,3.147535,11.271883,-1.0033739,3
40.307922,0.85955375,49.327668309537266,8.567607167967356,0,1,5946.457,0.3154749,4,1,false,false,12.019692,3.2161374,10.425048,-0.99774134,3
40.355995,0.8597039,49.327663094451765,8.567612120304041,0,1,5944.99,0.31329536,4,1,false,false,11.800682,3.3582375,10.036773,-0.9917221,3
40.40874,0.8598546,49.32765805923465,8.567617073060559,0,1,5945.612,0.3074844,4,1,false,false,11.832819,3.5177445,9.463905,-0.98564744,3
40.46041,0.8600055,49.32765293401474,8.567622025397243,0,1,5925.1006,0.30433705,4,1,false,false,10.904037,3.5153747,9.017652,-0.98008007,3
40.51127,0.86015654,49.327647808932035,8.567626978153761,0,1,5916.178,0.30845284,4,1,false,false,11.279906,3.2470684,8.730085,-0.97530276,3
40.556583,0.8603078,49.32764268371213,8.5676320681953,0,1,5931.204,0.32104284,4,1,false,false,11.110002,2.9196556,8.641196,-0.9711101,3
40.59674,0.86045897,49.32763764849501,8.567637158236836,0,1,5957.1685,0.3399278,4,1,false,false,11.023675,2.623761,8.823259,-0.967146,3
40.634716,0.86061025,49.327632523412305,8.567642385983225,0,1,5988.468,0.3634133,4,1,false,false,9.435214,2.4834614,6.987886,-0.96296763,3
40.672714,0.86076164,49.32762748805799,8.567647476024764,0,1,6027.4033,0.3830248,4,1,false,false,9.174377,2.5731401,6.4603715,-0.9584523,3
40.712055,0.8609132,49.32762245284088,8.567652703771152,0,1,6060.044,0.41135246,4,1,false,false,10.627792,2.6592567,8.240684,-0.95344734,3
40.75506,0.8610647,49.32761741762376,8.567658069222393,0,1,6070.637,0.43604794,4,1,false,false,12.652842,3.052706,10.362801,-0.94768274,3
40.7988,0.86121607,49.32761238240665,8.56766329654895,0,1,6063.4863,0.4527547,4,1,false,false,13.795125,2.8454173,10.642213,-0.94094145,3
40.841328,0.8613677,49.32760734718953,8.567668662000193,0,1,6069.2217,0.4546909,4,1,false,false,14.63089,3.0487776,10.970262,-0.9330772,3
40.88642,0.86151946,49.32760240183801,8.5676740270316,0,1,6077.1597,0.44428053,4,1,false,false,15.815409,3.375956,10.690532,-0.9242804,3
40.9364,0.8616713,49.32759736662089,8.567679530187695,0,1,6045.443,0.42612162,4,1,false,false,16.512495,3.7339637,11.108771,-0.91523355,3
40.985626,0.86182314,49.327592421269365,8.567685032923956,0,1,5998.4614,0.4062681,4,1,false,false,17.751278,3.466457,12.507849,-0.9067103,3
41.028667,0.86197513,49.327587475917845,8.56769067336507,0,1,5991.46,0.39052993,4,1,false,false,17.156935,3.1716132,12.420667,-0.89887154,3
41.066116,0.86212724,49.32758253056632,8.56769631380618,0,1,6012.5166,0.37091935,4,1,false,false,17.57479,2.706812,11.278947,-0.8918705,3
41.09668,0.8622794,49.32757767521758,8.567702091532315,0,1,6029.52,0.36559242,4,1,false,false,19.877483,2.4746845,14.036346,-0.8852654,3
41.13455,0.8624316,49.327572819868855,8.56770786967828,0,1,6040.8096,0.3542125,4,1,false,false,15.960732,2.8498375,10.297247,-0.8785639,3
41.16731,0.8625838,49.32756796438292,8.567713647404412,0,1,6053.454,0.3462233,4,1,false,false,18.950281,2.757005,13.923608,-0.8716977,3
41.203876,0.86273617,49.32756310903419,8.567719562835398,0,1,6059.081,0.3440438,4,1,false,false,16.388697,3.051931,11.877004,-0.8642985,3
41.248466,0.8628887,49.32755834355105,8.567725478686214,0,1,6058.082,0.32467514,4,1,false,false,15.712014,3.4451864,10.514197,-0.85706276,3
41.28222,0.8630412,49.327553488065114,8.5677313941172,0,1,6053.623,0.3314538,4,1,false,false,17.447695,2.801127,12.212897,-0.8502992,3
41.327908,0.86319387,49.32754872258197,8.567737447253036,0,1,6066.229,0.33024317,4,1,false,false,17.437086,3.1279151,11.440622,-0.8436931,3
41.367397,0.86334664,49.32754404696442,8.567743637673892,0,1,6040.873,0.33072773,4,1,false,false,16.852585,2.7659097,11.922205,-0.83790904,3
41.388557,0.8634995,49.32753928148128,8.567749828514582,0,1,6065.0806,0.34307602,4,1,false,false,19.605005,2.6012533,15.889015,-0.83178234,3
41.430096,0.86365247,49.32753460600093,8.56775601935527,0,1,6112.5615,0.3348435,4,1,false,false,16.168459,3.0679362,11.11787,-0.8251778,3
41.468594,0.86380553,49.32752993038338,8.56776234748098,0,1,6084.5522,0.33121178,4,1,false,false,13.949035,2.7650504,9.238036,-0.81914103,3
41.509834,0.86395866,49.32752534476862,8.567768675606688,0,1,6090.3486,0.33702263,4,1,false,false,13.438903,3.4410276,8.491792,-0.8134524,3
41.559193,0.86411196,49.32752066915107,8.567775004152228,0,1,6107.6865,0.3503393,4,1,false,false,13.7980175,2.9484067,8.999863,-0.808331,3
41.59753,0.8642655,49.32751608339911,8.567781469562957,0,1,6078.2764,0.3801196,4,1,false,false,12.412961,2.8384354,9.163245,-0.80410814,3
41.643494,0.8644191,49.32751149778435,8.567787935393518,0,1,6108.647,0.4055415,4,1,false,false,14.978997,3.1190815,10.563605,-0.79993415,3
41.67315,0.8645729,49.327506912169596,8.567794401224079,0,1,6120.937,0.43677443,4,1,false,false,13.521783,1.8544211,9.982483,-0.7959962,3
41.69368,0.8647266,49.32750241642043,8.567801004759492,0,1,6178.8325,0.46413356,4,1,false,false,14.129927,2.1274605,9.321169,-0.79121405,3
41.719982,0.8648805,49.327497920671256,8.567807608294904,0,1,6261.5903,0.47454488,4,1,false,false,14.008497,2.127449,9.045114,-0.7851761,3
41.746746,0.8650345,49.3274933349193,8.567814211410484,0,1,6265.936,0.4919773,4,1,false,false,12.871263,2.1748116,8.703148,-0.7780804,3
41.782726,0.86518866,49.32748892917292,8.567820952650749,0,1,6277.84,0.4989988,4,1,false,false,13.374788,3.088105,9.422232,-0.76991284,3
41.830444,0.8653429,49.327484433423756,8.567827693471182,0,1,6271.014,0.5067465,4,1,false,false,17.072815,3.5963316,12.593135,-0.7612383,3
41.875202,0.86549723,49.32748002754018,8.567834434291614,0,1,6174.682,0.51788443,4,1,false,false,18.762657,3.2688518,17.520033,-0.7524746,3
41.914894,0.8656519,49.3274756216566,8.567841312816899,0,1,6122.396,0.4764821,4,1,false,false,19.588984,2.9659152,16.341894,-0.7439251,3
41.943935,0.86580664,49.32747121591023,8.567848191342183,0,1,6139.0156,0.44113234,4,1,false,false,18.953413,2.291249,13.43576,-0.73651534,3
41.96481,0.8659615,49.32746690002944,8.567855069867466,0,1,6174.5796,0.4212793,4,1,false,false,18.828825,1.8600929,15.686659,-0.7304955,3
41.98711,0.8661164,49.32746258401146,8.567862086097604,0,1,6192.174,0.38496143,4,1,false,false,19.348827,1.7625377,13.007191,-0.7251685,3
41.999794,0.8662714,49.32745826813068,8.56786923961276,0,1,6200.7993,0.33678073,4,1,false,false,18.59209,0.6062946,16.084774,-0.7192861,3
42.004173,0.8664265,49.327454042115484,8.567876393547747,0,1,6266.7646,0.32636937,4,1,false,false,17.361925,1.2210181,13.407199,-0.71156913,3
42.04933,0.8665818,49.32744990596588,8.567883547062904,0,1,6346.891,0.2643885,4,1,false,false,16.630991,3.379508,11.065037,-0.7031941,3
42.097874,0.8667372,49.327445680087884,8.56789070057806,0,1,6240.676,0.21790226,4,1,false,false,17.564608,4.237045,16.14459,-0.6956484,3
42.159763,0.8668928,49.327441543938285,8.567897991798068,0,1,6128.724,0.18303749,4,1,false,false,15.23149,3.807199,12.73176,-0.6893177,3
42.194088,0.8670488,49.32743740778868,8.567905283018076,0,1,6157.3105,0.14793125,4,1,false,false,11.24712,2.0480824,9.254158,-0.68462497,3
42.21208,0.8672048,49.32743327177628,8.567912711942936,0,1,6284.9805,0.14817326,4,1,false,false,9.765161,1.9125091,7.2326865,-0.68123865,3
42.232613,0.86736095,49.327429225629466,8.567920003162945,0,1,6348.544,0.15640494,4,1,false,false,7.127272,2.5249903,4.9623675,-0.67861956,3
42.271732,0.8675172,49.32742508947987,8.567927432087805,0,1,6349.151,0.1985332,4,1,false,false,5.989593,2.7835689,3.7638054,-0.67637706,3
42.331913,0.86767375,49.327421043333054,8.567934861012665,0,1,6341.3975,0.2559138,4,1,false,false,4.1398153,4.908377,3.0606654,-0.67453164,3
42.396023,0.8678307,49.32741699718625,8.567942289517694,0,1,6267.4507,0.34404367,4,1,false,false,9.37791,3.2908905,6.8923955,-0.67359304,3
42.435078,0.86798775,49.327412951039435,8.567949856147406,0,1,6242.802,0.43023795,4,1,false,false,13.876928,3.0242581,12.432039,-0.67204875,3
42.482647,0.8681449,49.32740890475542,8.567957422357287,0,1,6316.8867,0.44258538,4,1,false,false,14.948312,3.0535433,12.312541,-0.6684001,3
42.516014,0.86830235,49.32740485860862,8.567964988986997,0,1,6291.546,0.4266052,4,1,false,false,15.492292,2.3534818,13.474817,-0.66305256,3
42.562325,0.86846006,49.3274009023274,8.567972555196878,0,1,6276.464,0.40287876,4,1,false,false,16.679216,3.846426,14.383539,-0.6563271,3
42.613113,0.86861795,49.32739694604618,8.56798025911161,0,1,6253.65,0.34404367,4,1,false,false,16.116793,3.259916,13.874937,-0.6489457,3
42.657063,0.86877596,49.32739298976496,8.567987963026342,0,1,6207.768,0.28569406,4,1,false,false,13.630671,3.2487533,11.875357,-0.6417289,3
42.700226,0.86893415,49.327389123486526,8.567995666941075,0,1,6219.2363,0.22443877,4,1,false,false,11.906992,2.971504,10.023897,-0.6352427,3
42.73824,0.8690922,49.3273852572081,8.568003508560658,0,1,6237.965,0.18110083,4,1,false,false,12.305228,2.802825,11.949636,-0.62999195,3
42.778137,0.8692504,49.32738139092967,8.568011350180242,0,1,6231.9297,0.15253156,4,1,false,false,11.629824,2.9489605,11.907997,-0.62578744,3
42.818016,0.86940867,49.32737752437684,8.568019191379994,0,1,6231.9346,0.13122492,4,1,false,false,9.732884,2.6660607,9.592874,-0.62231994,3
42.851696,0.8695671,49.32737374810121,8.568027032999577,0,1,6265.543,0.12565693,4,1,false,false,8.233169,2.3800678,8.832293,-0.61924744,3
42.888092,0.86972505,49.327369881822776,8.568035012324014,0,1,6311.782,0.13292001,4,1,false,false,8.784656,2.7190418,9.999607,-0.6162054,3
42.92888,0.8698831,49.327366105272745,8.568042853523766,0,1,6311.5034,0.1498674,4,1,false,false,8.894704,2.8942127,10.3796835,-0.61312556,3
42.97072,0.87004125,49.32736232872271,8.5680508328482,0,1,6300.785,0.16851039,4,1,false,false,9.12929,2.9989092,10.298151,-0.6099116,3
43.01381,0.87019956,49.327358552447066,8.568058811752806,0,1,6320.337,0.19030155,4,1,false,false,8.672853,3.0004704,8.729966,-0.60644734,3
43.057564,0.87035793,49.32735486589982,8.568066928362262,0,1,6327.8076,0.20942765,4,1,false,false,8.995856,3.1072621,9.141495,-0.6029288,3
43.103477,0.8705165,49.32735108934979,8.568074907686697,0,1,6310.158,0.22928116,4,1,false,false,9.528698,3.1880999,10.067153,-0.59949046,3
43.14901,0.87067515,49.32734740307694,8.568083024296152,0,1,6299.8765,0.2469556,4,1,false,false,9.751692,2.9947507,8.9777155,-0.5961218,3
43.18821,0.870834,49.3273437165297,8.568091140905608,0,1,6312.6543,0.2619668,4,1,false,false,8.928613,2.6740308,8.75847,-0.5927986,3
43.225353,0.87099284,49.32734002998245,8.568099257515064,0,1,6340.6714,0.27189344,4,1,false,false,9.425747,2.5976093,9.056705,-0.5893758,3
43.26371,0.87115186,49.327336343435206,8.568107511829371,0,1,6356.781,0.2791566,4,1,false,false,9.779674,2.8011603,9.420348,-0.585686,3
43.30239,0.87131095,49.32733265688796,8.568115628438827,0,1,6356.5967,0.27867258,4,1,false,false,9.505715,2.5841284,8.405377,-0.5817264,3
43.339397,0.8714702,49.32732906034351,8.568123882753135,0,1,6373.444,0.2738312,4,1,false,false,9.5445595,2.6658432,9.698448,-0.5773789,3
43.37874,0.8716296,49.327325463799056,8.568132137067444,0,1,6396.4683,0.2641464,4,1,false,false,9.622265,2.7905903,8.890654,-0.57263625,3
43.420357,0.8717891,49.3273218669802,8.568140391381752,0,1,6392.011,0.24695557,4,1,false,false,9.703191,2.9711564,9.017959,-0.56769776,3
43.462852,0.8719487,49.32731827043575,8.568148782981078,0,1,6382.414,0.23049226,4,1,false,false,9.586239,2.9645848,8.556459,-0.56273746,3
43.505497,0.87210846,49.327314673891294,8.568157037295386,0,1,6388.2227,0.21184929,4,1,false,false,9.433683,2.9297695,8.870965,-0.55791557,3
43.545723,0.87226844,49.32731116734963,8.568165428894714,0,1,6391.4214,0.19514343,4,1,false,false,9.436464,2.7961717,8.470632,-0.5533865,3
43.584896,0.8724285,49.32730757053078,8.568173820913874,0,1,6397.827,0.1801323,4,1,false,false,9.655753,2.7332299,9.416199,-0.5491094,3
43.62234,0.87258863,49.32730406398911,8.568182350218054,0,1,6412.8247,0.16391048,4,1,false,false,9.379616,2.6207387,8.507912,-0.5450056,3
43.659386,0.872749,49.327300557173054,8.56819074181738,0,1,6431.585,0.14478305,4,1,false,false,8.915055,2.677982,8.383874,-0.54106057,3
43.697952,0.8729095,49.32729705063139,8.568199271541392,0,1,6444.973,0.12880422,4,1,false,false,8.495886,2.7712007,7.73278,-0.53732604,3
43.740707,0.8730701,49.327293633818115,8.56820766314072,0,1,6447.7544,0.10967721,4,1,false,false,8.359166,3.046286,8.517513,-0.53385174,3
43.78469,0.8732309,49.32729012700205,8.568216192444899,0,1,6438.0034,0.08788743,4,1,false,false,8.114684,2.9917614,8.322252,-0.5307307,3
43.827236,0.87339187,49.327286710463184,8.568224859453931,0,1,6439.0254,0.069002,4,1,false,false,7.5528193,2.8495078,7.440167,-0.5279548,3
43.867493,0.873553,49.32728329364991,8.568233388758111,0,1,6455.3174,0.051570565,4,1,false,false,6.799595,2.689951,6.6373296,-0.525551,3
43.90808,0.87371427,49.32727987683664,8.56824191806229,0,1,6469.384,0.03825308,4,1,false,false,6.370485,2.7300568,7.083894,-0.52350265,3
43.950214,0.8738757,49.32727646002337,8.568250585071322,0,1,6474.708,0.028570205,4,1,false,false,6.1696405,2.825328,6.9661875,-0.52178806,3
43.990738,0.8740373,49.3272730432101,8.568259252080352,0,1,6481.6343,0.018642962,4,1,false,false,6.099674,2.5886092,7.49317,-0.5202983,3
44.028698,0.8741991,49.32726971639962,8.568267919089385,0,1,6503.5845,0.0133165335,4,1,false,false,5.633129,2.5006044,7.3874345,-0.5188573,3
44.06925,0.87436104,49.32726629958635,8.568276586098415,0,1,6530.3037,0.003147732,4,1,false,false,5.3744054,2.6374385,7.0804157,-0.5174289,3
44.112617,0.87452316,49.32726288277308,8.568285253107447,0,1,6535.7725,-0.0075051216,4,1,false,false,4.9407215,3.0644586,6.7090545,-0.5160788,3
44.162514,0.8746855,49.3272595559626,8.568293919696647,0,1,6523.509,-0.018642023,4,1,false,false,5.0477505,3.1682596,7.560169,-0.5149458,3
44.21182,0.87484795,49.32725622915211,8.56830272441053,0,1,6504.795,-0.030747963,4,1,false,false,5.002088,3.0938356,8.4124,-0.5141017,3
44.258884,0.8750107,49.32725281233884,8.568311391419561,0,1,6504.531,-0.046000704,4,1,false,false,4.8773236,2.871132,8.581698,-0.51351047,3
44.302555,0.8751736,49.32724948552836,8.568320195713614,0,1,6516.827,-0.06319152,4,1,false,false,4.495559,2.7309558,8.942261,-0.5131077,3
44.34719,0.8753367,49.327246158717884,8.568329000427497,0,1,6527.0303,-0.08207605,4,1,false,false,3.7472353,2.8728228,8.33106,-0.5128808,3
44.394726,0.8754999,49.327242831907405,8.568337804721548,0,1,6524.2646,-0.101928666,4,1,false,false,3.1834955,2.992604,8.246205,-0.5129316,3
44.44313,0.87566334,49.32723950509693,8.568346609435432,0,1,6515.877,-0.121054724,4,1,false,false,2.6938045,3.0175538,8.568324,-0.5133399,3
44.491375,0.8758271,49.32723617801204,8.568355413729483,0,1,6513.7993,-0.13751902,4,1,false,false,1.9948413,2.9040735,8.941262,-0.5141391,3
44.536373,0.8759909,49.327232851201565,8.56836435614822,0,1,6517.0767,-0.15301332,4,1,false,false,1.2847686,2.6682858,9.355886,-0.51534814,3
44.579483,0.87615484,49.327229524391086,8.56837316044227,0,1,6533.432,-0.16366711,4,1,false,false,0.7485635,2.6026413,8.302406,-0.5169293,3
44.62262,0.87631905,49.32722619758061,8.568381965156153,0,1,6550.9917,-0.17262432,4,1,false,false,-0.06108907,2.670026,8.665903,-0.51880914,3
44.66764,0.8764834,49.32722287077012,8.568390907155056,0,1,6555.482,-0.17891985,4,1,false,false,-0.6091581,2.7329538,8.7289915,-0.5209836,3
44.714684,0.87664795,49.32721954395964,8.56839984915396,0,1,6555.349,-0.18448782,4,1,false,false,-1.1502864,2.8194897,9.336057,-0.5234075,3
44.759644,0.87681264,49.32721621687477,8.568408653867843,0,1,6558.462,-0.18521433,4,1,false,false,-1.8791348,2.6708238,9.121572,-0.52604955,3
44.804058,0.8769775,49.32721280033589,8.568417595866746,0,1,6571.803,-0.18545592,4,1,false,false,-2.4904585,2.6705134,9.271702,-0.5288982,3
44.84853,0.8771425,49.32720947325102,8.568426400160797,0,1,6580.715,-0.18376218,4,1,false,false,-3.0074408,2.7021549,9.693133,-0.5319121,3
44.894554,0.87730765,49.32720605671214,8.568435342159702,0,1,6580.6396,-0.18085602,4,1,false,false,-3.5244322,2.7995713,9.799094,-0.53505105,3
44.940617,0.87747294,49.32720272962727,8.568444284578437,0,1,6578.698,-0.17625612,4,1,false,false,-3.9755554,2.7473838,8.955289,-0.5382577,3
44.985306,0.87763846,49.32719931308839,8.56845322657734,0,1,6582.9155,-0.17092972,4,1,false,false,-3.9613698,2.681553,8.569217,-0.54146236,3
45.02941,0.8778041,49.32719589627512,8.568462030871391,0,1,6591.8115,-0.16560426,4,1,false,false,-4.4388003,2.6906443,8.888768,-0.54456884,3
45.073093,0.87796986,49.32719247946185,8.568470973290127,0,1,6596.5234,-0.16390862,4,1,false,false,-4.99332,2.6225812,9.561584,-0.5475776,3
45.114338,0.8781357,49.32718906264858,8.56847991528903,0,1,6602.4224,-0.16439357,4,1,false,false,-5.3185873,2.4196525,9.907559,-0.5505848,3
45.1537,0.8783016,49.32718555610691,8.568488719583081,0,1,6625.642,-0.16294056,4,1,false,false,-5.363893,2.366657,9.496519,-0.55371034,3
45.194363,0.8784676,49.32718213929365,8.568497662001818,0,1,6648.537,-0.15979278,4,1,false,false,-5.5226603,2.57984,8.741486,-0.5569703,3
45.23945,0.8786338,49.32717863247758,8.56850660400072,0,1,6648.1875,-0.15906627,4,1,false,false,-5.927612,2.925001,9.007944,-0.5602744,3
45.287624,0.87880003,49.327175125935916,8.568515408294772,0,1,6629.6265,-0.1614874,4,1,false,false,-6.197483,2.9537804,9.386828,-0.563468,3
45.333504,0.87896633,49.32717161911986,8.568524350293675,0,1,6620.4087,-0.16487767,4,1,false,false,-6.386032,2.729056,9.157485,-0.5664709,3
45.375465,0.87913275,49.32716811257819,8.56853315500756,0,1,6632.9355,-0.16947757,4,1,false,false,-6.6211586,2.513026,9.279983,-0.5693249,3
45.414703,0.87929916,49.32716451575934,8.568542097006462,0,1,6650.9473,-0.17480397,4,1,false,false,-7.3001733,2.4208517,10.179998,-0.5721595,3
45.45471,0.8794657,49.32716091921489,8.568550901720345,0,1,6661.577,-0.17988794,4,1,false,false,-7.5488815,2.5307937,10.191453,-0.5751257,3
45.49551,0.8796324,49.32715732267043,8.56855984371925,0,1,6665.9795,-0.18158254,4,1,false,false,-8.040922,2.555673,11.197925,-0.5782952,3
45.53765,0.87979925,49.32715372612598,8.5685686480133,0,1,6672.0674,-0.18376221,4,1,false,false,-8.313776,2.7070806,10.787404,-0.5817502,3
45.58104,0.87996626,49.327150129581526,8.568577452727183,0,1,6670.903,-0.1818251,4,1,false,false,-8.712886,2.7064388,12.3037815,-0.58536845,3
45.624546,0.88013333,49.32714644303428,8.568586394726086,0,1,6662.7876,-0.17795168,4,1,false,false,-9.219819,2.8080816,12.109143,-0.58906215,3
45.668095,0.8803006,49.327142756487035,8.56859519943997,0,1,6657.033,-0.17262432,4,1,false,false,-9.657409,2.7421029,13.036691,-0.5927271,3
45.7097,0.88046783,49.32713906993979,8.568604003734022,0,1,6654.712,-0.16778296,4,1,false,false,-9.024322,2.6438782,11.042037,-0.59626204,3
45.750576,0.8806353,49.32713529338975,8.568612808447906,0,1,6660.402,-0.16439359,4,1,false,false,-8.772005,2.6070714,11.51,-0.59951353,3
45.790253,0.8808028,49.32713151711412,8.568621475456936,0,1,6663.675,-0.16608734,4,1,false,false,-8.223345,2.523304,9.830997,-0.6023848,3
45.829,0.8809704,49.32712783056687,8.568630279750987,0,1,6669.555,-0.17431992,4,1,false,false,-8.949369,2.3869658,11.4981365,-0.6049305,3
45.86535,0.88113815,49.32712396428844,8.568639084464872,0,1,6681.5776,-0.18545593,4,1,false,false,-7.71079,2.3379526,10.09252,-0.6074718,3
45.901424,0.88130593,49.32712018773841,8.568647888758923,0,1,6704.503,-0.19368759,4,1,false,false,-7.680817,2.2073941,9.478637,-0.6100968,3
45.935665,0.88147384,49.327116321459975,8.568656555767955,0,1,6725.5425,-0.20894128,4,1,false,false,-8.204365,2.243617,10.304294,-0.6129568,3
45.976486,0.88164186,49.32711245518155,8.568665360062006,0,1,6738.306,-0.22322588,4,1,false,false,-8.657743,2.6039357,10.891623,-0.61622363,3
46.015156,0.8818099,49.327108588628725,8.568674027071038,0,1,6728.181,-0.23605739,4,1,false,false,-7.421862,2.5453804,8.981456,-0.61972106,3
46.056053,0.8819781,49.32710472235029,8.568682694080069,0,1,6735.819,-0.24453068,4,1,false,false,-7.907165,2.6128738,8.8119955,-0.6232875,3
46.096874,0.88214636,49.32710076606907,8.568691361089101,0,1,6743.328,-0.25736308,4,1,false,false,-9.696966,2.5903287,10.783863,-0.62690026,3
46.13588,0.8823148,49.327096809787854,8.568700165383152,0,1,6731.396,-0.27189034,4,1,false,false,-10.308845,2.4424696,12.036725,-0.6306657,3
46.170822,0.8824833,49.327092853506635,8.568708832392183,0,1,6737.2305,-0.28012106,4,1,false,false,-10.718576,2.214617,12.33859,-0.63480514,3
46.20479,0.88265187,49.32708889749981,8.568717361696363,0,1,6769.5146,-0.28157315,4,1,false,false,-10.357846,2.3707864,10.86642,-0.63953745,3
46.2424,0.88282055,49.32708485121581,8.568726028705395,0,1,6774.3013,-0.27649018,4,1,false,false,-10.487006,2.5749238,10.144725,-0.64455926,3
46.284126,0.8829894,49.327080804931796,8.568734695714426,0,1,6751.0054,-0.27382654,4,1,false,false,-9.159059,2.8112092,8.735972,-0.649431,3
46.32507,0.8831584,49.32707675892218,8.568743225018606,0,1,6739.6685,-0.2733415,4,1,false,false,-9.250912,2.5329878,8.37629,-0.65367997,3
46.359863,0.8833274,49.32707271263818,8.568751892027636,0,1,6752.86,-0.28084755,4,1,false,false,-9.494613,2.192981,8.827382,-0.65735817,3
46.38941,0.8834966,49.32706857662577,8.568760421331817,0,0.9252776,6778.009,-0.29343745,4,1,false,false,-9.499116,1.8045652,8.879298,-0.66088754,3
46.413185,0.88366586,49.32706444061337,8.568768950635997,0.0096509,0.76202214,6795.6304,-0.30505756,4,1,false,false,-8.53389,1.6148024,7.1123056,-0.6647604,3
46.436497,0.88383514,49.327060304326565,8.568777480360009,0.047777917,0.61060435,6796.843,-0.31595284,4,1,false,false,-8.42889,1.4817286,6.7694173,-0.66918457,3
46.451286,0.8840045,49.32705607831137,8.568786009664187,0.08233052,0.4621454,6758.14,-0.3280579,4,1,false,false,-8.707343,0.7901932,6.90441,-0.6740306,3
46.44892,0.8841738,49.32705194229897,8.568794538968367,0.11366613,0.34377316,6690.0806,-0.33871073,4,1,false,false,-9.290826,-0.49536783,7.499503,-0.6790408,3
46.422478,0.884343,49.32704771628378,8.568803068272546,0.1478613,0.22441426,6632.9707,-0.34621593,4,1,false,false,-9.91872,-1.9599091,7.853957,-0.68411744,3
46.371292,0.8845122,49.327043490268586,8.568811460291705,0.17038007,0.15980275,6606.4746,-0.3568687,4,1,false,false,-10.8914175,-3.337527,8.219009,-0.6893227,3
46.302658,0.8846811,49.32703926425339,8.568819851891034,0.19075423,0.10604193,6568.1416,-0.35299543,4,1,false,false,-11.364195,-4.1122584,8.394793,-0.6947772,3
46.222168,0.88484967,49.327034948509805,8.568828243910193,0.2066007,0.07176325,6501.3335,-0.3466999,4,1,false,false,-12.402544,-4.7924333,9.6207285,-0.70053583,3
46.129955,0.885018,49.32703072249461,8.568836635509522,0.21791966,0.046855725,6417.9556,-0.34161592,4,1,false,false,-13.921378,-5.3539634,10.815165,-0.7067096,3
46.03203,0.885186,49.32702640647663,8.56884488982383,0.22483023,0.02737362,6324.271,-0.3256377,4,1,false,false,-14.619611,-5.516701,10.774627,-0.713368,3
45.9221,0.88535357,49.32702209045865,8.568853144138137,0.22649828,0.008631321,6374.524,-0.30844772,4,1,false,false,-14.282955,-6.972146,9.794123,-0.7204423,3
45.786953,0.88552076,49.32701777471506,8.568861260747592,0.22304305,0.00073982694,6491.6836,-0.2818156,4,1,false,false,-14.847147,-7.760517,10.902524,-0.72763383,3
45.661213,0.8856875,49.327013458697074,8.568869377357048,0.21517931,0,6447.9087,-0.25566855,4,1,false,false,-15.416294,-6.453591,10.802616,-0.734763,3
45.55262,0.88585377,49.3270090529507,8.568877493966504,0.21005602,0,6384.357,-0.22927885,4,1,false,false,-14.625866,-5.8522387,9.378952,-0.74168694,3
45.445072,0.88601977,49.327004736932714,8.568885472871107,0.2050518,0,6390.8804,-0.20627846,4,1,false,false,-12.746061,-6.0489044,8.743281,-0.74808043,3
45.335163,0.8861852,49.32700033118634,8.568893452195544,0.19992854,0,6391.975,-0.18908767,4,1,false,false,-13.8800955,-6.0457735,10.151625,-0.75376016,3
45.22746,0.8863505,49.32699592516556,8.568901293815127,0.19051592,0,6353.1567,-0.17891979,4,1,false,false,-15.019094,-5.818787,9.565285,-0.7591631,3
45.12334,0.8865153,49.32699151941919,8.568909135014879,0.17967352,0,6320.033,-0.16972002,4,1,false,false,-13.21733,-5.6830373,8.883656,-0.76478606,3
45.019527,0.88667977,49.32698702367002,8.568916976634464,0.16978432,0,6312.8867,-0.16439363,4,1,false,false,-13.152232,-5.7913384,9.606015,-0.7708696,3
44.913776,0.88684386,49.32698261792364,8.568924680549195,0.16537586,0,6311.1143,-0.15930878,4,1,false,false,-14.577011,-5.873999,10.217198,-0.77707464,3
44.813934,0.88700765,49.326978122174474,8.568932384463928,0.16192068,0,6307.03,-0.15640257,4,1,false,false,-13.72239,-5.182848,8.249782,-0.7829519,3
44.721245,0.88717115,49.32697362642531,8.56893995109364,0.15953769,0,6296.016,-0.15591943,4,1,false,false,-12.488471,-4.883486,7.7866282,-0.7883685,3
44.631115,0.8873343,49.32696913067614,8.568947517303519,0.15822709,0,6283.868,-0.16100341,4,1,false,false,-13.241413,-5.1059904,8.384058,-0.7930956,3
44.535454,0.88749707,49.32696463492697,8.5689550835134,0.16168232,0,6276.0796,-0.17286682,4,1,false,false,-13.880485,-5.3383403,9.13062,-0.7972775,3
44.436962,0.8876596,49.326960049175014,8.56896251243826,0.16668655,0,6266.1895,-0.18908769,4,1,false,false,-13.687631,-5.223372,9.279517,-0.80137444,3
44.3456,0.88782185,49.32695555342585,8.56896994136312,0.17502677,0,6238.442,-0.20773065,4,1,false,false,-12.922148,-4.7784357,7.9823513,-0.80580354,3
44.259026,0.8879837,49.32695096767389,8.56897737028798,0.18539256,0,6200.183,-0.22153026,4,1,false,false,-12.284121,-4.799701,7.211285,-0.8106043,3
44.164665,0.88814527,49.32694638219633,8.568984661507988,0.1981413,0,6173.4146,-0.23799458,4,1,false,false,-12.826285,-5.6664877,7.6861053,-0.8155984,3
44.05681,0.8883066,49.32694179644437,8.568991952727997,0.2139878,0,6176.1543,-0.2534898,4,1,false,false,-13.677685,-6.1396675,9.300034,-0.820601,3
43.944057,0.88846755,49.326937210692414,8.568999243948005,0.22483023,0,6180.087,-0.26874155,4,1,false,false,-14.899055,-6.2438016,10.314646,-0.82564545,3
43.833916,0.88862807,49.32693262521485,8.569006397463161,0.23614913,0,6147.898,-0.27891037,4,1,false,false,-14.851539,-5.8845754,9.42786,-0.83111197,3
43.73035,0.88878816,49.32692794946011,8.569013550978317,0.24603839,0,6104.242,-0.28302616,4,1,false,false,-13.439815,-5.650525,7.716455,-0.8370975,3
43.622505,0.8889487,49.326923363982544,8.569020567208453,0.25616586,0,6082.1357,-0.2822997,4,1,false,false,-13.818083,-6.3343606,8.664049,-0.84318584,3
43.50021,0.8891087,49.32691868822779,8.56902758343859,0.26355302,0,6076.973,-0.2830262,4,1,false,false,-14.681923,-7.0207324,9.2472515,-0.84913343,3
43.375626,0.88926834,49.326914012747444,8.569034599668726,0.26891452,0,6071.0645,-0.28544736,4,1,false,false,-14.167269,-6.747819,8.462645,-0.8548563,3
43.258984,0.8894275,49.3269093372671,8.569041478194011,0.2672466,0,6041.7124,-0.29053128,4,1,false,false,-14.064587,-6.453927,9.01996,-0.86045617,3
43.140327,0.8895855,49.326904661512344,8.569048219014443,0.25854883,0,5985.23,-0.29852146,4,1,false,false,-14.716164,-6.726048,9.241652,-0.8664543,3
43.02174,0.88974303,49.326899986032,8.569055097539728,0.24973185,0,5955.368,-0.3062691,4,1,false,false,-13.282348,-6.3824444,7.357005,-0.87297094,3
42.914864,0.8899,49.32689531055164,8.569061700655308,0.24305966,0,5955.53,-0.31449986,4,1,false,false,-11.937302,-5.8845,6.2050037,-0.87954986,3
42.800167,0.8900566,49.3268905450685,8.569068441895572,0.2379364,0,5933.2944,-0.32418454,4,1,false,false,-14.33064,-6.930265,8.977887,-0.88599795,3
42.658695,0.8902122,49.326885869313756,8.569075045011154,0.2278089,0,5911.0547,-0.33798417,4,1,false,false,-19.49978,-8.18053,13.096831,-0.8928633,3
42.51352,0.8903669,49.32688110383061,8.569081510841714,0.21351129,0,5911.132,-0.35154223,4,1,false,false,-21.518057,-7.188428,13.793859,-0.90121627,3
42.39903,0.8905211,49.32687633834747,8.569087976672275,0.19766477,0,5883.9336,-0.3505751,4,1,false,false,-18.415092,-5.285886,10.38831,-0.9114441,3
42.304165,0.8906749,49.32687157286433,8.569094442502836,0.18729897,0,5835.3945,-0.3266058,4,1,false,false,-16.750648,-5.033583,8.493341,-0.9223985,3
42.192173,0.89082813,49.326866717378394,8.569100771048376,0.18289047,0,5856.887,-0.30844772,4,1,false,false,-19.203823,-6.3236117,10.346355,-0.93251914,3
42.06501,0.8909805,49.32686195189525,8.569106961469233,0.17991182,0,5935.45,-0.30263722,4,1,false,false,-19.856558,-6.208713,10.302177,-0.94082797,3
41.959595,0.89113235,49.32685709668372,8.56911315230992,0.17776716,0,5955.8413,-0.306269,4,1,false,false,-17.47869,-4.5997972,8.977264,-0.9471823,3
41.879356,0.8912839,49.32685224119779,8.569119342730778,0.1740736,0,5884.498,-0.3190997,4,1,false,false,-15.405859,-3.7859097,7.873909,-0.95250857,3
41.790077,0.8914352,49.32684738571186,8.569125395866616,0.16978434,0,5809.351,-0.33580646,4,1,false,false,-18.131956,-5.2945333,10.346635,-0.95794886,3
41.673744,0.89158577,49.326842530225925,8.569131311717431,0.16466105,0,5799.625,-0.35880673,4,1,false,false,-19.388199,-6.4091754,11.635134,-0.964452,3
41.55681,0.8917358,49.32683767501439,8.569137227148417,0.16025254,0,5801.577,-0.38229114,4,1,false,false,-18.03196,-5.6867967,10.026942,-0.9725913,3
41.462563,0.8918856,49.32683272952566,8.569143142579401,0.15524839,0,5769.005,-0.40020674,4,1,false,false,-15.3417,-4.2590938,7.426005,-0.9821311,3
41.382236,0.892035,49.32682778431134,8.569148920725366,0.15012513,0.77,6009.902,-0.410133,0,1,false,false,-15.75779,-4.021718,7.544631,-0.99200046,3
41.298573,0.8921841,49.326822838822615,8.569154560746648,0.14464436,0.77,6431.711,-0.42054334,0,1,false,false,-17.361523,-4.282481,8.368184,-1.0012116,3
41.202023,0.8923328,49.32681789360829,8.569160338892614,0.13773382,0.77,6826.728,-0.43555352,0,1,false,false,-18.984856,-4.7630854,10.451826,-1.0094516,3
41.10873,0.8924812,49.32681294839397,8.569165841628873,0.12570001,0,6814.488,-0.45710084,3,1,false,false,-17.73976,-4.201376,9.618273,-1.0170565,3
41.01303,0.8926293,49.326808002905246,8.569171344365135,0.10913859,0,6929.0063,-0.47646946,3,1,false,false,-16.408796,-5.7239413,8.642765,-1.0244836,3
40.889027,0.89277714,49.32680296768813,8.569176847521229,0.08804957,0,7151.3506,-0.49026996,3,1,false,false,-15.949836,-6.6734824,8.03866,-1.0319531,3
40.77408,0.8929245,49.3267980224738,8.569182212552638,0.065530814,0,7114.6196,-0.5004379,3,1,false,false,-16.479927,-5.1135883,7.9978943,-1.0396749,3
40.684868,0.8930716,49.32679298725669,8.569187578003879,0.036935546,0,7001.027,-0.5091536,3,1,false,false,-17.231508,-4.019231,9.824993,-1.0477774,3
40.59281,0.89321846,49.326787952039574,8.569192805750268,0.016799716,0,7004.1797,-0.5166595,3,1,false,false,-18.977951,-4.701439,11.692482,-1.0564626,3
40.492573,0.893365,49.32678291682246,8.569198033076825,0.0034552608,0,7067.1733,-0.5222276,3,1,false,false,-19.311817,-4.6607976,9.990521,-1.0658295,3
40.403633,0.89351135,49.32677788133094,8.569203123538195,-3.4924597e-10,0,7084.3623,-0.5234382,3,1,false,false,-17.287373,-3.6332262,8.480702,-1.0757328,3
40.329723,0.8936576,49.326772846113826,8.569208213579731,0,0,7057.0806,-0.5198065,3,1,false,false,-17.954947,-3.1737049,8.868706,-1.0857532,3
40.249626,0.8938036,49.32676772116832,8.56921330362127,0,0,7035.445,-0.5176278,3,1,false,false,-21.318222,-3.521038,11.915893,-1.0958012,3
40.160496,0.8939494,49.3267626859512,8.569218118672934,0,0,7044.4,-0.5137536,3,1,false,false,-24.21021,-3.616397,13.258831,-1.106019,3
40.071495,0.89409494,49.326757560731295,8.569222933304768,0,0,7055.4976,-0.5006804,3,1,false,false,-24.184341,-3.2586284,12.653079,-1.1168679,3
39.993256,0.8942405,49.326752435511395,8.569227748356434,0,0,7037.111,-0.47138548,3,1,false,false,-21.531553,-2.6840107,10.556133,-1.1285566,3
39.919704,0.8943858,49.32674722056309,8.569232425703248,0,0,6996.452,-0.44015348,3,1,false,false,-20.889635,-2.6927626,9.23246,-1.1405766,3
39.84164,0.894531,49.326742095343185,8.569236965765041,0,0,6977.7134,-0.4198177,3,1,false,false,-22.401058,-2.999678,11.361539,-1.1521194,3
39.75409,0.89467597,49.32673688012049,8.569241505407003,0,0,6984.888,-0.41376472,3,1,false,false,-24.455416,-3.1565306,12.376535,-1.1628435,3
39.667156,0.89482087,49.32673166517219,8.569245907763944,0,0.001233046,6991.4175,-0.41763806,3,1,false,false,-23.51501,-2.9270082,11.941094,-1.1731532,3
39.590706,0.89496565,49.326726450223894,8.569250172416034,0,0.0044389647,6974.1943,-0.41860712,3,1,false,false,-21.149298,-2.4621093,9.695241,-1.1833898,3
39.51912,0.8951103,49.326721235001195,8.569254437068125,0,0.007644883,6937.896,-0.42320698,3,1,false,false,-20.770836,-2.402956,9.342566,-1.1935959,3
39.443275,0.89525485,49.32671602005289,8.569258701720214,0,0.010357585,6910.1567,-0.4365226,3,1,false,false,-22.354788,-2.689086,10.527663,-1.2036496,3
39.360733,0.8953992,49.326710715101804,8.569262691382432,0,0.012083847,6908.2134,-0.45661774,3,1,false,false,-23.993269,-2.8136282,12.092706,-1.2134452,3
39.278,0.89554363,49.32670540987632,8.569266681044649,0,0.01430333,6913.761,-0.47332257,3,1,false,false,-22.979454,-2.719241,11.08659,-1.2232552,3
39.199413,0.8956878,49.32670010492523,8.569270670287036,0,0.014796549,6899.8794,-0.48131186,3,1,false,false,-22.49743,-2.5656114,10.656685,-1.2332648,3
39.122044,0.89583194,49.326694799974135,8.569274522244402,0,0.015289767,6872.3105,-0.48615408,3,1,false,false,-22.351696,-2.578293,10.877769,-1.243518,3
39.040375,0.89597595,49.32668949502305,8.569278236916748,0,0.015782984,6854.8594,-0.48736474,3,1,false,false,-24.096085,-2.755968,12.017414,-1.253723,3
38.95488,0.8961199,49.32668419007196,8.56928181346441,0,0.015782984,6852.565,-0.4917221,3,1,false,false,-23.794493,-2.8117847,11.233578,-1.2636744,3
38.87332,0.8962639,49.32667879511808,8.569285390431904,0,0.0162762,6851.007,-0.4951114,3,1,false,false,-22.002094,-2.6594393,10.389657,-1.2731926,3
38.794605,0.8964078,49.32667349016699,8.569288967399398,0,0.016276203,6835.336,-0.50116444,3,1,false,false,-22.036732,-2.5865092,10.691658,-1.2821727,3
38.716404,0.8965516,49.32666809521311,8.569292268957188,0,0.017755855,6813.903,-0.51302767,3,1,false,false,-23.281338,-2.5500116,11.493198,-1.2906864,3
38.636703,0.8966954,49.32666270025923,8.569295570514978,0,0.020221947,6800.4907,-0.52658516,3,1,false,false,-23.0617,-2.568482,11.132467,-1.299014,3
38.559692,0.8968391,49.326657305579744,8.5692988724926,0,0.022688039,6794.2515,-0.53626966,3,1,false,false,-21.757349,-2.553178,10.370199,-1.3072778,3
38.485405,0.8969827,49.32665191062586,8.569302036345539,0,0.025893962,6782.474,-0.5471642,3,1,false,false,-20.591715,-2.4856706,9.542675,-1.3155608,3
38.413338,0.8971262,49.32664651567198,8.569305062913458,0,0.030332925,6764.957,-0.5580597,3,1,false,false,-20.023615,-2.507628,9.3230095,-1.3237646,3
38.34093,0.89726967,49.3266411207181,8.569308089481376,0,0.03699137,6752.229,-0.5759749,3,1,false,false,-20.433243,-2.56155,9.443647,-1.3316275,3
38.2685,0.897413,49.32663572576422,8.569310978764275,0,0.043403212,6746.4834,-0.59752214,3,1,false,false,-20.508698,-2.4712055,10.037789,-1.3391392,3
38.197144,0.8975554,49.32663033108474,8.56931372992249,0,0.04956844,6740.173,-0.6144695,3,1,false,false,-21.053793,-2.4476962,10.736757,-1.346534,3
38.12713,0.89769775,49.32662484612807,8.569316481500536,0,0.056226883,6729.5312,-0.6275438,3,1,false,false,-21.233053,-2.3169863,10.901849,-1.3541188,3
38.058483,0.8978399,49.32661945117419,8.569319232658751,0,0.06288533,6717.798,-0.6299641,3,1,false,false,-21.221828,-2.3339913,10.91723,-1.3622923,3
37.987133,0.897982,49.32661396649191,8.569321709246925,0,0.065844655,6706.5464,-0.6217331,3,1,false,false,-22.297098,-2.496402,11.371545,-1.3710287,3
37.914604,0.89812386,49.32660857153803,8.569324323120119,0,0.06855734,6701.4565,-0.60914403,3,1,false,false,-22.23343,-2.434708,10.914213,-1.3799819,3
37.843624,0.8982651,49.32660308685576,8.569326661583611,0,0.07151666,6698.643,-0.5970381,3,1,false,false,-21.580276,-2.3843987,10.95761,-1.3888339,3
37.774364,0.8984063,49.32659760189909,8.569329000466933,0,0.07521577,6691.9624,-0.58832246,3,1,false,false,-21.766523,-2.336247,11.413668,-1.3973265,3
37.705303,0.89854735,49.32659220694521,8.569331338930423,0,0.07916154,6681.5464,-0.59001696,3,1,false,false,-22.171278,-2.2619228,11.1441,-1.4054279,3
37.637123,0.8986884,49.32658672226294,8.569333402404043,0,0.08434034,6673.896,-0.5994593,3,1,false,false,-22.289274,-2.272557,11.436873,-1.413206,3
37.57055,0.89882904,49.326581237306264,8.569335466297494,0,0.08951913,6670.2783,-0.61568034,3,1,false,false,-21.764332,-2.1462288,10.948992,-1.4207464,3
37.506287,0.8989695,49.326575752623995,8.569337529771113,0,0.09321824,6664.3677,-0.6360168,3,1,false,false,-21.553993,-2.1668067,11.385146,-1.4283261,3
37.444084,0.8991099,49.32657026766732,8.569339455539879,0,0.095191106,6654.0796,-0.66022795,3,1,false,false,-20.739515,-2.129314,10.30916,-1.4359262,3
37.38167,0.8992501,49.326564782985045,8.569341244023628,0,0.09815045,6643.8105,-0.69049,3,1,false,false,-21.47937,-2.127156,10.803201,-1.4434617,3
37.319744,0.89939034,49.32655929802838,8.569343032507375,0,0.0998767,6636.618,-0.726321,3,1,false,false,-21.44044,-2.1409278,11.090216,-1.4510171,3
37.258434,0.89953053,49.326553903348895,8.56934468328627,0,0.101602964,6631.4395,-0.754405,3,1,false,false,-21.232065,-2.1407666,11.245595,-1.4586129,3
37.19749,0.89967054,49.32654841839222,8.569346334065164,0,0.10406907,6624.0806,-0.781278,3,1,false,false,-21.43295,-2.1207752,11.2830105,-1.4662715,3
37.13653,0.8998105,49.32654293370995,8.569347709854188,0,0.10702838,6612.8916,-0.80282605,3,1,false,false,-22.573244,-2.207029,11.625965,-1.474222,3
37.074543,0.8999503,49.32653744875328,8.569349223348063,0,0.108508006,6604.579,-0.81710976,3,1,false,false,-22.660152,-2.20659,12.195465,-1.4825883,3
37.013313,0.9000902,49.32653196407101,8.569350461432235,0,0.11097413,6600.434,-0.82364583,3,1,false,false,-21.897478,-2.1853864,11.652065,-1.4912951,3
36.95294,0.9002302,49.326526479114335,8.569351699516405,0,0.114673235,6594.556,-0.8275201,3,1,false,false,-21.913979,-2.1691997,11.405522,-1.5000871,3
36.893467,0.90037006,49.32652099443206,8.569352937600577,0,0.12256475,6585.7627,-0.8335723,3,1,false,false,-22.202686,-2.113594,11.597476,-1.5087724,3
36.83519,0.9005098,49.32651550947539,8.569354037979897,0,0.13736132,6580.9805,-0.84035176,3,1,false,false,-22.190323,-2.0551395,11.677511,-1.5173287,3
36.77797,0.9006494,49.326510024793116,8.569355001074197,0,0.14673239,6578.449,-0.84640384,3,1,false,false,-22.756342,-1.9904237,12.643618,-1.5257605,3
36.721943,0.90078944,49.32650453983644,8.569355964168496,0,0.1617756,6576.138,-0.8536672,3,1,false,false,-22.869192,-1.9039973,12.190491,-1.5342544,3
36.66861,0.90092945,49.32649905515417,8.569356651853091,0,0.17336622,6573.6807,-0.85802466,3,1,false,false,-22.491615,-1.7881526,11.741105,-1.5430262,3
36.61809,0.9010694,49.3264935701975,8.569357477242539,0,0.18125772,6568.9814,-0.8572991,3,1,false,false,-21.940641,-1.6864883,11.500675,-1.5521548,3
36.569286,0.9012093,49.32648808551523,8.569358027642114,0,0.18495683,6565.2,-0.8526993,3,1,false,false,-21.830898,-1.6086508,11.394913,-1.5615311,3
36.51998,0.9013491,49.32648269056135,8.569358715746542,0,0.18742296,6563.6787,-0.8485833,3,1,false,false,-22.67889,-1.6605356,12.7508745,-1.5710353,3
36.469807,0.9014897,49.32647720587907,8.569359128441265,0,0.19136864,6563.9004,-0.8449517,3,1,false,false,-23.039787,-1.6595591,12.54882,-1.5806295,3
36.420856,0.9016301,49.326471720922406,8.56935954113599,0,0.19827376,6568.0376,-0.838657,3,1,false,false,-22.032648,-1.602869,11.567875,-1.5902997,3
36.37441,0.90177053,49.326466325968525,8.56935981612586,0,0.20715167,6577.992,-0.83042556,3,1,false,false,-20.587091,-1.5287858,10.653557,-1.5998609,3
36.329296,0.9019108,49.32646084128625,8.569360091115733,0,0.22120841,6595.7017,-0.8234045,3,1,false,false,-20.225597,-1.4886264,10.621125,-1.6091611,3
36.28378,0.90205127,49.32645544633237,8.569360228820585,0,0.24019727,6623.738,-0.8195309,3,1,false,false,-20.756964,-1.5235517,11.099209,-1.6182051,3
36.237865,0.9021925,49.3264499616501,8.569360228820585,0,0.27348956,6668.7886,-0.8175948,3,1,false,false,-20.769932,-1.5168886,11.332094,-1.6269962,3
36.201862,0.90233356,49.32644456669622,8.569360228820585,0,0.2961776,6615.0356,-0.8154151,3,1,false,false,-20.502365,-0.46660292,11.551683,-1.6357112,3
36.182858,0.90247464,49.326439081739544,8.569360228820585,0,0.33785442,6540.9756,-0.81178343,3,1,false,false,-20.433668,0.16854174,11.378169,-1.6446316,3
36.161736,0.90261567,49.32643368678566,8.569359953830713,0,0.37435257,6553.307,-0.7984688,3,1,false,false,-20.789995,-0.2818243,11.85984,-1.6539364,3
36.13463,0.9027572,49.32642829210618,8.56935981612586,0,0.4054255,6599.663,-0.7912042,3,1,false,false,-21.084309,-0.3927365,11.881972,-1.663599,3
36.112316,0.90289927,49.3264228971523,8.569359403431138,0,0.43501842,6620.1187,-0.7711109,3,1,false,false,-20.588167,0.13957044,11.517777,-1.6734856,3
36.100296,0.90304124,49.32641750219842,8.569358990736413,0,0.46214545,6614.299,-0.7534363,3,1,false,false,-19.93819,0.7366211,10.793905,-1.6833203,3
36.095387,0.9031832,49.326412107244536,8.56935857804169,0,0.49075213,6607.242,-0.7427853,3,1,false,false,-19.821907,1.0349026,10.793052,-1.6928691,3
36.09342,0.90332526,49.326406712290655,8.569358027642114,0,0.5210851,6611.1836,-0.7321322,3,1,false,false,-20.144304,1.1819305,11.505184,-1.7020806,3
36.09372,0.9034657,49.32640131761118,8.569357339957518,0,0.54253995,6617.522,-0.7306793,3,1,false,false,-20.056662,1.313513,11.512286,-1.7109643,3
36.096565,0.90360546,49.3263959226573,8.569356651853091,0,0.56300855,6621.181,-0.7306792,3,1,false,false,-19.744585,1.4545611,11.19576,-1.7195966,3
36.101765,0.90374535,49.32639052770342,8.569355826463644,0,0.584957,6630.2847,-0.73019505,3,1,false,false,-19.70457,1.5259472,10.926725,-1.7281454,3
36.108383,0.9038852,49.326385132749536,8.569355001074197,0,0.604439,6645.039,-0.72971094,3,1,false,false,-19.985462,1.690605,11.83034,-1.7368402,3
36.116707,0.9040251,49.326379737795655,8.569354037979897,0,0.6239211,6656.141,-0.72753245,3,1,false,false,-20.97011,1.7543478,12.047592,-1.745791,3
36.122562,0.9041643,49.32637443284457,8.569353075305429,0,0.63921076,6659.5205,-0.723174,3,1,false,false,-24.753904,1.7526691,15.843087,-1.7553567,3
36.12888,0.9043035,49.32636903816508,8.569351837221257,0,0.6522811,6666.516,-0.703079,3,1,false,false,-22.719995,1.7699747,13.741665,-1.7660867,3
36.136215,0.90444267,49.3263636432112,8.569350736422106,0,0.6653514,6690.875,-0.6541748,3,1,false,false,-20.725353,1.6970353,11.808537,-1.7772566,3
36.14882,0.90458184,49.326358338260114,8.569349498337935,0,0.6752159,6722.3735,-0.6166483,3,1,false,false,-18.743643,2.2099187,10.622001,-1.7878503,3
36.16579,0.904721,49.32635294330623,8.569348122548911,0,0.68360037,6732.549,-0.5888067,3,1,false,false,-15.884563,2.2090724,8.279778,-1.7971742,3
36.18492,0.9048596,49.326347638355145,8.569346609474868,0,0.69346493,6739.411,-0.58904904,3,1,false,false,-16.59035,2.840742,9.08278,-1.8052416,3
36.228508,0.90499836,49.32634233340405,8.569345233685844,0,0.6986437,6734.3945,-0.6040594,3,1,false,false,-12.799201,3.752821,6.968324,-1.8120023,3
36.271156,0.9051372,49.32633693845017,8.56934372019197,0,0.7040689,6673.94,-0.62197465,3,1,false,false,-15.213825,3.4421935,8.358472,-1.816959,3
36.30029,0.9052761,49.32633163349908,8.569342069413075,0,0.7067817,6630.8457,-0.6507856,3,1,false,false,-17.602627,2.2536204,11.088376,-1.8212489,3
36.309242,0.9054149,49.32632632854799,8.56934041863418,0,0.7077681,6688.1143,-0.65804833,3,1,false,false,-13.1278715,1.0984868,7.5497837,-1.8258624,3
36.305546,0.9055533,49.32632093359411,8.569338767855283,0,0.7077682,6838.703,-0.6507855,3,1,false,false,-11.557348,0.31278384,6.007115,-1.8305358,3
36.298267,0.90569144,49.32631562864302,8.569336979371537,0,0.7077682,6976.7363,-0.65417486,3,1,false,false,-9.829795,0.28329477,5.0453186,-1.8353708,3
36.319336,0.90582967,49.326310323691935,8.56933519088779,0,0.7097409,7055.9624,-0.66579497,3,1,false,false,-7.8136463,3.4198284,4.475996,-1.8406761,3
36.355007,0.90596795,49.32630501846644,8.569333402404043,0,0.70974106,7022.8853,-0.6861325,3,1,false,false,-7.098583,3.1143727,4.190691,-1.8460586,3
36.416237,0.90610605,49.326299713515354,8.569331614340127,0,0.70974106,6958.057,-0.7185744,3,1,false,false,-8.978021,5.321265,6.465893,-1.8515606,3
36.48785,0.9062441,49.326294408564266,8.569329688151528,0,0.70974106,6863.3877,-0.74883634,3,1,false,false,-12.225555,4.6372414,8.301871,-1.85676,3
36.538124,0.9063822,49.326289013610385,8.569327762382763,0,0.70727485,6757.8213,-0.7694155,3,1,false,false,-15.402188,3.680287,10.186774,-1.8618706,3
36.584427,0.9065205,49.3262837086593,8.569325836194164,0,0.7067818,6739.2095,-0.7667525,3,1,false,false,-17.28322,3.675719,10.734833,-1.867635,3
36.61586,0.9066588,49.3262784037082,8.569323772720544,0,0.70406914,6739.563,-0.74496305,3,1,false,false,-17.527502,2.3919685,10.824176,-1.8735522,3
36.642185,0.906797,49.32627309875711,8.569321571542073,0,0.7040691,6723.303,-0.7132478,3,1,false,false,-18.69935,1.8919946,11.354621,-1.8791635,3
36.652016,0.906935,49.326267793806025,8.569319508068455,0,0.7013565,6753.5176,-0.67547977,3,1,false,false,-15.093735,0.9424996,9.807949,-1.8849193,3
36.64884,0.90707296,49.32626248885494,8.569317169185132,0,0.6981506,6869.6055,-0.635533,3,1,false,false,-14.660167,0.2418693,7.552461,-1.8917716,3
36.638157,0.9072107,49.32625718390385,8.56931496800666,0,0.6937116,7011.32,-0.6043019,3,1,false,false,-13.569628,-0.053552743,7.2081904,-1.8999014,3
36.62674,0.90734845,49.32625196868115,8.56931262954317,0,0.6887794,7116.4707,-0.58759594,3,1,false,false,-9.342197,-0.1257012,5.0199685,-1.9094476,3
36.617264,0.9074858,49.32624666373006,8.569310153374827,0,0.68261415,7215.898,-0.58638644,3,1,false,false,-5.6978445,-0.15273587,2.0717797,-1.9201862,3
36.599636,0.90762305,49.32624144878176,8.569307814491504,0,0.67792845,7265.06,-0.60890186,3,1,false,false,-12.283928,0.28668648,6.6918893,-1.9320562,3
36.66565,0.90776014,49.32623614383067,8.569305338323161,0,0.6759558,7281.0195,-0.6437647,3,1,false,false,-11.127645,6.073562,6.397947,-1.9444586,3
36.747906,0.9078975,49.32623092860797,8.569302862154819,0,0.67472255,7046.168,-0.66773313,3,1,false,false,-18.39945,5.3034534,10.442025,-1.954192,3
36.786663,0.90803504,49.32622562365688,8.569300385566644,0,0.67299634,6726.229,-0.68976325,3,1,false,false,-22.163195,3.242631,12.994215,-1.9619117,3
36.779015,0.90817255,49.326220408708586,8.56929777169345,0,0.67201,6827.3394,-0.68613267,3,1,false,false,-21.909832,-0.23338929,10.839925,-1.9698223,3
36.7352,0.90830976,49.326215193485886,8.569295020535234,0,0.6717632,7146.467,-0.66240644,3,1,false,false,-18.256247,-1.3506018,8.728087,-1.9779404,3
36.702293,0.9084469,49.32620997853759,8.569292268957188,0,0.6705302,7276.812,-0.6389222,3,1,false,false,-13.179145,0.11297122,6.311852,-1.9862915,3
36.735485,0.9085839,49.326204853317684,8.569289380094121,0,0.6705302,7235.715,-0.62996393,3,1,false,false,-10.575088,3.8001509,5.375605,-1.994656,3
36.788193,0.90872115,49.326199638094984,8.569286628516075,0,0.6705302,7072.866,-0.648606,3,1,false,false,-9.995942,3.865423,5.487754,-2.002504,3
36.84475,0.9088585,49.32619442314669,8.56928373965301,0,0.66954386,6979.408,-0.67693263,3,1,false,false,-11.6336155,4.585663,6.696609,-2.0099964,3
36.897503,0.908996,49.32618929792678,8.56928071308509,0,0.6695438,6950.875,-0.71010095,3,1,false,false,-14.177652,3.8618808,8.344658,-2.0168843,3
36.929256,0.90913343,49.32618408297848,8.569277686517172,0,0.6695438,6884.613,-0.74036306,3,1,false,false,-18.964403,2.8951051,10.841095,-2.0231445,3
36.942905,0.909271,49.32617895775857,8.569274659949253,0,0.67176324,6840.524,-0.75561583,3,1,false,false,-21.342218,2.0991006,12.930824,-2.029996,3
36.94727,0.90940887,49.326173832538664,8.569271495676483,0,0.6759558,6878.6787,-0.7364898,3,1,false,false,-19.355053,1.8886608,10.902948,-2.0383875,3
36.95567,0.90954685,49.32616870759316,8.569268331823544,0,0.6791614,6927.6685,-0.6982374,3,1,false,false,-18.643501,2.0094712,9.966197,-2.047531,3
36.970444,0.9096848,49.326163582373255,8.569265030265754,0,0.6808878,6911.749,-0.6650704,3,1,false,false,-18.070082,2.6470692,9.704296,-2.056647,3
36.991394,0.9098227,49.32615845715335,8.569261728288133,0,0.6826141,6869.7637,-0.64206904,3,1,false,false,-19.151333,2.6743252,10.447649,-2.0655103,3
37.0099,0.9099606,49.32615342193623,8.56925828902549,0,0.6826141,6852.25,-0.63504875,3,1,false,false,-19.511835,2.5534742,10.506329,-2.0743182,3
37.02185,0.91009843,49.32614838671911,8.569254849762848,0,0.6826141,6862.9175,-0.62730116,3,1,false,false,-17.583675,2.0546563,9.202758,-2.0831137,3
37.032993,0.91023606,49.326143351502,8.569251273215185,0,0.6826141,6890.1724,-0.62149084,3,1,false,false,-17.170559,2.0676255,8.836997,-2.0918381,3
37.045185,0.9103736,49.32613831628488,8.569247696247691,0,0.6826141,6909.8613,-0.6224599,3,1,false,false,-17.172684,2.2150514,9.268049,-2.100389,3
37.06226,0.91051126,49.32613328106777,8.569243981575346,0,0.6826141,6907.5957,-0.6280277,3,1,false,false,-17.72769,2.580327,9.540674,-2.1086895,3
37.082443,0.91064894,49.32612833557904,8.569240267322831,0,0.683354,6889.1616,-0.63892215,3,1,false,false,-17.046486,2.6093814,8.7933855,-2.1166813,3
37.102036,0.9107863,49.32612330036193,8.569236415365465,0,0.68557334,6880.2603,-0.64715296,3,1,false,false,-17.214657,2.4807553,9.366814,-2.1244056,3
37.117157,0.9109236,49.32611835514761,8.5692325634081,0,0.6870529,6891.7886,-0.65707994,3,1,false,false,-18.371378,2.2669904,10.364831,-2.1320605,3
37.129692,0.9110609,49.32611340965888,8.569228573745882,0,0.68803936,6904.6665,-0.662648,3,1,false,false,-18.371077,2.2627861,10.095961,-2.1398914,3
37.145035,0.9111983,49.32610846444456,8.569224721788515,0,0.6880395,6904.9653,-0.6582908,3,1,false,false,-17.25935,2.363476,9.056185,-2.1478124,3
37.16212,0.91133565,49.326103608958626,8.569220594841278,0,0.6892726,6904.3877,-0.65078557,3,1,false,false,-16.413525,2.385325,8.500721,-2.1556232,3
37.18191,0.9114729,49.32609875347269,8.569216467474208,0,0.6892725,6912.6265,-0.644491,3,1,false,false,-15.78866,2.5546198,8.144462,-2.1631706,3
37.204,0.9116101,49.326093898261156,8.56921234052697,0,0.6892725,6913.4937,-0.6406169,3,1,false,false,-16.03777,2.6035628,8.934458,-2.170188,3
37.22532,0.91174746,49.32608904277522,8.56920807587488,0,0.6892725,6901.78,-0.63698584,3,1,false,false,-16.233252,2.459456,8.855395,-2.1766937,3
37.23716,0.9118848,49.32608418728929,8.56920381122279,0,0.6892725,6904.956,-0.62899584,3,1,false,false,-18.704617,1.9284259,10.870537,-2.1832602,3
37.242176,0.912022,49.32607933207776,8.569199546570701,0,0.6892725,6937.146,-0.607207,3,1,false,false,-19.170828,1.7615087,10.896587,-2.1907887,3
37.248764,0.9121592,49.32607456659462,8.569195144213758,0,0.6892725,6971.4644,-0.56435394,3,1,false,false,-17.862986,1.9243499,10.077673,-2.1993854,3
37.264187,0.91229635,49.32606980111147,8.569190604571798,0,0.6892725,6978.6235,-0.5031017,3,1,false,false,-17.09538,2.528778,9.230757,-2.208457,3
37.29093,0.91243356,49.32606512535673,8.569186064510003,0,0.6892725,6955.414,-0.42562723,3,1,false,false,-16.2825,3.1908937,8.909939,-2.2171605,3
37.326263,0.9125708,49.32606035987359,8.569181524868041,0,0.6892725,6915.363,-0.3658269,3,1,false,false,-14.463452,3.3105483,7.5700855,-2.224678,3
37.355976,0.9127081,49.32605568439323,8.569176984806248,0,0.6892725,6884.971,-0.31788996,3,1,false,false,-17.749298,2.8261259,10.325343,-2.230834,3
37.37723,0.91284543,49.32605100863849,8.569172170174415,0,0.690752,6886.4077,-0.27987936,3,1,false,false,-17.547575,2.4539654,10.5666685,-2.2365384,3
37.392025,0.91298276,49.32604633315813,8.56916749240777,0,0.6917385,6912.563,-0.23484685,3,1,false,false,-17.987242,2.065899,10.708412,-2.242214,3
37.395473,0.9131201,49.326041657677784,8.569162677775935,0,0.69395804,6951.9424,-0.19586718,3,1,false,false,-15.1089325,1.0021061,8.892563,-2.2483442,3
37.41469,0.91325754,49.326037071925825,8.56915786272427,0,0.6954376,7021.981,-0.15156113,3,1,false,false,-15.545783,2.6634924,9.111219,-2.2552574,3
37.44423,0.91339487,49.326032486173865,8.569152909967753,0,0.69642407,7021.9243,-0.12081319,3,1,false,false,-15.114875,3.0780923,9.314081,-2.262096,3
37.48291,0.9135323,49.32602790069631,8.569147957631067,0,0.6964242,6952.64,-0.098539345,3,1,false,false,-14.996416,3.6885657,10.02166,-2.2683685,3
37.524776,0.91366994,49.32602331494435,8.56914286758953,0,0.6964242,6907.4873,-0.08982272,3,1,false,false,-15.122674,3.4258249,9.496974,-2.27392,3
37.560345,0.91380763,49.32601872919239,8.569137777547992,0,0.6964242,6908.3506,-0.0912758,3,1,false,false,-14.563338,2.906443,9.280984,-2.278666,3
37.589394,0.9139455,49.326014233443225,8.569132687086624,0,0.6964242,6923.4204,-0.101202115,3,1,false,false,-15.246021,2.62327,10.064094,-2.2826319,3
37.616497,0.91408324,49.32600973769406,8.569127597045085,0,0.6964242,6931.0425,-0.11887697,3,1,false,false,-15.510756,2.5870333,10.509459,-2.2861536,3
37.64492,0.9142212,49.32600524194489,8.569122369298697,0,0.6964242,6935.423,-0.13897118,3,1,false,false,-15.482675,2.6200826,11.057959,-2.289564,3
37.67396,0.9143592,49.326000746195724,8.569117004267287,0,0.6964242,6942.4663,-0.16221401,3,1,false,false,-14.900461,2.523551,10.452112,-2.29303,3
37.69943,0.91449726,49.32599634044934,8.569111776520899,0,0.6964242,6835.739,-0.18448777,0,1,false,false,-14.796205,1.2593875,9.749467,-2.2966688,3
37.68587,0.9146355,49.32599193470297,8.569106411069656,0,0.6964242,6701.7534,-0.20627852,0,1,false,false,-14.415514,-0.57197034,9.507087,-2.3001845,3
37.7185,0.9147735,49.32598752868219,8.569100908333397,0,0.6964242,5798.6606,-0.23242564,4,1,false,false,-14.541047,6.1916223,11.66283,-2.3034031,3
37.830822,0.91491187,49.32598312293582,8.569095405597135,0,0.6964242,5250.627,-0.261963,4,1,false,false,-12.805851,6.51318,9.138517,-2.307067,3
37.873295,0.91505057,49.32597871718944,8.569089902860874,0,0.6964242,5535.102,-0.29004824,4,1,false,false,-13.235874,0.7701339,8.768754,-2.3107126,3
37.876423,0.9151893,49.32597440117146,8.569084400124613,0,0.6964242,5699.7363,-0.33314276,4,1,false,false,-14.380712,1.4616854,10.458341,-2.3136654,3
37.913605,0.91532815,49.32597008515347,8.5690787596835,0,0.6964242,5565.7036,-0.37841594,4,1,false,false,-14.395148,3.432351,10.926833,-2.3166182,3
37.961205,0.9154671,49.32596576940988,8.569073119242386,0,0.6964242,5499.9688,-0.42514327,4,1,false,false,-14.030153,2.9326382,10.449735,-2.3202271,3
37.992397,0.91560626,49.325961453391905,8.56906734109642,0,0.6964242,5576.8027,-0.46097505,4,1,false,false,-13.87673,1.9312,9.865443,-2.3246226,3
38.01876,0.91574556,49.32595713764832,8.569061700655308,0,0.69543785,5617.5317,-0.49244872,4,1,false,false,-13.902603,2.1799238,10.020246,-2.3296685,3
38.05482,0.9158848,49.325952911633124,8.569055785224323,0,0.6944514,5587.207,-0.51617557,4,1,false,false,-14.427033,2.716268,11.045374,-2.3352156,3
38.09367,0.9160244,49.32594868561793,8.56905000749819,0,0.69321823,5568.336,-0.534091,4,1,false,false,-14.680232,2.6279187,10.681918,-2.3412037,3
38.128227,0.9161641,49.32594445960274,8.569044091647374,0,0.69223195,5580.993,-0.5481333,4,1,false,false,-14.329848,2.378616,10.112796,-2.3474295,3
38.15983,0.916304,49.325940233587545,8.569038176216388,0,0.69173867,5592.623,-0.55854344,4,1,false,false,-14.143921,2.315714,10.240634,-2.3537076,3
38.191505,0.91644394,49.32593609730074,8.569032260785404,0,0.6917386,5595.953,-0.5682274,4,1,false,false,-14.078065,2.3443534,10.497682,-2.3600774,3
38.22354,0.9165841,49.32593187128555,8.569026207649566,0,0.6892724,5600.931,-0.5757333,4,1,false,false,-14.208747,2.301542,10.22832,-2.366602,3
38.253872,0.9167245,49.32592773527315,8.56902015451373,0,0.6880394,5609.2773,-0.5849331,4,1,false,false,-13.978095,2.1320019,9.536208,-2.3732953,3
38.282463,0.916865,49.32592368926353,8.569013964092873,0,0.6855733,5623.813,-0.5999436,4,1,false,false,-14.756278,2.062602,10.188805,-2.3802958,3
38.31056,0.91700566,49.325919552976735,8.569007773252185,0,0.6811345,5637.129,-0.6200378,4,1,false,false,-14.777054,2.1180127,10.03441,-2.3878024,3
38.339287,0.9171463,49.32591550696712,8.569001582411495,0,0.6739826,5641.2163,-0.63577545,4,1,false,false,-14.503924,2.176653,9.751754,-2.3957512,3
38.367344,0.91728723,49.325911460683116,8.568995391990638,0,0.6581999,5640.54,-0.6539325,4,1,false,false,-14.632823,2.1127067,9.496704,-2.4039617,3
38.39419,0.9174285,49.325907414399104,8.568989063445098,0,0.63501835,5643.5757,-0.67330086,4,1,false,false,-14.957593,2.0995798,9.402781,-2.4124103,3
38.419136,0.91756994,49.32590345839228,8.56898273531939,0,0.60147953,5636.431,-0.6946056,4,1,false,false,-15.440487,1.9527196,9.503364,-2.420917,3
38.440353,0.9177114,49.325899502111064,8.56897640719368,0,0.5607891,5620.736,-0.7134903,4,1,false,false,-15.6908245,1.7338377,9.696149,-2.4293833,3
38.455517,0.9178529,49.325895545829844,8.56896994136312,0,0.5163996,5614.476,-0.7285006,4,1,false,false,-15.926308,1.3636978,9.792159,-2.4378603,3
38.463974,0.9179943,49.325891589548625,8.56896347553256,0,0.47866833,5616.005,-0.7350365,4,1,false,false,-16.796137,1.0107502,10.143108,-2.4464445,3
38.466866,0.91813576,49.3258877232702,8.568956871997147,0,0.45967934,5618.7183,-0.7340696,4,1,false,false,-16.867699,0.7567038,9.95081,-2.4552565,3
38.467976,0.9182772,49.32588385671737,8.568950406166586,0,0.45745996,5624.8423,-0.7258368,4,1,false,false,-15.701194,0.7417525,8.617876,-2.4643033,3
38.47012,0.9184185,49.325880080441735,8.568943803051006,0,0.45745993,5629.223,-0.71421677,4,1,false,false,-14.85014,0.7978567,8.023267,-2.4732978,3
38.47295,0.9185599,49.3258762141633,8.568937199515593,0,0.45745993,5627.3164,-0.6897633,4,1,false,false,-15.528257,0.86581105,9.21345,-2.4820416,3
38.475033,0.91870105,49.325872527616056,8.56893045869516,0,0.46781754,5626.0625,-0.6895217,4,1,false,false,-16.282242,0.86914593,9.775111,-2.4905467,3
38.47619,0.91884214,49.325868751066025,8.568923717454895,0,0.48853272,5633.7793,-0.67572236,4,1,false,false,-16.099384,0.84543943,9.20248,-2.4989657,3
38.476395,0.9189831,49.32586506451878,8.568916976634464,0,0.5252775,5652.3125,-0.6619217,4,1,false,false,-15.879463,0.8067243,8.943727,-2.5074382,3
38.479046,0.9191241,49.325861377971535,8.56891023581403,0,0.5585697,5678.3086,-0.6495749,4,1,false,false,-16.554388,1.0691983,9.836231,-2.5162325,3
38.48367,0.9192652,49.32585769142429,8.568903357288747,0,0.5896425,5692.352,-0.61398566,4,1,false,false,-18.680857,1.3540825,11.852355,-2.5255175,3
38.491684,0.9194061,49.32585409487983,8.568896478763461,0,0.6175091,5694.627,-0.5844491,4,1,false,false,-18.732557,1.6325492,11.365108,-2.5354755,3
38.505802,0.919547,49.32585058833817,8.568889462533326,0,0.6379777,5696.5547,-0.5609648,4,1,false,false,-16.380573,2.0080075,8.905612,-2.5457733,3
38.524357,0.919688,49.32584699179372,8.56888258400804,0,0.65080166,5698.875,-0.5190808,4,1,false,false,-15.993987,2.1613636,8.625707,-2.5557363,3
38.546486,0.919829,49.32584348497765,8.568875567777905,0,0.6586929,5695.2974,-0.49123806,4,1,false,false,-16.774235,2.482433,9.490228,-2.5650182,3
38.56875,0.9199702,49.32584006816438,8.568868414262749,0,0.6601725,5676.5723,-0.46799624,4,1,false,false,-17.980589,2.4129598,10.500987,-2.573357,3
38.586414,0.9201113,49.32583656162272,8.568861398032611,0,0.6621454,5664.7827,-0.44935414,4,1,false,false,-18.2856,2.0021858,10.765221,-2.5809376,3
38.596943,0.9202525,49.32583323453784,8.568854244517455,0,0.6633786,5693.508,-0.43046963,4,1,false,false,-17.901728,1.6458982,9.82494,-2.5885096,3
38.60823,0.9203938,49.325829817998965,8.568846953297447,0,0.6692973,5736.613,-0.40529054,4,1,false,false,-16.9886,1.8680427,9.245344,-2.5964048,3
38.626926,0.92053515,49.32582649091409,8.56883979978229,0,0.6779285,5744.4253,-0.3813222,4,1,false,false,-15.758969,2.3255196,8.527663,-2.6044114,3
38.652584,0.9206767,49.32582316410361,8.568832508562283,0,0.6895192,5729.595,-0.3614695,4,1,false,false,-15.606817,2.6491244,8.992716,-2.6122506,3
38.680088,0.9208183,49.32581992729592,8.568825217342274,0,0.7060419,5723.362,-0.34742653,4,1,false,false,-16.284777,2.6564364,9.527491,-2.619722,3
38.70502,0.92096007,49.325816690213834,8.568817788417414,0,0.72478414,5724.031,-0.33871073,4,1,false,false,-17.109167,2.496559,10.351896,-2.6267877,3
38.72896,0.9211019,49.32581345340614,8.568810359492554,0,0.7425401,5732.3213,-0.3329002,4,1,false,false,-16.031944,2.4989727,8.9367895,-2.6336985,3
38.7559,0.921244,49.325810306326844,8.568802930567694,0,0.7578298,5748.04,-0.32612175,4,1,false,false,-14.150549,2.6340501,7.7642345,-2.6404033,3
38.78688,0.9213863,49.325807159247546,8.568795502062667,0,0.7721332,5760.1875,-0.32442707,4,1,false,false,-14.13053,2.7562635,7.9373446,-2.6466324,3
38.818176,0.9215288,49.325804012168255,8.568787935432955,0,0.7891491,5762.7485,-0.33435336,4,1,false,false,-16.008545,2.8887231,10.020386,-2.6524389,3
38.848457,0.9216714,49.325800955091744,8.568780506927926,0,0.8041925,5760.671,-0.3450062,4,1,false,false,-17.156532,2.7887638,10.3800125,-2.6581678,3
38.87538,0.9218142,49.32579789801524,8.568772802593362,0,0.81997526,5770.567,-0.35202733,4,1,false,false,-16.367226,2.402506,9.258228,-2.6641903,3
38.900963,0.9219574,49.325794840938734,8.568765236383483,0,0.83501863,5809.661,-0.35299537,4,1,false,false,-14.865501,2.4554174,8.564286,-2.6707,3
38.93358,0.9221007,49.32579187386502,8.56875753246875,0,0.84808874,5845.6084,-0.35226887,4,1,false,false,-14.626284,3.1244073,8.369678,-2.6774943,3
38.976254,0.9222443,49.325788906516905,8.568749828554019,0,0.8601727,5821.5728,-0.35493246,4,1,false,false,-15.742684,3.5788805,9.641096,-2.6840966,3
39.02152,0.92238814,49.32578602917158,8.568742124639286,0,0.86929715,5775.819,-0.36364827,4,1,false,false,-16.335615,3.607696,10.06344,-2.6903799,3
39.06148,0.92253214,49.32578306209787,8.568734420724555,0,0.8737361,5772.183,-0.3721224,4,1,false,false,-16.331667,3.1328146,10.128651,-2.696385,3
39.094814,0.9226767,49.32578027475534,8.56872657910497,0,0.87644875,5797.5234,-0.38011163,4,1,false,false,-16.612867,2.7913141,10.148673,-2.702252,3
39.127556,0.92282134,49.325777397410015,8.568718737485387,0,0.8786683,5814.635,-0.38471138,4,1,false,false,-16.736252,2.9418898,10.399785,-2.7081985,3
39.164448,0.92296636,49.325774610067484,8.568710758580782,0,0.88064134,5814.4077,-0.38495392,4,1,false,false,-16.060867,3.1746652,9.831084,-2.7142467,3
39.20405,0.92311156,49.325771822724946,8.568702916961199,0,0.88557327,5809.8525,-0.38229123,4,1,false,false,-15.412785,3.1751723,8.944245,-2.7202275,3
39.243996,0.92325693,49.32576912538521,8.568694938056595,0,0.89247847,5813.5503,-0.38011163,4,1,false,false,-15.555718,3.1537423,9.563987,-2.7260377,3
39.282944,0.923403,49.32576642777107,8.568686958732158,0,0.8988904,5818.4927,-0.37865853,4,1,false,false,-16.189346,3.1066191,10.170011,-2.7317011,3
39.32072,0.9235492,49.32576382043412,8.568678842122702,0,0.90382266,5819.653,-0.37696475,4,1,false,false,-16.228724,3.0050066,10.323125,-2.7373466,3
39.35805,0.92369556,49.325761122819976,8.568670725513247,0,0.9045624,5828.8716,-0.37309057,4,1,false,false,-15.571964,2.9409637,9.718574,-2.7431538,3
39.395123,0.92384225,49.32575860521142,8.568662608903791,0,0.9060418,5845.311,-0.3658269,4,1,false,false,-15.845352,2.9589736,10.284446,-2.7491727,3
39.434643,0.9239894,49.32575599760007,8.568654492294336,0,0.9060419,5853.071,-0.35735366,4,1,false,false,-16.003603,3.1618104,10.408562,-2.7554097,3
39.476746,0.9241369,49.32575347999151,8.56864637568488,0,0.9060419,5845.506,-0.3464584,4,1,false,false,-15.94175,3.2814786,9.948645,-2.761722,3
39.519234,0.92428464,49.325750962382955,8.568638121370572,0,0.9060419,5837.913,-0.33362684,4,1,false,false,-15.880412,3.182765,10.351203,-2.767969,3
39.56043,0.92443264,49.32574853477719,8.568629867056265,0,0.9060419,5843.1343,-0.3207953,4,1,false,false,-15.624579,3.142033,10.260349,-2.77413,3
39.601536,0.924581,49.325746107171426,8.568621612741957,0,0.9060419,5850.244,-0.30602664,4,1,false,false,-15.477431,3.0995347,10.263372,-2.7800448,3
39.64247,0.92472976,49.32574376929405,8.568613221142629,0,0.9060419,5851.967,-0.2939216,4,1,false,false,-16.315243,3.0525155,10.41027,-2.7856688,3
39.683586,0.92487884,49.32574134168828,8.568604966828321,0,0.9060419,5857.381,-0.28423682,4,1,false,false,-15.408744,3.1559062,10.627788,-2.7912538,3
39.725967,0.9250281,49.325739093813695,8.568596574809161,0,0.9060419,5863.746,-0.27382645,4,1,false,false,-15.107065,3.1249194,10.504032,-2.7968125,3
39.76826,0.92517775,49.325736755936326,8.568588183209835,0,0.9060419,5867.443,-0.26632127,4,1,false,false,-14.373351,3.082804,9.848449,-2.802302,3
39.81107,0.92532766,49.32573450806174,8.568579653905655,0,0.9060419,5876.303,-0.26462582,4,1,false,false,-14.483045,3.2374108,9.771241,-2.8076513,3
39.85593,0.9254778,49.32573226018715,8.568571261886495,0,0.9060419,5878.62,-0.2714053,4,1,false,false,-14.136149,3.1996727,10.054682,-2.8127205,3
39.90157,0.9256282,49.32573010231536,8.568562732582315,0,0.9060419,5873.7876,-0.2885952,4,1,false,false,-14.037618,3.2254586,9.863251,-2.8175156,3
39.946144,0.9257789,49.325727944169174,8.568554203278136,0,0.9060419,5877.5635,-0.3111105,4,1,false,false,-13.708964,3.0749774,9.192965,-2.8221133,3
39.99022,0.9259297,49.325725786297376,8.568545673973956,0,0.9060419,5890.0845,-0.33895326,4,1,false,false,-13.431709,3.0005767,8.9880705,-2.8265698,3
40.03378,0.9260803,49.32572371815398,8.568537006964926,0,0.9060419,5900.739,-0.37720636,4,1,false,false,-12.014057,3.0517807,8.441332,-2.8309503,3
40.078285,0.9262312,49.325721650284976,8.568528477660745,0,0.9020962,5910.5474,-0.41545856,4,1,false,false,-13.664066,2.9503553,9.126444,-2.8352478,3
40.120277,0.92638224,49.32571958214157,8.568519810651713,0,0.89765733,5916.9316,-0.45806983,4,1,false,false,-13.829816,2.8704603,9.775073,-2.839839,3
40.161766,0.9265336,49.32571751399818,8.568511143642683,0,0.88927263,5928.803,-0.49971136,4,1,false,false,-13.9155445,2.8693933,9.3254175,-2.8449166,3
40.202366,0.92668456,49.32571553585757,8.568502339348631,0,0.87817526,5940.489,-0.53457505,4,1,false,false,-13.921225,2.6994574,9.38376,-2.8505044,3
40.241226,0.92683583,49.325713647719745,8.5684936723396,0,0.86461174,5953.366,-0.5670177,4,1,false,false,-14.3989,2.9073308,9.452323,-2.8566806,3
40.28355,0.9269872,49.325711669579135,8.568484867625715,0,0.8559803,5957.3613,-0.5929225,4,1,false,false,-15.411732,2.8913293,10.387256,-2.8633587,3
40.324078,0.92713875,49.32570978144132,8.568476200616685,0,0.84808886,5943.682,-0.6176173,4,1,false,false,-15.785431,2.828898,10.695541,-2.8704085,3
40.36201,0.92729026,49.32570798303189,8.568467396322633,0,0.84217006,5944.5415,-0.63529027,4,1,false,false,-15.608348,2.7637696,10.202338,-2.8778718,3
40.399345,0.92744184,49.325706184896866,8.56845845432373,0,0.83723813,5957.077,-0.64691114,4,1,false,false,-15.423472,2.6375585,9.14464,-2.8855226,3
40.435005,0.9275935,49.32570438648744,8.568449649609846,0,0.8335387,5958.6963,-0.6597437,4,1,false,false,-15.850563,2.6550043,9.560825,-2.8931491,3
40.470684,0.9277454,49.32570258807801,8.568440707610943,0,0.8295931,5957.147,-0.67087966,4,1,false,false,-15.555464,2.6237564,8.987782,-2.9007351,3
40.505375,0.9278974,49.325700969674166,8.568431902897059,0,0.82786685,5963.0444,-0.68129027,4,1,false,false,-15.671043,2.4175558,9.388642,-2.9081995,3
40.534035,0.92804927,49.32569926126753,8.568422960898156,0,0.82392114,5979.209,-0.69339514,4,1,false,false,-15.75215,2.179889,9.374044,-2.9157317,3
40.562084,0.92820126,49.32569764286369,8.568414018899253,0,0.8209617,6007.201,-0.70404816,4,1,false,false,-15.740027,2.240703,9.33247,-2.9235985,3
40.58972,0.92835325,49.325696024459845,8.568404939195498,0,0.81701607,6023.1367,-0.71155316,4,1,false,false,-15.6506405,2.1996279,8.863113,-2.931863,3
40.618534,0.92850554,49.32569449578439,8.568395997196594,0,0.81060416,6033.1997,-0.71687967,4,1,false,false,-14.987343,2.3997357,8.417937,-2.9406052,3
40.652092,0.92865777,49.32569296738334,8.568387055197691,0,0.7977804,6039.294,-0.7193007,4,1,false,false,-14.703366,2.580635,8.060957,-2.9495277,3
40.683266,0.92881006,49.325691438707885,8.568377975493936,0,0.7866833,6031.755,-0.7255943,4,1,false,false,-15.901566,2.4966075,9.466224,-2.958365,3
40.71221,0.9289624,49.32569000003522,8.56836889579018,0,0.7743528,6028.7505,-0.7372162,4,1,false,false,-17.090601,2.4191964,9.817183,-2.9672635,3
40.736465,0.92911494,49.325688651365354,8.568359816086424,0,0.76152885,6029.328,-0.7427852,4,1,false,false,-17.559252,2.129743,10.33688,-2.9762893,3
40.754715,0.9292675,49.32568721269269,8.56835073638267,0,0.7546239,6039.208,-0.74108964,4,1,false,false,-17.926613,1.898495,9.872066,-2.9856741,3
40.77342,0.92942005,49.32568595402561,8.568341519393893,0,0.748952,6059.1533,-0.72946954,4,1,false,false,-16.984169,2.1023421,9.062701,-2.995496,3
40.794292,0.9295728,49.32568460508134,8.568332439690138,0,0.74475944,6060.7715,-0.7101011,4,1,false,false,-17.354317,2.2131896,9.534106,-3.0052767,3
40.815975,0.9297256,49.32568343641705,8.568323222281531,0,0.74229336,6048.261,-0.6929119,4,1,false,false,-17.953682,2.3319728,9.960113,-3.0148737,3
40.836926,0.9298783,49.32568217747558,8.568314142577776,0,0.738101,6042.3237,-0.6757223,4,1,false,false,-17.957512,2.2353287,9.293711,-3.0242555,3
40.854733,0.93003136,49.32568100853689,8.568304925589,0,0.73637486,6044.3315,-0.65490144,4,1,false,false,-17.536629,1.9922799,9.581404,-3.033342,3
40.86773,0.93018436,49.325679929600994,8.568295708180393,0,0.73489535,6061.193,-0.63165957,4,1,false,false,-19.256716,1.8500192,10.677436,-3.0423572,3
40.87901,0.9303373,49.32567885066509,8.56828649119162,0,0.73341537,6078.1377,-0.60817516,4,1,false,false,-18.866064,1.9628618,9.979848,-3.0516207,3
40.891495,0.9304904,49.32567786145759,8.568277273783012,0,0.73341554,6079.636,-0.5837227,4,1,false,false,-19.630625,1.904918,11.049977,-3.0610616,3
40.899498,0.9306436,49.32567687252448,8.568267919089385,0,0.73341554,6083.834,-0.5583021,4,1,false,false,-21.952927,2.0431159,13.207892,-3.0711925,3
40.90625,0.9307969,49.325675973319775,8.568258701680778,0,0.73341554,6084.137,-0.51956487,4,1,false,false,-24.759796,1.9556348,14.6403,-3.082053,3
40.910755,0.9309502,49.32567516411785,8.56824934698715,0,0.73341554,6075.972,-0.47550225,4,1,false,false,-23.290514,2.0764732,12.514578,-3.0934794,3
40.921055,0.9311036,49.325674354915925,8.568240129998374,0,0.73489535,6081.7046,-0.41884863,4,1,false,false,-21.579737,2.4166353,11.259924,-3.1049597,3
40.938484,0.9312572,49.3256736354424,8.568230774884915,0,0.7366215,6071.174,-0.37139577,4,1,false,false,-20.245062,2.7886493,10.678011,-3.1156936,3
40.959137,0.9314109,49.32567291624326,8.56822142019129,0,0.73834777,6037.527,-0.34137443,4,1,false,false,-20.03748,2.838764,10.828418,-3.1250882,3
40.978706,0.93156475,49.32567228677253,8.568212065497661,0,0.7388409,6020.2715,-0.32370046,4,1,false,false,-19.44488,2.667985,9.863259,-3.1329794,3
40.995647,0.9317187,49.325671747304575,8.568202710804034,0,0.7403208,6030.1924,-0.32248992,4,1,false,false,-18.528147,2.3283916,9.82593,-3.139457,3
41.008804,0.9318727,49.32567111783384,8.568193355690575,0,0.74328,6048.9604,-0.33241624,4,1,false,false,-17.307287,2.0199277,9.225011,3.138224,3
41.01902,0.9320271,49.32567066836868,8.568184000996949,0,0.7477188,6081.364,-0.35202727,4,1,false,false,-16.26842,1.73645,8.923402,3.1329453,3
41.028435,0.93218154,49.325670218903525,8.568174646303321,0,0.753884,6126.9473,-0.3781754,4,1,false,false,-17.147978,1.7701198,8.675624,3.1272707,3
41.044235,0.9323359,49.325669769163966,8.568165291609693,0,0.76152885,6150.6904,-0.40989143,4,1,false,false,-15.466861,2.256887,8.026861,3.120935,3
41.0675,0.93249035,49.325669409701604,8.568155799211215,0,0.7726265,6144.5796,-0.4423331,4,1,false,false,-16.232883,2.739576,9.074476,3.1141868,3
41.09742,0.9326455,49.32566904996484,8.568146444097756,0,0.7795315,6122.8315,-0.47429073,4,1,false,false,-17.660604,3.1242065,10.2956505,3.1073158,3
41.12665,0.9328007,49.32566878023086,8.568137089404129,0,0.7854502,6091.3506,-0.5086695,4,1,false,false,-18.927021,2.9011102,10.898357,3.1006784,3
41.145786,0.9329559,49.32566851049689,8.568127597005649,0,0.7893958,6080.1714,-0.54183775,4,1,false,false,-21.174143,2.2251527,11.943243,3.094151,3
41.15792,0.9331112,49.32566833049131,8.568118242312023,0,0.789889,6104.2944,-0.571375,4,1,false,false,-21.038342,2.1708186,12.0983515,3.0870256,3
41.166424,0.9332667,49.325668240762916,8.568108749913543,0,0.79136884,6119.05,-0.5902597,4,1,false,false,-23.848038,2.0524182,14.222758,3.0792415,3
41.176765,0.9334224,49.32566815076012,8.568099257515064,0,0.7913687,6108.968,-0.6028489,4,1,false,false,-23.20019,2.4144878,13.848345,3.070532,3
41.190125,0.933578,49.32566815076012,8.568089902821438,0,0.7913687,6102.0703,-0.5919532,4,1,false,false,-21.284946,2.115391,11.153029,3.0616007,3
41.19089,0.9337337,49.32566815076012,8.568080410422958,0,0.7913687,6126.4263,-0.5909863,4,1,false,false,-22.596487,1.3682745,12.171055,3.0526917,3
41.202324,0.9338891,49.325668240762916,8.56807105572933,0,0.7913687,6172.4385,-0.5919532,4,1,false,false,-21.365698,2.924601,10.69337,3.043623,3
41.236168,0.93404424,49.3256684204941,8.568061563330852,0,0.7913687,6119.261,-0.5958275,4,1,false,false,-18.315586,3.3975582,9.972942,3.035696,3
41.27192,0.93419945,49.325668600225285,8.568052070932373,0,0.7943281,6023.6865,-0.61422825,4,1,false,false,-17.802202,3.3032317,9.399676,3.0295808,3
41.30297,0.93435466,49.32566878023086,8.568042578533893,0,0.79432803,6034.6343,-0.65005887,4,1,false,false,-18.02849,2.502971,9.7848425,3.0249975,3
41.315544,0.93451,49.32566913969323,8.568033223840267,0,0.79556113,6079.1616,-0.6854059,4,1,false,false,-16.475227,1.376391,9.036478,3.0213983,3
41.331615,0.9346649,49.325669409701604,8.568023731441787,0,0.7955611,6128.5005,-0.72172093,4,1,false,false,-15.187589,2.6840868,7.628619,3.017785,3
41.357117,0.9348197,49.325669769163966,8.568014239043308,0,0.7970406,6131.1494,-0.7507743,4,1,false,false,-16.651562,1.958524,9.776378,3.014242,3
41.373478,0.93497473,49.325670218903525,8.56800474664483,0,0.7970407,6115.8066,-0.778616,4,1,false,false,-17.136473,1.6759292,10.350502,3.0100682,3
41.37614,0.9351296,49.32567066836868,8.56799525424635,0,0.7970407,6193.0254,-0.7890266,4,1,false,false,-15.550646,0.8149693,8.030176,3.004451,3
41.3663,0.9352841,49.32567111783384,8.567985899552722,0,0.7970407,6306.3574,-0.79604673,4,1,false,false,-13.852027,-0.09397077,5.9607553,2.9972048,3
41.350742,0.93543833,49.32567165757619,8.567976407154244,0,0.79852057,6394.1436,-0.803795,4,1,false,false,-19.73466,0.18951526,10.344233,2.9878047,3
41.38102,0.9355926,49.325672197044135,8.567966914755765,0,0.7985204,6414.492,-0.8006466,4,1,false,false,-22.552677,5.335907,12.556375,2.9762323,3
41.449688,0.935747,49.32567282624048,8.567957560062137,0,0.7985204,6191.572,-0.77788955,4,1,false,false,-24.688652,5.4635286,14.771061,2.9646595,3
41.50456,0.9359015,49.325673545714004,8.567948067663659,0,0.7985204,5956.0146,-0.75028926,4,1,false,false,-23.642117,4.010672,16.84037,2.9547987,3
41.523388,0.9360559,49.32567426491314,8.56793857526518,0,0.7999999,5999.16,-0.7101009,4,1,false,false,-23.262753,1.4575773,14.631701,2.9470603,3
41.514004,0.9362102,49.32567507411506,8.567929220571553,0,0.8044389,6124.0264,-0.7132477,4,1,false,false,-23.09962,0.87390953,13.813838,2.9410534,3
41.51794,0.9363646,49.325675973319775,8.567919728173074,0,0.8088779,6137.6353,-0.71712124,4,1,false,false,-20.018755,1.716733,10.751206,2.9356256,3
41.532276,0.93651885,49.32567687252448,8.567910373479446,0,0.8160298,6115.5845,-0.7331003,4,1,false,false,-18.08172,1.9243319,9.297264,2.930036,3
41.55762,0.9366731,49.32567786145759,8.567900881080968,0,0.8244142,6149.1284,-0.7781311,4,1,false,false,-17.35368,2.9513206,8.892011,2.9241142,3
41.58789,0.93682724,49.32567885066509,8.567891525967509,0,0.8308262,6136.477,-0.8025836,4,1,false,false,-16.85118,2.6089125,10.163841,2.9184446,3
41.611732,0.9369815,49.3256798395982,8.567882171273881,0,0.83896434,6090.471,-0.85971934,4,1,false,false,-15.977286,1.9697287,10.296453,2.9132657,3
41.631546,0.93713576,49.325680918808494,8.567872678875402,0,0.84586936,6128.286,-0.8812665,4,1,false,false,-17.182953,2.2391703,11.229009,2.9078166,3
41.635384,0.93729,49.325682087472785,8.567863324181776,0,0.8515413,6171.8076,-0.91661346,4,1,false,false,-18.9662,1.0181407,12.780683,2.9017453,3
41.636803,0.93744415,49.32568325641147,8.567853969488148,0,0.8599259,6183.6606,-0.940581,4,1,false,false,-17.04278,1.2286143,9.140127,2.8943822,3
41.65027,0.9375982,49.32568442535016,8.56784461479452,0,0.8653513,6226.655,-0.9415502,4,1,false,false,-16.0939,2.208634,10.790835,2.8859754,3
41.674725,0.93775237,49.325685684291635,8.567835259681061,0,0.87053025,6205.9453,-0.9415501,4,1,false,false,-16.244171,2.7588716,10.49898,2.8776534,3
41.708736,0.9379065,49.325687032961504,8.567825904987433,0,0.8766954,6120.3013,-0.9468766,4,1,false,false,-17.39856,2.9661224,10.339801,2.8700588,3
41.731594,0.93806076,49.32568838163138,8.567816550293808,0,0.88557327,6116.759,-0.9565604,4,1,false,false,-20.384956,2.0627885,12.402376,2.8626254,3
41.741463,0.9382149,49.32568973030125,8.56780719560018,0,0.8946979,6179.492,-0.9611601,4,1,false,false,-20.278921,1.4713334,12.089294,2.8545842,3
41.74865,0.93836915,49.32569116897391,8.56779784048672,0,0.8983972,6210.936,-0.9534126,4,1,false,false,-21.559866,1.6926211,11.920981,2.8456855,3
41.76015,0.9385233,49.32569269764936,8.567788623497945,0,0.90160286,6191.287,-0.93355995,4,1,false,false,-26.801674,1.5743341,16.347948,2.8360715,3
41.77851,0.93867767,49.325694226050416,8.567779268804319,0,0.9040692,6160.9185,-0.90692884,4,1,false,false,-22.872437,2.9778528,14.642024,2.8257866,3
41.80746,0.938832,49.32569584445426,8.567770051395712,0,0.90456223,6145.063,-0.84979415,4,1,false,false,-22.104525,2.6524706,13.722171,2.8167405,3
41.81344,0.93898636,49.325697552860895,8.567760833987103,0,0.9045623,6153.3604,-0.8272777,4,1,false,false,-19.970749,0.92230064,11.358099,2.809406,3
41.803913,0.93914074,49.32569926126753,8.56775161699833,0,0.9045623,6265.307,-0.81638324,4,1,false,false,-17.040937,0.1662187,8.654521,2.8023558,3
41.79136,0.93929523,49.325700969674166,8.567742399589722,0,0.9045623,6414.337,-0.8277616,4,1,false,false,-13.708688,0.12648591,6.4149942,2.7946782,3
41.78515,0.9394494,49.325702768083595,8.567733182600946,0,0.9060418,6504.355,-0.8609299,4,1,false,false,-11.075132,0.49735495,4.5180135,2.7861164,3
41.785183,0.9396037,49.32570456621862,8.567724102897191,0,0.9060419,6576.472,-0.9105605,4,1,false,false,-8.720645,0.692025,3.0016959,2.7768855,3
41.78594,0.93975776,49.32570645463084,8.567714885488584,0,0.9060419,6674.876,-0.9752014,4,1,false,false,-7.963007,0.6482857,2.6360455,2.7673135,3
41.786842,0.9399121,49.325708252765864,8.567705668499809,0,0.9060419,6766.197,-1.0514634,4,1,false,false,-7.897965,0.82210475,3.1129284,2.7575822,3
41.810017,0.9400663,49.325710141178085,8.567696588796053,0,0.9060419,6822.1084,-1.1311134,4,1,false,false,-8.346355,4.7054644,4.809618,2.7479916,3
41.907154,0.9402206,49.3257120293159,8.567687509092298,0,0.9060419,6679.7637,-1.2054371,4,1,false,false,-20.286316,7.5521684,11.008457,2.7395418,3
41.98946,0.9403752,49.32571400745651,8.567678291683691,0,0.9060419,6277.2344,-1.276613,4,1,false,false,-31.637777,6.9157457,19.177904,2.73105,3
42.025124,0.9405302,49.325716075325516,8.567669212399768,0,0.9060419,6071.224,-1.2480458,4,1,false,false,-32.084404,2.9140873,21.46699,2.721296,3
41.998894,0.94068533,49.32571814346891,8.567660132696012,0,0.9060419,6195.328,-1.156533,4,1,false,false,-28.194504,-0.077228665,17.654585,2.7111,3
41.96944,0.9408403,49.32572030134071,8.567651052992257,0,0.9060419,6354.088,-1.0650204,4,1,false,false,-26.453304,1.0721015,14.476295,2.7016408,3
41.97542,0.9409952,49.32572254921529,8.567642110993354,0,0.9060419,6297.9375,-0.99771696,4,1,false,false,-23.099794,2.9387457,12.25333,2.6931107,3
41.996655,0.9411501,49.325724797089876,8.5676330312896,0,0.91245383,6187.509,-0.9783491,4,1,false,false,-21.929325,2.9448414,11.6843405,2.6850877,3
42.009174,0.9413052,49.32572713496725,8.567624089290694,0,0.93020964,6209.3687,-0.9853694,4,1,false,false,-20.930937,2.045157,10.704068,2.6768315,3
42.015347,0.9414604,49.32572956257302,8.567615284576812,0,0.94771874,6268.8364,-0.99723285,4,1,false,false,-18.940966,2.0018177,9.630515,2.668239,3
42.03012,0.94161534,49.32573199045318,8.567606342577909,0,0.96646106,6261.887,-1.0124848,4,1,false,false,-17.444237,2.5851986,8.912415,2.6597855,3
42.05238,0.9417704,49.32573441805895,8.567597537864025,0,0.97090006,6234.3174,-1.0386314,4,1,false,false,-16.934055,2.819163,8.591716,2.6519008,3
42.072376,0.94192505,49.32573693566751,8.567588595865121,0,0.9709001,6236.106,-1.0751884,4,1,false,false,-17.772804,2.4954407,9.2438,2.6447961,3
42.085217,0.9420796,49.32573954327886,8.56757979157107,0,0.9709001,6250.076,-1.1088403,4,1,false,false,-18.44453,2.1738455,10.297283,2.6381578,3
42.093937,0.9422342,49.32574215089021,8.567570986857186,0,0.9709001,6265.291,-1.1439438,4,1,false,false,-18.087193,1.9164369,10.151736,2.6314938,3
42.10189,0.9423888,49.32574475822715,8.567562319848156,0,0.9709001,6292.892,-1.1623433,4,1,false,false,-18.218529,2.0297825,10.381754,2.6245012,3
42.11543,0.94254315,49.325747455841295,8.567553515554104,0,0.96646124,6309.9556,-1.1722698,4,1,false,false,-18.139307,2.493112,9.818568,2.617111,3
42.1346,0.9426974,49.32575015318103,8.567544848545072,0,0.9607892,6284.3315,-1.1751752,4,1,false,false,-18.908695,2.7657614,10.649478,2.6096056,3
42.152134,0.94285166,49.325752940523564,8.56753618153604,0,0.9570899,6251.9297,-1.1763854,4,1,false,false,-20.055727,2.6049378,11.400614,2.602115,3
42.1648,0.9430058,49.325755727866095,8.56752751452701,0,0.9563501,6249.6626,-1.1754165,4,1,false,false,-21.096962,2.29419,12.239939,2.5946493,3
42.173214,0.94316006,49.32575860521142,8.567518847517977,0,0.9563502,6255.199,-1.1703326,4,1,false,false,-19.97915,2.1395497,10.374044,2.5872917,3
42.183964,0.94331396,49.325761572559536,8.567510318213799,0,0.9563502,6259.785,-1.1621022,4,1,false,false,-18.949984,2.2664037,10.189871,2.5800998,3
42.19761,0.9434679,49.32576444963046,8.567501788909619,0,0.9583229,6265.267,-1.1545968,4,1,false,false,-18.808388,2.3701136,10.36586,2.5731204,3
42.21375,0.94362193,49.32576750670697,8.567493259605438,0,0.9593094,6261.144,-1.1495128,4,1,false,false,-18.281046,2.5193298,9.860133,2.5664213,3
42.230038,0.9437759,49.325770474055076,8.56748473030126,0,0.9593095,6253.13,-1.1473335,4,1,false,false,-17.693748,2.3044875,9.336609,2.560124,3
42.245354,0.94392973,49.325773621134374,8.56747620099708,0,0.9593095,6263.5044,-1.1507236,4,1,false,false,-17.413576,2.2898858,9.191534,2.554068,3
42.261173,0.9440834,49.32577667821088,8.56746780897792,0,0.9593095,6277.542,-1.1550809,4,1,false,false,-16.728922,2.232631,8.7698,2.5482476,3
42.277,0.94423723,49.32577982529018,8.567459417378593,0,0.9593095,6280.9834,-1.1608902,4,1,false,false,-16.718243,2.233769,8.8493595,2.5426238,3
42.29306,0.9443911,49.32578306209787,8.567451025359434,0,0.95906276,6290.519,-1.1676698,4,1,false,false,-15.528888,2.1342905,8.314938,2.5369856,3
42.308865,0.9445448,49.32578629917995,8.567442633760106,0,0.95832294,6314.6294,-1.1756594,4,1,false,false,-14.939422,2.025632,8.007475,2.531257,3
42.324776,0.9446984,49.325789535987646,8.567434379445798,0,0.95832306,6338.0522,-1.1855855,4,1,false,false,-15.031253,2.2007263,7.972214,2.5253422,3
42.344547,0.944852,49.325792862798124,8.56742612513149,0,0.9593094,6344.204,-1.1979322,4,1,false,false,-15.426103,2.3608704,8.593843,2.519147,3
42.365078,0.9450057,49.3257961896086,8.567417870817183,0,0.9593095,6334.712,-1.2076159,4,1,false,false,-16.657557,2.320685,9.691233,2.5126376,3
42.37947,0.9451593,49.32579951641908,8.567409616502875,0,0.9593095,6334.4688,-1.2136691,4,1,false,false,-18.782831,2.1245751,10.659182,2.505479,3
42.393333,0.9453129,49.32580293323235,8.567401362608399,0,0.960789,6340.7964,-1.2078574,4,1,false,false,-17.91668,2.258099,9.705023,2.4975102,3
42.411392,0.9454665,49.32580644004842,8.567393245998943,0,0.9637485,6337.0195,-1.192847,4,1,false,false,-16.82364,2.4349034,8.882793,2.4892728,3
42.433758,0.9456201,49.32580985686169,8.567385128969656,0,0.96818733,6324.8843,-1.1824374,4,1,false,false,-16.98191,2.7958207,9.177349,2.4812686,3
42.45654,0.94577384,49.32581345340614,8.567377012360199,0,0.97879183,6305.7627,-1.1785645,4,1,false,false,-17.947311,2.6136997,10.414757,2.473809,3
42.473667,0.94592744,49.32581695994781,8.567368895750743,0,1,6294.7554,-1.1817123,4,1,false,false,-17.43073,2.1804214,9.61845,2.4667547,3
42.482952,0.94608116,49.32582055676666,8.56736091684614,0,1,6318.3,-1.186312,4,1,false,false,-18.394346,1.7715902,10.552488,2.4597747,3
42.48723,0.94623476,49.325824243039506,8.567352937521704,0,1,6355.3667,-1.1889741,4,1,false,false,-19.285952,1.6694108,11.517209,2.4522932,3
42.49214,0.94638836,49.32582792958675,8.567344958197268,0,1,6369.6035,-1.1831645,4,1,false,false,-20.191774,1.8714195,11.938071,2.4439912,3
42.501667,0.94654197,49.325831616133996,8.567336979712497,0,1,6364.1294,-1.1703326,4,1,false,false,-19.150864,2.3279314,10.43988,2.4349713,3
42.521786,0.94669557,49.325835392684034,8.567329138092912,0,1,6355.1367,-1.156049,4,1,false,false,-17.631258,2.8658366,9.487645,2.4258888,3
42.548096,0.9468493,49.32583916895967,8.56732129647333,0,1,6325.084,-1.1507232,4,1,false,false,-17.311846,3.0484824,9.282209,2.4175844,3
42.57442,0.947003,49.3258430355125,8.567313592558596,0,1,6291.059,-1.1618594,4,1,false,false,-16.966854,2.9217935,8.812555,2.4104362,3
42.595768,0.94715685,49.325846901790925,8.567305750939012,0,1,6284.914,-1.1819539,4,1,false,false,-15.741128,2.3913584,7.897416,2.4044576,3
42.609478,0.94731075,49.32585076806935,8.56729804702428,0,1,6312.8794,-1.2107635,4,1,false,false,-14.516541,1.7543808,7.3130026,2.3993583,3
42.613873,0.9474646,49.32585472435057,8.567290343109548,0,1,6363.2183,-1.2344886,4,1,false,false,-15.138987,1.3187773,7.9937706,2.3945074,3
42.61504,0.9476184,49.32585868063179,8.567282776899669,0,1,6416.4106,-1.2528871,4,1,false,false,-15.450718,1.2288657,8.296565,2.3891244,3
42.617764,0.94777226,49.3258627269158,8.567275072984936,0,1,6457.0244,-1.254583,4,1,false,false,-15.886826,1.4693685,9.02454,2.382701,3
42.625034,0.94792616,49.32586668292262,8.567267506775057,0,1,6481.4565,-1.2395724,4,1,false,false,-17.234947,1.9477258,10.323427,2.3749983,3
42.64034,0.9480801,49.32587081920942,8.567259939725512,0,1,6475.568,-1.2134264,4,1,false,false,-17.735746,2.545071,10.047934,2.3661752,3
42.663692,0.948234,49.325874865219035,8.567252511220484,0,1,6436.7847,-1.1773539,4,1,false,false,-18.350872,3.064247,10.387576,2.3568997,3
42.691822,0.94838804,49.32587900150583,8.567244945010604,0,1,6387.29,-1.1417655,4,1,false,false,-17.831478,3.225578,10.029328,2.3478985,3
42.71673,0.9485423,49.325883227521025,8.567237515665912,0,1,6350.503,-1.1170712,4,1,false,false,-18.936115,2.9369133,10.808866,2.339702,3
42.73507,0.9486967,49.325887453536225,8.567230224865735,0,1,6334.757,-1.100609,4,1,false,false,-18.462416,2.5121033,10.161109,2.3323112,3
42.74754,0.9488509,49.325891679277014,8.567222796360708,0,1,6341.357,-1.0863245,4,1,false,false,-18.543015,2.2176993,10.615931,2.3255184,3
42.754967,0.9490053,49.32589590529221,8.567215642425719,0,1,6356.9873,-1.0737357,4,1,false,false,-19.114237,1.941697,10.880708,2.318984,3
42.761482,0.94915986,49.325900311312985,8.56720835078588,0,1,6372.7495,-1.0604208,4,1,false,false,-19.064388,2.087486,10.438129,2.3122563,3
42.77226,0.9493145,49.32590462705657,8.567201197690554,0,1,6379.244,-1.0405679,4,1,false,false,-18.175785,2.2599554,9.644831,2.30531,3
42.786743,0.94946915,49.325909033077345,8.567194043755567,0,1,6376.3916,-1.0216844,4,1,false,false,-17.908737,2.463527,9.714421,2.2983341,3
42.804276,0.9496237,49.325913438823726,8.567186889820578,0,1,6370.553,-1.0042528,4,1,false,false,-18.292242,2.6068554,10.471753,2.2915263,3
42.82185,0.9497786,49.32591793457289,8.567179873590442,0,1,6358.765,-0.989485,4,1,false,false,-18.132393,2.5375743,9.918881,2.285011,3
42.83912,0.94993365,49.32592243032206,8.567172858199969,0,1,6354.0425,-0.9771384,4,1,false,false,-17.288666,2.437192,9.199961,2.2787871,3
42.85583,0.95008874,49.325926926071226,8.567165841969834,0,1,6365.431,-0.9676964,4,1,false,false,-16.586802,2.338451,8.845146,2.2728424,3
42.872925,0.95024383,49.325931511823185,8.567158963444548,0,1,6377.589,-0.9618859,4,1,false,false,-16.761406,2.3913472,9.175717,2.2671273,3
42.88983,0.9503991,49.32593609730074,8.567152084919265,0,1,6376.1914,-0.957286,4,1,false,false,-17.280502,2.3615274,9.810204,2.2615435,3
42.906307,0.9505542,49.3259406830527,8.56714520639398,0,1,6376.7246,-0.9490544,4,1,false,false,-17.15597,2.2825239,9.340362,2.2558522,3
42.921223,0.9507094,49.325945358533055,8.567138465573548,0,1,6389.268,-0.9345282,4,1,false,false,-17.670443,2.2061572,10.059391,2.2499034,3
42.936176,0.9508646,49.3259500342878,8.567131723913452,0,1,6398.632,-0.9120136,4,1,false,false,-17.607126,2.3054357,9.682472,2.243586,3
42.954975,0.95101994,49.32595479977094,8.567124983093018,0,1,6395.6055,-0.8747295,4,1,false,false,-17.00871,2.4506335,9.336831,2.2370532,3
42.974445,0.9511753,49.32595956525408,8.567118379977439,0,1,6391.126,-0.83647734,4,1,false,false,-16.914938,2.4776275,8.971957,2.2305577,3
42.996254,0.95133066,49.32596433073723,8.567111776861857,0,1,6396.8135,-0.7965308,4,1,false,false,-16.025425,2.5782146,8.4860115,2.224228,3
43.019722,0.95148605,49.32596909622037,8.567105310611465,0,1,6395.9795,-0.7590051,4,1,false,false,-15.378802,2.539912,8.183038,2.2183204,3
43.04267,0.9516416,49.3259739517063,8.567098707495884,0,1,6396.7183,-0.71954334,4,1,false,false,-15.16879,2.4669862,8.055753,2.212756,3
43.063095,0.9517972,49.32597880691783,8.567092241245492,0,1,6410.4478,-0.690006,4,1,false,false,-16.460896,2.2648857,9.83611,2.207366,3
43.076153,0.9519527,49.32598375240656,8.567085775834762,0,1,6428.426,-0.6592588,4,1,false,false,-18.728647,1.873387,11.680104,2.2016184,3
43.085102,0.95210826,49.32598869762088,8.567079447289222,0,1,6453.3877,-0.6239109,4,1,false,false,-19.652113,1.9752713,11.91921,2.1947372,3
43.100113,0.9522639,49.325993643109605,8.567073119583345,0,1,6470.3906,-0.5774272,4,1,false,false,-16.915773,2.4642668,9.946111,2.1866586,3
43.13437,0.9524196,49.32599867832672,8.567066791037805,0,1,6455.947,-0.5181117,4,1,false,false,-10.929175,3.389424,7.296064,2.178589,3
43.18048,0.95257545,49.32600362354104,8.567060600197117,0,1,6404.6914,-0.48784873,4,1,false,false,-14.021166,3.9476876,6.897108,2.1722517,3
43.215675,0.9527313,49.32600865875816,8.567054409356427,0,1,6353.256,-0.48566926,4,1,false,false,-15.231955,2.5979629,8.83025,2.1678154,3
43.228237,0.9528873,49.32601378397807,8.567048219355403,0,1,6383.8613,-0.4866382,4,1,false,false,-14.8390255,1.4695339,9.597056,2.1640208,3
43.23693,0.9530434,49.326018819195184,8.567042166219565,0,1,6480.6577,-0.48106924,4,1,false,false,-18.136724,1.4254535,11.798963,2.1593375,3
43.24301,0.9531993,49.32602394441509,8.567036113083729,0,1,6515.8906,-0.4617007,4,1,false,false,-18.09304,1.8894503,11.789351,2.1534667,3
43.26065,0.95335543,49.32602915936339,8.567030059947891,0,1,6520.635,-0.42635387,4,1,false,false,-15.481472,2.771867,9.563854,2.1467001,3
43.29646,0.95351154,49.326034284583294,8.567024006812055,0,1,6522.1436,-0.3861645,4,1,false,false,-14.426713,3.390629,8.740366,2.1396666,3
43.336998,0.9536678,49.326039499531596,8.567018091381069,0,1,6475.945,-0.36389077,4,1,false,false,-13.368676,3.6404343,7.9013057,2.1331894,3
43.3855,0.9538242,49.32604471475429,8.56701217511042,0,1,6421.763,-0.34984866,4,1,false,false,-15.159866,3.847711,9.530175,2.127648,3
43.423664,0.95398074,49.32605001970538,8.567006397384288,0,1,6386.997,-0.3488796,4,1,false,false,-16.331472,3.0854445,10.283106,2.1234236,3
43.44897,0.9541374,49.32605532465647,8.567000619658154,0,1,6400.908,-0.35541663,4,1,false,false,-15.443986,2.2035117,9.785292,2.12008,3
43.458496,0.9542941,49.32606062960756,8.566994841932022,0,1,6457.373,-0.36389074,4,1,false,false,-17.684866,1.3348774,11.942041,2.1165705,3
43.46555,0.95445085,49.32606593455865,8.566989063366226,0,1,6525.555,-0.37091187,4,1,false,false,-14.231919,1.579108,8.947381,2.1113653,3
43.496807,0.95460767,49.32607132951253,8.566983423344944,0,1,6567.732,-0.35251132,4,1,false,false,-5.3003645,3.3530097,4.917319,2.1052835,3
43.5528,0.9547646,49.32607672446641,8.566977782483999,0,1,6516.3247,-0.36219516,4,1,false,false,-6.0659604,4.190417,2.0137985,2.1008222,3
43.61776,0.9549218,49.3260820294175,8.566972142462717,0,1,6414.8247,-0.41255414,4,1,false,false,-7.139782,3.6948142,2.1601148,2.0990047,3
43.62492,0.9550791,49.326087514099775,8.566966502441437,0,1,6413.2886,-0.45613363,4,1,false,false,-5.445217,-1.4065361,2.6224196,2.09941,3
43.60152,0.9552363,49.326092909053656,8.566960861580492,0,1,6702.1875,-0.5072174,4,1,false,false,-11.351507,0.06929617,5.937193,2.0988147,3
43.606266,0.9553935,49.32609830400754,8.566955359264062,0,1,6887.748,-0.51254284,4,1,false,false,-10.615385,1.051293,9.990106,2.096361,3
43.62643,0.9555507,49.326103788964204,8.566949718403118,0,1,6743.5,-0.5110909,4,1,false,false,-7.2492714,1.8602971,4.86261,2.0929122,3
43.62607,0.9557079,49.32610918364369,8.566944216086688,0,1,6766.801,-0.49826014,4,1,false,false,-8.968106,-0.88370794,9.203194,2.0889847,3
43.61569,0.9558652,49.32611466860036,8.566938712930595,0,1,7011.39,-0.502376,4,1,false,false,-8.70671,0.9846622,8.243584,2.0840118,3
43.660507,0.9560225,49.32612015328263,8.566933347479354,0,1,6992.161,-0.48857546,4,1,false,false,-14.99943,5.2559342,12.020275,2.078473,3
43.760017,0.9561801,49.326125638239304,8.566927845162924,0,1,6645.655,-0.47114298,4,1,false,false,-14.46557,7.3836284,10.986246,2.072691,3
43.84701,0.95633787,49.326131212924366,8.566922479711684,0,1,6424.687,-0.41473293,4,1,false,false,-17.373753,4.3721337,12.021686,2.0671654,3
43.867035,0.9564961,49.32613678760943,8.566917114260443,0,1,6510.57,-0.36752242,4,1,false,false,-19.934464,2.1340406,12.535457,2.0617955,3
43.8969,0.95665437,49.3261423622945,8.566911886514053,0,1,6625.61,-0.30239487,4,1,false,false,-17.307472,2.9899821,11.122921,2.0570915,3
43.932877,0.95681274,49.32614793697956,8.566906658767664,0,1,6508.4937,-0.26704794,4,1,false,false,-17.378122,3.04177,11.502674,2.0537667,3
43.97312,0.9569713,49.326153601667414,8.566901431021275,0,1,6444.377,-0.2588153,4,1,false,false,-17.97451,3.7338533,12.2416,2.050559,3
44.01391,0.9571301,49.32615926635527,8.566896340979737,0,1,6482.3516,-0.25566852,4,1,false,false,-12.421908,2.3723583,7.4113483,2.0476823,3
44.036522,0.957289,49.32616502104592,8.5668912509382,0,1,6506.897,-0.26607886,4,1,false,false,-9.944265,1.8136277,6.805478,2.0455527,3
44.07711,0.95744795,49.32617068545937,8.566886160896663,0,1,6559.219,-0.28641555,4,1,false,false,-10.997391,3.8860307,7.3447924,2.043598,3
44.105293,0.95760703,49.326176440150014,8.566881070855125,0,1,6539.7417,-0.31183714,4,1,false,false,-8.816715,1.36225,6.0013633,2.0418904,3
44.111595,0.9577665,49.32618219484066,8.56687611851844,0,1,6604.4263,-0.3454902,4,1,false,false,-6.8957767,0.37973827,3.8428295,2.039629,3
44.112125,0.9579258,49.326187949256905,8.566871028476902,0,1,6801.269,-0.3810796,4,1,false,false,-5.6388373,0.092135735,2.172275,2.036493,3
44.147945,0.95808524,49.32619370394755,8.566866075300553,0,1,6896.811,-0.42611128,4,1,false,false,-4.6040635,5.48317,2.4582932,2.032949,3
44.244694,0.95824486,49.3261994583638,8.566861122963868,0,1,6680.2334,-0.47453326,4,1,false,false,-12.175434,5.5350885,10.278676,2.030037,3
44.33409,0.9584051,49.32620521305444,8.566856170627181,0,1,6389.915,-0.5069758,4,1,false,false,-12.2226,5.5902724,13.639626,2.0278971,3
44.38028,0.95856553,49.326211057473486,8.566851355995349,0,1,6395.411,-0.48300654,4,1,false,false,-12.153419,1.3703367,16.506224,2.0264633,3
44.385124,0.95872617,49.32621690189252,8.566846402819,0,1,6553.655,-0.45758486,4,1,false,false,-16.272482,0.63724214,20.16962,2.0245907,3
44.392693,0.9588868,49.32622274631156,8.566841588187165,0,1,6613.629,-0.4144913,4,1,false,false,-15.689072,1.0404305,19.410723,2.0210564,3
44.415894,0.9590476,49.32622868073339,8.56683691042052,0,1,6610.4507,-0.3568687,4,1,false,false,-9.864197,2.5027325,12.609812,2.0157833,3
44.46972,0.9592088,49.32623452515243,8.566832095788687,0,1,6622.461,-0.30021617,4,1,false,false,-7.337895,4.3959346,8.285763,2.0102723,3
44.531696,0.95937,49.32624045957426,8.566827418022042,0,1,6530.2837,-0.28229967,4,1,false,false,-9.871107,3.4945135,8.515663,2.0064812,3
44.584194,0.9595316,49.32624639399609,8.56682274109506,0,1,6433.6035,-0.2769732,4,1,false,false,-6.544859,3.2546587,9.646578,2.0049248,3
44.61042,0.95969343,49.326252328417915,8.566818063328414,0,1,6474.676,-0.27116376,4,1,false,false,-11.413548,0.8743344,13.656275,2.0050526,3
44.613083,0.95985574,49.32625835256813,8.566813524106283,0,1,6606.0615,-0.2895633,4,1,false,false,-10.623405,0.51512986,13.151079,2.0045965,3
44.632675,0.960018,49.32626428698996,8.566808846339638,0,1,6702.8174,-0.28375286,4,1,false,false,-6.104664,2.0144682,8.6609335,2.002687,3
44.65898,0.96018034,49.32627031141458,8.566804306277845,0,1,6701.8057,-0.26825747,4,1,false,false,-3.2598503,2.2327092,3.953323,2.000342,3
44.71689,0.960343,49.32627624583641,8.566799767055715,0,1,6703.0386,-0.2665629,4,1,false,false,-3.0517511,2.8218029,3.2361376,1.9984329,3
44.76512,0.9605061,49.326282269986635,8.566795226993921,0,1,6662.7686,-0.2585728,4,1,false,false,-5.8437004,3.6176698,7.429266,1.9971031,3
44.785435,0.9606693,49.32628829441125,8.566790686932128,0,1,6637.094,-0.2631726,4,1,false,false,-10.486549,-0.12184554,13.659023,1.9956074,3
44.79238,0.9608326,49.32629431856147,8.566786146870335,0,1,6773.623,-0.25784722,4,1,false,false,-9.298127,-0.10908312,10.260719,1.9924512,3
44.80746,0.9609959,49.326300342986094,8.566781607648204,0,1,6932.258,-0.21693045,4,1,false,false,-6.1939335,2.3241801,9.753315,1.9877622,3
44.85855,0.9611595,49.326306457139104,8.566777205291263,0,1,6887.798,-0.17165624,4,1,false,false,-4.9428163,4.436054,8.7624445,1.9826916,3
44.955036,0.9613234,49.326312481563725,8.56677266522947,0,1,6694.416,-0.13751897,4,1,false,false,-6.2668314,5.6420937,10.482967,1.9783529,3
45.028522,0.96148753,49.326318595716735,8.566768262872527,0,1,6532.844,-0.12589708,4,1,false,false,-8.628044,3.8900592,10.154213,1.9756333,3
45.07039,0.96165204,49.32632470986975,8.566763860515586,0,1,6561.833,-0.13994017,4,1,false,false,-10.323065,2.1001382,14.29596,1.9739184,3
45.092915,0.9618167,49.32633082429716,8.566759458158645,0,1,6648.3257,-0.1416348,4,1,false,false,-9.869293,1.5399543,13.012986,1.9723498,3
45.12116,0.96198153,49.32633693845017,8.566755056641366,0,1,6672.9297,-0.13751897,4,1,false,false,-8.225577,2.2372408,11.762714,1.9705024,3
45.158962,0.96214646,49.326343052603185,8.566750791149612,0,1,6665.456,-0.13049787,4,1,false,false,-6.3878026,2.7599304,9.7702675,1.9685721,3
45.20404,0.9623116,49.32634925675899,8.566746389632335,0,1,6660.6567,-0.12686612,4,1,false,false,-7.0816045,2.9061005,9.607976,1.9669285,3
45.244183,0.9624771,49.326355370912,8.566742124980244,0,1,6643.202,-0.13001291,4,1,false,false,-7.9169693,2.397478,10.142392,1.9656318,3
45.27845,0.96264267,49.3263615750678,8.566737860328155,0,1,6649.557,-0.13606589,4,1,false,false,-7.113977,2.1275966,10.4787855,1.9641922,3
45.306435,0.9628083,49.3263677792236,8.566733594836402,0,1,6697.09,-0.12710866,4,1,false,false,-6.435547,2.0359275,11.937524,1.9625163,3
45.3428,0.96297425,49.326373983379405,8.566729330184312,0,1,6744.437,-0.1159708,4,1,false,false,-2.6477742,2.5830178,5.8000026,1.9606661,3
45.39136,0.96314037,49.32638018753521,8.566725203237073,0,1,6721.7905,-0.113308035,4,1,false,false,-2.3427262,3.1783464,4.299361,1.9595617,3
45.43786,0.96330667,49.32638639169102,8.566720938584984,0,1,6677.6377,-0.13461283,4,1,false,false,-2.8177817,2.6804235,4.096366,1.9595183,3
45.47491,0.9634732,49.32639259584682,8.566716673932895,0,1,6699.3384,-0.1510771,4,1,false,false,-4.113777,1.1968071,7.8729615,1.9602091,3
45.475174,0.96363974,49.32639888973101,8.566712546985658,0,1,6797.6978,-0.16778296,4,1,false,false,-5.9098334,0.7728112,8.097369,1.9605154,3
45.485405,0.9638065,49.32640509388681,8.566708420038418,0,1,6938.1357,-0.18158253,4,1,false,false,-6.347804,0.43851587,9.49594,1.9597572,3
45.50556,0.96397334,49.32641138804541,8.56670415538633,0,1,6994.045,-0.17359342,4,1,false,false,-6.629092,1.8327109,10.9188,1.9578891,3
45.56082,0.96414036,49.32641759220121,8.56670002843909,0,1,6974.0957,-0.149624,4,1,false,false,-3.8933382,4.591608,8.839767,1.9551253,3
45.64235,0.96430755,49.32642388608541,8.566695900652189,0,1,6840.9775,-0.119602576,4,1,false,false,-4.6202564,4.959999,8.835388,1.9525158,3
45.71928,0.9644753,49.326430180244,8.566691773704951,0,1,6689.944,-0.10725507,4,1,false,false,-7.7677145,4.317784,14.138287,1.9503491,3
45.784325,0.9646432,49.32643647440259,8.566687646757714,0,1,6642.998,-0.09175986,4,1,false,false,-8.07906,3.2894871,12.293965,1.9484086,3
45.820473,0.9648114,49.32644285828958,8.566683657515327,0,1,6643.1763,-0.07820177,4,1,false,false,-7.1559105,1.9100324,11.173474,1.9468423,3
45.854496,0.96497965,49.32644915217377,8.566679529728425,0,1,6690.195,-0.072875336,4,1,false,false,-6.1422353,2.7731695,10.383235,1.9453925,3
45.894943,0.9651483,49.32645553633516,8.56667554048604,0,1,6700.1196,-0.06464367,4,1,false,false,-6.583379,2.3698406,10.193305,1.9442264,3
45.93509,0.965317,49.32646183021936,8.566671413538803,0,1,6665.837,-0.06706485,4,1,false,false,-6.361892,2.4759746,11.741116,1.943389,3
45.97235,0.96548593,49.32646821438074,8.566667423456753,0,1,6688.6025,-0.070454136,4,1,false,false,-5.1057568,2.1011524,11.239983,1.9425117,3
46.00342,0.9656551,49.32647459826772,8.566663434214366,0,1,6745.0317,-0.06997009,4,1,false,false,-4.6770782,1.8530036,10.774007,1.941448,3
46.039417,0.9658243,49.32648098215471,8.56665944497198,0,1,6775.4146,-0.069485106,4,1,false,false,-4.8326945,2.527179,10.919685,1.9401238,3
46.086708,0.9659939,49.3264873660417,8.566655592594783,0,1,6760.7896,-0.06730733,4,1,false,false,-4.370475,2.9877038,10.075857,1.9386196,3
46.136044,0.9661635,49.32649383993147,8.566651603352396,0,1,6728.368,-0.06633831,4,1,false,false,-4.167587,3.0222414,10.81023,1.9372011,3
46.182144,0.9663334,49.32650022409286,8.566647613270346,0,1,6719.782,-0.06682236,4,1,false,false,-4.4868875,2.7082646,11.556403,1.9359766,3
46.223213,0.9665035,49.32650669798264,8.566643761732813,0,1,6729.806,-0.07069663,4,1,false,false,-5.130845,2.4589286,13.568213,1.9348929,3
46.261543,0.96667385,49.32651308186962,8.566639772490426,0,1,6740.087,-0.07481249,4,1,false,false,-4.380229,2.3840716,11.0250025,1.9337986,3
46.30062,0.9668444,49.3265195557594,8.566635920113228,0,1,6751.7295,-0.0767496,4,1,false,false,-4.1063333,2.4428337,10.090487,1.9327039,3
46.341064,0.967015,49.32652602964918,8.566632068575695,0,1,6758.356,-0.07844333,4,1,false,false,-3.7978187,2.5420778,9.628754,1.9316292,3
46.383087,0.967186,49.32653250353896,8.566628078493645,0,1,6755.4956,-0.07844331,4,1,false,false,-3.2894614,2.4969857,8.227435,1.9306378,3
46.422234,0.9673569,49.32653897742873,8.56662422695611,0,1,6756.8545,-0.07723364,4,1,false,false,-2.6288297,2.2929664,6.545001,1.9298066,3
46.456924,0.9675281,49.32654545131851,8.566620374578912,0,1,6783.7437,-0.07723366,4,1,false,false,-2.0339396,1.9731861,5.1393857,1.929119,3
46.48768,0.96769947,49.326551925208285,8.566616523041379,0,1,6822.667,-0.079169855,4,1,false,false,-2.057162,1.7657524,5.560647,1.9285235,3
46.51312,0.9678711,49.32655839909806,8.566612670664181,0,1,6863.0303,-0.082318544,4,1,false,false,-2.4863825,1.368231,7.583937,1.92787,3
46.5374,0.96804273,49.32656496271623,8.566608819126646,0,1,6923.2837,-0.08183354,4,1,false,false,-2.998717,1.4997753,8.586317,1.9269067,3
46.56471,0.96821445,49.32657143660601,8.566604966749448,0,1,6980.7163,-0.07916984,4,1,false,false,-2.535141,1.8707724,6.36635,1.9255236,3
46.61156,0.96838635,49.326577910495786,8.566601115211915,0,1,6993.563,-0.07142319,4,1,false,false,-3.0382197,3.5087633,8.005325,1.9238374,3
46.68187,0.9685585,49.326584474388355,8.566597262834717,0,1,6909.5063,-0.06222249,4,1,false,false,-2.5034053,4.4214807,5.7540317,1.9220572,3
46.749058,0.968731,49.32659103800652,8.566593411297182,0,1,6789.229,-0.045758206,4,1,false,false,-3.092119,3.4632947,5.1277685,1.9205196,3
46.79485,0.96890354,49.32659760189909,8.566589696624836,0,1,6779.0464,-0.034622237,4,1,false,false,-2.7195165,2.1801028,8.456563,1.919233,3
46.824993,0.96907645,49.32660416579166,8.566585844247639,0,1,6853.317,-0.010410363,4,1,false,false,-3.470295,1.2265699,12.587293,1.9180919,3
46.838913,0.96924937,49.32661072940983,8.566581992710104,0,1,6911.5166,0.0055679837,4,1,false,false,-2.0490923,0.6318839,11.373052,1.9168397,3
46.87648,0.9694223,49.3266172933024,8.566578278037758,0,1,6984.348,0.017916417,4,1,false,false,-2.513926,3.0898433,11.3772545,1.9154937,3
46.938225,0.9695954,49.32662385719496,8.566574426500225,0,1,6940.8955,0.03341165,4,1,false,false,-2.3387516,4.0373797,10.250231,1.9143609,3
47.006466,0.96976894,49.32663042081313,8.566570711827879,0,1,6799.442,0.05108651,4,1,false,false,-3.403724,3.9301085,11.560323,1.9137346,3
47.05852,0.96994245,49.3266369847057,8.566566859450681,0,1,6754.7305,0.05326426,4,1,false,false,-4.11244,2.640544,14.867214,1.9136578,3
47.089638,0.97011626,49.32664363832666,8.566563145617998,0,1,6817.635,0.04914844,4,1,false,false,-2.561378,1.5683619,14.745235,1.9139779,3
47.12054,0.9702899,49.32665020221923,8.5665592932408,0,1,6871.845,0.05786508,4,1,false,false,-1.5711559,2.1226823,15.248556,1.9145863,3
47.156578,0.97046345,49.32665685584019,8.566555579408119,0,1,6859.8237,0.06077032,4,1,false,false,-0.53650665,2.5235398,14.080836,1.9153824,3
47.20133,0.97063696,49.326663509735546,8.56655172703092,0,1,6841.361,0.063918054,4,1,false,false,-0.56789666,2.4043987,12.284339,1.9163727,3
47.240604,0.9708108,49.32667016335651,8.566548012358574,0,1,6843.981,0.06319153,4,1,false,false,0.21296322,2.267947,11.635679,1.9174873,3
47.27678,0.9709844,49.326676726974675,8.566544298525892,0,1,6858.788,0.061738424,4,1,false,false,0.71733886,2.1661954,11.376634,1.9187136,3
47.313305,0.9711581,49.32668338087004,8.566540446148695,0,1,6866.6685,0.055202335,4,1,false,false,0.47993252,2.2481802,8.23602,1.9199755,3
47.34701,0.97133183,49.326690034490994,8.566536731476349,0,1,6875.501,0.04963343,4,1,false,false,0.65451777,1.9176543,5.730955,1.92117,3
47.376698,0.9715058,49.32669668811196,8.566532879938814,0,1,6907.6343,0.05495984,4,1,false,false,1.0887586,1.7963315,9.280637,1.9222833,3
47.403965,0.9716797,49.32670334200731,8.566529165266468,0,1,6944.523,0.060528763,4,1,false,false,1.2716471,1.2387187,11.4572935,1.9233885,3
47.418648,0.9718538,49.32670999562828,8.566525313728933,0,1,7000.0947,0.062464967,4,1,false,false,1.5576051,0.91067624,8.517817,1.924621,3
47.452785,0.97202784,49.326716649249235,8.566521461351735,0,1,7086.392,0.063434005,4,1,false,false,1.9933133,2.8257537,8.414778,1.9261093,3
47.50972,0.9722022,49.3267233031446,8.566517747519054,0,1,7041.8267,0.07214971,4,1,false,false,2.5055025,3.8716555,9.440043,1.927704,3
47.57548,0.9723767,49.32673004676835,8.566513895141856,0,1,6901.661,0.07965486,4,1,false,false,2.5334995,3.7869883,9.995728,1.9292253,3
47.626347,0.9725513,49.326736700389304,8.566510042764659,0,1,6860.1343,0.08159198,4,1,false,false,2.7730641,2.535285,9.853429,1.9305643,3
47.658424,0.97272617,49.32674335401027,8.566506191227123,0,1,6925.828,0.08280259,4,1,false,false,2.6379771,1.7010791,9.407749,1.9317771,3
47.68811,0.9729012,49.32675000790562,8.566502201984738,0,1,6966.712,0.082560554,4,1,false,false,2.6958501,1.9450097,8.705925,1.9328659,3
47.722717,0.9730763,49.32675675152937,8.56649834960754,0,1,6958.3164,0.0871609,4,1,false,false,2.494474,2.1716459,8.2205715,1.9338909,3
47.758156,0.9732514,49.32676340515034,8.566494498070005,0,1,6965.6143,0.09660317,4,1,false,false,3.2636864,2.1174076,10.324107,1.9349495,3
47.788826,0.9734268,49.326770058771295,8.566490507987956,0,1,6996.565,0.10798208,4,1,false,false,2.959402,1.6711543,8.144347,1.9361268,3
47.81996,0.9736022,49.326776802395045,8.566486656450422,0,1,7034.8774,0.11330851,4,1,false,false,3.526626,2.1354048,9.268229,1.9375339,3
47.856857,0.9737778,49.32678345629041,8.566482666368373,0,1,7045.3223,0.12807766,4,1,false,false,4.0774574,2.8798642,10.440445,1.9392788,3
47.901333,0.9739535,49.32679019991416,8.566478677125986,0,1,7013.0986,0.13558276,4,1,false,false,4.491935,2.269701,10.184239,1.9412799,3
47.946068,0.97412944,49.326796853535114,8.5664746878836,0,1,6992.625,0.13873099,4,1,false,false,5.275092,2.7095726,11.049267,1.9434685,3
47.977173,0.97430545,49.32680359715887,8.56647069780155,0,1,6842.2793,0.14090966,0,1,false,false,6.103272,0.48269713,13.6957035,1.9458573,3
47.957832,0.9744816,49.32681025077983,8.566466708559163,0,1,6708.352,0.138489,0,1,false,false,6.002157,-1.5408472,13.085002,1.948417,3
47.986427,0.9746576,49.32681690467519,8.566462719316778,0,1,5828.4194,0.1152461,5,1,false,false,5.860251,5.409605,12.351222,1.9510653,3
48.06846,0.97483397,49.32682364829894,8.566458591529877,0,1,5571.014,0.095876634,5,1,false,false,5.7696342,2.7131655,10.748549,1.9538358,3
48.064213,0.9750105,49.3268303019199,8.56645446458264,0,1,5961.589,0.08256057,5,1,false,false,4.8138113,-0.57690215,10.704907,1.9563421,3
48.086243,0.975187,49.32683695554086,8.5664503376354,0,1,5906.7754,0.07432935,5,1,false,false,4.591938,2.7732337,11.00132,1.958317,3
48.137882,0.9753637,49.32684369916461,8.566446210688163,0,1,5756.465,0.069001995,5,1,false,false,4.508896,2.9211261,9.888357,1.9600375,3
48.17015,0.9755405,49.32685035305997,8.566442083740926,0,1,5858.1016,0.07311784,5,1,false,false,4.4707475,1.4875072,9.076234,1.9617031,3
48.194916,0.97571754,49.32685700668093,8.566437955954024,0,1,5910.5547,0.08183402,5,1,false,false,4.4177856,1.8603128,9.736988,1.963332,3
48.23258,0.97589463,49.32686375030468,8.566433691301933,0,1,5862.2324,0.09151875,5,1,false,false,4.428735,2.5221186,9.159415,1.9649628,3
48.27077,0.97607183,49.32687040392564,8.566429426649844,0,1,5867.8047,0.09950839,5,1,false,false,4.558968,2.1869142,9.297341,1.9666308,3
48.304314,0.9762493,49.326877057821,8.566425299702606,0,1,5894.1807,0.1108878,5,1,false,false,4.9925995,2.099025,9.686401,1.96835,3
48.34026,0.97642684,49.32688380144475,8.566421035050515,0,1,5885.2715,0.1186354,5,1,false,false,5.2158346,2.2877173,10.266806,1.9701542,3
48.37666,0.97660446,49.32689045506571,8.566416770398426,0,1,5880.46,0.12081458,5,1,false,false,5.435467,2.2579026,10.34262,1.972091,3
48.411724,0.9767823,49.32689710868667,8.566412368041485,0,1,5892.3145,0.1215402,5,1,false,false,5.462889,2.183265,10.306402,1.9741762,3
48.446842,0.9769603,49.32690385231042,8.566408103389396,0,1,5892.3857,0.11863543,5,1,false,false,5.4400306,2.2334962,10.699914,1.9763345,3
48.482994,0.9771384,49.32691050593138,8.566403701032453,0,1,5888.2188,0.11355102,5,1,false,false,5.7851806,2.2516797,10.868774,1.9785143,3
48.517918,0.9773167,49.32691715982674,8.566399298675512,0,1,5891.099,0.11064578,5,1,false,false,5.728463,2.1665184,10.599508,1.9807072,3
48.55102,0.9774951,49.32692390345049,8.56639489631857,0,1,5897.2305,0.106045425,5,1,false,false,5.572304,2.051305,10.1198435,1.9828732,3
48.585144,0.9776736,49.32693055707145,8.566390494801292,0,1,5905.112,0.102897674,5,1,false,false,5.560985,2.1702485,10.329767,1.9850156,3
48.619423,0.9778523,49.326937210692414,8.56638609244435,0,1,5904.4194,0.10071902,5,1,false,false,5.4950542,2.161709,10.128941,1.9870871,3
48.65335,0.9780311,49.326943954316164,8.56638169008741,0,1,5906.803,0.09999247,5,1,false,false,5.353447,2.1107347,9.824807,1.9890754,3
48.686478,0.9782101,49.326950608211526,8.566377150025614,0,1,5916.3105,0.097571716,5,1,false,false,5.426816,2.0831645,10.166569,1.9909844,3
48.719337,0.9783891,49.32695726183248,8.566372609963821,0,1,5923.101,0.09636116,5,1,false,false,5.227978,2.075333,9.307198,1.9928604,3
48.75231,0.9785684,49.32696391545344,8.566368070741692,0,1,5929.1216,0.09636114,5,1,false,false,5.0753245,2.0837038,9.378904,1.9947063,3
48.785442,0.9787476,49.3269706590772,8.566363530679897,0,1,5937.2236,0.09563461,5,1,false,false,4.9787393,2.1046164,9.671729,1.9965404,3
48.81928,0.9789272,49.32697731297255,8.566358990618104,0,1,5942.1396,0.09418151,5,1,false,false,5.1998034,2.1068532,9.556073,1.9983577,3
48.852924,0.9791068,49.32698396659352,8.566354313691123,0,1,5944.516,0.093213856,5,1,false,false,5.1322584,2.1187725,9.255725,2.0001948,3
48.886833,0.9792865,49.326990620214474,8.566349773629328,0,1,5951.938,0.09055017,5,1,false,false,5.0423684,2.1432917,9.699815,2.0020528,3
48.921104,0.9794664,49.326997274109836,8.566345095862683,0,1,5955.2676,0.085949846,5,1,false,false,4.908076,2.1609142,9.534389,2.003905,3
48.9558,0.97964644,49.327004017733586,8.566340418935702,0,1,5955.6694,0.08110747,5,1,false,false,4.8397875,2.1632707,9.362012,2.0057168,3
48.989815,0.9798266,49.32701067135454,8.566335741169057,0,1,5959.6333,0.07723364,5,1,false,false,4.736211,2.113618,9.023603,2.0074577,3
49.023727,0.9800069,49.3270173249755,8.566331064242075,0,1,5965.6587,0.07118067,5,1,false,false,4.679817,2.1006951,9.165039,2.009103,3
49.057323,0.98018736,49.32702397887086,8.56632638647543,0,1,5969.3794,0.06609674,5,1,false,false,4.6032014,2.0900502,9.855007,2.0106664,3
49.09087,0.9803679,49.32703063249182,8.566321571843595,0,1,5975.43,0.061495923,5,1,false,false,4.634164,2.0810595,9.744303,2.0121841,3
49.124077,0.98054856,49.327037286112784,8.566316756372098,0,1,5982.9033,0.056653563,5,1,false,false,4.558261,2.074389,9.939699,2.0136902,3
49.158432,0.9807294,49.327044029736534,8.566312079445117,0,1,5988.615,0.051328074,5,1,false,false,4.4120545,2.1913762,9.450556,2.0151854,3
49.19424,0.9809103,49.327050683631896,8.56630726397362,0,1,5984.997,0.046970684,5,1,false,false,4.203468,2.2222006,9.828341,2.0165932,3
49.23015,0.9810914,49.32705733725285,8.566302449341785,0,1,5980.8286,0.041401763,5,1,false,false,4.164038,2.2165465,9.93621,2.0178518,3
49.26467,0.9812726,49.32706399087381,8.566297634709953,0,1,5983.622,0.036559384,5,1,false,false,4.154273,2.0812805,9.913424,2.0189557,3
49.297733,0.981454,49.32707064476917,8.566292681533604,0,1,5989.7134,0.034137256,5,1,false,false,3.8046288,2.0271847,9.391613,2.019938,3
49.330746,0.98163545,49.32707729839013,8.566287866901769,0,1,5997.3364,0.031959504,5,1,false,false,3.6960533,2.0450854,9.972534,2.0208073,3
49.364117,0.98181695,49.32708404201389,8.566282914565084,0,1,6002.737,0.028570212,5,1,false,false,3.4893963,2.0703104,10.804859,2.0215964,3
49.397823,0.9819987,49.327090695634844,8.566277961388735,0,1,6007.2573,0.027117122,5,1,false,false,3.3404238,2.0573761,9.88345,2.0223422,3
49.43141,0.98218054,49.3270973492558,8.5662731467569,0,1,6012.6826,0.028327713,5,1,false,false,3.0997715,2.1133153,9.726658,2.0230455,3
49.465897,0.9823625,49.32710400315116,8.566268194420216,0,1,6015.8633,0.028570209,5,1,false,false,2.9725559,2.1607378,9.389146,2.0236847,3
49.501083,0.9825446,49.32711065677212,8.56626324208353,0,1,6013.037,0.029295813,5,1,false,false,2.8513377,2.116104,9.659242,2.0242462,3
49.53489,0.98272675,49.327117310393085,8.56625828890718,0,1,6014.8433,0.03002142,5,1,false,false,2.7193723,2.0354378,10.094458,2.0247529,3
49.567513,0.98290914,49.327124054016835,8.566253198865644,0,1,6026.6147,0.031232955,5,1,false,false,2.6174612,1.969108,9.876928,2.0252562,3
49.59957,0.98309153,49.32713070791219,8.566248246528957,0,1,6035.881,0.03220105,5,1,false,false,2.365212,1.9903157,9.41621,2.025784,3
49.633167,0.9832741,49.327137361533154,8.566243294192272,0,1,6041.539,0.033170093,5,1,false,false,2.279547,2.0942063,9.9196415,2.026326,3
49.668327,0.98345673,49.32714401515411,8.566238204150736,0,1,6041.1895,0.031959496,5,1,false,false,2.3115306,2.1442685,10.087183,2.0268695,3
49.702957,0.98363954,49.32715075877786,8.566233250974387,0,1,6039.3804,0.031717002,5,1,false,false,2.2256327,2.0927389,10.228783,2.0274208,3
49.736744,0.98382246,49.32715741267322,8.566228160932848,0,1,6045.1377,0.033411644,5,1,false,false,2.151358,2.0487797,10.020562,2.027993,3
49.77043,0.98400563,49.32716406629418,8.566223070891311,0,1,6050.8037,0.03680187,5,1,false,false,2.0894358,2.0636442,9.940184,2.0285842,3
49.804268,0.98418874,49.32717080991794,8.566218118554625,0,1,6050.4097,0.036801875,5,1,false,false,2.158523,2.0863771,10.517576,2.0291772,3
49.83818,0.984372,49.327177463538895,8.566213028513088,0,1,6053.1562,0.0338957,5,1,false,false,2.0222352,2.0490298,10.189516,2.0297935,3
49.871365,0.9845555,49.327184207162645,8.566207938471551,0,1,6057.941,0.032686044,5,1,false,false,1.9211295,2.018457,9.859141,2.0304186,3
49.90445,0.98473907,49.32719086105801,8.566202848430013,0,1,6062.08,0.03220105,5,1,false,false,1.8528363,2.0431504,9.8138485,2.0310555,3
49.93766,0.98492265,49.327197514678964,8.566197620683624,0,1,6066.224,0.029537376,5,1,false,false,1.870727,2.0203214,9.905832,2.0316687,3
49.970253,0.9851064,49.327204258302714,8.566192530642088,0,1,6069.987,0.023969386,5,1,false,false,1.4755265,1.952898,9.365975,2.0322604,3
50.002773,0.9852903,49.32721091192368,8.56618744060055,0,1,6078.244,0.022032252,5,1,false,false,1.5081569,1.9873873,9.6804,2.0327966,3
50.035255,0.9854743,49.32721765554743,8.566182350559012,0,1,6083.9946,0.020579165,5,1,false,false,1.6129255,2.0111995,9.170551,2.0332947,3
50.066982,0.9856585,49.32722439917118,8.566177122812622,0,1,6089.3,0.021064151,5,1,false,false,1.4683146,1.911075,9.642374,2.0337663,3
50.099495,0.98584276,49.32723105306654,8.566172032771085,0,1,6099.521,0.020821655,5,1,false,false,1.3294497,1.9841957,9.1631,2.0342264,3
50.133217,0.98602706,49.32723779669029,8.566166805024697,0,1,6102.498,0.01985262,5,1,false,false,1.4020097,2.0637403,8.857569,2.0346634,3
50.166813,0.9862116,49.32724445031125,8.566161577278306,0,1,6101.0283,0.019611064,5,1,false,false,1.3053454,2.076375,8.7191725,2.0351033,3
50.20074,0.9863962,49.327251193935,8.56615648723677,0,1,6106.2163,0.02106415,5,1,false,false,1.2781874,2.002386,8.738092,2.0355265,3
50.232964,0.9865809,49.32725793755875,8.56615125949038,0,1,6109.2188,0.019369507,5,1,false,false,1.167409,1.908639,8.9841175,2.0359273,3
50.264854,0.9867658,49.32726459117971,8.56614603174399,0,1,6120.242,0.01694832,5,1,false,false,1.2123266,1.9160794,8.490064,2.0363276,3
50.296017,0.98695064,49.32727133480346,8.566140803997602,0,1,6130.8633,0.016221775,5,1,false,false,1.105411,1.8901275,9.518481,2.0367575,3
50.328754,0.98713577,49.32727807842721,8.566135576251213,0,1,6137.959,0.012832484,5,1,false,false,1.0702183,2.0264895,9.1224165,2.0372093,3
50.36389,0.98732096,49.32728482205096,8.566130348504823,0,1,6138.184,0.004842376,5,1,false,false,1.1007462,2.0862775,9.263261,2.0376682,3
50.39874,0.98750633,49.32729156567471,8.566125120758434,0,1,6134.606,0.00024249294,5,1,false,false,1.040313,2.1788807,10.770708,2.0381181,3
50.43506,0.98769176,49.32729830929846,8.566119893012045,0,1,6133.57,-0.0021786948,5,1,false,false,0.79409,2.1443293,10.727732,2.0385187,3
50.46909,0.98787737,49.32730505292222,8.566114665265655,0,1,6126.896,-0.0077476148,5,1,false,false,0.83401775,2.0286543,10.732885,2.0388062,3
50.50299,0.988063,49.327311706817575,8.566109437519266,0,1,6133.635,-0.012589991,5,1,false,false,0.78745973,2.0591152,10.974964,2.0389931,3
50.536694,0.9882488,49.32731854016972,8.56610421061254,0,1,6132.245,-0.015495231,5,1,false,false,0.6783018,2.024839,11.012657,2.039088,3
50.569717,0.9884348,49.32732528379347,8.5660988451613,0,1,6127.119,-0.015736785,5,1,false,false,0.48887712,1.9916879,10.9742985,2.0390816,3
50.601406,0.9886208,49.32733202741722,8.56609361741491,0,1,6135.5703,-0.017432367,5,1,false,false,0.33473775,1.8847032,10.893307,2.0389862,3
50.632553,0.98880696,49.32733877104097,8.56608838966852,0,1,6144.144,-0.01646333,5,1,false,false,0.333197,1.889862,10.986085,2.038809,3
50.663666,0.9889932,49.32734551466473,8.56608302421728,0,1,6147.4043,-0.015010243,5,1,false,false,0.2246802,1.915086,11.032672,2.03859,3
50.695057,0.98917973,49.32735225828848,8.566077796470891,0,1,6153.8823,-0.011379398,5,1,false,false,0.10080849,1.9236504,11.337783,2.0383456,3
50.726643,0.98936623,49.32735900191223,8.566072431019649,0,1,6158.503,-0.009442261,5,1,false,false,-0.0049343407,1.9428511,10.385702,2.038091,3
50.758995,0.9895528,49.32736583553877,8.566067204112924,0,1,6159.7754,-0.00605297,5,1,false,false,-0.002510026,1.9875134,9.23835,2.037824,3
50.791348,0.9897396,49.32737257916252,8.566061838661684,0,1,6160.429,-0.0031477325,5,1,false,false,-0.0296987,1.9643086,8.167223,2.0375626,3
50.822395,0.9899265,49.32737932278627,8.566056610915293,0,1,6163.3945,0.0019371381,5,1,false,false,0.032052487,1.8329399,8.697507,2.0373156,3
50.851143,0.99011344,49.327386156412814,8.566051245464052,0,1,6173.4097,0.0067795143,5,1,false,false,-0.12666866,1.6480157,9.431715,2.0371172,3
50.876163,0.9903006,49.327392900036564,8.566046017717664,0,1,6197.038,0.010895347,5,1,false,false,-0.011193022,1.4389398,10.102826,2.0369713,3
50.902378,0.9904877,49.32739973338871,8.566040652266421,0,1,6228.799,0.014043076,5,1,false,false,0.0019699335,1.7379318,9.522936,2.0368958,3
50.93706,0.990675,49.32740647714966,8.566035287654845,0,1,6232.4287,0.015252738,5,1,false,false,0.08816716,2.3401985,10.284016,2.0368998,3
50.97759,0.9908624,49.327413310639,8.566030059908455,0,1,6199.7085,0.01549523,5,1,false,false,0.12018904,2.5259473,11.180952,2.036981,3
51.016308,0.99104995,49.32742014412835,8.566024694457214,0,1,6176.5054,0.0111369025,5,1,false,false,-0.06896055,2.1753206,10.983965,2.037132,3
51.048595,0.99123764,49.3274268877521,8.566019329005973,0,1,6181.2,0.0070210714,5,1,false,false,-0.0057682693,1.8939239,11.256592,2.0373244,3
51.07809,0.9914255,49.32743372137864,8.566013963554731,0,1,6189.1216,0.004115831,5,1,false,false,-0.06588465,1.7954385,10.727627,2.037526,3
51.107697,0.9916134,49.32744055486798,8.566008598943155,0,1,6190.681,9.358628e-07,5,1,false,false,-0.51715934,1.7908363,9.159452,2.0376933,3
51.136383,0.9918014,49.32744738835732,8.566003371196764,0,1,6200.7124,-0.005083934,5,1,false,false,-0.3850031,1.7706649,9.083866,2.0377893,3
51.162865,0.9919896,49.327454221983864,8.565998005745524,0,1,6214.6196,-0.006294526,5,1,false,false,0.16550711,1.5830363,10.136027,2.0378447,3
51.190838,0.9921778,49.327460965607614,8.565992640294283,0,1,6230.282,-0.008715714,5,1,false,false,0.18906268,1.4982601,9.560996,2.0378928,3
51.2197,0.99236614,49.32746779909696,8.565987275682705,0,1,6246.367,-0.014526196,5,1,false,false,-0.37502074,1.8870512,7.9691057,2.0379415,3
51.248234,0.99255455,49.3274746325863,8.565981910231464,0,1,6257.6655,-0.020095117,5,1,false,false,-0.7232097,2.187828,8.168208,2.0379703,3
51.28226,0.9927431,49.327481466212845,8.565976544780224,0,1,6253.202,-0.02251536,5,1,false,false,-0.5360049,2.0189788,8.290632,2.037928,3
51.316628,0.99293184,49.327488389704975,8.565971179328981,0,1,6242.068,-0.027842723,5,1,false,false,-0.45295298,1.8555815,8.284896,2.0378003,3
51.348503,0.99312055,49.32749522319432,8.56596581387774,0,1,6251.795,-0.031232951,5,1,false,false,-0.45689982,1.9005145,8.659841,2.0375845,3
51.377907,0.99330956,49.32750205668366,8.565960449266163,0,1,6260.6616,-0.03413725,5,1,false,false,-0.9768255,1.8311063,9.005927,2.0372958,3
51.40872,0.9934986,49.327508890310206,8.565955083814922,0,1,6263.9053,-0.036799997,5,1,false,false,-0.7756078,1.8928393,9.959014,2.0368984,3
51.440166,0.9936877,49.32751572379954,8.565949718363681,0,1,6268.279,-0.036075335,5,1,false,false,-0.87312925,1.9024963,10.1052065,2.036426,3
51.474106,0.993877,49.32752264729168,8.56594435291244,0,1,6267.913,-0.03607533,5,1,false,false,-1.1252246,2.0532115,10.107481,2.0358837,3
51.507324,0.99406636,49.327529480781024,8.565938988300863,0,1,6256.853,-0.035590343,5,1,false,false,-1.3386338,2.0410469,10.587394,2.0352817,3
51.539997,0.99425584,49.327536404273154,8.565933622849622,0,1,6256.119,-0.03437975,5,1,false,false,-1.119596,1.9387101,10.389372,2.0346394,3
51.571114,0.99444556,49.3275432377625,8.56592825739838,0,1,6257.4126,-0.033410713,5,1,false,false,-1.3834062,1.8215665,8.765397,2.0339909,3
51.60045,0.9946353,49.327550161254635,8.565922891947139,0,1,6259.1987,-0.033169158,5,1,false,false,-1.5999475,1.8077289,10.670348,2.033346,3
51.62838,0.9948251,49.327557084746765,8.56591752733556,0,1,6267.5566,-0.029053327,5,1,false,false,-2.276634,1.6569836,13.984381,2.0327144,3
51.653164,0.99501514,49.32756391823611,8.56591216188432,0,1,6281.3237,-0.025664037,5,1,false,false,-1.5625197,1.3756145,11.535102,2.0320306,3
51.680668,0.9952052,49.32757084172824,8.56590679643308,0,1,6301.1055,-0.026390577,5,1,false,false,-1.3709164,1.8715972,10.176436,2.0313642,3
51.718216,0.99539536,49.32757776508318,8.565901430981839,0,1,6291.202,-0.025179984,5,1,false,false,-1.594246,2.4133036,11.006023,2.0307739,3
51.75125,0.9955856,49.32758468857531,8.56589606637026,0,1,6237.195,-0.023000352,5,1,false,false,-2.0418346,1.8892524,10.62685,2.0303092,3
51.776806,0.9957761,49.327591612067444,8.56589070091902,0,1,6249.833,-0.022032253,5,1,false,false,-1.8892381,1.4062948,10.133072,2.0299115,3
51.796947,0.99596655,49.32759853555958,8.565885335467778,0,1,6294.486,-0.019368572,5,1,false,false,-1.5932325,1.2434261,9.400282,2.0295222,3
51.820618,0.99615717,49.32760545891451,8.565879970016537,0,1,6304.0923,-0.017432371,5,1,false,false,-1.3796546,1.5853258,11.105262,2.029165,3
51.84628,0.99634784,49.32761238240665,8.565874605404959,0,1,6309.155,-0.012347499,5,1,false,false,-1.1043313,1.5833964,7.979198,2.0288053,3
51.872894,0.99653864,49.32761930589878,8.565869239953718,0,1,6323.4727,-0.0077476157,5,1,false,false,-1.2183732,1.6736503,6.232554,2.0285146,3
51.900616,0.99672955,49.32762622925371,8.565863874502478,0,1,6325.8667,-0.0048414413,5,1,false,false,-0.46772444,1.6669166,6.8171296,2.0282648,3
51.92711,0.9969205,49.32763324261144,8.565858509051237,0,1,6321.827,0.0012105945,5,1,false,false,-1.207042,1.5411385,9.073558,2.0281487,3
51.949352,0.9971117,49.32764016610357,8.565853144439659,0,1,6346.439,0.0055679837,5,1,false,false,-0.33854938,1.0366137,9.335184,2.0279953,3
51.969536,0.9973028,49.32764708959571,8.565847778988418,0,1,6395.0117,0.0050848704,5,1,false,false,-0.8501146,1.5929499,7.7184825,2.027923,3
52.003525,0.997494,49.32765410295343,8.565842413537176,0,1,6400.0137,-0.00048405014,5,1,false,false,-0.5559969,2.3137572,9.23761,2.027911,3
52.042248,0.9976853,49.32766102644556,8.565837048085935,0,1,6347.0186,-0.0019371378,5,1,false,false,-1.0709066,2.565193,10.110135,2.0280147,3
52.085075,0.9978769,49.32766803980329,8.565831682634695,0,1,6326.1553,-0.008231665,5,1,false,false,-1.1931466,2.0671039,10.816137,2.0281134,3
52.11559,0.9980686,49.32767496329542,8.565826318023117,0,1,6326.7046,-0.010652851,5,1,false,false,-1.285307,1.7985069,10.648646,2.028168,3
52.14525,0.9982603,49.327681976653146,8.565820952571876,0,1,6337.5786,-0.01888452,5,1,false,false,-1.1906044,1.7994722,9.987027,2.028163,3
52.174957,0.9984523,49.327688900008084,8.565815587120635,0,1,6332.3735,-0.023484398,5,1,false,false,-1.063479,1.892207,12.094083,2.028123,3
52.20467,0.9986443,49.32769591336581,8.565810221669393,0,1,6330.557,-0.026873685,5,1,false,false,-1.3017311,1.8051473,12.851272,2.028052,3
52.232254,0.99883634,49.32770292672353,8.565804857057817,0,1,6339.5137,-0.030990457,5,1,false,false,-1.1730462,1.5713546,10.892232,2.0278873,3
52.2598,0.99902856,49.327709940218455,8.565799491606574,0,1,6354.72,-0.03534878,5,1,false,false,-1.4254993,1.7467327,10.958903,2.0276372,3
52.29072,0.99922085,49.327716953576186,8.565794126155334,0,1,6354.403,-0.039222118,5,1,false,false,-1.5929617,2.0005264,11.29389,2.0273056,3
52.321537,0.99941325,49.32772396693391,8.565788760704093,0,1,6339.424,-0.04309546,5,1,false,false,-1.7860565,1.9210507,10.792998,2.0269,3
52.350956,0.9996059,49.32773098029163,8.565783396092515,0,1,6344.6123,-0.049874973,5,1,false,false,-1.3760939,1.7674505,10.530534,2.0264037,3
52.380432,0.99979854,49.32773799364936,8.565778030641274,0,1,6348.3594,-0.05568545,5,1,false,false,-1.5864441,1.7824726,9.068739,2.025863,3
52.409084,0.9999913,49.32774500700708,8.565772665190034,0,1,6344.965,-0.059801284,5,1,false,false,-1.7669055,1.8086314,7.8810196,2.0252545,3
