Speed,LapDistPct,Lat,Lon,Brake,Throttle,RPM,SteeringWheelAngle,Gear,Clutch,ABSActive,DRSActive,LatAccel,LongAccel,VertAccel,Yaw,PositionType
53.087482,0.00031767366,49.32775804465223,8.565767299738791,0,1,6447.2026,-0.03178748,5,1,false,false,-1.1374604,1.7453244,9.008009,2.0165079,3
53.11179,0.0005130528,49.32776523787834,8.565761935127215,0,1,6456.1577,-0.0363976,5,1,false,false,-1.176532,1.331761,8.79301,2.0162258,3
53.13341,0.0007085216,49.32777234110166,8.565756569675973,0,1,6494.689,-0.039066255,5,1,false,false,-1.1688459,1.418767,8.438502,2.0158627,3
53.160706,0.0009040776,49.32777953432776,8.565751204224732,0,1,6520.4956,-0.040037435,5,1,false,false,-1.4276966,1.9156139,8.913974,2.0153975,3
53.197273,0.0010997528,49.32778663768828,8.565745976478343,0,1,6496.4443,-0.03955232,5,1,false,false,-1.3346715,2.3416483,9.325049,2.014831,3
53.234142,0.0012955684,49.32779383077719,8.565740611027103,0,1,6470.607,-0.037610866,5,1,false,false,-1.3762525,2.1654618,9.018488,2.014228,3
53.267586,0.0014915143,49.32780102400329,8.565735246415525,0,1,6474.5146,-0.033971027,5,1,false,false,-1.458926,1.9336171,10.18847,2.0136297,3
53.297935,0.0016875768,49.3278082172294,8.565729880964284,0,1,6474.8774,-0.028632756,5,1,false,false,-1.6513358,1.8502215,9.8364,2.013056,3
53.327065,0.0018837525,49.32781541045551,8.565724515513041,0,1,6475.364,-0.023537524,5,1,false,false,-1.514328,1.7676678,9.981,2.0124874,3
53.355972,0.0020800356,49.32782260368162,8.565719287766653,0,1,6485.539,-0.01795623,5,1,false,false,-1.2773592,1.7605753,9.486357,2.011937,3
53.38487,0.002276423,49.32782979677052,8.565713922315412,0,1,6489.6353,-0.012131905,5,1,false,false,-1.2785215,1.7947425,10.246604,2.011448,3
53.414753,0.0024729292,49.327836989996634,8.565708557703834,0,1,6491.4507,-0.005581296,5,1,false,false,-1.6177766,1.8339877,10.37499,2.011022,3
53.443806,0.0026695372,49.327844183222744,8.565703329957445,0,1,6495.904,-0.0007281583,5,1,false,false,-1.2496676,1.7565383,9.968483,2.0106475,3
53.473045,0.002866257,49.32785146631444,8.565697964506203,0,1,6503.414,0.0026686625,5,1,false,false,-1.0191388,1.8594569,9.790175,2.0103693,3
53.504456,0.003063093,49.327858659540546,8.565692599054962,0,1,6500.4194,0.0058243265,5,1,false,false,-1.2568581,1.9397727,9.626855,2.010216,3
53.535545,0.0032600383,49.32786585276666,8.565687233603722,0,1,6491.817,0.008007864,5,1,false,false,-1.1096334,1.8520088,9.5598135,2.0101302,3
53.56445,0.003457096,49.327873135858354,8.565682006696996,0,1,6497.6895,0.008007864,5,1,false,false,-0.8761017,1.6788352,9.529018,2.0101125,3
53.59109,0.0036542607,49.327880329084465,8.565676641245755,0,1,6510.9214,0.008007864,5,1,false,false,-0.9750607,1.6329463,9.582089,2.0101757,3
53.618446,0.003851525,49.32788761217616,8.565671275794514,0,1,6519.9805,0.008007864,5,1,false,false,-0.8001795,1.6923084,9.965592,2.0102773,3
53.646946,0.0040488923,49.327894805402266,8.565665910343272,0,1,6524.4893,0.0072787665,5,1,false,false,-0.7079837,1.7599673,9.8018465,2.0103974,3
53.676346,0.0042463667,49.32790208849397,8.565660682596883,0,1,6526.9033,0.007036673,5,1,false,false,-0.62562037,1.816474,9.577682,2.0105536,3
53.706497,0.004443955,49.327909281720075,8.565655317985305,0,1,6525.5083,0.00922021,5,1,false,false,-0.41045552,1.8208845,9.927333,2.0107286,3
53.736794,0.0046416502,49.32791656481177,8.565649952534065,0,1,6522.82,0.0128600625,5,1,false,false,-0.53735965,1.8272687,10.111989,2.01091,3
53.765224,0.0048394618,49.32792384790348,8.565644587082824,0,1,6525.294,0.017470166,5,1,false,false,-0.16077895,1.6832769,9.297459,2.011111,3
53.792458,0.005037367,49.327931130995175,8.565639359336434,0,1,6535.574,0.02208121,5,1,false,false,-0.11684142,1.6454703,7.845127,2.0113597,3
53.81902,0.0052353833,49.32793841408687,8.565633993885193,0,1,6543.204,0.026691314,5,1,false,false,0.58430517,1.561741,10.701834,2.0116687,3
53.84729,0.0054334933,49.327945607312984,8.565628629273617,0,1,6543.8086,0.03324286,5,1,false,false,0.10321961,1.656321,8.954636,2.0120275,3
53.869755,0.0056317076,49.32795289040468,8.565623263822374,0,1,6559.3057,0.0383381,5,1,false,false,0.2913325,1.3104539,9.427635,2.0124388,3
53.897186,0.005829999,49.32796017349638,8.565617898371134,0,1,6594.52,0.0436773,5,1,false,false,0.76794904,2.1184998,11.426322,2.0130026,3
53.9294,0.006028414,49.327967456725275,8.565612532919893,0,1,6569.999,0.047074113,5,1,false,false,0.6924231,2.0158212,10.965194,2.0137296,3
53.96543,0.0062269536,49.32797473981698,8.565607168308315,0,1,6547.312,0.047074117,5,1,false,false,1.1473665,2.1302836,9.1623,2.0145438,3
53.997135,0.0064256177,49.32798202290868,8.565601802857074,0,1,6545.8345,0.042707033,5,1,false,false,0.9440583,1.8326007,10.7026415,2.01543,3
54.02527,0.0066243946,49.327989306000376,8.565596437405832,0,1,6541.3765,0.040037442,5,1,false,false,0.72214514,1.6768339,9.868982,2.0163224,3
54.048904,0.0068232743,49.32799658909207,8.565591071954591,0,1,6550.662,0.031786542,5,1,false,false,1.1298072,1.395791,10.699027,2.0171907,3
54.074265,0.0070222365,49.328003962186564,8.565585569638163,0,1,6579.9624,0.021595147,5,1,false,false,1.4932715,1.5629594,9.821648,2.0180814,3
54.099693,0.0072212988,49.32801124527827,8.56558020418692,0,1,6579.7217,0.010676525,5,1,false,false,1.2274122,1.4333528,9.371996,2.0189872,3
54.13103,0.0074204593,49.32801852836997,8.56557483873568,0,1,6580.796,0.001941443,5,1,false,false,1.0680743,1.877679,9.434479,2.019823,3
54.159714,0.007619735,49.328025811461664,8.56556933641925,0,1,6576.0776,-0.0058233896,5,1,false,false,0.74316657,1.7467597,9.351421,2.0204988,3
54.1879,0.007819119,49.32803309455336,8.56556397096801,0,1,6581.4736,-0.00922115,5,1,false,false,0.8999704,1.6933986,9.400474,2.0209966,3
54.21493,0.0080186045,49.328040377782266,8.565558467811917,0,1,6589.3945,-0.012374935,5,1,false,false,0.95317924,1.629692,9.070615,2.021343,3
54.242393,0.008218189,49.32804775073955,8.565553102360676,0,1,6595.2515,-0.012617967,5,1,false,false,0.84658396,1.7348598,9.128837,2.0215802,3
54.270958,0.008417877,49.328055033831255,8.565547600044246,0,1,6596.5645,-0.009706275,5,1,false,false,0.7505383,1.7192433,9.534906,2.0217073,3
54.298782,0.008617668,49.32806231692295,8.565542234593005,0,1,6598.126,-0.005581294,5,1,false,false,0.94034755,1.6896286,9.666489,2.0217245,3
54.32667,0.008817573,49.32806969001744,8.565536732276575,0,1,6605.166,-0.0014563166,5,1,false,false,0.95008105,1.6837255,10.068201,2.0216928,3
54.354713,0.009017579,49.32807697310914,8.565531229120483,0,1,6606.3926,0.0036389148,5,1,false,false,0.86293817,1.746088,10.179146,2.0216527,3
54.383305,0.00921769,49.32808425620084,8.56552572596439,0,1,6606.2563,0.008007864,5,1,false,false,0.8152741,1.718261,9.948362,2.02162,3
54.41157,0.009417904,49.32809162929533,8.565520361352812,0,1,6608.8438,0.011646777,5,1,false,false,0.8237952,1.7507713,10.580673,2.0216198,3
54.43991,0.009618226,49.32809891238703,8.56551485819672,0,1,6609.791,0.014559411,5,1,false,false,0.7896515,1.737989,10.5346155,2.0216715,3
54.46777,0.009818654,49.32810628534432,8.565509355040627,0,1,6608.279,0.014801503,5,1,false,false,0.7518982,1.6966492,10.225134,2.0217733,3
54.49532,0.0100191785,49.32811356857322,8.565503852724197,0,1,6613.2124,0.013830316,5,1,false,false,0.69484174,1.6629672,10.452209,2.021927,3
54.52229,0.010219813,49.32812094153051,8.565498349568104,0,1,6616.5835,0.011161651,5,1,false,false,0.44313946,1.6284212,10.173397,2.0221238,3
54.54914,0.010420547,49.328128314625,8.565492847251674,0,1,6619.7437,0.0075217998,5,1,false,false,0.5396807,1.6714278,10.258598,2.0223215,3
54.57615,0.010621371,49.3281355977167,8.565487344095581,0,1,6624.15,0.002426569,5,1,false,false,0.49903306,1.6523144,10.270766,2.0225153,3
54.603268,0.010822304,49.328142970673994,8.5654817040743,0,1,6626.8887,-0.0031537889,5,1,false,false,0.3265341,1.6371008,9.652254,2.022686,3
54.629925,0.011023336,49.32815034376848,8.565476200918207,0,1,6630.87,-0.0077648326,5,1,false,false,0.21050309,1.6361669,9.181039,2.0228097,3
54.656662,0.011224465,49.32815762686018,8.565470697762114,0,1,6636.1084,-0.01261797,5,1,false,false,0.13896394,1.6393135,9.047782,2.0228631,3
54.68287,0.011425659,49.328164999817474,8.565465195445684,0,1,6638.0396,-0.01601479,5,1,false,false,0.011931911,1.5625849,9.594737,2.022857,3
54.70784,0.01162694,49.328172372911965,8.565459692289592,0,1,6644.856,-0.017713198,5,1,false,false,-0.0964202,1.4869523,10.460261,2.0227978,3
54.731667,0.0118283145,49.32817974586925,8.56545405226831,0,1,6658.282,-0.018442292,5,1,false,false,-0.2582106,1.5000126,9.508887,2.0226753,3
54.75759,0.012029736,49.32818711896374,8.565448549112217,0,1,6666.8433,-0.01868345,5,1,false,false,-0.34519282,1.6857109,10.5291,2.0225003,3
54.786427,0.012231218,49.328194402055445,8.565443045956124,0,1,6659.5605,-0.018199269,5,1,false,false,-0.22092392,1.801471,9.904529,2.0222871,3
54.815155,0.01243281,49.328201775149935,8.565437405934842,0,1,6649.7764,-0.017471112,5,1,false,false,-0.252589,1.7142017,9.737048,2.022056,3
54.841866,0.012634506,49.32820914810722,8.56543190277875,0,1,6651.429,-0.016499912,5,1,false,false,-0.36551058,1.5713044,9.841647,2.0218232,3
54.86595,0.012836293,49.32821652120171,8.565426400462322,0,1,6653.8813,-0.01528663,5,1,false,false,-0.39470768,1.4509529,9.640381,2.0215821,3
54.889236,0.013038179,49.328223894159,8.565420759601375,0,1,6660.554,-0.015286631,5,1,false,false,-0.44807822,1.4000404,9.432967,2.0213313,3
54.911953,0.013240138,49.32823135711909,8.565415257284947,0,1,6672.2583,-0.015044539,5,1,false,false,-0.47144336,1.3902355,9.124776,2.0210757,3
54.935192,0.0134422,49.32823873021358,8.565409754128854,0,1,6680.883,-0.015286629,5,1,false,false,-0.4961412,1.4471655,8.999096,2.0208182,3
54.959644,0.013644336,49.32824610317087,8.565404114107572,0,1,6686.179,-0.016014792,5,1,false,false,-0.50672585,1.5062705,9.29322,2.0205593,3
54.98455,0.013846575,49.32825347626536,8.56539861095148,0,1,6689.2417,-0.01625782,5,1,false,false,-0.62085223,1.5462228,9.5372715,2.0203052,3
55.009995,0.014048909,49.32826084922265,8.565392970930198,0,1,6692.6035,-0.0157727,5,1,false,false,-0.68297994,1.563977,9.816435,2.0200443,3
55.03614,0.014251337,49.32826831218273,8.565387467774105,0,1,6692.716,-0.014801502,5,1,false,false,-0.8755834,1.6081681,9.2366495,2.0197718,3
55.062603,0.014453867,49.32827568527722,8.565381965457675,0,1,6689.727,-0.014559413,5,1,false,false,-0.7551445,1.6325636,9.633734,2.0194852,3
55.089184,0.014656493,49.32828305823451,8.56537632459673,0,1,6687.574,-0.015044539,5,1,false,false,-0.66704977,1.6046176,9.561045,2.0192006,3
55.114735,0.01485922,49.328290521194596,8.565370821440638,0,1,6687.147,-0.015286629,5,1,false,false,-0.9568882,1.5180902,9.614071,2.018941,3
55.13854,0.015062042,49.328297894289086,8.565365181419356,0,1,6692.055,-0.013831253,5,1,false,false,-0.83923215,1.4622597,10.337511,2.0186698,3
55.16258,0.015264953,49.328305357111965,8.565359678263263,0,1,6701.835,-0.012861003,5,1,false,false,-0.8895572,1.4361734,9.587548,2.0183902,3
55.186646,0.015467956,49.32831282007205,8.565354038241983,0,1,6706.548,-0.011404685,5,1,false,false,-0.67393744,1.464326,9.020734,2.0180988,3
55.210915,0.015671048,49.32832019316654,8.565348535085889,0,1,6709.708,-0.00849299,5,1,false,false,-0.7321843,1.4667073,9.124643,2.0178292,3
55.235283,0.01587423,49.32832765612662,8.565342895064608,0,1,6710.274,-0.0033968212,5,1,false,false,-0.76284087,1.4996351,10.584329,2.0175884,3
55.25973,0.01607751,49.3283351190867,8.565337391908516,0,1,6714.3984,0.0048522,5,1,false,false,-0.89093876,1.4840277,9.580803,2.0173676,3
55.282974,0.01628088,49.328342492043994,8.565331751887234,0,1,6725.5293,0.012374936,5,1,false,false,-0.4060477,1.436067,9.593253,2.017187,3
55.308006,0.016484337,49.32834995500407,8.565326248731141,0,1,6732.3447,0.017956233,5,1,false,false,-0.31800556,1.548522,9.843057,2.017133,3
55.334873,0.016687894,49.328357417964156,8.56532060870986,0,1,6724.1064,0.021838183,5,1,false,false,-0.5950955,1.748551,10.501441,2.017246,3
55.362328,0.016891552,49.32836488092424,8.565315105553767,0,1,6724.799,0.022808434,5,1,false,false,-0.17741752,1.6137754,9.673439,2.017457,3
55.388454,0.017095312,49.32837234388432,8.565309465532486,0,1,6732.495,0.019654645,5,1,false,false,-0.25987116,1.5602235,9.997681,2.017777,3
55.41472,0.017299172,49.328379806707204,8.565303962376392,0,1,6731.794,0.015043601,5,1,false,false,-0.20729488,1.6071029,10.377755,2.0181715,3
55.44049,0.01750313,49.32838726966728,8.565298322355112,0,1,6728.4165,0.009948369,5,1,false,false,-0.008635759,1.484968,9.326234,2.018577,3
55.465454,0.017707182,49.328394732627366,8.56529281919902,0,1,6735.667,0.005581296,5,1,false,false,-0.24647862,1.491036,9.094804,2.018968,3
55.490532,0.017911326,49.32840219558745,8.565287179177737,0,1,6737.4985,0.005095232,5,1,false,false,-0.23575392,1.5669295,10.427654,2.0193257,3
55.51475,0.018115569,49.32840965854753,8.565281538316793,0,1,6739.3574,0.008978116,5,1,false,false,-0.025622636,1.5654117,10.378857,2.019644,3
55.538754,0.018319909,49.32841712150761,8.565276036000363,0,1,6751.5054,0.014801505,5,1,false,false,0.5366914,1.4318564,9.373208,2.0199268,3
55.56314,0.018524328,49.32842458446769,8.565270395139418,0,1,6758.6953,0.021353057,5,1,false,false,0.8370758,1.5044405,10.571644,2.020252,3
55.589043,0.018728849,49.328432047427775,8.565264755118136,0,1,6754.039,0.02911788,5,1,false,false,0.41972783,1.5585082,10.169308,2.020684,3
55.613956,0.018933464,49.328439600253446,8.565259114257191,0,1,6755.577,0.034941275,5,1,false,false,0.6653556,1.552502,10.089986,2.02118,3
55.639614,0.019138174,49.32844706321353,8.565253611940763,0,1,6767.6865,0.037125755,5,1,false,false,0.7907212,1.6752523,10.33192,2.0217702,3
55.66608,0.019342985,49.32845452617361,8.565247971079817,0,1,6759.127,0.036882717,5,1,false,false,0.98307264,1.5172769,10.085032,2.0224533,3
55.691845,0.019547898,49.328461988996494,8.565242331058537,0,1,6756.5986,0.03372893,5,1,false,false,1.2038013,1.5559756,10.9823885,2.0232065,3
55.716557,0.0197529,49.328469541959365,8.565236690197592,0,1,6766.2783,0.0279046,5,1,false,false,1.2799197,1.4314176,9.987754,2.0239997,3
55.739742,0.019957993,49.32847700491945,8.56523105017631,0,1,6767.1763,0.02183818,5,1,false,false,1.0253257,1.6198007,10.875777,2.0248334,3
55.764965,0.020163186,49.32848446774233,8.56522541015503,0,1,6768.8647,0.016985985,5,1,false,false,1.1034043,1.5338446,9.412421,2.0256412,3
55.789192,0.02036847,49.328492020705205,8.565219631589233,0,1,6769.831,0.012617031,5,1,false,false,1.072502,1.3778336,8.751121,2.0263653,3
55.813885,0.02057384,49.32849948366528,8.565213991567951,0,1,6776.6895,0.01164678,5,1,false,false,1.1771057,1.4323106,10.249185,2.027004,3
55.837124,0.02077931,49.32850694648817,8.565208350707007,0,1,6781.016,0.014316381,5,1,false,false,0.86757904,1.4191022,8.737399,2.027594,3
55.858543,0.020984856,49.32851449945104,8.565202710685725,0,1,6793.582,0.01674295,5,1,false,false,1.2146581,1.4112697,8.345052,2.0281496,3
55.886284,0.021190498,49.32852196241112,8.565196932959593,0,1,6804.9683,0.019411612,5,1,false,false,1.5433942,1.6758155,8.846592,2.0286953,3
55.911404,0.021396244,49.328529515236795,8.565191292098648,0,1,6785.6035,0.02353753,5,1,false,false,1.4797122,1.5242847,9.774825,2.0291953,3
55.935406,0.021602081,49.32853697819688,8.565185652077366,0,1,6798.6006,0.0279046,5,1,false,false,1.4484088,1.3361858,8.016055,2.0296485,3
55.957523,0.021808,49.32854453102255,8.565179874351234,0,1,6818.177,0.032515645,5,1,false,false,1.5926619,1.4187373,9.139951,2.0301049,3
55.983803,0.022014014,49.328551993982636,8.565174095785435,0,1,6811.7886,0.04173585,5,1,false,false,1.7728211,1.8447266,11.896972,2.0306523,3
56.007378,0.02222013,49.32855954680831,8.565168455764155,0,1,6801.613,0.05508199,5,1,false,false,2.5556495,1.5004185,10.082872,2.03127,3
56.03188,0.022426333,49.32856700976839,8.565162678038021,0,1,6812.064,0.065030344,5,1,false,false,2.9146328,1.5495787,12.2976465,2.0320604,3
56.06139,0.02263264,49.32857456259406,8.565156899472225,0,1,6801.9463,0.07594989,5,1,false,false,2.3399801,1.4420714,10.29188,2.0330129,3
56.083107,0.02283904,49.32858202555414,8.565151121746092,0,1,6787.1685,0.08080305,5,1,false,false,2.52836,1.7365901,9.238306,2.0340445,3
56.10551,0.023045527,49.328589578448415,8.565145344019959,0,1,6809.196,0.08371475,5,1,false,false,2.565275,1.4165771,9.2774,2.035065,3
56.124577,0.02325209,49.3285970413399,8.565139565454162,0,1,6807.625,0.08589873,5,1,false,false,3.9109206,1.1238481,9.169614,2.035991,3
56.14221,0.023458727,49.32860459423417,8.56513378772803,0,1,6833.932,0.09099445,5,1,false,false,3.446845,0.89955825,10.573984,2.0370426,3
56.152615,0.02366541,49.328612057194256,8.565128010001896,0,1,6884.228,0.09754601,5,1,false,false,4.373107,0.43084532,13.3527975,2.03856,3
56.177547,0.023872137,49.32861961001993,8.565122094570912,0,1,6921.133,0.104098,5,1,false,false,4.114891,2.8943574,13.5768795,2.0408487,3
56.217896,0.024079014,49.32862707298001,8.565116316005113,0,1,6844.563,0.09706038,5,1,false,false,4.3704815,3.2135336,11.873493,2.0435925,3
56.261482,0.024286058,49.328634625805684,8.56511040057413,0,1,6758.788,0.07740624,5,1,false,false,3.9331462,2.109023,8.114426,2.046034,3
56.285404,0.024493225,49.32864208876576,8.565104485143145,0,1,6765.4634,0.049742773,5,1,false,false,3.6324153,0.65546423,7.688267,2.0475726,3
56.292835,0.024700454,49.328649641660036,8.565098569712159,0,1,6806.3413,0.030816289,5,1,false,false,2.513128,-0.08656128,8.580594,2.048349,3
56.29134,0.024907673,49.32865710455152,8.565092654281175,0,1,6865.6514,0.020867925,5,1,false,false,2.858759,0.29715374,14.152407,2.0491095,3
56.299168,0.025114903,49.3286645675116,8.565086738850189,0,1,6941.8813,0.018441355,5,1,false,false,2.1787584,1.8354087,10.5203,2.0504363,3
56.32673,0.02532227,49.32867212040588,8.565080823419205,0,1,6940.6924,0.015043601,5,1,false,false,2.9614067,3.173925,9.278398,2.052053,3
56.38392,0.025529835,49.32867958329736,8.565074907988219,0,1,6828.5513,0.013830313,5,1,false,false,4.1661696,2.339376,12.183024,2.053486,3
56.41736,0.025737565,49.328687046257436,8.565068854852383,0,1,6752.192,0.016499918,5,1,false,false,2.450351,1.2866535,10.218231,2.0543952,3
56.434135,0.025945384,49.32869459915171,8.565062939421397,0,1,6838.3335,0.0157727,5,1,false,false,2.8259592,0.794446,9.04141,2.0548136,3
56.44944,0.026153257,49.32870206204319,8.56505688628556,0,1,6866.798,0.011404686,5,1,false,false,2.9902816,1.3900491,10.272463,2.0549936,3
56.473312,0.026361207,49.328709525003276,8.565050970014912,0,1,6826.515,0.00824996,5,1,false,false,2.6627924,1.5355959,9.784957,2.0550866,3
56.49525,0.026569242,49.32871707789755,8.565044917718739,0,1,6844.39,0.007036672,5,1,false,false,2.0567942,1.2682799,9.533645,2.0551999,3
56.516197,0.026777348,49.32872454078903,8.565038864582903,0,1,6874.104,0.0070366734,5,1,false,false,1.780054,1.3091029,8.4175415,2.0553195,3
56.537975,0.02698553,49.32873200374911,8.565032811447065,0,1,6862.5728,0.008978117,5,1,false,false,1.7284784,1.578726,9.18541,2.0554256,3
56.56397,0.02719381,49.328739556643384,8.565026758311229,0,1,6862.2446,0.012374938,5,1,false,false,1.2861795,1.5502845,9.598161,2.0555584,3
56.58738,0.027402166,49.328747019534866,8.565020705175392,0,1,6861.7915,0.016499916,5,1,false,false,1.4219991,1.4338888,8.772984,2.0556574,3
56.611122,0.02761062,49.32875448249495,8.565014652039554,0,1,6867.0977,0.018684395,5,1,false,false,1.9385661,1.5171449,12.052264,2.0557528,3
56.637787,0.027819164,49.328762035389225,8.565008598903718,0,1,6860.2075,0.019897677,5,1,false,false,1.4466877,1.5534332,10.308458,2.0559297,3
56.661694,0.02802779,49.32876949828071,8.565002408063028,0,1,6848.575,0.020381859,5,1,false,false,1.3421193,1.4800595,9.671234,2.056077,3
56.685646,0.02823651,49.32877705117498,8.564996354927192,0,1,6858.875,0.018198323,5,1,false,false,1.5740644,1.4894711,12.381647,2.056216,3
56.70725,0.028445309,49.32878451413506,8.564990301791356,0,1,6848.113,0.015043601,5,1,false,false,1.2394705,1.2405512,10.232696,2.056372,3
56.727573,0.028654177,49.32879206696073,8.564984110950666,0,1,6856.2285,0.009220211,5,1,false,false,0.33390146,1.3739628,9.35383,2.0565493,3
56.74662,0.028863119,49.328799529920815,8.56497805781483,0,1,6876.8936,0.0016984097,5,1,false,false,1.6687351,1.1882894,13.567084,2.0566905,3
56.76768,0.029072134,49.3288069928123,8.56497186697414,0,1,6871.2695,0.00024303235,5,1,false,false,0.19070745,1.4521481,10.913934,2.0568428,3
56.786892,0.029281218,49.32881454570657,8.564965814677969,0,1,6869.985,-0.0031537886,5,1,false,false,0.5039265,0.9805843,8.280459,2.056853,3
56.81028,0.029490372,49.32882209853224,8.564959623837279,0,1,6895.2676,-0.0038828854,5,1,false,false,1.1366581,1.5117607,10.048433,2.056809,3
56.831615,0.029699618,49.32882956149233,8.564953570701443,0,1,6866.165,-0.00048606424,5,1,false,false,0.02426146,1.3390262,8.663401,2.05678,3
56.851006,0.029908923,49.3288371143866,8.564947379860754,0,1,6866.049,0.0075218007,5,1,false,false,0.78088844,1.0695931,6.922277,2.056624,3
56.867302,0.030118294,49.32884457727808,8.564941189020065,0,1,6911.0527,0.010919561,5,1,false,false,0.44272605,1.0378479,7.9752107,2.0565035,3
56.883877,0.030327724,49.32885213017235,8.564935135884229,0,1,6915.2847,0.010919559,5,1,false,false,0.2511707,0.8470106,6.766643,2.056464,3
56.89747,0.030537209,49.328859593132435,8.564928945043539,0,1,6929.535,0.0046101036,5,1,false,false,0.44440818,0.98852915,7.3529854,2.0565317,3
56.917316,0.030746743,49.32886714595811,8.564922755042515,0,1,6968.705,-0.0063094543,5,1,false,false,0.06007334,1.3221072,9.291919,2.0566733,3
56.940166,0.030956356,49.32887469885238,8.564916564201825,0,1,6949.855,-0.017228074,5,1,false,false,-0.31936657,1.4337493,10.73104,2.0567746,3
56.96657,0.031166052,49.32888216174386,8.564910511065989,0,1,6934.558,-0.025964096,5,1,false,false,-0.36940745,1.7522471,10.504551,2.0567896,3
56.9944,0.031375848,49.32888971463814,8.5649043202253,0,1,6929.81,-0.031787485,5,1,false,false,0.05660732,1.7113597,10.76668,2.0567026,3
57.02082,0.031585734,49.32889726746381,8.564898129384611,0,1,6898.065,-0.032272607,5,1,false,false,-1.0931158,1.7456357,10.672267,2.0565975,3
57.043076,0.03179572,49.32890482035808,8.564891938543923,0,1,6880.6504,-0.027420415,5,1,false,false,0.7640954,1.1802293,14.951647,2.056344,3
57.0606,0.03200576,49.328912373183755,8.564885748542897,0,1,6898.933,-0.022081207,5,1,false,false,-0.67888093,1.202821,19.576208,2.056161,3
57.07453,0.032215856,49.32891992607803,8.564879695407061,0,1,6902.3115,-0.024750814,5,1,false,false,-0.7147002,0.38747132,16.19346,2.0559683,3
57.096848,0.032425996,49.328927389038114,8.564873504566371,0,1,6926.108,-0.039552316,5,1,false,false,-0.99869615,2.379841,9.829472,2.055623,3
57.1249,0.032636244,49.328934941863785,8.564867313725683,0,1,6893.2007,-0.07619107,5,1,false,false,-0.16399807,1.5369978,4.469092,2.0553682,3
57.144493,0.03284657,49.32894249468946,8.564861122884995,0,1,6841.9272,-0.113801934,5,1,false,false,-1.9013878,0.6123356,3.4495397,2.0555809,3
57.14023,0.033056933,49.32895013751792,8.564854932044305,0,1,6900.4614,-0.15262513,5,1,false,false,-2.6142852,-0.80846316,5.412935,2.0555584,3
57.12593,0.033267237,49.32895769034359,8.564848879748133,0,1,7046.7188,-0.18174213,5,1,false,false,-1.9090861,-0.8297136,3.0216467,2.0549326,3
57.10441,0.033477474,49.32896524323787,8.564842688907444,0,1,7141.5264,-0.1720368,5,1,false,false,-1.3862364,-1.4829258,3.7144055,2.053832,3
57.08108,0.03368763,49.328972796063546,8.564836498066756,0,1,7261.4697,-0.12787527,5,1,false,false,-1.2729656,-1.0183852,4.5678396,2.052354,3
57.091156,0.033897735,49.32898034895781,8.56483044493092,0,1,7258.3276,-0.07036863,5,1,false,false,-1.6015569,1.909818,6.5753603,2.050436,3
57.159233,0.03410798,49.32898790178349,8.56482425409023,0,1,7237.687,-0.015772693,5,1,false,false,-1.4184611,5.025652,8.919236,2.0482323,3
57.24818,0.034318525,49.32899545467776,8.564818200954393,0,1,6928.2554,0.025478033,5,1,false,false,-1.483023,5.105029,9.742493,2.0462434,3
57.306786,0.034529354,49.32900309743763,8.564812010113704,0,1,6784.5776,0.036397595,5,1,false,false,-1.0461223,2.1563625,10.545703,2.0448172,3
57.318474,0.034740295,49.3290106502633,8.564805956977867,0,1,6905.3823,0.030816294,5,1,false,false,-1.0536962,0.17801687,12.06057,2.0441139,3
57.326633,0.03495125,49.32901829302317,8.564799766976842,0,1,6941.3135,0.016742945,5,1,false,false,-1.6343224,0.8945149,12.057701,2.0439844,3
57.347874,0.03516225,49.329025845917435,8.564793713841006,0,1,6901.6245,-0.0012132842,5,1,false,false,-1.7274257,1.4318134,13.273665,2.04408,3
57.368816,0.03537333,49.329033488677304,8.564787523000318,0,1,6922.102,-0.015529664,5,1,false,false,-1.8661623,1.201484,11.050105,2.0441697,3
57.38715,0.035584476,49.32904104157158,8.56478146986448,0,1,6943.248,-0.022324245,5,1,false,false,-1.9980181,1.2281096,10.463761,2.044204,3
57.40924,0.035795692,49.32904868433144,8.564775279023792,0,1,6929.4966,-0.01941255,5,1,false,false,-1.5493902,1.45741,10.549876,2.0441484,3
57.431446,0.036006976,49.32905632709131,8.564769225887954,0,1,6921.8613,-0.0101914015,5,1,false,false,-1.2173215,1.3250322,10.142508,2.0440493,3
57.451424,0.03621833,49.32906396985117,8.564763172752118,0,1,6934.488,0.00024303282,5,1,false,false,-0.7587025,1.1902522,10.515148,2.0439634,3
57.47078,0.036429755,49.32907161261103,8.56475698191143,0,1,6940.089,0.009706275,5,1,false,false,-0.5551764,1.24664,10.398565,2.0439458,3
57.491154,0.036641244,49.329079255439495,8.564750928775592,0,1,6941.462,0.01261703,5,1,false,false,-0.41774586,1.2508523,10.302885,2.0439866,3
57.511456,0.036852807,49.329086898199364,8.564744875639756,0,1,6945.9707,0.01164678,5,1,false,false,0.02448216,1.209712,9.831253,2.0440712,3
57.531693,0.037064444,49.329094540959225,8.56473868563873,0,1,6951.506,0.0075217984,5,1,false,false,-0.1077992,1.2305228,9.115448,2.0442164,3
57.551743,0.037276138,49.329102183719094,8.564732632502894,0,1,6956.1885,0.0067945803,5,1,false,false,-0.28697336,1.263226,9.348717,2.0443978,3
57.57213,0.03748791,49.329109826478955,8.564726579367056,0,1,6960.865,0.01091956,5,1,false,false,-0.14641455,1.3775517,9.992149,2.044588,3
57.59184,0.03769976,49.32911746930742,8.564720388526368,0,1,6963.885,0.017956233,5,1,false,false,0.05530116,1.2330811,9.868717,2.044793,3
57.614025,0.03791167,49.32912511206729,8.564714335390532,0,1,6967.6724,0.024992907,5,1,false,false,0.29063535,1.3230844,10.194701,2.045033,3
57.636063,0.038123664,49.32913275482715,8.564708144549842,0,1,6962.9307,0.029846039,5,1,false,false,0.61686885,1.2823952,10.06065,2.0453086,3
57.658108,0.038335737,49.32914039758702,8.564702091414006,0,1,6963.4976,0.032029584,5,1,false,false,0.86724937,1.3062776,9.571137,2.0456202,3
57.679127,0.038547885,49.32914813028107,8.564696038278168,0,1,6965.6113,0.030573258,5,1,false,false,0.57862294,1.3001822,9.315732,2.0459828,3
57.699017,0.038760092,49.329155773075236,8.56468984743748,0,1,6967.8394,0.024507781,5,1,false,false,0.8639097,1.4116149,10.311211,2.0463748,3
57.719055,0.03897239,49.3291634158351,8.564683795141306,0,1,6971.4927,0.015043604,5,1,false,false,0.74303186,1.2998923,9.145319,2.0467882,3
57.738464,0.039184753,49.329171058594966,8.564677604300618,0,1,6974.997,0.002183536,5,1,false,false,0.39574766,1.2035803,8.764867,2.0471933,3
57.758293,0.039397184,49.329178791289024,8.56467155116478,0,1,6982.904,-0.008735084,5,1,false,false,0.39147574,1.2220489,9.153075,2.047517,3
57.77712,0.03960968,49.329186434083184,8.564665360324092,0,1,6988.9985,-0.018926485,5,1,false,false,0.2171527,1.170115,9.697297,2.0477424,3
57.796158,0.03982225,49.32919407684305,8.564659169483404,0,1,6999.3696,-0.025721068,5,1,false,false,0.088536456,1.2187123,9.282412,2.047848,3
57.81742,0.04003489,49.3292018095371,8.564653116347566,0,1,7004.371,-0.028390666,5,1,false,false,-0.008795947,1.3783983,10.006538,2.0478048,3
57.84089,0.04024761,49.32920945229697,8.564646925506878,0,1,6994.8223,-0.028874848,5,1,false,false,0.08652878,1.4731824,10.318501,2.0475984,3
57.863754,0.04046042,49.32921718499103,8.564640872371042,0,1,6986.603,-0.029846046,5,1,false,false,0.20691663,1.3757316,10.815645,2.0472615,3
57.88495,0.0406733,49.32922482775089,8.564634682370016,0,1,6989.0234,-0.03299983,5,1,false,false,0.11923833,1.2779227,10.884443,2.046837,3
57.905212,0.040886257,49.32923256044495,8.564628491529328,0,1,6990.989,-0.03930928,5,1,false,false,-0.4273196,1.2613096,10.5060835,2.0463314,3
57.92558,0.041099295,49.32924020323911,8.56462243839349,0,1,6990.7754,-0.04852949,5,1,false,false,-0.8630981,1.2875277,10.197282,2.0457191,3
57.94565,0.041312397,49.32924793589887,8.564616247552802,0,1,6991.8374,-0.06308891,5,1,false,false,-1.0483396,1.2515067,9.62679,2.0449903,3
57.964798,0.041525576,49.32925566859292,8.564610194416964,0,1,6993.681,-0.08541222,5,1,false,false,-1.5303061,1.1797427,9.685734,2.0441463,3
57.983433,0.041738827,49.32926331138709,8.564604003576276,0,1,6999.6494,-0.11525733,5,1,false,false,-1.9263433,1.1274403,9.711986,2.043136,3
58.0005,0.04195217,49.329271044081146,8.56459781357525,0.05123317,0.94327986,7007.5503,-0.1543236,5,1,false,false,-2.9604347,1.03525,10.123291,2.041877,3
58.010735,0.04216558,49.3292787767409,8.564591760439415,0.12867865,0.7203454,6989.9966,-0.19338886,5,1,false,false,-4.0947156,0.38489056,9.70323,2.0401855,3
58.000687,0.04237899,49.32928650943496,8.564585707303578,0.28130585,0.45967928,6907.655,-0.22420424,5,1,false,false,-4.8352,-1.2729332,9.312508,2.0379374,3
57.943504,0.042592425,49.32929424212901,8.564579516462889,0.344692,0.2586929,6833.8457,-0.24288672,5,1,false,false,-5.2165456,-4.859145,9.477515,2.035144,3
57.832157,0.042805545,49.32930197482307,8.564573463327052,0.43155015,0.092478424,6787.2817,-0.25235,5,1,false,false,-5.842511,-7.556602,9.732977,2.0319653,3
57.68615,0.04301818,49.329309617582936,8.564567410191215,0.45978788,0.013810114,6692.9883,-0.252107,5,1,false,false,-6.2526207,-9.25401,9.840084,2.0284557,3
57.52414,0.04322981,49.32931735027699,8.56456149476023,0.4620517,-1.3969839e-09,6581.9214,-0.24288678,5,1,false,false,-6.295354,-9.792923,8.226833,2.0246446,3
57.353195,0.04344075,49.329324993036856,8.564555579329244,0.45037535,0,6540.3657,-0.22517452,5,1,false,false,-6.4699345,-10.622302,8.077107,2.0206027,3
57.156864,0.043651026,49.32933272573091,8.56454966389826,0.43155015,0,6696.193,-0.20430842,5,1,false,false,-6.600951,-12.007731,9.403183,2.0163822,3
56.96987,0.04386031,49.329340368525074,8.564543747627612,0.38460627,0,6621.0654,-0.18683733,5,1,false,false,-7.20711,-10.420365,9.210463,2.0119584,3
56.798355,0.044068832,49.329348011284935,8.564537969901478,0.37054682,0,6518.8354,-0.17834528,5,1,false,false,-8.34799,-9.863418,9.889919,2.0071409,3
56.62739,0.044276744,49.32935556414491,8.564532192175346,0.35648745,0,6555.4053,-0.18683733,5,1,false,false,-9.432343,-10.288251,9.679214,2.0018828,3
56.456326,0.04448389,49.32936320690477,8.564526414449212,0.34004524,0,6576.4688,-0.21474098,5,1,false,false,-10.285464,-9.817875,9.464019,1.9963949,3
56.29102,0.0446903,49.32937075976475,8.564520773588267,0.2883355,0,6537.456,-0.25598988,5,1,false,false,-12.379609,-9.438551,9.983918,1.9908087,3
56.13499,0.04489613,49.329378312624726,8.564515133566987,0.25783384,0,6553.2134,-0.3011207,5,1,false,false,-13.692714,-8.745242,10.2635355,1.9851264,3
55.99273,0.04510137,49.329385955418886,8.564509630410893,0.20147747,0,6562.404,-0.34091228,5,1,false,false,-14.326795,-7.718481,9.935971,1.9793249,3
55.871773,0.04530603,49.32939350827886,8.564504128094464,0.17335875,0,6524.2036,-0.37900537,5,1,false,false,-14.472934,-6.411891,9.1257305,1.9732864,3
55.76209,0.04551028,49.32940106113883,8.564498624938372,0.112236395,0,6507.5146,-0.40448248,5,1,false,false,-14.003717,-5.8598776,8.451632,1.9669777,3
55.663956,0.045714166,49.32940861399881,8.56449325948713,0.08173476,0,6517.8267,-0.42170963,5,1,false,false,-13.986076,-5.308691,7.84946,1.960568,3
55.571377,0.04591767,49.32941625675867,8.564487894035889,0.025497437,0,6519.598,-0.43190008,5,1,false,false,-16.576027,-4.849871,10.476772,1.953965,3
55.488342,0.04612086,49.329423809618646,8.5644826662895,9.313226e-10,0.010850803,6522.2363,-0.43626714,5,1,false,false,-19.155317,-3.924958,12.036197,1.9465716,3
55.41157,0.046323773,49.329431362478616,8.564477576247961,0,0.03082614,6536.932,-0.4384507,5,1,false,false,-20.2459,-3.7625408,11.741463,1.9378833,3
55.332394,0.046526443,49.32943900525563,8.564472348501573,0,0.073489524,6564.11,-0.4428188,5,1,false,false,-20.43397,-3.7010171,11.414001,1.9281174,3
55.26187,0.046728857,49.329446558115606,8.564467396164888,0,0.14426632,6596.8423,-0.45203802,5,1,false,false,-17.979723,-2.9731143,9.167444,1.9183044,3
55.2021,0.046931062,49.32945420087547,8.564462443828202,0,0.23181257,6612.966,-0.4663535,5,1,false,false,-19.853844,-2.281025,9.7626705,1.9095718,3
55.147594,0.047133144,49.32946184365249,8.564457491491517,0,0.29469788,6663.219,-0.49207172,5,1,false,false,-19.709705,-2.1475227,9.8584385,1.902614,3
55.090435,0.04733509,49.3294694864295,8.56445267602002,0,0.3506781,6754.148,-0.5282235,5,1,false,false,-22.320208,-2.2250528,12.223319,1.8972404,3
55.037495,0.047536857,49.329477129206516,8.564447999093037,0,0.35906294,6740.7646,-0.56607264,5,1,false,false,-20.681597,-1.4074184,10.606558,1.8913816,3
55.010117,0.047738556,49.32948477198353,8.564443321326392,0,0.30850807,6524.912,-0.5968862,5,1,false,false,-18.721792,-0.29263142,8.257062,1.8843868,3
54.97854,0.047940325,49.32949241474339,8.564438782104261,0,0.21898893,6555.738,-0.61483943,5,1,false,false,-17.63028,-1.2986772,8.258826,1.8766148,3
54.933197,0.048141994,49.32950014743745,8.564434242042468,0,0.12601729,6544.9336,-0.6192076,5,1,false,false,-17.97614,-1.7647995,8.377087,1.869261,3
54.882885,0.048343536,49.32950788013151,8.564429701980675,0,0.036991358,6474.3965,-0.6175092,5,1,false,false,-19.013567,-1.934726,9.148853,1.8622178,3
54.82958,0.048545156,49.32951552289137,8.564425299623734,0,-2.7939677e-09,6371.376,-0.6121708,5,1,false,false,-19.351171,-1.9752117,9.284636,1.8549286,3
54.76653,0.048746616,49.32952325558543,8.564421034971643,0,0,6474.721,-0.60440785,5,1,false,false,-17.11288,-3.265698,8.033781,1.8473159,3
54.68718,0.048947867,49.32953098827948,8.564416770319554,0,0,6557.815,-0.5932464,5,1,false,false,-19.246025,-3.4014616,9.087523,1.8400497,3
54.617214,0.049149074,49.329538720956386,8.564412643372316,0,0,6447.295,-0.59009343,5,1,false,false,-22.039722,-2.4163966,11.493601,1.8329835,3
54.54963,0.04935014,49.329546453650444,8.564408516425077,0,0,6448.822,-0.5983414,5,1,false,false,-21.266191,-2.8021665,11.236598,1.8256876,3
54.474564,0.049551,49.3295541863445,8.564404526343028,0,0,6484.6006,-0.61581165,5,1,false,false,-21.464346,-3.0851974,10.983221,1.8180311,3
54.39898,0.049751744,49.32956191902998,8.564400537100642,0,0,6443.5767,-0.64007354,5,1,false,false,-22.186275,-2.8818393,10.139149,1.8101188,3
54.324383,0.049952403,49.32956965171546,8.564396684723445,0,0,6432.3477,-0.67258376,5,1,false,false,-21.739004,-2.9196653,9.748016,1.802334,3
54.24815,0.050152842,49.32957738440952,8.564392970890761,0,0,6443.026,-0.7072782,5,1,false,false,-21.09884,-2.984189,9.808838,1.7949544,3
54.174374,0.0503531,49.32958520701204,8.564389256218416,0,0,6424.55,-0.73906195,5,1,false,false,-20.60548,-2.7544417,9.078254,1.7880183,3
54.10401,0.05055334,49.32959293969752,8.564385679250922,0,0,6406.667,-0.7604122,5,1,false,false,-19.930435,-2.7010612,8.887088,1.7813349,3
54.033024,0.05075337,49.329600672383,8.564382102283428,0,0,6399.9883,-0.7739984,5,1,false,false,-19.98981,-2.780578,9.655767,1.7746052,3
53.959248,0.050953217,49.32960849498552,8.564378663020785,0,0,6388.8906,-0.77642393,5,1,false,false,-21.019522,-2.8457375,10.46433,1.7676095,3
53.883152,0.051152967,49.32961622767958,8.564375361462995,0,0,6377.0146,-0.7742404,5,1,false,false,-22.044432,-2.9456682,11.377312,1.7602339,3
53.804096,0.05135251,49.3296240502821,8.564372059905205,0,0,6370.365,-0.7708445,5,1,false,false,-22.165527,-2.9961433,10.489914,1.752519,3
53.722996,0.051551808,49.32963178296758,8.564368758347415,0,0,6363.3096,-0.7701165,5,1,false,false,-23.19807,-3.0742867,11.026027,1.7447948,3
53.641777,0.051750906,49.32963960557439,8.564365731359665,0,0,6355.345,-0.77593976,5,1,false,false,-22.47163,-2.9439237,10.484653,1.737411,3
53.563034,0.051949766,49.329647338259875,8.564362705211577,0,0,6348.3184,-0.7897683,5,1,false,false,-21.57316,-2.8495483,10.108452,1.7304987,3
53.48697,0.05214839,49.329655160866686,8.564359679063491,0,0,6337.182,-0.8106334,5,1,false,false,-20.4385,-2.8341615,9.237684,1.7240378,3
53.412876,0.05234682,49.32966289355216,8.564356789780593,0,0,6325.6836,-0.8336822,5,1,false,false,-19.13056,-2.721189,8.360004,1.7180244,3
53.341164,0.052545097,49.32967071615683,8.564354038202547,0,0,6315.517,-0.85842705,5,1,false,false,-18.597038,-2.7848744,8.631952,1.7124976,3
53.265583,0.05274312,49.32967853875935,8.5643512866245,0,0,6305.506,-0.88050574,5,1,false,false,-21.309347,-2.8433418,10.735544,1.7071923,3
53.19256,0.052940905,49.32968627144912,8.564348672751304,0,0,6297.5522,-0.9016128,5,1,false,false,-17.17259,-2.7932026,7.6724997,1.7015929,3
53.126778,0.053138252,49.329694094051646,8.56434605887811,0,0,6288.975,-0.9120456,5,1,false,false,-15.534005,-2.6393743,6.01164,1.6963296,3
53.058033,0.053335294,49.32970182674034,8.564343582709768,0,0,6277.041,-0.91883713,5,1,false,false,-16.69733,-2.917301,7.3740087,1.6917149,3
52.990097,0.053532094,49.32970964934367,8.564341106541425,0,0,6273.7188,-0.92490363,5,1,false,false,-15.404896,-2.636895,6.5319347,1.6882068,3
52.931377,0.053728513,49.329717471947525,8.564338768077935,0,0,6261.5093,-0.93169636,5,1,false,false,-13.057013,-2.3609495,5.687848,1.6851978,3
52.8759,0.05392447,49.329725204636226,8.564336429614443,0,0,6239.1934,-0.9384891,5,1,false,false,-12.726748,-2.4144309,4.913491,1.6816384,3
52.818073,0.05412021,49.329733027238746,8.564334090311288,0,0,6229.4355,-0.9474662,5,1,false,false,-12.622308,-2.5739422,4.7248163,1.6775218,3
52.757206,0.054315723,49.32974075992637,8.56433188955265,0,0,6226.5967,-0.9588681,5,1,false,false,-13.384945,-2.7741668,5.757346,1.6730858,3
52.69055,0.05451066,49.32974849261614,8.564329687954347,0,0,6223.535,-0.97196937,5,1,false,false,-16.74231,-2.8862033,8.141876,1.6685704,3
52.61938,0.054705314,49.32975631521866,8.564327487195708,0,0,6222.7725,-0.98458457,5,1,false,false,-19.352434,-2.9317997,10.353945,1.6636022,3
52.545998,0.054899678,49.329764047908434,8.564325423302257,0,0,6219.917,-0.98240185,5,1,false,false,-19.37844,-2.9661646,9.43715,1.6578923,3
52.474735,0.055093613,49.32977178059391,8.564323497953321,0,0,6213.169,-0.96493244,5,1,false,false,-18.77083,-2.8534622,9.290564,1.651955,3
52.40294,0.055287145,49.329779603196435,8.564321571764722,0,0,6202.1025,-0.9387321,5,1,false,false,-20.303265,-2.9356446,9.93094,1.6460614,3
52.331917,0.05548039,49.329787335890494,8.564319645576123,0,0,6193.9985,-0.9144709,5,1,false,false,-18.466045,-2.8147936,8.567208,1.6402102,3
52.26455,0.055673327,49.32979506857597,8.564317994797229,0,0,6186.9805,-0.8994285,5,1,false,false,-18.389145,-2.7411964,9.215707,1.6345346,3
52.19435,0.055865843,49.32980280126145,8.564316206313482,0,0,6173.734,-0.8984581,5,1,false,false,-19.944984,-2.8918858,10.187979,1.6287985,3
52.121872,0.05605805,49.32981053395551,8.564314693239439,0,0,6170.081,-0.90889084,5,1,false,false,-20.299286,-2.8478303,10.56654,1.6228637,3
52.049538,0.056249965,49.32981835655803,8.564313042460544,0,0,6165.3877,-0.92490345,5,1,false,false,-20.719769,-2.923906,10.911127,1.6164917,3
51.97514,0.05644152,49.32982608924351,8.564311666251688,0,0,6153.33,-0.94285715,5,1,false,false,-21.376766,-2.977368,10.920302,1.6097082,3
51.89878,0.05663272,49.32983382192899,8.564310290882498,0,0,6149.7275,-0.96396315,5,1,false,false,-21.404497,-3.0589683,10.847901,1.6027786,3
51.821598,0.056823608,49.32984155462305,8.564308915513305,0,0,6146.8354,-0.9853115,5,1,false,false,-21.871819,-3.0431793,10.9299555,1.5961218,3
51.744514,0.057014182,49.329849197400065,8.564307814714153,0,0,6137.4907,-1.0071462,5,1,false,false,-22.116177,-2.9898703,11.618056,1.5898806,3
51.671314,0.057204425,49.32985693007697,8.56430657621015,0,0,6130.1885,-1.0316494,5,1,false,false,-19.165474,-2.744299,9.377509,1.5839748,3
51.601616,0.05739436,49.32986466277102,8.56430561311585,0,0,6120.4917,-1.0559099,5,1,false,false,-20.910326,-3.0232775,8.98823,1.5786281,3
51.52248,0.05758398,49.32987239546508,8.564304650861216,0,0,6106.777,-1.0818689,5,1,false,false,-22.997713,-3.0930467,12.619164,1.572909,3
51.444134,0.057773337,49.32988003822494,8.564303687766916,0,0,6105.022,-1.1085541,5,1,false,false,-20.070284,-2.8449535,11.348053,1.5663147,3
51.379375,0.057962373,49.329887770919,8.564302999242656,0,0,6093.183,-1.1248091,5,1,false,false,-17.394348,-2.595689,8.275805,1.5596974,3
51.31801,0.05815114,49.329895413696015,8.564302173853209,0,0,6064.1255,-1.1333008,5,1,false,false,-14.649936,-2.2928033,6.8989887,1.5532688,3
51.25037,0.058339667,49.32990305647303,8.564301486168613,0,0,6053.8506,-1.1408206,5,1,false,false,-17.06365,-2.7829475,7.6853437,1.547491,3
51.182343,0.05852796,49.329910789149935,8.56430093618887,0,0,6062.9253,-1.1519791,5,1,false,false,-18.075472,-2.9524343,9.752393,1.542557,3
51.110466,0.05871593,49.32991843192695,8.564300385369462,0,0.0064118374,6048.2217,-1.161927,5,1,false,false,-21.394997,-3.2765439,10.83237,1.5382353,3
51.032825,0.05890358,49.32992607470396,8.56429997309457,0,0.110727504,6067.477,-1.1687194,5,1,false,false,-24.151268,-3.2162476,14.68827,1.5336688,3
50.951668,0.05909103,49.32993371748098,8.564299559980014,0,0.29346484,6124.6733,-1.1677494,5,1,false,false,-27.047201,-3.1319747,15.213474,1.5274621,3
50.87086,0.05927816,49.329941360258,8.564299285409975,0,0.4961776,6296.9644,-1.1531936,5,1,false,false,-28.575262,-3.0695558,16.156488,1.5196869,3
50.798645,0.05946496,49.32994891310082,8.564299147705123,0,0.7509248,6419.5186,-1.1250516,5,1,false,false,-28.925936,-1.2831901,16.026073,1.5111457,3
50.793224,0.059651647,49.329956555877835,8.564299147705123,0,0.92626405,6097.5864,-1.0954548,5,1,false,false,-28.49209,2.7088363,16.033484,1.50245,3
50.795193,0.05983848,49.32996419865485,8.564299147705123,0,0.99999994,6107.5596,-1.0597908,5,1,false,false,-25.728533,1.0114186,13.694111,1.4940445,3
50.778595,0.06002523,49.32997175151482,8.564299285409975,0,1,6235.423,-1.0306796,5,1,false,false,-22.649496,0.66766334,11.585286,1.4869224,3
50.777683,0.060211908,49.32997939429183,8.564299559980014,0,1,6177.3667,-1.0090877,5,1,false,false,-20.528791,1.7634138,10.347474,1.481361,3
50.786133,0.060398757,49.32998694715181,8.564299835389718,0,1,6147.082,-1.0010817,5,1,false,false,-18.890005,1.5184913,9.344547,1.4768894,3
50.78562,0.060585637,49.32999458992882,8.564300248504274,0,1,6203.3994,-1.0037501,5,1,false,false,-16.236198,0.83323544,7.9851246,1.4731038,3
50.784443,0.060772453,49.330002232688685,8.564300660779166,0,1,6235.5884,-1.0136966,5,1,false,false,-14.281079,0.8976921,6.6274652,1.4693874,3
50.785194,0.060959257,49.33000978554866,8.564301211598574,0,1,6257.39,-1.0289803,5,1,false,false,-15.409569,0.9042826,6.4615803,1.4652126,3
50.787018,0.061146256,49.33001742830852,8.564301761578317,0,1,6287.997,-1.0445073,5,1,false,false,-16.809769,1.1624862,9.265031,1.4599295,3
50.794224,0.061333176,49.3300249811685,8.564302449262913,0,1,6285.083,-1.0542127,5,1,false,false,-16.60665,1.6721972,8.355642,1.4533483,3
50.81142,0.06152007,49.330032623962666,8.564303136947508,0,1,6256.7905,-1.0520283,5,1,false,false,-16.80807,2.2219956,9.690437,1.4459802,3
50.82804,0.06170717,49.330040176822635,8.564303824632104,0,1,6225.5986,-1.0411112,5,1,false,false,-16.992992,1.91933,9.614685,1.4387238,3
50.83765,0.06189434,49.330047819582504,8.564304650861216,0,1,6219.5273,-1.0306802,5,1,false,false,-18.069181,1.5438329,9.250651,1.4319959,3
50.842968,0.062081434,49.33005537244247,8.56430561311585,0,1,6228.03,-1.0263118,5,1,false,false,-17.450985,1.4783224,9.447393,1.4255921,3
50.84975,0.062268473,49.33006301523664,8.56430657621015,0,1,6230.28,-1.0275264,5,1,false,false,-15.422029,1.4981363,7.758596,1.4195055,3
50.854366,0.062455434,49.33007056806231,8.56430753930445,0,1,6238.3413,-1.0333483,5,1,false,false,-17.702139,1.3229164,9.528563,1.413765,3
50.85788,0.06264231,49.33007821085648,8.5643086401036,0,1,6246.4126,-1.0430517,5,1,false,false,-17.44765,1.2692864,9.4488325,1.4079124,3
50.857075,0.06282912,49.33008576371645,8.564309877767942,0,1,6255.6875,-1.0491173,5,1,false,false,-17.046076,0.8606951,9.460543,1.4017385,3
50.85587,0.063015744,49.33009331657642,8.564310978567093,0,1,6286.4995,-1.0503305,5,1,false,false,-19.00159,1.5187197,9.913785,1.3948522,3
50.860657,0.06320221,49.33010086943639,8.564312354775948,0,1,6273.372,-1.0483896,5,1,false,false,-19.00767,1.6425958,9.954803,1.3873976,3
50.86806,0.06338863,49.33010851219626,8.56431373014514,0,1,6242.701,-1.0430521,5,1,false,false,-17.686071,1.6818442,8.980636,1.3797464,3
50.880222,0.06357503,49.33011606505623,8.56431510551433,0,1,6246.3496,-1.0360174,5,1,false,false,-16.59961,2.0038123,8.485534,1.3724498,3
50.891285,0.06376127,49.33012361791621,8.564316619428038,0,1,6226.4565,-1.0316491,5,1,false,false,-16.459328,1.7097379,8.3543825,1.3664584,3
50.895016,0.06394746,49.330131170776184,8.56431813250208,0,1,6222.709,-1.0343184,5,1,false,false,-17.631664,1.2147628,9.636409,1.3613989,3
50.891003,0.06413359,49.33013872363615,8.564319783280975,0,1,6259.1895,-1.0413548,5,1,false,false,-17.85861,0.7925183,10.062804,1.3562651,3
50.882805,0.06431959,49.33014627649613,8.56432143405987,0,1,6290.8335,-1.0445074,5,1,false,false,-17.633673,0.815105,9.582347,1.350302,3
50.882755,0.06450542,49.3301538293561,8.564323222543617,0,1,6306.624,-1.0396558,5,1,false,false,-18.771198,1.6501951,10.294331,1.3433664,3
50.891045,0.06469121,49.33016129228188,8.564325148732218,0,1,6276.6016,-1.0265547,5,1,false,false,-19.534294,1.9836016,10.782565,1.3360027,3
50.900963,0.064876996,49.330168845141856,8.564326937215965,0,1,6236.8496,-1.0093307,5,1,false,false,-19.939358,1.9432466,11.276385,1.3287514,3
50.905613,0.065062664,49.33017639800183,8.564329000269751,0,1,6228.114,-0.9899218,5,1,false,false,-20.57789,1.628241,11.905675,1.3219359,3
50.907494,0.06524827,49.33018386096191,8.564331064163202,0,1,6226.3696,-0.97124106,5,1,false,false,-19.627848,1.5203226,10.350183,1.3156259,3
50.908478,0.06543383,49.330191413821886,8.564333127216988,0,1,6222.203,-0.95522904,5,1,false,false,-19.313627,1.4395056,10.416273,1.3098695,3
50.9096,0.06561934,49.330198876747666,8.564335328815291,0,1,6229.9185,-0.942857,5,1,false,false,-18.662811,1.433975,9.840276,1.3044761,3
50.910706,0.065804735,49.33020633970775,8.564337667278783,0,1,6236.538,-0.9321815,5,1,false,false,-18.75142,1.3394798,10.509572,1.2993319,3
50.911747,0.065990075,49.33021380263353,8.564340005742274,0,1,6239.8633,-0.9246605,5,1,false,false,-18.608805,1.4006381,10.587223,1.2941651,3
50.915264,0.06617538,49.330221265593615,8.564342345045429,0,1,6245.7925,-0.9154413,5,1,false,false,-15.8101,1.4601676,8.732819,1.2889228,3
50.924828,0.06636062,49.330228728519394,8.564344821213771,0,1,6248.5757,-0.90355337,5,1,false,false,-14.209205,1.6999336,7.169692,1.2840742,3
50.93654,0.06654582,49.33023619147948,8.564347435086965,0,1,6242.187,-0.8909384,5,1,false,false,-13.634726,1.6749687,6.216408,1.279988,3
50.934273,0.06673098,49.33024365440526,8.56435004896016,0,1,6248.9043,-0.88002056,5,1,false,false,-16.991276,0.19475663,10.062378,1.2763184,3
50.926315,0.06691608,49.330251117365336,8.564352662833354,0,1,6317.313,-0.86885965,5,1,false,false,-17.442057,0.8452913,10.090759,1.2711726,3
50.937283,0.06710108,49.33025849039123,8.56435527670655,0,1,6325.101,-0.8487239,5,1,false,false,-8.20828,1.4963733,3.3459501,1.2655472,3
50.960052,0.067286074,49.33026595331701,8.564358027444932,0,1,6308.5796,-0.8232496,5,1,false,false,-18.158918,2.5327275,4.255125,1.2607051,3
50.92861,0.06747105,49.3302733263772,8.56436091672783,0,1,6284.192,-0.80990535,5,1,false,false,-33.480976,-2.01759,22.591644,1.2551608,3
50.867714,0.0676558,49.33028069940309,8.564363806010729,0,1,6424.3633,-0.7917088,5,1,false,false,-31.250706,1.4393061,21.30108,1.2439772,3
50.895477,0.067840494,49.330288072428985,8.564366832158816,0,1,6413.1147,-0.764778,5,1,false,false,-34.886986,3.9927564,19.994007,1.2293341,3
50.919533,0.06802529,49.33029544545487,8.564369996851418,0,1,6051.8438,-0.7368782,5,1,false,false,-33.61141,3.5761828,20.859638,1.2185766,3
50.919525,0.06821014,49.33030272854657,8.564373298409208,0,1,6062.1953,-0.7089776,5,1,false,false,-26.479107,0.9104763,13.9457,1.2118618,3
50.897953,0.06839497,49.33031001170687,8.564376599966998,0,1,6247.953,-0.6936928,5,1,false,false,-15.418035,-0.22920147,7.7193255,1.2085785,3
50.88829,0.06857968,49.33031729479857,8.56438003922964,0,1,6260.552,-0.7058227,5,1,false,false,-11.118477,1.558461,3.876616,1.2066064,3
50.91435,0.068764426,49.33032457789027,8.564383616197135,0,1,6255.8906,-0.7492524,5,1,false,false,-4.6908417,1.3849422,0.46912384,1.2053946,3
50.900574,0.06894919,49.33033186098197,8.564387055459777,0,1,6330.583,-0.8145155,5,1,false,false,-0.829834,-0.83054346,-2.3402014,1.205146,3
50.928265,0.069133945,49.33033914414227,8.564390632427271,0,1,6496.01,-0.88729835,5,1,false,false,-3.393378,2.8632066,0.2794848,1.2052232,3
50.93118,0.069318734,49.33034642723397,8.564394071689913,0,1,6398.851,-0.95110524,5,1,false,false,-0.40621224,-1.2681072,-1.1018866,1.2062151,3
50.911514,0.06950339,49.33035371032567,8.564397647817744,0,1,6571.198,-0.9862828,5,1,false,false,-1.4073492,-0.6194542,-1.6204636,1.2073026,3
50.88207,0.069688015,49.33036099348597,8.564401087080386,0,1,6788.2676,-0.9911351,5,1,false,false,-25.593058,-2.4287083,14.196134,1.2072437,3
50.868816,0.06987246,49.330368276577666,8.564404801752731,0,1,6708.224,-0.97415197,5,1,false,false,-33.76047,8.2478485,26.857979,1.200809,3
51.03842,0.07005732,49.330375469803776,8.564408516425077,0,1,6314.3613,-0.9125297,5,1,false,false,-28.619635,6.4450035,21.987062,1.190348,3
51.068443,0.07024255,49.330382752895474,8.564412367962612,0,1,5928.862,-0.83829105,5,1,false,false,-29.882677,0.8236451,20.799477,1.1823531,3
51.019928,0.07042785,49.33038994612158,8.564416358044662,0,1,6278.198,-0.7739983,5,1,false,false,-28.045197,-2.3726516,17.920465,1.1755497,3
50.98975,0.07061296,49.330397049344896,8.564420347287047,0,1,6451.476,-0.7184399,5,1,false,false,-21.397112,0.49424297,12.273657,1.1699884,3
51.031784,0.07079807,49.33040424257101,8.564424474234286,0,1,6240.321,-0.6827742,5,1,false,false,-13.470203,5.03948,10.210071,1.1645641,3
51.08539,0.07098352,49.33041134586292,8.564428738886376,0,1,6132.8096,-0.669431,5,1,false,false,-6.2678175,2.0717168,2.7164438,1.1608596,3
51.09706,0.07116912,49.33041853908903,8.564432865833613,0,1,6243.027,-0.6859289,5,1,false,false,-4.991484,0.9406071,-0.421552,1.1595712,3
51.102623,0.07135472,49.33042564231235,8.564437130485704,0,1,6318.9,-0.71819687,5,1,false,false,-2.3067691,-0.47084552,-0.043727413,1.1597524,3
51.06697,0.07154024,49.33043283553845,8.564441395137793,0,1,6376.7905,-0.7429439,5,1,false,false,-9.697216,-2.1605308,4.36959,1.1598958,3
51.051563,0.07172584,49.330439938830374,8.564445660629547,0,1,6591.635,-0.74561167,5,1,false,false,-8.902689,0.10422791,5.2497025,1.1580129,3
51.050686,0.07191137,49.33044704212229,8.564449925281636,0,1,6607.0947,-0.71091807,5,1,false,false,-12.384968,0.98848355,9.75539,1.154361,3
51.06026,0.0720969,49.3304541454142,8.564454326798915,0,1,6555.668,-0.64929295,5,1,false,false,-12.343078,0.35531113,15.046929,1.1484276,3
51.056248,0.07228255,49.33046124870612,8.564458729155856,0,1,6645.8804,-0.57941705,5,1,false,false,-11.625797,1.9196298,8.248219,1.1405817,3
51.10936,0.07246841,49.33046835192943,8.564463131512797,0,1,6607.221,-0.5187611,5,1,false,false,-14.5037775,6.383486,15.623165,1.1315931,3
51.200764,0.07265455,49.33047536535576,8.564467533869738,0,1,6223.6084,-0.47799933,5,1,false,false,-17.600893,5.0185494,17.124645,1.123456,3
51.23457,0.07284089,49.33048246857908,8.564472211636385,0,1,6049.544,-0.4515529,5,1,false,false,-16.093424,1.3415511,14.667195,1.1178316,3
51.224102,0.073027536,49.330489482005405,8.564476750858514,0,1,6260.008,-0.4382087,5,1,false,false,-14.641658,-0.037824795,11.04762,1.1142362,3
51.220627,0.07321414,49.33049658522872,8.56448142862516,0,1,6296.0044,-0.43578213,5,1,false,false,-12.258023,0.83983165,8.052477,1.1116791,3
51.233196,0.07340075,49.33050359865504,8.564486105552142,0,1,6248.6313,-0.44184744,5,1,false,false,-12.751178,1.7852446,8.274712,1.1088964,3
51.253483,0.073587455,49.33051061201277,8.564490921023639,0,1,6306.968,-0.44767097,5,1,false,false,-11.463781,1.6411,6.9415345,1.1056334,3
51.268356,0.073774256,49.3305176253705,8.564495735655473,0,1,6303.3276,-0.45131087,5,1,false,false,-15.382124,1.7609209,11.341316,1.1020371,3
51.2974,0.07396113,49.33052463872822,8.56450055112697,0,1,6269.1636,-0.45276615,5,1,false,false,-14.1386385,2.6530585,9.345842,1.0976455,3
51.318832,0.07414809,49.330531652085945,8.564505503463655,0,1,6248.093,-0.43990695,5,1,false,false,-15.022542,1.4090419,10.435071,1.0932865,3
51.335983,0.07433518,49.33053857557808,8.56451045580034,0,1,6276.802,-0.4183128,5,1,false,false,-15.549011,2.1676154,10.746529,1.0884209,3
51.35934,0.07452235,49.330545499001616,8.564515545841878,0,1,6266.734,-0.39113832,5,1,false,false,-12.028867,1.6710829,7.0017214,1.0837119,3
51.373245,0.07470959,49.33055251235934,8.564520635883415,0,1,6252.2583,-0.36517608,5,1,false,false,-15.133414,1.6389146,12.739127,1.0791982,3
51.38826,0.074896894,49.33055943585147,8.564525725924954,0,1,6284.912,-0.34333876,5,1,false,false,-13.858897,1.4620234,10.410565,1.0743504,3
51.394897,0.075084284,49.330566359275004,8.56453081596649,0,1,6276.6484,-0.31494996,5,1,false,false,-12.07738,0.61892533,10.824196,1.0695354,3
51.407063,0.07527169,49.33057328276714,8.564536043712879,0,1,6317.659,-0.28850362,5,1,false,false,-10.584822,1.5764279,11.720726,1.0644065,3
51.424065,0.07545916,49.330580116256485,8.564541409164121,0,1,6291.813,-0.25696102,5,1,false,false,-12.858652,1.0414644,11.191655,1.059946,3
51.43472,0.07564671,49.330587039748615,8.56454663691051,0,1,6290.753,-0.2339105,5,1,false,false,-13.213679,2.0918417,11.230134,1.0553492,3
51.452595,0.075834334,49.33059387323796,8.56455200236175,0,1,6317.3545,-0.21425584,5,1,false,false,-9.268492,1.2972467,6.7762256,1.0508809,3
51.46842,0.07602201,49.33060079673009,8.564557367812993,0,1,6306.285,-0.20260909,5,1,false,false,-11.188575,2.4937308,11.700873,1.046918,3
51.503593,0.0762098,49.330607630288036,8.564562870129421,0,1,6266.141,-0.20066762,5,1,false,false,-12.040067,2.3334308,9.908237,1.0439664,3
51.518543,0.07639774,49.33061446377738,8.564568235580662,0,1,6222.1504,-0.20624897,5,1,false,false,-14.396566,0.9904146,13.140946,1.0426223,3
51.529655,0.07658571,49.33062129733532,8.564573875601944,0,1,6284.7964,-0.22444728,5,1,false,false,-13.544257,1.3988425,11.474562,1.041146,3
51.539654,0.07677372,49.33062804095907,8.564579378758037,0,1,6302.773,-0.24118926,5,1,false,false,-14.316542,1.108505,12.542761,1.0391442,3
51.564342,0.07696183,49.33063487451701,8.564585018779319,0,1,6293.9067,-0.24652751,5,1,false,false,-12.01693,2.799464,11.1267605,1.0360827,3
51.58971,0.077150054,49.33064161814077,8.564590659640263,0,1,6276.2705,-0.23391052,5,1,false,false,-10.145343,1.5818405,11.301009,1.0330256,3
51.609756,0.07733836,49.330648451630104,8.564596437366395,0,1,6285.86,-0.21740966,5,1,false,false,-10.795231,2.327039,10.261928,1.0299813,3
51.64137,0.077526785,49.33065519525386,8.564602078227342,0,1,6291.7163,-0.20018254,5,1,false,false,-9.564462,1.9882023,7.9450936,1.027522,3
51.66981,0.07771537,49.33066193887761,8.564607855953474,0,1,6264.1313,-0.18926388,5,1,false,false,-12.097221,2.1222727,11.443462,1.0261323,3
51.695442,0.077904046,49.33066868250136,8.56461377138446,0,1,6266.0684,-0.19023505,5,1,false,false,-6.296162,1.6207476,5.9590545,1.0255519,3
51.7036,0.07809281,49.33067542612511,8.564619549110592,0,1,6292.6187,-0.19702779,5,1,false,false,-9.352293,0.23981191,9.962636,1.0261326,3
51.721054,0.07828164,49.33068216974886,8.564625464541578,0,1,6365.195,-0.23221114,5,1,false,false,-8.713029,1.9171197,9.196321,1.0257535,3
51.735752,0.07847058,49.33068891337261,8.564631379972562,0,1,6347.5444,-0.2506516,5,1,false,false,-6.9858913,-0.16329387,7.8884244,1.0246642,3
51.74962,0.078659534,49.330695567130775,8.56463729624321,0,1,6422.058,-0.25841552,5,1,false,false,-8.800383,3.2541275,9.0586195,1.0222799,3
51.799072,0.07884865,49.330702310754525,8.564643349379047,0,1,6414.388,-0.25234994,5,1,false,false,-6.834861,2.2809508,6.74371,1.0190651,3
51.823486,0.07903797,49.330708964444085,8.564649264810033,0,1,6302.1094,-0.23099783,5,1,false,false,-10.156555,2.3363488,11.612453,1.0154374,3
51.872036,0.07922742,49.330715708067835,8.564655317945869,0,1,6353.6675,-0.20964481,5,1,false,false,-6.724673,2.6401496,7.99622,1.0110637,3
51.899055,0.079417005,49.330722361757395,8.564661371081707,0,1,6302.383,-0.17907247,5,1,false,false,-7.6717973,1.9893215,8.008204,1.0073749,3
51.93879,0.07960678,49.33072901551555,8.56466756108273,0,1,6294.6025,-0.16596937,5,1,false,false,-8.664614,2.7203994,10.213166,1.0041493,3
51.95938,0.0797967,49.33073575913931,8.564673614218568,0,1,6291.7466,-0.16087419,5,1,false,false,-7.556118,0.9188454,9.541267,1.0019332,3
51.981728,0.079986684,49.33074241282887,8.564679805059257,0,1,6329.0234,-0.18052885,5,1,false,false,-9.12957,1.1396667,11.146221,1.0002346,3
51.987793,0.08017675,49.33074906651842,8.564685995899946,0,1,6373.0005,-0.20552075,5,1,false,false,-15.011028,0.84094256,17.248407,0.99781793,3
51.99692,0.0803669,49.33075572020798,8.564692324445486,0,1,6430.537,-0.22954248,5,1,false,false,-13.150086,1.4965491,16.851292,0.99306583,3
52.04021,0.080557145,49.330762284031955,8.564698514446512,0,1,6415.3403,-0.22832924,5,1,false,false,-10.677911,3.1204722,11.566921,0.98674345,3
52.08718,0.08074755,49.330768937721515,8.564704842992052,0,1,6298.3853,-0.2033363,5,1,false,false,-12.036197,3.8829787,12.327762,0.9809711,3
52.13319,0.08093823,49.33077550154548,8.564711309242444,0,1,6221.881,-0.16694061,5,1,false,false,-11.304136,2.1398268,10.464442,0.97706056,3
52.148888,0.08112902,49.33078206530085,8.564717774653174,0,1,6235.624,-0.12302212,5,1,false,false,-5.944982,0.8949145,7.0500965,0.97557396,3
52.1495,0.081319846,49.33078871905901,8.564724103198714,0,1,6326.46,-0.07352332,5,1,false,false,-6.924796,0.18465272,11.158499,0.975328,3
52.15292,0.081510715,49.33079528281438,8.564730706314295,0,1,6401.0312,-0.016742941,5,1,false,false,-4.9760385,0.13827164,9.918417,0.9751086,3
52.155323,0.08170167,49.330801846638344,8.564737171725023,0,1,6459.645,0.024021715,5,1,false,false,-3.3293152,0.36965087,7.1593637,0.9743887,3
52.19348,0.08189271,49.330808410393715,8.564743637975416,0,1,6506.549,0.05581014,5,1,false,false,-3.3113043,2.8588781,7.3830585,0.97338897,3
52.240772,0.08208392,49.33081497421768,8.564750103386144,0,1,6404.1533,0.067456916,5,1,false,false,-2.5096004,3.160994,9.382171,0.97260505,3
52.286976,0.08227543,49.33082153797305,8.564756707341388,0,1,6351.605,0.06236076,5,1,false,false,-2.9396312,2.6264703,8.441111,0.9722543,3
52.32129,0.08246712,49.33082810179702,8.564763172752118,0,1,6373.256,0.046103857,5,1,false,false,-3.067687,1.9442364,8.896023,0.9723182,3
52.352097,0.082658924,49.33083466562099,8.564769776707362,0,1,6362.577,0.023779616,5,1,false,false,-3.809829,1.9837273,8.885759,0.9727191,3
52.371403,0.08285088,49.330841229376354,8.564776379822943,0,1,6342.9873,-0.0007281583,5,1,false,false,-5.493697,1.6191193,18.969366,0.97328454,3
52.400467,0.083043024,49.33084779320033,8.564782982938523,0,1,6361.5034,-0.01941255,5,1,false,false,-6.2368255,2.013027,20.25701,0.9734241,3
52.42806,0.083235264,49.33085435695569,8.564789586054104,0,1,6364.796,-0.037125748,5,1,false,false,-2.4465408,1.3600154,10.333548,0.97303766,3
52.46155,0.0834276,49.33086083091407,8.564796190009348,0,1,6377.1265,-0.051442128,5,1,false,false,-2.9542987,3.4897304,13.053302,0.9727389,3
52.49764,0.08362004,49.33086739466944,8.564802930829782,0,1,6319.292,-0.0689123,5,1,false,false,-3.443686,1.8267394,13.160559,0.97292376,3
52.508175,0.083812565,49.33087395842481,8.564809533945361,0,1,6294.6196,-0.08128819,5,1,false,false,-5.146732,0.4719238,8.839139,0.9737904,3
52.519848,0.084005125,49.33088052218017,8.564816274765795,0,1,6434.4663,-0.11380191,5,1,false,false,-4.438202,1.8342398,10.595887,0.9741342,3
52.54052,0.084197655,49.33088708607274,8.564822878721039,0,1,6431.4272,-0.14049232,5,1,false,false,-2.5016136,1.1750495,8.953528,0.97368306,3
52.56163,0.08439016,49.33089355996252,8.56482961954147,0,1,6406.559,-0.15141186,5,1,false,false,-2.889153,1.9084272,9.833458,0.9727216,3
52.597713,0.084582806,49.33090012371789,8.564836360361904,0,1,6467.7573,-0.15068375,5,1,false,false,-2.6767507,2.110167,9.181115,0.9712062,3
52.62769,0.08477556,49.33090668747326,8.564843101182335,0,1,6418.0234,-0.13879482,5,1,false,false,-3.1350033,2.0623262,8.322748,0.9693707,3
52.664062,0.08496845,49.33091325122863,8.564849842002769,0,1,6405.498,-0.12180886,5,1,false,false,-2.9821749,2.3233128,10.213802,0.96730626,3
52.69402,0.08516145,49.330919725118406,8.564856583662865,0,1,6411.429,-0.10530894,5,1,false,false,-3.4848588,1.8656645,10.133994,0.965233,3
52.722992,0.08535458,49.330926289010975,8.564863324483298,0,1,6396.176,-0.09099351,5,1,false,false,-3.3685946,2.0454874,10.008626,0.96316934,3
52.75159,0.08554781,49.33093285276634,8.564870203008581,0,1,6396.109,-0.0808021,5,1,false,false,-3.284041,1.8258579,10.096406,0.96118337,3
52.777298,0.08574115,49.330939326656114,8.564876943829015,0,1,6403.949,-0.07764738,5,1,false,false,-3.3215,1.7501984,10.00011,0.95932597,3
52.802963,0.08593459,49.330945890411485,8.564883822354298,0,1,6408.4365,-0.07958881,5,1,false,false,-3.6815784,1.7269244,10.510526,0.95760244,3
52.828587,0.08612812,49.330952454166855,8.564890563174732,0,1,6419.2603,-0.08516917,5,1,false,false,-3.7647905,1.757434,10.07288,0.95590264,3
52.85393,0.08632175,49.33095892805663,8.564897441700015,0,1,6429.887,-0.092206806,5,1,false,false,-3.8951502,1.7837334,9.038019,0.9541627,3
52.880856,0.08651548,49.3309654919492,8.5649043202253,0,1,6435.4766,-0.09948555,5,1,false,false,-4.1376557,1.9015021,9.400483,0.9523764,3
52.909027,0.08670932,49.33097196570178,8.564911198750584,0,1,6432.7656,-0.102640286,5,1,false,false,-4.122512,1.8869919,8.508241,0.9505794,3
52.937336,0.08690327,49.33097852959435,8.564918214980722,0,1,6431.5186,-0.102883294,5,1,false,false,-4.8443046,1.7872486,9.64143,0.948789,3
52.963318,0.08709731,49.33098500348412,8.564925093506005,0,1,6438.252,-0.0999707,5,1,false,false,-4.641853,1.8261974,9.591168,0.94693345,3
52.988544,0.08729146,49.330991567239494,8.56493197203129,0,1,6447.2417,-0.09366217,5,1,false,false,-4.8657985,1.7535406,10.304839,0.9450234,3
53.015274,0.08748571,49.33099804112927,8.564938988261426,0,1,6453.8633,-0.082015395,5,1,false,false,-4.590066,1.9517287,9.260083,0.9430272,3
53.043926,0.08768006,49.33100460488463,8.564946004491562,0,1,6450.493,-0.068912305,5,1,false,false,-4.0912614,1.9559058,8.6934,0.9411008,3
53.072475,0.08787452,49.33101107877442,8.564953019882035,0,1,6446.2856,-0.056052223,5,1,false,false,-4.4881854,1.9407829,9.914757,0.9393772,3
53.099453,0.088069096,49.33101755266419,8.564960036112172,0,1,6448.4985,-0.044161487,5,1,false,false,-4.318975,1.7529463,9.65174,0.9378455,3
53.123493,0.088263765,49.33102402655397,8.564967052342308,0,1,6459.0083,-0.036155492,5,1,false,false,-4.19859,1.6303705,10.617948,0.93645966,3
53.149155,0.08845853,49.33103059030934,8.564974068572443,0,1,6474.3584,-0.030331168,5,1,false,false,-4.178128,1.8689743,10.76409,0.93512195,3
53.17741,0.0886534,49.331037064199116,8.56498108480258,0,1,6470.0815,-0.026934352,5,1,false,false,-4.144482,1.9566358,10.170096,0.93387544,3
53.20733,0.08884838,49.33104353808889,8.564988237897905,0,1,6461.7793,-0.02499291,5,1,false,false,-3.9386628,2.0521934,9.892935,0.9327726,3
53.23665,0.089043476,49.33105001197867,8.564995391832893,0,1,6458.59,-0.02377962,5,1,false,false,-3.9589603,1.9775028,10.786853,0.9318915,3
53.264133,0.08923869,49.331056485868444,8.565002408063028,0,1,6455.4355,-0.023051467,5,1,false,false,-3.8574874,1.823594,10.341127,0.9312153,3
53.28994,0.089434,49.33106295975822,8.565009561998018,0,1,6460.363,-0.022809371,5,1,false,false,-3.5296514,1.7337444,10.557903,0.9306886,3
53.315105,0.08962941,49.331069433648,8.565016715093343,0,1,6470.744,-0.02280937,5,1,false,false,-3.3775437,1.719963,9.785812,0.9302344,3
53.34106,0.08982492,49.33107590753777,8.56502386902833,0,1,6474.209,-0.02280937,5,1,false,false,-2.7594783,1.7951186,9.211208,0.92985046,3
53.36756,0.09002054,49.33108238142755,8.56503116066817,0,1,6476.482,-0.02280937,5,1,false,false,-2.7815118,1.7751015,9.186763,0.9295338,3
53.39324,0.09021626,49.33108885518013,8.565038313763495,0,1,6482.3765,-0.024264747,5,1,false,false,-2.2551477,1.7155173,8.812157,0.92927116,3
53.41795,0.090412095,49.33109532906991,8.565045467698482,0,1,6492.1997,-0.02693435,5,1,false,false,-2.287211,1.6170077,8.401314,0.9290346,3
53.442764,0.09060802,49.33110180295969,8.565052758498659,0,1,6503.7515,-0.032515645,5,1,false,false,-1.8412865,1.6889052,7.992529,0.92878914,3
53.468445,0.09080406,49.33110827684946,8.565059912433647,0,1,6512.2007,-0.04173585,5,1,false,false,-1.8674662,1.7258898,7.6794176,0.9285286,3
53.494915,0.09100021,49.33111475073924,8.565067204073488,0,1,6517.3154,-0.052169356,5,1,false,false,-2.0569234,1.7609134,8.46432,0.9282288,3
53.52073,0.091196455,49.331121224629015,8.565074357168811,0,1,6524.9194,-0.065272436,5,1,false,false,-2.3375084,1.7227244,9.295665,0.9278093,3
53.546463,0.0913928,49.33112769851879,8.565081648808652,0,1,6535.264,-0.07861858,5,1,false,false,-2.622407,1.7638123,9.303317,0.92718834,3
53.575024,0.09158927,49.33113417240857,8.565088939608827,0,1,6541.4507,-0.08832392,5,1,false,false,-2.8996694,2.0710893,9.703478,0.92631406,3
53.60763,0.091785856,49.331140646298344,8.565096231248669,0,1,6527.2344,-0.09536153,5,1,false,false,-3.1191711,2.2032225,10.4336405,0.9252147,3
53.64023,0.091982566,49.331147030185335,8.565103522048846,0,1,6507.437,-0.0997286,5,1,false,false,-3.444086,2.1049688,10.669869,0.9239441,3
53.669056,0.0921794,49.33115350407511,8.565110813688685,0,1,6504.8525,-0.10094189,5,1,false,false,-3.4157457,1.8489848,11.491116,0.922535,3
53.695065,0.09237635,49.33115997796489,8.565118104488862,0,1,6511.9326,-0.1002137,5,1,false,false,-3.6393232,1.7507808,10.364474,0.9210207,3
53.720856,0.0925734,49.33116645185466,8.565125533833553,0,1,6513.525,-0.09681597,5,1,false,false,-3.7131717,1.784159,10.455068,0.9194246,3
53.746902,0.09277054,49.33117292574444,8.56513282463373,0,1,6514.6777,-0.09196375,5,1,false,false,-3.4962418,1.7858793,9.175302,0.91776794,3
53.77199,0.09296779,49.331179399634216,8.565140253978422,0,1,6520.3657,-0.08832391,5,1,false,false,-3.2635615,1.6734757,8.845356,0.91613847,3
53.796143,0.093165144,49.331185783658405,8.565147682483449,0,1,6528.9478,-0.08516918,5,1,false,false,-3.4636345,1.6595712,9.383948,0.9145734,3
53.819164,0.093362585,49.33119225741098,8.56515497412329,0,1,6540.509,-0.0834717,5,1,false,false,-3.6908765,1.5088727,9.323627,0.9130036,3
53.84113,0.09356014,49.33119873130076,8.565162402628317,0,1,6558.245,-0.08322869,5,1,false,false,-3.7907012,1.5977561,9.487294,0.9113304,3
53.86605,0.093757756,49.331205205190535,8.565169831133346,0,1,6571.9746,-0.08225843,5,1,false,false,-4.052127,1.818058,9.951443,0.9095302,3
53.896027,0.0939555,49.33121158921472,8.565177397343227,0,1,6562.3916,-0.08080212,5,1,false,false,-3.6988425,2.0762522,8.266125,0.90766513,3
53.92627,0.09415337,49.331218063104494,8.565184826687918,0,1,6546.6123,-0.07643408,5,1,false,false,-3.495699,1.9721009,7.880444,0.905949,3
53.954266,0.09435135,49.331224446991484,8.565192255192947,0,1,6547.1035,-0.07328031,5,1,false,false,-4.1662583,1.8368564,9.642366,0.9044488,3
53.978054,0.09454944,49.33123092088126,8.565199821402826,0,1,6552.5605,-0.07158095,5,1,false,false,-4.072319,1.4717808,9.323339,0.9030516,3
53.99784,0.09474762,49.33123730490544,8.565207250747518,0,1,6573.664,-0.07061072,5,1,false,false,-3.8082485,1.438252,8.20852,0.9016282,3
54.02189,0.09494588,49.33124377879522,8.565214816957399,0,1,6600.0464,-0.067455985,5,1,false,false,-3.7184455,1.8182392,8.064797,0.9001212,3
54.050858,0.09514425,49.33125016268221,8.56522238316728,0,1,6584.257,-0.06551549,5,1,false,false,-3.871702,2.0044055,7.960898,0.8986516,3
54.080006,0.09534274,49.331256636571986,8.565229949377159,0,1,6569.988,-0.06575848,5,1,false,false,-3.8809175,1.8588276,8.84892,0.89726084,3
54.104786,0.09554144,49.33126302059617,8.565237516426702,0,1,6586.075,-0.0669718,5,1,false,false,-4.2927313,1.6000822,9.869391,0.8959046,3
54.12859,0.09574024,49.33126940448316,8.565245082636583,0,1,6600.127,-0.06745598,5,1,false,false,-4.3944917,1.6783756,10.212772,0.89445966,3
54.1553,0.09593913,49.331275878372935,8.565252648846464,0,1,6600.2783,-0.067698985,5,1,false,false,-4.687925,1.9421583,10.662901,0.8928973,3
54.186443,0.096138135,49.33128226239712,8.565260352761195,0,1,6591.5127,-0.067213885,5,1,false,false,-4.7132974,2.10209,11.025938,0.89129555,3
54.216347,0.096337266,49.33128864628411,8.565267918971076,0,1,6574.573,-0.06527246,5,1,false,false,-4.9822545,1.9901488,10.78241,0.88978946,3
54.244213,0.0965365,49.33129503030829,8.565275622885807,0,1,6571.564,-0.06502943,5,1,false,false,-5.104962,1.8124479,12.000714,0.88842875,3
54.269424,0.09673583,49.33130141419527,8.56528332680054,0,1,6574.891,-0.06527242,5,1,false,false,-4.8240805,1.6962665,10.4429035,0.8871956,3
54.29364,0.09693521,49.33130779821946,8.56529103071527,0,1,6578.755,-0.067942046,5,1,false,false,-4.4361477,1.6643734,9.372046,0.88607013,3
54.3184,0.09713469,49.331314182243645,8.565298734630003,0,1,6583.2104,-0.07133888,5,1,false,false,-4.2521644,1.7208791,9.64597,0.88506895,3
54.342392,0.097334266,49.331320566130636,8.565306438544736,0,1,6584.1553,-0.075706884,5,1,false,false,-4.144621,1.5616319,8.463977,0.8841702,3
54.364048,0.09753388,49.33132695015482,8.56531428016432,0,1,6598.0273,-0.08250051,5,1,false,false,-3.6196532,1.414157,7.430906,0.88328093,3
54.384254,0.09773359,49.33133333404181,8.565321984079052,0,1,6622.7427,-0.09196375,5,1,false,false,-3.4002542,1.3943084,7.946729,0.88233393,3
54.405323,0.09793336,49.33133971806599,8.565329825698635,0,1,6638.5386,-0.09972858,5,1,false,false,-3.5687768,1.4753157,7.75057,0.8812561,3
54.42807,0.098133214,49.331346101952974,8.56533766731822,0,1,6650.7207,-0.10749247,5,1,false,false,-4.1165466,1.5558649,8.665666,0.87994397,3
54.454273,0.09833314,49.33135239611157,8.56534537123295,0,1,6660.0835,-0.11453011,5,1,false,false,-4.1503344,1.8700354,8.673825,0.8783218,3
54.483616,0.09853318,49.33135877999856,8.565353212852536,0,1,6651.6934,-0.11792693,5,1,false,false,-4.642195,1.9975178,10.148867,0.87647724,3
54.516495,0.09873333,49.33136516402274,8.565361054472119,0,1,6635.85,-0.118654154,5,1,false,false,-4.916031,2.2076705,10.033462,0.87446094,3
54.546806,0.098933585,49.33137145804414,8.565369033796555,0,1,6618.373,-0.11671365,5,1,false,false,-5.2563906,1.8963723,10.236459,0.87241346,3
54.573917,0.09913394,49.33137784193112,8.565376874576474,0,1,6618.442,-0.1133168,5,1,false,false,-5.2568507,1.8137302,10.321466,0.8703796,3
54.59875,0.0993344,49.33138413608972,8.56538485390091,0,1,6622.296,-0.1104051,5,1,false,false,-5.713697,1.615572,10.970664,0.86841124,3
54.622375,0.09953493,49.3313905199767,8.565392695520494,0,1,6624.1997,-0.10870576,5,1,false,false,-5.736111,1.6196449,10.94715,0.8664124,3
54.645897,0.099735536,49.3313968139981,8.56540067484493,0,1,6632.312,-0.10846366,5,1,false,false,-5.5914087,1.6187758,9.794432,0.8643677,3
54.67038,0.09993625,49.33140310815669,8.565408653329703,0,1,6637.275,-0.10797855,5,1,false,false,-4.5518913,1.705852,7.6683464,0.8623313,3
54.69599,0.10013704,49.331409492043676,8.565416632654138,0,1,6635.0933,-0.107492484,5,1,false,false,-4.747778,1.6766337,7.0475416,0.86055213,3
54.718643,0.10033792,49.33141578606507,8.565424611978575,0,1,6638.178,-0.1077355,5,1,false,false,-5.403398,1.4764606,9.615119,0.8589488,3
54.735847,0.10053888,49.33142208022367,8.565432728168197,0,1,6661.2134,-0.11016211,5,1,false,false,-4.7585945,0.929627,7.8797183,0.8572379,3
54.75045,0.100739904,49.33142837424506,8.565440707492634,0,1,6707.2407,-0.10919184,5,1,false,false,-3.9043725,1.2790549,6.0879674,0.8552402,3
54.7783,0.100941,49.33143466826645,8.565448824521921,0,1,6723.5254,-0.105308935,5,1,false,false,-4.8538547,2.1386676,7.860504,0.85310143,3
54.81066,0.10114222,49.33144096228785,8.565456940711545,0,1,6675.412,-0.09948556,5,1,false,false,-5.9018054,2.0810876,10.739407,0.8509606,3
54.839073,0.10134354,49.33144725630925,8.56546492003598,0,1,6667.9272,-0.09196375,5,1,false,false,-5.752305,1.7107719,9.266053,0.84872484,3
54.86336,0.101544976,49.33145346046505,8.565473037065269,0,1,6698.8657,-0.078375556,5,1,false,false,-5.498711,1.747393,9.250977,0.84638035,3
54.894035,0.10174651,49.33145975448644,8.565481290959744,0,1,6681.9175,-0.063331924,5,1,false,false,-6.301621,2.2331138,11.3129225,0.8441566,3
54.92542,0.10194816,49.331466048645034,8.565489407989032,0,1,6640.286,-0.0485295,5,1,false,false,-6.3948016,1.918124,10.74431,0.8422807,3
54.95055,0.10214991,49.33147225266364,8.565497661883509,0,1,6647.1006,-0.038095992,5,1,false,false,-5.7976313,1.5709171,9.844694,0.8407814,3
54.972023,0.102351755,49.33147854682223,8.565505778912796,0,1,6670.608,-0.032757733,5,1,false,false,-5.3998694,1.4984474,10.751954,0.83960533,3
54.995384,0.10255369,49.331484750840836,8.565514032807272,0,1,6666.5127,-0.03348589,5,1,false,false,-5.014163,1.6628217,10.498531,0.83869493,3
55.018227,0.10275571,49.33149104499943,8.565522286701746,0,1,6669.1763,-0.039552316,5,1,false,false,-4.654066,1.5156822,9.183274,0.8379584,3
55.0408,0.10295782,49.331497249155234,8.565530541435887,0,1,6689.685,-0.050713032,5,1,false,false,-4.658843,1.5195109,9.816592,0.837293,3
55.064194,0.10316003,49.33150345317384,8.565538795330362,0,1,6693.878,-0.06333193,5,1,false,false,-4.6973786,1.584404,9.636249,0.83660275,3
55.08811,0.10336232,49.33150965732964,8.56554718692969,0,1,6694.8096,-0.077890426,5,1,false,false,-4.389501,1.6290432,8.851925,0.8358069,3
55.11304,0.10356472,49.33151586148544,8.56555544166383,0,1,6705.156,-0.08929418,5,1,false,false,-4.3057823,1.6782045,8.792837,0.83489454,3
55.139175,0.103767216,49.331522065641245,8.565563833263157,0,1,6702.425,-0.09827227,5,1,false,false,-4.7759247,1.7160653,8.911083,0.8338899,3
55.164776,0.10396982,49.33152826979705,8.565572224862485,0,1,6697.795,-0.1028833,5,1,false,false,-4.481233,1.6318231,9.0646305,0.8327575,3
55.188557,0.10417252,49.33153447395285,8.565580479596624,0,1,6708.128,-0.10385356,5,1,false,false,-4.4844275,1.5252192,8.693387,0.8315002,3
55.21188,0.10437531,49.331540677971454,8.565588871195953,0,1,6717.779,-0.10045673,5,1,false,false,-4.6716747,1.5635318,9.3475,0.83008075,3
55.23658,0.104578204,49.331546882127256,8.565597262795281,0,1,6718.887,-0.09366218,5,1,false,false,-4.417853,1.6596572,8.2591505,0.8284862,3
55.261982,0.1047812,49.33155308628306,8.56560579209946,0,1,6719.409,-0.086140364,5,1,false,false,-4.277919,1.6417316,9.535311,0.8268179,3
55.287838,0.104984306,49.33155929043886,8.565614183698788,0,1,6721.8457,-0.07643408,5,1,false,false,-4.4155993,1.6859175,9.791442,0.8251251,3
55.312183,0.1051875,49.33156540459188,8.565622576137779,0,1,6722.229,-0.06866928,5,1,false,false,-4.312551,1.5422612,9.7698345,0.82343733,3
55.336983,0.1053908,49.33157160874768,8.565631105441959,0,1,6731.4644,-0.06308892,5,1,false,false,-4.478305,1.7046529,10.849596,0.8217442,3
55.363552,0.1055942,49.33157772303789,8.565639634746137,0,1,6729.3384,-0.05944906,5,1,false,false,-4.4391384,1.7496488,9.00361,0.82011795,3
55.390423,0.105797715,49.33158392719369,8.565648164050318,0,1,6719.3706,-0.057264574,5,1,false,false,-4.1944065,1.7467473,8.513433,0.8186734,3
55.416153,0.106001325,49.33159004134671,8.565656693354498,0,1,6719.175,-0.059449058,5,1,false,false,-4.371959,1.5768963,9.482421,0.81746393,3
55.438255,0.106205046,49.33159624550251,8.565665222658676,0,1,6721.224,-0.06818412,5,1,false,false,-4.436792,1.333216,9.231967,0.81646645,3
55.45712,0.10640884,49.33160235965552,8.565673751962857,0,1,6737.2305,-0.07764737,5,1,false,false,-4.236923,1.2467147,8.852273,0.8154958,3
55.478096,0.10661272,49.33160856381132,8.565682281267035,0,1,6752.617,-0.08856692,5,1,false,false,-4.657861,1.444402,9.213967,0.81440324,3
55.501537,0.10681669,49.33161467810153,8.565690948276067,0,1,6750.0063,-0.09827229,5,1,false,false,-4.8047085,1.5620912,9.74765,0.81311285,3
55.52653,0.10702075,49.33162079225455,8.565699477580248,0,1,6746.445,-0.10264029,5,1,false,false,-4.757167,1.6118634,9.158868,0.8116434,3
55.55164,0.10722492,49.331626906544756,8.565708144589278,0,1,6747.121,-0.10069886,5,1,false,false,-4.3114314,1.6590819,7.8323574,0.81005394,3
55.5772,0.10742919,49.331633020697765,8.56571681159831,0,1,6745.6396,-0.09439033,5,1,false,false,-4.2094254,1.6282427,8.211352,0.80849135,3
55.601337,0.107633546,49.33163913498798,8.565725340902489,0,1,6747.3774,-0.08468404,5,1,false,false,-3.8616576,1.472735,8.08724,0.80701476,3
55.62157,0.107838005,49.33164524914099,8.565734007911521,0,1,6761.4766,-0.07473663,5,1,false,false,-4.0017705,1.1946969,7.963693,0.8056184,3
55.640717,0.10804253,49.331651363431206,8.565742812625404,0,1,6788.428,-0.0664857,5,1,false,false,-3.8074136,1.2999032,8.559732,0.80415577,3
55.663544,0.10824714,49.331657477584216,8.565751479634436,0,1,6797.017,-0.06284588,5,1,false,false,-3.914209,1.529325,8.625933,0.8026282,3
55.68953,0.108451836,49.331663591737225,8.565760146643468,0,1,6785.8745,-0.06260376,5,1,false,false,-4.038814,1.7217386,8.820109,0.80108494,3
55.716503,0.10865664,49.33166961616185,8.565768950517686,0,1,6777.6377,-0.06551549,5,1,false,false,-4.7612696,1.6910844,10.899107,0.79956985,3
55.74191,0.108861566,49.331675730314856,8.565777617526718,0,1,6771.535,-0.07109581,5,1,false,false,-4.981712,1.6023009,11.138773,0.79801416,3
55.765984,0.10906658,49.33168184460507,8.565786422240603,0,1,6766.4062,-0.07449361,5,1,false,false,-5.2016015,1.5868936,9.859866,0.79643023,3
55.791023,0.10927168,49.33168786889249,8.565795226954485,0,1,6761.6514,-0.07473661,5,1,false,false,-5.3868284,1.6299003,11.233013,0.794837,3
55.815495,0.109476894,49.331693983045504,8.56580403166837,0,1,6752.967,-0.07231003,5,1,false,false,-5.3144174,1.6295941,10.971654,0.7932796,3
55.839443,0.109682195,49.33170000733292,8.565812835542589,0,1,6751.3604,-0.06842715,5,1,false,false,-4.6121445,1.4973297,8.056909,0.7918404,3
55.861652,0.109887585,49.33170603162034,8.565821640256472,0,1,6758.1504,-0.060420237,5,1,false,false,-4.210447,1.4581202,9.69652,0.79062223,3
55.88287,0.11009307,49.33171214591056,8.565830582675208,0,1,6764.9927,-0.0511991,5,1,false,false,-4.4287252,1.3141295,9.047471,0.78952986,3
55.900345,0.110298626,49.33171817019797,8.56583938738909,0,1,6774.935,-0.04367729,5,1,false,false,-4.3006697,0.98768944,9.64725,0.788418,3
55.917076,0.11050424,49.331724194485396,8.565848328968162,0,1,6803.65,-0.031544458,5,1,false,false,-3.4071712,1.1436149,9.319381,0.78714806,3
55.93801,0.110709935,49.33173021877282,8.565857271386896,0,1,6815.068,-0.017956227,5,1,false,false,-3.360311,1.5088124,7.8143387,0.7858619,3
55.964985,0.11091572,49.331736243060234,8.565866075261116,0,1,6798.5728,-0.0036398526,5,1,false,false,-2.9637992,1.7597127,9.070425,0.7847127,3
55.991005,0.11112162,49.33174226734766,8.565875017679852,0,1,6782.629,0.008007864,5,1,false,false,-3.0117862,1.534233,9.98506,0.7838871,3
56.013508,0.1113276,49.33174829177228,8.565883960098587,0,1,6790.3022,0.016014788,5,1,false,false,-3.2050996,1.3886156,10.282977,0.7833569,3
56.034348,0.111533664,49.331754316059694,8.565892901677659,0,1,6802.7627,0.019897679,5,1,false,false,-2.8304322,1.3422002,9.808431,0.78301007,3
56.0575,0.111739814,49.33176034034712,8.565901981801245,0,1,6806.5957,0.018198328,5,1,false,false,-2.8426461,1.5973763,10.104201,0.7828344,3
56.08405,0.11194606,49.33176636463454,8.565910923380317,0,1,6802.9673,0.014073346,5,1,false,false,-2.4002662,1.6375446,9.744493,0.7828105,3
56.111683,0.11215241,49.331772388921955,8.565919865799053,0,1,6788.042,0.0077648303,5,1,false,false,-2.6184597,1.5948251,10.204258,0.78293616,3
56.13535,0.11235885,49.33177841320938,8.565928945082977,0,1,6792.4307,-0.0007281583,5,1,false,false,-2.3065712,1.4151887,10.532202,0.7830938,3
56.157124,0.11256538,49.331784347631206,8.565937887501711,0,1,6809.6836,-0.0063094543,5,1,false,false,-2.000361,1.3412896,8.835039,0.78323466,3
56.17947,0.11277199,49.33179037191863,8.565946966785635,0,1,6815.376,-0.008735083,5,1,false,false,-1.8822991,1.4041197,8.317342,0.78333366,3
56.202408,0.11297868,49.33179639620605,8.56595590920437,0,1,6816.6797,-0.0080078645,5,1,false,false,-1.3918579,1.3908677,7.720296,0.783393,3
56.22408,0.113185465,49.33180242049347,8.565964988488293,0,1,6820.99,-0.0026695998,5,1,false,false,-1.2880002,1.2503889,8.5566635,0.7834644,3
56.243587,0.11339232,49.33180844478089,8.56597406861188,0,1,6835.839,0.008492052,5,1,false,false,-0.93042576,1.1670941,8.836277,0.78348917,3
56.262825,0.11359925,49.33181437920272,8.565983147895803,0,1,6858.386,0.017956233,5,1,false,false,-0.4879267,1.2326082,8.809096,0.7834918,3
56.28575,0.11380627,49.33182040349014,8.565992228019391,0,1,6868.9805,0.028875794,5,1,false,false,-0.20678294,1.5594472,10.343159,0.7835406,3
56.314747,0.11401337,49.33182642777756,8.566001169598463,0,1,6857.029,0.040037446,5,1,false,false,-0.12899694,1.8927108,9.673526,0.78370804,3
56.346066,0.11422059,49.33183245220218,8.56601024972205,0,1,6837.601,0.046588983,5,1,false,false,-0.018121094,1.8648434,9.309979,0.78400886,3
56.374844,0.11442793,49.3318384764896,8.566019329005973,0,1,6824.975,0.048772532,5,1,false,false,0.25383407,1.6112207,11.523569,0.78447247,3
56.399426,0.114635356,49.33184450077702,8.56602840912956,0,1,6826.169,0.04925859,5,1,false,false,0.45728528,1.3557475,11.585828,0.78508246,3
56.42071,0.11484287,49.331850435198845,8.566037488413484,0,1,6838.375,0.047316223,5,1,false,false,0.6484543,1.354687,9.746685,0.78582263,3
56.443794,0.11505046,49.33185645948627,8.56604656853707,0,1,6850.461,0.043434255,5,1,false,false,0.6939039,1.4552057,10.077921,0.78662926,3
56.46835,0.11525815,49.33186248377369,8.566055647820994,0,1,6843.603,0.040522568,5,1,false,false,0.93659925,1.5354898,10.457313,0.78747183,3
56.492847,0.11546593,49.3318685979267,8.56606486480977,0,1,6842.3887,0.039794415,5,1,false,false,1.0354451,1.4419184,8.250014,0.78833354,3
56.51527,0.1156738,49.33187462221412,8.566073944933356,0,1,6852.285,0.04173586,5,1,false,false,1.1800272,1.3497792,9.698119,0.7891879,3
56.538036,0.11588175,49.33188064650154,8.56608302421728,0,1,6859.9585,0.045860823,5,1,false,false,1.3560624,1.3886145,9.922903,0.7900263,3
56.559505,0.116089776,49.33188667092616,8.566092104340868,0,1,6864.2637,0.049985804,5,1,false,false,1.7671752,1.2768024,8.929604,0.79089344,3
56.582024,0.1162979,49.33189269521358,8.56610118362479,0,1,6880.7974,0.055081986,5,1,false,false,1.8075869,1.4865724,10.053792,0.79183966,3
56.607403,0.11650609,49.33189880936659,8.566110262908714,0,1,6878.9355,0.057993677,5,1,false,false,2.0070682,1.5850812,9.463002,0.7928308,3
56.633503,0.1167144,49.331904833654015,8.566119343032302,0,1,6866.867,0.059449986,5,1,false,false,2.4328423,1.6121638,9.063446,0.79385275,3
56.65855,0.116922796,49.33191085794144,8.566128422316224,0,1,6869.1245,0.059692085,5,1,false,false,2.843138,1.4936677,11.202017,0.79492253,3
56.68164,0.117131285,49.331916972231646,8.566137502439812,0,1,6872.298,0.059934177,5,1,false,false,2.5418067,1.3957522,10.05696,0.796042,3
56.704544,0.117339864,49.33192299651907,8.566146581723736,0,1,6876.725,0.05847881,5,1,false,false,2.7101486,1.4013027,9.501548,0.7971911,3
56.728413,0.11754852,49.33192911080928,8.566155661847322,0,1,6882.5303,0.055324078,5,1,false,false,2.9526951,1.5063341,9.693887,0.79832727,3
56.75245,0.117757276,49.33193522496229,8.566164741131246,0,1,6876.754,0.053140532,5,1,false,false,2.70098,1.4553039,10.191099,0.79941946,3
56.774902,0.11796611,49.3319413391153,8.566173821254832,0,1,6877.5317,0.05144212,5,1,false,false,3.1007352,1.3178695,10.363602,0.80048066,3
56.796013,0.11817503,49.33194745340551,8.566182900538756,0,1,6894.065,0.050471883,5,1,false,false,3.0487676,1.3295623,10.227921,0.8015692,3
56.81893,0.118384026,49.33195356755852,8.56619197982268,0,1,6897.146,0.047802273,5,1,false,false,3.198711,1.4695193,10.998298,0.80267173,3
56.843513,0.11859312,49.33195968184874,8.566201059946266,0,1,6889.1377,0.041735854,5,1,false,false,3.1000752,1.5445927,10.311279,0.80377346,3
56.86779,0.11880231,49.33196579600175,8.566210001525338,0,1,6888.572,0.035184313,5,1,false,false,3.156032,1.4469275,9.801101,0.80482197,3
56.890526,0.11901158,49.33197191029196,8.566219081648924,0,1,6890.7075,0.027176436,5,1,false,false,2.8738794,1.4360409,10.124286,0.8057554,3
56.912697,0.11922094,49.331978114447764,8.566228160932848,0,1,6893.272,0.017713204,5,1,false,false,2.8627868,1.3508899,9.731549,0.8065243,3
56.933895,0.1194304,49.331984228600774,8.566237241056436,0,1,6898.852,0.010191403,5,1,false,false,2.7016492,1.3217379,9.932941,0.8071755,3
56.955017,0.119639926,49.33199043275658,8.566246182635506,0,1,6909.6084,0.0041249786,5,1,false,false,2.4137657,1.2973275,9.207809,0.8077112,3
56.976154,0.11984953,49.33199654704679,8.566255262759094,0,1,6916.588,-0.0004860647,5,1,false,false,2.1328955,1.3466104,10.843944,0.8081493,3
56.999454,0.120059244,49.332002751065396,8.566264342043018,0,1,6922.4136,-0.0031537882,5,1,false,false,2.242732,1.511472,9.395753,0.8084908,3
57.023262,0.12026902,49.332008865218405,8.566273284461753,0,1,6918.435,-0.004853138,5,1,false,false,1.9075377,1.5038499,9.5941515,0.8087573,3
57.047955,0.12047891,49.33201506937421,8.566282363745676,0,1,6915.8335,-0.0048531373,5,1,false,false,1.9333222,1.5537863,11.446185,0.8089131,3
57.071274,0.12068889,49.33202127353001,8.566291443869263,0,1,6913.036,-0.0050961683,5,1,false,false,1.8938472,1.3967777,10.513189,0.80897945,3
57.093674,0.12089896,49.33202747768581,8.566300385448335,0,1,6918.6006,-0.005581297,5,1,false,false,1.7614975,1.4050789,11.239855,0.80898064,3
57.11601,0.12110909,49.332033681841615,8.566309465571923,0,1,6923.403,-0.006309454,5,1,false,false,1.3996742,1.4265076,12.0418,0.80895376,3
57.139393,0.1213193,49.33203988599742,8.566318407150993,0,1,6918.608,-0.008249959,5,1,false,false,1.5880454,1.5139875,10.960986,0.8088732,3
57.162724,0.12152958,49.33204609015322,8.566327487274581,0,1,6915.195,-0.010677463,5,1,false,false,1.2461876,1.4558897,11.113811,0.80874574,3
57.18443,0.121739954,49.33205229430902,8.566336566558505,0,1,6917.8184,-0.01358822,5,1,false,false,0.8384305,1.3331895,10.544434,0.80856746,3
57.205357,0.121950395,49.332058498464825,8.56634550897724,0,1,6922.3096,-0.016014792,5,1,false,false,0.7963556,1.3025956,9.317428,0.80833906,3
57.225533,0.12216092,49.33206470262063,8.566354588261163,0,1,6927.7544,-0.017471107,5,1,false,false,0.4641192,1.2361945,9.227357,0.8080647,3
57.245064,0.122371525,49.33207090677644,8.56636366838475,0,1,6937.6694,-0.017956229,5,1,false,false,0.28459376,1.1909964,8.402469,0.8077466,3
57.264114,0.122582175,49.33207720066063,8.566372609963821,0,1,6950.497,-0.017228078,5,1,false,false,0.20839487,1.1944089,7.3044724,0.80739254,3
57.28335,0.122792915,49.33208340481643,8.56638169008741,0,1,6962.9604,-0.0145594105,5,1,false,false,0.10106155,1.1972815,6.5402284,0.807016,3
57.302746,0.12300372,49.33208960897223,8.566390769371331,0,1,6975.644,-0.010434431,5,1,false,false,0.13112132,1.1694171,5.523391,0.8066374,3
57.321663,0.123214595,49.33209590313083,8.566399711790067,0,1,6990.2554,-0.0046101054,5,1,false,false,0.15423338,1.1208487,6.2104573,0.80628896,3
57.33966,0.123425536,49.33210210728663,8.566408791073991,0,1,7006.351,-0.00024303247,5,1,false,false,0.09843378,1.0404751,9.580609,0.80598354,3
57.35806,0.12363655,49.332108311168035,8.566417871197578,0,1,7026.019,0.0021835363,5,1,false,false,0.032161087,1.2550578,11.041486,0.80570966,3
57.38584,0.123847656,49.33211460532663,8.566426950481501,0,1,7032.1494,0.0026686627,5,1,false,false,-0.0037902296,2.1198862,12.223842,0.8054671,3
57.42709,0.12405888,49.33212080948243,8.566436030605088,0,1,6980.4893,0.0014553778,5,1,false,false,-0.065005004,2.6486938,13.586696,0.8052532,3
57.46219,0.12427026,49.332127013638235,8.566445109889012,0,1,6909.8853,-0.0019405045,5,1,false,false,-0.20560405,1.8566328,10.837537,0.8051014,3
57.4842,0.12448174,49.33213330779683,8.566454189172935,0,1,6917.6562,-0.005338263,5,1,false,false,0.012817413,1.0953716,12.967998,0.8050073,3
57.49977,0.12469328,49.332139511678236,8.566463269296522,0,1,6947.086,-0.008735085,5,1,false,false,-0.58915627,0.9922714,12.200669,0.8049636,3
57.514893,0.124904886,49.332145805836824,8.566472348580445,0,1,6949.128,-0.011647717,5,1,false,false,-0.23905644,0.92697966,9.684764,0.8048677,3
57.53201,0.12511654,49.33215200999263,8.566481428704032,0,1,6972.9087,-0.013588223,5,1,false,false,-0.28596944,1.221308,8.758358,0.80474645,3
57.55093,0.12532827,49.33215830415122,8.566490507987956,0,1,6984.5376,-0.013588221,5,1,false,false,-0.30525398,1.0486854,7.9628158,0.804601,3
57.568203,0.12554008,49.332164508032626,8.566499588111544,0,1,6987.3003,-0.012131904,5,1,false,false,-0.2659877,1.1513783,8.703017,0.8044246,3
57.585052,0.12575193,49.33217080219122,8.566508667395466,0,1,7014.073,-0.0072797043,5,1,false,false,-0.24186608,0.6602432,8.272108,0.8042196,3
57.601665,0.12596385,49.332177006347024,8.566517747519054,0,1,7040.551,0.00048512593,5,1,false,false,-0.0013552755,1.339681,7.829083,0.8039891,3
57.628662,0.12617587,49.33218330050562,8.566526826802978,0,1,7037.166,0.009706276,5,1,false,false,-0.019440234,1.8471361,8.56566,0.80378085,3
57.65914,0.12638797,49.33218950466142,8.566536043791752,0,1,6997.813,0.02111096,5,1,false,false,0.1553939,1.8088527,8.928429,0.8036393,3
57.685345,0.12660018,49.33219579854562,8.56654512391534,0,1,6988.799,0.032515645,5,1,false,false,0.4377642,1.4935054,10.073286,0.8036014,3
57.70757,0.12681249,49.33220209270421,8.566554203199264,0,1,6999.4814,0.0436773,5,1,false,false,0.42376903,1.2830561,9.442419,0.8037109,3
57.72835,0.12702487,49.33220829686001,8.566563420188038,0,1,6997.3687,0.05265541,5,1,false,false,0.8768738,1.284881,8.789026,0.8039559,3
57.74987,0.12723733,49.33221459074421,8.566572500311626,0,1,7001.992,0.058720894,5,1,false,false,1.0633354,1.2964646,9.360684,0.8043618,3
57.769985,0.12744987,49.3322208849028,8.56658157959555,0,1,7007.7764,0.061390497,5,1,false,false,1.0048785,1.2013177,9.08247,0.8049422,3
57.789867,0.1276625,49.332227178787,8.566590797423988,0,1,7015.9404,0.061390497,5,1,false,false,1.3318217,1.2461607,8.8981085,0.8056573,3
57.81055,0.12787518,49.33223347294559,8.566599876707912,0,1,7023.2173,0.057023413,5,1,false,false,1.2258579,1.242543,9.388047,0.8065262,3
57.831856,0.12808794,49.33223967710139,8.566608955991835,0,1,7025.647,0.050228853,5,1,false,false,1.4668442,1.3590478,9.092514,0.8074882,3
57.854397,0.12830077,49.33224597125999,8.566618173820274,0,1,7026.552,0.040037435,5,1,false,false,1.3945987,1.3504292,8.424728,0.80851007,3
57.87692,0.12851371,49.332252265144184,8.566627253104198,0,1,7024.902,0.028147634,5,1,false,false,1.5195024,1.3983699,9.962457,0.80950725,3
57.899055,0.1287267,49.33225855930278,8.566636333227784,0,1,7024.5664,0.016256886,5,1,false,false,1.7477393,1.3046862,9.301071,0.81043696,3
57.919548,0.1289398,49.33226485318697,8.56664555021656,0,1,7029.081,0.006065484,5,1,false,false,1.5121127,1.2326999,10.618148,0.8112788,3
57.941143,0.12915297,49.33227123734836,8.566654629500484,0,1,7035.8643,-0.0007281583,5,1,false,false,1.4488646,1.322147,10.084591,0.8119963,3
57.96364,0.12936622,49.33227753123255,8.56666370962407,0,1,7031.514,-0.005581296,5,1,false,false,1.4806023,1.420338,9.437913,0.8125571,3
57.986717,0.12957954,49.332283825391144,8.566672926612846,0,1,7027.043,-0.0077648317,5,1,false,false,1.6390008,1.4004604,11.318829,0.81298,3
58.00832,0.12979296,49.33229011927534,8.56668200589677,0,1,7024.7334,-0.0072797067,5,1,false,false,1.6300529,1.2764047,11.570548,0.8132561,3
58.02898,0.13000645,49.33229650343672,8.566691223725208,0,1,7029.0083,-0.0055812947,5,1,false,false,1.356132,1.2550907,9.537237,0.8134023,3
58.04974,0.13022,49.33230279732092,8.566700303009132,0,1,7034.4106,-0.0038828845,5,1,false,false,1.3867413,1.3256607,10.214116,0.8134514,3
58.070904,0.13043366,49.332309091479516,8.566709383132718,0,1,7030.103,-0.0029126322,5,1,false,false,1.5297506,1.2981459,12.184904,0.81342584,3
58.090862,0.13064738,49.3323154753665,8.566718600121494,0,1,7029.371,-0.0038828854,5,1,false,false,1.3372791,1.1582713,10.656944,0.81335735,3
58.10967,0.13086116,49.332321769525095,8.566727679405417,0,1,7043.164,-0.006551549,5,1,false,false,1.0548034,1.1575524,9.7250185,0.81326205,3
58.130478,0.13107502,49.33232815341208,8.566736759529004,0,1,7047.8384,-0.012131905,5,1,false,false,0.8056545,1.3674418,9.767009,0.81313616,3
58.151867,0.13128896,49.33233453729907,8.56674597651778,0,1,7034.723,-0.01941255,5,1,false,false,0.81910217,1.2889463,10.460853,0.81295884,3
58.171238,0.13150297,49.332340831457664,8.566755056641366,0,1,7039.3423,-0.026206193,5,1,false,false,0.30171746,1.1547054,11.394943,0.8127283,3
58.188732,0.13171706,49.33234721534465,8.56676413592529,0,1,7057.4507,-0.031544454,5,1,false,false,0.07780707,1.0918224,10.415225,0.8123821,3
58.208454,0.13193122,49.332353599506035,8.566773352914065,0,1,7062.811,-0.0363976,5,1,false,false,-0.10192183,1.3245388,9.286497,0.8119376,3
58.230526,0.13214545,49.332359893390226,8.566782433037652,0,1,7053.814,-0.037852958,5,1,false,false,-0.2942088,1.3759341,9.799148,0.81141466,3
58.251724,0.13235976,49.33236627727721,8.566791650026428,0,1,7048.387,-0.036639675,5,1,false,false,-0.34665078,1.2245015,8.896933,0.81082195,3
58.270126,0.13257414,49.3323726614386,8.566800729310351,0,1,7056.789,-0.033728927,5,1,false,false,-0.5529667,1.0888948,9.680322,0.8101695,3
58.28763,0.1327886,49.332378955322795,8.56680994713879,0,1,7071.3286,-0.02839066,5,1,false,false,-0.41023254,1.0770754,8.801945,0.80947846,3
58.30487,0.1330031,49.332385339484176,8.566819164127566,0,1,7080.8,-0.02111002,5,1,false,false,-0.44281253,1.1237622,9.67309,0.8087792,3
58.324764,0.13321769,49.33239172337117,8.56682824341149,0,1,7089.293,-0.0123749375,5,1,false,false,-0.7302345,1.245609,9.060478,0.808091,3
58.345795,0.13343236,49.33239810725815,8.566837461239928,0,1,7087.9746,-0.003882884,5,1,false,false,-0.3369053,1.3160179,10.166587,0.80745286,3
58.36818,0.1336471,49.332404401416746,8.566846678228703,0,1,7085.455,0.0048521995,5,1,false,false,-0.61511403,1.3986474,9.898513,0.8068991,3
58.39008,0.13386191,49.33241078530373,8.566855757512627,0,1,7081.9204,0.012374936,5,1,false,false,-0.4203565,1.3579944,9.113713,0.8064628,3
58.411537,0.13407683,49.33241716919071,8.566864975341066,0,1,7080.0625,0.01868439,5,1,false,false,-0.34563577,1.3069977,10.783879,0.8061668,3
58.43242,0.13429181,49.3324235533521,8.566874192329841,0,1,7078.3765,0.023537524,5,1,false,false,-0.37992245,1.2552819,10.873869,0.8060032,3
58.452057,0.13450688,49.332429937239084,8.566883409318615,0,1,7080.1187,0.026448283,5,1,false,false,0.07776126,1.2396796,10.295028,0.80598456,3
58.471577,0.13472204,49.33243623112328,8.566892627147055,0,1,7086.2646,0.0279046,5,1,false,false,-0.32307467,1.2371745,10.610051,0.8061159,3
58.491745,0.13493729,49.33244261528467,8.566901844135831,0,1,7086.1567,0.028632753,5,1,false,false,-0.049024165,1.3118701,9.937034,0.8063337,3
58.51166,0.1351526,49.33244899917165,8.566911061124605,0,1,7082.97,0.028147636,5,1,false,false,0.11034623,1.1662152,9.416172,0.8066543,3
58.53066,0.13536799,49.33245538305864,8.56692027811338,0,1,7087.494,0.028147632,5,1,false,false,0.34255147,1.0756738,9.199535,0.8070472,3
58.547997,0.13558345,49.332461767220025,8.56692949594182,0,1,7097.48,0.028389724,5,1,false,false,0.4070397,1.0598348,9.973281,0.80748665,3
58.56554,0.13579895,49.33246815110701,8.566938712930595,0,1,7107.8955,0.029117879,5,1,false,false,0.64684063,1.1217066,11.34483,0.8079593,3
58.584934,0.13601454,49.332474534994,8.56694792991937,0,1,7113.726,0.030089078,5,1,false,false,0.58722275,1.2677228,10.718118,0.8084934,3
58.606575,0.1362302,49.33248091888098,8.566957146908146,0,1,7110.275,0.031786546,5,1,false,false,1.0545183,1.4723662,9.88841,0.8090682,3
58.629654,0.13644594,49.33248730304237,8.566966364736585,0,1,7097.504,0.032999843,5,1,false,false,0.9990176,1.3890241,10.822053,0.80967844,3
58.65065,0.13666177,49.332493686929354,8.56697558172536,0,1,7088.5444,0.032999832,5,1,false,false,1.2417278,1.2326514,9.962911,0.810299,3
58.66861,0.13687766,49.33250007081634,8.566984798714135,0,1,7096.6777,0.03178654,5,1,false,false,1.4967427,1.108496,10.035844,0.81094307,3
58.68579,0.1370936,49.33250645470333,8.566994016542575,0,1,7106.8726,0.02887579,5,1,false,false,1.3656228,1.0575137,9.381478,0.8116011,3
58.702785,0.13730961,49.33251283886471,8.56700323353135,0,1,7110.7915,0.02426475,5,1,false,false,1.2794745,1.116738,8.944335,0.81224364,3
58.720848,0.13752571,49.332519312754485,8.567012450520124,0,1,7118.87,0.01649992,5,1,false,false,1.3094739,1.1638511,11.12021,0.81286037,3
58.73879,0.13774185,49.332525696641476,8.567021805213752,0,1,7123.403,0.008735083,5,1,false,false,1.5125015,1.114959,9.556555,0.8134365,3
58.757473,0.13795803,49.33253208052846,8.56703102304219,0,1,7127.4956,0.00048512593,5,1,false,false,0.93360144,1.2028248,9.725675,0.8139494,3
58.77873,0.13817433,49.332538554418235,8.567040240030966,0,1,7128.975,-0.0060664215,5,1,false,false,1.3005134,1.3741205,9.416015,0.8143485,3
58.799747,0.13839069,49.33254493857962,8.567049457019742,0,1,7116.49,-0.008978116,5,1,false,false,1.2133118,1.2952561,8.156627,0.81461227,3
58.81946,0.13860711,49.33255132246661,8.567058674008518,0,1,7114.3096,-0.009464178,5,1,false,false,1.1053262,1.1626724,9.103026,0.8147206,3
58.835773,0.13882361,49.33255779635638,8.567067891836956,0,1,7125.358,-0.007036675,5,1,false,false,1.1357424,0.9090637,9.55846,0.8147364,3
58.84908,0.13904014,49.33256418024337,8.567077108825732,0,1,7144.152,-0.002426568,5,1,false,false,1.0966282,0.84017247,9.135174,0.81471366,3
58.865707,0.13925675,49.33257065413315,8.567086325814506,0,1,7165.527,0.0012132847,5,1,false,false,1.0086988,1.1608242,9.604822,0.81468666,3
58.887207,0.13947342,49.332577128022926,8.567095543642946,0,1,7158.7173,0.0021835363,5,1,false,false,0.9716265,1.5079191,10.069817,0.81467015,3
58.911793,0.13969018,49.33258351190991,8.567104898336572,0,1,7138.8003,0.00097025215,5,1,false,false,1.0315013,1.4569634,11.464747,0.81465375,3
58.933773,0.13990702,49.332589985799686,8.567114115325348,0,1,7129.699,-0.003639853,5,1,false,false,1.066182,1.3024715,11.04444,0.8146263,3
58.95295,0.14012392,49.33259645968946,8.567123332314123,0,1,7133.925,-0.00922115,5,1,false,false,0.70293665,1.171671,11.191708,0.8145705,3
58.971844,0.1403409,49.33260284357645,8.5671325493029,0,1,7132.953,-0.015529665,5,1,false,false,0.63163173,1.2061712,10.667766,0.81446004,3
58.9902,0.14055794,49.33260931746623,8.567141767131337,0,1,7129.7036,-0.020625837,5,1,false,false,0.48158967,1.131508,10.219727,0.8142784,3
59.007324,0.14077505,49.332615791356005,8.567150984120113,0,1,7134.1724,-0.024507783,5,1,false,false,0.26219717,1.0567592,11.140585,0.81402385,3
59.023743,0.14099222,49.33262226524578,8.56716033881374,0,1,7142.192,-0.024992902,5,1,false,false,0.06230262,1.049736,9.164522,0.8136855,3
59.040203,0.14120945,49.33262864940717,8.567169555802515,0,1,7148.089,-0.022566333,5,1,false,false,-0.22411755,1.0568103,9.590361,0.81327444,3
59.05747,0.14142673,49.332635123296946,8.567178773630955,0,1,7154.339,-0.017713204,5,1,false,false,0.20806116,1.0983355,8.812338,0.8128089,3
59.074474,0.14164409,49.33264159718672,8.567187990619729,0,1,7157.5312,-0.011404685,5,1,false,false,-0.11850892,1.0828481,8.2074585,0.81237096,3
59.091595,0.1418615,49.3326480708021,8.567197345313357,0,1,7163.7876,-0.005581296,5,1,false,false,-0.22527793,1.0178593,9.127507,0.8119576,3
59.10729,0.14207895,49.33265454469188,8.567206562302133,0,1,7174.764,-0.002183536,5,1,false,false,-0.012464076,1.0183737,8.048614,0.81158376,3
59.124676,0.1422965,49.33266101858165,8.56721578013057,0,1,7184.9204,-0.0019405044,5,1,false,false,-0.20919314,1.155557,8.472085,0.8112709,3
59.14429,0.14251408,49.33266749247143,8.567225134824199,0,1,7182.445,-0.004368011,5,1,false,false,-0.32310712,1.2413279,9.200541,0.8110041,3
59.163925,0.14273174,49.332673966361206,8.567234351812974,0,1,7178.753,-0.009706276,5,1,false,false,-0.42090568,1.1932656,9.381256,0.8107757,3
59.183006,0.14294949,49.332680350522594,8.5672437065066,0,1,7183.5376,-0.01601479,5,1,false,false,-0.41183248,1.1543608,8.949433,0.8105553,3
59.20226,0.14316729,49.33268682441237,8.567252923495376,0,1,7184.408,-0.020382801,5,1,false,false,-0.5727694,1.2142749,9.265366,0.81030375,3
59.222214,0.14338514,49.332693298302146,8.567262279028666,0,1,7179.055,-0.023051465,5,1,false,false,-0.80425656,1.2370001,10.755269,0.8100028,3
59.241352,0.14360312,49.332699771917525,8.567271496017442,0,1,7177.4697,-0.023294494,5,1,false,false,-0.58258414,1.164176,10.372499,0.80963403,3
59.259846,0.14382112,49.3327062458073,8.56728085071107,0,1,7182.551,-0.021110017,5,1,false,false,-0.8026762,1.1336296,9.46841,0.80925214,3
59.278946,0.14403918,49.33271271969708,8.567290205404696,0,1,7181.627,-0.016014785,5,1,false,false,-0.6018002,1.2172657,10.051617,0.80885434,3
59.29812,0.14425734,49.332719193586854,8.567299422393472,0,1,7175.544,-0.0123749375,5,1,false,false,-0.6684859,1.164459,11.436009,0.8084562,3
59.31577,0.14447555,49.33272566747663,8.567308777926764,0,1,7178.789,-0.009221151,5,1,false,false,-0.5194278,1.0721464,11.933829,0.8080674,3
59.332733,0.14469384,49.33273214136641,8.56731813262039,0,1,7188.436,-0.006066422,5,1,false,false,-0.4788236,1.0924953,10.984326,0.80769557,3
59.35102,0.14491215,49.33273861525618,8.567327487314017,0,1,7186.265,-0.0036398522,5,1,false,false,-0.33649433,1.1633048,11.247178,0.8073436,3
59.370205,0.14513056,49.33274508914596,8.567336842007645,0,1,7177.855,-0.00072815845,5,1,false,false,-0.6518099,1.1963218,10.332785,0.80703574,3
59.387787,0.14534904,49.33275156303574,8.567346196701271,0,1,7177.9307,0.0024265687,5,1,false,false,-0.39850616,1.0546916,10.782702,0.8068024,3
59.403816,0.14556757,49.33275803692552,8.567355551394899,0,1,7186.133,0.0075217993,5,1,false,false,-0.3367314,1.0085163,10.148765,0.8066407,3
59.419712,0.14578615,49.332764510815295,8.567364906088526,0,1,7191.5703,0.010676525,5,1,false,false,-0.29260725,1.0395552,9.152506,0.8065536,3
59.436047,0.1460048,49.33277098470507,8.567374261201985,0,1,7195.1636,0.013830313,5,1,false,false,-0.2862835,1.0233611,10.024581,0.80655015,3
59.452282,0.1462235,49.33277745859485,8.567383615895611,0,1,7198.746,0.015529662,5,1,false,false,-0.014857292,1.0396237,9.539889,0.8066194,3
59.467968,0.14644226,49.332783932484624,8.567392970589239,0,1,7207.44,0.015043601,5,1,false,false,0.06115377,0.96193886,9.456229,0.80673146,3
59.483994,0.14666107,49.3327904063744,8.567402325282867,0,1,7216.159,0.013588222,5,1,false,false,-0.0006919503,1.0800294,9.3623,0.8069021,3
59.501785,0.14687996,49.332796880264176,8.567411680396326,0,1,7216.144,0.010919557,5,1,false,false,0.0074139833,1.1194043,9.431388,0.8070987,3
59.519855,0.1470989,49.33280335415395,8.567421035089952,0,1,7213.2676,0.0075217984,5,1,false,false,0.19495192,1.1447345,10.435152,0.80730134,3
59.537754,0.14731792,49.332809828043736,8.56743038978358,0,1,7216.535,0.0048522,5,1,false,false,0.33048275,1.1034151,9.437061,0.8075176,3
59.55496,0.147537,49.33281630193351,8.567439744477207,0,1,7218.347,0.0041249795,5,1,false,false,0.11359626,1.0857762,8.670093,0.8077289,3
59.57285,0.14775611,49.33282286555168,8.567449236875685,0,1,7219.5815,0.0058243265,5,1,false,false,0.28391847,1.1349413,8.779215,0.8079065,3
59.59036,0.14797533,49.33282933944145,8.567458591989144,0,1,7218.076,0.009463241,5,1,false,false,0.48129928,1.0564573,9.375426,0.8080727,3
59.606342,0.14819458,49.332835813331236,8.567467946682772,0,1,7224.5703,0.014316381,5,1,false,false,0.5541375,0.98024493,10.05275,0.80825603,3
59.62184,0.14841391,49.33284228722101,8.5674773013764,0,1,7237.711,0.019654645,5,1,false,false,0.85076255,1.0046352,10.211099,0.80847204,3
59.639496,0.1486333,49.33284876111079,8.567486793774878,0,1,7241.971,0.023779623,5,1,false,false,1.0074649,1.2008339,10.42826,0.80871767,3
59.659664,0.14885278,49.332855235000565,8.567496148468505,0,1,7233.0464,0.026448285,5,1,false,false,0.8181838,1.2859321,9.935351,0.80902076,3
59.679935,0.14907232,49.332861798893134,8.567505503162133,0,1,7222.6963,0.027662508,5,1,false,false,1.1586518,1.2595048,10.763424,0.8093711,3
59.69862,0.14929195,49.33286827278291,8.567514995560611,0,1,7218.886,0.027662506,5,1,false,false,1.1789238,1.1707784,10.027394,0.8097617,3
59.714985,0.14951164,49.33287474667269,8.567524350674072,0,1,7221.2573,0.027662506,5,1,false,false,0.87943393,0.99357426,9.700461,0.81019664,3
59.730434,0.1497314,49.33288131029086,8.567533705367698,0,1,7228.3696,0.027662506,5,1,false,false,1.3015835,0.97115314,9.630468,0.81063884,3
59.74592,0.1499512,49.332887784180635,8.567543197766177,0,1,7234.1978,0.027904598,5,1,false,false,1.1952474,0.96689963,9.415303,0.81109875,3
59.761055,0.15017106,49.332894348073204,8.567552552459805,0,1,7239.977,0.0279046,5,1,false,false,1.2684835,0.9556568,9.87595,0.81157964,3
59.777054,0.15039097,49.33290082196298,8.567561907153431,0,1,7248.678,0.0279046,5,1,false,false,1.3891836,1.0402786,10.051515,0.8120925,3
59.79375,0.15061095,49.33290738585554,8.56757139955191,0,1,7250.33,0.027419478,5,1,false,false,1.1733698,1.0855414,10.48608,0.8126358,3
59.811787,0.150831,49.332913859745325,8.567580754245538,0,1,7248.3164,0.025963157,5,1,false,false,1.8370951,1.1281351,10.603024,0.8131721,3
59.829704,0.15105112,49.33292042336349,8.567590109358997,0,1,7246.3354,0.023779616,5,1,false,false,1.7441528,1.1229937,10.753129,0.8137282,3
59.84734,0.15127128,49.33292698725606,8.567599464052623,0,1,7243.91,0.022081213,5,1,false,false,1.5577455,1.1310862,10.324896,0.81428784,3
59.864803,0.15149154,49.332933461145835,8.567608956451103,0,1,7242.492,0.020381864,5,1,false,false,1.7639496,1.1409739,11.240799,0.81480277,3
59.881355,0.15171184,49.33294002476401,8.56761831114473,0,1,7240.1406,0.018441362,5,1,false,false,1.7718431,1.0224001,11.214564,0.81527185,3
59.896873,0.1519322,49.332946588656576,8.567627665838357,0,1,7243.725,0.017228073,5,1,false,false,1.720769,0.9899093,11.457753,0.81571114,3
59.91197,0.15215261,49.332953152549145,8.567637158236836,0,1,7250.0103,0.015772697,5,1,false,false,1.6317326,0.9895693,11.897241,0.816105,3
59.927612,0.15237308,49.33295971616731,8.567646512930464,0,1,7252.1904,0.01431638,5,1,false,false,1.5577506,1.0286952,12.488383,0.8164519,3
59.943832,0.15259361,49.33296628005988,8.567655868043923,0,1,7250.3247,0.0128600625,5,1,false,false,1.5275946,1.0965838,11.211749,0.81676626,3
59.9608,0.15281421,49.33297284395245,8.56766522273755,0,1,7249.282,0.013103093,5,1,false,false,1.7122662,1.1342992,9.856947,0.81701297,3
59.97618,0.15303485,49.33297940757062,8.567674577431177,0,1,7244.0786,0.014559411,5,1,false,false,1.4109919,0.9467983,11.701826,0.81720895,3
59.989506,0.15325557,49.33298597146318,8.567684069829657,0,1,7249.7593,0.018684391,5,1,false,false,2.140986,0.9003949,12.069285,0.8173354,3
60.001698,0.1534763,49.33299253535575,8.567693424523283,0,1,7265.007,0.023294494,5,1,false,false,1.5104264,0.8252947,9.440731,0.8175161,3
60.016304,0.1536971,49.33299909897392,8.567702779636742,0,1,7274.2925,0.025234995,5,1,false,false,1.5584818,1.0835949,8.688019,0.81774694,3
60.033184,0.15391794,49.33300566286649,8.56771213433037,0,1,7264.3154,0.02572106,5,1,false,false,1.5562766,1.1026196,10.874715,0.81804246,3
60.048344,0.15413886,49.33301231648745,8.567721489023997,0,1,7259.223,0.023051461,5,1,false,false,1.2782972,0.923199,10.747331,0.81835926,3
60.06071,0.15435983,49.33301888038002,8.567730981422475,0,1,7280.0864,0.016499922,5,1,false,false,1.4595315,0.8313482,9.150392,0.8186949,3
60.075176,0.15458083,49.33302544399819,8.567740336116103,0,1,7281.904,0.008249955,5,1,false,false,1.0656104,1.0833347,11.291749,0.8190381,3
60.090927,0.1548019,49.33303209789354,8.56774969080973,0,1,7278.801,0.0031547274,5,1,false,false,1.0899751,1.0503138,12.137984,0.819331,3
60.10678,0.15502304,49.333038661511715,8.56775904592319,0,1,7272.88,0.001213284,5,1,false,false,1.4403626,1.1275465,14.0893545,0.81952816,3
60.12313,0.15524422,49.333045225404284,8.567768400616815,0,1,7271.792,0.0033968207,5,1,false,false,1.5788335,1.143085,11.930409,0.8196691,3
60.13782,0.15546545,49.33305187902524,8.567777755310443,0,1,7267.1133,0.009706276,5,1,false,false,1.5199203,0.9886449,15.033467,0.8198007,3
60.15161,0.15568672,49.33305844291781,8.56778711000407,0,1,7257.1763,0.0177132,5,1,false,false,1.6254878,0.98204446,13.3726225,0.8199163,3
60.163216,0.15590805,49.33306509653877,8.567796602402549,0,1,7257.4473,0.02572107,5,1,false,false,1.6280289,0.8658488,14.528124,0.8200402,3
60.174053,0.15612942,49.33307166043134,8.567805957516008,0,0.940814,7261.6978,0.029359974,5,1,false,false,1.6390479,0.8514216,12.962329,0.82023734,3
60.184525,0.15635082,49.3330783140523,8.567815312209635,0.10520671,0.6855734,7232.8647,0.028632764,5,1,false,false,1.6271857,0.74208254,10.9057045,0.82049423,3
60.173702,0.15657224,49.333084967947656,8.567824666903263,0.17562257,0.41948217,7158.0986,0.021353053,5,1,false,false,1.0627548,-1.4298685,9.755036,0.8208298,3
60.12089,0.15679353,49.33309153156583,8.567834021596891,0.24842127,0.14599264,7096.527,0.011161653,5,1,false,false,0.83509004,-4.1025505,8.984945,0.8211596,3
60.026962,0.15701455,49.33309818546119,8.567843376290517,0.3751936,-1.8626451e-08,7008.9966,-0.0041259173,5,1,false,false,0.43139303,-6.034331,10.321337,0.821403,3
59.904263,0.15723518,49.333104749079354,8.567852731403976,0.4245205,0,6888.9995,-0.01674295,5,1,false,false,0.5350178,-8.008823,10.303083,0.82153136,3
59.746426,0.15745528,49.33311140270032,8.567861948392752,0.52317405,0,6934.822,-0.025235001,5,1,false,false,0.09576331,-10.577873,9.83386,0.821573,3
59.541954,0.15767471,49.33311796659288,8.56787130350621,0.57250094,0,7020.306,-0.029117888,5,1,false,false,-0.22336048,-12.564087,10.077015,0.8214424,3
59.32798,0.15789337,49.33312444048266,8.567880520494986,0.6617419,0,6901.7935,-0.028874854,5,1,false,false,0.095082715,-12.947231,10.7582445,0.82108736,3
59.09938,0.15811123,49.333131004375225,8.567889737903593,0.6968903,0,6809.1387,-0.025478035,5,1,false,false,0.0060088187,-13.89875,8.937406,0.8206469,3
58.84987,0.15832819,49.33313747826501,8.567898954892367,0.7533658,0,6833.1353,-0.02111002,5,1,false,false,-0.48427337,-15.449553,10.246257,0.820132,3
58.584106,0.15854421,49.333143952154785,8.567908034596124,0.77207196,0,6770.899,-0.018442295,5,1,false,false,-0.31665945,-15.95944,9.594283,0.8194982,3
58.313446,0.15875925,49.33315042604456,8.56791711429988,0.79328,0,6671.3037,-0.018199267,5,1,false,false,-0.42200518,-16.24873,10.904829,0.81872815,3
58.032604,0.15897326,49.333156809931545,8.567926194003634,0.7979268,0,6611.621,-0.018926479,5,1,false,false,-0.78074074,-17.133944,10.725212,0.81790245,3
57.746433,0.15918623,49.33316319381853,8.567935136002538,0.8003097,0,6551.509,-0.019412545,5,1,false,false,-0.4062336,-16.89877,8.752368,0.81709594,3
57.453716,0.15939814,49.33316948797712,8.567944215706293,0.8003098,0,6511.6846,-0.016257824,5,1,false,false,-0.86697096,-17.856697,9.059515,0.8163021,3
57.15558,0.15960896,49.33317578186132,8.567953020000344,0.8003098,0,6512.138,-0.009706276,5,1,false,false,-1.0509309,-17.810946,9.260464,0.8154661,3
56.862404,0.15981868,49.33318207601992,8.56796196241908,0.8003098,0,6483.5986,-0.0007281578,5,1,false,false,-0.50461876,-17.302376,9.744621,0.8145959,3
56.57438,0.16002735,49.33318828017572,8.567970766713131,0.8003098,0,6408.6665,0.008007864,5,1,false,false,-0.50070375,-16.930851,9.371812,0.8138214,3
56.29053,0.16023496,49.33319448433152,8.567979571427013,0.80269265,0,6343.45,0.016742947,5,1,false,false,-0.8905679,-17.034506,9.285159,0.8131858,3
55.99737,0.16044152,49.333200688487324,8.567988375721066,0.80030984,0,6297.967,0.024021715,5,1,false,false,-1.0379523,-17.95729,11.28836,0.81247926,3
55.690052,0.16064696,49.33320680264033,8.567997042730097,0.795544,0,6282.1333,0.0276625,5,1,false,false,-0.6930411,-18.275751,10.0918045,0.81175107,3
55.387203,0.16085127,49.33321291679335,8.56800570973913,0.79089725,0,6287.7427,0.027662506,5,1,false,false,-0.9381414,-17.900003,9.351554,0.8111657,3
55.082775,0.16105448,49.333218941217964,8.56801437674816,0.7908972,0,6277.3145,0.026934352,5,1,false,false,-1.2464551,-18.239641,10.270251,0.8106532,3
54.777935,0.16125655,49.33322496536819,8.56802290605234,0.7885143,0,6283.15,0.026448287,5,1,false,false,-1.0484729,-17.936565,10.690472,0.8102415,3
54.485138,0.16145752,49.33323098979281,8.56803143535652,0.78851426,0,6273.0664,0.02814763,5,1,false,false,-1.0113096,-17.098719,10.756762,0.80997777,3
54.20074,0.16165741,49.33323692421464,8.568039964660699,0.79089713,0,6197.943,0.033485897,5,1,false,false,-0.87189263,-16.852125,11.096125,0.8098456,3
53.917595,0.16185622,49.33324285863647,8.568048356679858,0.8003099,0,6144.147,0.04222098,5,1,false,false,-0.76692,-16.926476,11.194126,0.8097912,3
53.626728,0.16205399,49.3332487030555,8.568056885984038,0.80269265,0,6111.2744,0.051685154,5,1,false,false,-0.49377564,-17.539656,11.558662,0.8097296,3
53.335728,0.16225067,49.33325463747733,8.568065140298346,0.8049565,0,6080.236,0.059206966,5,1,false,false,-0.2868544,-17.44457,10.862499,0.80976987,3
53.04248,0.16244629,49.33326039189358,8.568073531897674,0.80972224,0.77,6306.2207,0.06357498,0,1,false,false,0.23821273,-17.000168,10.219246,0.81004864,3
52.757244,0.16264082,49.33326623631262,8.568081786211982,0.82616466,0.77,6709.241,0.063817084,0,1,false,false,-0.1742034,-16.929054,11.358246,0.81057394,3
52.4723,0.16283433,49.333271991003265,8.56809004052629,0.83784115,0,6864.64,0.059449997,0,1,false,false,-0.06800717,-16.920546,12.183153,0.8111436,3
52.180008,0.16302678,49.33327774541951,8.568098157135745,0.86131287,0,6915.6333,0.049742788,4,1,false,false,0.12310067,-17.991034,10.370118,0.81173575,3
51.865753,0.16321811,49.33328341010736,8.568106411450053,0.87072575,0,7178.119,0.038581125,4,1,false,false,-0.008594662,-18.822573,9.83567,0.8123568,3
51.551735,0.16340826,49.33328907479522,8.568114390354657,0.89419746,0,7066.329,0.028632764,4,1,false,false,0.07902594,-18.45419,8.9380245,0.81290907,3
51.247204,0.1635973,49.33329464948028,8.568122506964112,0.89896333,0,6944.679,0.021110961,4,1,false,false,0.19482565,-17.703863,8.389359,0.8134261,3
50.949223,0.16378522,49.333300314168135,8.568130486288547,0.9036101,0,6826.315,0.015043601,4,1,false,false,-0.19719478,-17.961489,10.099276,0.8139203,3
50.65683,0.16397208,49.33330579912481,8.568138465193151,0.90599304,0,6710.44,0.0118898135,4,1,false,false,0.34735113,-17.168886,9.606952,0.81427747,3
50.371166,0.16415785,49.33331137380987,8.568146306812736,0.8989636,0,6674.079,0.008249958,4,1,false,false,0.32126468,-17.069532,9.891152,0.81460106,3
50.07278,0.16434258,49.33331685849215,8.56815414843232,0.8919339,0,6589.819,0.0067945803,4,1,false,false,0.14183718,-18.413347,10.086266,0.8149512,3
49.764225,0.16452616,49.33332234344882,8.568161989632072,0.88955086,0,6479.6655,0.0065515465,4,1,false,false,0.20308925,-17.481445,7.3480024,0.81520295,3
49.467293,0.16470864,49.333327738402694,8.568169831251655,0.89419746,0,6428.1743,0.0075218,4,1,false,false,1.0332806,-18.000635,6.5361986,0.8154755,3
49.15366,0.16489002,49.33333313308218,8.568177535166388,0.8965804,0,6503.6445,0.011889811,4,1,false,false,0.35436863,-19.143332,7.538217,0.8159683,3
48.837563,0.16507022,49.33333852803606,8.568185239081119,0.8941976,0,6527.655,0.019411609,4,1,false,false,0.42443293,-18.295273,9.277539,0.8164104,3
48.54371,0.1652493,49.33334383298715,8.568192805710831,0.89896333,0,6434.2056,0.02547803,4,1,false,false,0.44092304,-17.148924,10.670012,0.81672806,3
48.263294,0.16542734,49.33334913793824,8.568200371920712,0.9013463,0,6328.235,0.026691318,4,1,false,false,0.63257414,-16.297768,8.699192,0.816926,3
47.9665,0.16560432,49.33335444316373,8.568207938130591,0.90599304,0,6207.6104,0.01941161,4,1,false,false,0.7714921,-18.4891,10.984481,0.81705713,3
47.64196,0.16578016,49.33335965811202,8.568215367055451,0.9059931,0,5924.001,0.005581292,4,1,false,false,1.0096481,-19.882952,9.776533,0.8171572,3
47.300686,0.16595475,49.333364873060326,8.568222795980311,0.90134645,0,5836.472,-0.016257823,4,1,false,false,0.903634,-19.857927,9.0777025,0.81739366,3
46.96052,0.16612811,49.33336999828023,8.568230224905172,0.88955075,0,6120.6597,-0.033242866,4,1,false,false,0.20457408,-22.280512,9.500518,0.81773627,3
46.575443,0.16630013,49.33337512350014,8.56823751612518,0.8731085,0,6481.7827,-0.044404518,4,1,false,false,-0.8349543,-22.491697,12.171322,0.8178143,3
46.244976,0.16647083,49.33338024872005,8.568244807345188,0.8684619,0,6403.079,-0.044890575,4,1,false,false,0.33777395,-18.005045,11.996267,0.81731147,3
45.959564,0.16664039,49.33338528393716,8.568251960860344,0.86131287,0,6298.307,-0.036155496,4,1,false,false,0.36094618,-16.418411,10.294497,0.8167124,3
45.687057,0.16680892,49.333390319154276,8.5682591143755,0.83784115,0,6196.065,-0.014559409,4,1,false,false,0.5032432,-16.333603,9.739461,0.8161962,3
45.410706,0.16697645,49.3333952643686,8.56826626831049,0.8261645,0,6081.931,0.015286632,4,1,false,false,0.64438367,-16.525278,9.248072,0.81581104,3
45.133617,0.16714297,49.333400209857324,8.568273421825646,0.8049566,0,5978.6777,0.047074117,4,1,false,false,0.60375875,-16.559431,8.967746,0.8155616,3
44.860886,0.16730848,49.33340515507165,8.568280438055782,0.7955438,0,5883.1377,0.07061164,4,1,false,false,1.203245,-16.02767,9.15446,0.8153968,3
44.59481,0.16747299,49.333410100285974,8.568287453866086,0.78386736,0,5873.022,0.079832315,4,1,false,false,1.3642302,-16.080307,8.881503,0.815452,3
44.318314,0.16763651,49.33341495577191,8.568294332391371,0.75801253,0,6039.6216,0.07861952,4,1,false,false,0.96409696,-16.569508,8.696283,0.81577116,3
44.05116,0.16779904,49.33341981125784,8.568301210916655,0.7321576,0,5980.5405,0.066971794,4,1,false,false,0.898016,-15.486837,8.999068,0.81621283,3
43.800896,0.1679606,49.33342457674098,8.56830808944194,0.722745,0,5885.519,0.049258593,4,1,false,false,1.0949314,-14.664615,9.158886,0.81674904,3
43.557087,0.16812126,49.333429432226914,8.568314967967224,0.7157156,0,5792.5303,0.027176436,4,1,false,false,0.7360382,-14.478213,9.505219,0.8174415,3
43.312885,0.16828102,49.333434197710055,8.568321709207488,0.722745,0,5761.99,0.007036673,4,1,false,false,0.4161938,-14.75097,9.801654,0.81818485,3
43.058167,0.16843988,49.3334388731904,8.568328450027922,0.725128,0,5813.697,-0.0070366734,4,1,false,false,0.37744775,-15.314603,10.366421,0.8188362,3
42.801815,0.16859779,49.33344363867354,8.568335190848353,0.7345408,0,5769.2285,-0.015286629,4,1,false,false,0.47193736,-15.185005,9.942184,0.81936866,3
42.546665,0.16875477,49.3334483141539,8.568341794383766,0.7369236,0,5722.533,-0.016014792,4,1,false,false,0.5210868,-15.249169,10.101972,0.8198027,3
42.283577,0.16891079,49.33345289990586,8.568348397919179,0.74621695,0,5748.982,-0.0118907485,4,1,false,false,0.37159324,-15.716765,10.226239,0.8201212,3
42.01415,0.16906582,49.333457575386205,8.56835500103476,0.753366,0,5763.109,-0.0063094525,4,1,false,false,1.0752735,-16.185127,12.084824,0.82029027,3
41.751072,0.16921988,49.333462161138165,8.568361604570171,0.7674253,0,5738.68,-0.0019405042,4,1,false,false,0.931213,-15.284205,11.017203,0.82038397,3
41.49574,0.16937298,49.333466746890124,8.568368070400732,0.77683794,0,5698.629,0.0007281583,4,1,false,false,1.018511,-15.010895,10.941148,0.8203902,3
41.241688,0.16952513,49.33347124263929,8.568374536231293,0.79089725,0,5652.67,0.000485126,4,1,false,false,0.926952,-14.767076,9.838967,0.82038164,3
40.988117,0.16967636,49.333475828116846,8.568380864357001,0.7979267,0,5607.949,-0.003639853,4,1,false,false,1.04864,-15.293084,9.994467,0.8203599,3
40.731277,0.16982666,49.33348032386602,8.568387330187562,0.81198627,0,5566.55,-0.010191401,4,1,false,false,0.23696598,-15.063275,9.676854,0.8203881,3
40.478786,0.16997601,49.33348472988679,8.568393658313271,0.8191352,0,5521.554,-0.019655583,4,1,false,false,0.49608144,-15.039196,8.871458,0.82026446,3
40.222397,0.17012444,49.333489135633165,8.56839984915396,0.83319443,0,5473.445,-0.03324286,4,1,false,false,0.22232479,-15.044834,9.046292,0.8200095,3
39.966465,0.17027192,49.333493541379546,8.56840617727967,0.8426071,0,5404.605,-0.045860823,4,1,false,false,-0.009654015,-15.2447195,9.544392,0.8196902,3
39.702152,0.17041844,49.33349794740032,8.568412368120358,0.8566664,0,5324.1455,-0.05775064,4,1,false,false,-0.3661903,-15.858658,9.869808,0.81928295,3
39.44549,0.17056403,49.333502263143906,8.568418558961046,0.8613129,0,5264.4146,-0.06599967,4,1,false,false,-0.32192513,-15.09626,8.822401,0.81867546,3
39.188107,0.17070864,49.33350657916189,8.56842461167705,0.86369586,0,5185.641,-0.070368625,4,1,false,false,-0.27626747,-15.425217,8.301803,0.81800115,3
38.92191,0.17085232,49.33351089517988,8.56843080251774,0.86131305,0,5107.1304,-0.069640435,4,1,false,false,-0.6098324,-16.109156,8.516685,0.8173279,3
38.642063,0.17099528,49.33351512119507,8.568436855653577,0.86369586,0,5085.633,-0.06381612,4,1,false,false,-0.73498935,-17.083414,9.629189,0.8165381,3
38.35012,0.17113724,49.33351934721026,8.568442908789413,0.8660788,0,5106.7246,-0.05508104,4,1,false,false,-0.76496875,-17.440329,10.558383,0.8155385,3
38.06351,0.17127813,49.333523573225456,8.568448824220399,0.8684617,0,5069.0254,-0.04634596,4,1,false,false,-0.5012691,-16.744152,10.390621,0.81435835,3
37.784885,0.17141798,49.333527709237856,8.568454739651383,0.8684618,0.77,5333.594,-0.039552324,0,1,false,false,-0.6402068,-16.496899,10.113134,0.813157,3
37.509247,0.17155676,49.333531845250256,8.5684606555022,0.86131287,0.4644444,5771.4907,-0.036882713,0,1,false,false,-0.98953116,-16.436644,9.60679,0.8119454,3
37.232582,0.17169426,49.33353598126266,8.568466433228334,0.84963644,0,5724.612,-0.037125748,3,1,false,false,-1.1527133,-16.495173,9.729007,0.8106668,3
36.937187,0.17183074,49.33354002754667,8.568472348659318,0.837841,0,5964.3394,-0.040764656,3,1,false,false,-1.3426124,-18.442736,9.898487,0.8093256,3
36.628822,0.1719661,49.33354398382789,8.568477989100431,0.83557725,0,6155.016,-0.04513268,3,1,false,false,-1.4561765,-18.15087,10.088493,0.8078803,3
36.336884,0.17210035,49.3335480301119,8.568483767246397,0.8237816,0,6062.018,-0.047559246,3,1,false,false,-1.4945326,-16.790653,10.246453,0.80632496,3
36.063168,0.17223339,49.33355198611872,8.56848940768751,0.81913507,0,5965.037,-0.047802273,3,1,false,false,-1.4401461,-15.770738,9.781516,0.8047095,3
35.800453,0.1723651,49.33355585267155,8.568495048128623,0.81675214,0,5870.142,-0.045617793,3,1,false,false,-1.6933292,-15.419841,9.702476,0.8030903,3
35.541656,0.17249584,49.33355980895277,8.568500688149904,0.8073393,0,5800.3945,-0.042707045,3,1,false,false,-1.8704085,-15.337756,9.521658,0.80145603,3
35.283062,0.17262563,49.333563585228404,8.568506328591017,0.80495656,0,5839.388,-0.03930929,3,1,false,false,-1.8001356,-15.62029,9.219772,0.7998504,3
35.018734,0.1727545,49.33356745150683,8.56851183174711,0.80030984,0,5817.8125,-0.037610866,3,1,false,false,-2.040112,-15.9352455,10.067955,0.7983169,3
34.75654,0.17288229,49.33357122805687,8.56851733448337,0.8003098,0,5736.652,-0.038095996,3,1,false,false,-2.078061,-15.402584,9.250561,0.79677707,3
34.4949,0.17300886,49.33357500460691,8.568522837219632,0.80495644,0,5707.9937,-0.042707052,3,1,false,false,-2.2166324,-15.495079,9.428596,0.7952285,3
34.229393,0.17313445,49.333578690879754,8.568528202251041,0.8119861,0,5715.0854,-0.05168516,3,1,false,false,-2.4762583,-15.660666,9.8279085,0.79365003,3
33.96656,0.1732591,49.333582377427,8.568533705407134,0.81675196,0,5679.445,-0.06454523,3,1,false,false,-2.5936806,-15.565291,9.836689,0.79201275,3
33.70674,0.17338279,49.333586063974245,8.568539070438543,0.82139874,0,5610.4487,-0.08347169,3,1,false,false,-2.8712537,-15.301455,9.349225,0.7903359,3
33.452984,0.17350551,49.33358975052149,8.568544298184934,0.8213988,0,5563.556,-0.10069883,3,1,false,false,-2.9965746,-15.040081,9.308612,0.78860027,3
33.196724,0.17362715,49.33359334706594,8.568549663636174,0.8213988,0,5521.1357,-0.12083861,3,1,false,false,-3.2951338,-15.2833605,9.185908,0.7867586,3
32.938618,0.17374782,49.333596853882,8.568554890962732,0.81675214,0,5470.354,-0.13758157,3,1,false,false,-3.5850103,-15.346254,9.477818,0.78476727,3
32.67986,0.17386755,49.33360036042367,8.56856011870912,0.8119863,0,5425.4824,-0.15165493,3,1,false,false,-3.8150601,-15.263788,9.410656,0.78259724,3
32.421368,0.17398632,49.33360386723973,8.56856534645551,0.80733955,0,5387.866,-0.16402891,3,1,false,false,-4.007073,-15.197465,9.704054,0.78018135,3
32.167927,0.17410417,49.33360737378139,8.5685705742019,0.7955438,0,5337.3223,-0.17422031,3,1,false,false,-4.182626,-15.015303,9.504068,0.7774787,3
31.91696,0.17422107,49.33361079059466,8.568575664243436,0.7885144,0,5278.335,-0.18101397,3,1,false,false,-4.333728,-14.834125,9.464157,0.7744854,3
31.669703,0.17433698,49.33361411740514,8.568580754284975,0.7814847,0,5233.105,-0.18683738,3,1,false,false,-4.326559,-14.6171875,9.332157,0.771246,3
31.42512,0.174452,49.33361753421841,8.568585844326511,0.76980805,0.77,5492.321,-0.18974905,0,1,false,false,-4.668502,-14.308335,9.197936,0.7678449,3
31.182068,0.17456613,49.33362086102889,8.568590934787881,0.72977495,0.77,5939.763,-0.19144839,0,1,false,false,-5.19842,-14.495009,9.563259,0.7642688,3
30.942844,0.17467937,49.33362409811098,8.568596024829418,0.701656,0,5958.9185,-0.19338886,2,1,false,false,-5.4922104,-13.891501,9.750589,0.7604521,3
30.701939,0.17479175,49.333627334918674,8.568600977166103,0.6405339,0,6049.7173,-0.1965436,2,1,false,false,-5.026816,-14.94557,8.8353,0.756429,3
30.449549,0.1749032,49.33363057200076,8.568606067207641,0.6076492,0,6258.1235,-0.20066768,2,1,false,false,-4.855375,-14.705851,8.473213,0.7523573,3
30.209515,0.17501374,49.33363380880845,8.568611019964159,0.5560585,0,6266.2793,-0.20406538,2,1,false,false,-5.4531016,-13.651522,9.293602,0.7481355,3
29.997923,0.17512342,49.33363695588775,8.568615972300844,0.5302036,0,6162.7866,-0.20746225,2,1,false,false,-6.1304464,-11.727262,9.047815,0.74363166,3
29.806723,0.17523238,49.33364001296425,8.568620925057362,0.4762302,0,6120.991,-0.21085809,2,1,false,false,-6.5328875,-11.273523,9.192392,0.73890007,3
29.61327,0.17534065,49.33364307004076,8.568625740109027,0.45037532,0,6170.0728,-0.21449894,2,1,false,false,-6.653718,-11.318239,8.764925,0.734035,3
29.42615,0.17544821,49.33364612711726,8.568630692445712,0.40569526,0,6219.651,-0.21886599,2,1,false,false,-6.860948,-10.6402025,9.133307,0.7290717,3
29.258102,0.17555512,49.333649184468165,8.568635507497378,0.38937205,0,6213.3174,-0.22396119,2,1,false,false,-7.6441884,-9.438669,9.591374,0.7239819,3
29.104202,0.17566141,49.333652151541884,8.568640459834063,0.3564875,0,6173.9595,-0.23002765,2,1,false,false,-8.097153,-8.656763,9.354033,0.71865714,3
28.960733,0.17576717,49.333655118615596,8.568645274885728,0.34004524,0,6150.0137,-0.23924781,2,1,false,false,-8.320253,-8.150967,9.358001,0.71313155,3
28.82067,0.17587239,49.33365808596371,8.568650227642246,0.3047778,0,6148.9663,-0.25235,2,1,false,false,-8.641386,-8.232021,8.941342,0.7075418,3
28.683325,0.1759771,49.333660963309036,8.568655042274079,0.28595263,0,6158.777,-0.2720047,2,1,false,false,-8.763118,-7.742055,8.776773,0.70196575,3
28.553648,0.17608131,49.333663840379955,8.568659995030597,0.26248074,0,6168.055,-0.30209082,2,1,false,false,-9.020384,-7.3150644,8.722722,0.69644445,3
28.430805,0.17618509,49.33366671772528,8.568664810082263,0.26248065,0,6167.7104,-0.33242112,2,1,false,false,-9.503798,-6.8729386,9.006314,0.6909772,3
28.312357,0.17628834,49.33366950506781,8.568669762418947,0.26248065,0,6159.7393,-0.37099952,2,1,false,false,-10.396171,-6.7174835,9.67227,0.68550843,3
28.196508,0.17639114,49.33367229241034,8.568674577470613,0.26248065,0,6143.6084,-0.41079107,2,1,false,false,-10.795028,-6.4963794,9.504017,0.67993057,3
28.085424,0.17649354,49.333674990024484,8.568679529807298,0.25318715,0,6120.025,-0.44767088,2,1,false,false,-10.961914,-6.2846527,9.10469,0.6741861,3
27.97738,0.17659554,49.33367768736422,8.568684344858964,0.24615747,0,6088.8584,-0.48236728,2,1,false,false,-11.058597,-6.0772514,9.076347,0.66818506,3
27.873034,0.17669713,49.33368038470397,8.568689297615482,0.22733232,0,6055.3755,-0.517791,2,1,false,false,-11.373121,-5.956924,9.170929,0.6618311,3
27.770018,0.17679837,49.3336830823181,8.568694249952166,0.21553674,0,6023.0996,-0.5459348,2,1,false,false,-11.681971,-5.775844,9.261363,0.6549975,3
27.667213,0.17689914,49.33368568992945,8.568699202708684,0.20147742,0,5999.9785,-0.5714108,2,1,false,false,-12.095826,-5.8778734,9.453239,0.6476886,3
27.56655,0.17699945,49.333688297266406,8.56870415504537,0.16859284,0,5989.2095,-0.5959159,2,1,false,false,-12.302627,-5.700112,9.235395,0.6400229,3
27.471449,0.17709942,49.33369081487496,8.568709107801887,0.14988679,0,5982.572,-0.6150826,2,1,false,false,-12.373707,-5.174535,9.030956,0.63204145,3
27.382778,0.17719902,49.33369333248352,8.568714060138573,0.09591326,0,5975.891,-0.63425034,2,1,false,false,-12.482543,-4.8938966,9.209974,0.6237762,3
27.30207,0.17729832,49.33369585009208,8.568719012895091,0.06302871,0,5969.9624,-0.65438825,2,1,false,false,-13.330558,-4.2646155,9.348129,0.61524767,3
27.23009,0.17739737,49.333698277972246,8.568723965231776,0.027761221,0,5973.209,-0.67598134,2,1,false,false,-13.412927,-3.8039799,9.137474,0.60645396,3
27.166098,0.17749618,49.33370070557801,8.568729055273312,-1.8626451e-09,0,5983.729,-0.70315504,2,1,false,false,-13.429862,-3.2630854,9.245998,0.5975009,3
27.111141,0.17759463,49.33370313345818,8.56873400802983,0,0,5993.425,-0.7334815,2,1,false,false,-13.440843,-2.7221649,8.669555,0.5885064,3
27.06118,0.17769289,49.33370547106115,8.568739098071367,0,0,5995.8247,-0.7701165,2,1,false,false,-13.799745,-2.530573,9.13347,0.5795366,3
27.013662,0.17779095,49.33370780893853,8.568744188112905,0,0,5986.9307,-0.8108764,2,1,false,false,-14.697118,-2.4222739,9.623204,0.57047087,3
26.966232,0.17788884,49.33371005681311,8.568749278154442,0,0,5972.1665,-0.85430425,2,1,false,false,-15.721179,-2.3994555,10.05493,0.56109935,3
26.918776,0.17798658,49.333712304687694,8.56875436819598,0,0,5959.3237,-0.89506227,2,1,false,false,-15.996098,-2.4413252,10.135062,0.5512962,3
26.869837,0.17808416,49.33371455256228,8.56875959594237,0,0,5950.157,-0.9353351,2,1,false,false,-16.17181,-2.526578,9.591174,0.54100776,3
26.821342,0.17818154,49.33371671043407,8.568764685983906,0,0,5941.738,-0.96930057,2,1,false,false,-15.578067,-2.4382663,9.008992,0.5302774,3
26.773138,0.17827857,49.33371886858026,8.568769913730296,0,0,5928.556,-0.99331856,2,1,false,false,-15.948103,-2.4710665,9.213169,0.51916325,3
26.723856,0.17837541,49.33372093644926,8.568775141476685,0,0,5911.2456,-1.0103009,2,1,false,false,-16.453325,-2.4883788,9.665256,0.5077201,3
26.67274,0.17847206,49.33372300459266,8.568780369223074,0,0,5896.938,-1.0197629,2,1,false,false,-17.05183,-2.5913446,9.813394,0.49603656,3
26.620317,0.17856853,49.33372507246167,8.568785734254483,0,0,5888.77,-1.0243722,2,1,false,false,-16.82526,-2.6256552,9.363631,0.48423445,3
26.567522,0.17866485,49.33372705060228,8.568790962000874,0,0,5881.748,-1.0250996,2,1,false,false,-16.995499,-2.5725112,9.385811,0.47249642,3
26.515934,0.17876099,49.33372893901449,8.568796327452114,0,0,5871.1616,-1.0250995,2,1,false,false,-16.674698,-2.4962356,9.395016,0.46081206,3
26.46575,0.17885657,49.33373082715231,8.568801692483524,0,0,5854.917,-1.0258276,2,1,false,false,-16.722748,-2.406076,9.173784,0.44911122,3
26.416624,0.1789513,49.33373271529013,8.568806920229912,0,0,5836.2656,-1.0292237,2,1,false,false,-16.27958,-2.3787365,8.844606,0.43736976,3
26.366705,0.17904581,49.333734513699554,8.568812422966174,0,0,5818.4014,-1.0335908,2,1,false,false,-16.694288,-2.4225981,9.129391,0.42569283,3
26.316143,0.1791402,49.333736311834585,8.568817788417414,0,0,5804.467,-1.0394127,2,1,false,false,-16.535728,-2.4491334,9.111507,0.41405046,3
26.264963,0.1792344,49.33373802024122,8.568823153448824,0,0,5793.0024,-1.0462059,2,1,false,false,-16.623642,-2.4737172,9.095895,0.40232316,3
26.213102,0.17932846,49.333739728647856,8.568828518900066,0,0,5780.92,-1.0534835,2,1,false,false,-16.838291,-2.5093522,9.064677,0.3904075,3
26.160128,0.17942238,49.33374143705449,8.568834021636327,0,0,5767.1953,-1.0629457,2,1,false,false,-17.108744,-2.5383193,9.474212,0.37827227,3
26.106709,0.17951594,49.333743055458335,8.568839524372587,0,0,5754.831,-1.0741053,2,1,false,false,-17.248308,-2.5139847,9.460888,0.3659102,3
26.052143,0.17960899,49.33374458413379,8.568845027108848,0,0,5742.013,-1.0864788,2,1,false,false,-17.319576,-2.601155,8.987874,0.3532669,3
25.997099,0.17970182,49.33374611280924,8.56885039256009,0,0,5729.5107,-1.0971525,2,1,false,false,-17.168571,-2.555525,8.94923,0.34039366,3
25.941439,0.17979448,49.333747641210294,8.568855895296352,0,0,5718.016,-1.1044309,2,1,false,false,-17.108904,-2.6581872,8.848191,0.32739466,3
25.88398,0.17988697,49.333749079882956,8.568861535737463,0,0,5707.913,-1.107584,2,1,false,false,-17.481907,-2.6146967,9.360421,0.3144282,3
25.826136,0.17997928,49.333750428552825,8.568867038473725,0,0,5699.0864,-1.1078272,2,1,false,false,-17.911654,-2.649237,9.680119,0.30146134,3
25.766973,0.18007146,49.333751777222695,8.568872541209986,0,0,5688.155,-1.1039454,2,1,false,false,-19.068588,-2.6765919,10.083765,0.28849432,3
25.706558,0.18016347,49.33375312616697,8.56887804436608,0,0,5674.9233,-1.0976373,2,1,false,false,-19.802708,-2.646541,10.68721,0.2754495,3
25.646015,0.1802552,49.333754384834045,8.568883684807192,0,0,5661.4844,-1.0903605,2,1,false,false,-19.798906,-2.6233826,10.0810585,0.26216847,3
25.58686,0.18034673,49.33375555377273,8.568889187543453,0,0,5647.534,-1.0850227,2,1,false,false,-19.47379,-2.5252635,10.133933,0.24866612,3
25.529219,0.18043807,49.33375672271142,8.568894827984566,0,0,5630.515,-1.0828388,2,1,false,false,-18.484922,-2.4751503,9.185937,0.23496613,3
25.472929,0.18052924,49.333757801647316,8.56890046842568,0,0,5611.321,-1.0840513,2,1,false,false,-18.329609,-2.3908885,9.294605,0.22128946,3
25.41571,0.18062025,49.33375888058321,8.568905971161941,0,0.055240445,5600.799,-1.0906016,2,1,false,false,-18.601496,-2.4406955,9.576716,0.2077268,3
25.358187,0.18071115,49.33375986979072,8.568911611603054,0,0.1405672,5630.7,-1.1010345,2,1,false,false,-18.945547,-2.4116542,9.703017,0.19429514,3
25.30499,0.18080196,49.33376085872382,8.568917251624335,0,0.20271273,5682.856,-1.1129212,2,1,false,false,-19.004198,-1.9192154,9.766033,0.18105851,3
25.26027,0.1808929,49.333761757928535,8.568922892065448,0,0.24044387,5740.892,-1.1257795,2,1,false,false,-18.793814,-1.5062913,9.898509,0.16798098,3
25.21858,0.1809837,49.33376265713325,8.568928532506561,0,0.2660912,5822.2183,-1.136454,2,1,false,false,-18.686352,-1.4189017,9.745755,0.1550864,3
25.177494,0.18107441,49.33376346633517,8.568934172947674,0,0.28434026,5917.0713,-1.1454307,2,1,false,false,-18.528316,-1.4330425,9.775733,0.14227627,3
25.14186,0.18116501,49.33376427553709,8.568939813388788,0,0.29815048,5936.836,-1.1553768,2,1,false,false,-18.53516,-0.39486825,9.781772,0.12950613,3
25.133963,0.18125561,49.33376499473623,8.568945453829901,0,0.3262639,5830.4917,-1.1650801,2,1,false,false,-17.900665,1.3087088,9.51631,0.116779715,3
25.141953,0.18134633,49.333765714209754,8.568951094271014,0,0.34327996,5772.3726,-1.1728431,2,1,false,false,-18.151194,1.3838248,9.317569,0.104201674,3
25.141603,0.1814372,49.333766343680495,8.568956734712126,0,0.381751,5795.881,-1.1798793,2,1,false,false,-17.346334,0.7670284,8.79642,0.09184577,3
25.13469,0.18152852,49.33376697287684,8.56896251243826,0,0.42120835,5855.408,-1.1866711,2,1,false,false,-17.821962,0.631556,9.35122,0.07988379,3
25.131023,0.18162005,49.333767512344785,8.568968152879373,0,0.44389647,5895.6846,-1.1929781,2,1,false,false,-18.912355,1.0078907,10.1615715,0.06816081,3
25.13523,0.18171161,49.33376805181273,8.568973793320486,0,0.48902583,5916.6562,-1.1978314,2,1,false,false,-18.859318,1.6003295,9.949635,0.056318525,3
25.146399,0.1818033,49.333768501552285,8.56897957146645,0,0.52799016,5940.973,-1.2007412,2,1,false,false,-18.91682,1.8695332,10.151018,0.04418462,3
25.16315,0.18189512,49.33376886128905,8.568985349192584,0,0.54673237,5967.323,-1.203169,2,1,false,false,-19.080725,2.1764324,10.697105,0.03173265,3
25.183443,0.18198715,49.33376931075421,8.568990989633697,0,0.56818724,5990.354,-1.2063217,2,1,false,false,-19.513815,2.3877895,10.782484,0.019095121,3
25.207602,0.1820794,49.33376958048818,8.568996767779662,0,0.560296,6003.4766,-1.2104459,2,1,false,false,-19.631205,2.695994,10.912107,0.0061538406,3
25.237156,0.18217225,49.333769850222154,8.569002545505795,0,0.5607891,6002.5474,-1.2150549,2,1,false,false,-19.298044,3.1037495,10.443396,-0.0070427507,3
25.271357,0.18226565,49.33377011995613,8.56900832365176,0,0.560296,5989.958,-1.2203922,2,1,false,false,-18.882193,3.1738038,10.345488,-0.020185912,3
25.306114,0.18235925,49.33377020995892,8.569014101377892,0,0.55832326,5971.965,-1.227185,2,1,false,false,-18.978172,3.1852908,10.422927,-0.033080243,3
25.339802,0.18245307,49.3337703896901,8.569019879523857,0,0.56251556,5962.929,-1.2351909,2,1,false,false,-19.470652,3.0850265,11.224646,-0.045712773,3
25.370436,0.18254714,49.333770479692895,8.569025794954843,0,0.554624,5959.403,-1.2431961,2,1,false,false,-20.225086,2.973868,11.045704,-0.058066245,3
25.400635,0.18264148,49.333770479692895,8.569031573100808,0,0.5612823,5956.937,-1.2478058,2,1,false,false,-19.827528,2.9888551,10.516675,-0.07007587,3
25.432196,0.18273611,49.333770479692895,8.56903735082694,0,0.553391,5952.6777,-1.2485335,2,1,false,false,-19.080284,2.9629545,10.009051,-0.08153045,3
25.464188,0.18283138,49.3337703896901,8.569043266257927,0,0.55832297,5951.616,-1.2448941,2,1,false,false,-18.138235,2.8766713,9.471759,-0.09240947,3
25.496922,0.18292725,49.333770299687316,8.56904904440389,0,0.5583231,5963.8906,-1.2385871,2,1,false,false,-16.408195,2.849083,8.5166,-0.10280208,3
25.53003,0.18302333,49.33377011995613,8.569054959834876,0,0.56128246,5984.467,-1.2320373,2,1,false,false,-16.2323,2.7763188,8.931903,-0.11261112,3
25.560734,0.18311967,49.333769850222154,8.569060737980841,0,0.5669544,6004.207,-1.2269431,2,1,false,false,-18.839478,2.5628548,10.259939,-0.122052774,3
25.586956,0.18321623,49.33376967049097,8.569066653411825,0,0.5620223,6008.0347,-1.2223338,2,1,false,false,-19.608553,2.4777298,11.355958,-0.13176875,3
25.61532,0.18331309,49.33376931075421,8.56907243155779,0,0.5773119,6014.112,-1.2133572,2,1,false,false,-19.088793,2.594949,11.216731,-0.14224334,3
25.642328,0.1834103,49.33376895101745,8.569078346988775,0,0.5889027,6038.874,-1.1978314,2,1,false,false,-18.773666,2.3541863,10.663006,-0.15345202,3
25.66832,0.18350802,49.33376859155508,8.569084124714909,0,0.5985203,6078.8833,-1.1750262,2,1,false,false,-18.84602,2.370123,10.390346,-0.1652434,3
25.699345,0.18360603,49.33376814181552,8.569090040565726,0,0.6096179,6118.887,-1.1556189,2,1,false,false,-18.465797,2.8440652,10.536917,-0.17757618,3
25.741043,0.18370421,49.333767692350364,8.569095818291858,0,0.61381024,6127.099,-1.1337858,2,1,false,false,-18.659464,3.4877062,10.566256,-0.19010332,3
25.789518,0.18380268,49.333767152882416,8.569101733722844,0,0.6290998,6100.6816,-1.1175307,2,1,false,false,-17.842453,3.8753054,10.128212,-0.20244268,3
25.841536,0.18390146,49.333766523411676,8.569107511868808,0,0.6308262,6076.0596,-1.1061287,2,1,false,false,-17.959259,3.8475826,10.290481,-0.2144467,3
25.89044,0.18400063,49.333765893940935,8.569113427299794,0,0.6399507,6077.358,-1.0983653,2,1,false,false,-17.643204,3.6793942,9.83445,-0.22620256,3
25.938686,0.1841002,49.3337652644702,8.569119205445759,0,0.6527745,6101.0835,-1.0947266,2,1,false,false,-17.267635,3.66247,9.947985,-0.23758382,3
25.98795,0.18419896,49.333764545271066,8.569125120876743,0,0.65696687,6118.686,-1.0939987,2,1,false,false,-17.45729,3.7568955,10.237369,-0.24845618,3
26.039085,0.18429762,49.333763736069145,8.569130899022708,0,0.6734895,6121.8794,-1.0998209,2,1,false,false,-17.575806,3.8711424,10.608265,-0.25883284,3
26.09085,0.18439649,49.33376292686722,8.569136814453692,0,0.6838471,6126.5854,-1.1085544,2,1,false,false,-17.82375,3.7995813,10.767057,-0.2689846,3
26.139227,0.18449557,49.33376202766251,8.569142592179826,0,0.70752174,6147.438,-1.1153477,2,1,false,false,-19.769917,3.4750283,11.890754,-0.27928817,3
26.183697,0.18459488,49.333761128457795,8.569148508030644,0,0.7422934,6183.0264,-1.1194721,2,1,false,false,-19.970846,3.4466863,12.213829,-0.29022142,3
26.228943,0.1846945,49.33376022925308,8.569154285756776,0,0.79235494,6222.9707,-1.1165602,2,1,false,false,-18.523273,3.6805174,11.003828,-0.3018877,3
26.285492,0.18479426,49.33375924031998,8.569160063902741,0,0.854994,6267.083,-1.1056442,2,1,false,false,-16.910267,4.0909696,9.5981655,-0.31393486,3
26.343536,0.18489327,49.33375816138408,8.569165979333725,0,0.9055489,6308.6343,-1.0910876,2,1,false,false,-15.939798,4.168628,8.9111805,-0.32590076,3
26.40513,0.18499243,49.33375708244819,8.56917175705986,0,0.9842169,6356.9736,-1.0779866,2,1,false,false,-15.777617,4.527433,8.7395115,-0.33763695,3
26.47475,0.18509178,49.3337559135095,8.569177535205824,0,0.9999999,6394.5356,-1.0709515,2,1,false,false,-17.081158,5.2784233,10.217907,-0.34916586,3
26.549026,0.1851914,49.33375474457081,8.56918331335179,0,1,6383.5693,-1.0677983,2,1,false,false,-18.14307,5.2431707,11.505593,-0.36057585,3
26.624445,0.18529132,49.33375348562933,8.569189228782774,0,1,6351.189,-1.0612478,2,1,false,false,-18.026613,5.393588,11.328791,-0.37231866,3
26.703133,0.1853916,49.333752226962254,8.569195006508908,0,1,6345.832,-1.0483893,2,1,false,false,-16.531473,5.561306,10.1682005,-0.38437787,3
26.77798,0.1854919,49.33375096802077,8.569200784654871,0,1,6365.8022,-1.0250993,2,1,false,false,-18.274828,5.1385264,11.035822,-0.39630193,3
26.85165,0.18559206,49.33374952934811,8.569206562800836,0,1,6383.054,-1.0025368,2,1,false,false,-17.164331,5.2342644,10.63327,-0.40799507,3
26.92691,0.18569237,49.33374818067824,8.56921234052697,0,1,6385.213,-0.9824017,2,1,false,false,-17.412844,5.313073,10.521493,-0.41915995,3
27.000078,0.1857929,49.33374674200558,8.569218118672934,0,1,6385.377,-0.9673593,2,1,false,false,-19.086885,4.9945483,11.675175,-0.42990923,3
27.063868,0.18589364,49.33374521360453,8.569223896399068,0,1,6397.563,-0.95959616,2,1,false,false,-20.605896,4.6551337,13.374365,-0.44082952,3
27.125566,0.18599461,49.333743684929075,8.569229536840181,0,1,6421.351,-0.954259,2,1,false,false,-20.439726,4.5653386,12.364079,-0.45231423,3
27.189697,0.18609588,49.33374206652523,8.569235314986146,0,1,6447.456,-0.946253,2,1,false,false,-18.456728,4.925726,10.8891735,-0.46420565,3
27.25852,0.18619731,49.3337403581186,8.56924095542726,0,1,6469.873,-0.9365476,2,1,false,false,-17.536358,4.9656634,10.288827,-0.47604388,3
27.329988,0.18629883,49.33373864971196,8.569246733153392,0,1,6482.266,-0.93145317,2,1,false,false,-17.183588,5.1810913,10.199609,-0.48756725,3
27.404915,0.1864005,49.333736941305325,8.569252373594505,0,1,6487.0967,-0.9319383,2,1,false,false,-16.602325,5.316827,9.914814,-0.4986327,3
27.482897,0.18650238,49.333735143170294,8.569258014035618,0,1,6487.8794,-0.9382459,2,1,false,false,-17.031183,5.568127,10.875303,-0.5090895,3
27.555887,0.18660447,49.33373334476087,8.569263654476732,0,1,6484.568,-0.9467381,2,1,false,false,-17.37617,4.9021316,10.852121,-0.5188966,3
27.616997,0.1867068,49.33373145662305,8.569269294917845,0,1,6508.454,-0.9574125,2,1,false,false,-17.08646,4.266367,10.021716,-0.5287177,3
27.670475,0.1868096,49.333729568210835,8.569274934939125,0,1,6580.723,-0.96469146,2,1,false,false,-17.398006,3.7522087,9.873955,-0.5390644,3
27.720976,0.18691273,49.333727590070225,8.569280575380239,0,1,6654.672,-0.96905744,2,1,false,false,-17.6362,3.9356067,10.766624,-0.5501846,3
27.776375,0.18701588,49.33372561220401,8.569286078536331,0,1,6682.011,-0.967602,2,1,false,false,-17.426508,4.4342623,10.795512,-0.56204414,3
27.844736,0.1871191,49.33372354406061,8.569291718557613,0,1,6674.493,-0.9583829,2,1,false,false,-16.903658,5.2596445,10.576696,-0.5743666,3
27.921595,0.18722245,49.333721475917216,8.569297221713706,0,1,6654.935,-0.942128,2,1,false,false,-17.161324,5.6023626,10.636405,-0.58665687,3
27.99874,0.18732601,49.33371931804542,8.569302724449967,0,1,6632.88,-0.9234483,2,1,false,false,-17.967634,5.468508,10.785005,-0.59850013,3
28.070375,0.18742985,49.33371716017363,8.569308227186228,0,1,6620.4893,-0.9054949,2,1,false,false,-18.49661,5.1675014,11.40733,-0.6098611,3
28.136755,0.187535,49.333714912299044,8.56931372992249,0,1,6627.3745,-0.8911804,2,1,false,false,-19.051117,4.8639317,11.437323,-0.6209307,3
28.198246,0.18764015,49.33371266442446,8.56931909537373,0,1,6648.4214,-0.87662375,2,1,false,false,-18.301628,4.585866,10.631954,-0.6318835,3
28.258633,0.18774524,49.333710326547084,8.569324598109992,0,1,6678.591,-0.86109585,2,1,false,false,-16.753428,4.546622,9.724037,-0.6427496,3
28.321455,0.18785039,49.33370798866971,8.569329963141401,0,1,6713.3496,-0.84581196,2,1,false,false,-15.495328,4.7376866,8.965652,-0.653386,3
28.387682,0.18795557,49.333705561063944,8.569335328592642,0,1,6739.026,-0.83295286,2,1,false,false,-14.989582,4.862925,8.910716,-0.66356134,3
28.454655,0.18806086,49.33370313345818,8.569340694043882,0,1,6751.055,-0.8239769,2,1,false,false,-15.972017,4.8312774,9.964166,-0.6732914,3
28.518156,0.18816651,49.33370070557801,8.569346059075292,0,1,6758.751,-0.81936765,2,1,false,false,-16.866308,4.668735,10.645374,-0.68291837,3
28.580378,0.18827224,49.33369818796945,8.569351286821682,0,1,6773.5293,-0.8123309,2,1,false,false,-16.658278,4.643973,10.329708,-0.6927486,3
28.641771,0.1883779,49.3336955803581,8.56935651456807,0,1,6797.3643,-0.7977751,2,1,false,false,-15.607472,4.4998875,9.458056,-0.70279187,3
28.70235,0.18848354,49.33369297302115,8.56936187959948,0,1,6829.1616,-0.7788506,2,1,false,false,-14.769765,4.5447674,8.966907,-0.71297574,3
28.765215,0.18858919,49.33369036540981,8.569367107345869,0,1,6862.94,-0.7584708,2,1,false,false,-14.84888,4.6577,8.888492,-0.723214,3
28.829626,0.18869486,49.33368775779846,8.569372197387407,0,1,6880.0195,-0.73906183,2,1,false,false,-15.44065,4.7951326,9.7795,-0.7333431,3
28.895245,0.1888004,49.33368506045871,8.569377425133796,0,1,6875.988,-0.7303268,2,1,false,false,-16.02188,4.911486,10.2273035,-0.7432984,3
28.961512,0.18890564,49.33368227311618,8.569382515175333,0,1,6869.201,-0.7232919,2,1,false,false,-16.75168,4.903368,10.759819,-0.7531675,3
29.024755,0.18901089,49.33367948577365,8.569387605216871,0,1,6876.5996,-0.7186818,2,1,false,false,-16.827244,4.6962514,10.41494,-0.76315045,3
29.085709,0.18911617,49.33367669843112,8.569392695678241,0,1,6900.498,-0.7138296,2,1,false,false,-16.269188,4.567612,9.637161,-0.7733122,3
29.14639,0.18922147,49.333673821085796,8.569397785719778,0,1,6929.782,-0.70897734,2,1,false,false,-15.673109,4.5749755,9.28387,-0.78351283,3
29.208414,0.18932685,49.33367094374047,8.569402875761314,0,1,6952.4463,-0.7050954,2,1,false,false,-15.123378,4.731593,8.946775,-0.79364026,3
29.27349,0.18943225,49.33366806639515,8.569407828098,0,1,6963.437,-0.7043674,2,1,false,false,-14.919942,4.8973417,9.06515,-0.803514,3
29.341366,0.18953744,49.333665099321436,8.569412780854517,0,1,6965.756,-0.7053376,2,1,false,false,-14.809956,5.015439,9.021475,-0.8129953,3
29.406572,0.18964264,49.33366204224493,8.569417733191203,0,1,6966.5386,-0.706551,2,1,false,false,-15.964373,4.7096663,9.867689,-0.8220768,3
29.466335,0.18974786,49.333659074896815,8.56942254824287,0,1,6975.4575,-0.706794,2,1,false,false,-16.581518,4.4962754,10.281659,-0.83112085,3
29.523304,0.1898531,49.33365601782031,8.569427500999385,0,1,6997.693,-0.7014556,2,1,false,false,-16.015585,4.2886066,9.603985,-0.8403783,3
29.577864,0.18995841,49.33365287074101,8.56943231563122,0,1,7029.9067,-0.68932456,2,1,false,false,-15.746996,4.1654854,9.446205,-0.8498406,3
29.631721,0.19006374,49.33364972393611,8.569437130682886,0,1,7065.1177,-0.67379683,2,1,false,false,-15.5931835,4.2271976,9.51136,-0.8595126,3
29.689075,0.19016893,49.33364657685682,8.569441945734551,0,1,6817.444,-0.6539031,2,1,false,false,-15.158077,4.3529015,9.024797,-0.8693277,3
29.716017,0.19027406,49.33364333977473,8.569446623081364,0,1,6593.935,-0.6325519,0,1,false,false,-15.373153,0.66460335,9.238266,-0.8789614,3
29.694881,0.190379,49.33364010296704,8.569451300428177,0,1,6465.661,-0.60780466,3,1,false,false,-16.484255,-0.6633565,10.054981,-0.8879443,3
29.728222,0.19048373,49.333636865884955,8.569455977774991,0,1,5746.8076,-0.5820863,3,1,false,false,-17.69065,5.6353674,11.924595,-0.8967367,3
29.820597,0.19058861,49.33363353907448,8.569460517836784,0,1,5502.5776,-0.5544276,3,1,false,false,-16.460972,6.516053,10.482987,-0.90642744,3
29.888464,0.19069366,49.33363021226399,8.569465057478746,0,1,5644.331,-0.5265249,3,1,false,false,-16.11615,3.9530334,9.527636,-0.9165946,3
29.930626,0.19079873,49.33362688545351,8.56946959754054,0,1,5773.657,-0.50104904,3,1,false,false,-16.436476,3.718945,10.294014,-0.92631245,3
29.986681,0.19090377,49.33362346864024,8.569474137182501,0,1,5738.233,-0.48091102,3,1,false,false,-16.481388,4.8498077,10.907695,-0.9356842,3
30.057844,0.19100888,49.33362005182697,8.569478539539444,0,1,5665.8784,-0.4695082,3,1,false,false,-16.35143,5.387053,10.512905,-0.944963,3
30.127512,0.19111411,49.33361654528531,8.569482941896386,0,1,5663.3774,-0.4627136,3,1,false,false,-15.15223,4.9011426,9.474993,-0.9540885,3
30.189545,0.19121942,49.333613038469245,8.569487343833496,0,1,5701.1333,-0.4583466,3,1,false,false,-14.291504,4.45123,8.52964,-0.96267194,3
30.251162,0.1913248,49.333609531927586,8.569491608485585,0,1,5727.403,-0.45883164,3,1,false,false,-13.735195,4.663642,8.3121805,-0.9705541,3
30.315538,0.19143033,49.33360593510873,8.569495873557507,0,1,5729.068,-0.4678088,3,1,false,false,-14.228322,4.712825,9.176658,-0.97781163,3
30.379612,0.19153604,49.333602338564276,8.569500138209596,0,1,5725.7305,-0.48309457,3,1,false,false,-15.06118,4.678768,10.223525,-0.98475033,3
30.44202,0.19164181,49.333598742019824,8.569504402861686,0,1,5735.9507,-0.50104886,3,1,false,false,-15.158578,4.5191283,9.902313,-0.99167866,3
30.501678,0.19174765,49.33359505547258,8.569508529808925,0,1,5755.8823,-0.5170627,3,1,false,false,-15.03483,4.2961287,9.6380825,-0.9987351,3
30.558506,0.19185357,49.33359136892533,8.569512656756162,0,1,5782.4976,-0.5291938,3,1,false,false,-14.268208,4.144999,8.701638,-1.0060475,3
30.616463,0.19195953,49.33358768237809,8.569516784123232,0,1,5815.824,-0.53768665,3,1,false,false,-13.78538,4.265714,8.541888,-1.0136423,3
30.678333,0.19206563,49.33358390610245,8.56952091107047,0,1,5837.958,-0.5439942,3,1,false,false,-14.038368,4.5467744,9.385335,-1.0214272,3
30.744297,0.19217218,49.333580129552416,8.569524900732688,0,1,5833.45,-0.55127305,3,1,false,false,-14.970727,4.7664227,10.111549,-1.029307,3
30.811203,0.19227885,49.333576353276776,8.569528890394905,0,1,5817.259,-0.56000704,3,1,false,false,-15.801454,4.79705,10.664049,-1.0372777,3
30.875858,0.19238561,49.33357248672395,8.569532879637292,0,1,5814.093,-0.5685001,3,1,false,false,-16.441908,4.5999722,10.549231,-1.0454295,3
30.937084,0.19249247,49.33356862044552,8.569536731594658,0,1,5826.2256,-0.57504976,3,1,false,false,-15.903174,4.412229,9.872559,-1.0538151,3
30.997004,0.19259945,49.33356475416709,8.569540583971856,0,1,5843.4854,-0.57893187,3,1,false,false,-15.501315,4.375018,9.872366,-1.0623343,3
31.058403,0.19270654,49.33356079788587,8.569544435929222,0,1,5857.222,-0.5816004,3,1,false,false,-15.314084,4.4905524,9.657599,-1.0708866,3
31.122871,0.19281434,49.333556841604654,8.569548150181735,0,1,5861.354,-0.58475506,3,1,false,false,-15.142104,4.6775436,9.489756,-1.0792959,3
31.18871,0.19292235,49.333552885323435,8.56955186443425,0,1,5857.0137,-0.5891222,3,1,false,false,-15.332358,4.6859756,9.597754,-1.0873841,3
31.252796,0.19303049,49.33354883931382,8.569555579106595,0,1,5855.7114,-0.5959158,3,1,false,false,-15.099142,4.509425,9.544563,-1.0951531,3
31.3143,0.1931387,49.333544793029816,8.56955929335911,0,1,5870.27,-0.60610545,3,1,false,false,-15.220963,4.300881,9.825129,-1.1027294,3
31.373306,0.19324706,49.333540746745804,8.569562870326603,0,1,5893.5806,-0.61532575,3,1,false,false,-15.222068,4.1814175,9.742173,-1.1102971,3
31.430536,0.19335553,49.33353670073619,8.569566446874266,0,1,5914.3423,-0.62551594,3,1,false,false,-14.917229,4.0879354,9.345453,-1.1179861,3
31.48768,0.19346476,49.33353256472379,8.569569886136907,0,1,5936.516,-0.633037,3,1,false,false,-14.410834,4.0637736,8.801665,-1.1258848,3
31.545279,0.19357434,49.333528428436985,8.569573325399551,0,1,5963.194,-0.6383742,3,1,false,false,-14.103444,4.103384,8.772446,-1.1339614,3
31.605778,0.193684,49.33352420242179,8.569576764662193,0,1,5985.2476,-0.64249915,3,1,false,false,-13.678385,4.331661,8.380267,-1.1421256,3
31.66964,0.19379377,49.33352006640939,8.569580203924835,0,1,5991.1016,-0.6456529,3,1,false,false,-13.687164,4.4674373,8.8336315,-1.1502384,3
31.733711,0.19390365,49.3335158403942,8.569583505902457,0,1,5987.9463,-0.6485648,3,1,false,false,-14.116312,4.429098,9.158135,-1.1582913,3
31.796576,0.19401368,49.333511614379006,8.569586807460247,0,1,5995.4834,-0.6507484,3,1,false,false,-13.778685,4.33534,8.866375,-1.1663743,3
31.855793,0.19412416,49.33350729836102,8.569590109018037,0,1,6016.3403,-0.6512332,3,1,false,false,-15.178708,4.106166,9.948223,-1.1745379,3
31.91076,0.19423491,49.33350298261743,8.569593273290808,0,1,6037.117,-0.6505063,3,1,false,false,-15.622906,3.9250207,9.980935,-1.1830468,3
31.965012,0.19434576,49.33349866659945,8.569596437563579,0,1,6058.0283,-0.64613813,3,1,false,false,-15.54925,4.0421405,9.799338,-1.1920611,3
32.022263,0.19445674,49.333494350855865,8.569599464131496,0,1,6076.5513,-0.63740414,3,1,false,false,-15.321656,4.201755,9.522404,-1.2014662,3
32.080822,0.19456787,49.333489944835094,8.569602627984436,0,1,6083.2446,-0.6252729,3,1,false,false,-15.191351,4.2248354,9.668688,-1.2110281,3
32.140255,0.19467914,49.333485629091506,8.569605654552353,0,1,6088.1543,-0.6119289,3,1,false,false,-15.312117,4.4852743,9.315084,-1.2206478,3
32.203762,0.19479111,49.33348122307073,8.56960854341542,0,1,6091.2593,-0.59834146,3,1,false,false,-15.14468,4.580605,9.199379,-1.2301114,3
32.266094,0.19490348,49.33347672732156,8.569611432698318,0,1,6080.786,-0.5864536,3,1,false,false,-15.605766,4.480911,10.045826,-1.2391745,3
32.325462,0.19501598,49.33347232157519,8.569614321561385,0,1,6078.661,-0.57480776,3,1,false,false,-16.211428,4.330201,10.222696,-1.2480075,3
32.381367,0.19512868,49.33346782582602,8.569617073139431,0,1,6095.8135,-0.5612204,3,1,false,false,-16.215445,4.165064,9.913614,-1.2568241,3
32.435577,0.19524153,49.33346324007406,8.569619824297646,0,1,6116.356,-0.54593474,3,1,false,false,-16.258358,3.994105,9.998095,-1.2655848,3
32.486855,0.19535452,49.33345874432489,8.569622575875693,0,1,6134.5225,-0.5313782,3,1,false,false,-15.598632,3.9113162,9.3281765,-1.2743788,3
32.540157,0.1954683,49.33345415884733,8.569625189748887,0,1,6161.6577,-0.5141512,3,1,false,false,-15.160438,4.094367,9.193639,-1.2832758,3
32.59681,0.19558237,49.333449663098165,8.569627803622081,0,1,6180.6133,-0.4988653,3,1,false,false,-15.123206,4.2534385,9.23226,-1.2920955,3
32.65551,0.19569662,49.33344498734342,8.569630417495276,0,1,6180.629,-0.4845509,3,1,false,false,-14.421164,4.410309,8.954591,-1.300722,3
32.71713,0.19581105,49.33344040186586,8.56963289366362,0,1,6180.362,-0.47047836,3,1,false,false,-14.191898,4.443643,8.63282,-1.3090589,3
32.77643,0.19592565,49.333435726111105,8.569635369831962,0,1,6188.2803,-0.460531,3,1,false,false,-14.548568,4.241971,8.810535,-1.3170422,3
32.832752,0.19604048,49.33343114063355,8.569637708715284,0,1,6204.779,-0.45397943,3,1,false,false,-14.924095,4.1572595,9.516337,-1.3248348,3
32.88776,0.19615625,49.3334264648788,8.569640047178776,0,1,6222.0923,-0.4493684,3,1,false,false,-15.235459,4.061428,9.750574,-1.3326141,3
32.940304,0.19627218,49.33342169939566,8.569642386062098,0,1,6238.619,-0.44572955,3,1,false,false,-15.726226,3.947087,9.999645,-1.3405383,3
32.991276,0.19638829,49.33341702391531,8.56964458724057,0,1,6262.4595,-0.4413625,3,1,false,false,-15.780582,3.859713,9.762871,-1.3487753,3
33.04353,0.19650456,49.33341225843216,8.569646787999208,0,1,6290.071,-0.4338415,3,1,false,false,-15.532842,4.144595,9.46541,-1.3573532,3
33.101437,0.19662106,49.33340749294902,8.569648851892659,0,1,6301.1987,-0.42340812,3,1,false,false,-15.137871,4.44379,9.361328,-1.3660547,3
33.164074,0.19673802,49.33340272746588,8.569650915366278,0,1,6286.7,-0.41127622,3,1,false,false,-15.186254,4.7075334,9.49147,-1.3746036,3
33.228203,0.19685577,49.33339796198274,8.569652978839898,0,1,6267.077,-0.39914525,3,1,false,false,-15.469901,4.698357,9.621764,-1.3828186,3
33.290344,0.19697373,49.33339310649681,8.569654905028496,0,1,6261.376,-0.38846874,3,1,false,false,-15.723179,4.5513887,9.724205,-1.3906432,3
33.348873,0.19709192,49.333388341013666,8.569656830797262,0,1,6267.7715,-0.37997752,3,1,false,false,-15.395052,4.277922,9.4560795,-1.3980782,3
33.404743,0.19721034,49.33338348552773,8.569658756985861,0,1,6282.682,-0.373426,3,1,false,false,-15.430565,4.176506,9.77245,-1.4052147,3
33.459408,0.19732894,49.3333786300418,8.569660545049777,0,1,6300.863,-0.37148464,3,1,false,false,-15.545142,4.085559,9.816431,-1.4122249,3
33.51327,0.1974484,49.33337368482748,8.569662196248505,0,1,6315.9653,-0.3717276,3,1,false,false,-15.840872,4.049241,10.019043,-1.4192597,3
33.56659,0.1975683,49.333368829341545,8.569663984312418,0,1,6330.838,-0.37488222,3,1,false,false,-15.414453,4.047235,9.698051,-1.4264605,3
33.621155,0.19768839,49.33336388412722,8.569665635511146,0,1,6349.5312,-0.37852117,3,1,false,false,-15.280802,4.069796,9.537468,-1.4337901,3
33.677288,0.1978087,49.333358938912895,8.56966714858519,0,1,6363.9277,-0.3821601,3,1,false,false,-15.3211775,4.2341933,9.634596,-1.4411557,3
33.736263,0.19792922,49.33335399342417,8.569668662079065,0,1,6365.4277,-0.38507286,3,1,false,false,-15.167733,4.365549,9.568661,-1.4484345,3
33.797165,0.19805017,49.33334904820985,8.569670175153108,0,1,6360.915,-0.3870133,3,1,false,false,-14.565379,4.45401,9.046464,-1.455526,3
33.85972,0.1981721,49.33334401299273,8.56967155094213,0,1,6362.0356,-0.38822564,3,1,false,false,-13.676838,4.3994126,8.441834,-1.4622636,3
33.92194,0.19829427,49.333339067504006,8.569672926731155,0,1,6370.0107,-0.38895467,3,1,false,false,-13.435963,4.3624287,8.431064,-1.4684974,3
33.981236,0.19841665,49.33333403228689,8.569674164815327,0,1,6380.5225,-0.39089522,3,1,false,false,-15.035207,4.164677,9.925656,-1.4743627,3
34.036495,0.19853924,49.33332899706978,8.569675540604349,0,1,6388.484,-0.39599037,3,1,false,false,-16.192457,4.0009446,11.23573,-1.4803501,3
34.08941,0.19866201,49.33332396185266,8.569676640983669,0,1,6401.384,-0.39599046,3,1,false,false,-16.479527,3.877746,10.969278,-1.4868554,3
34.14109,0.19878583,49.33331892663555,8.569677741362987,0,1,6423.9463,-0.38846865,3,1,false,false,-15.542234,3.7790067,9.775273,-1.4940275,3
34.194065,0.19891003,49.33331380141564,8.569678842162139,0,1,6451.952,-0.37245482,3,1,false,false,-13.943558,3.887189,8.672283,-1.5016366,3
34.255203,0.19903441,49.33330876619852,8.569679942541459,0,1,6469.6885,-0.35110372,3,1,false,false,-12.900458,4.4807715,8.074264,-1.5091428,3
34.324455,0.199159,49.33330364097862,8.569680905635758,0,1,6451.892,-0.32635382,3,1,false,false,-13.004563,4.819,8.640375,-1.515965,3
34.394962,0.19928384,49.33329851603311,8.569681868730058,0,1,6413.294,-0.30524567,3,1,false,false,-13.870756,4.772653,9.737027,-1.5219159,3
34.460583,0.19940946,49.3332933908132,8.569682694119505,0,1,6397.6616,-0.28898877,3,1,false,false,-14.872403,4.340606,10.618906,-1.5272441,3
34.517365,0.19953585,49.333288265593296,8.569683519508953,0,1,6419.6006,-0.27297488,3,1,false,false,-14.812381,3.7684116,10.392308,-1.532436,3
34.567574,0.19966239,49.33328314037339,8.5696843448984,0,1,6463.615,-0.25307822,3,1,false,false,-14.005694,3.4677777,9.824262,-1.5378757,3
34.61858,0.19978906,49.333277925425094,8.569685033002829,0,1,6508.936,-0.23318145,3,1,false,false,-13.469257,3.667361,9.414354,-1.5437074,3
34.67706,0.19991586,49.33327280020519,8.569685720687424,0,1,6532.085,-0.20819038,3,1,false,false,-12.783384,4.169154,9.161805,-1.5498022,3
34.743584,0.20004316,49.333267585256884,8.569686271086999,0,1,6521.7754,-0.18368357,3,1,false,false,-12.204563,4.5498695,9.013479,-1.5557786,3
34.814213,0.20017153,49.33326246003698,8.569686821066743,0,1,6497.5967,-0.15675014,3,1,false,false,-11.634544,4.6622505,8.677328,-1.5612668,3
34.88442,0.20030011,49.333257244814284,8.569687371466319,0,1,6487.1714,-0.12447844,3,1,false,false,-11.592639,4.5093255,9.2288885,-1.5661036,3
34.950554,0.20042884,49.33325202986598,8.569687784161044,0,1,6491.9526,-0.089780204,3,1,false,false,-12.305028,4.2188253,10.510121,-1.5703328,3
35.012867,0.20055771,49.33324672491489,8.569688334560619,0,1,6503.95,-0.046345957,3,1,false,false,-12.387187,4.057798,11.354393,-1.5742085,3
35.074833,0.20068692,49.33324150969219,8.569688609550491,0,1,6522.3774,0.0053382665,3,1,false,false,-11.375563,4.0195136,10.540717,-1.5779278,3
35.138042,0.20081797,49.3332362947439,8.569689022245214,0,1,6544.5884,0.06260379,3,1,false,false,-9.383599,4.0503116,9.697677,-1.5814406,3
35.205494,0.20094915,49.33323098979281,8.569689297654918,0,1,6564.2217,0.1288488,3,1,false,false,-7.770449,4.307825,8.22656,-1.5844975,3
35.278965,0.20108043,49.333225684841715,8.56968957264479,0,1,6565.6074,0.19509384,3,1,false,false,-6.9807777,4.5953236,8.519948,-1.5867114,3
35.355568,0.20121185,49.33322046961902,8.569689847634661,0,1,6544.4033,0.25648674,3,1,false,false,-6.7119174,4.667468,10.6665945,-1.5877632,3
35.432224,0.20134349,49.33321516466793,8.569690123044365,0,1,6523.392,0.31035817,3,1,false,false,-5.682763,4.5293074,11.444071,-1.5876299,3
35.505466,0.20147605,49.33320976971405,8.569690260329386,0,1,6526.5127,0.35573673,3,1,false,false,-3.9536085,4.2200284,10.3158655,-1.5863898,3
35.573154,0.2016087,49.33320446476296,8.569690398034238,0,1,6553.3657,0.39674735,3,1,false,false,-2.4155784,3.7948568,8.970509,-1.5841556,3
35.639492,0.20174144,49.33319915981187,8.569690673024109,0,1,6590.926,0.42708072,3,1,false,false,-1.1572652,3.8857424,8.199698,-1.5810682,3
35.71062,0.20187429,49.33319385486078,8.56969081072896,0,1,6612.148,0.4523182,3,1,false,false,-0.035903774,4.158069,8.886781,-1.5771952,3
35.78505,0.20200728,49.3331884599069,8.569690948433813,0,1,6601.733,0.47343048,3,1,false,false,1.5979624,4.23643,10.285848,-1.5725563,3
35.858414,0.20214039,49.33318306495302,8.569691223423685,0,1,6591.573,0.48993233,3,1,false,false,3.0279887,4.0140676,9.786331,-1.567171,3
35.92573,0.20227364,49.33317776000193,8.569691361128537,0,1,6614.1777,0.5030368,3,1,false,false,4.3879557,3.5721183,9.363431,-1.5611029,3
35.98777,0.20240702,49.33317236532245,8.569691636118408,0,1,6661.45,0.5095889,3,1,false,false,5.3677773,3.4141383,9.116971,-1.5544523,3
36.051308,0.20254055,49.333166970368566,8.56969177382326,0,1,6699.483,0.51031655,3,1,false,false,6.262725,3.7607262,9.27535,-1.5473083,3
36.12069,0.20267422,49.333161575414685,8.569692048813133,0,1,6702.521,0.5049778,3,1,false,false,7.305821,3.9907663,9.507418,-1.539857,3
36.19108,0.2028081,49.33315609045802,8.569692324222837,0,1,6687.02,0.49405771,3,1,false,false,8.57643,4.029794,10.280981,-1.5322479,3
36.259224,0.20294215,49.333150695778535,8.569692599212708,0,1,6691.023,0.4821666,3,1,false,false,9.359878,3.8443794,9.851989,-1.5244651,3
36.323044,0.20307638,49.333145300824654,8.569693011907432,0,1,6713.3945,0.46712145,3,1,false,false,9.733213,3.641422,9.428841,-1.516581,3
36.38422,0.20321082,49.33313981586798,8.569693424602155,0,1,6735.1255,0.45159042,3,1,false,false,9.697975,3.5560288,8.70352,-1.5087389,3
36.44543,0.20334542,49.3331344211885,8.56969383729688,0,1,6752.622,0.4350891,3,1,false,false,9.987993,3.6505084,8.876793,-1.501031,3
36.507584,0.20348021,49.33312893623183,8.569694249991603,0,1,6767.174,0.42101392,3,1,false,false,11.175869,3.7277446,10.0449915,-1.493468,3
36.56786,0.20361517,49.333123451549554,8.56969480039118,0,1,6775.58,0.410822,3,1,false,false,12.242053,3.6492727,10.7458105,-1.485944,3
36.626522,0.20375034,49.33311796659288,8.569695350790754,0,1,6788.5176,0.40281364,3,1,false,false,12.691438,3.5562878,10.262441,-1.4782633,3
36.6831,0.20388569,49.33311248191061,8.569696038475351,0,1,6810.447,0.39262182,3,1,false,false,12.30004,3.4712584,9.240421,-1.4703518,3
36.739902,0.20402123,49.33310699695394,8.569696588874926,0,1,6834.7876,0.38145915,3,1,false,false,11.768924,3.597086,8.60823,-1.4623208,3
36.799744,0.20415698,49.33310151227167,8.569697276559522,0,1,6847.562,0.37102473,3,1,false,false,12.305563,3.8345513,9.2214155,-1.4544257,3
36.861576,0.20429292,49.333096027314994,8.569698101948969,0,1,6841.66,0.36471534,3,1,false,false,13.489624,3.9678926,10.192619,-1.4468334,3
36.923103,0.20442906,49.333090542632725,8.569698927338417,0,1,6831.3345,0.3622888,3,1,false,false,13.404694,3.8960962,9.6502905,-1.4395343,3
36.98125,0.20456539,49.33308505767605,8.569699752727864,0,1,6836.4785,0.36228874,3,1,false,false,13.486461,3.6234107,9.637583,-1.4324969,3
37.03409,0.20470195,49.333079572993775,8.569700715822163,0,1,6862.2583,0.3652,3,1,false,false,13.788005,3.3590133,9.804479,-1.4255067,3
37.085945,0.2048387,49.33307399830871,8.569701678916463,0,1,6894.712,0.3698116,3,1,false,false,13.923392,3.4767406,9.517041,-1.4183745,3
37.139977,0.2049756,49.33306851335204,8.569702642010762,0,1,6908.064,0.37612042,3,1,false,false,14.105941,3.565313,9.646742,-1.411186,3
37.19478,0.20511271,49.33306293866698,8.569703742390082,0,1,6907.4556,0.38218692,3,1,false,false,14.3995495,3.6564806,9.879632,-1.403934,3
37.250145,0.20524998,49.3330574537103,8.569704842769402,0,1,6915.974,0.389225,3,1,false,false,15.209143,3.692787,10.207083,-1.396533,3
37.30456,0.20538752,49.333051969028034,8.569706081273406,0,1,6925.696,0.3950484,3,1,false,false,15.079696,3.6576028,9.705733,-1.3890214,3
37.359333,0.20552525,49.33304639434297,8.569707319357576,0,1,6928.0825,0.3994168,3,1,false,false,14.227581,3.695949,9.414106,-1.381585,3
37.413017,0.20566316,49.3330408196579,8.569708557441748,0,1,6933.5957,0.4023281,3,1,false,false,15.771563,3.5841227,9.97748,-1.3743156,3
37.46516,0.20580125,49.333035334701236,8.56970993323077,0,1,6944.994,0.40524024,3,1,false,false,16.043695,3.5939193,10.531134,-1.36703,3
37.516262,0.20593952,49.33302976001617,8.569711446304815,0,1,6952.4795,0.40766674,3,1,false,false,16.626427,3.5413737,11.112262,-1.3597023,3
37.56542,0.20607807,49.3330242753339,8.56971295979869,0,1,6959.641,0.40960872,3,1,false,false,16.12001,3.3972893,10.220871,-1.3522171,3
37.614197,0.20621678,49.33301870037444,8.569714472872732,0,1,6978.7993,0.41106498,3,1,false,false,15.746683,3.462311,9.7205,-1.3445183,3
37.664845,0.20635566,49.33301321569216,8.569716123651627,0,1,6996.423,0.4122783,3,1,false,false,15.434873,3.5115433,9.281037,-1.3368019,3
37.71719,0.2064947,49.3330076410071,8.569717774430524,0,1,6996.609,0.4154326,3,1,false,false,15.468338,3.6967351,9.824959,-1.329279,3
37.769947,0.20663393,49.33300206632204,8.56971956291427,0,1,6990.825,0.4210139,3,1,false,false,16.606054,3.6340294,10.7760515,-1.3220202,3
37.819447,0.20677345,49.332996581365364,8.569721351398018,0,1,6993.1187,0.42780805,3,1,false,false,17.432886,3.465952,11.302174,-1.3147899,3
37.866043,0.20691313,49.3329910066803,8.569723277586617,0,1,7006.668,0.4348461,3,1,false,false,17.056175,3.2918055,10.302254,-1.3073697,3
37.911373,0.20705295,49.33298552172363,8.569725203355384,0,1,7025.929,0.44066986,3,1,false,false,16.075138,3.2296815,9.465599,-1.2997425,3
37.95712,0.20719293,49.33297994703857,8.569727129543983,0,1,7046.0093,0.44309747,3,1,false,false,16.178034,3.3014605,9.873813,-1.2920059,3
38.004925,0.2073331,49.33297446235629,8.5697291930176,0,1,7058.4443,0.44382465,3,1,false,false,16.133776,3.5270138,9.627589,-1.2842355,3
38.0559,0.20747353,49.33296888767123,8.569731394196072,0,1,7055.68,0.44358218,3,1,false,false,15.368275,3.6343555,8.995581,-1.2766701,3
38.106956,0.20761411,49.332963402714554,8.569733595374544,0,1,7051.4663,0.44188318,3,1,false,false,15.54927,3.51235,9.429357,-1.2694389,3
38.153862,0.20775485,49.33295782802949,8.569735796133182,0,1,7063.602,0.4416411,3,1,false,false,16.104242,3.3507771,10.167543,-1.262267,3
38.19994,0.20789574,49.332952343347216,8.569738135016504,0,1,7083.212,0.44164112,3,1,false,false,16.334955,3.2385793,10.057366,-1.2550248,3
38.242817,0.20803684,49.33294685839055,8.569740473899827,0,1,7096.5835,0.44115546,3,1,false,false,16.306864,3.0734217,10.201562,-1.2476355,3
38.284225,0.20817813,49.33294137370827,8.56974295006817,0,1,7115.702,0.43969926,3,1,false,false,16.575432,3.079118,9.975955,-1.2398698,3
38.326954,0.20831956,49.33293588875161,8.569745426236512,0,1,7139.0146,0.43678704,3,1,false,false,16.59839,3.2010658,9.859012,-1.2317574,3
38.37255,0.20846112,49.33293031406654,8.569748040109708,0,1,7146.9175,0.43387577,3,1,false,false,16.146807,3.42365,9.785008,-1.2235507,3
38.420235,0.20860285,49.33292482910987,8.569750653982902,0,1,7141.476,0.43169087,3,1,false,false,16.986269,3.545893,10.148955,-1.2153915,3
38.467747,0.20874482,49.332919344427594,8.569753405141117,0,1,7134.6104,0.43047762,3,1,false,false,17.437752,3.4713724,10.733218,-1.2072778,3
38.51285,0.20888697,49.33291394947371,8.569756156719164,0,1,7136.368,0.42756632,3,1,false,false,17.627235,3.4160883,10.787887,-1.1991862,3
38.555218,0.20902926,49.332908464791444,8.56975890829721,0,1,7147.478,0.42295492,3,1,false,false,17.284729,3.1835876,10.209308,-1.1911204,3
38.59596,0.20917168,49.33290297983477,8.569761797160277,0,1,7165.782,0.4176162,3,1,false,false,17.147434,3.1641583,9.693004,-1.1831348,3
38.636593,0.20931435,49.332897495152494,8.569764823728194,0,1,6917.828,0.41179267,3,1,false,false,18.194836,2.9892278,11.205771,-1.1752689,3
38.633167,0.20945735,49.33289210019861,8.569767850296113,0,1,6781.7295,0.40766677,0,1,false,false,19.131002,-0.47520307,12.07865,-1.1675371,3
38.621666,0.20960027,49.33288670524474,8.569771014568884,0,1,6281.6904,0.40475464,4,1,false,false,19.797335,2.5034375,12.7897625,-1.159973,3
38.70452,0.20974332,49.33288122056246,8.569774178421822,0,1,5463.8574,0.40087223,4,1,false,false,18.953424,6.5215564,11.435059,-1.1518527,3
38.762474,0.20988664,49.33287582560858,8.569777342694593,0,1,5648.73,0.39456278,4,1,false,false,18.686407,2.3750253,10.956613,-1.1429118,3
38.77427,0.21002993,49.332870520657494,8.569780781957235,0,1,5913.5996,0.3863123,4,1,false,false,19.328983,1.8878027,11.838619,-1.1342063,3
38.81713,0.21017317,49.33286512570361,8.569784083515025,0,1,5788.455,0.3783045,4,1,false,false,18.765078,4.48848,11.128998,-1.1261997,3
38.881157,0.21031661,49.33285973074973,8.569787522777666,0,1,5646.012,0.36981153,4,1,false,false,18.259527,4.38977,10.564981,-1.1187963,3
38.927956,0.21046025,49.332854425798644,8.569791099745162,0,1,5714.4697,0.36544308,4,1,false,false,16.706047,3.0225983,9.341109,-1.1119634,3
38.96423,0.21060401,49.33284903084476,8.569794676292823,0,1,5787.0483,0.36592868,4,1,false,false,17.313452,2.978285,10.430793,-1.1060328,3
39.005383,0.2107477,49.332843725893675,8.56979839096517,0,1,5755.778,0.3729653,4,1,false,false,18.279875,3.2964375,11.673149,-1.1005503,3
39.04921,0.21089152,49.33283842094258,8.569802105217683,0,1,5736.841,0.3814593,4,1,false,false,17.560534,3.2592862,10.807706,-1.0947856,3
39.08628,0.21103546,49.33283311599149,8.56980581989003,0,1,5780.1743,0.3848565,4,1,false,false,16.276463,2.6606216,9.451455,-1.0885539,3
39.12356,0.21117954,49.3328278110404,8.569809671847395,0,1,5824.185,0.38315758,4,1,false,false,16.3941,2.977317,10.591654,-1.0818173,3
39.16871,0.21132368,49.332822506089315,8.569813661089782,0,1,5821.346,0.37612057,4,1,false,false,16.716778,3.550239,10.531376,-1.074733,3
39.21945,0.2114679,49.332817290866615,8.569817650751999,0,1,5793.7827,0.36592862,4,1,false,false,16.435505,3.650493,10.082472,-1.0675801,3
39.268085,0.21161227,49.33281198591553,8.569821640414217,0,1,5787.3257,0.35306707,4,1,false,false,16.165186,3.4077694,10.19013,-1.0605563,3
39.31308,0.2117568,49.332806770967224,8.569825767361456,0,1,5805.633,0.33899286,4,1,false,false,16.393648,3.2864385,11.075968,-1.0536588,3
39.357216,0.2119015,49.33280155574453,8.569829894728525,0,1,5813.187,0.32758775,4,1,false,false,17.264757,3.293144,11.508679,-1.0468968,3
39.401436,0.21204625,49.33279634079623,8.569834159380616,0,1,5807.8945,0.31545392,4,1,false,false,16.064917,3.2539446,10.494515,-1.0402212,3
39.445133,0.21219112,49.332791125573536,8.569838424032705,0,1,5819.9385,0.3042918,4,1,false,false,16.287205,3.154878,10.49719,-1.0336691,3
39.48869,0.21233612,49.33278591062523,8.569842825969815,0,1,5842.4624,0.29604095,4,1,false,false,16.10396,3.3584204,10.558063,-1.0271702,3
39.537308,0.21248132,49.332780785405326,8.569847228326756,0,1,5840.6235,0.2911877,4,1,false,false,14.94015,3.6367407,10.312932,-1.0208348,3
39.589,0.21262668,49.33277557045703,8.569851630683697,0,1,5823.76,0.2882756,4,1,false,false,14.11404,3.5484753,9.199231,-1.0149903,3
39.636185,0.21277213,49.332770445237124,8.569856170325659,0,1,5833.5825,0.28924674,4,1,false,false,15.026069,3.2603772,10.3855,-1.009477,3
39.682972,0.21291775,49.33276532001722,8.569860710387452,0,1,5852.0884,0.29846752,4,1,false,false,15.736806,3.3148158,10.669218,-1.0041004,3
39.727753,0.21306354,49.33276019479731,8.569865387734266,0,1,5847.512,0.3059898,4,1,false,false,16.05669,3.1867266,11.754283,-0.9987804,3
39.770798,0.21320948,49.3327550698518,8.56987006508108,0,1,5857.96,0.31205708,4,1,false,false,15.00476,3.1676655,10.39324,-0.9931804,3
39.818615,0.21335557,49.332750034634685,8.569874742427894,0,1,5882.806,0.3137551,4,1,false,false,15.772602,3.2890413,11.279898,-0.987397,3
39.865974,0.21350181,49.33274490941478,8.56987955747956,0,1,5871.57,0.31254178,4,1,false,false,15.506436,3.4673128,11.106571,-0.981589,3
39.916252,0.21364823,49.332739874197664,8.569884510236076,0,1,5861.234,0.30963048,4,1,false,false,15.320238,3.4743228,11.209729,-0.9758092,3
39.96397,0.21379484,49.33273483898055,8.56988932486791,0,1,5868.873,0.30332106,4,1,false,false,15.198657,3.2525787,10.912118,-0.9701481,3
40.010426,0.21394162,49.332729803763435,8.569894277624428,0,1,5882.031,0.29531324,4,1,false,false,14.977657,3.2445257,10.887935,-0.9645962,3
40.05725,0.21408857,49.33272476854631,8.569899367665965,0,1,5886.1196,0.28584898,4,1,false,false,14.8646145,3.2534902,11.387577,-0.959181,3
40.104763,0.21423571,49.3327197330548,8.569904457707501,0,1,5888.769,0.2749294,4,1,false,false,14.873889,3.2795744,11.339569,-0.9538147,3
40.15223,0.21438302,49.33271478784048,8.56990954774904,0,1,5897.608,0.26522273,4,1,false,false,14.494472,3.2629404,11.079501,-0.9484339,3
40.19943,0.21453051,49.332709752623366,8.569914775495429,0,1,5906.354,0.25575954,4,1,false,false,13.812064,3.2258818,10.962878,-0.94309676,3
40.24781,0.21467821,49.33270480740904,8.569920003241819,0,1,5914.7207,0.24847889,4,1,false,false,13.544639,3.3139453,11.154671,-0.9378329,3
40.297234,0.21482612,49.33269986192031,8.569925230988208,0,1,5919.6226,0.24289805,4,1,false,false,13.981025,3.3425732,12.0795555,-0.932676,3
40.346584,0.2149742,49.33269491670599,8.569930596019617,0,1,5920.5654,0.24071354,4,1,false,false,13.657228,3.3502557,10.962369,-0.9276043,3
40.39643,0.21512248,49.33268997121726,8.569935961470858,0,1,5926.2134,0.24022886,4,1,false,false,12.554681,3.3261924,10.040897,-0.92268205,3
40.446068,0.21527097,49.332685116005734,8.569941464207119,0,1,5934.009,0.2419268,4,1,false,false,12.590177,3.2903209,10.918389,-0.91803247,3
40.495842,0.21541971,49.33268017051701,8.56994682965836,0,1,5939.448,0.24556765,4,1,false,false,13.425799,3.3649192,12.38988,-0.91355675,3
40.54568,0.21556866,49.33267531530547,8.569952469679642,0,1,5939.654,0.24993515,4,1,false,false,13.411694,3.295843,11.791419,-0.9091362,3
40.593014,0.21571776,49.332670459819546,8.569957972835734,0,1,5946.6616,0.25357455,4,1,false,false,12.843323,3.1158152,11.315171,-0.904672,3
40.640686,0.21586709,49.33266560433361,8.569963613276848,0,1,5969.961,0.25600106,4,1,false,false,11.919055,3.2158055,10.532752,-0.90001976,3
40.691616,0.2160167,49.33266074884768,8.569969253298128,0,1,5979.0913,0.2569728,4,1,false,false,11.27094,3.4129562,9.625737,-0.8954141,3
40.744305,0.21616651,49.332655893636144,8.569975031444093,0,1,5967.395,0.25745738,4,1,false,false,11.165359,3.4253986,10.13912,-0.89117277,3
40.795708,0.21631654,49.332651128153,8.569980671885206,0,1,5967.3906,0.2603696,4,1,false,false,11.82966,3.3092194,10.994523,-0.8872015,3
40.84328,0.21646674,49.33264627266707,8.56998644961134,0,1,5982.717,0.2652228,4,1,false,false,12.1533985,2.9896936,11.72745,-0.8832314,3
40.88747,0.21661721,49.33264150718393,8.569992365462156,0,1,6001.8086,0.26837736,4,1,false,false,11.681897,2.865143,10.750639,-0.8790017,3
40.93285,0.21676794,49.33263674170079,8.569998280893142,0,1,6027.9297,0.26837745,4,1,false,false,11.081291,3.105277,10.256403,-0.8743015,3
40.982315,0.21691884,49.33263197621765,8.570004196324126,0,1,6038.886,0.2654653,4,1,false,false,11.130424,3.3046029,10.622744,-0.8692921,3
41.03557,0.21706994,49.33262721073451,8.570010111755112,0,1,6027.4478,0.26158288,4,1,false,false,11.550045,3.5495353,11.1589155,-0.86421245,3
41.088585,0.21722125,49.33262244525136,8.570016027605929,0,1,6015.776,0.25769994,4,1,false,false,12.197031,3.4175053,12.260099,-0.85920686,3
41.138336,0.21737295,49.332617769496615,8.570022080741765,0,1,6019.9756,0.25430322,4,1,false,false,11.751449,3.21147,10.909678,-0.85429937,3
41.186325,0.21752484,49.332613004013474,8.570028271162622,0,1,6034.106,0.2499351,4,1,false,false,11.760818,3.153599,11.352145,-0.84953004,3
41.23405,0.21767691,49.33260832853312,8.570034324298458,0,1,6043.145,0.24580973,4,1,false,false,11.469519,3.204965,10.798679,-0.8448923,3
41.283695,0.21782915,49.33260365305277,8.570040515139148,0,1,6046.637,0.24338311,4,1,false,false,11.710585,3.285781,11.079558,-0.8403839,3
41.332527,0.21798174,49.33259897729802,8.570046705560005,0,1,6047.393,0.24289802,4,1,false,false,10.595692,3.2020857,9.628315,-0.8360685,3
41.380867,0.2181346,49.33259430181767,8.570053034105545,0,1,6059.624,0.24411127,4,1,false,false,10.444129,3.1133382,9.968943,-0.83197606,3
41.4275,0.21828763,49.33258962606292,8.570059224526402,0,1,6075.4697,0.24847883,4,1,false,false,10.448537,3.076465,10.080643,-0.82799983,3
41.475315,0.21844082,49.332585040585364,8.57006555265211,0,1,6087.2544,0.2530899,4,1,false,false,10.308442,3.0831182,9.841807,-0.82400835,3
41.52126,0.21859415,49.33258036483061,8.57007188119765,0,1,6096.941,0.2572153,4,1,false,false,10.20082,2.959004,9.98047,-0.8199048,3
41.566776,0.2187475,49.33257577935306,8.570078347028211,0,1,6118.5933,0.2603696,4,1,false,false,10.764176,3.0764775,11.043742,-0.8154926,3
41.6148,0.218901,49.3325711936011,8.570084812858772,0,1,6133.379,0.26133984,4,1,false,false,10.455612,3.1913874,10.001806,-0.8107132,3
41.66488,0.21905468,49.33256660784914,8.570091278689333,0,1,6127.991,0.25988394,4,1,false,false,9.732494,3.3168585,8.786871,-0.8058327,3
41.715923,0.21920852,49.332562022371576,8.570097744519893,0,1,6127.0234,0.25672972,4,1,false,false,9.897915,3.343345,9.261412,-0.8010744,3
41.76721,0.21936241,49.33255743661962,8.570104347635475,0,1,6130.3325,0.2547878,4,1,false,false,10.244243,3.3483236,9.355178,-0.7965567,3
41.815643,0.21951643,49.33255285086766,8.570110951170888,0,1,6125.786,0.2538176,4,1,false,false,10.908292,3.0536995,9.928987,-0.79236627,3
41.859703,0.21967061,49.33254835511849,8.570117554286467,0,1,6137.029,0.25381756,4,1,false,false,11.167965,2.8497887,10.762111,-0.78818625,3
41.902584,0.21982495,49.33254385936932,8.57012415782188,0,1,6168.6177,0.25163406,4,1,false,false,11.032585,2.8838084,10.811299,-0.78367627,3
41.946293,0.2199794,49.33253936362016,8.570130898642313,0,1,6185.9263,0.24459645,4,1,false,false,10.613662,2.9760058,9.756494,-0.77883524,3
41.993885,0.22013399,49.33253486787099,8.570137639882578,0,1,6190.3843,0.23125029,4,1,false,false,10.356113,3.3029668,9.574408,-0.77376634,3
42.04496,0.22028877,49.33253037212182,8.57014438070301,0,1,6188.3125,0.21644789,4,1,false,false,10.426848,3.4215918,9.953587,-0.7687211,3
42.096478,0.2204437,49.33252587637266,8.570151121523443,0,1,6178.065,0.20140281,4,1,false,false,10.740634,3.3992312,10.601158,-0.7639653,3
42.14603,0.2205988,49.33252147062628,8.570158000048727,0,1,6173.726,0.18878484,4,1,false,false,10.80604,3.2237706,10.605843,-0.7595602,3
42.192642,0.22075403,49.33251697487711,8.57016487857401,0,1,6185.2783,0.17956372,4,1,false,false,10.90122,3.0629015,10.922774,-0.7554113,3
42.237675,0.2209094,49.332512569130735,8.570171757099295,0,1,6201.913,0.17301172,4,1,false,false,10.861146,3.0233824,10.504585,-0.7513654,3
42.283768,0.22106494,49.332508163109964,8.570178773329431,0,1,6211.3174,0.16961487,4,1,false,false,10.36731,3.142163,9.969675,-0.7473604,3
42.33152,0.22122064,49.33250375736358,8.570185789559568,0,1,6213.711,0.16912933,4,1,false,false,10.378999,3.191544,10.340817,-0.7434729,3
42.38007,0.22137646,49.33249935161721,8.570192805369873,0,1,6216.462,0.17155589,4,1,false,false,10.462085,3.258748,10.955853,-0.7396898,3
42.42853,0.22153243,49.33249503559922,8.570199821600008,0,1,6218.968,0.17568128,4,1,false,false,10.741771,3.2073221,11.174632,-0.7360137,3
42.475674,0.22168857,49.33249062985285,8.570206975115164,0,1,6222.481,0.17956372,4,1,false,false,10.46469,3.0913775,10.468145,-0.73238766,3
42.522697,0.2218449,49.33248631383486,8.570214129050154,0,1,6233.6187,0.18344614,4,1,false,false,10.009243,3.1555517,10.100807,-0.7287796,3
42.570316,0.22200133,49.332481998091275,8.57022128256531,0,1,6240.6167,0.18611574,4,1,false,false,9.826965,3.1528027,10.209082,-0.7252817,3
42.618633,0.22215791,49.33247768207329,8.570228436500297,0,1,6239.7983,0.18951258,4,1,false,false,10.084519,3.1996489,10.332959,-0.72193104,3
42.66632,0.22231467,49.33247336605531,8.570235727720306,0,1,6241.444,0.19436665,4,1,false,false,10.037399,3.1031396,10.462723,-0.7186765,3
42.712414,0.2224716,49.33246914004012,8.570243018940314,0,1,6250.272,0.20043257,4,1,false,false,9.776396,3.0058794,10.266553,-0.71544456,3
42.75764,0.22262865,49.33246482429653,8.570250310160322,0,1,6265.1357,0.2067416,4,1,false,false,9.569142,2.9972649,10.262492,-0.71214694,3
42.803318,0.22278583,49.33246059828134,8.57025760138033,0,1,6276.009,0.21183777,4,1,false,false,9.600336,3.029608,10.281226,-0.7087469,3
42.84994,0.22294317,49.332456372266144,8.570265029885359,0,1,6280.9785,0.2166904,4,1,false,false,9.481909,3.0804656,10.048322,-0.70523167,3
42.896564,0.22310069,49.33245214625095,8.57027245881022,0,1,6286.9736,0.2198456,4,1,false,false,9.280765,3.0420957,10.207092,-0.70162815,3
42.94293,0.22325836,49.33244792023576,8.57027988773508,0,1,6295.574,0.22105886,4,1,false,false,9.237716,3.0401452,10.019886,-0.6979558,3
42.989735,0.22341615,49.332443694220565,8.57028731665994,0,1,6303.5913,0.22033024,4,1,false,false,9.15001,3.0600052,9.407035,-0.69422853,3
43.036522,0.22357412,49.33243955820816,8.570294745164967,0,1,6308.312,0.217419,4,1,false,false,8.646791,3.0304916,8.619983,-0.69052655,3
43.082836,0.22373225,49.332435332192965,8.570302311794679,0,1,6315.7036,0.21402131,4,1,false,false,8.489355,2.9979758,9.2974,-0.686917,3
43.128334,0.22389054,49.33243119590617,8.57030987800456,0,1,6327.5737,0.21135168,4,1,false,false,8.805648,2.9327328,9.840461,-0.6833682,3
43.17257,0.22404896,49.33242705989377,8.57031744421444,0,1,6340.05,0.20941119,4,1,false,false,9.228584,2.836517,10.050509,-0.67975366,3
43.215397,0.22420754,49.33242292388136,8.570325148549003,0,1,6354.4995,0.20746925,4,1,false,false,9.069062,2.831979,9.98266,-0.67588896,3
43.260307,0.22436626,49.33241878759456,8.570332714758884,0,1,6371.26,0.20310219,4,1,false,false,9.095005,3.0200276,9.869698,-0.6717318,3
43.30854,0.22452517,49.332414651582155,8.570340418673617,0,1,6374.3306,0.19582152,4,1,false,false,9.075149,3.2270184,9.489261,-0.6674436,3
43.358982,0.22468422,49.33241060557255,8.570348122588348,0,1,6362.3643,0.18732905,4,1,false,false,9.381665,3.3534634,10.330241,-0.66325223,3
43.40847,0.22484349,49.33240646928574,8.57035582650308,0,1,6352.4136,0.17859343,4,1,false,false,9.654044,3.1673932,11.016013,-0.6592914,3
43.454937,0.2250029,49.332402423276136,8.570363668122663,0,1,6357.8228,0.17058565,4,1,false,false,9.7047415,2.9747677,10.819258,-0.6555535,3
43.498863,0.22516248,49.332398376992124,8.570371509742248,0,1,6372.773,0.16112144,4,1,false,false,9.29497,2.9131289,9.776673,-0.65195304,3
43.543327,0.22532223,49.33239433098251,8.570379350942,0,1,6385.1313,0.15262893,4,1,false,false,9.028471,2.9808514,9.648362,-0.6484819,3
43.589832,0.22548215,49.33239037470129,8.570387192561583,0,1,6387.7275,0.1468055,4,1,false,false,8.755558,3.0904088,9.798226,-0.64519584,3
43.636677,0.22564222,49.332386328417286,8.570395034181168,0,1,6387.228,0.1448636,4,1,false,false,8.722485,3.0482233,9.996123,-0.6421256,3
43.682354,0.22580247,49.33238237213607,8.570403013085771,0,1,6395.1406,0.14534917,4,1,false,false,8.087553,2.8969712,8.718298,-0.63926387,3
43.72568,0.22596292,49.33237832612645,8.570410992410206,0,1,6412.8906,0.14753324,4,1,false,false,8.1693535,2.8154511,9.5629225,-0.63651794,3
43.768856,0.22612353,49.33237436984523,8.570418971314812,0,1,6429.28,0.1533561,4,1,false,false,8.016107,2.8509872,9.712686,-0.6337186,3
43.814613,0.2262843,49.332370413564014,8.570426950639247,0,1,6436.543,0.15675431,4,1,false,false,8.21698,2.9587154,9.539205,-0.6308093,3
43.860027,0.22644523,49.332366457282795,8.570435067248702,0,1,6439.8394,0.15918049,4,1,false,false,7.951423,3.0095038,9.160009,-0.6277889,3
43.907158,0.22660638,49.33236259100437,8.570443046153306,0,1,6449.566,0.15942347,4,1,false,false,8.044398,3.0950146,9.514744,-0.6246868,3
43.955185,0.22676773,49.33235863472315,8.570451162762762,0,1,6448.536,0.15845324,4,1,false,false,8.031,3.0813358,9.817779,-0.6216114,3
44.002743,0.22692926,49.33235476817032,8.57045927979205,0,1,6443.5566,0.15578364,4,1,false,false,8.025774,3.0327144,9.960133,-0.6186339,3
44.04859,0.22709094,49.3323508118891,8.570467396401506,0,1,6452.16,0.15165822,4,1,false,false,7.9770203,2.9057362,9.799277,-0.615707,3
44.093266,0.22725286,49.332346945610674,8.57047565029598,0,1,6466.98,0.14704712,4,1,false,false,8.133844,2.865722,9.802975,-0.6127782,3
44.138275,0.22741498,49.33234307933225,8.57048376732527,0,1,6474.06,0.14243706,4,1,false,false,8.013182,2.9391892,10.147055,-0.6098249,3
44.184513,0.22757725,49.332339213053814,8.570492021219746,0,1,6476.451,0.13782695,4,1,false,false,7.8074207,2.9912093,10.400715,-0.606878,3
44.23105,0.22773974,49.33233534650099,8.570500275534053,0,1,6480.6646,0.1329733,4,1,false,false,8.047187,3.0077376,10.654356,-0.60396445,3
44.277534,0.22790243,49.33233157022535,8.570508529848361,0,1,6485.723,0.12763555,4,1,false,false,7.815137,2.9957597,9.885346,-0.6010776,3
44.32396,0.22806539,49.33232770394692,8.570516921447688,0,1,6488.1816,0.122781925,4,1,false,false,7.4877825,2.9738014,9.827214,-0.59830326,3
44.37035,0.22822846,49.332323927396885,8.570525175761995,0,1,6492.0884,0.119627655,4,1,false,false,7.1359124,2.9816453,9.485057,-0.5956958,3
44.416477,0.22839175,49.33232015112125,8.570533567781155,0,1,6497.7173,0.11841437,4,1,false,false,7.1293154,2.92456,9.7354355,-0.5932999,3
44.461315,0.22855528,49.332316374571214,8.570541959380483,0,1,6503.4585,0.11914207,4,1,false,false,7.029372,2.8202853,9.713577,-0.5910597,3
44.50548,0.22871901,49.332312598021176,8.570550351399643,0,1,6516.497,0.12253982,4,1,false,false,6.7942944,2.787827,9.327709,-0.58886546,3
44.548733,0.2288829,49.33230882174554,8.570558880703823,0,1,6531.8877,0.12617968,4,1,false,false,6.6597047,2.7521813,9.44877,-0.586652,3
44.593,0.22904699,49.332305045195504,8.57056727230315,0,1,6544.847,0.1298191,4,1,false,false,6.3205633,2.8520882,8.836163,-0.58436185,3
44.63893,0.22921115,49.33230135864826,8.57057580160733,0,1,6550.6484,0.13297336,4,1,false,false,6.3085084,2.9174697,9.086089,-0.58204675,3
44.68543,0.22937542,49.332297582372625,8.57058419362649,0,1,6552.6245,0.13491525,4,1,false,false,6.3688145,2.9253147,9.278264,-0.57971925,3
44.73178,0.22953987,49.33229389582538,8.57059272293067,0,1,6558.731,0.13564248,4,1,false,false,6.630849,2.8731987,9.93867,-0.5773623,3
44.776787,0.2297045,49.332290209278135,8.5706013899397,0,1,6566.331,0.1351578,4,1,false,false,6.646709,2.8553662,9.711376,-0.57492626,3
44.82212,0.22986926,49.332286433002494,8.57060991924388,0,1,6575.971,0.13224564,4,1,false,false,6.325056,2.8684943,9.447278,-0.5724053,3
44.868217,0.23003423,49.33228274645525,8.570618448548059,0,1,6581.083,0.12739299,4,1,false,false,6.6222553,2.926059,9.908757,-0.5698699,3
44.915672,0.23019935,49.332279059908004,8.570627115557091,0,1,6580.9043,0.123024486,4,1,false,false,6.6362906,3.0009513,10.023718,-0.56733733,3
44.962704,0.23036465,49.33227546336355,8.570635782566121,0,1,6577.8745,0.1172016,4,1,false,false,6.7261763,2.9092298,9.816425,-0.5648856,3
45.008175,0.23053011,49.332271776816306,8.570644449575154,0,1,6583.4126,0.11234749,4,1,false,false,6.3610487,2.8591592,10.264376,-0.5625001,3
45.052994,0.23069574,49.33226809026906,8.570653116584186,0,1,6595.002,0.107494846,4,1,false,false,6.7519565,2.8095415,11.1924515,-0.5601765,3
45.097786,0.23086156,49.33226449372461,8.570661783173385,0,1,6600.7715,0.10409799,4,1,false,false,6.417281,2.8523393,10.155526,-0.5578488,3
45.14327,0.23102751,49.33226089690575,8.570670587887268,0,1,6603.722,0.10191402,4,1,false,false,6.0845776,2.8275955,9.1707945,-0.55558693,3
45.188805,0.23119365,49.3322572106329,8.5706792548963,0,1,6610.1436,0.100700706,4,1,false,false,5.8508906,2.898095,9.797924,-0.5534398,3
45.235016,0.23135994,49.33225361381405,8.570688059190351,0,1,6614.771,0.100942835,4,1,false,false,6.31341,2.9009907,11.205233,-0.55143946,3
45.279957,0.2315264,49.3322500172696,8.570696863904235,0,1,6613.5913,0.10312729,4,1,false,false,6.1515207,2.813583,10.42042,-0.5495011,3
45.32312,0.231693,49.33224642072515,8.570705668198286,0,1,6624.344,0.106524125,4,1,false,false,5.884735,2.660855,9.925453,-0.54755,3
45.366093,0.23185979,49.332242913909084,8.570714472912169,0,1,6645.033,0.10895066,4,1,false,false,5.667385,2.7159445,9.375003,-0.5455378,3
45.41163,0.23202671,49.33223931736463,8.570723414911074,0,1,6650.4863,0.11064954,4,1,false,false,5.923761,2.8940523,10.343176,-0.543546,3
45.458004,0.23219381,49.33223572082017,8.570732219624956,0,1,6641.582,0.1116198,4,1,false,false,5.786425,2.9111738,10.797856,-0.54158336,3
45.503437,0.23236108,49.33223221427851,8.57074116162386,0,1,6644.6025,0.112590544,4,1,false,false,5.896219,2.813582,10.549358,-0.53962046,3
45.546234,0.2325285,49.33222870746245,8.570750103622762,0,1,6658.531,0.11234751,4,1,false,false,5.3917637,2.6242073,9.055192,-0.537623,3
45.589638,0.23269606,49.332225110917996,8.570759045621667,0,1,6671.1357,0.11016396,4,1,false,false,5.618205,2.669879,9.622429,-0.53564894,3
45.63422,0.23286378,49.33222160410193,8.57076798762057,0,1,6675.164,0.107494816,4,1,false,false,5.573026,2.8525348,11.256816,-0.53366053,3
45.67926,0.23303169,49.33221809756027,8.570776930039305,0,1,6674.5713,0.10506824,4,1,false,false,5.31285,2.781026,9.632765,-0.5316815,3
45.72242,0.23319972,49.33221459074421,8.57078600974306,0,1,6682.276,0.10118585,4,1,false,false,4.9654593,2.7123535,9.312751,-0.52973217,3
45.765717,0.23336793,49.33221108420255,8.570794951741963,0,1,6698.302,0.09851624,4,1,false,false,5.2182,2.6893337,9.30459,-0.5278253,3
45.81,0.23353629,49.332207577386484,8.57080403144572,0,1,6702.5693,0.09730295,4,1,false,false,4.999716,2.7459118,10.343742,-0.52595514,3
45.85359,0.23370482,49.33220416057321,8.570813110729642,0,1,6701.308,0.096332714,4,1,false,false,4.9284153,2.6579642,9.547471,-0.5241322,3
45.896423,0.23387349,49.332200654031546,8.570822190433397,0,1,6716.767,0.09584713,4,1,false,false,4.9396925,2.7086666,10.484753,-0.5222812,3
45.939377,0.23404229,49.33219723721828,8.570831270137152,0,1,6731.2207,0.09536244,4,1,false,false,5.0015,2.689722,9.464171,-0.52037656,3
45.983727,0.23421128,49.33219373040222,8.570840349840909,0,1,6730.8276,0.09511945,4,1,false,false,5.0080385,2.7749178,9.86035,-0.5184681,3
46.028976,0.23438042,49.33219031386334,8.570849567249516,0,1,6729.9683,0.09439125,4,1,false,false,4.9818487,2.8067079,10.35904,-0.5165711,3
46.074566,0.23454973,49.33218689705007,8.57085864695327,0,1,6734.242,0.09414916,4,1,false,false,4.949297,2.8313808,10.0540285,-0.51471156,3
46.118053,0.23471919,49.3321834802368,8.570867863942047,0,1,6735.523,0.09342055,4,1,false,false,4.6650715,2.6887991,9.03588,-0.5129212,3
46.16141,0.2348888,49.33217997342074,8.570877081140736,0,1,6742.7935,0.09317798,4,1,false,false,4.7636857,2.656153,8.740745,-0.5112225,3
46.203896,0.2350586,49.33217655688187,8.570886298339428,0,1,6753.484,0.0924503,4,1,false,false,4.578318,2.5296423,9.617804,-0.5096041,3
46.244446,0.23522851,49.332173229796986,8.570895515748035,0,1,6763.732,0.09220728,4,1,false,false,5.340595,2.5004377,11.714018,-0.5079806,3
46.285275,0.23539859,49.33216981325812,8.570904732946726,0,1,6780.379,0.09220726,4,1,false,false,4.5535083,2.6501234,9.620421,-0.5061613,3
46.327423,0.23556882,49.33216639644485,8.570913950145417,0,1,6791.0117,0.089053474,4,1,false,false,4.3571477,2.5843103,8.194157,-0.5043027,3
46.372967,0.23573922,49.332162979631576,8.570923304839045,0,1,6794.4487,0.082986586,4,1,false,false,4.633488,3.0804021,9.358912,-0.50246215,3
46.421875,0.23590977,49.3321596528211,8.570932659742589,0,1,6778.829,0.078619495,4,1,false,false,4.5406885,2.846312,9.243837,-0.5007853,3
46.465805,0.23608051,49.332156236007826,8.57094187694128,0,1,6763.4966,0.07643503,4,1,false,false,4.184119,2.6285107,9.0781,-0.49932215,3
46.504692,0.2362514,49.33215290919734,8.570951231634906,0,1,6792.502,0.075949915,4,1,false,false,4.3483925,2.340277,10.2959795,-0.49792945,3
46.54253,0.23642242,49.33214958238686,8.57096058653845,0,1,6826.405,0.07692015,4,1,false,false,4.58551,2.269646,9.935233,-0.49646088,3
46.582928,0.23659359,49.33214616557359,8.570969941232077,0,1,6833.612,0.07861952,4,1,false,false,4.345101,2.6486096,10.73768,-0.4948618,3
46.627716,0.23676494,49.33214283876311,8.57097929613562,0,1,6831.9272,0.08080305,4,1,false,false,4.319222,2.879482,9.948892,-0.49316633,3
46.67534,0.23693644,49.332139511678236,8.570988788534098,0,1,6825.2944,0.08322915,4,1,false,false,4.790687,3.00503,10.295317,-0.4914724,3
46.72155,0.23710813,49.33213618486775,8.570998143227726,0,1,6811.0015,0.0856557,4,1,false,false,4.903128,2.7896981,9.980638,-0.48986474,3
46.765755,0.23728,49.33213285805727,8.571007635626206,0,1,6809.9224,0.088567875,4,1,false,false,4.5958796,2.5670362,9.465558,-0.48835954,3
46.80612,0.23745202,49.332129621249585,8.571017128024684,0,1,6824.431,0.0917226,4,1,false,false,4.207668,2.4843178,9.854509,-0.48695758,3
46.84561,0.23762418,49.3321262941647,8.571026482718311,0,1,6839.2896,0.09414919,4,1,false,false,4.117399,2.414458,8.701376,-0.485618,3
46.88423,0.2377965,49.33212296735422,8.571035975116791,0,1,6849.5786,0.09536247,4,1,false,false,4.0770316,2.3420813,8.300078,-0.48428723,3
46.92243,0.237969,49.33211973054654,8.571045605010205,0,1,6867.7217,0.095605016,4,1,false,false,3.8415246,2.2775075,9.2252245,-0.48288321,3
46.96134,0.2381416,49.33211640373606,8.571055097408685,0,1,6889.55,0.0963327,4,1,false,false,3.7642527,2.359651,8.940978,-0.48134613,3
47.000256,0.23831436,49.33211316665397,8.571064589807163,0,1,6902.0254,0.09633271,4,1,false,false,4.1228004,2.5105965,9.638744,-0.47967398,3
47.04166,0.23848729,49.33210983984349,8.571074082205643,0,1,6909.8315,0.09487685,4,1,false,false,4.08073,2.5807188,9.657154,-0.47782755,3
47.08789,0.23866041,49.3321066030358,8.571083712099057,0,1,6908.379,0.0919647,4,1,false,false,4.7273173,2.785367,9.861713,-0.47586054,3
47.13398,0.23883371,49.332103365953714,8.571093341992473,0,1,6893.7964,0.08735461,4,1,false,false,4.700602,2.923717,11.013637,-0.473823,3
47.18032,0.23900716,49.33210012914602,8.57110283439095,0,1,6883.5435,0.08322913,4,1,false,false,4.8383613,2.7493684,10.8941145,-0.4718314,3
47.223774,0.23918082,49.33209689206394,8.571112464284367,0,1,6881.2065,0.079103686,4,1,false,false,4.80804,2.6487014,10.83807,-0.46996203,3
47.265205,0.23935466,49.332093655256244,8.571122094177781,0,1,6885.3477,0.073280305,4,1,false,false,5.0053473,2.5427454,11.366315,-0.46826652,3
47.305508,0.23952864,49.332090418174154,8.571131861776049,0,1,6892.2666,0.067456916,4,1,false,false,4.8032537,2.454553,11.240303,-0.46668714,3
47.345047,0.23970278,49.33208718136647,8.571141491669463,0,1,6899.991,0.06260377,4,1,false,false,4.527668,2.4456198,11.075144,-0.46520782,3
47.383778,0.23987707,49.33208394428438,8.57115112156288,0,1,6909.325,0.058236696,4,1,false,false,4.152154,2.4171972,10.060391,-0.46381646,3
47.423683,0.24005152,49.33208079720508,8.571160889161145,0,1,6919.8643,0.055810135,4,1,false,false,3.874179,2.4519637,9.169196,-0.4625369,3
47.46364,0.24022612,49.332077560397394,8.571170656759412,0,1,6925.5366,0.055324078,4,1,false,false,3.5402818,2.4605362,8.955226,-0.461394,3
47.503036,0.24040088,49.3320744133181,8.571180286652828,0,1,6930.974,0.057507616,4,1,false,false,3.5990176,2.3759475,9.830069,-0.4603929,3
47.540707,0.24057572,49.3320712662388,8.571190054041178,0,1,6944.6113,0.06114746,4,1,false,false,3.718435,2.2447453,9.714593,-0.45941475,3
47.57714,0.2407507,49.33206802943111,8.571199821639444,0,1,6965.2744,0.066971794,4,1,false,false,3.4449563,2.26609,9.334661,-0.4583586,3
47.614807,0.2409258,49.332064882351816,8.571209589027797,0,1,6981.9834,0.071581885,4,1,false,false,3.3237913,2.405392,8.961284,-0.45719934,3
47.657818,0.24110109,49.33206173527252,8.571219356626063,0,1,6985.41,0.07400848,4,1,false,false,3.6897128,2.7600741,9.988878,-0.45595217,3
47.70197,0.24127649,49.33205858819322,8.571229261719266,0,1,6968.4824,0.07425147,4,1,false,false,3.6345391,2.6746564,9.463394,-0.45466197,3
47.744495,0.24145207,49.33205544138832,8.571239029107616,0,1,6962.42,0.07376637,4,1,false,false,3.537727,2.5229888,10.020997,-0.4533749,3
47.78413,0.2416278,49.33205229430902,8.57124893420082,0,1,6977.2607,0.06915534,4,1,false,false,3.541292,2.3892121,10.121332,-0.45209464,3
47.82269,0.24180366,49.332049147229725,8.571258701799087,0,1,6988.521,0.063574985,4,1,false,false,3.3844044,2.3490605,9.320793,-0.45082632,3
47.86179,0.24197966,49.332046000150434,8.57126860689229,0,1,6992.612,0.0555671,4,1,false,false,3.101007,2.4133596,9.279942,-0.44958636,3
47.901802,0.24215579,49.33204285307114,8.571278511985492,0,1,6999.4067,0.04731621,4,1,false,false,3.3363516,2.44407,9.740188,-0.44840088,3
47.94106,0.24233209,49.332039795994625,8.571288417078696,0,1,7004.9014,0.041493762,4,1,false,false,3.0490363,2.3825674,10.151545,-0.44727707,3
47.979553,0.24250853,49.33203664918973,8.571298322171899,0,1,7012.393,0.037125736,4,1,false,false,2.8324568,2.300901,10.202952,-0.4462152,3
48.01857,0.2426851,49.332033502110434,8.571308227265101,0,1,7024.836,0.034941267,4,1,false,false,3.0227895,2.4454618,10.379372,-0.44519442,3
48.058685,0.24286182,49.33203044503393,8.571318132148388,0,1,7028.7534,0.034456152,4,1,false,false,3.054299,2.4833558,10.207381,-0.44420856,3
48.099667,0.24303868,49.33202729795463,8.57132803724159,0,1,7025.2,0.0363976,4,1,false,false,2.9606564,2.4893584,9.780811,-0.44327834,3
48.141342,0.24321571,49.33202424087813,8.571338080039645,0,1,7025.9424,0.038824163,4,1,false,false,2.812007,2.5233586,10.108601,-0.44240317,3
48.1814,0.2433929,49.33202109379883,8.571347985132848,0,1,7026.299,0.041977946,4,1,false,false,2.9065897,2.4189405,9.962848,-0.44161147,3
48.22045,0.24357021,49.332018036722324,8.571358027720986,0,1,7031.1357,0.04464755,4,1,false,false,2.8596807,2.3595285,10.523587,-0.44085437,3
48.258316,0.24374767,49.33201497964581,8.571368070309125,0,1,7041.951,0.046103857,4,1,false,false,2.757945,2.2840466,9.689127,-0.4400908,3
48.29562,0.24392529,49.332011832566515,8.571377975402328,0,1,7053.47,0.04707411,4,1,false,false,2.5681784,2.2762353,9.101248,-0.4393145,3
48.333706,0.24410304,49.33200877549001,8.571388017990467,0,1,7062.319,0.04755924,4,1,false,false,2.4096227,2.3728929,9.41455,-0.43853095,3
48.37274,0.24428093,49.33200571827631,8.571398060788523,0,1,7065.7607,0.047802273,4,1,false,false,2.5233834,2.3483446,9.73123,-0.4377563,3
48.41071,0.24445897,49.3320026611998,8.571408103376662,0,1,7069.6387,0.047559243,4,1,false,false,2.7196517,2.267373,9.7294655,-0.43694627,3
48.44802,0.24463716,49.3319996041233,8.57141828366965,0,1,7084.066,0.04707412,4,1,false,false,2.4030871,2.2577133,9.414109,-0.43606052,3
48.48567,0.24481551,49.331996457044,8.57142832625779,0,1,7096.0503,0.046832025,4,1,false,false,2.3351977,2.3279533,9.958457,-0.43513393,3
48.526783,0.24499395,49.331993399967494,8.571438368845929,0,1,7096.383,0.04683202,4,1,false,false,2.5003076,2.624696,10.346163,-0.4341976,3
48.567703,0.2451726,49.33199034289098,8.57144854913892,0,1,7083.3403,0.04683202,4,1,false,false,2.6801138,2.4353316,10.537721,-0.43328896,3
48.607628,0.2453514,49.33198737568007,8.571458591727058,0,1,7085.0376,0.04634596,4,1,false,false,2.6283298,2.4099307,10.825639,-0.43236983,3
48.645645,0.24553034,49.33198431860357,8.571468772020049,0,1,7096.3384,0.046345957,4,1,false,false,2.5148668,2.277458,10.010484,-0.43145037,3
48.68293,0.24570945,49.33198126138986,8.571478814608188,0,1,7100.67,0.046832018,4,1,false,false,2.305766,2.3169174,9.822843,-0.43056494,3
48.72115,0.24588868,49.33197820431335,8.571488994901179,0,1,7103.9175,0.047074113,4,1,false,false,2.457217,2.325361,10.781433,-0.42973793,3
48.758698,0.24606808,49.33197514723685,8.571499174984254,0,1,7108.9663,0.04780227,4,1,false,false,2.580544,2.2489092,10.14855,-0.42893627,3
48.79466,0.2462476,49.33197209016034,8.571509355277245,0,1,7118.6553,0.04877252,4,1,false,false,2.5042088,2.1779525,9.968894,-0.4281224,3
48.8308,0.24642727,49.33196912294943,8.57151953536032,0,1,7131.8394,0.04901556,4,1,false,false,2.4381843,2.2494807,10.376992,-0.42726278,3
48.868362,0.24660707,49.33196606573572,8.571529715653309,0,1,7137.8286,0.04925859,4,1,false,false,2.3043435,2.3159242,9.771849,-0.42636353,3
48.90609,0.24678704,49.33196309866201,8.5715398959463,0,1,7136.122,0.04877253,4,1,false,false,2.2150035,2.2992547,8.690955,-0.42546034,3
48.94403,0.24696715,49.331960041448305,8.571550213734227,0,1,7142.1455,0.047802284,4,1,false,false,2.1459486,2.2900224,9.288674,-0.4245876,3
48.980984,0.24714741,49.33195698437179,8.571560393817302,0,1,7150.4106,0.047559243,4,1,false,false,2.050315,2.2058575,8.991075,-0.4237637,3
49.01602,0.2473278,49.33195401716088,8.57157071160523,0,1,7157.0957,0.047802273,4,1,false,false,2.2011633,2.089275,9.818388,-0.4229756,3
49.050217,0.24750833,49.331951049949964,8.571580891898218,0,1,7174.524,0.048287395,4,1,false,false,2.4230587,2.0911286,10.261571,-0.42213908,3
49.085518,0.24768902,49.33194799287346,8.571591209686146,0,1,7192.6807,0.048772525,4,1,false,false,2.35931,2.1771936,9.576604,-0.42120653,3
49.12366,0.24786985,49.33194502566255,8.571601527474073,0,1,7194.978,0.049985804,4,1,false,false,2.2250867,2.464922,9.343169,-0.42020807,3
49.165813,0.24805081,49.331941968586044,8.571611707767063,0,1,7183.395,0.04998581,4,1,false,false,2.4335947,2.6090267,9.519765,-0.41922373,3
49.20699,0.24823196,49.331939001375126,8.57162202555499,0,1,7167.0054,0.046588995,4,1,false,false,2.4055161,2.4326115,9.51776,-0.4182961,3
49.244328,0.24841326,49.331936034164215,8.571632343342916,0,1,7168.8184,0.041735847,4,1,false,false,2.3435278,2.1281762,9.3141365,-0.41741723,3
49.277905,0.24859469,49.3319330669533,8.571642661130843,0,1,7190.3696,0.03688271,4,1,false,false,2.1636274,1.9959141,10.729192,-0.41656202,3
49.278683,0.24877621,49.33193000987679,8.571653116413705,0,1,7239.164,0.03154445,0,1,false,false,1.9201028,-0.8166625,10.230414,-0.41574135,3
49.283634,0.24895771,49.331927042665875,8.571663434201632,0,1,6539.5024,0.026934352,5,1,false,false,2.0149271,3.6143956,10.637479,-0.4150149,3
49.378117,0.24913946,49.331924075454964,8.57167375198956,0,1,5792.0425,0.024264745,5,1,false,false,2.1969843,5.155476,9.348838,-0.4142872,3
49.41433,0.24932146,49.331921108244046,8.571684069777486,0,1,6099.5576,0.023779625,5,1,false,false,1.8737841,0.66928715,9.542876,-0.41358164,3
49.438522,0.24950352,49.331918141170334,8.571694525060348,0,1,6076.2837,0.026448285,5,1,false,false,1.8250484,2.4421246,9.598656,-0.4130401,3
49.488358,0.24968578,49.331915173959416,8.571704842848275,0,1,5947.151,0.028875794,5,1,false,false,2.0043352,2.9746997,10.1908655,-0.4125879,3
49.52596,0.2498682,49.331912206748505,8.571715298341053,0,1,6023.4165,0.032272607,5,1,false,false,1.8985068,1.8297831,9.533582,-0.41212183,3
49.555634,0.25005078,49.33190923953759,8.571725753623916,0,1,6062.642,0.034456152,5,1,false,false,1.69204,1.9925071,9.04255,-0.41164643,3
49.59474,0.25023344,49.33190627232668,8.571736208906778,0,1,6026.159,0.035912454,5,1,false,false,1.8398283,2.5472379,10.095042,-0.41114587,3
49.634842,0.25041628,49.33190330511576,8.571746526694705,0,1,6031.4624,0.03688271,5,1,false,false,1.9553992,2.2838445,9.850612,-0.41059294,3
49.670074,0.2505993,49.33190042790764,8.571756982187484,0,1,6050.1636,0.038581133,5,1,false,false,1.8024487,2.1019351,9.607898,-0.40999416,3
49.706417,0.2507824,49.33189746069672,8.571767437470346,0,1,6053.394,0.039067186,5,1,false,false,1.6617374,2.3000436,9.785489,-0.40935886,3
49.74481,0.25096568,49.33189449348581,8.571777892963125,0,1,6053.2183,0.040280484,5,1,false,false,1.7243451,2.315886,9.653664,-0.40871185,3
49.78245,0.25114912,49.331891526274894,8.571788485740923,0,1,6054.244,0.04100769,5,1,false,false,1.7767317,2.2546563,9.818193,-0.4080506,3
49.819733,0.2513327,49.33188855906398,8.571798941233702,0,1,6060.4497,0.042220987,5,1,false,false,1.9077811,2.237782,10.248978,-0.40736732,3
49.85661,0.2515164,49.33188568185586,8.571809396516565,0,1,6063.8057,0.04246401,5,1,false,false,1.8357795,2.2362833,9.271734,-0.40664917,3
49.893196,0.25170025,49.33188271464494,8.571819989504279,0,1,6068.6694,0.042949133,5,1,false,false,1.893826,2.2191527,9.76917,-0.405903,3
49.930027,0.25188425,49.33187974743403,8.57183044478714,0,1,6075.05,0.042707045,5,1,false,false,1.7843708,2.2342935,10.341338,-0.405127,3
49.967087,0.25206834,49.331876870088706,8.571841037774856,0,1,6077.027,0.04149375,5,1,false,false,1.8440745,2.2217054,10.04994,-0.40433416,3
50.00322,0.25225264,49.33187390287779,8.571851493057718,0,1,6081.6646,0.0397944,5,1,false,false,1.8646842,2.201007,9.750122,-0.40352398,3
50.039932,0.252437,49.33187102566967,8.571862086045433,0,1,6090.29,0.03761087,5,1,false,false,1.9221034,2.257253,10.236446,-0.4027022,3
50.07741,0.2526215,49.33186805845875,8.571872679033147,0,1,6089.3755,0.03615457,5,1,false,false,1.9212658,2.2862325,10.677074,-0.40188777,3
50.114532,0.25280616,49.33186518125063,8.571883271810947,0,1,6088.63,0.036154557,5,1,false,false,1.9005046,2.2370682,10.51315,-0.40109292,3
50.150692,0.25299093,49.33186221403972,8.57189386479866,0,1,6096.0625,0.03688271,5,1,false,false,1.9327629,2.1939776,10.577858,-0.4003133,3
50.186974,0.25317582,49.33185933669439,8.571904457786376,0,1,6101.686,0.039067198,5,1,false,false,2.0742803,2.229328,10.111693,-0.3995507,3
50.22367,0.25336087,49.331856369483475,8.571915050564174,0,1,6100.8345,0.04343427,5,1,false,false,2.0966532,2.231817,10.262788,-0.39880002,3
50.260086,0.25354603,49.33185349227536,8.571925643551888,0,1,6103.4316,0.05071398,5,1,false,false,2.256493,2.1979535,10.880143,-0.3980519,3
50.295494,0.2537313,49.33185061493003,8.57193637403454,0,1,6109.9473,0.057993665,5,1,false,false,2.328502,2.147102,10.209144,-0.39726573,3
50.33052,0.25391674,49.331847647719115,8.571946967022253,0,1,6116.2607,0.06551548,5,1,false,false,2.4619796,2.1524558,9.604764,-0.39640293,3
50.366074,0.2541023,49.33184477051099,8.571957697504903,0,1,6122.337,0.072310045,5,1,false,false,2.380175,2.1878579,9.229793,-0.39545926,3
50.401848,0.25428796,49.331841893165674,8.571968290492618,0,1,6124.897,0.076920144,5,1,false,false,2.4149902,2.1690817,8.980798,-0.39446363,3
50.436825,0.25447375,49.33183901595755,8.571979020975268,0,1,6129.4307,0.07983232,5,1,false,false,2.4007864,2.0980859,9.057761,-0.39341253,3
50.470352,0.25465968,49.331836138612225,8.571989613962982,0,1,6141.9346,0.080560006,5,1,false,false,2.6561978,2.017365,9.326322,-0.39228147,3
50.503544,0.2548457,49.3318332614041,8.572000344445634,0,1,6156.601,0.078619525,5,1,false,false,2.7040546,2.0286272,9.309943,-0.39103416,3
50.5384,0.25503185,49.331830384058776,8.572011074928284,0,1,6166.116,0.07473661,5,1,false,false,2.7218218,2.2043903,9.479852,-0.38966176,3
50.57518,0.25521815,49.33182750685066,8.572021805410934,0,1,6166.6953,0.06988348,5,1,false,false,2.8023777,2.3102927,9.623626,-0.38821605,3
50.613327,0.25540456,49.331824629505334,8.572032535893584,0,1,6163.745,0.0628468,5,1,false,false,2.8906453,2.3281295,9.650901,-0.38674235,3
50.651432,0.25559112,49.33182175229721,8.572043266376236,0,1,6161.191,0.056052238,5,1,false,false,2.876542,2.2824678,9.787518,-0.38529345,3
50.688232,0.2557778,49.331818874951885,8.572054134353822,0,1,6160.489,0.04901555,5,1,false,false,2.9229286,2.200482,9.808088,-0.38392356,3
50.724113,0.2559646,49.33181599774376,8.572064864836472,0,1,6164.781,0.042464018,5,1,false,false,2.831914,2.154086,9.861495,-0.38265452,3
50.759304,0.25615153,49.33181321026403,8.572075595529038,0,1,6169.9717,0.037367836,5,1,false,false,2.738605,2.137538,9.669694,-0.38149872,3
50.794365,0.2563386,49.331810333055905,8.572086463506624,0,1,6175.345,0.03421312,5,1,false,false,2.907084,2.1331718,10.314557,-0.38045013,3
50.829567,0.25652578,49.331807545713374,8.572097193989276,0,1,6180.744,0.032757744,5,1,false,false,2.9301274,2.1556053,10.079291,-0.379476,3
50.864964,0.2567131,49.33180466836805,8.572108061966862,0,1,6185.059,0.03299983,5,1,false,false,2.7824721,2.1736414,9.667435,-0.37856126,3
50.900467,0.25690052,49.33180188102552,8.572118930154364,0,1,6188.0312,0.033971015,5,1,false,false,2.8382053,2.2096136,10.033927,-0.37771976,3
50.936752,0.2570881,49.331799003817395,8.57212979813195,0,1,6189.7324,0.035426393,5,1,false,false,2.7961202,2.2114298,10.492704,-0.37692234,3
50.972298,0.2572758,49.331796216337665,8.572140666319452,0,1,6189.1387,0.03761088,5,1,false,false,2.7594447,2.1691053,10.728936,-0.37616816,3
51.007107,0.25746357,49.331793428995134,8.572151534297038,0,1,6195.919,0.03906718,5,1,false,false,2.7162824,2.1111193,9.949618,-0.3754338,3
51.041904,0.25765154,49.3317906416526,8.57216240248454,0,1,6202.795,0.039551374,5,1,false,false,2.614585,2.1271682,9.464637,-0.37472224,3
51.077297,0.25783956,49.33178776444448,8.572173270462127,0,1,6202.2163,0.039309286,5,1,false,false,2.44617,2.1902146,9.565173,-0.37403175,3
51.112064,0.25802776,49.33178497696475,8.57218413864963,0,1,6204.502,0.03809599,5,1,false,false,2.4402578,2.064015,9.373172,-0.37337488,3
51.145664,0.25821605,49.33178218962222,8.572195144122151,0,1,6214.336,0.037610877,5,1,false,false,2.253324,2.0124807,9.198101,-0.3727228,3
51.179157,0.2584045,49.331779402279686,8.572206012309655,0,1,6224.728,0.037610874,5,1,false,false,2.259286,2.0694034,9.557285,-0.37206757,3
51.21272,0.25859302,49.331776614937155,8.572217017992093,0,1,6231.266,0.037367843,5,1,false,false,2.1705484,2.0942206,9.386592,-0.3714022,3
51.247696,0.2587817,49.33177382759462,8.57222788596968,0,1,6237.293,0.03712575,5,1,false,false,2.0445685,2.1214793,9.150227,-0.37070903,3
51.283512,0.25897047,49.33177113011768,8.572238891652118,0,1,6238.975,0.03736784,5,1,false,false,2.2274249,2.2268312,10.194685,-0.37001085,3
51.31857,0.2591594,49.33176834277515,8.572249897334556,0,1,6238.6343,0.037610874,5,1,false,false,2.1618567,2.154305,10.076407,-0.36928952,3
51.35283,0.25934842,49.33176555543262,8.572260765312143,0,1,6246.0586,0.038338087,5,1,false,false,2.1955783,2.0398076,9.318853,-0.36855388,3
51.38733,0.25953758,49.33176276809009,8.57227177099458,0,1,6253.9995,0.038338095,5,1,false,false,2.2490528,2.1467762,10.951845,-0.36779162,3
51.42349,0.25972685,49.33175998061035,8.572282776677019,0,1,6251.444,0.03761088,5,1,false,false,2.3894815,2.19933,10.825677,-0.36700967,3
51.45889,0.25991628,49.33175728327061,8.572293782149542,0,1,6247.387,0.03615457,5,1,false,false,2.2154238,2.1172912,9.494583,-0.36621377,3
51.493492,0.26010582,49.33175449579088,8.57230492553683,0,1,6255.816,0.034213107,5,1,false,false,2.3097293,2.111851,10.051958,-0.36543635,3
51.52779,0.26029548,49.33175179845114,8.572315931009353,0,1,6258.599,0.03324287,5,1,false,false,2.1773362,2.1012034,10.240415,-0.3646978,3
51.561756,0.26048523,49.33174901097141,8.572326936691791,0,1,6257.7295,0.033728924,5,1,false,false,2.0922189,1.998965,9.332396,-0.36401862,3
51.594284,0.26067516,49.33174631363167,8.57233794237423,0,1,6269.211,0.034941286,5,1,false,false,2.168719,1.9694704,9.639317,-0.36338273,3
51.626614,0.26086515,49.33174352628914,8.572349085551604,0,1,6281.352,0.036397584,5,1,false,false,2.2358143,1.9979904,10.304267,-0.36273548,3
51.660313,0.26105532,49.331740828812194,8.572360091234042,0,1,6283.4077,0.039551377,5,1,false,false,2.2940679,2.0401225,9.996487,-0.36203527,3
51.69395,0.26124555,49.33173804146966,8.572371234411417,0,1,6287.791,0.04246401,5,1,false,false,2.1407115,2.0803454,9.785316,-0.36128256,3
51.728153,0.26143593,49.331735343992726,8.572382377588792,0,1,6295.6855,0.045860827,5,1,false,false,2.117609,2.105371,9.438092,-0.36050677,3
51.763268,0.26162642,49.33173264651578,8.57239338327123,0,1,6292.698,0.049742788,5,1,false,false,2.1430612,2.1455822,9.353586,-0.35973936,3
51.798115,0.26181707,49.33172985917325,8.572404526448603,0,1,6291.0464,0.05362566,5,1,false,false,2.2374036,2.0732412,9.265411,-0.35898104,3
51.83069,0.2620078,49.33172716169631,8.572415669625977,0,1,6299.461,0.059206963,5,1,false,false,2.2569127,1.9277788,9.468719,-0.35821697,3
51.862293,0.2621987,49.33172446421937,8.572426813013267,0,1,6312.2295,0.06454522,5,1,false,false,2.479392,1.9161046,9.951691,-0.35740113,3
51.89454,0.26238966,49.331721766742426,8.572437956190642,0,1,6322.176,0.06915531,5,1,false,false,2.651926,1.9784025,9.782101,-0.35646755,3
51.927097,0.26258075,49.33171906940269,8.572449099368017,0,1,6328.8877,0.07376636,5,1,false,false,2.5058517,2.0504372,8.69616,-0.35538527,3
51.962967,0.262772,49.33171637192575,8.57246024254539,0,1,6332.085,0.0778904,5,1,false,false,2.6148512,2.2025228,9.351027,-0.3542152,3
51.999374,0.26296335,49.33171367444881,8.572471523427616,0,1,6321.8335,0.078619525,5,1,false,false,2.9131374,2.199177,9.558471,-0.3530111,3
52.034004,0.26315483,49.33171097697187,8.57248266660499,0,1,6319.7324,0.077649266,5,1,false,false,3.0135727,1.9960532,9.829529,-0.35175377,3
52.065975,0.26334646,49.331708279494926,8.572493947277302,0,1,6333.141,0.07643502,5,1,false,false,3.0584664,1.9452962,10.34025,-0.35042053,3
52.098373,0.2635382,49.33170558215519,8.572505090454674,0,1,6343.014,0.07328031,5,1,false,false,3.1341488,2.000092,10.394845,-0.34901685,3
52.132084,0.26373005,49.33170297454384,8.572516371336901,0,1,6342.132,0.06794204,5,1,false,false,3.2670557,2.096721,9.932873,-0.34756634,3
52.16699,0.26392204,49.3317002770669,8.572527652009212,0,1,6342.6016,0.062118657,5,1,false,false,3.2196856,2.1451697,9.891139,-0.3461067,3
52.201305,0.26411417,49.331697579727155,8.572538795396502,0,1,6340.8867,0.05750762,5,1,false,false,3.351738,2.0831661,11.002433,-0.34471717,3
52.235046,0.2643064,49.331694972115805,8.572550076068811,0,1,6341.257,0.053625673,5,1,false,false,3.5326807,2.0341802,10.847306,-0.3433956,3
52.267513,0.26449877,49.33169236464166,8.572561356951038,0,1,6347.0254,0.050956063,5,1,false,false,3.2178113,1.9822025,9.294335,-0.34212554,3
52.300034,0.26469123,49.33168966716472,8.572572637623347,0,1,6353.491,0.048045307,5,1,false,false,3.175961,2.0170643,9.470139,-0.3409377,3
52.33329,0.26488385,49.33168705955337,8.572583918505574,0,1,6354.354,0.04634595,5,1,false,false,3.1916742,2.051427,10.340446,-0.33984992,3
52.36555,0.26507655,49.33168445207922,8.572595336882737,0,1,6355.238,0.045860834,5,1,false,false,3.2421432,1.9132574,10.357726,-0.3388463,3
52.396328,0.26526937,49.33168184460507,8.572606617555046,0,1,6368.635,0.04586083,5,1,false,false,3.0375764,1.8638154,9.488945,-0.33786345,3
52.427692,0.26546228,49.33167923699372,8.572617898437272,0,1,6381.3247,0.04586083,5,1,false,false,2.955855,1.9725466,9.556938,-0.3368777,3
52.461452,0.26565534,49.33167662951957,8.572629316604518,0,1,6378.8896,0.046588983,5,1,false,false,3.069614,2.0995815,10.00079,-0.33591062,3
52.494915,0.26584852,49.33167402190822,8.572640597486744,0,1,6375.242,0.047074113,5,1,false,false,3.025653,2.008086,9.820385,-0.33496514,3
52.527596,0.2660418,49.331671414434076,8.572652015863907,0,1,6384.361,0.04755924,5,1,false,false,3.0373116,1.9579176,9.685927,-0.33403653,3
52.559822,0.2662352,49.33166880682273,8.57266343413611,0,1,6388.922,0.047559243,5,1,false,false,3.0911617,1.9888319,10.322904,-0.33311036,3
52.5927,0.2664287,49.331666199348575,8.572674715018337,0,1,6389.582,0.04707412,5,1,false,false,3.090322,2.015922,10.549919,-0.3321749,3
52.62542,0.26662236,49.33166368174002,8.57268613329054,0,1,6392.191,0.04586082,5,1,false,false,3.0208876,1.9979457,10.613808,-0.33122763,3
52.658203,0.26681614,49.33166107412867,8.572697551667703,0,1,6396.3555,0.045132678,5,1,false,false,3.0702367,2.0016177,10.370139,-0.33027852,3
52.690964,0.26701,49.33165855652011,8.572708970044864,0,1,6396.2603,0.044890583,5,1,false,false,2.9833255,2.0235882,10.13062,-0.3293497,3
52.723644,0.267204,49.33165594904596,8.572720388422027,0,1,6397.138,0.044404518,5,1,false,false,2.9175348,1.9820899,9.892949,-0.32845828,3
52.75541,0.26739812,49.3316534314374,8.572731944294125,0,1,6400.5317,0.044162422,5,1,false,false,2.871824,1.9212565,10.118474,-0.32761168,3
52.78647,0.26759234,49.331650913828845,8.572743362671288,0,1,6406.6924,0.045132667,5,1,false,false,2.7153294,1.8824713,10.059447,-0.32678658,3
52.817,0.26778668,49.331648306217495,8.572754781048449,0,1,6414.8535,0.046832033,5,1,false,false,2.7130425,1.8552673,9.759618,-0.3259775,3
52.847595,0.2679811,49.33164578860894,8.572766336920548,0,1,6423.3105,0.04828741,5,1,false,false,2.7595422,1.8961959,9.68477,-0.3251534,3
52.879185,0.2681757,49.33164327100038,8.57277775529771,0,1,6429.0024,0.050471883,5,1,false,false,2.7914476,1.9574684,9.72043,-0.32429972,3
52.911278,0.26837036,49.331640753391824,8.572789311169807,0,1,6429.9595,0.05289751,5,1,false,false,2.6609254,1.9583199,9.129765,-0.32341337,3
52.9432,0.26856515,49.33163823578327,8.57280072954697,0,1,6432.6694,0.055081986,5,1,false,false,2.6756432,1.9332744,8.775977,-0.3225342,3
52.974857,0.26876006,49.33163571817471,8.572812285419067,0,1,6438.172,0.056537353,5,1,false,false,2.574825,1.9041264,8.993138,-0.32165542,3
53.00571,0.26895505,49.33163320056615,8.572823841396124,0,1,6442.536,0.057507604,5,1,false,false,2.7581434,1.8369112,9.614608,-0.32077476,3
53.03571,0.2691502,49.331630682957595,8.572835397268221,0,1,6452.7227,0.05750761,5,1,false,false,2.7749882,1.8234313,10.0949335,-0.31981748,3
53.06606,0.26934543,49.331628255214625,8.572846953245277,0,1,6465.0273,0.056294315,5,1,false,false,2.9500072,1.8944918,10.086632,-0.31874797,3
53.098717,0.2695408,49.33162573760607,8.572858509117376,0,1,6467.749,0.05314054,5,1,false,false,2.790791,2.0830657,9.580072,-0.3175726,3
53.13431,0.26973623,49.33162321999751,8.572870065094431,0,1,6458.0044,0.049258582,5,1,false,false,2.9125738,2.1882627,10.477703,-0.3164,3
53.169323,0.26993185,49.33162079225455,8.572881620966529,0,1,6446.0107,0.044890568,5,1,false,false,3.148911,2.073486,10.792854,-0.31528747,3
53.20106,0.2701276,49.33161827464599,8.572893176943586,0,1,6448.018,0.0410077,5,1,false,false,2.9176948,1.8660165,9.775209,-0.31425175,3
53.230976,0.27032343,49.33161584690302,8.572904870415577,0,1,6458.037,0.037367847,5,1,false,false,2.691277,1.8173884,10.45417,-0.31330502,3
53.261353,0.27051938,49.33161332929446,8.572916426392633,0,1,6463.152,0.03421312,5,1,false,false,2.7797706,1.8615727,9.730918,-0.31245327,3
53.29118,0.27071542,49.3316109016887,8.572928119864626,0,1,6465.9746,0.0334859,5,1,false,false,2.5347009,1.7940073,9.159725,-0.31166822,3
53.320927,0.27091157,49.33160847394573,8.572939675736723,0,1,6476.806,0.035426408,5,1,false,false,2.3761227,1.8165731,9.600088,-0.31093562,3
53.350765,0.27110785,49.331606046202765,8.572951369208715,0,1,6485.001,0.03761088,5,1,false,false,2.5452998,1.8148307,9.938971,-0.31025317,3
53.38081,0.27130422,49.33160352859421,8.572962925185772,0,1,6489.4795,0.04125072,5,1,false,false,2.5859005,1.8469431,9.562953,-0.30953565,3
53.411457,0.27150074,49.33160110085124,8.572974618657764,0,1,6497.9746,0.044647545,5,1,false,false,2.4561102,1.8805645,9.597527,-0.3087622,3
53.44302,0.2716973,49.33159867324547,8.572986312129755,0,1,6500.166,0.045860823,5,1,false,false,2.5367048,1.9710687,10.861636,-0.30795076,3
53.475918,0.27189404,49.33159624550251,8.572998005601747,0,1,6497.5566,0.04586083,5,1,false,false,2.8680103,2.0006692,10.808243,-0.30708727,3
53.507545,0.27209088,49.331593907625134,8.573009699178696,0,1,6497.149,0.04586083,5,1,false,false,2.5104787,1.9384824,10.056594,-0.30617058,3
53.539177,0.27228785,49.33159148001936,8.57302139265069,0,1,6501.4414,0.04391938,5,1,false,false,2.58349,1.9693102,10.443529,-0.30527592,3
53.57145,0.2724849,49.3315890522764,8.573033086122681,0,1,6497.141,0.041250724,5,1,false,false,2.8347654,1.9501119,11.039006,-0.30443949,3
53.602398,0.2726821,49.331586624533436,8.573044779594673,0,1,6493.8706,0.039309278,5,1,false,false,2.6378193,1.8619596,9.755358,-0.30363354,3
53.631733,0.27287942,49.33158428679326,8.573056610666558,0,1,6504.6147,0.038824163,5,1,false,false,2.3983257,1.750907,9.676596,-0.30287373,3
53.660797,0.2730768,49.33158185905029,8.57306830413855,0,1,6512.678,0.037610866,5,1,false,false,2.3215082,1.8018808,9.786274,-0.3021651,3
53.6898,0.2732743,49.331579431444524,8.573080135210436,0,1,6515.5234,0.037610874,5,1,false,false,2.332188,1.7242184,9.981992,-0.30148607,3
53.718063,0.27347192,49.33157709356715,8.573091828682427,0,1,6527.126,0.038581118,5,1,false,false,2.1715233,1.7595786,10.477657,-0.3007849,3
53.747364,0.27366966,49.331574665824185,8.573103659754315,0,1,6539.665,0.03955137,5,1,false,false,2.0428383,1.8264669,8.482188,-0.30006453,3
53.77835,0.27386752,49.33157232808401,8.573115353331264,0,1,6538.89,0.041007683,5,1,false,false,2.1328306,1.9554888,8.659049,-0.29937175,3
53.810436,0.27406543,49.33156999034383,8.57312718440315,0,1,6535.969,0.043434266,5,1,false,false,2.3548331,1.939496,10.240111,-0.29870105,3
53.840553,0.2742635,49.33156756260087,8.573139015370078,0,1,6537.514,0.04707411,5,1,false,false,2.3316112,1.7405291,9.400879,-0.2980162,3
53.86855,0.2744617,49.33156522486069,8.573150708947027,0,1,6551.175,0.048287414,5,1,false,false,2.119635,1.728178,8.871587,-0.29726338,3
53.898804,0.27465996,49.33156288698332,8.573162540018913,0,1,6562.26,0.04780228,5,1,false,false,2.3727794,1.9504986,9.797624,-0.29643884,3
53.93138,0.27485836,49.33156054924314,8.573174370985841,0,1,6552.2866,0.046103857,5,1,false,false,2.270427,1.9662384,9.317393,-0.2955614,3
53.9626,0.27505687,49.331558211502966,8.573186202057727,0,1,6548.6743,0.043677293,5,1,false,false,2.0831332,1.846994,10.167702,-0.29467914,3
53.99249,0.2752555,49.33155587362559,8.573198170729507,0,1,6562.6416,0.039067183,5,1,false,false,2.2130246,1.8311331,10.004262,-0.29381233,3
54.0228,0.27545422,49.33155353588542,8.573210001801392,0,1,6562.504,0.034941282,5,1,false,false,2.3581345,1.8575563,9.47212,-0.292975,3
54.054146,0.2756531,49.33155119800804,8.573221832873278,0,1,6558.2793,0.031059334,5,1,false,false,2.187922,1.9156315,9.8696785,-0.29215714,3
54.084473,0.27585205,49.331548860267866,8.573233663945164,0,1,6562.4414,0.028875787,5,1,false,false,2.2609627,1.801937,10.047538,-0.29140386,3
54.11354,0.2760511,49.33154652252769,8.573245632511986,0,1,6567.8457,0.02669131,5,1,false,false,2.002374,1.7590343,9.574429,-0.29069763,3
54.14263,0.27625033,49.33154418465032,8.573257463583872,0,1,6573.9014,0.024992907,5,1,false,false,2.2464263,1.7805853,10.174549,-0.29004368,3
54.172676,0.2764496,49.331541936775736,8.573269432255652,0,1,6578.794,0.024264753,5,1,false,false,1.916878,1.8339756,9.065978,-0.2893915,3
54.202236,0.27664903,49.33153959903556,8.573281263327537,0,1,6579.168,0.024750808,5,1,false,false,1.8985406,1.7857682,8.807956,-0.28879625,3
54.232105,0.27684852,49.33153726129538,8.573293231999317,0,1,6585.8184,0.025234995,5,1,false,false,1.9966862,1.8300879,10.003712,-0.288251,3
54.261383,0.27704817,49.3315350134208,8.57330520056614,0,1,6589.4795,0.025963154,5,1,false,false,1.954433,1.736304,9.559178,-0.2877271,3
54.289875,0.2772479,49.33153267554342,8.573317031638025,0,1,6595.8564,0.028147638,5,1,false,false,1.9916309,1.7334685,10.207737,-0.28718564,3
54.319656,0.27744776,49.33153042766884,8.573329000309805,0,1,6606.2114,0.02960301,5,1,false,false,1.8945911,1.8453417,10.390519,-0.28660187,3
54.35039,0.2776477,49.33152808992867,8.573340968876627,0,1,6601.736,0.031544458,5,1,false,false,1.952023,1.9099582,10.160824,-0.28600127,3
54.3824,0.2778478,49.331525842054084,8.573352937548407,0,1,6597.1274,0.03299982,5,1,false,false,2.0745096,1.9529625,10.786157,-0.28538448,3
54.41308,0.278048,49.33152350431391,8.573364906220187,0,1,6595.772,0.033728924,5,1,false,false,2.193965,1.8438299,10.568595,-0.28476185,3
54.442505,0.2782483,49.33152125643932,8.573376874787009,0,1,6597.4155,0.03445614,5,1,false,false,2.0407271,1.7670959,10.675646,-0.2841396,3
54.47123,0.27844873,49.33151900856474,8.573388843458789,0,1,6602.4077,0.03445615,5,1,false,false,2.015575,1.7537209,10.276236,-0.28351638,3
54.499737,0.27864924,49.33151676069016,8.573400949625503,0,1,6606.643,0.03421312,5,1,false,false,1.9149908,1.7454975,10.31587,-0.2828835,3
54.527992,0.27884987,49.33151442281278,8.573412918297283,0,1,6610.5527,0.03372893,5,1,false,false,2.1173434,1.74672,10.663909,-0.28224757,3
54.55628,0.27905062,49.3315121749382,8.573424886969063,0,1,6616.464,0.03397102,5,1,false,false,2.0338776,1.7274079,9.945802,-0.2816015,3
54.584232,0.27925146,49.331509927063614,8.573436993135779,0,1,6621.833,0.034941267,5,1,false,false,1.8222445,1.7193651,9.222444,-0.28095904,3
54.612946,0.27945238,49.33150767918903,8.573448961807559,0,1,6626.475,0.03833809,5,1,false,false,1.936766,1.7755802,9.793244,-0.2803232,3
54.641438,0.2796534,49.33150543131445,8.573461067974275,0,1,6626.5693,0.04319124,5,1,false,false,1.9406359,1.7168605,9.491895,-0.2796842,3
54.668415,0.27985457,49.331503183439864,8.573473036646055,0,1,6633.506,0.04901556,5,1,false,false,2.2601066,1.6345161,10.247738,-0.27901974,3
54.696148,0.28005576,49.33150093556528,8.57348514281277,0,1,6646.8228,0.05508198,5,1,false,false,2.3866775,1.7199535,10.701571,-0.27824646,3
54.723827,0.2802571,49.3314986876907,8.573497248979486,0,1,6647.0493,0.061147463,5,1,false,false,2.1750154,1.746492,9.280787,-0.2773699,3
54.7536,0.28045854,49.3314965298189,8.57350935525116,0,1,6651.166,0.06406011,5,1,false,false,2.4228148,1.854382,10.172031,-0.2764225,3
54.78371,0.2806601,49.331494281944316,8.573521323817982,0,1,6647.0054,0.06697181,5,1,false,false,2.5656378,1.8051654,9.8552885,-0.27541405,3
54.81175,0.28086177,49.33149203406973,8.573533430037175,0,1,6643.307,0.06939834,5,1,false,false,2.6151197,1.6831979,10.126492,-0.2743691,3
54.83885,0.28106353,49.33148978619515,8.57354553625637,0,1,6658.2563,0.0689123,5,1,false,false,3.1462646,1.659399,10.933583,-0.27325985,3
54.865704,0.28126538,49.33148762818616,8.573557642475565,0,1,6665.2217,0.066001564,5,1,false,false,2.967753,1.6852448,9.334229,-0.2720258,3
54.894325,0.28146735,49.33148538031158,8.573569748642281,0,1,6662.945,0.06114746,5,1,false,false,2.497393,1.7993333,8.748784,-0.27072304,3
54.92356,0.2816694,49.33148322230258,8.57358199240889,0,1,6665.0356,0.055810135,5,1,false,false,2.584441,1.8137565,8.860736,-0.26948315,3
54.95144,0.28187156,49.33148106443079,8.573594098628085,0,1,6665.1665,0.050713964,5,1,false,false,2.457943,1.6344856,8.57893,-0.26835197,3
54.97632,0.28207386,49.331478816556206,8.57360620484728,0,1,6675.3657,0.04901555,5,1,false,false,2.6017432,1.4634075,8.545632,-0.26731643,3
55.000492,0.28227618,49.33147665854722,8.573618448613889,0,1,6699.2754,0.04877253,5,1,false,false,2.7341158,1.5057024,8.3561945,-0.26628336,3
55.02647,0.28247863,49.33147450053822,8.573630554833084,0,1,6708.8535,0.05144213,5,1,false,false,2.7197628,1.6575919,8.82229,-0.26520434,3
55.05604,0.2826812,49.33147234266643,8.573642798599694,0,1,6706.645,0.055810146,5,1,false,false,3.417043,1.8508127,11.339801,-0.26406398,3
55.086628,0.28288382,49.331470184657434,8.57365490481889,0,1,6701.6562,0.058720894,5,1,false,false,3.486398,1.889188,10.617316,-0.26278716,3
55.11719,0.28308663,49.33146802678564,8.573667148585498,0,1,6697.857,0.058720894,5,1,false,false,3.493387,1.8839284,9.654669,-0.2614168,3
55.149002,0.28328952,49.331465868776654,8.573679392352108,0,1,6691.845,0.054838955,5,1,false,false,3.521613,2.0203803,10.231941,-0.26006237,3
55.17978,0.28349254,49.33146371076766,8.573691498571302,0,1,6675.304,0.049742773,5,1,false,false,3.3586342,1.7768596,9.797195,-0.25887564,3
55.206104,0.28369564,49.33146164276146,8.573703742337912,0,1,6676.9717,0.043919392,5,1,false,false,3.5319116,1.5283471,11.260194,-0.25788796,3
55.229595,0.28389886,49.331459484752465,8.573715986104522,0,1,6700.309,0.038096,5,1,false,false,3.6395106,1.4285445,11.706245,-0.25694364,3
55.253605,0.2841021,49.331457326880674,8.573728229871131,0,1,6711.2275,0.033242855,5,1,false,false,3.23698,1.5542827,9.879501,-0.25595716,3
55.281338,0.28430554,49.33145525873727,8.573740473637741,0,1,6712.6826,0.026691321,5,1,false,false,2.822359,1.8312638,9.438691,-0.2549691,3
55.31157,0.28450903,49.331453190731075,8.573752855004244,0,1,6705.8804,0.02135305,5,1,false,false,2.528768,1.8441136,8.986207,-0.2541276,3
55.339233,0.28471264,49.33145103272208,8.573765098770854,0,1,6698.142,0.018441359,5,1,false,false,2.7241843,1.5615525,9.234552,-0.25354698,3
55.36308,0.28491634,49.33144896471588,8.573777342537465,0,1,6714.268,0.019654645,5,1,false,false,2.2572641,1.4011375,9.786913,-0.25305635,3
55.385254,0.28512013,49.33144689670968,8.573789586304073,0,1,6734.9644,0.024750818,5,1,false,false,2.84401,1.3039976,10.495259,-0.25259602,3
55.409756,0.285324,49.331444828703475,8.573801967670578,0,1,6751.5874,0.028389722,5,1,false,false,2.6292536,1.8985355,10.30068,-0.25200066,3
55.441753,0.285528,49.33144276056007,8.573814211437186,0,1,6739.9365,0.032515645,5,1,false,false,2.7404492,1.9384403,10.433504,-0.25132838,3
55.474323,0.28573212,49.331440692553876,8.573826592803691,0,1,6717.7817,0.03736785,5,1,false,false,2.3663661,1.9527398,9.669547,-0.25065434,3
55.503128,0.28593633,49.33143862454767,8.5738388365703,0,1,6717.3945,0.038095996,5,1,false,false,2.380409,1.6878055,9.3489,-0.25006545,3
55.52905,0.28614065,49.331436556541476,8.573851217884325,0,1,6724.0205,0.041250724,5,1,false,false,2.4263415,1.5510265,10.020198,-0.24956791,3
55.552753,0.28634506,49.33143457840087,8.573863599250828,0,1,6729.3223,0.042464003,5,1,false,false,2.478109,1.432147,11.23866,-0.24909894,3
55.576275,0.2865496,49.331432510257464,8.573875980617332,0,1,6748.5176,0.04440452,5,1,false,false,2.3250823,1.4459722,9.486319,-0.24854271,3
55.600727,0.2867542,49.33143044225126,8.573888224383941,0,1,6760.944,0.04586082,5,1,false,false,2.290861,1.5798969,8.970034,-0.24787892,3
55.62884,0.28695887,49.33142846411065,8.573900605697967,0,1,6758.8047,0.048287403,5,1,false,false,2.2538176,1.7992698,9.6036005,-0.24714978,3
55.657227,0.2871637,49.33142639610445,8.57391298706447,0,1,6749.132,0.049258586,5,1,false,false,2.380069,1.662995,10.212636,-0.24640912,3
55.68339,0.2873686,49.33142432809825,8.573925368430974,0,1,6755.6797,0.050228834,5,1,false,false,2.4145463,1.5508827,9.20144,-0.24562234,3
55.708595,0.2875736,49.33142234995764,8.573937749744998,0,1,6768.226,0.050713968,5,1,false,false,2.166143,1.5657102,9.973921,-0.24477306,3
55.735416,0.2877787,49.33142037181703,8.573950131111502,0,1,6768.533,0.050956063,5,1,false,false,2.4508245,1.6962836,9.253971,-0.24389932,3
55.762356,0.28798392,49.33141830367363,8.57396265002542,0,1,6765.658,0.05047188,5,1,false,false,2.3403313,1.6116766,9.684127,-0.24302149,3
55.788704,0.28818923,49.33141632567022,8.573975031365684,0,1,6771.5474,0.050471876,5,1,false,false,2.6389856,1.6160214,10.671779,-0.24212748,3
55.814068,0.28839466,49.33141434752961,8.573987412705948,0,1,6776.627,0.050471876,5,1,false,false,2.666716,1.501522,9.809684,-0.2411896,3
55.83973,0.28860012,49.331412369389,8.573999931619866,0,1,6780.1704,0.05119909,5,1,false,false,2.569921,1.6916769,9.643479,-0.24019958,3
55.867817,0.28880575,49.33141039124839,8.57401231296013,0,1,6780.65,0.053140547,5,1,false,false,2.4460478,1.7079208,8.972822,-0.23922193,3
55.894417,0.28901145,49.33140841310778,8.574024831874048,0,1,6771.725,0.05338263,5,1,false,false,2.8612397,1.6134703,11.168125,-0.23831698,3
55.919342,0.28921726,49.33140643496717,8.574037213214313,0,1,6781.66,0.05338263,5,1,false,false,2.9189332,1.4658072,9.883945,-0.23738003,3
55.9417,0.28942317,49.33140445682656,8.57404973215447,0,1,6796.9326,0.053625662,5,1,false,false,2.4907174,1.3762865,8.380659,-0.23638342,3
55.967743,0.28962913,49.33140247868595,8.574062113494735,0,1,6805.113,0.053382635,5,1,false,false,2.7079663,1.7395023,10.76097,-0.23537078,3
55.995533,0.28983524,49.33140050054534,8.574074632408653,0,1,6794.4204,0.050471876,5,1,false,false,3.1615825,1.6798214,11.331923,-0.23436283,3
56.021534,0.29004142,49.331398612407526,8.574087151322573,0,1,6794.396,0.047802273,5,1,false,false,2.8907626,1.5650342,9.786375,-0.23327585,3
56.046913,0.2902477,49.331396634266916,8.57409967023649,0,1,6808.6104,0.0453757,5,1,false,false,2.7183945,1.6220976,10.342914,-0.23216748,3
56.074375,0.2904541,49.331394745991894,8.574112189150409,0,1,6802.085,0.04246401,5,1,false,false,2.7259564,1.7205645,9.098506,-0.23113218,3
56.10145,0.2906606,49.331392767851284,8.574124708064328,0,1,6790.774,0.041250736,5,1,false,false,2.5654886,1.610569,8.703797,-0.23023771,3
56.126022,0.29086718,49.33139087971347,8.574137226978246,0,1,6801.17,0.041250728,5,1,false,false,2.5241184,1.4343058,8.152981,-0.2294797,3
56.147472,0.29107386,49.33138899143845,8.574149745892164,0,1,6815.73,0.04319124,5,1,false,false,2.824422,1.2066483,9.783268,-0.22880465,3
56.167316,0.2912806,49.33138701329784,8.574162264806082,0,1,6835.2544,0.045618743,5,1,false,false,2.7414176,1.3079108,11.385011,-0.22799428,3
56.18994,0.29148746,49.33138512516002,8.574174783733122,0,1,6856.767,0.04755925,5,1,false,false,2.7238362,1.5201153,8.800935,-0.2269832,3
56.220306,0.2916944,49.331383236885,8.574187440220694,0,1,6851.8184,0.0453757,5,1,false,false,2.7637033,2.086916,9.504747,-0.22583315,3
56.255665,0.29190153,49.33138134860999,8.574199959134612,0,1,6815.3774,0.04222098,5,1,false,false,2.9887307,2.060757,10.106762,-0.2247432,3
56.285038,0.2921087,49.331379460472164,8.574212478048532,0,1,6794.3687,0.039551377,5,1,false,false,2.8462002,1.599957,10.285781,-0.22382107,3
56.30814,0.29231602,49.33137757219715,8.574225134536103,0,1,6817.081,0.03809601,5,1,false,false,3.123881,1.3221276,10.548969,-0.2230204,3
56.329403,0.29252338,49.33137577392492,8.574237653450023,0,1,6831.904,0.038824152,5,1,false,false,2.8433623,1.3633356,10.291757,-0.22225517,3
56.3533,0.2927308,49.3313738857871,8.574250309937595,0,1,6832.1265,0.041493762,5,1,false,false,2.9883335,1.5345691,10.670813,-0.22149539,3
56.378517,0.29293832,49.331371997512086,8.574262966425168,0,1,6836.198,0.045132667,5,1,false,false,3.103258,1.5714273,11.160556,-0.22068447,3
56.403202,0.29314595,49.331370199239856,8.574275485339086,0,1,6838.151,0.04998582,5,1,false,false,2.9599333,1.5273479,9.788259,-0.21982515,3
56.42813,0.29335365,49.33136831096484,8.5742881418201,0,1,6839.709,0.05362566,5,1,false,false,2.9474065,1.5866085,10.782352,-0.21895914,3
56.453537,0.2935614,49.33136651269261,8.574300798307673,0,1,6840.728,0.055324085,5,1,false,false,2.9713676,1.544852,9.019878,-0.21808085,3
56.477577,0.2937693,49.331364624554794,8.574313454795245,0,1,6840.6626,0.058236707,5,1,false,false,2.6156769,1.459692,8.125049,-0.21723287,3
56.50054,0.29397726,49.331362826145366,8.574326111282819,0,1,6850.548,0.06017722,5,1,false,false,2.9704676,1.3690907,11.000518,-0.2164313,3
56.521862,0.29418528,49.33136102787314,8.574338767770392,0,1,6861.432,0.060905363,5,1,false,false,3.0824087,1.253671,9.849445,-0.21554635,3
56.542084,0.29439336,49.33135922960091,8.574351424254685,0,1,6878.4336,0.06090537,5,1,false,false,2.7667544,1.3696775,9.437393,-0.21445617,3
56.569252,0.29460153,49.331357431328684,8.574364080742258,0,1,6891.6504,0.05896392,5,1,false,false,2.906757,1.8979127,9.163049,-0.21321549,3
56.5994,0.29480982,49.33135563305646,8.574376737226551,0,1,6859.533,0.056537356,5,1,false,false,2.8723545,1.8466083,10.100438,-0.2120235,3
56.62702,0.29501823,49.33135383464703,8.574389393713304,0,1,6845.469,0.05459685,5,1,false,false,3.3143983,1.5136849,11.558175,-0.2109783,3
56.64885,0.2952267,49.3313520363748,8.57440218776961,0,1,6868.476,0.051927254,5,1,false,false,3.4856958,1.3104856,10.289459,-0.20992413,3
56.670734,0.29543525,49.33135032796817,8.574414844256363,0,1,6879.4624,0.05095607,5,1,false,false,2.7201517,1.422013,7.923782,-0.20882517,3
56.696156,0.2956439,49.331348529695944,8.574427500743937,0,1,6875.5825,0.049500696,5,1,false,false,2.8525639,1.712088,9.301496,-0.20782131,3
56.722015,0.2958526,49.331346731423714,8.574440294798604,0,1,6867.2583,0.047559235,5,1,false,false,3.185734,1.4508601,10.452617,-0.20693734,3
56.741173,0.2960614,49.33134502301708,8.574452951286178,0,1,6879.683,0.048772536,5,1,false,false,3.4829268,1.082726,12.257158,-0.2060272,3
56.760727,0.29627028,49.33134331461044,8.574465745340845,0,1,6915.5664,0.04925859,5,1,false,false,3.4355092,1.4352456,12.602309,-0.20491035,3
56.788494,0.29647923,49.33134151633822,8.574478539402072,0,1,6911.4204,0.04877253,5,1,false,false,3.0381062,1.8982669,9.204723,-0.2036775,3
56.82084,0.2966883,49.331339807931585,8.574491195883086,0,1,6873.818,0.04707411,5,1,false,false,3.4810305,1.9356157,10.299645,-0.20254622,3
56.84894,0.29689747,49.33133809952495,8.574503989944313,0,1,6857.0166,0.048772536,5,1,false,false,2.8225145,1.5953115,9.404842,-0.2016503,3
56.86843,0.29710674,49.33133639111831,8.57451678399242,0,1,6874.7583,0.049742773,5,1,false,false,2.9810047,1.0714086,7.9683642,-0.20103002,3
56.88544,0.29731607,49.331334682848876,8.574529578053648,0,1,6903.0684,0.05362566,5,1,false,false,3.7338314,1.2099761,12.024469,-0.20043649,3
56.90362,0.29752547,49.33133297444224,8.574542372114875,0,1,6915.337,0.060177207,5,1,false,false,2.9449165,1.0395768,10.057966,-0.1996567,3
56.923126,0.2977349,49.331331266035605,8.574555166162982,0,1,6936.369,0.06187657,5,1,false,false,3.510472,1.4081981,12.364769,-0.198622,3
56.95363,0.29794446,49.33132955762897,8.57456796022421,0,1,6942.3115,0.062118653,5,1,false,false,3.2463706,2.166809,9.552407,-0.19735156,3
56.984203,0.29815412,49.331327939225126,8.574580754285437,0,1,6896.349,0.05920696,5,1,false,false,2.8604796,1.925247,8.253831,-0.1961196,3
57.013325,0.29836386,49.33132623081849,8.574593548333544,0,1,6885.015,0.05775065,5,1,false,false,3.3180418,1.6584609,10.706945,-0.19503516,3
57.034657,0.29857373,49.33132461227744,8.574606342394771,0,1,6893.7354,0.057750642,5,1,false,false,2.7047691,1.1874772,8.025121,-0.19413446,3
57.05207,0.29878366,49.331322903870806,8.57461913644288,0,1,6913.988,0.05532407,5,1,false,false,3.2911108,1.0864253,9.421934,-0.19337307,3
57.0736,0.29899368,49.33132128546696,8.574632068077761,0,1,6932.037,0.057750646,5,1,false,false,3.2001204,1.2903458,9.711894,-0.19245408,3
57.092888,0.29920375,49.33131966706312,8.574644862138989,0,1,6929.854,0.060905367,5,1,false,false,2.4797676,1.189264,8.321101,-0.19145986,3
57.11601,0.2994139,49.33131804852208,8.57465779377387,0,1,6954.585,0.059934188,5,1,false,false,3.8016331,1.6883669,10.778329,-0.19036986,3
57.145283,0.29962415,49.33131643011823,8.574670587808859,0,1,6935.1167,0.06308891,5,1,false,false,3.1685257,1.6565996,9.894499,-0.1891555,3
57.17042,0.2998345,49.33131481157719,8.57468351944374,0,1,6913.7217,0.06357497,5,1,false,false,3.2878284,1.5719079,9.439875,-0.18799047,3
57.195152,0.30004492,49.331313193173344,8.574696313504967,0,1,6939.34,0.060420245,5,1,false,false,4.5238013,1.7685349,14.076054,-0.18679172,3
57.21863,0.30025548,49.3313115746323,8.57470924513985,0,1,6918.6685,0.060420245,5,1,false,false,3.3700173,1.3691775,11.32622,-0.18556547,3
57.241276,0.3004661,49.33130995622845,8.574722176748491,0,1,6921.035,0.054110795,5,1,false,false,3.9005222,1.4256954,10.381796,-0.18441166,3
57.264595,0.3006768,49.3313084276902,8.574734970809718,0,1,6938.7163,0.048287403,5,1,false,false,3.576984,1.4641166,12.288844,-0.18322074,3
57.286312,0.30088758,49.331306809149154,8.574747902444601,0,1,6915.6333,0.04755925,5,1,false,false,3.437162,1.3701687,11.823736,-0.18217203,3
57.30729,0.30109844,49.331305280610906,8.574760834079482,0,1,6930.5986,0.040037435,5,1,false,false,4.252734,1.450702,13.627552,-0.18116505,3
57.328716,0.30130938,49.33130375207265,8.574773765688125,0,1,6938.2085,0.038095992,5,1,false,false,3.3709023,1.3199484,12.543819,-0.1801321,3
57.350704,0.3015204,49.3313022235344,8.574786697323006,0,1,6929.0693,0.035669427,5,1,false,false,2.9896278,1.460201,10.343,-0.17922175,3
57.373653,0.3017315,49.331300694996145,8.574799628957889,0,1,6935.907,0.031302348,5,1,false,false,3.0523741,1.441965,9.148642,-0.1784869,3
57.394283,0.3019427,49.3312990764551,8.574812560566532,0,1,6930.667,0.03275773,5,1,false,false,2.304668,1.2829037,9.101626,-0.17795834,3
57.41254,0.30215397,49.33129763778244,8.574825492201413,0,1,6939.4883,0.03785391,5,1,false,false,2.3739982,1.0521338,8.546157,-0.17763439,3
57.426,0.30236527,49.331296109244185,8.57483856140995,0,1,6972.0776,0.04440451,5,1,false,false,2.222043,0.85719746,8.09674,-0.1773047,3
57.442093,0.30257666,49.331294580705936,8.57485149301859,0,1,7003.6797,0.055081986,5,1,false,false,2.3184335,1.1382308,7.0309105,-0.17684788,3
57.462627,0.3027881,49.33129305216768,8.574864424679712,0,1,7007.382,0.06988349,5,1,false,false,2.0472155,1.3535796,6.4464374,-0.17623961,3
57.48695,0.30299965,49.33129152362943,8.57487749383577,0,1,7006.9517,0.08201584,5,1,false,false,2.55948,1.5635977,7.475825,-0.17552719,3
57.510925,0.30321124,49.33129008495677,8.574890425496891,0,1,7006.7646,0.093906134,5,1,false,false,2.56591,1.3887438,6.8041916,-0.17464858,3
57.532524,0.30342296,49.331288556418514,8.574903357105534,0,1,7013.005,0.10434056,5,1,false,false,2.4323761,1.3130459,6.422603,-0.17359702,3
57.55656,0.30363473,49.33128711774585,8.574916426314068,0,1,7024.792,0.110163964,5,1,false,false,3.0906618,1.585824,8.081733,-0.17238608,3
57.581825,0.3038466,49.3312855892076,8.574929357922711,0,1,7015.5654,0.11186283,5,1,false,false,3.3928125,1.5270956,7.9977827,-0.1709674,3
57.606064,0.30405858,49.33128415053494,8.574942427131248,0,1,7010.6875,0.11016397,5,1,false,false,3.778945,1.4686,8.865573,-0.16933617,3
57.631012,0.30427065,49.33128271199948,8.574955496339784,0,1,7020.105,0.10361195,5,1,false,false,3.9879935,1.5759572,8.70515,-0.1674317,3
57.656902,0.30448282,49.33128118332402,8.574968427948425,0,1,7007.569,0.09123699,5,1,false,false,3.731043,1.5732124,8.980071,-0.1653857,3
57.683388,0.30469507,49.33127974478856,8.574981497156962,0,1,6998.1284,0.07594989,5,1,false,false,4.411463,1.6962813,9.848718,-0.16335315,3
57.70812,0.3049074,49.33127839598149,8.574994566365499,0,1,6992.7964,0.059692092,5,1,false,false,4.6241894,1.3902999,11.2273855,-0.16131967,3
57.730877,0.30511987,49.33127695744603,8.575007635574035,0,1,6990.3257,0.0482874,5,1,false,false,3.7325149,1.4716892,9.415804,-0.15937608,3
57.754364,0.3053324,49.33127551877337,8.575020704730091,0,1,6997.435,0.028147634,5,1,false,false,4.587625,1.4355146,10.80981,-0.1577393,3
57.778465,0.305545,49.3312741699663,8.575033773938628,0,1,6984.118,0.016742947,5,1,false,false,5.118217,1.3743211,13.042962,-0.1563793,3
57.799633,0.30575773,49.331272731430836,8.575046843147165,0,1,6977.625,0.016499918,5,1,false,false,3.5469275,1.2691522,10.686061,-0.15528001,3
57.821182,0.30597052,49.33127138262377,8.5750599123557,0,1,7002.8135,0.009706272,5,1,false,false,3.7999842,1.3408526,9.518485,-0.15451173,3
57.84177,0.30618337,49.3312700339539,8.575072981564237,0,1,6995.7637,0.011161652,5,1,false,false,4.4015083,1.4198956,13.094041,-0.15404803,3
57.863087,0.3063963,49.331268685146824,8.575086050720294,0,1,6980.9424,0.020867929,5,1,false,false,3.0593789,1.3013906,12.079522,-0.15369363,3
57.882294,0.30660933,49.331267336476955,8.575099257528723,0,1,7008.305,0.026448285,5,1,false,false,3.43022,1.1781697,9.290152,-0.15346168,3
57.902393,0.30682242,49.331265987807086,8.575112326684781,0,1,7020.285,0.030816294,5,1,false,false,3.2181115,1.4414334,11.439813,-0.1532126,3
57.92595,0.3070356,49.33126463900002,8.575125395893318,0,1,6993.3823,0.04440452,5,1,false,false,2.803453,1.3869004,10.576776,-0.15297717,3
57.94617,0.30724886,49.33126329033014,8.575138602649268,0,1,7002.001,0.05144214,5,1,false,false,2.7271092,1.2263684,8.839537,-0.15274438,3
57.964565,0.3074622,49.33126203152587,8.575151671857805,0,1,7029.8755,0.054353822,5,1,false,false,2.8760188,1.116195,8.601847,-0.15242864,3
57.98507,0.3076756,49.3312606827188,8.575164878613757,0,1,7022.039,0.06503035,5,1,false,false,2.995809,1.2868924,12.114299,-0.15198979,3
58.005196,0.30788907,49.33125933404892,8.575177947822292,0,1,7019.6997,0.070611626,5,1,false,false,2.3127723,1.1405967,8.710121,-0.15137652,3
58.02329,0.3081026,49.33125807524465,8.575191154578244,0,1,7049.8296,0.07061164,5,1,false,false,2.6457305,1.1594422,8.64643,-0.15064183,3
58.0468,0.30831623,49.331256816440366,8.575204361386673,0,1,7051.5376,0.07619296,5,1,false,false,2.7730877,1.6489619,10.911835,-0.14974661,3
58.06899,0.30852994,49.3312554677705,8.57521743054273,0,1,7021.5903,0.08250194,5,1,false,false,3.0406199,1.3036908,10.684623,-0.1487489,3
58.08949,0.30874375,49.331254208829016,8.575230637351162,0,1,7045.4814,0.08468547,5,1,false,false,3.3959923,1.2313564,9.954847,-0.14755543,3
58.10967,0.3089576,49.33125295002474,8.575243844107112,0,1,7058.8926,0.086384326,5,1,false,false,3.3698478,1.4717253,9.603421,-0.14615625,3
58.134853,0.30917156,49.33125169122046,8.575257050863064,0,1,7030.891,0.08759764,5,1,false,false,2.893385,1.5150528,9.566402,-0.14468943,3
58.156876,0.3093856,49.331250432416184,8.575270257619014,0,1,7026.16,0.08444245,5,1,false,false,3.4779038,1.2810209,10.3355255,-0.14329419,3
58.174664,0.3095997,49.3312491736119,8.575283464374966,0,1,7050.1724,0.08080303,5,1,false,false,3.5862792,1.0516307,9.416159,-0.1418907,3
58.191956,0.3098139,49.33124800481042,8.575296671130916,0,1,7058.545,0.07813344,5,1,false,false,3.4996037,1.1444763,10.409635,-0.1404171,3
58.212315,0.3100281,49.33124674600614,8.575309877991826,0,1,7063.214,0.07570689,5,1,false,false,3.6652646,1.3154339,9.697842,-0.13887806,3
58.233414,0.3102424,49.331245487201855,8.575323084747778,0,1,7066.024,0.07303821,5,1,false,false,3.6827705,1.3467745,9.14066,-0.13731691,3
58.255543,0.3104568,49.331244318263174,8.575336291503728,0,1,7063.4697,0.07303821,5,1,false,false,4.0520897,1.4440207,10.262617,-0.1357599,3
58.277054,0.31067127,49.331243149324486,8.57534949825968,0,1,7058.5615,0.07400846,5,1,false,false,3.8365488,1.313282,9.565553,-0.13422874,3
58.296944,0.3108858,49.331241980523,8.57536270501563,0,1,7062.8228,0.07522176,5,1,false,false,4.22513,1.2512318,10.929529,-0.13274705,3
58.31675,0.31110033,49.331240721581516,8.575376049371476,0,1,7072.3003,0.07619293,5,1,false,false,4.535878,1.2537307,9.312684,-0.13122495,3
58.336456,0.311315,49.33123964264562,8.575389256127426,0,1,7071.826,0.07619294,5,1,false,false,4.173281,1.3178799,10.101851,-0.129654,3
58.358315,0.3115297,49.33123847370693,8.575402462883378,0,1,7071.476,0.07594992,5,1,false,false,4.5304513,1.4103905,10.829905,-0.12810615,3
58.378277,0.31174445,49.33123730490544,8.575415807239223,0,1,7069.0005,0.073766366,5,1,false,false,4.6613503,1.2068821,10.124737,-0.12659007,3
58.397614,0.31195927,49.331236135966755,8.575429013995175,0,1,7075.9946,0.07109677,5,1,false,false,4.985512,1.2955718,10.285837,-0.12505603,3
58.417713,0.3121742,49.33123505703086,8.575442358351019,0,1,7080.3022,0.06818506,5,1,false,false,4.5630264,1.3103621,9.804909,-0.123509035,3
58.438454,0.31238917,49.331233977957766,8.57545556510697,0,1,7074.108,0.06648572,5,1,false,false,4.0640254,1.3423029,8.776003,-0.12207806,3
58.458797,0.3126042,49.331232809156276,8.575468909462815,0,1,7075.9995,0.064788245,5,1,false,false,4.071044,1.1890308,8.048057,-0.12084317,3
58.475594,0.31281927,49.33123173008318,8.57548225381866,0,1,7085.846,0.065030366,5,1,false,false,4.43828,1.0337393,9.918297,-0.1197294,3
58.491543,0.31303445,49.33123065114729,8.575495460574611,0,1,7102.8457,0.070125565,5,1,false,false,4.334757,1.0107555,10.49634,-0.11851037,3
58.508465,0.31324965,49.33122957221139,8.575508804930456,0,1,7120.35,0.07303819,5,1,false,false,4.5918474,1.1716385,10.040863,-0.117080234,3
58.531544,0.3134649,49.33122858314108,8.575522149181344,0,1,7120.8926,0.07497964,5,1,false,false,4.686815,1.6446743,9.9140005,-0.115436025,3
58.558178,0.31368026,49.33122750420519,8.575535493537188,0,1,7093.876,0.07619295,5,1,false,false,4.4781475,1.6956445,8.836237,-0.11379596,3
58.582203,0.31389573,49.33122651513489,8.575548837893034,0,1,7076.3794,0.076920174,5,1,false,false,4.57526,1.3793525,8.858177,-0.11239487,3
58.60113,0.31411126,49.331225436061786,8.575562182248879,0,1,7084.991,0.07886159,5,1,false,false,4.780733,1.0990481,9.783134,-0.111229144,3
58.61536,0.31432682,49.331224446991484,8.575575526604723,0,1,7100.643,0.08298657,5,1,false,false,4.984263,0.8473568,10.321218,-0.11010371,3
58.62977,0.31454244,49.331223457921176,8.57558887096057,0,1,7124.406,0.08711155,5,1,false,false,4.771331,1.0149825,9.723488,-0.10874468,3
58.648514,0.31475812,49.331222468850875,8.575602215316414,0,1,7135.2837,0.08856787,5,1,false,false,4.768411,1.3489721,9.758524,-0.107140996,3
58.672623,0.3149739,49.33122147978057,8.575615559567302,0,1,7120.068,0.088567875,5,1,false,false,5.217847,1.5968783,10.492234,-0.10540477,3
58.695995,0.31518972,49.33122058071305,8.57562904152304,0,1,7102.5293,0.085412696,5,1,false,false,5.102978,1.4024502,10.300328,-0.103655785,3
58.716076,0.31540564,49.33121959164275,8.575642385878885,0,1,7107.484,0.08080304,5,1,false,false,4.937588,1.2398596,10.278821,-0.10194161,3
58.734756,0.31562164,49.331218692438036,8.57565573023473,0,1,7113.7188,0.076677136,5,1,false,false,4.787595,1.2091485,9.073566,-0.1003415,3
58.723156,0.31583765,49.331217703367734,8.575669074485617,0,1,7226.1543,0.0725531,0,1,false,false,4.766448,-1.4067744,10.083301,-0.09893191,3
58.714108,0.3160536,49.33121680430022,8.575682556441356,0,1,6557.4106,0.07206702,6,1,false,false,5.037876,2.2392836,11.066749,-0.09768865,3
58.771427,0.31626964,49.331215905095505,8.575695900797202,0,1,5994.4673,0.07619293,6,1,false,false,4.9493484,2.4547286,9.043777,-0.09635021,3
58.770252,0.3164858,49.33121509589358,8.575709382647982,0,1,6456.025,0.08201584,6,1,false,false,4.567912,-0.93189085,8.739131,-0.094911255,3
58.77998,0.31670192,49.33121419668887,8.575722727003827,0,1,6297.192,0.08832486,6,1,false,false,4.7751393,2.117435,9.202738,-0.09356803,3
58.818752,0.3169182,49.33121329762135,8.575736208959567,0,1,6181.175,0.092693314,6,1,false,false,4.9569645,1.881235,9.448124,-0.09220462,3
58.83172,0.31713453,49.33121248828223,8.575749553315411,0,1,6335.3687,0.09560503,6,1,false,false,4.929405,0.5270426,9.459602,-0.0907737,3
58.847668,0.31735092,49.33121167908031,8.575763035166192,0,1,6286.085,0.0963327,6,1,false,false,5.268438,1.4370869,10.063718,-0.08925413,3
58.872746,0.31756738,49.331210780012796,8.57577651712193,0,1,6267.001,0.09560502,6,1,false,false,5.351618,1.4918283,10.27869,-0.08753714,3
58.89239,0.31778392,49.331209970673676,8.575789861477777,0,1,6303.974,0.09414916,6,1,false,false,5.5528975,1.2027397,10.776853,-0.08569191,3
58.91406,0.31800056,49.33120925133735,8.575803343328557,0,1,6279.2837,0.09148002,6,1,false,false,5.6261086,1.5300239,10.252836,-0.083798796,3
58.936302,0.31821725,49.33120844213542,8.575816825284296,0,1,6271.7495,0.08735458,6,1,false,false,5.750202,1.320932,11.25581,-0.081964895,3
58.955143,0.31843403,49.3312076329335,8.575830307135078,0,1,6284.1357,0.08225889,6,1,false,false,5.7942247,1.2020689,10.6929,-0.080180585,3
58.97383,0.31865087,49.33120691359717,8.575843789090817,0,1,6281.622,0.07692014,6,1,false,false,5.3157816,1.2271881,9.09026,-0.07848142,3
58.993473,0.3188678,49.33120619426084,8.575857270941597,0,1,6285.268,0.07061165,6,1,false,false,4.9626584,1.265768,9.084701,-0.076901115,3
59.01203,0.3190848,49.33120547492451,8.575870752897336,0,1,6289.4795,0.06648573,6,1,false,false,4.8753324,1.1507655,9.4281845,-0.075509526,3
59.029495,0.31930184,49.331204755588175,8.575884234748118,0,1,6296.367,0.06551548,6,1,false,false,4.9629617,1.1582793,9.899882,-0.07419415,3
59.046906,0.31951895,49.331204036389046,8.575897716703857,0,1,6310.641,0.067699015,6,1,false,false,4.640906,1.1043618,8.617646,-0.07285079,3
59.066116,0.31973615,49.33120331705272,8.575911198659595,0,1,6316.004,0.071338855,6,1,false,false,4.9336276,1.376893,9.575003,-0.07144296,3
59.08871,0.3199534,49.33120268758198,8.575924680510376,0,1,6309.9546,0.07692018,6,1,false,false,5.463559,1.4021916,10.71556,-0.069992475,3
59.11,0.32017076,49.331201968245644,8.575938162466116,0,1,6302.675,0.08298659,6,1,false,false,5.2341027,1.3583217,10.678017,-0.06848757,3
59.130512,0.3203882,49.33120133891211,8.57595178191679,0,1,6309.595,0.08686899,6,1,false,false,5.6200147,1.3269627,9.874599,-0.06693275,3
59.15109,0.3206057,49.33120070944137,8.57596526387253,0,1,6303.285,0.08881042,6,1,false,false,5.417272,1.3481162,10.254369,-0.065364026,3
59.171375,0.32082328,49.33120008010783,8.57597874572331,0,1,6299.3184,0.08978117,6,1,false,false,4.974901,1.2733145,9.78919,-0.06387193,3
59.18964,0.32104093,49.33119945063709,8.575992365173985,0,1,6306.8916,0.09002372,6,1,false,false,5.2027764,1.1306157,8.609822,-0.0624985,3
59.20671,0.32125866,49.33119891116914,8.576005847129725,0,1,6315.154,0.09196471,6,1,false,false,4.8489714,1.0904238,9.406869,-0.06114192,3
59.22368,0.32147643,49.3311982818356,8.5760194665804,0,1,6323.7354,0.09463381,6,1,false,false,5.0324903,1.1102587,9.624802,-0.05972697,3
59.24138,0.32169428,49.33119774223045,8.576032948536138,0,1,6334.927,0.096818306,6,1,false,false,5.5171413,1.1540716,9.667059,-0.058145486,3
59.261482,0.3219122,49.3311972027625,8.576046567986813,0,1,6336.6997,0.10021514,6,1,false,false,5.253166,1.3671086,9.119955,-0.056346666,3
59.283577,0.32213023,49.331196663294556,8.576060049942551,0,1,6329.005,0.102884725,6,1,false,false,5.623932,1.4461094,10.372527,-0.054484617,3
59.305374,0.32234833,49.33119612382661,8.576073669393226,0,1,6322.839,0.1021561,6,1,false,false,5.9797544,1.3233513,10.865031,-0.05259479,3
59.324345,0.32256645,49.33119558435866,8.576087288843901,0,1,6324.117,0.10070073,6,1,false,false,6.158056,1.2439005,10.165943,-0.050678473,3
59.343353,0.32278472,49.33119513475631,8.576100770799641,0,1,6328.5024,0.097789004,6,1,false,false,5.730509,1.2463742,10.384922,-0.048736807,3
59.36237,0.32300302,49.33119459528835,8.576114390250316,0,1,6324.6313,0.092450276,6,1,false,false,6.176258,1.2527806,11.32829,-0.046866268,3
59.380722,0.3232214,49.331194145686,8.57612800970099,0,1,6328.07,0.08614129,6,1,false,false,6.244352,1.1649728,11.540965,-0.04499726,3
59.398376,0.32343987,49.331193696083645,8.576141629256623,0,1,6333.6494,0.08128866,6,1,false,false,6.1061845,1.1985004,11.5282755,-0.043098364,3
59.417034,0.32365838,49.331193246481284,8.576155248707298,0,1,6335.2197,0.07619294,6,1,false,false,6.213706,1.2703454,11.385371,-0.041196633,3
59.43634,0.32387698,49.331192886881716,8.576168868262931,0,1,6330.271,0.07303821,6,1,false,false,5.8683095,1.3055935,10.463232,-0.03937227,3
59.455456,0.32409567,49.33119243727936,8.576182487608648,0,1,6326.887,0.07036861,6,1,false,false,5.6891727,1.2317778,9.730481,-0.0377724,3
59.472855,0.3243144,49.331192077679795,8.57619610716428,0,1,6329.743,0.06915531,6,1,false,false,5.843063,1.1242026,10.654002,-0.036408536,3
59.488457,0.32453322,49.331191717943035,8.576209726509997,0,1,6337.9106,0.07231005,6,1,false,false,4.984029,0.981519,8.772587,-0.035148565,3
59.503834,0.3247521,49.33119135834347,8.576223346065632,0,1,6351.875,0.07643502,6,1,false,false,4.8903294,1.0710403,9.320008,-0.03393251,3
59.52186,0.32497102,49.3311909986067,8.576236965621264,0,1,6359.8774,0.08080306,6,1,false,false,5.065323,1.1875057,8.707078,-0.032672465,3
59.53995,0.32519004,49.33119063900713,8.576250584966981,0,1,6357.382,0.086384356,6,1,false,false,4.880488,1.1730865,8.3779,-0.03134506,3
59.5593,0.32540914,49.33119027940757,8.576264204522614,0,1,6364.9707,0.09196468,6,1,false,false,5.3744783,1.3009623,9.930831,-0.0299408,3
59.57888,0.32562834,49.3311900095364,8.576277824078247,0,1,6363.064,0.09439125,6,1,false,false,5.090553,1.281051,8.0781355,-0.028422793,3
59.598354,0.32584757,49.33118964993683,8.576291581128816,0,1,6361.8364,0.096818306,6,1,false,false,4.914562,1.3122038,8.843788,-0.026852239,3
59.61886,0.32606688,49.33118938020286,8.576305200474533,0,1,6362.7617,0.09730297,6,1,false,false,5.3695436,1.2557445,10.130755,-0.02529845,3
59.63662,0.3262863,49.331189110468884,8.576318820030165,0,1,6361.967,0.09414917,6,1,false,false,5.329974,1.1134182,8.980616,-0.023688456,3
59.65417,0.32650572,49.33118884073491,8.576332577080734,0,1,6375.11,0.09196469,6,1,false,false,5.2089114,1.1689305,9.505971,-0.021965021,3
59.673813,0.3267252,49.33118866086652,8.576346196636367,0,1,6373.447,0.08881042,6,1,false,false,5.5028114,1.3046151,9.654645,-0.020196626,3
59.693798,0.32694477,49.33118839113255,8.576359815982084,0,1,6365.5815,0.085171044,6,1,false,false,5.7617064,1.29787,11.009071,-0.018411208,3
59.712837,0.3271644,49.33118821126417,8.576373573032653,0,1,6370.1973,0.082744464,6,1,false,false,6.0413504,1.2254233,11.710824,-0.016575178,3
59.73147,0.32738408,49.331187941530196,8.576387192588285,0,1,6370.732,0.07958976,6,1,false,false,5.842738,1.2571182,9.6808605,-0.014690919,3
59.751152,0.32760385,49.331187761661816,8.576400949638854,0,1,6366.357,0.07692016,6,1,false,false,5.414555,1.2926558,9.496273,-0.012888642,3
59.77034,0.32782367,49.33118767179622,8.576414706689423,0,1,6361.1367,0.075949915,6,1,false,false,5.612981,1.2070628,10.020224,-0.011351104,3
59.78658,0.32804352,49.33118749192784,8.57642832603514,0,1,6364.227,0.07692015,6,1,false,false,5.5523376,0.96248853,8.833244,-0.010020676,3
59.800983,0.32826346,49.331187312196654,8.576442083085709,0,1,6381.1216,0.08080306,6,1,false,false,5.689383,1.0009418,10.753268,-0.008692438,3
59.817333,0.32848343,49.33118722219386,8.576455840136278,0,1,6391.9873,0.084442444,6,1,false,false,5.0140333,1.1227007,8.081977,-0.0072097206,3
59.835743,0.32870346,49.33118704246268,8.57646945969191,0,1,6390.771,0.08735459,6,1,false,false,5.22478,1.323467,9.540951,-0.005685759,3
59.856823,0.32892358,49.33118695245989,8.57648321674248,0,1,6387.307,0.09099444,6,1,false,false,5.405447,1.2755837,9.39019,-0.0041488996,3
59.8747,0.3291438,49.3311868625943,8.576496973793049,0,1,6382.8877,0.092450306,6,1,false,false,5.646144,1.1305981,9.935717,-0.0026250647,3
59.89268,0.32936403,49.3311868625943,8.576510730843617,0,1,6397.8374,0.093420535,6,1,false,false,5.9911866,1.1849899,10.067056,-0.0009693168,3
59.91139,0.32958433,49.33118677259151,8.57652435039925,0,1,6391.5205,0.09342054,6,1,false,false,6.023495,1.282593,11.515182,0.00081850437,3
59.93123,0.32980472,49.331186682725914,8.576538107449819,0,1,6386.065,0.091722615,6,1,false,false,5.907983,1.2480994,9.850384,0.0026890803,3
59.94992,0.3300252,49.331186682725914,8.576551864500388,0,1,6387.8037,0.08638433,6,1,false,false,6.2577314,1.2606667,12.158576,0.0045155073,3
59.968124,0.3302457,49.331186682725914,8.576565621550957,0,1,6382.778,0.08104558,6,1,false,false,6.1292543,1.1789361,11.438085,0.006295582,3
59.984554,0.3304663,49.331186682725914,8.576579378601526,0,1,6383.985,0.07643502,6,1,false,false,5.657989,1.0494533,9.525514,0.007963913,3
60.00124,0.33068696,49.331186682725914,8.576593135652095,0,1,6395.191,0.072553076,6,1,false,false,5.7837634,1.1268336,10.788197,0.0095401695,3
60.018135,0.33090764,49.33118677259151,8.576606892702664,0,1,6391.8057,0.07133885,6,1,false,false,5.7440186,1.1258388,11.236945,0.011017056,3
60.03474,0.33112845,49.33118677259151,8.576620649753233,0,1,6395.111,0.07133886,6,1,false,false,5.662959,1.0853107,11.215809,0.012464912,3
60.051254,0.33134928,49.3311868625943,8.576634406803802,0,1,6407.0107,0.07133886,6,1,false,false,5.7648845,1.0835786,10.339485,0.013976942,3
60.069653,0.33157018,49.33118695245989,8.57664816385437,0,1,6402.247,0.07158187,6,1,false,false,5.5170646,1.2970042,10.78402,0.0155653665,3
60.08886,0.33179116,49.33118704246268,8.57666192090494,0,1,6395.665,0.07133888,6,1,false,false,5.5827827,1.2441853,10.556441,0.017086238,3
60.106537,0.3320122,49.331187132328274,8.576675815450445,0,1,6395.874,0.06915532,6,1,false,false,5.2649627,1.1643938,10.095998,0.018489832,3
60.122765,0.33223337,49.33118722219386,8.576689572501014,0,1,6397.524,0.06915533,6,1,false,false,4.909231,1.043707,9.140067,0.019708248,3
60.138428,0.33245456,49.33118740206225,8.57670332955158,0,1,6404.81,0.06939834,6,1,false,false,5.1130395,1.0353434,10.245671,0.020796439,3
60.15334,0.33267578,49.33118758193063,8.57671708660215,0,1,6415.2817,0.07255308,6,1,false,false,4.7742295,0.97509474,9.421905,0.021920452,3
60.168747,0.3328971,49.33118767179622,8.576730843652719,0,1,6425.4385,0.07789041,6,1,false,false,4.9301276,1.1130307,10.52558,0.023144554,3
60.187393,0.33311847,49.3311878516646,8.576744738198224,0,1,6427.328,0.08347218,6,1,false,false,5.0974975,1.2499757,9.861534,0.024494275,3
60.20663,0.33333996,49.33118803153299,8.576758495248793,0,1,6418.624,0.08759764,6,1,false,false,4.97625,1.2608597,9.07397,0.025932565,3
60.22605,0.3335615,49.33118821126417,8.576772252299362,0,1,6420.027,0.09148003,6,1,false,false,4.8098545,1.2359985,9.038755,0.027390258,3
60.243973,0.33378312,49.331188480998144,8.576786147054783,0,1,6417.152,0.09390614,6,1,false,false,4.7709565,1.1456158,8.480009,0.028770614,3
60.26016,0.33400482,49.33118866086652,8.576799904105352,0,1,6421.2705,0.09584712,6,1,false,false,4.566934,0.9785633,8.123692,0.030102292,3
60.275066,0.33422658,49.3311889306005,8.576813798650857,0,1,6434.7495,0.09754598,6,1,false,false,4.5279813,0.9780955,7.946731,0.031452518,3
60.290127,0.3344484,49.33118920033447,8.576827555701426,0,1,6444.7334,0.09754599,6,1,false,false,4.594297,0.91720086,7.7722726,0.032887742,3
60.30578,0.33467028,49.33118938020286,8.576841312751995,0,1,6454.4194,0.09730297,6,1,false,false,4.640778,1.107675,8.888246,0.034506258,3
60.323494,0.33489227,49.33118964993683,8.576855207297498,0,1,6459.678,0.09730296,6,1,false,false,4.8128257,1.128753,8.435524,0.036289196,3
60.343464,0.3351143,49.3311900095364,8.576868964348067,0,1,6457.7104,0.09342055,6,1,false,false,5.2217617,1.4011294,9.517098,0.03821466,3
60.365612,0.33533642,49.33119027940757,8.576882859103488,0,1,6449.729,0.09050932,6,1,false,false,5.2847967,1.3606489,8.217118,0.04022183,3
60.386127,0.33555862,49.331190549141546,8.576896753648994,0,1,6439.1465,0.08808228,6,1,false,false,5.3765507,1.29169,9.794777,0.042166613,3
60.40546,0.33578092,49.33119090874111,8.576910510699562,0,1,6440.8057,0.08517106,6,1,false,false,6.3354573,1.1880283,11.3612175,0.04402247,3
60.421974,0.3360033,49.331191268340675,8.576924405454983,0,1,6440.318,0.08322914,6,1,false,false,6.3196616,1.1144073,11.428499,0.045920633,3
60.43968,0.33622575,49.33119162807744,8.576938162505552,0,1,6443.274,0.08056,6,1,false,false,6.452428,1.1972287,10.889874,0.047867708,3
60.458496,0.33644828,49.33119198767701,8.576952057051056,0,1,6438.1934,0.07449357,6,1,false,false,5.995556,1.2548945,9.762975,0.049755063,3
60.4763,0.33667088,49.33119234741377,8.576965951596561,0,1,6431.2476,0.06915533,6,1,false,false,6.0390186,1.1213454,11.138291,0.05142432,3
60.491936,0.33689353,49.33119279701613,8.57697970864713,0,1,6438.4,0.06769902,6,1,false,false,6.2734113,0.9969803,11.904719,0.052917626,3
60.505882,0.33711627,49.33119315661569,8.576993603402551,0,1,6447.2695,0.06575852,6,1,false,false,5.790064,0.9536699,9.678085,0.05437916,3
60.522568,0.33733907,49.33119360621805,8.577007497948056,0,1,6454.7046,0.06478826,6,1,false,false,5.5813837,1.220234,9.288918,0.05586392,3
60.541454,0.33756196,49.331194055820404,8.57702139249356,0,1,6444.386,0.06430219,6,1,false,false,5.4571795,1.2189746,9.599655,0.057228856,3
60.558697,0.33778492,49.331194505285566,8.577035149544129,0,1,6442.108,0.06430219,6,1,false,false,5.3007274,1.0359637,9.820361,0.058428552,3
60.57259,0.33800796,49.33119504489071,8.57704904429955,0,1,6458.663,0.0672148,6,1,false,false,6.2150035,0.9594422,11.9126425,0.05959166,3
60.58828,0.33823106,49.33119549435587,8.577062938845055,0,1,6466.758,0.06988349,6,1,false,false,4.871766,1.1150659,8.865221,0.060909558,3
60.607338,0.33845422,49.331196033961014,8.57707683339056,0,1,6461.161,0.07158191,6,1,false,false,5.219457,1.3960035,9.120602,0.062216144,3
60.628048,0.33867747,49.33119657342896,8.577090728145981,0,1,6447.6797,0.07570686,6,1,false,false,5.3139496,1.1037376,9.362369,0.06341905,3
60.642586,0.3389008,49.33119702303132,8.577104622691484,0,1,6450.381,0.08056002,6,1,false,false,5.04346,0.87638247,9.810587,0.06449953,3
60.656242,0.3391242,49.331197652364864,8.577118517446905,0,1,6476.529,0.08686902,6,1,false,false,5.16099,0.94328725,9.591278,0.06568084,3
60.672253,0.33934766,49.33119819183281,8.577132274497474,0,1,6475.358,0.091722585,6,1,false,false,4.8772182,1.0990006,8.808183,0.06698143,3
60.690655,0.3395712,49.33119873130076,8.57714616904298,0,1,6473.8613,0.09487688,6,1,false,false,5.1691527,1.2354498,10.05167,0.06838374,3
60.70825,0.33979478,49.3311993607715,8.577160063588485,0,1,6473.0713,0.09584711,6,1,false,false,5.217441,1.0627067,10.715735,0.06987673,3
60.725418,0.34001848,49.33119990023945,8.577173958343906,0,1,6476.8477,0.09317796,6,1,false,false,5.5417066,1.1571695,9.500222,0.071530655,3
60.742935,0.34024224,49.33120052971018,8.57718785288941,0,1,6480.0137,0.0878402,6,1,false,false,5.244401,1.1538634,10.909351,0.07332102,3
60.76154,0.34046608,49.33120115904372,8.577201747434914,0,1,6471.699,0.08080305,6,1,false,false,5.325883,1.2198805,10.694401,0.07511726,3
60.778652,0.34069,49.33120178851446,8.577215642190335,0,1,6471.058,0.07158188,6,1,false,false,5.4536476,1.0995708,9.818511,0.07684832,3
60.795033,0.34091395,49.33120250771359,8.57722953673584,0,1,6475.6807,0.06551546,6,1,false,false,4.990592,1.0586439,10.403799,0.07849685,3
60.8111,0.341138,49.33120313718433,8.577243431281346,0,1,6473.9224,0.06284681,6,1,false,false,4.8829303,1.0700675,10.369976,0.079957835,3
60.8268,0.3413621,49.331203856520666,8.577257463531701,0,1,6481.5854,0.061390504,6,1,false,false,5.1091094,0.9655077,8.709848,0.081292056,3
60.84196,0.34158623,49.3312044858542,8.577271358077207,0,1,6487.7153,0.067214824,6,1,false,false,4.746567,1.0196154,10.405457,0.082559414,3
60.85812,0.3418104,49.331205205190535,8.577285252832628,0,1,6491.962,0.07449358,6,1,false,false,5.2616925,1.0442352,10.688482,0.0838099,3
60.873394,0.3420346,49.33120592452686,8.577299147378133,0,1,6497.48,0.081045605,6,1,false,false,5.7517104,1.031778,10.665586,0.08520132,3
60.89137,0.3422589,49.3312066438632,8.577313042133554,0,1,6500.299,0.08735461,6,1,false,false,5.222758,1.2897489,9.637907,0.08682213,3
60.91094,0.34248325,49.33120745306512,8.577326936679057,0,1,6486.069,0.09050932,6,1,false,false,5.164469,1.2622496,9.224776,0.08841632,3
60.928738,0.34270766,49.331208172401446,8.577340831224562,0,1,6480.574,0.09269331,6,1,false,false,5.3237224,1.0741388,9.916226,0.08986117,3
60.942795,0.3429321,49.33120898160337,8.57735486347492,0,1,6490.016,0.09584711,6,1,false,false,5.53508,0.8321659,9.872777,0.09118854,3
60.95478,0.3431566,49.331209790942495,8.577368758020423,0,1,6505.722,0.09875928,6,1,false,false,6.097436,0.78868127,10.788412,0.09262793,3
60.969536,0.34338114,49.331210600144416,8.577382652775844,0,1,6515.653,0.101428434,6,1,false,false,5.4022193,1.0866271,8.936901,0.094389424,3
60.987576,0.34360573,49.33121140934634,8.57739654732135,0,1,6509.316,0.10045817,6,1,false,false,5.114816,1.213069,7.9456654,0.09628303,3
61.007496,0.34383035,49.33121221854826,8.577410441866855,0,1,6504.879,0.09511944,6,1,false,false,5.440271,1.3335406,9.383532,0.09814483,3
61.02318,0.34405506,49.331213117752974,8.577424474117212,0,1,6497.94,0.09220726,6,1,false,false,5.0743065,0.9447038,9.35206,0.09989572,3
61.03716,0.3442798,49.331213926954895,8.577438368662715,0,1,6518.81,0.08978116,6,1,false,false,5.034943,0.9040992,8.122783,0.101633646,3
61.05187,0.34450462,49.33121482615961,8.577452263418136,0,1,6528.7207,0.08589875,6,1,false,false,5.7247725,0.98640686,8.940226,0.10339383,3
61.069176,0.34472948,49.331215725227125,8.577466295668494,0,1,6521.3145,0.08517106,6,1,false,false,5.9408054,1.1872597,10.66319,0.10524083,3
61.085903,0.34495437,49.33121662443183,8.577480190213999,0,1,6521.6074,0.08444244,6,1,false,false,5.94488,1.0127821,9.548177,0.10719969,3
61.104862,0.34517935,49.331217523636546,8.577494084759502,0,1,6528.1533,0.08201584,6,1,false,false,6.2312155,1.3345404,10.167799,0.10926074,3
61.124283,0.34540436,49.331218512706855,8.577507979514923,0,1,6511.2095,0.08128862,6,1,false,false,5.977731,1.2523729,10.406034,0.11123691,3
61.14105,0.34562948,49.33121941177437,8.577522011555365,0,1,6506.387,0.08080303,6,1,false,false,7.149423,0.980866,12.145854,0.1130084,3
61.155266,0.34585464,49.33122040084467,8.577535906310786,0,1,6518.646,0.08007536,6,1,false,false,6.7400303,0.95864236,11.144222,0.11476953,3
61.16985,0.34607983,49.33122138991498,8.57754980085629,0,1,6516.19,0.07934673,6,1,false,false,6.251535,1.0367178,10.041448,0.116537176,3
61.187206,0.3463051,49.33122237898528,8.577563833106646,0,1,6517.0957,0.07764925,6,1,false,false,6.3045807,1.1029903,9.491398,0.1182481,3
61.202976,0.34653038,49.33122336805559,8.577577727652152,0,1,6514.321,0.07740624,6,1,false,false,5.647394,1.0386274,9.624258,0.11981298,3
61.217144,0.34675577,49.331224446991484,8.577591759902509,0,1,6520.6895,0.08080307,6,1,false,false,5.752025,0.92253405,10.127624,0.12123189,3
61.230904,0.34698117,49.33122552606458,8.577605654448012,0,1,6531.6084,0.082986586,6,1,false,false,5.7936935,0.9436168,8.7833185,0.12264993,3
61.246212,0.34720662,49.33122651513489,8.577619549203433,0,1,6536.6646,0.086384356,6,1,false,false,5.443905,1.2070946,8.807652,0.12412352,3
61.26358,0.34743217,49.33122759407078,8.577633581243875,0,1,6530.989,0.09196468,6,1,false,false,5.268672,1.087442,8.399267,0.12555802,3
61.27962,0.34765774,49.33122876300947,8.577647475999296,0,1,6534.364,0.097302966,6,1,false,false,5.7064776,0.9939174,9.201641,0.12697238,3
61.29391,0.34788337,49.331229841945365,8.5776613705448,0,1,6544.988,0.103127286,6,1,false,false,5.5662217,0.9410512,9.149532,0.12850215,3
61.309433,0.34810907,49.33123092088126,8.577675402795157,0,1,6550.618,0.10725181,6,1,false,false,5.8540745,1.1422465,9.6753235,0.13018186,3
61.32738,0.34833482,49.33123208981995,8.577689297340662,0,1,6548.2715,0.10895067,6,1,false,false,6.1565,1.2347661,11.040059,0.13206394,3
61.345554,0.3485606,49.33123325875864,8.577703329591019,0,1,6541.7275,0.11040653,6,1,false,false,6.514539,1.1849482,10.798015,0.13410114,3
61.36296,0.3487865,49.33123442756012,8.577717224136522,0,1,6540.386,0.1084651,6,1,false,false,6.924834,1.1771516,11.042575,0.13622239,3
61.379944,0.34901243,49.33123559649881,8.57773125638688,0,1,6533.6606,0.10336938,6,1,false,false,6.6523876,1.1228445,9.836017,0.13833988,3
61.3961,0.34923846,49.33123685530309,8.577745150932385,0,1,6530.1743,0.09827368,6,1,false,false,6.3171015,1.0742743,10.175994,0.14031613,3
61.410313,0.34946448,49.33123802424178,8.577759045687806,0,1,6534.87,0.09487684,6,1,false,false,6.6590376,0.90067154,11.34404,0.14213887,3
61.422523,0.3496906,49.33123928304605,8.577773077728246,0,1,6544.0703,0.093178,6,1,false,false,6.872015,0.8476169,11.578734,0.14396209,3
61.43601,0.34991676,49.331240541850335,8.577786972483667,0,1,6555.133,0.0924503,6,1,false,false,6.5412354,1.0429659,10.08377,0.14596188,3
61.453228,0.350143,49.33124180065461,8.577801004524108,0,1,6549.8677,0.09220728,6,1,false,false,6.6921234,1.2518892,10.096883,0.14800648,3
61.47054,0.35036924,49.33124305945889,8.577814899279527,0,1,6536.757,0.091480024,6,1,false,false,6.3358526,1.0962484,9.490451,0.14990069,3
61.48503,0.3505956,49.33124440812876,8.577828931319969,0,1,6540.9526,0.09269334,6,1,false,false,6.2501616,0.95004153,9.919638,0.15154915,3
61.49769,0.350822,49.33124575693583,8.57784282607539,0,1,6550.8604,0.09633272,6,1,false,false,6.283934,0.81117576,9.737534,0.15306398,3
61.50999,0.35104844,49.331247105605705,8.577856720620895,0,1,6560.8228,0.10118585,6,1,false,false,6.126635,0.90125036,9.598491,0.15462673,3
61.523994,0.35127494,49.331248454275574,8.57787075287125,0,1,6568.759,0.10579687,6,1,false,false,6.6913733,1.043925,11.262201,0.15635239,3
61.540203,0.3515015,49.33124980308264,8.577884647416756,0,1,6565.766,0.11040653,6,1,false,false,6.545933,1.1091982,8.781608,0.1582975,3
61.556873,0.3517281,49.331251241755304,8.577898679667113,0,1,6562.4507,0.11161982,6,1,false,false,6.6001997,1.2436746,10.821242,0.16034448,3
61.574646,0.35195482,49.33125259042517,8.577912574212618,0,1,6555.4937,0.112833105,6,1,false,false,6.944412,1.0745205,9.831213,0.1623357,3
61.588448,0.35218155,49.331254029097835,8.577926468968037,0,1,6552.2305,0.10943626,6,1,false,false,6.295635,0.9336712,9.090422,0.1642472,3
61.60253,0.35240835,49.3312554677705,8.577940501008479,0,1,6569.3604,0.10700968,6,1,false,false,6.3632536,0.94248945,9.594185,0.1661235,3
61.616383,0.35263523,49.33125690630596,8.5779543957639,0,1,6566.6396,0.105310835,6,1,false,false,6.117927,0.97001684,8.990651,0.16794698,3
61.630283,0.35286215,49.331258434844216,8.57796842780434,0,1,6571.44,0.10409802,6,1,false,false,6.3821497,0.93779916,9.39649,0.16975197,3
61.64467,0.35308912,49.33125987351687,8.57798232255976,0,1,6581.644,0.10409801,6,1,false,false,6.375668,1.027586,8.861957,0.1716426,3
61.66058,0.3533162,49.33126140205513,8.577996217315182,0,1,6576.791,0.10676716,6,1,false,false,5.881024,1.0573734,7.2010674,0.17356075,3
61.67673,0.35354328,49.33126293059338,8.578010249355623,0,1,6576.6606,0.11016398,6,1,false,false,6.4548297,1.0606235,9.0726595,0.17538454,3
61.691227,0.35377046,49.33126445926883,8.578024144111044,0,1,6579.6743,0.114774995,6,1,false,false,7.0417905,0.8946874,10.577891,0.17721286,3
61.70278,0.35399768,49.331265987807086,8.578038038446632,0,1,6588.2983,0.12084095,6,1,false,false,8.136831,0.9174228,12.937493,0.17931165,3
61.71831,0.35422495,49.33126760621093,8.578052070906905,0,1,6595.359,0.12205426,6,1,false,false,7.9767585,1.1830618,12.151717,0.18187805,3
61.737457,0.3544523,49.33126922475197,8.578065965242494,0,1,6574.0054,0.11671549,6,1,false,false,7.9748583,1.3903345,10.447932,0.18467331,3
61.755432,0.35467976,49.33127084315582,8.578079859997915,0,1,6556.7197,0.10700971,6,1,false,false,7.8875103,1.0673659,10.498025,0.18724099,3
61.76844,0.35490724,49.33127246169686,8.578093892038355,0,1,6557.2563,0.097060405,6,1,false,false,7.3377876,0.845618,11.241304,0.1893106,3
61.77804,0.35513481,49.331274080100705,8.578107786793776,0,1,6568.417,0.09002371,6,1,false,false,7.2295375,0.67037976,10.69465,0.19101714,3
61.78751,0.35536242,49.33127578850734,8.578121681549197,0,1,6586.8735,0.086384326,6,1,false,false,6.7770295,0.7592911,9.313489,0.19271012,3
61.80029,0.35559008,49.33127749691398,8.578135713589637,0,1,6595.381,0.0866269,6,1,false,false,5.763201,1.0140556,8.414511,0.19441983,3
61.81585,0.35581774,49.33127920532061,8.578149608345058,0,1,6590.155,0.09245029,6,1,false,false,5.9559956,1.0625246,7.925403,0.1959857,3
61.829853,0.35604548,49.33128091359005,8.578163502680647,0,1,6590.941,0.10773741,6,1,false,false,6.5399776,0.84324706,9.0583935,0.1974334,3
61.841618,0.35627326,49.331282621996685,8.578177397436068,0,1,6605.5293,0.12617968,6,1,false,false,6.218878,0.83551615,7.9616637,0.19900778,3
61.854,0.35650104,49.331284420268915,8.57819129219149,0,1,6616.252,0.14510661,6,1,false,false,6.9035344,0.9573263,9.157981,0.2008528,3
61.870968,0.3567289,49.331286218678336,8.578205324231929,0,1,6609.4995,0.16427666,6,1,false,false,7.706164,1.2093295,10.782107,0.20301095,3
61.887287,0.35695678,49.331288016950566,8.57821921898735,0,1,6599.6216,0.1747106,6,1,false,false,8.512558,1.1210699,10.438353,0.205495,3
61.902447,0.35718474,49.331289815222796,8.57823311374277,0,1,6601.482,0.178836,6,1,false,false,8.624479,1.0295465,10.790784,0.208319,3
61.91763,0.35741273,49.33129161349502,8.57824700807836,0,1,6595.101,0.17616688,6,1,false,false,8.548859,1.0995136,10.388392,0.21131214,3
61.931763,0.3576407,49.33129350177004,8.578260902833781,0,1,6589.17,0.1659755,6,1,false,false,9.052609,0.95198774,10.670166,0.21428794,3
61.943268,0.3578688,49.33129538990786,8.5782747975892,0,1,6593.7734,0.15481243,6,1,false,false,9.095242,0.8142496,10.841741,0.21724296,3
61.953716,0.3580969,49.33129727818287,8.57828869192479,0,1,6600.867,0.1431647,6,1,false,false,9.201327,0.8590765,11.665287,0.22025402,3
61.96531,0.35832503,49.33129925632348,8.578302586680211,0,1,6604.103,0.13054672,6,1,false,false,8.617294,0.90853417,9.500199,0.22337234,3
61.97908,0.35855317,49.3313011444613,8.578316481435632,0,1,6604.699,0.11768623,6,1,false,false,8.004718,1.121523,8.794391,0.22638093,3
61.993164,0.3587814,49.33130312260191,8.57833037577122,0,1,6595.805,0.10870762,6,1,false,false,7.7285857,0.9467098,9.068809,0.22893065,3
62.003242,0.35900965,49.33130510074252,8.57834427052664,0,1,6601.873,0.10458361,6,1,false,false,8.741943,0.6945384,10.20206,0.23112835,3
62.01086,0.3592379,49.33130716874872,8.578358165282062,0,1,6624.0796,0.106281534,6,1,false,false,7.998395,0.6342026,9.164132,0.2334257,3
62.022984,0.35946622,49.33130914688933,8.578372059617651,0,1,6634.8276,0.10773741,6,1,false,false,7.9138184,1.1935953,9.157377,0.23593308,3
62.040943,0.35969457,49.331311215032734,8.578385954373072,0,1,6617.3477,0.108223006,6,1,false,false,8.241414,1.2248299,8.384855,0.23837182,3
62.056335,0.35992298,49.33131328303894,8.578399849128493,0,1,6603.386,0.111134216,6,1,false,false,8.547236,1.0341803,11.005025,0.24054922,3
62.06766,0.36015144,49.33131544104793,8.578413606179062,0,1,6616.1206,0.115016624,6,1,false,false,9.070935,0.79104066,10.502211,0.2426413,3
62.07835,0.3603799,49.33131750905413,8.57842750051465,0,1,6622.398,0.11622993,6,1,false,false,8.703963,0.92258936,10.140632,0.24487945,3
62.092865,0.36060843,49.33131966706312,8.57844139527007,0,1,6620.068,0.11453199,6,1,false,false,8.778514,1.1476219,10.756171,0.24721113,3
62.107132,0.36083704,49.33132182493491,8.578455290025492,0,1,6606.9805,0.11113423,6,1,false,false,8.920233,1.010143,11.16558,0.24941474,3
62.119884,0.36106566,49.33132398294391,8.57846904707606,0,1,6610.6714,0.10579689,6,1,false,false,8.235671,0.9044845,9.182693,0.25147942,3
62.130554,0.3612943,49.33132623081849,8.578482941411648,0,1,6619.1323,0.10167143,6,1,false,false,8.431868,0.82985085,10.618879,0.25337285,3
62.14228,0.361523,49.331328478693074,8.578496698462217,0,1,6617.5073,0.10021514,6,1,false,false,8.4568405,0.8836248,11.062836,0.25525558,3
62.15339,0.36175177,49.33133072656766,8.578510593217638,0,1,6622.8467,0.09730296,6,1,false,false,7.891247,0.83853,9.19338,0.2571875,3
62.16684,0.36198053,49.33133297444224,8.578524350268207,0,1,6631.249,0.092693314,6,1,false,false,7.6520524,1.07049,10.421086,0.25919077,3
62.18129,0.36220938,49.331335222316824,8.578538245023628,0,1,6618.304,0.0907514,6,1,false,false,7.4074087,0.9843341,9.5036745,0.26103574,3
62.194134,0.36243823,49.331337560057,8.578552002074197,0,1,6620.5005,0.08735457,6,1,false,false,7.0103445,0.90571046,9.684306,0.26268983,3
62.205833,0.36266717,49.33133989793437,8.578565896409787,0,1,6633.268,0.08565573,6,1,false,false,7.1337337,0.83868676,9.047966,0.26423794,3
62.218056,0.3628961,49.33134223567455,8.578579653460356,0,1,6631.226,0.086141326,6,1,false,false,6.85919,0.9495039,9.347058,0.26576233,3
62.23155,0.36312512,49.331344573414725,8.578593410510924,0,1,6636.541,0.08662689,6,1,false,false,6.551154,0.9306219,9.115814,0.26729792,3
62.245026,0.3633542,49.33134700115769,8.578607305266345,0,1,6639.3477,0.087354586,6,1,false,false,7.188411,0.9870873,10.240784,0.2688409,3
62.259037,0.36358333,49.331349338897866,8.578621062316913,0,1,6637.6885,0.08808228,6,1,false,false,6.916247,0.9714615,10.151913,0.2704775,3
62.273254,0.3638125,49.33135176664083,8.578634819367482,0,1,6639.1543,0.08589874,6,1,false,false,6.4904065,1.0748856,9.354238,0.2721863,3
62.288803,0.36404175,49.3313541943838,8.57864857641805,0,1,6635.853,0.07958974,6,1,false,false,6.6420383,1.0753708,10.114655,0.27383128,3
62.303345,0.36427101,49.33135662198956,8.578662471173471,0,1,6627.339,0.07376637,6,1,false,false,6.7732544,0.9408812,10.926332,0.27532408,3
62.31522,0.36450034,49.33135913973532,8.57867622822404,0,1,6634.268,0.067942046,6,1,false,false,5.7628098,0.8064243,9.52956,0.27672547,3
62.327812,0.36472973,49.33136156734109,8.57868998527461,0,1,6646.1406,0.060663283,6,1,false,false,5.755137,0.90033185,9.110018,0.27803433,3
62.342278,0.36495918,49.33136408494965,8.578703742325178,0,1,6641.4766,0.05750761,6,1,false,false,5.6597557,0.9857341,9.094172,0.27921975,3
62.355713,0.36518866,49.331366602558205,8.578717499375747,0,1,6639.7383,0.057750642,6,1,false,false,5.4287024,0.906991,9.0919895,0.28026006,3
62.368423,0.3654182,49.33136912030396,8.578731256426316,0,1,6651.5366,0.06333194,6,1,false,false,5.19944,0.8610372,9.32442,0.2812033,3
62.38156,0.36564782,49.33137163791252,8.578745013476885,0,1,6653.1636,0.07158188,6,1,false,false,5.089102,0.9176395,8.302174,0.28214073,3
62.395863,0.36587748,49.33137424538667,8.578758770527454,0,1,6655.791,0.08419985,6,1,false,false,5.12228,0.8674224,8.091021,0.28310642,3
62.40949,0.36610717,49.33137676299523,8.578772527578023,0,1,6662.4985,0.09463384,6,1,false,false,5.1179843,0.99328154,9.578065,0.28417403,3
62.42347,0.36633694,49.33137937060658,8.578786284628592,0,1,6663.359,0.10458361,6,1,false,false,6.1288295,0.85378575,10.140154,0.2854119,3
62.438034,0.36656675,49.33138197808073,8.57880004167916,0,1,6668.8467,0.10943626,6,1,false,false,5.714102,1.0577956,9.286555,0.2870117,3
62.454796,0.36679664,49.331384495689285,8.57881379872973,0,1,6663.4175,0.10846509,6,1,false,false,5.8205423,1.1294935,10.122383,0.28880867,3
62.47284,0.3670266,49.33138719316622,8.578827555780299,0,1,6647.541,0.10288474,6,1,false,false,6.235576,1.1022055,11.614671,0.29065558,3
62.486736,0.36725664,49.33138980064037,8.578841312830868,0,1,6644.9478,0.092450306,6,1,false,false,6.4961224,0.84565073,11.915181,0.29250047,3
62.49893,0.3674867,49.33139240825172,8.578855069881437,0,1,6656.987,0.081288636,6,1,false,false,6.2075243,0.86256284,10.880908,0.29440162,3
62.511997,0.36771685,49.33139510572866,8.578868826932005,0,1,6653.649,0.06600153,6,1,false,false,5.701729,0.9325252,10.215561,0.29624638,3
62.526443,0.36794704,49.331397803068405,8.578882583982573,0,1,6648.7925,0.051442128,6,1,false,false,5.5680494,0.9982971,10.141034,0.2978817,3
62.53878,0.36817726,49.33140050054534,8.57889620332829,0,1,6649.1895,0.03930929,6,1,false,false,4.8777285,0.7664288,9.744121,0.29922614,3
62.549915,0.36840758,49.33140319802228,8.578909960378859,0,1,6661.097,0.031544447,6,1,false,false,4.8009777,0.72625804,10.212999,0.30033588,3
62.56167,0.36863795,49.33140589549922,8.578923717429427,0,1,6671.9126,0.029846044,6,1,false,false,4.1725545,0.81480265,8.142869,0.30133933,3
62.57493,0.36886835,49.331408682841754,8.578937474479996,0,1,6675.3506,0.031059328,6,1,false,false,4.214877,0.9203558,10.105236,0.30220428,3
62.590275,0.3690988,49.3314113803187,8.578951231530565,0,1,6675.703,0.036882717,6,1,false,false,5.2038345,1.0087863,12.052369,0.30301726,3
62.604225,0.36932936,49.33141416766123,8.578964850876282,0,1,6673.5776,0.04343426,6,1,false,false,4.6480613,0.95710313,9.251141,0.30391604,3
62.620853,0.36955994,49.33141695500376,8.578978607926851,0,1,6677.239,0.04901556,6,1,false,false,4.3132887,1.2197187,10.4850645,0.30485746,3
62.637924,0.36979064,49.33141974234629,8.57899236497742,0,1,6656.2256,0.051927254,6,1,false,false,4.585592,1.0391508,10.267663,0.30566582,3
62.651104,0.3700214,49.33142252968882,8.579005984742968,0,1,6653.802,0.052897498,6,1,false,false,4.265094,0.744364,9.981823,0.30634508,3
62.66182,0.3702522,49.33142531716855,8.579019741793537,0,1,6677.9814,0.052897505,6,1,false,false,4.0829353,0.7350653,9.90067,0.30701894,3
62.673504,0.37048304,49.33142810451108,8.579033498844106,0,1,6678.5464,0.052412383,6,1,false,false,3.6288776,0.83057964,9.62083,0.30774537,3
62.687435,0.37071395,49.33143098171921,8.579047118189823,0,1,6680.456,0.05047187,6,1,false,false,3.7302234,0.9984948,9.923044,0.3085333,3
62.702053,0.37094492,49.33143376906174,8.579060875240392,0,1,6683.88,0.048045304,6,1,false,false,3.4947176,0.90675604,8.227385,0.3093547,3
62.71632,0.37117592,49.33143664640706,8.57907449458611,0,1,6679.415,0.049500674,6,1,false,false,2.9568772,0.9430667,8.360362,0.31014293,3
62.73014,0.37140697,49.33143952361519,8.579088251636678,0,1,6685.55,0.05362566,6,1,false,false,3.403199,0.7921565,8.68267,0.31083566,3
62.741234,0.37163806,49.33144240096051,8.579102008687247,0,1,6693.7104,0.060663268,6,1,false,false,3.8778872,0.70959175,10.250048,0.31159422,3
62.753574,0.37186915,49.33144527816864,8.579115628452797,0,1,6706.1455,0.06939834,6,1,false,false,3.5739949,0.8722434,10.711324,0.31258944,3
62.770157,0.3721003,49.331448155513954,8.579129385503364,0,1,6706.6445,0.07206702,6,1,false,false,4.1375437,1.1970801,11.387367,0.31381613,3
62.789764,0.37233147,49.33145103272208,8.579143004849081,0,1,6685.622,0.070125595,6,1,false,false,3.9296324,1.2263243,9.531854,0.3151785,3
62.80673,0.3725627,49.3314539100674,8.57915676189965,0,1,6671.9795,0.06600155,6,1,false,false,3.822322,0.987017,10.418398,0.3164375,3
62.819656,0.37279406,49.33145687727832,8.579170381245367,0,1,6679.2725,0.060177214,6,1,false,false,3.8443675,0.7408072,10.392677,0.31755623,3
62.82952,0.3730254,49.33145975448644,8.579184138295936,0,1,6686.057,0.055567116,6,1,false,false,3.824449,0.68603796,11.028188,0.31860894,3
62.840813,0.37325677,49.331462721697356,8.579197758061486,0,1,6701.0015,0.051685147,6,1,false,false,4.000202,0.7848702,11.300945,0.31973433,3
62.854156,0.3734882,49.33146568890827,8.579211515112055,0,1,6702.459,0.04780228,6,1,false,false,3.7198644,0.9493103,9.469425,0.32094023,3
62.870316,0.37371966,49.33146856625359,8.579225134457772,0,1,6696.1743,0.0453757,6,1,false,false,3.4550645,1.0738091,9.938956,0.3220952,3
62.8859,0.37395123,49.33147153346451,8.579238891508341,0,1,6688.47,0.045618735,6,1,false,false,3.5969062,0.9256239,8.532737,0.32308692,3
62.897797,0.3741828,49.33147459054101,8.579252510854058,0,1,6694.353,0.049258586,6,1,false,false,3.4902313,0.7241165,7.7180467,0.32392892,3
62.90886,0.3744144,49.331477557751924,8.579266267904627,0,1,6707.698,0.05581013,6,1,false,false,3.19662,0.7016698,8.784232,0.32471272,3
62.919605,0.37464607,49.33148052496284,8.579279887670175,0,1,6715.033,0.06357498,6,1,false,false,3.9091384,0.7211871,9.266458,0.32554844,3
62.931538,0.37487772,49.331483492036554,8.579293644720744,0,1,6728.823,0.0703686,6,1,false,false,3.9234235,0.873365,10.871904,0.3266277,3
62.947582,0.37510946,49.331486549250265,8.579307264066461,0,1,6728.465,0.07376639,6,1,false,false,3.635974,1.1403179,9.629155,0.32794383,3
62.965782,0.37534124,49.33148960632677,8.579320883412178,0,1,6708.6294,0.07352332,6,1,false,false,4.8812675,1.1373465,11.028138,0.3293585,3
62.982292,0.37557313,49.33149257353768,8.579334640462747,0,1,6702.983,0.067214824,6,1,false,false,4.8068933,0.9787917,10.5451975,0.3308871,3
62.996796,0.37580502,49.331495630614185,8.579348260228295,0,1,6704.384,0.059449997,6,1,false,false,3.9237065,1.0870333,10.145239,0.33237815,3
63.01069,0.37603694,49.3314986876907,8.579362017278864,0,1,6693.2446,0.05241237,6,1,false,false,4.4051156,0.85059184,10.8173685,0.33359408,3
63.021523,0.37626895,49.3315017449044,8.579375636624581,0,1,6698.8613,0.04634596,6,1,false,false,4.1158795,0.5798048,8.89277,0.33462146,3
63.030373,0.37650096,49.3315048918465,8.579389255970298,0,1,6720.5527,0.04319123,6,1,false,false,3.6579113,0.6662635,10.021369,0.3356026,3
63.04243,0.376733,49.331507948923004,8.579402875735846,0,1,6725.3145,0.044404507,6,1,false,false,3.5212212,0.83149004,8.693643,0.33658308,3
63.055695,0.3769651,49.33151100613671,8.579416632786415,0,1,6722.4805,0.049015567,6,1,false,false,3.5249271,0.8819839,9.34989,0.33751988,3
63.070248,0.37719724,49.33151415307881,8.579430252132132,0,1,6727.604,0.054110795,6,1,false,false,4.035703,0.8645982,10.315725,0.33845517,3
63.083584,0.37742943,49.331517300158104,8.57944387147785,0,1,6727.1274,0.060905363,6,1,false,false,4.0292516,0.9439601,9.446953,0.3394586,3
63.097942,0.37766165,49.33152035723461,8.579457490823566,0,1,6728.2046,0.06769901,6,1,false,false,4.0058665,0.9590237,9.848332,0.3405376,3
63.113007,0.37789395,49.33152350431391,8.579471247874135,0,1,6722.4663,0.0727952,6,1,false,false,4.3381643,0.9399454,9.844641,0.34162197,3
63.126465,0.37812626,49.331526651256006,8.579484867639685,0,1,6718.256,0.073280305,6,1,false,false,4.118605,0.8297865,9.342458,0.34273288,3
63.138496,0.37835866,49.33152988820089,8.579498486985402,0,1,6729.0083,0.071581885,6,1,false,false,4.2765403,0.7811466,11.28376,0.34388903,3
63.15087,0.37859106,49.33153303528019,8.57951210633112,0,1,6728.7573,0.06818506,6,1,false,false,4.1031356,0.79073703,9.692553,0.3451386,3
63.163593,0.37882352,49.33153618222229,8.579525726096668,0,1,6732.2593,0.06308892,6,1,false,false,4.3330445,0.8524887,10.929274,0.34644145,3
63.177437,0.37905604,49.33153941916718,8.579539345442385,0,1,6734.2515,0.05532407,6,1,false,false,4.215321,0.96441925,13.472978,0.3478136,3
63.191055,0.37928855,49.33154256624647,8.579553102492953,0,1,6724.7095,0.04416242,6,1,false,false,4.2311354,0.8409221,12.02778,0.3491907,3
63.20471,0.37952116,49.33154580319136,8.57956672183867,0,1,6728.6055,0.029846042,6,1,false,false,4.0847974,0.954552,11.7268505,0.35054898,3
63.21847,0.37975377,49.33154904013625,8.579580341604219,0,1,6722.5933,0.018441357,6,1,false,false,3.58297,0.9046716,12.198603,0.3516896,3
63.2308,0.37998644,49.33155227708114,8.579593960949936,0,1,6713.0386,0.0075217998,6,1,false,false,3.2367995,0.7292659,9.093175,0.35247424,3
63.240837,0.38021916,49.33155551402603,8.579607580295653,0,1,6726.759,-0.0012132842,6,1,false,false,2.7352645,0.653794,9.189464,0.35296327,3
63.25063,0.38045192,49.33155884083651,8.5796212000612,0,1,6736.0156,-0.0055812956,6,1,false,false,2.544381,0.6961415,10.003751,0.35321674,3
63.26025,0.3806847,49.33156207778139,8.579634819406918,0,1,6743.646,-0.0060664206,6,1,false,false,2.0821786,0.7421253,9.053224,0.35331398,3
63.271515,0.38091755,49.331565314726284,8.579648438752635,0,1,6755.954,-0.0019405044,6,1,false,false,1.8156031,0.7613922,7.0203395,0.3533216,3
63.284836,0.3811504,49.33156864153676,8.579662058518185,0,1,6757.176,0.006551548,6,1,false,false,1.8554559,0.84844816,6.412868,0.35321677,3
63.297802,0.3813833,49.331571878481654,8.579675677863902,0,1,6757.9336,0.016742948,6,1,false,false,1.6807576,0.76249284,7.697088,0.35305768,3
63.30705,0.38161623,49.33157520542933,8.579689297209619,0,1,6773.335,0.030089073,6,1,false,false,2.0867367,0.49902838,9.581632,0.35294005,3
63.31808,0.38184923,49.33157844237422,8.579702916975167,0,1,6794.7534,0.041007698,6,1,false,false,2.1177175,0.8347398,8.062115,0.3530366,3
63.337868,0.38208225,49.3315817691847,8.579716398616032,0,1,6786.016,0.049258593,6,1,false,false,2.0224264,1.4827044,8.221116,0.35331836,3
63.36252,0.3823154,49.33158509599518,8.57973001838158,0,1,6746.434,0.052412376,6,1,false,false,1.9838839,1.3791431,9.543567,0.35368654,3
63.378674,0.38254857,49.33158833294007,8.579743637727297,0,1,6731.835,0.05241238,6,1,false,false,2.5554345,0.7799647,10.869444,0.3540849,3
63.388832,0.38278183,49.33159165975055,8.579757257073014,0,1,6757.3203,0.049258593,6,1,false,false,2.4534419,0.56179273,9.657447,0.35464758,3
63.400333,0.3830151,49.33159498669823,8.579770876838564,0,1,6762.8193,0.045860834,6,1,false,false,1.9285247,0.8811179,9.630171,0.3553587,3
63.415512,0.38324842,49.33159831350871,8.579784496184281,0,1,6751.7144,0.040764656,6,1,false,false,2.163197,0.9787955,11.915505,0.35608795,3
63.42939,0.38348177,49.331601640319185,8.579798115529998,0,1,6750.2334,0.031302366,6,1,false,false,2.3494225,0.8017291,9.393562,0.35683954,3
63.441338,0.3837152,49.33160505713246,8.579811734875715,0,1,6758.4883,0.025721062,6,1,false,false,1.8441944,0.772112,9.585585,0.35760084,3
63.454937,0.38394865,49.33160838394294,8.579825354641264,0,1,6758.169,0.019897675,6,1,false,false,1.984364,0.88425046,10.627981,0.35829255,3
63.46711,0.38418218,49.33161171089062,8.57983897398698,0,1,6754.1484,0.013346125,6,1,false,false,1.7256318,0.77001345,10.415757,0.3589075,3
63.479336,0.38441578,49.3316150377011,8.579852593332697,0,1,6766.376,0.009948366,6,1,false,false,1.6560984,0.756662,9.023438,0.3594641,3
63.491955,0.38464937,49.33161845451437,8.579866213098246,0,1,6767.1772,0.0063085156,6,1,false,false,1.7568746,0.854673,9.701251,0.35992226,3
63.50578,0.38488302,49.33162178132485,8.579879832443963,0,1,6763.3228,0.0031547262,6,1,false,false,1.5397877,0.8398126,10.711353,0.36029726,3
63.518734,0.38511673,49.33162519813812,8.57989345178968,0,1,6766.6987,0.0019414423,6,1,false,false,1.6530297,0.79912895,10.022325,0.3605791,3
63.531475,0.38535047,49.3316285249486,8.57990707155523,0,1,6771.015,0.0007281584,6,1,false,false,1.4067684,0.82310224,9.913272,0.3608174,3
63.544983,0.38558426,49.33163194176187,8.579920690900947,0,1,6768.498,0.0007281582,6,1,false,false,1.5904672,0.8637003,12.191448,0.36097372,3
63.55843,0.38581812,49.331635268572356,8.579934310246664,0,1,6767.9272,-0.00097025215,6,1,false,false,1.1605268,0.80461085,9.324098,0.3611113,3
63.571644,0.38605204,49.33163868538562,8.579947930012212,0,1,6769.1675,0.0012132846,6,1,false,false,0.9751525,0.8938297,10.062421,0.36118898,3
63.585274,0.38628602,49.33164210206169,8.579961549357929,0,1,6765.299,0.00048512605,6,1,false,false,1.1028093,0.79457366,11.888876,0.36117923,3
63.59673,0.38652003,49.331645518874964,8.579975168703646,0,1,6767.3467,-0.0014563166,6,1,false,false,0.8683351,0.71464366,9.67913,0.36116225,3
63.607952,0.3867541,49.331648935688236,8.579988788469194,0,1,6780.2505,-0.002183536,6,1,false,false,0.67771554,0.7511996,10.523012,0.3611288,3
63.621407,0.38698816,49.331652262498714,8.580002407814911,0,1,6776.889,-0.006551547,6,1,false,false,0.5834082,0.8858473,9.296027,0.36106774,3
63.63525,0.38722232,49.331655679311986,8.580016027160628,0,1,6772.011,-0.0111616505,6,1,false,false,0.12349658,0.87864596,9.935093,0.36097935,3
63.648052,0.3874565,49.33165909598806,8.580029784211197,0,1,6775.961,-0.01868345,6,1,false,false,-0.05649823,0.7703037,10.618696,0.36081886,3
63.658436,0.38769072,49.33166251280133,8.580043403976747,0,1,6778.146,-0.027420413,6,1,false,false,-0.008318171,0.5609905,7.2385335,0.36059394,3
63.670254,0.38792494,49.3316659296146,8.580057023322464,0,1,6791.561,-0.033485893,6,1,false,false,-0.40626007,0.7545013,9.357667,0.3602856,3
63.682987,0.38815928,49.33166934642787,8.580070642668181,0,1,6788.611,-0.039794408,6,1,false,false,-0.42500597,0.7976069,9.833869,0.3598478,3
63.694298,0.38839358,49.331672763103946,8.58008426243373,0,1,6792.037,-0.042220984,6,1,false,false,-0.65719306,0.7588879,7.310576,0.3592994,3
63.707764,0.38862798,49.33167617991722,8.580097881779446,0,1,6803.8784,-0.039552316,6,1,false,false,-0.74774337,0.84128493,7.970721,0.3586631,3
63.72289,0.3888624,49.33167959673049,8.580111501125163,0,1,6787.8203,-0.032999836,6,1,false,false,-0.7362087,0.8871653,9.059245,0.3579497,3
63.733826,0.38909692,49.33168301340656,8.580125258175732,0,1,6793.255,-0.025964098,6,1,false,false,-0.6459634,0.56501204,7.7811294,0.35720822,3
63.74446,0.38933143,49.33168634035424,8.580138877521449,0,1,6817.461,-0.017471105,6,1,false,false,-1.3250451,0.7945253,9.053823,0.35648394,3
63.759636,0.389566,49.33168975703031,8.580152497286997,0,1,6803.9307,-0.0118907485,6,1,false,false,-0.9986591,0.8733415,11.011264,0.35577857,3
63.774807,0.3898006,49.33169317384358,8.580166116632714,0,1,6796.906,-0.008007862,6,1,false,false,-1.1863672,1.0593132,12.352671,0.3551316,3
63.79021,0.3900353,49.331696590656854,8.580179873683283,0,1,6799.121,-0.0075218007,6,1,false,false,-1.5450985,0.9647245,11.638529,0.35456306,3
63.804974,0.39027002,49.33170000733292,8.580193493029,0,1,6779.748,-0.009464178,6,1,false,false,-1.4988241,0.9070116,12.324264,0.3540925,3
63.817387,0.39050484,49.33170342414619,8.58020725007957,0,1,6777.617,-0.012861002,6,1,false,false,-1.8911917,0.6881611,11.472241,0.3537282,3
63.82703,0.39073968,49.33170675095668,8.580220869845117,0,1,6786.097,-0.017956235,6,1,false,false,-1.5477655,0.6314377,9.763029,0.35339275,3
63.836536,0.39097452,49.33171016776995,8.580234489190834,0,1,6788.8755,-0.022081213,6,1,false,false,-1.6613426,0.6307226,10.299891,0.35309353,3
63.846535,0.3912094,49.33171358458322,8.580248246241403,0,1,6792.8237,-0.025234997,6,1,false,false,-1.8548342,0.59946984,9.38891,0.35278848,3
63.85557,0.39144436,49.331717001259285,8.58026186558712,0,1,6805.02,-0.025964092,6,1,false,false,-1.4266484,0.5953562,7.8891063,0.35244197,3
63.865704,0.39167932,49.33172032820697,8.58027562263769,0,1,6814.024,-0.024022657,6,1,false,false,-1.4586785,0.7156979,8.783408,0.35206303,3
63.87694,0.39191434,49.33172374488304,8.580289379688258,0,1,6814.887,-0.022081215,6,1,false,false,-1.5425444,0.6887284,8.806867,0.35164914,3
63.887794,0.39214936,49.33172707183072,8.580302999453808,0,1,6822.8667,-0.0177132,6,1,false,false,-1.2463962,0.7373508,7.835539,0.3512047,3
63.90115,0.39238444,49.33173048850679,8.580316756504375,0,1,6827.2363,-0.01164772,6,1,false,false,-1.3898196,0.8616112,9.108634,0.35075837,3
63.915497,0.3926196,49.33173381545447,8.580330513554944,0,1,6816.395,-0.0058233896,6,1,false,false,-1.336627,0.9082996,11.752985,0.35032558,3
63.92878,0.39285478,49.33173723213054,8.580344132900661,0,1,6816.266,0.001455379,6,1,false,false,-1.3359281,0.78457373,10.279993,0.34995803,3
63.94232,0.39309,49.33174055907822,8.58035788995123,0,1,6819.0293,0.0075218,6,1,false,false,-1.436311,0.95060974,11.613381,0.3496548,3
63.95764,0.39332533,49.33174397575429,8.5803716470018,0,1,6804.016,0.01261703,6,1,false,false,-0.96755606,0.9377091,10.829675,0.34944478,3
63.970203,0.39356068,49.33174730270197,8.580385404052368,0,1,6792.8296,0.015529663,6,1,false,false,-1.2553699,0.7101608,10.919475,0.34939453,3
63.980396,0.39379603,49.33175071937804,8.580399023398085,0,1,6805.106,0.017470164,6,1,false,false,-1.0084311,0.57790416,10.104521,0.349455,3
63.989735,0.39403147,49.33175404632572,8.580412780448654,0,1,6808.7534,0.017956229,6,1,false,false,-0.7695785,0.6593688,9.851609,0.34960765,3
64.000404,0.3942669,49.33175746300179,8.580426537499223,0,1,6810.512,0.017470172,6,1,false,false,-0.46191078,0.702982,10.348767,0.34982756,3
64.01054,0.3945024,49.33176078994948,8.580440294549792,0,1,6815.497,0.014801504,6,1,false,false,-0.6182245,0.6243882,7.509681,0.35010895,3
64.02115,0.39473793,49.33176420662554,8.580454051600361,0,1,6820.995,0.012860061,6,1,false,false,-0.5981512,0.7110324,8.814408,0.3504181,3
64.03236,0.39497352,49.33176753357323,8.58046780865093,0,1,6821.0815,0.010191399,6,1,false,false,-0.16229947,0.60395503,9.368006,0.35071322,3
64.041214,0.39520913,49.331770860383706,8.580481565701499,0,1,6829.296,0.008735084,6,1,false,false,-0.15891927,0.5988711,8.228119,0.3510334,3
64.05164,0.39544478,49.33177427719698,8.580495322752068,0,1,6843.347,0.009220212,6,1,false,false,-0.123816624,0.7195223,9.590138,0.35133708,3
64.06603,0.39568046,49.331777604007456,8.580509079802637,0,1,6835.296,0.011404685,6,1,false,false,-0.04584886,0.9292996,8.684064,0.3516277,3
64.08005,0.39591622,49.33178102082073,8.580522836853206,0,1,6823.4497,0.01698598,6,1,false,false,0.2582329,0.8623103,8.722501,0.3519181,3
64.09298,0.396152,49.331784347631206,8.580536593903775,0,1,6826.3735,0.022566339,6,1,false,false,0.33790988,0.713277,10.264971,0.35222253,3
64.10339,0.39638785,49.33178776444448,8.580550350954343,0,1,6826.382,0.02499291,6,1,false,false,0.33273154,0.6482097,10.488361,0.3525747,3
64.11408,0.3966237,49.331791091254956,8.580564108004912,0,1,6836.7397,0.028632753,6,1,false,false,0.5606492,0.68544286,9.59016,0.35299852,3
64.12661,0.39685962,49.33179450806823,8.580577865055481,0,1,6833.9795,0.030089075,6,1,false,false,0.8302571,0.8174509,9.9134445,0.3534647,3
64.139854,0.3970956,49.33179783487871,8.58059162210605,0,1,6824.3506,0.029846044,6,1,false,false,0.71404207,0.80729246,9.04651,0.35396612,3
64.15077,0.3973316,49.33180125169198,8.58060537915662,0,1,6826.6543,0.028147634,6,1,false,false,0.70320565,0.6418642,10.383276,0.3545064,3
64.161125,0.39756763,49.331804578502464,8.580619136207186,0,1,6833.9395,0.0232945,6,1,false,false,0.9332852,0.64532197,10.159276,0.35507616,3
64.17178,0.39780372,49.331807995315735,8.580632893257755,0,1,6834.5493,0.016499912,6,1,false,false,1.1167623,0.69106585,9.939454,0.35566458,3
64.18327,0.39803985,49.3318114119918,8.580646788013176,0,1,6836.8467,0.009463241,6,1,false,false,0.41420346,0.7643227,9.777575,0.35622725,3
64.19486,0.398276,49.331814738939485,8.580660545063745,0,1,6834.98,0.001941442,6,1,false,false,0.6876806,0.7106954,9.965959,0.35670805,3
64.20641,0.3985122,49.33181815561556,8.580674302114314,0,1,6835.7534,-0.004125918,6,1,false,false,1.1017628,0.6714806,10.476548,0.35710123,3
64.21678,0.3987485,49.33182157242882,8.580688059164883,0,1,6838.8677,-0.009948367,6,1,false,false,0.70917445,0.6300931,9.690297,0.35741732,3
64.22793,0.39898476,49.331824989242094,8.580701816215452,0,1,6842.0083,-0.010918618,6,1,false,false,0.69481015,0.7613885,10.064744,0.3576104,3
64.23993,0.3992211,49.33182831605258,8.580715573266021,0,1,6836.984,-0.010434431,6,1,false,false,0.6602668,0.75703055,9.129677,0.35769683,3
64.251656,0.39945748,49.33183173286585,8.58072933031659,0,1,6834.9653,-0.0053382637,6,1,false,false,0.6094265,0.6954559,8.451285,0.3576877,3
64.262535,0.3996939,49.33183514954192,8.58074322507201,0,1,6836.268,0.0031547276,6,1,false,false,0.6614971,0.649729,8.131611,0.35759133,3
64.270874,0.39993036,49.33183856635519,8.58075698212258,0,1,6841.52,0.011889811,6,1,false,false,0.60860467,0.43874052,9.042347,0.35748664,3
64.27793,0.40016684,49.33184198316846,8.580770739173149,0,1,6859.8687,0.021110957,6,1,false,false,0.65549314,0.5005295,10.347025,0.35745028,3
64.28813,0.40040335,49.33184539984453,8.580784496223718,0,1,6870.4565,0.026934348,6,1,false,false,0.9544085,0.7394598,9.021483,0.35751212,3
64.30249,0.40063992,49.3318488166578,8.580798253274287,0,1,6860.547,0.028875787,6,1,false,false,0.88542676,0.93541956,9.0651865,0.35768616,3
64.31768,0.40087652,49.331852233471075,8.580812010324856,0,1,6847.7197,0.029117882,6,1,false,false,0.60138774,0.89585686,10.317276,0.35793284,3
64.33009,0.40111318,49.33185565014715,8.580825904660443,0,1,6844.017,0.025721068,6,1,false,false,1.0502084,0.7052963,9.325692,0.35823852,3
64.34055,0.4013499,49.33185906696042,8.580839661711012,0,1,6847.825,0.021838175,6,1,false,false,0.7401755,0.6496746,9.733754,0.35860568,3
64.35121,0.40158665,49.33186248377369,8.580853418761581,0,1,6849.986,0.017228076,6,1,false,false,0.6490269,0.6526869,9.130015,0.35898122,3
64.36078,0.4018234,49.33186599045255,8.58086717581215,0,1,6851.3975,0.012860063,6,1,false,false,0.70461476,0.5978774,9.395441,0.35936168,3
64.37123,0.4020602,49.33186940712862,8.580881070567571,0,1,6859.0303,0.0097062765,6,1,false,false,0.7176511,0.6682278,10.18349,0.3597251,3
64.38128,0.40229708,49.33187282394189,8.58089482761814,0,1,6859.119,0.0063085137,6,1,false,false,0.8332503,0.57976747,10.075266,0.360072,3
64.392166,0.40253395,49.331876240755165,8.580908584668709,0,1,6862.845,0.003881946,6,1,false,false,0.78882337,0.66915804,10.995967,0.3604017,3
64.40354,0.40277088,49.33187974743403,8.580922341719278,0,1,6865.517,0.0007281579,6,1,false,false,0.63191795,0.78499967,10.85666,0.3606785,3
64.41662,0.40300786,49.3318831642473,8.580936236474699,0,1,6858.52,-0.0029126331,6,1,false,false,0.846791,0.85321945,12.547575,0.3609038,3
64.42954,0.40324488,49.33188658092337,8.580949993525268,0,1,6850.771,-0.0058233887,6,1,false,false,0.028706938,0.697808,9.971466,0.36109042,3
64.44045,0.403482,49.33189008760223,8.580963750575837,0,1,6850.2183,-0.0075218,6,1,false,false,0.18862978,0.6509687,11.268592,0.36113188,3
64.450676,0.40371913,49.331893504415504,8.580977644911425,0,1,6851.964,-0.011404683,6,1,false,false,0.3682398,0.72007763,11.434794,0.3611058,3
64.459435,0.4039563,49.331896921228775,8.580991401961994,0,1,6848.0303,-0.012131904,6,1,false,false,-0.01586485,0.5422818,10.647829,0.36101472,3
64.46844,0.4041935,49.33190042790764,8.581005159012562,0,1,6859.2847,-0.014801507,6,1,false,false,0.110874146,0.57580304,11.307657,0.36082378,3
64.47688,0.40443075,49.33190384458371,8.581019053767983,0,1,6860.5522,-0.017471107,6,1,false,false,-0.22037178,0.53128654,9.67773,0.36059976,3
64.48657,0.404668,49.33190735126257,8.581032810818552,0,1,6864.3784,-0.017956229,6,1,false,false,-0.3280626,0.7122472,10.132969,0.3603314,3
64.496895,0.40490532,49.33191076807584,8.581046567869121,0,1,6864.354,-0.019169519,6,1,false,false,-0.10759719,0.65388113,9.669581,0.35997936,3
64.507,0.40514266,49.33191427475471,8.581060462624542,0,1,6861.224,-0.020382803,6,1,false,false,-0.63922167,0.6526668,9.05363,0.35960957,3
64.51599,0.40538004,49.33191769156797,8.581074219675111,0,1,6866.5137,-0.020382801,6,1,false,false,-0.6812573,0.51326674,9.572062,0.35921332,3
64.52451,0.40561748,49.33192119824684,8.581088114010699,0,1,6874.3564,-0.021353057,6,1,false,false,-0.4497911,0.5969795,9.66427,0.3587813,3
64.53365,0.4058549,49.33192461506011,8.581101871061268,0,1,6878.429,-0.024750808,6,1,false,false,-0.7069756,0.60937417,8.8016615,0.35834014,3
64.543976,0.40609238,49.33192803173618,8.581115628111837,0,1,6880.5693,-0.027904598,6,1,false,false,-1.0097511,0.6890205,8.588534,0.35785335,3
64.55463,0.4063299,49.33193153841504,8.581129522867258,0,1,6879.822,-0.032029577,6,1,false,false,-1.2064865,0.69384784,10.242206,0.35731947,3
64.56514,0.40656745,49.33193495522831,8.581143279917827,0,1,6881.24,-0.035183366,6,1,false,false,-1.0690799,0.660455,9.990557,0.35672894,3
64.57591,0.40680507,49.33193846190718,8.581157174673248,0,1,6883.104,-0.035912458,6,1,false,false,-1.7388328,0.69260997,8.655877,0.35610825,3
64.586975,0.40704268,49.33194187872045,8.581171069008837,0,1,6879.7773,-0.03494222,6,1,false,false,-1.7928399,0.6469807,8.919898,0.3554087,3
64.59858,0.4072804,49.33194529539652,8.581184826059406,0,1,6880.1685,-0.03178749,6,1,false,false,-1.4355423,0.7824634,12.583034,0.35467738,3
64.60905,0.4075181,49.33194880207538,8.581198720814825,0,1,6877.2417,-0.027177382,6,1,false,false,-1.6232368,0.7483245,11.229947,0.35393345,3
64.61952,0.40775582,49.33195221888865,8.581212477865394,0,1,6877.4595,-0.02280937,6,1,false,false,-2.0373375,0.71295893,10.710604,0.35319507,3
64.630615,0.40799364,49.331955635701924,8.581226372620815,0,1,6870.871,-0.017228073,6,1,false,false,-2.1089041,0.5541567,9.175121,0.35250148,3
64.64026,0.40823147,49.331959052378,8.581240267376236,0,1,6871.666,-0.011647716,6,1,false,false,-1.6777402,0.6772965,12.127168,0.3518685,3
64.64966,0.40846932,49.33196246919127,8.581254161711826,0,1,6875.55,-0.0067945784,6,1,false,false,-1.473851,0.6427647,12.134247,0.35130933,3
64.65696,0.40870723,49.33196597587013,8.581267918762395,0,1,6874.7993,-0.0050961687,6,1,false,false,-2.176926,0.6615855,10.464891,0.35087368,3
64.66619,0.40894514,49.331969392683405,8.581281813517815,0,1,6879.249,-0.0029126331,6,1,false,false,-2.0114574,0.37476134,12.020723,0.3505011,3
64.67765,0.4091831,49.33197280935947,8.581295708273236,0,1,6878.1626,-0.002669601,6,1,false,false,-1.233229,0.81368935,12.107936,0.35015625,3
64.68628,0.4094211,49.33197622617274,8.581309602608824,0,1,6868.3345,-0.004853137,6,1,false,false,-1.5694773,0.73710036,11.68388,0.34993225,3
64.69359,0.40965912,49.33197964298601,8.581323497364245,0,1,6871.5586,-0.004125918,6,1,false,false,-1.9542401,0.33205462,9.748059,0.34976834,3
64.70012,0.40989718,49.331983059799285,8.581337392119666,0,1,6882.9497,-0.004853137,6,1,false,false,-1.5654318,0.39786023,9.483257,0.34962675,3
64.70888,0.41013524,49.33198638660976,8.581351286455256,0,1,6887.9946,-0.00582339,6,1,false,false,-1.0847207,0.64034116,9.748842,0.3495115,3
64.71638,0.41037333,49.331989803423035,8.581365181210675,0,1,6884.9385,-0.006309453,6,1,false,false,-1.5709265,0.6686013,10.173473,0.34943157,3
64.72439,0.41061148,49.33199322009911,8.581379075966096,0,1,6891.8105,-0.0072797067,6,1,false,false,-1.4655285,0.44469762,9.746395,0.34933499,3
64.733574,0.41084963,49.33199663691238,8.581392970301685,0,1,6898.09,-0.005338264,6,1,false,false,-1.089628,0.67173207,9.3358,0.3492355,3
64.744446,0.41108784,49.33200005372565,8.581406865057106,0,1,6892.683,-0.0029126327,6,1,false,false,-0.9660355,0.7462728,10.3361845,0.34910926,3
64.7547,0.41132605,49.33200347040172,8.581420759812527,0,1,6886.7656,0.00048512645,6,1,false,false,-0.770993,0.6975117,9.408984,0.34899086,3
64.762505,0.41156432,49.3320067973494,8.581434654148115,0,1,6887.978,0.006065484,6,1,false,false,-0.8519209,0.40567055,9.913622,0.34893402,3
64.77119,0.41180265,49.33201021416267,8.581448548903536,0,1,6898.2114,0.012374938,6,1,false,false,-0.9960125,0.5264853,10.704079,0.3489124,3
64.780365,0.41204098,49.332013630701546,8.581462443658957,0,1,6896.9863,0.017228074,6,1,false,false,-0.16912097,0.76131374,11.107665,0.34894282,3
64.79059,0.41227934,49.33201704751482,8.58147647611923,0,1,6892.7153,0.021595147,6,1,false,false,-0.45635825,0.78185207,9.9820595,0.34905538,3
64.79938,0.41251773,49.332020374325296,8.581490370034986,0,1,6887.3237,0.023294494,6,1,false,false,-0.33002928,0.5080317,9.7066965,0.34923762,3
64.80785,0.41275612,49.33202379113857,8.581504264790407,0,1,6891.3516,0.024750812,6,1,false,false,-0.22019638,0.48656875,11.040457,0.3494948,3
64.815025,0.4129946,49.33202720795184,8.581518159545828,0,1,6897.8794,0.024264751,6,1,false,false,0.067457974,0.5486434,9.769973,0.34982973,3
64.82229,0.41323307,49.33203062476511,8.581532054301249,0,1,6902.915,0.021595145,6,1,false,false,0.31622782,0.59379095,11.475047,0.3502111,3
64.831635,0.41347158,49.33203395157559,8.581546086761522,0,1,6901.221,0.018926483,6,1,false,false,-0.19074294,0.64525205,9.965172,0.35065693,3
64.84111,0.41371015,49.33203736838886,8.581559980677278,0,1,6896.934,0.016499912,6,1,false,false,0.26871318,0.6526067,11.022547,0.35110715,3
64.850105,0.4139487,49.33204078520213,8.5815738754327,0,1,6897.968,0.014073344,6,1,false,false,0.3912092,0.57149684,10.156809,0.35155547,3
64.85816,0.4141873,49.3320442020154,8.58158777018812,0,1,6897.3135,0.011404683,6,1,false,false,0.35890996,0.5926666,10.466033,0.3519763,3
64.866104,0.41442597,49.33204761855428,8.581601802648393,0,1,6901.3184,0.0097062765,6,1,false,false,0.27486616,0.5754905,9.473193,0.3523582,3
64.87424,0.41466463,49.33205094563915,8.581615697403814,0,1,6901.2476,0.008007865,6,1,false,false,0.4244045,0.62204224,11.345427,0.3527007,3
64.88254,0.4149033,49.33205436217803,8.58162959131957,0,1,6904.5947,0.0072787665,6,1,false,false,0.81077075,0.6586605,11.693457,0.3530023,3
64.89046,0.41514206,49.3320577789913,8.581643486074992,0,1,6904.6313,0.0075218007,6,1,false,false,0.29379797,0.62344974,9.095496,0.35329288,3
64.898994,0.41538078,49.33206119580457,8.581657518535264,0,1,6904.2637,0.009463244,6,1,false,false,0.30908048,0.58007526,11.436762,0.35351762,3
64.90753,0.41561958,49.33206461261784,8.581671413290685,0,1,6903.461,0.013103095,6,1,false,false,0.7708998,0.5950239,10.721566,0.3537229,3
64.915085,0.4158584,49.33206802943111,8.581685308046104,0,1,6907.1772,0.018198328,6,1,false,false,0.8500204,0.58202535,10.124162,0.3539466,3
64.92338,0.41609722,49.332071446244385,8.581699339666715,0,1,6909.411,0.023779623,6,1,false,false,0.7169588,0.64462006,9.590198,0.3541682,3
64.93161,0.41633612,49.332074863057656,8.581713234422136,0,1,6905.7114,0.028875794,6,1,false,false,0.66978467,0.5803341,8.905642,0.35443875,3
64.93897,0.416575,49.33207827959652,8.581727129177555,0,1,6911.636,0.03372893,6,1,false,false,0.8846125,0.5391032,9.526842,0.35477018,3
64.94655,0.41681397,49.332081696409794,8.581741161637828,0,1,6916.4077,0.03591247,6,1,false,false,1.3959267,0.6001033,11.312484,0.3551535,3
64.95416,0.41705292,49.332085113223066,8.581755056393249,0,1,6916.5454,0.034941282,6,1,false,false,1.0021126,0.5760256,9.797967,0.3556606,3
64.96237,0.4172919,49.33208853003634,8.581768950309005,0,1,6921.7495,0.031302366,6,1,false,false,0.87508106,0.639447,9.939507,0.35625488,3
64.97273,0.41753092,49.332092036578004,8.581782845064426,0,1,6917.0786,0.025235001,6,1,false,false,1.5355287,0.7370435,11.436808,0.35685977,3
64.98223,0.41777,49.332095453391275,8.581796877524699,0,1,6906.5835,0.0150435995,6,1,false,false,1.2965214,0.65289086,10.263272,0.35746333,3
64.99025,0.41800907,49.33209887020455,8.58181077228012,0,1,6911.2314,0.0072787665,6,1,false,false,0.74063355,0.5795713,9.996621,0.35801458,3
64.99762,0.41824818,49.332102377020604,8.58182466703554,0,1,6910.2974,0.00048512593,6,1,false,false,0.9572049,0.5343083,11.499229,0.3584046,3
65.00409,0.41848734,49.33210579355948,8.58183869865615,0,1,6914.6616,-0.0058233887,6,1,false,false,0.91193175,0.47169346,10.200513,0.35872078,3
65.01092,0.4187265,49.33210921037275,8.58185259341157,0,1,6924.582,-0.0077648307,6,1,false,false,0.39754754,0.6416733,9.905102,0.35897616,3
65.02012,0.41896573,49.332112717188814,8.581866488166991,0,1,6918.187,-0.009221149,6,1,false,false,0.8988602,0.71182835,10.9518795,0.35907513,3
65.02866,0.41920495,49.332116134002085,8.581880520627264,0,1,6911.2554,-0.0097062765,6,1,false,false,0.6203502,0.549239,10.021055,0.35910642,3
65.03623,0.4194442,49.332119640543745,8.58189441454302,0,1,6919.726,-0.0075217998,6,1,false,false,0.4058261,0.5773416,10.86859,0.35905963,3
65.04397,0.4196835,49.332123057357016,8.581908309298441,0,1,6918.0845,-0.0063094525,6,1,false,false,0.6813226,0.5941966,11.2109165,0.35892087,3
65.051735,0.41992283,49.33212656417308,8.581922341758714,0,1,6912.913,-0.0050961683,6,1,false,false,0.49661696,0.62483454,10.0958605,0.35876653,3
65.058945,0.42016217,49.33212998071195,8.581936236514135,0,1,6918.9077,-0.0033968217,6,1,false,false,0.13661303,0.5551489,10.964016,0.35858613,3
65.06562,0.42040154,49.33213348752801,8.581950131269556,0,1,6918.1206,-0.002426568,6,1,false,false,0.33512795,0.53493524,10.258046,0.3583842,3
65.072426,0.42064095,49.33213690434128,8.581964162890165,0,1,6920.554,-0.0024265687,6,1,false,false,0.22516736,0.5531956,9.621481,0.35820037,3
65.07914,0.42088035,49.33214041088295,8.581978057645586,0,1,6925.322,-0.0033968212,6,1,false,false,-0.36951014,0.5453552,11.315256,0.35803074,3
65.08617,0.4211198,49.33214391769901,8.581991952401006,0,1,6925.2334,-0.0055812956,6,1,false,false,0.14212158,0.5342619,11.15446,0.35786322,3
65.0936,0.4213593,49.33214733451228,8.58200598486128,0,1,6927.5347,-0.0077648317,6,1,false,false,-0.29262683,0.6236477,9.381287,0.35771266,3
65.10158,0.4215988,49.332150841053945,8.582019879616698,0,1,6925.412,-0.010677464,6,1,false,false,-0.74638945,0.64007545,11.463233,0.357538,3
65.108604,0.4218383,49.33215425786722,8.582033911237309,0,1,6919.6133,-0.012131903,6,1,false,false,-0.8548011,0.5284682,11.895325,0.35733524,3
65.1147,0.42207786,49.332157764408876,8.58204780599273,0,1,6928.0933,-0.012617971,6,1,false,false,-0.6899288,0.5371899,10.686319,0.3571355,3
65.1211,0.42231748,49.33216127122494,8.58206170074815,0,1,6930.5796,-0.010191402,6,1,false,false,-0.24611636,0.5467407,10.329513,0.35692158,3
65.12782,0.42255706,49.33216468803821,8.582075733208422,0,1,6920.738,-0.007036675,6,1,false,false,-0.8808075,0.5550257,8.691551,0.35669243,3
65.1329,0.4227967,49.33216819457987,8.58208962712418,0,1,6930.5156,-0.0031537875,6,1,false,false,-0.7085716,0.3567434,9.556987,0.3564739,3
65.13813,0.42303634,49.33217161139314,8.582103659584451,0,1,6942.9663,0.0048522,6,1,false,false,-0.03574714,0.37713405,10.062512,0.35630992,3
65.143456,0.423276,49.33217511820921,8.582117554339872,0,1,6945.6123,0.010433494,6,1,false,false,-0.15468481,0.73105,9.26997,0.35620555,3
65.15079,0.42351568,49.33217853502248,8.582131586800145,0,1,6946.03,0.013588219,6,1,false,false,-0.19409746,0.5190662,10.154642,0.35613218,3
65.15977,0.4237554,49.33218204156414,8.582145480715901,0,1,6949.68,0.016742947,6,1,false,false,0.0779091,0.62443376,10.784121,0.35618332,3
65.16955,0.42399517,49.3321855483802,8.582159513176174,0,1,6946.103,0.019654643,6,1,false,false,-0.18482007,0.8780185,9.581027,0.35631165,3
65.18068,0.42423493,49.33218896491908,8.582173407931595,0,1,6931.664,0.020139765,6,1,false,false,0.022711113,0.8379706,10.421394,0.356494,3
65.189125,0.42447478,49.332192471735134,8.582187440391868,0,1,6921.036,0.020139769,6,1,false,false,0.32252905,0.5837904,11.550099,0.3567252,3
65.19398,0.42471465,49.3321959782768,8.582201334307625,0,1,6931.96,0.02038186,6,1,false,false,0.18044257,0.40631276,11.5095,0.35702667,3
65.19912,0.4249545,49.33219939509007,8.582215366767898,0,1,6941.028,0.020381862,6,1,false,false,-0.07170956,0.5348004,10.9681835,0.3573683,3
65.20625,0.4251944,49.332202901906136,8.582229261523318,0,1,6937.2085,0.019654647,6,1,false,false,0.29943442,0.6609769,12.446311,0.35773844,3
65.21417,0.42543432,49.3322063187194,8.582243293983591,0,1,6935.069,0.018684387,6,1,false,false,0.35121697,0.65634924,10.145011,0.3581476,3
65.221115,0.4256743,49.33220982526107,8.5822573256042,0,1,6930.6704,0.018684391,6,1,false,false,0.4021027,0.60236984,10.991011,0.3585472,3
65.227005,0.42591423,49.33221333207713,8.58227122035962,0.11700226,0.81282365,6917.1875,0.018926483,6,1,false,false,0.5738891,0.464355,10.464516,0.3589099,3
65.21292,0.42615423,49.33221683861879,8.582285252819894,0.18277137,0.55166453,6864.793,0.021353057,6,1,false,false,0.3940013,-1.4279915,9.462491,0.35929197,3
65.16391,0.42639408,49.33222025543206,8.582299147575315,0.3047778,0.22219479,6784.4365,0.025721064,6,1,false,false,0.65273607,-3.7505906,10.5529175,0.35967487,3
65.064384,0.4266337,49.33222376224813,8.582313179195923,0.35875136,0.047842182,6731.4614,0.027904604,6,1,false,false,0.98811513,-7.143417,11.561381,0.36003914,3
64.92745,0.4268728,49.33222726878979,8.582327073951344,0.45275828,0,6624.8955,0.028875794,6,1,false,false,0.88434345,-8.620784,12.097759,0.36046287,3
64.76385,0.4271114,49.33223068560306,8.582340968706765,0.49731922,0,6545.0815,0.029359974,6,1,false,false,0.44802293,-10.0511,9.841964,0.36094257,3
64.56683,0.42734933,49.332234192144725,8.582354725757334,0.5935898,0,6733.25,0.026934344,6,1,false,false,0.6037635,-12.276411,7.2352986,0.3612866,3
64.347145,0.42758647,49.332237608957996,8.582368620512755,0.6358869,0,6656.602,0.022324245,6,1,false,false,1.1300325,-13.619318,11.001085,0.36153007,3
64.11485,0.4278228,49.33224111577405,8.582382377563324,0.7133324,0,6545.2197,0.01965464,6,1,false,false,0.4649379,-13.470835,10.267527,0.36182418,3
63.88287,0.4280583,49.332244532587325,8.58239599690904,0.74621713,0,6450.1353,0.01892649,6,1,false,false,0.53257155,-14.050692,9.090939,0.36206654,3
63.6219,0.42829284,49.332247949400596,8.582409616254758,0.8026926,0,6417.496,0.017713198,6,1,false,false,0.7310729,-16.372395,8.696296,0.362385,3
63.336914,0.4285264,49.33225136593947,8.582423235600475,0.8213988,0,6392.9224,0.01795623,6,1,false,false,0.77055866,-17.42673,9.70603,0.36279997,3
63.039577,0.4287589,49.33225478275274,8.582436718081002,0.8355773,0,6354.1323,0.01965464,6,1,false,false,0.5754988,-17.649376,10.622312,0.36325064,3
62.729137,0.42899027,49.33225810956322,8.582450199721867,0.84487057,0,6300.5625,0.02305146,6,1,false,false,0.5481551,-17.967604,9.65074,0.36363876,3
62.419674,0.42922053,49.33226152637649,8.582463681362732,0.8308113,0,6252.9795,0.02475081,6,1,false,false,1.2260308,-18.830341,11.046234,0.3640281,3
62.10432,0.42944962,49.33226485318697,8.582476888433558,0.81913483,0,6245.666,0.024992904,6,1,false,false,0.6549006,-19.4303,9.90252,0.36449403,3
61.797474,0.42967752,49.33226818027185,8.58249023236957,0.81675214,0,6255.488,0.023537528,6,1,false,false,0.6868092,-17.162992,8.075127,0.36483502,3
61.495697,0.42990434,49.33227150708233,8.582503301735544,0.8119863,0,6205.383,0.020139772,6,1,false,false,0.65076214,-17.701069,9.52547,0.36509857,3
61.19293,0.43013003,49.33227483389281,8.58251650880637,0.8143691,0,6147.798,0.016742952,6,1,false,false,1.0039204,-18.020662,11.0631485,0.365489,3
60.902218,0.43035465,49.33227816070329,8.582529578172343,0.81198627,0,6095.441,0.015043601,6,1,false,false,1.2429965,-17.95975,11.437163,0.36595786,3
60.59913,0.4305782,49.33228139751098,8.582542509833464,0.8097224,0,6031.491,0.0150435995,6,1,false,false,0.6919426,-17.657461,8.834178,0.36650783,3
60.29256,0.4308006,49.332284634593066,8.582555441494586,0.80269283,0,6062.2515,0.014801508,6,1,false,false,0.7826364,-18.307869,9.457278,0.36705682,3
59.984684,0.43102187,49.33228796140355,8.582568373155706,0.8026927,0,6076.233,0.013830316,6,1,false,false,1.3289258,-18.850838,11.234744,0.3674295,3
59.67805,0.431242,49.332291198485635,8.582581029407123,0.79328,0,6046.6724,0.011161651,6,1,false,false,1.0706108,-17.675373,11.698688,0.3677896,3
59.38581,0.431461,49.33229443529333,8.582593823363393,0.79089725,0,5989.526,0.009463244,6,1,false,false,0.88372695,-17.009924,10.372386,0.36818218,3
59.103672,0.43167892,49.33229767237541,8.58260647961481,0.79328007,0,5930.523,0.0058243284,6,1,false,false,1.363227,-17.607697,10.675614,0.36852083,3
58.809563,0.43189585,49.33230081918031,8.582619136705892,0.7979268,0,5933.66,0.0007281583,6,1,false,false,1.268924,-17.747826,9.994854,0.36882293,3
58.51526,0.43211162,49.3323040562624,8.582631655252458,0.8097225,0,5933.0225,-0.0033968207,6,1,false,false,0.4481486,-17.012215,10.035796,0.36913186,3
58.226086,0.43232635,49.3323072033417,8.582644036933836,0.81198615,0.77,6165.0767,-0.006794579,0,1,false,false,0.84529006,-17.439398,11.78494,0.3692923,3
57.940273,0.43254003,49.33231035014659,8.58265641777555,0.8143691,0,6262.24,-0.009464181,5,1,false,false,0.8348153,-16.88472,10.184246,0.3693657,3
57.647797,0.4327526,49.33231349722589,8.582668799456926,0.81436914,0,6491.6045,-0.010434436,5,1,false,false,0.39412132,-18.341448,8.849817,0.3694323,3
57.322178,0.4329641,49.33231664430519,8.582681043433452,0.8191349,0,6664.944,-0.009948366,5,1,false,false,0.29653051,-19.364763,10.227274,0.36938053,3
57.015217,0.43317434,49.332319791384485,8.582693286570313,0.8213988,0,6537.849,-0.00824996,5,1,false,false,0.68416965,-17.726336,10.788843,0.36916134,3
56.726276,0.43338352,49.33232284846099,8.582705392841987,0.82378167,0,6429.964,-0.006066422,5,1,false,false,0.3165107,-16.976683,10.379956,0.36897328,3
56.44037,0.4335917,49.33232599554029,8.582717499113661,0.8237817,0,6324.2383,-0.0036398522,5,1,false,false,0.3642594,-17.009676,10.5329895,0.36881799,3
56.145718,0.43379876,49.33232905261679,8.582729467680483,0.8261646,0,6389.5767,-0.0014563166,5,1,false,false,0.3370344,-18.00423,10.1587715,0.3686621,3
55.842934,0.43400472,49.3323321096933,8.582741436247305,0.8237818,0,6380.5303,0.00024303241,5,1,false,false,0.037349522,-17.781256,9.463704,0.36851346,3
55.545147,0.4342096,49.33233516676981,8.582753404814126,0.82139885,0,6307.7026,0.0012132843,5,1,false,false,0.31849104,-17.65929,10.652509,0.3683011,3
55.247417,0.43441334,49.33233813411792,8.58276523651576,0.8213988,0,6322.044,0.0014553781,5,1,false,false,0.080781356,-17.772034,11.027368,0.36809763,3
54.952717,0.434616,49.33234119119442,8.582776929672878,0.82378167,0,6299.816,0.00048512605,5,1,false,false,-0.18480095,-17.179382,10.735003,0.36789474,3
54.665916,0.4348176,49.33234415826814,8.582788622829996,0.8261646,0,6221.243,-0.0014563166,5,1,false,false,-0.03965111,-16.959064,9.99126,0.36761174,3
54.377594,0.43501815,49.33234712561625,8.582800316826777,0.82842845,0,6188.172,-0.002912633,5,1,false,false,-0.113140374,-17.302265,10.110558,0.36733013,3
54.08589,0.43521762,49.33235009268997,8.582811872279043,0.83557737,0,6176.984,-0.0031537886,5,1,false,false,-0.4615267,-17.335968,10.049039,0.3670806,3
53.794655,0.435416,49.33235305976368,8.582823428570974,0.8402239,0,6144.572,-0.00097025227,5,1,false,false,-0.4070268,-17.121237,9.928675,0.36675397,3
53.506615,0.43561336,49.3323560271118,8.582834847158052,0.84725356,0,6102.091,0.0019414425,5,1,false,false,-0.30726305,-17.111185,9.7697735,0.36636952,3
53.220146,0.4358096,49.332358904457124,8.582846264905466,0.8520194,0,6059.7295,0.005581295,5,1,false,false,-0.35224515,-16.997988,9.852663,0.3660026,3
52.931545,0.43600485,49.332361871530836,8.582857545787693,0.86131287,0,6004.891,0.009463241,5,1,false,false,-0.42280862,-17.26781,10.5738945,0.36565864,3
52.642277,0.436199,49.33236474887616,8.582868826669918,0.87072575,0,5950.7183,0.011889809,5,1,false,false,-0.4182112,-17.22154,9.392436,0.36530432,3
52.352196,0.4363921,49.33236762622148,8.582879969847292,0.88490415,0,5904.168,0.013830316,5,1,false,false,-0.31758964,-17.214083,8.852877,0.36494657,3
52.056858,0.43658412,49.332370413564014,8.582891113024667,0.88955075,0,5861.3384,0.015286632,5,1,false,false,-0.41454962,-17.933228,10.376253,0.36461085,3
51.751034,0.436775,49.33237329063494,8.582902256202042,0.90134645,0,5825.5557,0.016014792,5,1,false,false,-0.5759031,-18.21103,10.572158,0.3643024,3
51.45077,0.43696478,49.33237607825187,8.582913261674564,0.90599304,0,5790.551,0.01601479,5,1,false,false,-0.58301973,-17.515783,9.509193,0.36398143,3
51.15742,0.43715346,49.3323788655944,8.58292426798675,0.91540587,0,5722.8564,0.013830316,5,1,false,false,-0.5776106,-17.480455,9.3556385,0.36364445,3
50.856323,0.4373411,49.33238165293693,8.58293513575442,0.9154057,0,5666.516,0.010433493,5,1,false,false,-0.56413174,-18.164742,9.437774,0.36328885,3
50.548443,0.43752754,49.33238444027946,8.582945866656901,0.91778857,0,5659.8687,0.0072787683,5,1,false,false,-0.86161935,-18.344929,10.330175,0.36295193,3
50.2361,0.4377129,49.33238713761921,8.582956734424572,0.9177886,0,5612.2656,0.005581295,5,1,false,false,-0.8103295,-18.580349,10.647491,0.36255574,3
49.93044,0.4378971,49.33238992496174,8.582967327622203,0.9177886,0,5545.5063,0.003881946,5,1,false,false,-0.84352595,-17.991703,10.087136,0.36213082,3
49.62564,0.43808016,49.332392622575874,8.582978057685022,0.9177886,0.77,5793.8345,0.0036389148,0,1,false,false,-1.1057996,-18.277819,11.171602,0.36172482,3
49.313034,0.4382621,49.33239531991562,8.582988650882651,0.9177886,0.4644444,6210.3486,0.002911695,0,1,false,false,-1.3025793,-18.688595,10.590495,0.36121285,3
49.00416,0.43844292,49.33239792752697,8.58299910637543,0.91063964,0,6151.9897,-0.0007281582,4,1,false,false,-0.9855891,-18.062742,9.796677,0.36062458,3
48.679615,0.43862253,49.33240062486671,8.583009561028545,0.9036103,0,6527.643,-0.0075217998,4,1,false,false,-1.2820603,-20.237661,10.286911,0.36008096,3
48.335537,0.4388009,49.33240323247806,8.583019878816472,0.8825212,0,6619.8516,-0.015529663,4,1,false,false,-1.8949387,-19.857449,11.041364,0.3594069,3
48.02117,0.4389781,49.33240584008941,8.5830301966044,0.8754916,0,6509.3135,-0.025721064,4,1,false,false,-1.8208694,-17.997923,11.315052,0.35846406,3
47.727192,0.43915415,49.33240844742635,8.583040377527137,0.8448707,0,6401.8853,-0.037610874,4,1,false,false,-2.079566,-17.220701,10.89063,0.35735998,3
47.438843,0.43932912,49.33241096503491,8.583050557610212,0.8213989,0,6297.0264,-0.047802284,4,1,false,false,-2.3887122,-16.84391,10.226637,0.35613668,3
47.16323,0.43950307,49.33241357264626,8.583060737693287,0.76504236,0,6261.9746,-0.056052234,4,1,false,false,-2.6873572,-16.309238,9.220046,0.35481393,3
46.880753,0.43967605,49.33241609025482,8.583070780071509,0.7415705,0,6393.604,-0.05920696,4,1,false,false,-2.6651492,-16.835285,9.021371,0.3533756,3
46.604465,0.43984792,49.332418607863374,8.583080823289396,0.7227452,0,6391.7607,-0.057507604,4,1,false,false,-2.9095125,-15.808603,9.954466,0.3518594,3
46.351284,0.44001883,49.332421035469146,8.583090727962768,0.72048134,0,6318.6973,-0.050471865,4,1,false,false,-2.7112265,-14.517155,9.638755,0.3502332,3
46.108265,0.44018885,49.3324235533521,8.583100633475802,0.71809846,0,6292.445,-0.037610866,4,1,false,false,-2.6561933,-14.37008,9.952721,0.3485684,3
45.86703,0.44035798,49.332425980957865,8.583110538149173,0.7180984,0,6257.299,-0.02256634,4,1,false,false,-2.721556,-14.184795,10.091857,0.34688127,3
45.62491,0.44052622,49.332428408563636,8.583120305957356,0.71333265,0,6187.8174,-0.004853137,4,1,false,false,-2.7908595,-14.282778,9.747518,0.345133,3
45.384903,0.44069356,49.3324308364438,8.583130072925874,0.7157154,0,6150.143,0.01091956,4,1,false,false,-2.3807936,-14.247218,8.880125,0.3433923,3
45.13759,0.44086003,49.33243317404678,8.583139840734058,0.722745,0,6146.429,0.025235001,4,1,false,false,-2.640108,-14.679095,9.094655,0.3418262,3
44.887894,0.44102556,49.33243551192415,8.58314947083739,0.725128,0,6136.285,0.03639759,4,1,false,false,-2.4512734,-14.895538,9.645014,0.34044665,3
44.63474,0.44119018,49.33243784980152,8.583159100940719,0.7345408,0,6115.7246,0.04270704,4,1,false,false,-2.4889827,-14.745886,9.879696,0.33933368,3
44.39212,0.44135395,49.3324401874045,8.583168592499534,0.74157023,0,6077.927,0.04610386,4,1,false,false,-2.0331495,-14.46132,9.995679,0.33847967,3
44.152515,0.4415168,49.33244252528188,8.583178084898014,0.7485999,0,6015.955,0.04755923,4,1,false,false,-2.3360322,-13.9064665,9.475457,0.33787212,3
43.913612,0.44167876,49.33244486315925,8.583187577296492,0.76265943,0,5953.954,0.047316212,4,1,false,false,-2.183897,-14.4714575,9.917904,0.33728477,3
43.66257,0.44183984,49.33244711103384,8.583197069694972,0.7674251,0,5911.801,0.044162426,4,1,false,false,-2.1776733,-14.683937,9.392109,0.33676368,3
43.41086,0.442,49.33244935890842,8.5832064243886,0.7791017,0,5886.15,0.04149376,4,1,false,false,-1.9854846,-15.073429,9.779125,0.33636048,3
43.1579,0.4421592,49.332451606783,8.583215642217038,0.78386736,0,5843.4717,0.039309278,4,1,false,false,-2.0059056,-14.895451,8.891727,0.3360731,3
42.904682,0.44231752,49.33245385465759,8.583224996910666,0.77683794,0,5796.495,0.038338102,4,1,false,false,-1.8954242,-15.270046,9.611777,0.33585712,3
42.64514,0.44247487,49.33245601252938,8.583234213899441,0.7698083,0,5770.147,0.038824156,4,1,false,false,-1.9328741,-15.211704,9.282601,0.33568743,3
42.38895,0.44263124,49.33245826040396,8.583243294023028,0.7674253,0,5748.6055,0.04125073,4,1,false,false,-1.7124672,-15.256025,9.961807,0.3355031,3
42.137333,0.44278672,49.33246041827575,8.583252373306951,0.7698081,0,5710.7886,0.04561875,4,1,false,false,-1.1569473,-14.605604,9.622257,0.33534887,3
41.891006,0.44294125,49.332462576421946,8.583261452590875,0.7768377,0,5658.4897,0.051199097,4,1,false,false,-1.1757967,-14.683611,9.389465,0.33531496,3
41.640644,0.44309488,49.33246464429095,8.58327039500961,0.7814845,0,5617.362,0.056294333,4,1,false,false,-1.1245524,-14.565092,8.526683,0.33537322,3
41.39344,0.44324762,49.33246680243714,8.583279337428346,0.78625035,0,5593.7637,0.058478806,4,1,false,false,-0.9558457,-14.800127,8.65936,0.33550552,3
41.141132,0.4433994,49.33246896030893,8.583288279007416,0.78851426,0,5554.789,0.058478802,4,1,false,false,-0.6778297,-15.174831,9.767967,0.3356659,3
40.886738,0.44355026,49.33247102845233,8.5832970837213,0.78851426,0,5507.2886,0.055081986,4,1,false,false,-0.5868958,-15.0325575,9.601281,0.33589178,3
40.634323,0.44370022,49.33247309632134,8.583305888435182,0.78851426,0.77,5757.3228,0.049742777,0,1,false,false,-0.55321765,-14.708706,10.009239,0.33620396,3
40.389996,0.44384924,49.33247516446473,8.583314693149067,0.7791015,0.77,6192.383,0.04173585,0,1,false,false,-0.77006215,-14.480118,9.757211,0.33654708,3
40.142063,0.44399735,49.33247723233374,8.583323359318435,0.7720721,0,6203.554,0.03227262,3,1,false,false,-0.7321227,-14.884119,9.980506,0.3368141,3
39.87894,0.44414455,49.33247921047435,8.583332026327465,0.7650424,0,6354.4243,0.01989768,3,1,false,false,-0.8097352,-16.660196,9.760807,0.3370118,3
39.585663,0.44429067,49.33248127861775,8.583340555631645,0.7580128,0,6668.448,0.006551546,3,1,false,false,-1.1458567,-17.536404,9.547222,0.33705106,3
39.30177,0.44443575,49.33248325675836,8.583349085775488,0.7485999,0,6610.073,-0.0043680104,3,1,false,false,-0.9075465,-16.223042,9.512486,0.33681577,3
39.045845,0.44457984,49.33248523489897,8.583357477374816,0.72048116,0,6500.325,-0.016499916,3,1,false,false,-0.9702861,-14.625819,9.434077,0.33646432,3
38.796707,0.44472298,49.33248721303958,8.583365868974145,0.682831,0,6420.8467,-0.024507783,3,1,false,false,-1.5459328,-15.251217,12.163282,0.33606228,3
38.536667,0.44486523,49.33248919118019,8.583374260573471,0.66400576,0,6501.413,-0.029117882,3,1,false,false,-1.3077809,-15.052855,13.013749,0.33549884,3
38.300392,0.44500652,49.332491079318004,8.583382515307612,0.6452996,0,6551.296,-0.029846039,3,1,false,false,-1.1212472,-13.196897,9.595766,0.3348827,3
38.09684,0.445147,49.33249305745861,8.583390769202087,0.6124151,0,6476.117,-0.019412551,3,1,false,false,-0.2749007,-11.394541,7.7233143,0.3343178,3
37.894154,0.44528675,49.33249494559643,8.583399023096563,0.6006195,0,6380.691,-0.0009702502,3,1,false,false,-0.9473809,-12.790688,8.919922,0.33392808,3
37.66882,0.44542572,49.33249683400865,8.58340714012585,0.58417726,0,6395.0835,0.024507781,3,1,false,false,-1.0295438,-13.008548,7.820826,0.33344325,3
37.441757,0.44556382,49.33249872214647,8.583415257155139,0.58191353,0,6508.6733,0.049985815,3,1,false,false,0.2801054,-13.272892,9.181375,0.33285594,3
37.235943,0.44570115,49.332500610284285,8.583423235639911,0.5819135,0,6518.566,0.069883496,3,1,false,false,0.971925,-11.130992,8.985417,0.3325416,3
37.059135,0.4458378,49.332502498696506,8.583431352669198,0.58656013,0,6406.134,0.089538135,3,1,false,false,0.68690884,-10.645895,8.913522,0.3327187,3
36.86684,0.44597375,49.33250429683153,8.583439331993635,0.5983559,0,6300.4453,0.10167146,3,1,false,false,-0.4701296,-10.388871,7.4684677,0.33317065,3
36.69391,0.44610906,49.332506184969354,8.583447310478405,0.6053853,0,6197.0884,0.10264169,3,1,false,false,1.2830375,-11.868836,10.404704,0.33346474,3
36.48886,0.44624364,49.33250807338157,8.58345515209799,0.617062,0,6098.1484,0.0905093,3,1,false,false,1.1557821,-11.740509,10.05952,0.33411857,3
36.29028,0.4463775,49.3325098715166,8.583462993717573,0.6382699,0,6067.601,0.08056002,3,1,false,false,0.492279,-12.237701,9.715081,0.33514786,3
36.064484,0.44651055,49.33251166992602,8.583470835337158,0.6499465,0,6133.617,0.06503034,3,1,false,false,0.12519208,-14.149311,10.631809,0.33623752,3
35.85263,0.44664282,49.33251346833545,8.583478539251889,0.65232927,0,6136.767,0.04852949,3,1,false,false,0.42279994,-12.207077,10.079098,0.3370603,3
35.61751,0.44677427,49.33251526647047,8.583486243166622,0.6523293,0,6040.7554,0.031786542,3,1,false,false,1.3149798,-13.971187,10.854137,0.33785242,3
35.392757,0.44690487,49.3325170648799,8.583493947081353,0.6547122,0,6051.535,0.019411616,3,1,false,false,0.12651648,-13.315463,9.954669,0.338902,3
35.15986,0.44703463,49.33251886301493,8.583501513291234,0.65471226,0,6111.0215,0.008978119,3,1,false,false,-0.03277777,-13.761402,10.088307,0.33976707,3
34.934353,0.44716352,49.332520661424354,8.583509079501114,0.6593589,0,6090.647,0.0019414417,3,1,false,false,0.25569063,-12.9982,10.80036,0.34032494,3
34.72224,0.44729164,49.33252236983099,8.583516646550658,0.6663885,0,6009.9146,-0.0029126334,3,1,false,false,0.5852426,-12.271684,10.797858,0.34067065,3
34.516838,0.44741896,49.33252416796602,8.583524075055687,0.6687715,0,5936.802,-0.0070366743,3,1,false,false,0.4719419,-12.146813,9.935803,0.34093487,3
34.309887,0.44754556,49.33252587637266,8.583531503560714,0.6711545,0,5881.8115,-0.008978117,3,1,false,false,0.26878083,-12.239177,9.391648,0.34114024,3
34.103027,0.44767135,49.332527674782085,8.583538932905405,0.6687717,0,5827.667,-0.009948366,3,1,false,false,0.43016896,-12.202733,8.917588,0.34126124,3
33.895676,0.4477964,49.33252938318872,8.583546223705582,0.66638875,0,5767.472,-0.009948368,3,1,false,false,0.41753668,-12.351739,9.141264,0.34134835,3
33.68585,0.4479207,49.33253109159536,8.583553515345423,0.661742,0,5717.865,-0.009464179,3,1,false,false,0.31082115,-12.529659,8.740739,0.3413853,3
33.479004,0.44804424,49.33253280000199,8.583560806145599,0.65697616,0,5688.207,-0.009706272,3,1,false,false,0.08950353,-11.599629,8.814799,0.34137067,3
33.27645,0.448167,49.332534418405835,8.583567960080588,0.65471226,0,5664.4785,-0.012374938,3,1,false,false,0.21653368,-12.305319,8.709267,0.34143674,3
33.068256,0.44828904,49.33253612681247,8.583575114015575,0.6523294,0,5633.087,-0.017471109,3,1,false,false,0.30233425,-12.385724,8.719692,0.34148178,3
32.86015,0.44841033,49.33253783521911,8.5835822671109,0.6523293,0,5590.934,-0.024507781,3,1,false,false,0.28387535,-12.449037,8.878494,0.3414381,3
32.65019,0.44853097,49.33253945362295,8.583589283341036,0.6547122,0,5549.8984,-0.035912465,3,1,false,false,-0.049202487,-12.342411,8.822455,0.34136435,3
32.445137,0.4486508,49.33254107202679,8.583596299571173,0.65697604,0,5511.543,-0.048044365,3,1,false,false,-0.25803873,-12.140216,9.071111,0.34119475,3
32.234947,0.4487699,49.33254278043343,8.583603315801309,0.6617418,0,5461.1416,-0.060904443,3,1,false,false,-0.26241645,-12.62512,9.969867,0.34088913,3
32.02786,0.44888824,49.33254439883727,8.583610332031444,0.6687715,0.77,5712.2744,-0.06988255,0,1,false,false,-0.5858687,-12.171309,9.6135025,0.34043798,3
31.824127,0.4490058,49.33254601751552,8.58361721055673,0.6711545,0.77,6149.747,-0.073523335,0,1,false,false,-0.63676524,-12.133906,9.660684,0.33978721,3
31.615667,0.4491224,49.33254754591657,8.583623951377161,0.67115456,0,6247.702,-0.073523335,2,1,false,false,-0.72084093,-12.3844595,10.466665,0.3390085,3
31.401161,0.44923812,49.33254916432042,8.583630829902447,0.67115456,0,6271.2354,-0.07085373,2,1,false,false,-0.6092583,-13.716075,9.501771,0.33807826,3
31.149918,0.44935304,49.33255078299866,8.583637570722878,0.6687717,0,6478.359,-0.067699015,2,1,false,false,-0.5930083,-15.563384,9.961631,0.33703643,3
30.886753,0.44946697,49.33255231139971,8.583644311543312,0.6640059,0,6541.7764,-0.06575852,2,1,false,false,-0.77749014,-15.345042,11.149009,0.33596882,3
30.646736,0.44957998,49.332553840075164,8.583650915498556,0.65935904,0,6466.087,-0.06527244,2,1,false,false,-0.93059874,-13.537764,10.717821,0.33484378,3
30.427792,0.44969213,49.33255536847622,8.583657518614137,0.659359,0,6406.0815,-0.06502943,2,1,false,false,-0.93976533,-12.931687,10.170257,0.33365908,3
30.203735,0.4498032,49.33255689715167,8.583664121729717,0.659359,0,6405.696,-0.06697178,2,1,false,false,-1.2234342,-13.140694,9.46897,0.33253878,3
29.988426,0.44991353,49.33255842582712,8.58367058798011,0.6569761,0,6411.9536,-0.06891228,2,1,false,false,-1.0405953,-12.923839,8.6481285,0.33141035,3
29.770025,0.45002303,49.33255986422539,8.583677053390838,0.65471226,0,6377.671,-0.071824014,2,1,false,false,-1.0120279,-12.996338,9.623871,0.33027217,3
29.551191,0.4501317,49.332561392900836,8.583683381936378,0.6523294,0,6314.3594,-0.072794236,2,1,false,false,-1.4618869,-12.635898,9.954228,0.32922542,3
29.346678,0.4502397,49.3325628315735,8.583689847347108,0.6475636,0,6255.256,-0.07231006,2,1,false,false,-1.426129,-11.961953,9.150481,0.32814005,3
29.142933,0.45034686,49.33256427024616,8.583696175892648,0.6429168,0,6202.6035,-0.07133887,2,1,false,false,-1.1034217,-12.420294,9.280688,0.3269549,3
28.942598,0.45045328,49.33256570891882,8.583702366733338,0.64053386,0,6151.0566,-0.071823984,2,1,false,false,-1.7236265,-11.094551,9.127175,0.32581887,3
28.754099,0.45055896,49.332567147317086,8.583708694439213,0.63827,0,6066.837,-0.0732803,2,1,false,false,-1.3678408,-11.317719,8.506032,0.3244758,3
28.55397,0.45066395,49.33256849626135,8.583714885279903,0.6335042,0,5974.0796,-0.0744936,2,1,false,false,-1.3865151,-12.25012,8.870354,0.323036,3
28.344896,0.4507682,49.332569934934014,8.583721076120591,0.62647456,0,5944.891,-0.07570689,2,1,false,false,-1.7957587,-12.41439,9.54619,0.32170045,3
28.136402,0.4508717,49.33257128360388,8.58372712925643,0.6218278,0,5956.514,-0.07619106,2,1,false,false,-1.8342855,-12.429164,9.135878,0.32035124,3
27.928358,0.45097443,49.33257263227376,8.583733320097117,0.6147982,0,5929.3623,-0.07594895,2,1,false,false,-1.7576927,-12.483021,9.849848,0.318899,3
27.716974,0.45107645,49.33257398094363,8.583739235528101,0.6100323,0,5878.5264,-0.075706854,2,1,false,false,-2.1521223,-12.2195,10.323988,0.31744605,3
27.520271,0.45117778,49.3325753296135,8.58374528866394,0.5959727,0,5848.0903,-0.07546386,2,1,false,false,-2.020075,-11.7235,9.513291,0.31595916,3
27.323277,0.45127842,49.33257658855498,8.583751204094924,0.5889433,0,5822.9937,-0.075706854,2,1,false,false,-1.9044847,-11.608402,9.390392,0.3144298,3
27.124537,0.45137826,49.33257793722485,8.58375711952591,0.57714754,0,5795.4746,-0.08007396,2,1,false,false,-1.9807779,-11.869798,10.21762,0.31295305,3
26.93128,0.4514774,49.33257919616632,8.583763034956894,0.57250094,0,5771.3916,-0.08880998,2,1,false,false,-2.4382102,-11.201032,9.316648,0.31157246,3
26.743576,0.4515759,49.332580454833405,8.583768812683028,0.5725009,0,5743.844,-0.105066836,2,1,false,false,-2.435373,-11.192615,9.376768,0.3101457,3
26.551804,0.45167366,49.332581713774886,8.583774728953676,0.5725009,0,5708.93,-0.12957369,2,1,false,false,-2.7304819,-11.382709,10.258645,0.30868635,3
26.36404,0.4517709,49.33258297244196,8.583780368974956,0.57714754,0,5677.544,-0.16499914,2,1,false,false,-3.311318,-11.0281725,9.968893,0.30714348,3
26.181128,0.45186746,49.33258423138344,8.58378614670109,0.58191335,0,5636.3496,-0.2001825,2,1,false,false,-3.3964539,-10.7563305,9.430265,0.30533513,3
25.998772,0.45196334,49.33258540032213,8.583791787562035,0.59835577,0,5582.215,-0.23657823,2,1,false,false,-3.6991863,-10.863939,9.392716,0.3032534,3
25.813848,0.45205852,49.33258665898921,8.583797565288167,0.6076491,0,5530.5527,-0.2656961,2,1,false,false,-4.2106185,-10.963175,9.383623,0.3009016,3
25.627163,0.452153,49.332587827927895,8.583803068444261,0.617062,0,5481.583,-0.2921425,2,1,false,false,-4.276573,-11.207014,9.6025505,0.29817733,3
25.43622,0.45224681,49.33258890686379,8.583808708465542,0.6264746,0,5425.913,-0.31373772,2,1,false,false,-4.616826,-11.428407,9.771583,0.2950504,3
25.240717,0.45233992,49.33259007580248,8.583814211621634,0.6312402,0,5371.547,-0.3304788,2,1,false,false,-4.930121,-11.740046,9.61974,0.291539,3
25.042217,0.4524324,49.332591154738374,8.583819713938064,0.6335041,0,5333.8726,-0.34261164,2,1,false,false,-4.9991775,-11.773905,9.659065,0.2877044,3
24.842947,0.4525242,49.33259223367427,8.583825217094157,0.6335041,0,5299.9883,-0.35498554,2,1,false,false,-5.2448554,-11.879101,9.956515,0.28357875,3
24.644796,0.45261517,49.332593312610165,8.583830719410587,0.6335041,0,5252.322,-0.36590415,2,1,false,false,-5.4653606,-11.674474,9.431797,0.2791059,3
24.449255,0.45270544,49.332594391820464,8.583836084861828,0.62885743,0,5197.4897,-0.37852132,2,1,false,false,-5.500134,-11.593215,9.505603,0.2743028,3
24.255882,0.45279497,49.33259538075357,8.583841450313068,0.6240916,0.77,5458.0884,-0.39332184,0,1,false,false,-5.99452,-11.355828,9.845269,0.2692667,3
24.066479,0.45288378,49.33259636968668,8.583846678059459,0.61944485,0.77,5907.245,-0.41079104,0,1,false,false,-6.635488,-11.143511,9.667379,0.26404426,3
23.879658,0.4529719,49.332597358894176,8.5838520435107,0.61241525,0,6187.311,-0.4343258,0,1,false,false,-6.9506063,-11.069772,9.576681,0.25858206,3
23.694218,0.45305938,49.332598347827286,8.583857271257088,0.6076493,0,6087.25,-0.45761842,1,1,false,false,-6.986177,-10.852739,9.432626,0.25284743,3
23.48067,0.4531461,49.33259924703199,8.583862498163814,0.59597266,0,6184.904,-0.48358053,1,1,false,false,-6.652709,-13.897278,8.916038,0.24697775,3
23.242043,0.45323196,49.33260014623671,8.583867725910203,0.5889433,0,6324.0503,-0.5066302,1,1,false,false,-7.0484138,-13.983714,9.325107,0.24101958,3
23.01397,0.4533169,49.33260104544142,8.583872815951741,0.5725009,0,6331.6626,-0.52531195,1,1,false,false,-7.734982,-13.166998,9.86698,0.23457465,3
22.807108,0.45340103,49.332601944646136,8.583877906832942,0.5630882,0,6234.275,-0.5408396,1,1,false,false,-8.623808,-11.4527,9.646604,0.22746149,3
22.623278,0.45348448,49.33260275384806,8.583882996874479,0.53485036,0,6146.1553,-0.5500599,1,1,false,false,-8.759318,-10.662985,9.391915,0.21980013,3
22.441462,0.4535672,49.33260356304998,8.583887949211165,0.5161444,0,6103.1226,-0.5561251,1,1,false,false,-8.897762,-10.86446,9.282168,0.21188216,3
22.25431,0.45364928,49.332604282249115,8.58389290154785,0.48087692,0,6086.2886,-0.5626759,1,1,false,false,-9.049704,-11.018081,9.259329,0.20380181,3
22.071047,0.45373073,49.33260500172264,8.583897853884535,0.46920055,0,6071.611,-0.57044065,1,1,false,false,-9.387776,-10.581265,9.511174,0.19555482,3
21.89528,0.45381147,49.33260572092177,8.583902807060886,0.46205172,0,6047.376,-0.58087337,1,1,false,false,-9.874825,-10.173012,9.669337,0.18713303,3
21.72447,0.45389155,49.3326064403953,8.58390775939757,0.44560942,0,6010.5283,-0.5937325,1,1,false,false,-10.373498,-9.864415,9.715767,0.17850399,3
21.559496,0.45397094,49.332607069591646,8.583912574029403,0.42928624,0,5968.402,-0.6112007,1,1,false,false,-10.66012,-9.476981,9.528889,0.16966072,3
21.401182,0.4540498,49.332607699062386,8.583917389500902,0.41749084,0,5929.4814,-0.62939817,1,1,false,false,-10.683577,-9.105635,9.294267,0.16061108,3
21.24684,0.454128,49.332608238530334,8.583922204132735,0.40569514,0,5893.6475,-0.65147656,1,1,false,false,-10.861159,-8.919554,9.267091,0.15139768,3
21.09308,0.45420566,49.33260886800107,8.583927018764568,0.37054685,0,5858.955,-0.6720994,1,1,false,false,-11.451639,-8.970398,9.536064,0.14204106,3
20.941977,0.4542828,49.33260931746623,8.583931696531215,0.35410458,0,5829.399,-0.6936927,1,1,false,false,-12.00606,-8.629172,9.852682,0.132508,3
20.79489,0.4543592,49.33260985693418,8.583936511163047,0.31883714,0,5810.156,-0.7157712,1,1,false,false,-12.292241,-8.437253,9.7480955,0.122774296,3
20.652195,0.45443472,49.33261030667373,8.583941188929693,0.29774818,0,5797.8613,-0.73930407,1,1,false,false,-12.681547,-8.094705,9.768652,0.11286922,3
20.514553,0.4545097,49.33261075613889,8.583945865856675,0.26486352,0,5790.9253,-0.7621106,1,1,false,false,-12.920582,-7.823852,9.741092,0.102813,3
20.384506,0.45458412,49.33261111587565,8.58395054362332,0.24842128,0,5786.4116,-0.7824906,1,1,false,false,-12.95912,-7.2455897,9.483315,0.09263918,3
20.262707,0.45465803,49.33261147561242,8.583955083685114,0.20624329,0,5780.534,-0.80311275,1,1,false,false,-12.932288,-6.8248043,9.327505,0.082390174,3
20.150946,0.4547315,49.332611835074786,8.583959760612096,0.18741812,0,5769.837,-0.8220361,1,1,false,false,-13.069092,-6.1626477,9.354279,0.07206489,3
20.04559,0.45480457,49.33261210480876,8.58396430067389,0.14988683,0,5757.565,-0.84387153,1,1,false,false,-13.375771,-5.9035783,9.448145,0.061650474,3
19.946959,0.4548773,49.33261237481713,8.583968840735682,0.13106164,0,5748.7544,-0.86449385,1,1,false,false,-13.701763,-5.4554915,9.681016,0.051157296,3
19.854078,0.45494965,49.33261255454831,8.583973379957813,0.08888359,0,5745.954,-0.885843,1,1,false,false,-13.822062,-5.154671,9.725,0.040619623,3
19.770134,0.4550213,49.3326127342795,8.583977920019606,0.06529249,0,5745.8535,-0.9122874,1,1,false,false,-13.959927,-4.5175304,9.601717,0.030065306,3
19.695053,0.4550919,49.33261291428508,8.5839824600814,0.016084835,0,5745.7266,-0.9377617,1,1,false,false,-13.942407,-4.0750527,9.542732,0.019487467,3
19.631107,0.45516223,49.332613004013474,8.583987000143193,0,0,5744.6035,-0.96517575,1,1,false,false,-14.05182,-3.301141,9.536143,0.008873393,3
19.576008,0.4552323,49.33261309401626,8.583991539365323,0,0,5743.963,-0.9955021,1,1,false,false,-13.854368,-2.975874,9.126317,-0.0018005958,3
19.524303,0.45530215,49.33261309401626,8.583995941722264,0,0,5740.838,-1.0263118,1,1,false,false,-13.681414,-2.841306,9.045996,-0.012513921,3
19.475092,0.45537177,49.33261309401626,8.584000481784058,0,0,5732.5483,-1.0573654,1,1,false,false,-13.554853,-2.7235475,8.896281,-0.02324328,3
19.427687,0.4554413,49.33261309401626,8.584004884141,0,0,5719.5415,-1.0867196,1,1,false,false,-13.682279,-2.6383986,9.167105,-0.033981286,3
19.381702,0.45551062,49.332613004013474,8.584009286497942,0,0,5704.5947,-1.1126794,1,1,false,false,-13.703947,-2.6184065,9.212338,-0.04473679,3
19.33566,0.45557982,49.33261291428508,8.584013825720072,0,0,5690.0483,-1.1362112,1,1,false,false,-13.924937,-2.6336908,9.513492,-0.05554992,3
19.28939,0.45564893,49.332612824282286,8.584018228077014,0,0,5676.974,-1.1607144,1,1,false,false,-14.482145,-2.7136896,9.890062,-0.06647968,3
19.242065,0.45571753,49.332612644551105,8.584022630433955,0,0,5664.3975,-1.1827899,1,1,false,false,-14.73108,-2.7871277,10.1951685,-0.077662274,3
19.194061,0.45578593,49.33261246454553,8.584027032790896,0,0,5652.7354,-1.2009845,1,1,false,false,-15.358954,-2.8431485,10.61623,-0.089168124,3
19.14578,0.45585412,49.33261219481155,8.584031435147839,0,0,5641.1826,-1.2203922,1,1,false,false,-15.262138,-2.8762393,10.196833,-0.10106464,3
19.098103,0.45592207,49.33261192507758,8.584035699799928,0,0,5629.9175,-1.236404,1,1,false,false,-14.919591,-2.8279853,10.037303,-0.11328948,3
19.05144,0.45598987,49.33261156534081,8.58404010215687,0,0,5617.439,-1.2519304,1,1,false,false,-14.613632,-2.7800274,9.628286,-0.12577702,3
19.005875,0.45605746,49.33261120587844,8.584044366808959,0,0,5602.582,-1.2696398,1,1,false,false,-14.088839,-2.6885684,8.911454,-0.13844295,3
18.961502,0.456125,49.33261084614168,8.584048769165902,0,0,5585.428,-1.2900165,1,1,false,false,-13.765153,-2.666581,8.828348,-0.15116549,3
18.917095,0.45619237,49.33261048640492,8.584053033817991,0,0,5567.9697,-1.3142761,1,1,false,false,-13.982363,-2.6359959,9.072439,-0.16386522,3
18.871561,0.45625958,49.33260994693697,8.58405729847008,0,0,5551.303,-1.3409606,1,1,false,false,-14.858236,-2.7995272,10.125167,-0.17658167,3
18.823397,0.45632678,49.33260949747181,8.584061563122171,0,0,5537.5825,-1.373469,1,1,false,false,-15.798652,-2.93895,10.65196,-0.18940842,3
18.773119,0.4563941,49.33260895800386,8.58406582777426,0,0,5526.4155,-1.4071873,1,1,false,false,-16.450169,-3.072813,10.75136,-0.20237507,3
18.721802,0.4564611,49.33260841853591,8.584069954721498,0,0,5517.648,-1.4464871,1,1,false,false,-16.875278,-3.1488075,11.177096,-0.21548234,3
18.669792,0.45652792,49.33260778906517,8.584074219373589,0,0,5508.983,-1.4826328,1,1,false,false,-17.257729,-3.2040193,11.081657,-0.22883208,3
18.619001,0.4565945,49.33260715959443,8.584078346320826,0,0,5498.1445,-1.5131975,1,1,false,false,-16.445507,-3.0733829,9.8082485,-0.24245448,3
18.571358,0.45666096,49.3326064403953,8.584082474107728,0,0,5482.924,-1.5413376,1,1,false,false,-15.702944,-2.9300914,9.438216,-0.2562572,3
18.524717,0.45672724,49.33260572092177,8.584086601054965,0,0,5462.9214,-1.5670508,1,1,false,false,-15.788945,-2.9091036,9.785013,-0.2703506,3
18.478285,0.45679337,49.33260500172264,8.584090728002204,0,0,5441.763,-1.5886402,1,1,false,false,-15.233916,-2.8796973,9.060405,-0.2848667,3
18.431126,0.45685944,49.33260419252072,8.58409471724459,0,0,5423.17,-1.6126544,1,1,false,false,-15.024194,-2.9373488,8.9709215,-0.29958752,3
18.382332,0.45692542,49.3326033833188,8.584098707326639,0,0,5407.472,-1.6337597,1,1,false,false,-15.955487,-3.0576913,9.7609825,-0.31425422,3
18.331411,0.45699137,49.33260248411408,8.584102696569026,0,0,5394.688,-1.6582603,1,1,false,false,-16.464159,-3.1644692,10.113293,-0.32895148,3
18.278967,0.45705774,49.33260158490937,8.584106685811411,0,0,5383.6694,-1.6820326,1,1,false,false,-16.873337,-3.2865682,10.315631,-0.3437705,3
18.225601,0.45712388,49.332600685704655,8.584110675893461,0,0,5372.619,-1.7079883,1,1,false,false,-17.22276,-3.2906168,10.300136,-0.3586765,3
18.173563,0.45718974,49.33259969677155,8.584114527430994,0,0,5359.7534,-1.734185,1,1,false,false,-17.193823,-3.2097707,10.132514,-0.3737182,3
18.122135,0.45725542,49.332598707564046,8.584118379808194,0,0,5343.0015,-1.7647485,1,1,false,false,-17.097055,-3.233861,10.074495,-0.38910708,3
18.069921,0.45732096,49.33259762862815,8.584122231345727,0,0,5323.3735,-1.7914327,1,1,false,false,-17.236712,-3.253107,9.967044,-0.4048617,3
18.018145,0.45738634,49.332596549692255,8.584126083722925,0,0,5305.389,-1.8183576,1,1,false,false,-17.072409,-3.2085598,9.721404,-0.42082214,3
17.966711,0.4574516,49.33259547075636,8.58412979839527,0,0,5289.3076,-1.8414016,1,1,false,false,-16.672289,-3.2163632,9.341156,-0.43699238,3
17.914364,0.4575168,49.33259430181767,8.584133512227954,0,0,5272.235,-1.8642024,1,1,false,false,-16.413824,-3.2620907,9.081966,-0.4533882,3
17.86153,0.45758182,49.33259313287898,8.5841372269003,0,0,5255.076,-1.8821532,1,1,false,false,-16.434168,-3.2534454,9.209582,-0.46986362,3
17.808075,0.45764694,49.3325918739375,8.584140803867793,0,0,5239.4917,-1.8988893,1,1,false,false,-16.909191,-3.3019016,9.476207,-0.48633146,3
17.75359,0.45771253,49.332590615270426,8.584144380835287,0,0,5224.8184,-1.916597,1,1,false,false,-16.878052,-3.3406484,9.576711,-0.50287855,3
17.69813,0.45777786,49.332589356328945,8.584147956963118,0,0,5210.194,-1.9335763,1,1,false,false,-17.273674,-3.4275756,9.712723,-0.5195284,3
17.641024,0.45784295,49.332588007659076,8.584151533930612,0,0,5195.144,-1.9544361,1,1,false,false,-17.980917,-3.5146213,10.3285475,-0.53631705,3
17.582483,0.4579078,49.33258665898921,8.584154973193254,0,0,5180.61,-1.974812,1,1,false,false,-18.665771,-3.6112201,10.606013,-0.5533393,3
17.522682,0.45797253,49.33258531031934,8.584158412455896,0,0,5166.028,-1.9956717,1,1,false,false,-18.90445,-3.668584,10.399785,-0.5707193,3
17.46318,0.45803705,49.332583871646676,8.584161714013687,0,0,5150.896,-2.0153196,1,1,false,false,-18.392323,-3.6179721,9.983936,-0.58843297,3
17.404602,0.45810145,49.332582432974014,8.584165016411141,0,0,5134.869,-2.0337546,1,1,false,false,-17.954983,-3.5652072,9.748776,-0.60631984,3
17.34679,0.4581658,49.33258090457296,8.584168317968931,0,0,5117.4736,-2.0541291,1,1,false,false,-17.701443,-3.4836423,9.407186,-0.6243196,3
17.290297,0.45823005,49.33257937589751,8.584171481821869,0,0,5098.2344,-2.0740194,1,1,false,false,-16.933287,-3.384413,8.936287,-0.6424281,3
17.233902,0.4582943,49.332577847222055,8.584174645674809,0,0,5077.6694,-2.0943937,1,1,false,false,-17.599716,-3.4217093,9.386903,-0.66055954,3
17.17662,0.45835876,49.33257622881821,8.584177810367411,0,0,5058.048,-2.1133132,1,1,false,false,-17.83633,-3.4021893,9.528833,-0.678738,3
17.11892,0.458423,49.33257461041437,8.584180836515497,0,0,5040.3813,-2.134173,1,1,false,false,-18.158468,-3.4735484,9.790575,-0.69697607,3
17.059778,0.45848697,49.33257299201052,8.584183863503247,0,0,5022.0146,-2.1516378,1,1,false,false,-18.796055,-3.5303068,10.22364,-0.71529305,3
17.000097,0.45855072,49.33257137333228,8.584186889651333,0,0,5001.447,-2.1688578,1,1,false,false,-19.393082,-3.5536752,10.417833,-0.7336886,3
16.940199,0.45861435,49.33256966520004,8.584189778934231,0,0,4978.329,-2.1838953,1,1,false,false,-19.446089,-3.567217,10.318993,-0.75221604,3
16.880657,0.45867777,49.33256786679061,8.58419253051228,0,0,4955.4097,-2.197723,1,1,false,false,-19.168785,-3.5467343,10.215446,-0.77086586,3
16.821777,0.45874116,49.332566158383976,8.584195281250661,0,0,4933.143,-2.2103353,1,1,false,false,-18.871424,-3.5050457,9.906646,-0.78961396,3
16.763174,0.45880443,49.332564359974555,8.584198032828708,0,0,4909.6753,-2.2261004,1,1,false,false,-18.762943,-3.50824,9.838849,-0.808455,3
16.704397,0.45886776,49.332562561839524,8.584200646701902,0,0,4886.4917,-2.2411382,1,1,false,false,-18.4639,-3.5114698,9.767023,-0.82746714,3
16.64498,0.45893115,49.33256067370171,8.584203260575096,0,0,4864.522,-2.2576325,1,1,false,false,-18.693594,-3.5747955,9.917566,-0.8466323,3
16.583672,0.4589937,49.33255887529228,8.584205874448292,0,0,4844.0186,-2.2746108,1,1,false,false,-18.871561,-3.6792073,9.892618,-0.86597836,3
16.520617,0.4590551,49.33255698715446,8.584208350616635,0,0,4827.2905,-2.292801,1,1,false,false,-18.761957,-3.7593482,10.005947,-0.8854663,3
16.455978,0.45911622,49.33255509874225,8.584210689080125,0,0,4814.6777,-2.307839,1,1,false,false,-18.998775,-3.8317082,10.217658,-0.9049845,3
16.390675,0.45917702,49.33255312060164,8.58421302838328,0,0,4802.882,-2.3243332,1,1,false,false,-19.082329,-3.829544,9.9884615,-0.9244253,3
16.326263,0.4592376,49.33255114246103,8.584215229141918,0,0,4789.255,-2.3347611,1,1,false,false,-18.791714,-3.7410533,9.712042,-0.94372046,3
16.26343,0.459298,49.33254916432042,8.584217430740221,0,0,4772.825,-2.3408256,1,1,false,false,-18.547909,-3.6489959,9.56235,-0.96282285,3
16.201797,0.45935827,49.33254718645421,8.584219631498861,0,0,4754.3525,-2.3427663,1,1,false,false,-18.533054,-3.5998385,9.632706,-0.9817269,3
16.140467,0.45941842,49.3325452083136,8.584221695392312,0,0,4735.5273,-2.3425233,1,1,false,false,-18.55093,-3.5909834,9.896278,-1.0005242,3
16.07881,0.45947847,49.332543140170195,8.584223758446099,0,0,4717.5312,-2.3393693,1,1,false,false,-18.719355,-3.6343281,9.9199705,-1.019278,3
16.016092,0.45953846,49.332541162029585,8.584225684634697,0,0,4700.5996,-2.3337922,1,1,false,false,-19.390518,-3.7350335,10.383768,-1.0380306,3
15.953266,0.45959845,49.33253909388618,8.584227473118444,0,0,4684.4937,-2.3257885,1,1,false,false,-19.200012,-3.7036717,10.185175,-1.0568511,3
15.891533,0.45965785,49.332537026017185,8.584229261602191,0,0,4669.172,-2.315843,1,1,false,false,-18.829666,-3.665079,10.197716,-1.075664,3
15.830774,0.45971647,49.33253486787099,8.584231050085938,0,0,4652.8506,-2.303959,1,1,false,false,-18.719492,-3.5924218,10.026836,-1.0943657,3
15.772174,0.45977485,49.33253280000199,8.584232700864833,0,0.044389643,4642.9585,-2.2949834,1,1,false,false,-18.561281,-3.558807,9.52847,-1.1128489,3
15.712544,0.459833,49.3325306418558,8.584234213938878,0,0.109494455,4666.6304,-2.289405,1,1,false,false,-19.557417,-3.5746243,10.566049,-1.1312833,3
15.659132,0.459891,49.33252857398679,8.58423572701292,0,0.18692973,4730.7124,-2.2855246,1,1,false,false,-17.840666,-2.936321,9.735251,-1.1499863,3
15.619183,0.45994884,49.332526415840604,8.584237240926628,0,0.28557333,4837.791,-2.277521,1,1,false,false,-16.694637,-2.285516,8.824227,-1.1687118,3
15.5822735,0.4600066,49.332524257968814,8.584238616295819,0,0.33662152,5000.394,-2.2695167,1,1,false,false,-16.410082,-2.215394,8.777637,-1.1872462,3
15.546204,0.46006438,49.332522100097016,8.58423999166501,0,0.38668308,5187.6543,-2.2680624,1,1,false,false,-17.061646,-2.0990388,9.260947,-1.2054771,3
15.538277,0.4601222,49.33251985222243,8.584241230169013,0,0.41405666,5230.304,-2.2683036,1,1,false,false,-17.14585,0.701885,10.685004,-1.2234831,3
15.575406,0.46018025,49.332517694076245,8.584242330968165,0,0.4517879,5171.385,-2.2653928,1,1,false,false,-17.634722,3.1739464,11.340447,-1.2414395,3
15.638725,0.4602387,49.33251544620166,8.584243568632504,0,0.4675709,5108.9736,-2.2539935,1,1,false,false,-17.191471,3.9755113,10.806257,-1.2595427,3
15.705549,0.46029764,49.33251319832708,8.584244669431655,0,0.46954376,5067.313,-2.23362,1,1,false,false,-17.19236,3.8642228,10.65543,-1.2776201,3
15.765706,0.46035725,49.332510950452495,8.584245632525954,0,0.4808877,5051.5557,-2.210577,1,1,false,false,-16.7289,3.3542824,10.007396,-1.29533,3
15.819447,0.46041703,49.33250870257791,8.584246595620254,0,0.48286062,5065.0015,-2.188505,1,1,false,false,-15.949382,3.2739747,9.539629,-1.3125604,3
15.872559,0.46047708,49.33250636497493,8.584247558714553,0,0.50357586,5100.078,-2.1669185,1,1,false,false,-15.875028,3.010511,9.864415,-1.3292395,3
15.9215975,0.4605373,49.33250411710035,8.584248384104,0,0.52231807,5141.741,-2.1475134,1,1,false,false,-15.632698,2.8686976,9.699183,-1.3453178,3
15.970466,0.46059796,49.33250177922297,8.58424920949345,0,0.5346484,5187.819,-2.1298077,1,1,false,false,-15.024015,2.9800658,8.978272,-1.3611673,3
16.024286,0.46065888,49.3324994413456,8.584249897178045,0,0.5479656,5241.505,-2.116953,1,1,false,false,-13.9229555,3.453836,8.377869,-1.3771406,3
16.08774,0.46072024,49.33249701373983,8.584250584862641,0,0.5499385,5286.167,-2.106764,1,1,false,false,-12.7434845,4.0265813,8.025118,-1.3930423,3
16.157925,0.46078208,49.332494675862456,8.584251272547236,0,0.55413085,5303.473,-2.1019123,1,1,false,false,-12.588525,4.490534,8.507947,-1.4084278,3
16.23659,0.4608445,49.33249224825669,8.584251823366644,0,0.5454994,5296.379,-2.1011856,1,1,false,false,-13.078619,4.858439,8.956009,-1.4232265,3
16.31446,0.46090755,49.33248982065093,8.58425251105124,0,0.5533908,5280.713,-2.099487,1,1,false,false,-14.656131,4.4721346,10.242415,-1.4375578,3
16.381983,0.4609718,49.33248739277076,8.584252923326131,0,0.55166465,5275.104,-2.092696,1,1,false,false,-16.46148,3.9277925,11.37308,-1.4519458,3
16.444864,0.46103793,49.332484965164994,8.584253336440687,0,0.56128234,5288.35,-2.075232,1,1,false,false,-17.505413,3.6618698,11.795696,-1.4668434,3
16.506088,0.46110433,49.33248253755922,8.584253748715579,0,0.5644882,5314.931,-2.038606,1,1,false,false,-17.89419,3.6440425,11.776082,-1.4823076,3
16.566706,0.461171,49.332480019950665,8.584254024125283,0,0.55783,5336.643,-1.9910638,1,1,false,false,-18.012632,3.5566583,11.262538,-1.4980621,3
16.629112,0.46123806,49.332477592070504,8.584254299534987,0,0.5637486,5357.54,-1.9391551,1,1,false,false,-17.05071,3.6696637,10.381539,-1.5139924,3
16.690414,0.4613056,49.33247507446195,8.584254574105026,0,0.5711467,5389.8213,-1.8933098,1,1,false,false,-16.318005,3.4771566,10.071219,-1.5301161,3
16.751102,0.46137354,49.33247255685339,8.584254574105026,0,0.5741061,5435.2144,-1.8426148,1,1,false,false,-14.755773,3.663684,9.264932,-1.5465444,3
16.8156,0.46144208,49.332470039244825,8.584254711809878,0,0.5943281,5490.3066,-1.8006493,1,1,false,false,-13.55835,3.9287074,8.873159,-1.5630882,3
16.883335,0.4615113,49.33246752163627,8.584254711809878,0,0.6150432,5541.812,-1.7615961,1,1,false,false,-13.647915,4.183037,9.168565,-1.579409,3
16.955956,0.4615812,49.33246500402771,8.584254711809878,0,0.65277433,5588.2114,-1.7198734,1,1,false,false,-14.419329,4.529259,10.060466,-1.5955235,3
17.034988,0.46165225,49.33246248641915,8.584254574105026,0,0.69593084,5634.0425,-1.6766953,1,1,false,false,-14.992973,4.946905,10.663689,-1.6116258,3
17.120197,0.46172407,49.3324598788078,8.584254437239839,0,0.7489518,5680.8335,-1.630363,1,1,false,false,-15.675165,5.430044,11.366152,-1.6278356,3
17.215733,0.46179625,49.332457361199246,8.584254161830135,0,0.8027127,5726.139,-1.5677783,1,1,false,false,-15.483144,6.1239133,11.161998,-1.6442055,3
17.32306,0.4618689,49.332454753587896,8.58425388642043,0,0.88360065,5765.4287,-1.4971861,1,1,false,false,-14.062464,6.8319707,10.107044,-1.6603887,3
17.438961,0.4619421,49.33245214625095,8.584253611850391,0,0.96448845,5798.394,-1.4224706,1,1,false,false,-13.714921,7.28472,9.549502,-1.6760387,3
17.561394,0.462016,49.3324495386396,8.584253198735835,0,1,5823.7627,-1.3533329,1,1,false,false,-13.566363,7.7141123,10.096773,-1.6911811,3
17.683004,0.46209058,49.33244693102825,8.58425278562128,0,1,5843.469,-1.2951124,1,1,false,false,-12.782764,7.366151,9.660989,-1.7058077,3
17.800495,0.46216592,49.332444323691305,8.584252235641536,0,1,5877.216,-1.2463509,1,1,false,false,-12.117746,7.186274,9.113388,-1.720073,3
17.913256,0.4622421,49.33244162607716,8.584251685661792,0,1,5936.238,-1.2041392,1,1,false,false,-12.066963,6.866368,9.18654,-1.7341484,3
18.021814,0.46231732,49.332438928737425,8.584251134842384,0,1,6003.245,-1.1759981,1,1,false,false,-12.851424,6.879267,10.4271755,-1.7481087,3
18.132338,0.4623917,49.332436321126075,8.584250447157789,0,1,6050.1187,-1.1500399,1,1,false,false,-13.727937,7.069304,11.269822,-1.7619158,3
18.25087,0.46246642,49.33243362378633,8.584249759473193,0,1,6068.565,-1.1182587,1,1,false,false,-14.13746,7.698129,11.670214,-1.7755698,3
18.371286,0.4625416,49.332430926172194,8.584248934083746,0,1,6070.076,-1.0804131,1,1,false,false,-13.830119,7.587351,10.916635,-1.7890351,3
18.491367,0.46261734,49.33242822883245,8.584248108694299,0,1,6084.5303,-1.042082,1,1,false,false,-13.664386,7.511945,10.332296,-1.8024635,3
18.607878,0.46269348,49.33242544148992,8.58424728330485,0,1,6122.8306,-0.9993831,1,1,false,false,-13.55216,7.288596,10.256526,-1.815914,3
18.719736,0.46277022,49.33242274387578,8.58424632021055,0,1,6168.254,-0.96784425,1,1,false,false,-13.323932,6.972716,10.080304,-1.8292209,3
18.828293,0.46284753,49.332420046536036,8.58424535711625,0,1,6209.916,-0.94358426,1,1,false,false,-13.129979,6.990208,10.065614,-1.8423054,3
18.93728,0.46292546,49.332417259193505,8.584244256317099,0,1,6250.8755,-0.9302401,1,1,false,false,-12.815196,6.9930277,9.838527,-1.8552243,3
19.049051,0.46300188,49.33241456185377,8.584243156357612,0,1,6291.349,-0.92296225,1,1,false,false,-12.830547,7.311644,9.963962,-1.8679905,3
19.164762,0.46307826,49.33241177423684,8.58424205555846,0,1,6320.572,-0.92053664,1,1,false,false,-12.90273,7.5576754,10.109346,-1.8804497,3
19.285013,0.46315494,49.3324089868943,8.584240817054457,0,1,6330.948,-0.9176247,1,1,false,false,-13.276635,7.7765245,10.502279,-1.892428,3
19.40717,0.46323207,49.33240619955177,8.584239579390118,0,1,6329.4766,-0.91155946,1,1,false,false,-13.3952875,7.919477,10.631251,-1.9039264,3
19.529844,0.46330968,49.33240341220924,8.584238203181263,0,1,6331.229,-0.8991872,1,1,false,false,-13.614648,7.779435,10.683788,-1.9150325,3
19.649115,0.46338773,49.33240062486671,8.584236827812072,0,1,6344.089,-0.88390255,1,1,false,false,-13.82794,7.587348,10.881005,-1.9258621,3
19.764847,0.46346632,49.33239783752418,8.584235314738029,0,1,6368.647,-0.8698309,1,1,false,false,-13.889628,7.3422465,10.817343,-1.9365019,3
19.87702,0.46354538,49.332395050181646,8.584233801663984,0,1,6399.62,-0.862067,1,1,false,false,-13.617441,7.1340337,10.502546,-1.9469718,3
19.98739,0.46362433,49.332392262839114,8.584232287750279,0,1,6434.32,-0.8620671,1,1,false,false,-13.084274,7.007311,10.042134,-1.9572785,3
20.095284,0.46370232,49.33238938549379,8.584230636971382,0,1,6472.471,-0.8710443,1,1,false,false,-12.761318,6.815676,9.818053,-1.9674673,3
20.201685,0.46378058,49.33238659815126,8.584228986192487,0,1,6516.4575,-0.88899755,1,1,false,false,-12.261515,6.784236,9.399763,-1.9776367,3
20.30715,0.46385923,49.33238381080873,8.58422719770874,0,1,6562.6147,-0.9193231,1,1,false,false,-12.116836,6.687933,9.379379,-1.9877963,3
20.41253,0.46393812,49.33238102346619,8.584225409224993,0,1,6605.7046,-0.94916445,1,1,false,false,-12.11331,6.7426705,9.451513,-1.9979597,3
20.519947,0.46401745,49.332378146120874,8.584223620741247,0,1,6641.4395,-0.97949,1,1,false,false,-12.31065,6.904369,9.697281,-2.0081127,3
20.628502,0.46409717,49.332375358778336,8.584221695392312,0,1,6666.6016,-1.0061756,1,1,false,false,-12.487805,6.957691,9.581614,-2.0182354,3
20.738077,0.46417725,49.33237248143302,8.584219769203713,0,1,6685.6133,-1.0287392,1,1,false,false,-12.913144,6.93642,10.01377,-2.0283446,3
20.845045,0.46425784,49.33236969409048,8.584217705310262,0,1,6705.613,-1.0415975,1,1,false,false,-13.050379,6.769314,10.037796,-2.0385659,3
20.950033,0.46433794,49.33236690674795,8.584215642256474,0,1,6734.0933,-1.0479053,1,1,false,false,-13.461122,6.599128,10.279756,-2.0489974,3
21.050936,0.46441823,49.332364029402626,8.584213578363023,0,1,6769.969,-1.0491174,1,1,false,false,-13.272976,6.3812075,9.729382,-2.0597012,3
21.14999,0.46449888,49.332361242060095,8.584211377604385,0,1,6810.949,-1.046692,1,1,false,false,-13.275954,6.273736,9.841084,-2.0706391,3
21.24705,0.46457976,49.332358364989176,8.584209176006082,0,1,6851.684,-1.0418388,1,1,false,false,-13.074256,6.1803756,9.433766,-2.0817735,3
21.343374,0.464661,49.33235557737224,8.584206837542592,0,1,6891.057,-1.0369878,1,1,false,false,-12.6552,6.1797237,9.134877,-2.0930517,3
21.43922,0.46474254,49.33235279002971,8.5842044990791,0,1,6929.675,-1.0316489,1,1,false,false,-12.55084,6.1201005,9.192154,-2.104412,3
21.535477,0.4648244,49.33234991295879,8.584202159775945,0,1,6967.4346,-1.0265551,1,1,false,false,-12.349515,6.2024064,8.923733,-2.1158228,3
21.63189,0.46490666,49.33234712561625,8.584199683607602,0,1,7000.776,-1.0190339,1,1,false,false,-12.606402,6.195503,9.538752,-2.1271906,3
21.729355,0.46498966,49.332344337999324,8.58419720743926,0,1,7028.0483,-1.0093307,1,1,false,false,-13.18433,6.3561788,9.880878,-2.1385214,3
21.825315,0.46507305,49.33234155065679,8.584194593566066,0,1,6765.8037,-0.99380374,1,1,false,false,-13.795517,6.0770807,10.179955,-2.1498332,3
21.89988,0.46515667,49.33233876331426,8.584191979692871,0,1,6379.2856,-0.9739099,1,1,false,false,-13.750003,3.74044,9.243873,-2.1611457,3
21.900711,0.46524045,49.33233597597173,8.584189365819677,0,1,6256.041,-0.946253,0,1,false,false,-14.313602,-0.6830849,9.626812,-2.1719656,3
21.886604,0.46532404,49.3323331886292,8.584186614241629,0,1,6006.971,-0.91544116,2,1,false,false,-14.451884,1.1494246,10.13894,-2.1822393,3
21.965178,0.46540773,49.332330491289454,8.584183863503247,0,1,5525.3223,-0.88632894,2,1,false,false,-14.897794,6.9976277,11.834298,-2.1926997,3
22.087275,0.4654918,49.33232770394692,8.584180974220349,0,1,5356.5107,-0.86497796,2,1,false,false,-12.776381,8.143177,9.62452,-2.204439,3
22.208736,0.46557638,49.33232500633279,8.58417808493745,0,1,5384.6504,-0.84193015,2,1,false,false,-12.884024,7.1194296,9.751544,-2.2170157,3
22.304996,0.46566144,49.33232221899025,8.584175196494215,0,1,5437.1206,-0.8271315,2,1,false,false,-12.187483,5.9646087,8.810088,-2.2294319,3
22.398378,0.4657468,49.33231952165051,8.584172169506465,0,1,5431.946,-0.82179314,2,1,false,false,-12.849551,6.3005853,9.714568,-2.2410502,3
22.496283,0.46583244,49.33231682403637,8.584169143358379,0,1,5411.753,-0.82349265,2,1,false,false,-12.512726,6.5249805,9.229034,-2.2520864,3
22.594534,0.46591842,49.33231412669663,8.584166116370628,0,1,5416.6636,-0.8278588,2,1,false,false,-12.89666,6.266951,9.13343,-2.2626908,3
22.687119,0.46600476,49.33231142935689,8.58416295251769,0,1,5443.7983,-0.8310133,2,1,false,false,-12.781375,6.2067256,9.212967,-2.2729366,3
22.777975,0.46609136,49.33230873174275,8.584159650959899,0,1,5469.3677,-0.8344094,2,1,false,false,-13.199335,5.7418027,8.86029,-2.2827477,3
22.86646,0.46617836,49.33230603440301,8.584156487106961,0,1,5486.98,-0.8395037,2,1,false,false,-13.228042,6.025753,9.60272,-2.2922552,3
22.952883,0.46626556,49.33230333678887,8.584153184709507,0,1,5502.044,-0.84799653,2,1,false,false,-13.869819,5.4723864,9.464862,-2.3016117,3
23.038246,0.4663525,49.33230072945192,8.584149745446865,0,1,5529.207,-0.8581861,2,1,false,false,-13.423882,5.840819,9.635432,-2.3111384,3
23.12013,0.4664397,49.33229812184057,8.584146306184223,0,1,5560.9033,-0.8715285,2,1,false,false,-14.2219095,5.2650633,9.85938,-2.3208518,3
23.20307,0.46652716,49.33229542450083,8.58414286692158,0,1,5595.5664,-0.8834174,2,1,false,false,-13.174241,5.5471315,8.91888,-2.3309298,3
23.282562,0.46661496,49.33229281688948,8.584139427658938,0,1,5629.691,-0.8957895,2,1,false,false,-13.932755,5.2705474,9.549096,-2.341302,3
23.365171,0.46670306,49.332290209278135,8.584135851531109,0,1,5666.542,-0.9045235,2,1,false,false,-12.897148,5.4501047,8.499459,-2.3520482,3
23.446463,0.46679142,49.33228769166958,8.584132136858761,0,1,5699.6533,-0.90961874,2,1,false,false,-13.658408,5.4900312,9.490841,-2.3630638,3
23.53258,0.46688008,49.33228508405823,8.584128559891267,0,1,5722.5303,-0.9132588,2,1,false,false,-13.315297,5.704134,8.910603,-2.374327,3
23.619171,0.46696886,49.33228256644967,8.58412470751407,0,1,5732.8477,-0.9134997,2,1,false,false,-13.899279,5.812639,9.662944,-2.3856728,3
23.708094,0.4670578,49.33227995911272,8.584120993681388,0,1,5738.521,-0.9108319,2,1,false,false,-14.115826,5.9158645,9.636673,-2.3970914,3
23.794567,0.46714705,49.33227744150416,8.58411714130419,0,1,5745.9727,-0.90233994,2,1,false,false,-14.761375,5.739015,10.00866,-2.4085028,3
23.880419,0.46723664,49.3322749238956,8.584113289766655,0,1,5762.452,-0.89021003,2,1,false,false,-14.544212,5.83905,9.722479,-2.4200032,3
23.960293,0.46732646,49.332272496015435,8.584109299684606,0,1,5783.3613,-0.87686694,2,1,false,false,-15.085703,5.2973704,9.870008,-2.4314897,3
24.04168,0.46741664,49.33226997840688,8.58410531044222,0,1,5813.5522,-0.86473674,2,1,false,false,-15.0025835,5.6439857,9.711708,-2.443093,3
24.117844,0.46750712,49.33226755080111,8.584101321199833,0,1,5840.454,-0.85575956,2,1,false,false,-14.47064,5.2073836,9.244012,-2.45473,3
24.198013,0.46759778,49.332265122920944,8.584097193412932,0,1,5871.903,-0.8479965,2,1,false,false,-14.170924,5.577895,9.016571,-2.466403,3
24.277458,0.46768838,49.33226269531518,8.584093066465694,0,1,5899.3613,-0.8402325,2,1,false,false,-14.02137,5.525188,8.958979,-2.4779832,3
24.359312,0.4677793,49.332260267709415,8.584088801813605,0,1,5918.8447,-0.8290718,2,1,false,false,-14.224279,5.7201943,9.282412,-2.4894755,3
24.440962,0.4678705,49.33225792983204,8.584084537161514,0,1,5931.065,-0.8077216,2,1,false,false,-14.1763525,5.6172347,9.072536,-2.5008786,3
24.523937,0.46796203,49.33225559195466,8.584080272509425,0,1,5945.878,-0.7650213,2,1,false,false,-14.174134,5.7877274,9.376864,-2.5122313,3
24.605873,0.46805382,49.332253254351684,8.584075870152484,0,1,5961.5435,-0.69587535,2,1,false,false,-14.407564,5.6234655,9.55076,-2.5234606,3
24.68689,0.46814597,49.332250916474315,8.58407146779554,0,1,5977.295,-0.5966439,2,1,false,false,-13.875621,5.6185756,9.48278,-2.5345852,3
24.76773,0.4682384,49.33224866859973,8.584067066278264,0,1,5999.781,-0.45543575,2,1,false,false,-13.039634,5.6191335,8.814072,-2.5455678,3
24.84886,0.46833074,49.332246330722356,8.58406252621647,0,1,6028.536,-0.31495008,2,1,false,false,-12.4704895,5.5505953,9.233164,-2.5562773,3
24.930822,0.46842334,49.33224408284777,8.584057986154676,0,1,6055.5415,-0.17009535,2,1,false,false,-11.644229,5.653228,9.226997,-2.5665777,3
25.015131,0.46851626,49.33224183497319,8.584053446092883,0,1,6076.7954,-0.007764818,2,1,false,false,-10.6972475,5.792188,9.692722,-2.5763164,3
25.103443,0.46860954,49.33223967710139,8.584048769165902,0,1,6091.8857,0.11817184,2,1,false,false,-9.671227,6.018333,9.262754,-2.585254,3
25.19734,0.46870312,49.33223742922681,8.584044091399257,0,1,6099.9165,0.24314007,2,1,false,false,-8.824874,6.2825546,9.74183,-2.5931137,3
25.2938,0.46879712,49.33223527135502,8.584039414472274,0,1,6098.706,0.3440886,2,1,false,false,-7.969951,6.34729,9.717538,-2.5996196,3
25.391657,0.46889147,49.332233023480434,8.584034599000777,0,1,6096.7695,0.4032992,2,1,false,false,-7.473361,6.3967257,9.56122,-2.604671,3
25.49174,0.46898592,49.332230865334246,8.584029922073794,0,1,6100.446,0.43363273,2,1,false,false,-7.168288,6.4308214,9.3952055,-2.608265,3
25.592804,0.46908066,49.33222870746245,8.584025106602297,0,1,6102.8164,0.43290502,2,1,false,false,-6.947644,6.535123,9.335322,-2.6104126,3
25.695532,0.4691758,49.33222654959066,8.584020154265612,0,1,6098.612,0.404027,2,1,false,false,-6.9565616,6.5431843,9.36107,-2.6111915,3
25.79732,0.46927133,49.33222439144446,8.584015339633778,0,1,6092.2866,0.35500816,2,1,false,false,-6.859409,6.401859,9.349879,-2.6108277,3
25.899145,0.4693673,49.33222223357267,8.584010386457429,0,1,6097.1577,0.28439268,2,1,false,false,-7.1520886,6.3563747,10.255871,-2.6096628,3
25.999737,0.4694636,49.33222007570088,8.584005434120744,0,1,6107.657,0.21450686,2,1,false,false,-7.158251,6.261981,10.291222,-2.6080303,3
26.099602,0.46956035,49.332217917554686,8.584000481784058,0,1,6116.988,0.16063677,2,1,false,false,-6.7374535,6.139329,10.239482,-2.6062136,3
26.198805,0.46965718,49.332215759682896,8.583995391742521,0,1,6127.906,0.115988284,2,1,false,false,-5.8537264,6.019978,9.546341,-2.6043973,3
26.297628,0.46975443,49.33221369153949,8.583990301700984,0,1,6147.254,0.09778901,2,1,false,false,-4.8589883,5.9462094,9.41733,-2.6026845,3
26.394707,0.46985203,49.3322115336677,8.583985211659446,0,1,6171.5054,0.097302966,2,1,false,false,-3.8558586,5.8196726,9.156669,-2.6010888,3
26.49264,0.46995008,49.33220937579591,8.583980121617909,0,1,6196.44,0.1159883,2,1,false,false,-2.8281658,5.8965726,9.705231,-2.5995872,3
26.592697,0.47004843,49.33220730765251,8.583975031576372,0,1,6213.379,0.14462104,2,1,false,false,-1.8550948,5.9597664,9.497668,-2.5980706,3
26.694302,0.47014722,49.33220514978072,8.583969803829982,0,1,6220.8037,0.17907813,2,1,false,false,-0.72303915,6.0674014,9.878552,-2.5964515,3
26.794798,0.47024646,49.33220299190892,8.583964576083593,0,1,6227.231,0.2147499,2,1,false,false,0.32552868,5.8807163,9.662554,-2.5946307,3
26.892439,0.47034594,49.332200833762734,8.583959348337205,0,1,6246.47,0.23755978,2,1,false,false,1.2085404,5.6927867,10.167506,-2.5925474,3
26.987207,0.47044587,49.332198675890936,8.583954120590814,0,1,6279.278,0.24605225,2,1,false,false,1.7582074,5.5223136,9.831873,-2.5901597,3
27.08069,0.47054613,49.332196518019146,8.583948892844425,0,1,6314.4507,0.2407135,2,1,false,false,2.1375227,5.541026,9.740877,-2.5874946,3
27.174212,0.4706468,49.33219435987296,8.583943665098037,0,1,6341.932,0.22251475,2,1,false,false,2.3786864,5.5252595,9.359418,-2.5846226,3
27.268389,0.4707478,49.33219220200116,8.583938437351646,0,1,6363.649,0.19460824,2,1,false,false,2.3099897,5.5993214,9.594888,-2.5816383,3
27.363214,0.4708492,49.33218995412658,8.583933209605258,0,1,6386.152,0.15602577,2,1,false,false,2.2872272,5.593866,9.613758,-2.5786507,3
27.45875,0.47095072,49.332187796254786,8.583927844154017,0,1,6408.858,0.11234748,2,1,false,false,2.1272912,5.7074885,9.838161,-2.5757756,3
27.55474,0.47105253,49.3321855483802,8.583922479542439,0,1,6426.0894,0.068428114,2,1,false,false,1.9318519,5.685722,9.665005,-2.5731533,3
27.65053,0.47115466,49.33218330050562,8.58391725179605,0,1,6439.349,0.022566333,2,1,false,false,1.5844035,5.6706142,9.192076,-2.570887,3
27.745401,0.47125718,49.332181052631036,8.583911886344808,0,1,6456.709,-0.018199265,2,1,false,false,1.2625252,5.5433974,9.027559,-2.5690439,3
27.838867,0.4713601,49.33217880475645,8.583906520893567,0,1,6481.1587,-0.04950069,2,1,false,false,1.0619749,5.511501,9.376439,-2.567658,3
27.9319,0.4714633,49.33217655688187,8.583901155442327,0,1,6507.3843,-0.06794204,2,1,false,false,1.0502303,5.4669547,9.521077,-2.5667248,3
28.024315,0.47156677,49.332174309007286,8.583895790830748,0,1,6528.597,-0.07279425,2,1,false,false,1.0266013,5.49492,10.711266,-2.5662029,3
28.117832,0.47167036,49.33217197112991,8.583890287674656,0,1,6547.215,-0.06818415,2,1,false,false,1.034076,5.5099707,10.51486,-2.5660162,3
28.210533,0.47177428,49.332169723255326,8.583884922223415,0,1,6565.6367,-0.051926315,2,1,false,false,1.0289731,5.4528995,10.120116,-2.5660858,3
28.302444,0.47187856,49.33216738537795,8.583879419906985,0,1,6588.7256,-0.031787485,2,1,false,false,1.1116061,5.4062467,9.002537,-2.5663102,3
28.393759,0.47198316,49.33216513750337,8.583874054455745,0,1,6614.8315,-0.008007867,2,1,false,false,1.1923071,5.406527,8.683965,-2.5666018,3
28.485125,0.47208813,49.33216279990039,8.58386855129965,0,1,6637.1514,0.014073349,2,1,false,false,1.180099,5.432147,8.380231,-2.5668669,3
28.57973,0.4721934,49.33216046202302,8.583863048983222,0,1,6651.4746,0.032029584,2,1,false,false,1.4019432,5.624422,9.16066,-2.5670452,3
28.674595,0.472299,49.33215812414564,8.58385754582713,0,1,6654.2705,0.045375712,2,1,false,false,1.5677967,5.5801444,9.706482,-2.5670762,3
28.768652,0.47240493,49.332155786542664,8.5838520435107,0,1,6658.5,0.05241239,2,1,false,false,1.6073086,5.4728413,9.844585,-2.5669289,3
28.85777,0.4725112,49.3321533586625,8.583846540354607,0,1,6678.6187,0.05386869,2,1,false,false,1.3501807,5.133807,9.652766,-2.5666096,3
28.943207,0.4726178,49.332151020785126,8.583841037198514,0,1,6718.352,0.051927246,2,1,false,false,1.2578583,4.9051113,9.968076,-2.5661724,3
29.025915,0.47272474,49.33214868318215,8.583835397177232,0,1,6764.713,0.045860834,2,1,false,false,1.0448301,4.8357134,9.633686,-2.5656488,3
29.11019,0.47283193,49.332146255301986,8.58382989402114,0,1,6803.348,0.038824167,2,1,false,false,1.0413314,5.0449014,9.556566,-2.565089,3
29.198675,0.47293943,49.332143827696214,8.583824253999857,0,1,6824.6543,0.030331168,2,1,false,false,0.9092338,5.2951374,9.647149,-2.5645213,3
29.29009,0.47304726,49.332141489818845,8.583818613138913,0,1,6829.3706,0.023779627,2,1,false,false,1.1343215,5.417952,10.32894,-2.5639825,3
29.383322,0.47315544,49.33213906221307,8.583812973117631,0,1,6831.2764,0.018926488,2,1,false,false,0.93071246,5.570819,11.121654,-2.5634751,3
29.478033,0.4732639,49.33213663460731,8.58380733309635,0,1,6835.295,0.016985985,2,1,false,false,1.0809015,5.560026,11.4304495,-2.5630128,3
29.57126,0.47337276,49.33213420672714,8.583801692235406,0,1,6838.0864,0.01674295,2,1,false,false,1.002182,5.482366,9.154341,-2.5625687,3
29.661995,0.47348195,49.332131779121376,8.583796052214124,0,1,6845.299,0.017470162,2,1,false,false,1.0101786,5.2664676,7.737411,-2.5621545,3
29.749043,0.47359142,49.33212926151282,8.58379041135318,0,1,6864.051,0.019654647,2,1,false,false,0.9295194,5.0761967,7.1487927,-2.5617616,3
29.834522,0.4737012,49.332126833907054,8.583784633627047,0,1,6892.749,0.022324245,2,1,false,false,0.9270411,4.996683,6.6573935,-2.5613763,3
29.919313,0.47381127,49.332124406026885,8.583778993605765,0,1,6917.3574,0.024507783,2,1,false,false,0.74082035,5.0106835,7.8546977,-2.560991,3
30.002182,0.47392163,49.33212188841833,8.583773215039969,0,1,6932.858,0.026206188,2,1,false,false,1.0911163,4.5392613,10.175732,-2.5606236,3
30.073887,0.47403234,49.33211937080977,8.583767437313835,0,1,6963.8657,0.027419476,2,1,false,false,1.3008151,4.013628,13.479493,-2.560209,3
30.144743,0.47414327,49.33211694320401,8.583761797292555,0,1,7043.139,0.02838973,2,1,false,false,1.1621672,4.0673943,12.228788,-2.5597079,3
30.216648,0.4742544,49.33211442559545,8.583756018726758,0,1,7125.106,0.027662512,2,1,false,false,0.9282676,4.2126703,10.50544,-2.5591521,3
30.291477,0.4743658,49.332111907986885,8.583750241000624,0,1,7162.5625,0.024021719,2,1,false,false,0.7613715,4.6438375,8.996244,-2.5586026,3
30.378279,0.47447753,49.33210939037833,8.583744463274492,0,1,7166.0815,0.016742948,2,1,false,false,0.9010701,5.4241323,8.245512,-2.5580716,3
30.48704,0.4745896,49.33210687276977,8.583738547843506,0,1,7136.7744,0.0067945793,2,1,false,false,1.1779974,6.7915196,9.847238,-2.5575652,3
30.597239,0.47470206,49.33210435516121,8.58373276927771,0,1,7047.897,-0.0067945807,2,1,false,false,1.1011783,6.4971104,10.961137,-2.5571856,3
30.704391,0.47481492,49.33210174754986,8.583726853846725,0,1,6965.0103,-0.021353053,2,1,false,false,0.81747603,6.114524,11.576275,-2.5569983,3
30.79628,0.4749281,49.332099229941306,8.583721076120591,0,1,6955.212,-0.037610877,2,1,false,false,0.3539058,4.9537086,11.729713,-2.556988,3
30.87006,0.47504163,49.33209671233275,8.583715160689607,0,1,7020.0596,-0.054595917,2,1,false,false,0.08492693,3.9860747,10.930052,-2.5571477,3
30.934868,0.47515535,49.3320941047214,8.583709245258621,0,1,7111.3843,-0.07012558,2,1,false,false,-0.21021798,3.7379243,10.365401,-2.5574691,3
31.0003,0.47526935,49.332091497110056,8.583703329827637,0,1,7179.8555,-0.082015365,2,1,false,false,-0.5079426,3.9422364,9.899299,-2.5579534,3
31.07265,0.4753836,49.33208897950149,8.583697413556989,0,1,7214.842,-0.090750456,2,1,false,false,-0.621402,4.448886,9.8147135,-2.5586011,3
31.15042,0.47549808,49.33208637216455,8.583691498126003,0,1,6960.0557,-0.09705898,2,1,false,false,-0.9165579,4.483916,9.664887,-2.5593936,3
31.18906,0.47561282,49.3320837645532,8.583685582695018,0,1,6735.1025,-0.0951185,0,1,false,false,-0.7278266,0.11043282,8.831439,-2.5603395,3
31.182676,0.47572756,49.33208124694464,8.58367952955918,0,1,6603.6245,-0.08735367,3,1,false,false,-0.91048247,-0.58847934,9.445842,-2.561369,3
31.246897,0.47584236,49.33207863933329,8.583673614128196,0,1,5963.281,-0.07400752,3,1,false,false,-0.92275274,6.3701363,10.571339,-2.56249,3
31.370855,0.47595754,49.33207603172194,8.58366769869721,0,1,5707.807,-0.060177207,3,1,false,false,-0.7494339,7.4059134,9.993621,-2.5637202,3
31.472939,0.47607315,49.332073424384994,8.583661645561374,0,1,5757.361,-0.0456178,3,1,false,false,-0.7432729,4.8514776,9.395462,-2.5649338,3
31.54132,0.47618908,49.332070816773644,8.583655592425538,0,1,5857.7124,-0.0334859,3,1,false,false,-0.7195986,3.859984,9.746298,-2.5660083,3
31.613693,0.47630525,49.332068209162294,8.5836495392897,0,1,5885.165,-0.023779621,3,1,false,false,-0.6982073,4.592417,9.831151,-2.5669136,3
31.696857,0.47642165,49.332065601550944,8.583643486153864,0,1,5864.084,-0.018442294,3,1,false,false,-0.6317724,5.025801,9.797266,-2.5676608,3
31.781254,0.47653845,49.33206299421399,8.583637433018026,0,1,5856.9795,-0.01868345,3,1,false,false,-0.7059382,4.8989167,9.839858,-2.5682702,3
31.861,0.47665545,49.33206038660265,8.583631242177338,0,1,5880.565,-0.023051463,3,1,false,false,-0.7078098,4.5730596,9.725434,-2.56878,3
31.937706,0.4767728,49.3320577789913,8.583625189041502,0,1,5911.4287,-0.030574199,3,1,false,false,-0.77176845,4.533382,9.631364,-2.5692277,3
32.014866,0.4768904,49.332055171654346,8.583618999040477,0,1,5930.0054,-0.037368774,3,1,false,false,-0.83921355,4.5684185,9.484267,-2.569639,3
32.093956,0.47700828,49.332052564042996,8.58361294590464,0,1,5940.862,-0.045375712,3,1,false,false,-0.92298317,4.688896,9.550126,-2.5700564,3
32.17287,0.47712648,49.33204986642886,8.58360675506395,0,1,5953.7607,-0.051442124,3,1,false,false,-1.0556985,4.628979,9.759426,-2.5705135,3
32.25246,0.47724488,49.33204725909191,8.583600564223262,0,1,5970.485,-0.05362567,3,1,false,false,-0.99611247,4.6589017,9.761551,-2.571035,3
32.331036,0.47736368,49.33204465148056,8.583594373382573,0,1,5983.164,-0.053625666,3,1,false,false,-1.0521864,4.615391,9.689053,-2.5716052,3
32.40984,0.47748274,49.33204195414082,8.583588182541884,0,1,5995.9185,-0.050713032,3,1,false,false,-0.85988104,4.6288595,9.593582,-2.57222,3
32.488514,0.477602,49.33203934652947,8.583581854836007,0,1,6010.7974,-0.046103857,3,1,false,false,-0.8799182,4.6181207,9.771309,-2.5728445,3
32.56678,0.4777216,49.33203664918973,8.583575663995319,0,1,6025.383,-0.040037446,3,1,false,false,-0.8098036,4.639069,9.344918,-2.5734694,3
32.645687,0.47784147,49.33203404157838,8.583569335449779,0,1,6038.156,-0.034213115,3,1,false,false,-0.7063892,4.618268,9.342119,-2.5740752,3
32.72354,0.47796166,49.33203134396424,8.583563145448753,0,1,6049.0073,-0.030816298,3,1,false,false,-0.8079306,4.608706,9.929,-2.5746422,3
32.801563,0.47808212,49.3320286466245,8.583556816903213,0,1,6063.8687,-0.028874855,3,1,false,false,-0.6844611,4.5588846,9.73932,-2.5751996,3
32.879116,0.4782029,49.33202603901315,8.583550488357671,0,1,6080.047,-0.030088138,3,1,false,false,-0.69527155,4.565296,10.105372,-2.575733,3
32.95594,0.47832412,49.33202334167341,8.583544160651796,0,1,6094.2085,-0.033971015,3,1,false,false,-0.8162717,4.4893394,10.0669155,-2.5762448,3
33.033043,0.47844565,49.33202064405927,8.583537694401404,0,1,6109.9097,-0.038581118,3,1,false,false,-0.7746186,4.5282288,9.678937,-2.5767696,3
33.11076,0.47856745,49.33201794671953,8.583531366695526,0,1,6125.9487,-0.0436773,3,1,false,false,-0.84116054,4.590549,10.008654,-2.5772915,3
33.188957,0.47868952,49.332015249379786,8.583525038149986,0,1,6134.833,-0.047559235,3,1,false,false,-0.91402435,4.593287,10.027247,-2.577815,3
33.267513,0.47881192,49.33201255176565,8.583518571899592,0,1,6140.9146,-0.049742784,3,1,false,false,-0.98508334,4.625874,10.276996,-2.5783536,3
33.345604,0.47893456,49.332009854425905,8.583512106488865,0,1,6150.1577,-0.05022884,3,1,false,false,-0.93601793,4.5897226,10.345179,-2.5789173,3
33.422615,0.4790575,49.33200715681177,8.58350564023847,0,1,6162.529,-0.047316212,3,1,false,false,-0.96397245,4.4676175,10.179619,-2.579499,3
33.49816,0.47918063,49.332004459472024,8.583499174827743,0,1,6178.454,-0.042220976,3,1,false,false,-0.88951474,4.498079,8.960149,-2.580093,3
33.574234,0.47930413,49.33200176199509,8.583492709417014,0,1,6195.4897,-0.033242866,3,1,false,false,-0.7299864,4.420004,8.910025,-2.5806763,3
33.649307,0.47942787,49.33199906465535,8.583486243166622,0,1,6208.076,-0.02475081,3,1,false,false,-0.61134154,4.4553623,9.787397,-2.581212,3
33.72509,0.47955182,49.331996367178405,8.583479777755892,0,1,6221.62,-0.015529667,3,1,false,false,-0.47184557,4.3988433,10.570433,-2.581686,3
33.800053,0.47967607,49.33199366970147,8.583473173800648,0,1,6236.1445,-0.0063094525,3,1,false,false,-0.2735965,4.4000616,10.427112,-2.5820842,3
33.87213,0.4798006,49.331990972224524,8.583466708389919,0,1,6255.7065,0.0014553788,3,1,false,false,-0.3139177,4.190522,9.330122,-2.5824046,3
33.94393,0.4799254,49.33198818488199,8.583460104434675,0,1,6285.6304,0.007036673,3,1,false,false,-0.2318292,4.221986,9.588093,-2.5826652,3
34.017918,0.48005044,49.331985487405056,8.583453501319095,0,1,6310.3267,0.010676526,3,1,false,false,-0.14041862,4.4418206,9.8767185,-2.5828602,3
34.096245,0.48017573,49.33198270006252,8.583446898203514,0,1,6312.583,0.012374935,3,1,false,false,-0.070544004,4.729036,10.034257,-2.5829697,3
34.176678,0.48030126,49.33198000258558,8.58344029424827,0,1,6298.7266,0.013830314,3,1,false,false,0.08957419,4.680967,9.846641,-2.5829911,3
34.254147,0.48042712,49.33197721524305,8.583433691132688,0,1,6295.5503,0.014801504,3,1,false,false,-0.095484585,4.464407,9.82047,-2.5829213,3
34.32861,0.4805533,49.331974517766106,8.583427088017109,0,1,6317.81,0.015772698,3,1,false,false,0.05448982,4.329564,9.671678,-2.5828056,3
34.401093,0.4806797,49.331971730423575,8.583420484901527,0,1,6341.83,0.016985983,3,1,false,false,0.28930062,4.2350063,9.978152,-2.5826523,3
34.47344,0.48080635,49.331968943081044,8.583413743241431,0,1,6354.8457,0.01892648,3,1,false,false,0.20538709,4.2593412,9.870977,-2.582432,3
34.546394,0.48093322,49.33196615573851,8.58340714012585,0,1,6367.428,0.022566333,3,1,false,false,0.34231117,4.2888823,10.107281,-2.5821702,3
34.619194,0.48106036,49.331963458261576,8.583400399305418,0,1,6385.771,0.025721062,3,1,false,false,0.41059613,4.261383,10.338633,-2.581874,3
34.691418,0.48118776,49.33196067091904,8.583393658484985,0,1,6403.0713,0.029603014,3,1,false,false,0.5530616,4.241764,10.220112,-2.5815246,3
34.764137,0.48131546,49.33195788357651,8.583386917664553,0,1,6417.5103,0.03421312,3,1,false,false,0.7189048,4.294311,9.968032,-2.5811293,3
34.837418,0.4814434,49.331955096233976,8.583380176004457,0,1,6430.0947,0.038095992,3,1,false,false,0.5849625,4.368134,9.6251955,-2.580682,3
34.911697,0.4815716,49.33195221888865,8.583373435184024,0,1,6438.813,0.043191236,3,1,false,false,0.86838824,4.333599,9.524966,-2.5802102,3
34.98564,0.4817,49.33194943154612,8.583366694363592,0,1,6444.552,0.046832018,3,1,false,false,0.9926598,4.3659115,10.385407,-2.5797033,3
35.05927,0.48182878,49.33194664420359,8.583359953543159,0,1,6453.8213,0.050228838,3,1,false,false,1.0775647,4.3218994,10.093764,-2.5791461,3
35.131214,0.48195773,49.33194376685827,8.583353212722727,0,1,6466.083,0.053868692,3,1,false,false,1.2597153,4.162946,9.926126,-2.5785415,3
35.201088,0.482087,49.331940979515736,8.583346334197442,0,1,6483.8716,0.055081993,3,1,false,false,1.2571473,4.0940237,10.21938,-2.5778856,3
35.27054,0.48221645,49.33193810230761,8.58333959337701,0,1,6507.6694,0.055567104,3,1,false,false,1.3656012,4.1192865,10.017073,-2.5771768,3
35.341625,0.48234612,49.33193531482788,8.583332714851725,0,1,6525.275,0.05362566,3,1,false,false,1.4805224,4.2100835,10.671023,-2.5764167,3
35.413353,0.48247612,49.331932437619756,8.583325836326441,0,1,6531.195,0.04998582,3,1,false,false,1.3840148,4.291423,10.250798,-2.5756223,3
35.485813,0.48260635,49.33192956027443,8.583319094666345,0,1,6537.573,0.046832025,3,1,false,false,1.441828,4.2762694,9.852639,-2.5748248,3
35.558228,0.48273683,49.331926683066314,8.58331221614106,0,1,6548.272,0.042220987,3,1,false,false,1.4316103,4.250999,10.328595,-2.5740464,3
35.62952,0.48286757,49.33192380572099,8.583305337615776,0,1,6558.6074,0.038338102,3,1,false,false,1.3853731,4.238577,9.796579,-2.5733063,3
35.701084,0.4829986,49.331920928512865,8.583298459090491,0,1,6567.9966,0.0354264,3,1,false,false,1.4948353,4.1959863,9.420801,-2.572616,3
35.77128,0.48312983,49.33191805116754,8.583291580565207,0,1,6576.8237,0.03372892,3,1,false,false,1.463428,4.1153555,10.1822195,-2.5719686,3
35.840122,0.48326135,49.33191508395663,8.583284702039922,0,1,6592.4883,0.033728927,3,1,false,false,1.4527864,4.053041,10.398048,-2.5713534,3
35.908756,0.48339313,49.331912206748505,8.58327768664945,0,1,6612.9473,0.03469917,3,1,false,false,1.5531247,4.0365252,10.255252,-2.5707555,3
35.97654,0.48352525,49.33190923953759,8.583270808124166,0,1,6629.0723,0.035669424,3,1,false,false,1.4042957,3.9916298,9.762098,-2.5701616,3
36.044037,0.48365772,49.331906362192264,8.58326392959888,0,1,6645.458,0.036397584,3,1,false,false,1.477661,4.022337,10.053857,-2.5695665,3
36.113598,0.48379046,49.33190339511855,8.583256913368745,0,1,6662.996,0.03639759,3,1,false,false,1.6260542,4.152733,10.2833805,-2.5689535,3
36.18433,0.48392347,49.33190042790764,8.583250034843461,0,1,6668.7607,0.034941286,3,1,false,false,1.538047,4.2118726,9.958093,-2.5683308,3
36.255417,0.4840567,49.33189746069672,8.583243018613324,0,1,6667.7705,0.03251564,3,1,false,false,1.4801338,4.1987557,10.079582,-2.5677207,3
36.325172,0.48419026,49.33189449348581,8.583236002383188,0,1,6674.65,0.02887579,3,1,false,false,1.3999078,4.098144,9.697346,-2.56714,3
36.393917,0.48432404,49.331891526274894,8.583229123857903,0,1,6691.7075,0.02256634,3,1,false,false,1.3922726,4.0501533,10.307862,-2.5665936,3
36.461433,0.48445803,49.33188855906398,8.583222107627767,0,1,6705.018,0.016985979,3,1,false,false,1.4531833,3.9715958,10.369629,-2.566083,3
36.52869,0.4845923,49.331885591853066,8.58321509139763,0,1,6715.896,0.011404684,3,1,false,false,1.2628213,4.002414,10.028241,-2.565611,3
36.596004,0.48472682,49.33188262464215,8.583208076007159,0,1,6730.9478,0.006065484,3,1,false,false,1.0892782,3.971917,9.826513,-2.5651908,3
36.66208,0.4848616,49.33187956756564,8.583201059777021,0,1,6747.026,0.0024265694,3,1,false,false,1.0959952,3.9010906,9.770496,-2.5648425,3
36.729034,0.48499662,49.33187660035473,8.583194043546886,0,1,6762.8945,0.0004851258,3,1,false,false,1.023869,4.0092983,9.764502,-2.564559,3
36.796566,0.48513186,49.33187354327823,8.583186889611897,0,1,6772.9707,0.00024303223,3,1,false,false,0.9733653,4.005776,10.137495,-2.5643342,3
36.863873,0.48526734,49.33187057606731,8.583179873381761,0,1,6779.601,0.0019414426,3,1,false,false,1.0230523,3.9725018,10.335047,-2.5641625,3
36.930786,0.48540312,49.331867518990805,8.583172720286436,0,1,6792.0596,0.0041249786,3,1,false,false,1.0604818,3.972361,10.071527,-2.5640173,3
36.997154,0.4855391,49.3318644619143,8.5831657040563,0,1,6807.4434,0.0070366734,3,1,false,false,0.9690834,3.917107,9.960398,-2.5638766,3
37.062935,0.4856753,49.3318614047006,8.583158550121311,0,1,6819.4653,0.008249959,3,1,false,false,0.9190032,3.902292,9.225826,-2.5637398,3
37.129597,0.48581183,49.331858347624085,8.583151533891176,0,1,6830.736,0.00849205,3,1,false,false,0.9272221,3.9808059,9.786155,-2.563604,3
37.196594,0.4859485,49.33185529054758,8.58314438079585,0,1,6839.0854,0.008735082,3,1,false,false,0.9089352,3.968467,10.245235,-2.5634727,3
37.262684,0.48608544,49.331852233471075,8.583137226860863,0,1,6845.9487,0.008249956,3,1,false,false,0.9003235,3.883107,9.500058,-2.563341,3
37.32776,0.48622268,49.33184917625737,8.583130072925874,0,1,6859.1587,0.006065483,3,1,false,false,0.892704,3.8023198,10.006066,-2.563211,3
37.39107,0.4863601,49.33184611918087,8.58312291983055,0,1,6878.7314,0.0024265694,3,1,false,false,0.75496256,3.765594,10.126271,-2.5630832,3
37.454964,0.48649782,49.33184297223877,8.583115765895561,0,1,6898.044,-0.0012132847,3,1,false,false,0.6385783,3.8201957,9.867546,-2.562966,3
37.52005,0.48663574,49.331839915025064,8.583108611960574,0,1,6908.0854,-0.0053382637,3,1,false,false,0.6145432,3.8567872,9.347367,-2.562885,3
37.5855,0.48677388,49.33183685794855,8.583101458865249,0,1,6914.0264,-0.009706275,3,1,false,false,0.45342743,3.9304624,9.452463,-2.5628467,3
37.651634,0.48691222,49.33183371100646,8.58309416722541,0,1,6922.5796,-0.013103097,3,1,false,false,0.4674684,3.8950012,9.954194,-2.5628605,3
37.717003,0.48705092,49.33183056392716,8.58308701329042,0,1,6930.466,-0.01625782,3,1,false,false,0.35492975,3.8601954,10.254266,-2.5629199,3
37.781116,0.48718974,49.33182750685066,8.583079722490245,0,1,6939.4297,-0.019412547,3,1,false,false,0.22459388,3.7534392,10.533226,-2.563028,3
37.84365,0.48732886,49.33182435977136,8.583072568555256,0,1,6955.2705,-0.022809366,3,1,false,false,0.23758972,3.6657808,10.492495,-2.5631857,3
37.90656,0.48746824,49.33182121282926,8.58306527775508,0,1,6975.9463,-0.025478033,3,1,false,false,0.114768386,3.7611144,9.996431,-2.5633862,3
37.970467,0.48760778,49.33181815561556,8.58305798611524,0,1,6987.0664,-0.028390665,3,1,false,false,0.07465416,3.8375056,10.279006,-2.5636234,3
38.03541,0.48774758,49.33181500867346,8.583050695315064,0,1,6988.2437,-0.02960395,3,1,false,false,-0.13199022,3.892703,10.517133,-2.5638967,3
38.101273,0.48788762,49.33181186159416,8.583043403675223,0,1,6990.1743,-0.030574204,3,1,false,false,-0.09135997,3.8803313,10.440858,-2.5642216,3
38.16641,0.48802796,49.331808714514864,8.583036112875048,0,1,6996.0776,-0.031059323,3,1,false,false,-0.16419274,3.8155744,10.534876,-2.5645816,3
38.227955,0.48816848,49.331805567572765,8.583028821235207,0,1,7005.486,-0.031059327,3,1,false,false,-0.18329361,3.6431928,10.350478,-2.5649717,3
38.289345,0.48830917,49.33180242049347,8.583021530435031,0,1,7024.851,-0.031059327,3,1,false,false,-0.2240431,3.6038382,10.041351,-2.5653672,3
38.35052,0.48845017,49.33179927355137,8.583014101090338,0,1,7042.073,-0.029603949,3,1,false,false,-0.3026231,3.6555948,10.249096,-2.5657818,3
38.412277,0.4885914,49.33179612647207,8.583006810290163,0,1,7050.6943,-0.027420409,3,1,false,false,-0.33687857,3.7109141,9.608134,-2.5662205,3
38.474022,0.4887328,49.331792889527186,8.58299938094547,0,1,7057.93,-0.024022657,3,1,false,false,-0.25310072,3.6712132,9.672545,-2.566665,3
38.53534,0.48887447,49.33178974258509,8.582992090145295,0,1,7071.0396,-0.020139765,3,1,false,false,-0.27816555,3.6233487,9.861279,-2.5670981,3
38.596436,0.48901638,49.33178659550579,8.582984660800602,0,1,7086.204,-0.015529666,3,1,false,false,-0.23595989,3.6514258,9.732053,-2.5674999,3
38.6564,0.48915845,49.33178344842649,8.582977232295574,0,1,7096.9556,-0.009706275,3,1,false,false,-0.16963845,3.5460618,9.590728,-2.5678513,3
38.71546,0.4893008,49.33178021148161,8.582969803790546,0,1,7111.2505,-0.0031537889,3,1,false,false,-0.13657379,3.5147552,9.340708,-2.5681424,3
38.775196,0.48944333,49.33177706453951,8.582962374445854,0,1,7131.648,0.0031547276,3,1,false,false,-0.08126575,3.5800025,10.414569,-2.5683699,3
38.83534,0.48958606,49.33177391746021,8.582954945940825,0,1,7143.603,0.008735085,3,1,false,false,-0.045578927,3.5933683,10.853189,-2.568527,3
38.896362,0.48972905,49.33177068051532,8.582947517435798,0,1,7147.818,0.013830314,3,1,false,false,0.05716476,3.6598182,10.041593,-2.568609,3
38.957775,0.48987225,49.33176753357323,8.582940088091105,0,1,7154.677,0.018198326,3,1,false,false,0.19143331,3.647163,9.807862,-2.5686069,3
39.019245,0.49001575,49.331764296628336,8.582932521881226,0,1,7164.135,0.021595143,3,1,false,false,0.24577096,3.710279,10.535752,-2.5685153,3
39.08059,0.49015936,49.33176105968345,8.582925093376197,0,1,7168.554,0.023294494,3,1,false,false,0.24928251,3.6809967,9.808275,-2.568344,3
39.142292,0.49030328,49.331757912604154,8.582917526326654,0,1,7169.5854,0.023537526,3,1,false,false,0.4743164,3.6188204,10.274829,-2.5681083,3
39.20214,0.4904474,49.33175467565926,8.582910097821625,0,1,7175.294,0.022566333,3,1,false,false,0.6569034,3.5449526,10.749,-2.5678194,3
39.2602,0.49059168,49.33175143871438,8.582902531611746,0,1,7191.382,0.020139765,3,1,false,false,0.39004424,3.4770184,10.171841,-2.5674765,3
39.316742,0.49073622,49.331748201769486,8.582894965401865,0,1,7209.4834,0.016742952,3,1,false,false,0.42620403,3.3297946,8.875516,-2.567132,3
39.373848,0.490881,49.331744964824594,8.582887399191984,0,1,7226.5933,0.01286006,3,1,false,false,0.50908136,3.447168,9.794174,-2.566795,3
39.430756,0.49102598,49.33174172787971,8.58287983214244,0,1,6976.7505,0.008007863,3,1,false,false,0.41962963,3.1867158,10.43395,-2.5664701,3
39.438927,0.49117106,49.33173849093482,8.582872265932561,0,1,6839.019,0.0050952304,0,1,false,false,0.56486124,-0.5901442,9.901003,-2.5661855,3
39.444633,0.4913161,49.33173525398993,8.582864837427532,0,1,6358.035,0.0038819474,4,1,false,false,0.419823,2.9127395,10.713838,-2.5659506,3
39.546764,0.49146143,49.33173201704504,8.5828571335128,0,1,5575.8247,0.0038819467,4,1,false,false,0.5390163,7.0141835,10.150037,-2.5657933,3
39.633488,0.4916071,49.33172878010016,8.58284956730292,0,1,5724.027,0.005338263,4,1,false,false,0.60127205,3.0880156,9.367791,-2.5656662,3
39.66254,0.49175295,49.331725543292464,8.582842000253377,0,1,5946.147,0.0077648326,4,1,false,false,0.59436166,1.901108,10.337104,-2.5655494,3
39.717094,0.49189895,49.33172221634479,8.582834434043496,0,1,5877.0737,0.00922021,4,1,false,false,0.66369855,4.1273804,10.303346,-2.5654562,3
39.790836,0.49204522,49.331718979399895,8.582826730128764,0,1,5779.479,0.0097062765,4,1,false,false,0.73508227,4.3080587,9.62895,-2.5653472,3
39.85131,0.49219173,49.33171574245501,8.582819163918884,0,1,5819.69,0.00849205,4,1,false,false,0.6367609,3.1997771,9.564951,-2.5652065,3
39.90177,0.49233836,49.33171241564453,8.582811460004152,0,1,5880.7114,0.0063085156,4,1,false,false,0.587371,3.088703,10.455355,-2.565058,3
39.95851,0.49248528,49.33170917869964,8.582803893794273,0,1,5875.43,0.0036389153,4,1,false,false,0.5785871,3.5693595,11.151405,-2.5649123,3
40.018814,0.4926324,49.33170585188916,8.58279618987954,0,1,5857.1074,0.002911695,4,1,false,false,0.7098768,3.6049833,10.725741,-2.564779,3
40.076103,0.49277967,49.331702524941484,8.582788485964809,0,1,5877.2544,0.0021835363,4,1,false,false,0.5666245,3.3486037,9.499969,-2.5646513,3
40.13261,0.4929272,49.33169928799659,8.582780782050076,0,1,5901.449,0.0016984104,4,1,false,false,0.4876623,3.4084487,9.227885,-2.5645363,3
40.19153,0.49307492,49.331695961186114,8.58277307729568,0,1,5897.5083,0.0016984104,4,1,false,false,0.55846286,3.6292813,9.811179,-2.5644412,3
40.25137,0.49322286,49.331692634375635,8.582765373380948,0,1,5889.303,0.0021835363,4,1,false,false,0.54611826,3.6028218,9.422972,-2.5643556,3
40.308334,0.49337104,49.33168930742795,8.582757669466217,0,1,5899.423,0.0031547265,4,1,false,false,0.49522215,3.2702537,8.386706,-2.564264,3
40.361206,0.49351943,49.33168598061747,8.582749965551484,0,1,5923.44,0.0043680104,4,1,false,false,0.5430287,3.127801,9.699181,-2.5641668,3
40.4147,0.49366796,49.33168265380699,8.582742261636753,0,1,5947.6265,0.0050952304,4,1,false,false,0.591105,3.2861712,10.999943,-2.5640662,3
40.47044,0.4938167,49.331679326859316,8.58273455772202,0,1,5957.8535,0.005095231,4,1,false,false,0.5644135,3.3813307,10.605969,-2.5639486,3
40.526493,0.4939657,49.33167600004883,8.582726716102437,0,1,5963.281,0.005095231,4,1,false,false,0.6097859,3.3196054,9.263959,-2.5638268,3
40.585487,0.49411488,49.33167267323835,8.582719012187704,0,1,5977.6206,0.005095231,4,1,false,false,0.6421941,3.625631,10.160747,-2.5636895,3
40.646736,0.49426427,49.33166934642787,8.582711170568121,0,1,5972.174,0.005824328,4,1,false,false,0.6241685,3.7807097,10.386046,-2.5635443,3
40.708725,0.49441388,49.3316659296146,8.582703466653388,0,1,5951.7646,0.007036675,4,1,false,false,0.6475831,3.6727564,9.806413,-2.5633976,3
40.767002,0.4945638,49.33166260280412,8.582695625873468,0,1,5951.0913,0.008007863,4,1,false,false,0.56261826,3.3749099,9.837062,-2.5632563,3
40.8216,0.49471384,49.331659275856445,8.582687784253885,0,1,5973.877,0.009706272,4,1,false,false,0.60074747,3.2428086,10.475414,-2.5631335,3
40.87509,0.4948641,49.33165585918037,8.5826799426343,0,1,5990.0566,0.01164678,4,1,false,false,0.5666884,3.2500134,10.324598,-2.563011,3
40.928577,0.49501458,49.33165253223269,8.582672101014717,0,1,5997.9995,0.013588223,4,1,false,false,0.74220043,3.1875546,9.642358,-2.5628948,3
40.98273,0.49516523,49.33164911555662,8.582664259395132,0,1,6015.4907,0.015043599,4,1,false,false,0.769255,3.2269673,9.44511,-2.5627651,3
41.037277,0.4953161,49.33164569874335,8.58265641777555,0,1,6032.5015,0.016499916,4,1,false,false,0.75586957,3.332135,9.365262,-2.5626118,3
41.09295,0.49546716,49.331642371932865,8.582648576155965,0,1,6037.7036,0.017470172,4,1,false,false,0.7153947,3.3959556,9.775645,-2.562431,3
41.149387,0.49561837,49.331638955119594,8.582640734536382,0,1,6041.392,0.017956229,4,1,false,false,0.75436413,3.3970819,9.569819,-2.5622258,3
41.20597,0.4957699,49.33163553830633,8.582632893756461,0,1,6049.858,0.018198324,4,1,false,false,0.7174368,3.3730404,9.558503,-2.561996,3
41.26151,0.49592155,49.33163212149306,8.582624914432024,0,1,6057.056,0.018441357,4,1,false,false,0.68623245,3.336497,10.259619,-2.5617511,3
41.317055,0.49607342,49.331628704816985,8.582617072812441,0,1,6065.1763,0.017956236,4,1,false,false,0.786987,3.3789856,10.4206085,-2.5614944,3
41.373055,0.49622554,49.331625288003714,8.582609231192857,0,1,6072.4644,0.017713202,4,1,false,false,0.9557346,3.3563342,9.975884,-2.56122,3
41.428936,0.49637786,49.33162187119044,8.582601251868422,0,1,6076.9272,0.017228078,4,1,false,false,0.85947126,3.3634524,9.730913,-2.5609252,3
41.485474,0.49653038,49.33161845451437,8.58259327338365,0,1,6082.4575,0.015529666,4,1,false,false,0.76664823,3.4221509,10.35212,-2.5606189,3
41.541546,0.49668306,49.3316150377011,8.582585431764066,0,1,6084.962,0.012860061,4,1,false,false,0.8331114,3.3711472,10.487777,-2.5603158,3
41.596752,0.49683604,49.33161153102223,8.58257745243963,0,1,6089.6978,0.008735082,4,1,false,false,0.8298096,3.2765944,10.588537,-2.5600152,3
41.65056,0.49698916,49.33160811420897,8.582569473115194,0,1,6101.316,0.0048521985,4,1,false,false,0.74159896,3.2192233,11.424685,-2.5597296,3
41.70427,0.4971425,49.331604697532896,8.582561494630422,0,1,6115.02,0.00048512575,4,1,false,false,0.7212762,3.275354,10.752107,-2.5594766,3
41.75873,0.49729598,49.33160119085403,8.582553515305985,0,1,6121.395,-0.0026696008,4,1,false,false,0.6015035,3.34482,9.811876,-2.5592728,3
41.813885,0.49744976,49.33159777404076,8.58254553598155,0,1,6124.381,-0.0053382637,4,1,false,false,0.56799954,3.372111,10.341066,-2.5591314,3
41.869812,0.49760368,49.3315942673619,8.582537556657115,0,1,6128.808,-0.0065515465,4,1,false,false,0.66665554,3.4210234,10.772472,-2.5590556,3
41.92503,0.49775776,49.331590760683035,8.582529578172343,0,1,6128.877,-0.0065515474,4,1,false,false,0.6363642,3.2818522,9.600064,-2.5590289,3
41.977272,0.49791214,49.331587343869764,8.582521598847906,0,1,6135.605,-0.005338264,4,1,false,false,0.44336578,3.0812206,9.53221,-2.5590398,3
42.028034,0.49806666,49.3315838371909,8.582513619523471,0,1,6160.2974,-0.0026696005,4,1,false,false,0.5422015,3.0894566,10.007637,-2.55909,3
42.079865,0.4982214,49.33158033051204,8.582505503333847,0,1,6177.5537,0.0002430323,4,1,false,false,0.5496278,3.1517797,8.988157,-2.5591483,3
42.13157,0.4983763,49.331576823833174,8.582497524009412,0,1,6180.4556,0.003396821,4,1,false,false,0.50134206,3.1445117,8.998147,-2.5592043,3
42.18406,0.49853137,49.331573317154316,8.582489406980123,0,1,6196.039,0.006308515,4,1,false,false,0.4354217,3.2022505,9.470026,-2.5592418,3
42.237297,0.4986867,49.33156981047545,8.58248142849535,0,1,6211.275,0.008735083,4,1,false,false,0.46317908,3.223564,9.721055,-2.5592554,3
42.29047,0.49884218,49.331566303796585,8.582473311466064,0,1,6212.146,0.010191401,4,1,false,false,0.527071,3.217329,9.181763,-2.5592432,3
42.344704,0.49899784,49.331562797117726,8.58246519527644,0,1,6219.5005,0.010191401,4,1,false,false,0.45844138,3.2675812,8.878927,-2.5592053,3
42.399063,0.49915376,49.33155929043886,8.582457215952005,0,1,6228.307,0.009706273,4,1,false,false,0.53203595,3.2504573,9.924004,-2.5591507,3
42.453133,0.49930984,49.33155578376,8.582449098922716,0,1,6230.048,0.007036672,4,1,false,false,0.44645378,3.3129148,10.687675,-2.559078,3
42.507397,0.49946615,49.33155227708114,8.582440982733093,0,1,6233.902,0.004124979,4,1,false,false,0.46817768,3.2645423,10.267615,-2.5590003,3
42.560646,0.4996226,49.331548680399486,8.582432865703804,0,1,6241.688,0.0009702516,4,1,false,false,0.3594544,3.2021244,9.730832,-2.5589156,3
42.61459,0.49977928,49.33154517372062,8.58242474951418,0,1,6249.89,-0.0016993489,4,1,false,false,0.42501166,3.283389,10.134072,-2.5588427,3
42.66962,0.4999362,49.33154166704176,8.582416632484893,0,1,6249.0996,-0.0046101045,4,1,false,false,0.34590694,3.3164256,10.223984,-2.5587852,3
42.723343,0.5000932,49.3315380704973,8.582408378590417,0,1,6246.2695,-0.0077648326,4,1,false,false,0.32615262,3.234456,10.684997,-2.5587504,3
42.77544,0.5002506,49.331534563818444,8.58240026156113,0,1,6257.444,-0.010677464,4,1,false,false,0.24896565,3.1052234,10.196365,-2.558733,3
42.826416,0.50040805,49.33153096727399,8.582392145371506,0,1,6273.415,-0.012861,4,1,false,false,0.22814511,3.0897038,9.572826,-2.558744,3
42.877605,0.5005657,49.33152737059233,8.582383890637367,0,1,6281.615,-0.015044537,4,1,false,false,0.08724126,3.118629,9.78481,-2.5587845,3
42.929733,0.50072354,49.331523863913475,8.582375774447742,0,1,6288.3047,-0.016257823,4,1,false,false,0.13946468,3.1896136,9.930858,-2.5588713,3
42.98167,0.5008816,49.331520267369015,8.582367519713603,0,1,6296.021,-0.016499914,4,1,false,false,0.070092335,3.1165862,9.210904,-2.5589907,3
43.03211,0.50103986,49.331516670687364,8.582359403523979,0,1,6305.8135,-0.01528663,4,1,false,false,0.015082747,3.0276885,9.363187,-2.5591385,3
43.082756,0.50119823,49.3315131640085,8.58235114878984,0,1,6321.427,-0.013831253,4,1,false,false,0.027642697,3.0780187,9.884249,-2.5593128,3
43.134113,0.50135684,49.331509567464046,8.582342894895364,0,1,6331.1387,-0.011647717,4,1,false,false,0.14554872,3.1258616,9.91263,-2.5595045,3
43.185516,0.5015156,49.331505970782395,8.582334640161225,0,1,6335.162,-0.008492992,4,1,false,false,0.064637825,3.1340466,9.222358,-2.559693,3
43.237537,0.50167465,49.33150237423794,8.582326386266748,0,1,6345.0156,-0.0060664215,4,1,false,false,0.06091857,3.1759627,9.799412,-2.5598788,3
43.290268,0.50183386,49.33149877769348,8.582318132372272,0,1,6352.0913,-0.004610105,4,1,false,false,0.118101895,3.2507343,10.061451,-2.560047,3
43.343742,0.50199324,49.33149518101183,8.582309877638133,0,1,6349.6235,-0.0038828854,4,1,false,false,0.1060988,3.2115552,10.011854,-2.5601814,3
43.395855,0.5021528,49.33149158446738,8.582301623743657,0,1,6350.31,-0.003882885,4,1,false,false,0.05927816,3.111797,9.788449,-2.5602846,3
43.44691,0.50231254,49.33148798778572,8.582293369009518,0,1,6364.305,-0.0050961683,4,1,false,false,0.00036111474,3.0988197,9.81419,-2.5603733,3
43.497543,0.50247246,49.33148439124127,8.58228497741019,0,1,6373.9854,-0.0067945803,4,1,false,false,-0.006709054,3.0661767,9.677687,-2.560461,3
43.54868,0.5026327,49.331480794696816,8.582276723515713,0,1,6376.9956,-0.008492989,4,1,false,false,0.0071683824,3.13144,9.479674,-2.5605474,3
43.599834,0.50279295,49.33147710814957,8.582268468781574,0,1,6383.8867,-0.009221149,4,1,false,false,0.07223542,3.066001,9.292147,-2.560637,3
43.649914,0.50295347,49.33147351146792,8.582260077182246,0,1,6393.7207,-0.009221149,4,1,false,false,-0.018070474,2.9974172,9.38439,-2.5607216,3
43.69919,0.5031141,49.33146991492346,8.58225168558292,0,1,6406.2188,-0.009221149,4,1,false,false,-0.03172779,2.9939542,9.698813,-2.5608099,3
43.74854,0.503275,49.331466228376215,8.582243431688443,0,1,6419.1343,-0.008735082,4,1,false,false,0.032966018,2.978152,9.367668,-2.560898,3
43.798214,0.503436,49.33146263183176,8.582235039249452,0,1,6429.041,-0.0070366743,4,1,false,false,0.045806825,2.9940126,9.468276,-2.560972,3
43.849094,0.5035973,49.33145903528731,8.582226647650124,0,1,6437.3594,-0.0050961683,4,1,false,false,0.07917726,3.098632,9.633007,-2.5610435,3
43.900936,0.5037587,49.331455348740064,8.582218256050796,0,1,6441.1333,-0.0024265694,4,1,false,false,0.049557805,3.1525538,10.05341,-2.5611086,3
43.952736,0.5039203,49.33145175205841,8.58220986445147,0,1,6441.428,0.0012132847,4,1,false,false,0.06635481,3.16549,10.056059,-2.5611598,3
44.00455,0.5040821,49.33144806564837,8.582201472012477,0,1,6444.7446,0.0053382637,4,1,false,false,0.20842731,3.1134193,10.044547,-2.5611866,3
44.055573,0.50424415,49.33144446896671,8.58219308041315,0,1,6449.131,0.009220209,4,1,false,false,0.3521308,3.0571601,10.56268,-2.5611763,3
44.106266,0.5044063,49.33144078241946,8.582184688813822,0,1,6454.3706,0.014801507,4,1,false,false,0.40940362,3.0374146,10.715452,-2.561125,3
44.15616,0.5045687,49.331437096009424,8.582176159509642,0,1,6460.8667,0.02013977,4,1,false,false,0.5327287,3.0216155,10.450239,-2.561025,3
44.205563,0.50473124,49.33143340946218,8.582167767910315,0,1,6469.5415,0.025235005,4,1,false,false,0.59256595,3.0395594,10.147616,-2.5608618,3
44.255707,0.50489396,49.33142981291772,8.582159375471322,0,1,6476.464,0.030331172,4,1,false,false,0.6491878,3.0596528,10.119376,-2.5606258,3
44.306118,0.5050569,49.331426126370474,8.582150846167144,0,1,6477.3228,0.033485893,4,1,false,false,0.80900705,3.052087,9.768093,-2.5603201,3
44.355556,0.50522,49.33142243982323,8.582142454567816,0,1,6480.758,0.035426408,4,1,false,false,0.8477069,2.9494843,9.8309965,-2.559947,3
44.40309,0.50538325,49.33141875327598,8.582133925263635,0,1,6494.2734,0.036397584,4,1,false,false,0.8693793,2.8841717,9.970716,-2.5595136,3
44.450367,0.5055467,49.33141506672874,8.582125533664309,0,1,6510.3535,0.03664062,4,1,false,false,0.9225716,2.862472,9.428169,-2.5590246,3
44.497692,0.50571036,49.3314113803187,8.582117004360128,0,1,6519.9165,0.03615456,4,1,false,false,0.990263,2.8874145,8.943544,-2.5584974,3
44.545895,0.50587416,49.33140769377145,8.582108474216286,0,1,6529.842,0.034699187,4,1,false,false,1.0279692,2.928976,8.701433,-2.5579405,3
44.59445,0.5060381,49.331403917358614,8.582099944912105,0,1,6539.3203,0.03299982,4,1,false,false,1.1118004,2.9215126,9.1392355,-2.5573616,3
44.642555,0.5062023,49.33140023081137,8.582091415607927,0,1,6546.8237,0.03227262,4,1,false,false,1.1167307,2.9261959,9.267736,-2.5567634,3
44.6907,0.50636667,49.33139654426412,8.582082886303747,0,1,6557.1836,0.03178655,4,1,false,false,1.2189521,2.9313436,9.71098,-2.5561569,3
44.739082,0.5065311,49.331392767851284,8.582074494704418,0,1,6566.8594,0.031544454,4,1,false,false,1.2697692,2.9526396,9.434411,-2.55554,3
44.78862,0.50669587,49.33138908130404,8.58206596540024,0,1,6572.405,0.031302363,4,1,false,false,1.4024366,3.0289445,9.793355,-2.5549119,3
44.838818,0.50686073,49.33138530489121,8.582057298391208,0,1,6573.037,0.03130236,4,1,false,false,1.5085046,3.0508745,9.975343,-2.5542774,3
44.889404,0.5070258,49.33138161848116,8.582048769087029,0,1,6573.459,0.03130236,4,1,false,false,1.5283791,3.0536761,9.86035,-2.5536523,3
44.93882,0.507191,49.33137784193112,8.582040239782849,0,1,6575.044,0.03154445,4,1,false,false,1.5464494,2.9620473,9.872328,-2.5530534,3
44.98758,0.50735646,49.33137406551828,8.582031710478669,0,1,6581.942,0.031544454,4,1,false,false,1.5715767,2.9616075,9.97648,-2.5524728,3
45.0358,0.50752205,49.33137037910824,8.58202318117449,0,1,6588.151,0.031302363,4,1,false,false,1.6383654,2.9013572,9.879695,-2.551902,3
45.083332,0.5076878,49.331366602558205,8.582014514165458,0,1,6593.7188,0.030331165,4,1,false,false,1.7418393,2.8604689,9.987819,-2.5513437,3
45.13033,0.5078538,49.331362826145366,8.58200598486128,0,1,6604.917,0.02838973,4,1,false,false,1.6690134,2.839581,10.63905,-2.5507863,3
45.17715,0.5080199,49.331359049732534,8.581997455557099,0,1,6616.143,0.025478031,4,1,false,false,1.5169997,2.8583975,10.198935,-2.5502253,3
45.224503,0.5081862,49.3313551834541,8.581988788548067,0,1,6622.906,0.022324245,4,1,false,false,1.530765,2.8943918,9.594023,-2.5496855,3
45.27299,0.5083527,49.33135140704127,8.581980259243888,0,1,6627.4478,0.01722807,4,1,false,false,1.5413123,2.992099,9.757858,-2.5491767,3
45.322018,0.50851935,49.33134763049123,8.581971592234856,0,1,6628.0205,0.012132843,4,1,false,false,1.448169,2.9495497,9.815535,-2.548715,3
45.369747,0.5086862,49.331343764212804,8.581963062930678,0,1,6628.8545,0.006794581,4,1,false,false,1.3711705,2.8288708,9.709513,-2.5483112,3
45.41574,0.5088532,49.331339987799964,8.581954395921645,0,1,6641.1304,0.0021835356,4,1,false,false,1.245333,2.7724414,9.727591,-2.54797,3
45.46104,0.5090204,49.331336211387125,8.581945728912613,0,1,6657.677,-0.0014563163,4,1,false,false,1.2103369,2.7570014,9.686477,-2.5476956,3
45.507256,0.5091877,49.3313323449715,8.581937199608435,0,1,6666.7505,-0.0033968207,4,1,false,false,1.0616182,2.8703475,9.682625,-2.5474803,3
45.554745,0.50935525,49.331328478693074,8.581928532599402,0,1,6669.3916,-0.004125918,4,1,false,false,1.026074,2.9041665,9.97802,-2.5473318,3
45.602295,0.5095229,49.331324702280234,8.581919865590372,0,1,6673.1616,-0.0041259173,4,1,false,false,1.0327613,2.8691688,9.897044,-2.5472429,3
45.649128,0.50969076,49.33132083586461,8.58191119858134,0,1,6680.8564,-0.002912633,4,1,false,false,1.0721096,2.8243146,9.757847,-2.5472012,3
45.69555,0.5098588,49.33131696958618,8.58190253157231,0,1,6688.7744,-0.0012132844,4,1,false,false,0.890605,2.8299804,9.86542,-2.5471811,3
45.742466,0.510027,49.33131310317055,8.581893864563277,0,1,6694.9233,-0.00024303222,4,1,false,false,0.88187325,2.8610337,10.14037,-2.5471904,3
45.789463,0.5101954,49.331309236892125,8.581885197554245,0,1,6698.51,0,4,1,false,false,0.9011693,2.847006,10.025607,-2.5472155,3
45.836075,0.51036394,49.3313053704765,8.581876530545214,0,1,6703.587,-0.0014563164,4,1,false,false,0.6842132,2.8129747,9.921305,-2.547244,3
45.88226,0.5105326,49.331301504198066,8.581867863536182,0,1,6711.439,-0.0058233887,4,1,false,false,0.53442466,2.7945237,10.285511,-2.5472865,3
45.928368,0.51070154,49.33129763778244,8.581859196527152,0,1,6718.581,-0.0118907485,4,1,false,false,0.49929875,2.799295,9.438668,-2.5473564,3
45.974293,0.5108706,49.331293771504015,8.581850392652932,0,1,6724.2295,-0.020625833,4,1,false,false,0.4057399,2.7771492,9.064525,-2.5474653,3
46.019825,0.5110398,49.33128990508838,8.5818417256439,0,1,6731.665,-0.030574203,4,1,false,false,0.054481715,2.755725,9.804297,-2.5476294,3
46.06571,0.5112092,49.33128603880996,8.581833058634869,0,1,6741.0347,-0.04076467,4,1,false,false,-0.10901204,2.7754376,10.239829,-2.5478895,3
46.1106,0.51137877,49.33128208252874,8.581824253920985,0,1,6747.063,-0.049742777,4,1,false,false,-0.30268586,2.7114928,9.775598,-2.5482469,3
46.15561,0.51154846,49.33127821625031,8.581815449207102,0,1,6757.886,-0.056537353,4,1,false,false,-0.5180392,2.8009632,9.556415,-2.5487223,3
46.201767,0.5117184,49.33127434983468,8.58180678219807,0,1,6766.4907,-0.061390504,4,1,false,false,-0.7153401,2.8072643,9.886571,-2.5493233,3
46.248547,0.51188844,49.33127039355346,8.58179797832385,0,1,6764.783,-0.06260377,4,1,false,false,-0.76340157,2.8590455,10.059671,-2.5500455,3
46.295113,0.5120587,49.331266527275034,8.581789173609968,0,1,6765.3784,-0.061632596,4,1,false,false,-0.8007139,2.7991376,9.649284,-2.5508642,3
46.339737,0.5122291,49.33126266085941,8.581780506600936,0,1,6774.604,-0.05775065,4,1,false,false,-0.9914001,2.6652179,9.280901,-2.5517492,3
46.38396,0.5123997,49.33125870457819,8.581771701887053,0,1,6788.2085,-0.051685162,4,1,false,false,-1.1589652,2.7004342,9.846433,-2.5526874,3
46.42876,0.51257044,49.331254838299756,8.581762897173169,0,1,6794.6294,-0.04586083,4,1,false,false,-1.046634,2.731445,9.675914,-2.553651,3
46.47362,0.5127413,49.33125088201854,8.581753955594097,0,1,6797.509,-0.03979441,4,1,false,false,-1.0668681,2.7116616,9.651462,-2.554596,3
46.518337,0.5129124,49.33124701574011,8.581745150880215,0,1,6807.1323,-0.03275773,4,1,false,false,-1.245464,2.722828,10.073709,-2.555506,3
46.563087,0.51308364,49.331243149324486,8.58173634616633,0,1,6816.168,-0.026691318,4,1,false,false,-1.0711094,2.7198095,9.592061,-2.556377,3
46.607998,0.513255,49.33123919304327,8.58172754229211,0,1,6819.248,-0.018683448,4,1,false,false,-0.97807354,2.7356784,9.135077,-2.5571702,3
46.65298,0.51342654,49.33123532676483,8.581718599873376,0,1,6824.347,-0.010918621,4,1,false,false,-1.0517635,2.731043,9.961335,-2.5578618,3
46.698032,0.51359826,49.331231370483614,8.581709795159492,0,1,6831.853,-0.0031537872,4,1,false,false,-1.0847524,2.7093153,9.991395,-2.558449,3
46.742157,0.51377016,49.33122750420519,8.58170085358042,0,1,6836.543,0.0053382637,4,1,false,false,-0.86883825,2.6615145,10.087225,-2.5589204,3
46.786217,0.51394224,49.33122354792397,8.581691911161686,0,1,6845.2515,0.014073346,4,1,false,false,-0.80405074,2.7022076,9.409795,-2.5592732,3
46.831142,0.51411444,49.331219681508344,8.581683106447802,0,1,6853.4565,0.021353053,4,1,false,false,-0.61615264,2.7358844,9.590014,-2.5594988,3
46.87647,0.5142869,49.331215725227125,8.581674164868732,0,1,6852.8857,0.027176442,4,1,false,false,-0.3200133,2.7854128,9.733449,-2.559574,3
46.921463,0.5144594,49.33121185894869,8.581665222449995,0,1,6852.725,0.031786546,4,1,false,false,-0.2192441,2.654586,9.857695,-2.559498,3
46.96427,0.5146321,49.33120790266747,8.581656280031261,0,1,6863.255,0.03469918,4,1,false,false,-0.17330179,2.5574548,9.832356,-2.5592942,3
47.006413,0.51480496,49.331204036389046,8.58164733845219,0,1,6880.617,0.035912476,4,1,false,false,-0.051831573,2.5643764,9.725966,-2.558979,3
47.049553,0.51497805,49.33120008010783,8.581638396033453,0,1,6888.9272,0.035912465,4,1,false,false,0.102849245,2.6796525,10.022107,-2.558581,3
47.09488,0.5151512,49.33119612382661,8.581629454454383,0,1,6889.221,0.034213107,4,1,false,false,0.1202935,2.7914007,9.743824,-2.5581083,3
47.140064,0.51532453,49.33119216754539,8.581620374330795,0,1,6887.742,0.032757744,4,1,false,false,0.31779647,2.7014914,9.701367,-2.5575817,3
47.184074,0.5154981,49.33118830126696,8.581611432751723,0,1,6892.5244,0.03130237,4,1,false,false,0.61828756,2.6616817,9.814727,-2.5570216,3
47.22693,0.51567173,49.33118434498574,8.581602490332989,0,1,6902.06,0.030331165,4,1,false,false,0.64724195,2.5526087,9.479686,-2.5564501,3
47.26849,0.51584566,49.331180388704524,8.581593411049065,0,1,6911.5737,0.029603016,4,1,false,false,0.73498094,2.5060496,9.979192,-2.5558732,3
47.31102,0.5160196,49.331176432423305,8.58158446863033,0,1,6923.7827,0.02960301,4,1,false,false,0.8375628,2.6078858,9.676835,-2.555292,3
47.354397,0.51619375,49.331172476142086,8.581575388506742,0,1,6929.5947,0.02960301,4,1,false,false,0.8378439,2.6541636,10.252387,-2.5547154,3
47.398445,0.51636803,49.33116851986087,8.58156644692767,0,1,6929.3174,0.02960301,4,1,false,false,1.0357797,2.6985085,10.420088,-2.5541327,3
47.44292,0.5165425,49.33116456371685,8.581557366804084,0,1,6931.694,0.02984604,4,1,false,false,1.2207247,2.6753964,9.595791,-2.553554,3
47.486065,0.5167172,49.33116060743563,8.581548425225012,0,1,6934.9263,0.028875787,4,1,false,false,1.2325715,2.5886598,9.379943,-2.5529819,3
47.528618,0.51689196,49.33115665115441,8.581539345101426,0,1,6942.3354,0.027419474,4,1,false,false,1.3368449,2.5397136,10.070073,-2.552419,3
47.57066,0.5170669,49.331152605007595,8.581530265817502,0,1,6950.566,0.025478035,4,1,false,false,1.3896056,2.5405486,9.467052,-2.5518575,3
47.611828,0.517242,49.331148648726376,8.581521186533578,0,1,6958.5073,0.023537531,4,1,false,false,1.1381264,2.4831684,9.002239,-2.5513134,3
47.6531,0.51741725,49.33114469244516,8.581512244114844,0,1,6970.5957,0.020624895,4,1,false,false,1.2714192,2.5667875,10.280142,-2.5508144,3
47.695736,0.51759267,49.331140646298344,8.581503163991256,0,1,6977.6997,0.01795623,4,1,false,false,1.3237566,2.6174018,9.212141,-2.5503438,3
47.73796,0.51776826,49.331136690017125,8.581494084707332,0,1,6977.0664,0.014801508,4,1,false,false,1.3478625,2.5594764,10.037816,-2.549902,3
47.779785,0.5179439,49.33113264387032,8.58148500542341,0,1,6985.477,0.013103097,4,1,false,false,1.0951998,2.533116,9.961629,-2.5494797,3
47.822044,0.5181198,49.331128597723506,8.581475925299822,0,1,6995.979,0.010676528,4,1,false,false,1.3626821,2.508979,10.240818,-2.5491054,3
47.863586,0.5182958,49.33112464144229,8.581466846015898,0,1,6999.148,0.007278766,4,1,false,false,1.3483264,2.5625892,8.969373,-2.5487604,3
47.906788,0.518472,49.331120595295474,8.581457765892312,0,1,7004.786,0.0046101036,4,1,false,false,1.0654043,2.5701497,8.83974,-2.5484328,3
47.949665,0.5186483,49.33111654901146,8.581448686608388,0,1,7005.8345,0.0014553774,4,1,false,false,1.0325505,2.5912948,9.6225,-2.5481575,3
47.99198,0.5188248,49.331112502864656,8.581439606484802,0,1,7007.2515,-0.0019405045,4,1,false,false,1.1261067,2.5085146,10.321409,-2.5479486,3
48.031624,0.5190015,49.33110845671784,8.581430389496026,0,1,7017.4204,-0.0048531373,4,1,false,false,0.9562671,2.3793614,9.941863,-2.547788,3
48.071075,0.5191783,49.33110441057103,8.58142130979227,0,1,7037.165,-0.00582339,4,1,false,false,0.7427516,2.4060528,9.602609,-2.547673,3
48.11276,0.5193552,49.33110036442422,8.581412230508347,0,1,7045.1846,-0.006309453,4,1,false,false,0.8396912,2.6112444,10.029201,-2.547639,3
48.156864,0.5195323,49.33109631814021,8.581403150804592,0,1,7036.838,-0.006794579,4,1,false,false,0.79582405,2.6926804,10.010722,-2.5476577,3
48.20049,0.5197096,49.3310922719934,8.581393933395985,0,1,7030.9155,-0.0060664215,4,1,false,false,0.9604273,2.582302,10.034748,-2.5477126,3
48.241676,0.519887,49.33108822584659,8.58138485369223,0,1,7039.0815,-0.0048531382,4,1,false,false,0.74152935,2.457175,10.02969,-2.547775,3
48.28141,0.52006453,49.331084089696986,8.581375636703454,0,1,7052.0337,-0.0036398536,4,1,false,false,0.7554728,2.3864026,10.167338,-2.5478652,3
48.32132,0.5202423,49.33108004355018,8.581366556999699,0,1,7060.203,-0.0038828847,4,1,false,false,0.65241647,2.4589767,10.0073185,-2.5479617,3
48.362545,0.52042013,49.33107599740337,8.581357339591092,0,1,7064.7114,-0.0046101045,4,1,false,false,0.477323,2.5199296,9.82966,-2.5480702,3
48.397778,0.5205981,49.33107186125377,8.581348122602316,0,1,6916.4272,-0.005823388,0,1,false,false,0.4078675,0.91370547,9.72619,-2.5481932,3
48.38773,0.5207762,49.331067815106955,8.581339042898561,0,1,6780.465,-0.0060664224,0,1,false,false,0.501627,-1.0039668,10.102863,-2.5483446,3
48.418865,0.5209542,49.33106376896014,8.581329825489954,0,1,5879.491,-0.0041259164,5,1,false,false,0.22608933,5.0581512,10.926345,-2.548512,3
48.498844,0.5211325,49.33105963281054,8.581320608501178,0,1,5657.824,-0.0012132842,5,1,false,false,0.5558009,3.127968,9.428679,-2.5487063,3
48.507618,0.521311,49.33105558666373,8.581311528797423,0,1,6065.207,0.002426569,5,1,false,false,0.31338677,0.048310928,9.580296,-2.5488482,3
48.5366,0.5214895,49.33105145065133,8.581302311388816,0,1,5955.7944,0.004610105,5,1,false,false,0.24152538,3.056022,10.270089,-2.5489662,3
48.59456,0.5216682,49.331047314501724,8.58129309440004,0,1,5830.819,0.005338263,5,1,false,false,0.42300412,3.2675543,10.297263,-2.549067,3
48.633015,0.52184707,49.33104326835492,8.581283876991433,0,1,5939.2627,0.00509523,5,1,false,false,0.23596406,1.8622869,9.31148,-2.5491118,3
48.66673,0.52202606,49.33103913220531,8.58127466000266,0,1,5957.4214,0.005095231,5,1,false,false,0.0813818,2.3760576,8.94542,-2.5491295,3
48.7117,0.52220523,49.331035086058506,8.581265442594052,0,1,5907.593,0.005095231,5,1,false,false,0.21269692,2.8200989,9.93382,-2.549132,3
48.75432,0.5223845,49.3310309500461,8.581256225185443,0,1,5922.3237,0.006308514,5,1,false,false,0.22028443,2.3775203,10.264875,-2.549127,3
48.79126,0.522564,49.3310268138965,8.58124700819667,0,1,5943.4536,0.0077648317,5,1,false,false,0.39905983,2.2244527,9.507378,-2.549104,3
48.829174,0.5227436,49.3310226778841,8.581237653503042,0,1,5945.701,0.009948368,5,1,false,false,0.2908414,2.3861556,8.600774,-2.549034,3
48.869774,0.52292335,49.331018541734494,8.581228436094435,0,1,5954.267,0.013588221,5,1,false,false,0.3723406,2.4806027,9.382039,-2.5489337,3
48.909847,0.5231032,49.331014405584895,8.581219218685828,0,1,5955.0215,0.01747017,5,1,false,false,0.46392602,2.417208,9.181671,-2.5487995,3
48.94957,0.52328324,49.33101026957249,8.5812098639922,0,1,5959.8286,0.020624893,5,1,false,false,0.8032034,2.363289,9.52664,-2.5486326,3
48.987854,0.5234634,49.33100622342568,8.581200647003426,0,1,5972.0894,0.022808436,5,1,false,false,0.64603186,2.3124118,8.843002,-2.5483952,3
49.027576,0.52364373,49.33100199741049,8.581191291889967,0,1,5981.2485,0.024750808,5,1,false,false,0.64854586,2.43446,9.261314,-2.548119,3
49.068584,0.5238242,49.33099786126088,8.581182074901191,0,1,5979.7393,0.025234995,5,1,false,false,0.7295343,2.510456,9.613852,-2.547804,3
49.109863,0.5240048,49.33099372524848,8.581172720207563,0,1,5979.801,0.024750816,5,1,false,false,0.7227453,2.4166684,9.378156,-2.5474448,3
49.149734,0.5241856,49.330989589098884,8.581163502798956,0,1,5986.4883,0.023779618,5,1,false,false,0.86468023,2.4148731,9.8270445,-2.547049,3
49.189888,0.52436656,49.33098545294928,8.581154148105329,0,1,5992.883,0.022081213,5,1,false,false,0.7126373,2.4621465,9.488952,-2.5466294,3
49.230312,0.52454764,49.33098131693688,8.581144793411703,0,1,5992.1426,0.020381864,5,1,false,false,0.8096374,2.4317946,9.336523,-2.546213,3
49.27043,0.52472883,49.330977090921685,8.581135576003096,0,1,5995.5215,0.018441362,5,1,false,false,0.9700451,2.4195044,9.877217,-2.5458028,3
49.310253,0.5249102,49.33097295477208,8.581126221309468,0,1,6001.602,0.01625688,5,1,false,false,0.98020977,2.3894556,10.248657,-2.5454001,3
49.3493,0.5250917,49.330968728894085,8.58111686661584,0,1,6005.618,0.014559414,5,1,false,false,0.9775145,2.3562682,10.120595,-2.5450103,3
49.388813,0.5252734,49.330964592744486,8.581107511502381,0,1,6013.3237,0.012860064,5,1,false,false,0.99589723,2.4184005,9.734812,-2.5446537,3
49.428856,0.52545524,49.33096036672929,8.581098156808755,0,1,6015.1797,0.010191399,5,1,false,false,1.0867667,2.4541445,11.514316,-2.5443318,3
49.46964,0.5256372,49.330956230579694,8.581088802115127,0,1,6013.433,0.0067945784,5,1,false,false,1.2352598,2.4784162,10.532881,-2.5440369,3
49.50932,0.52581936,49.3309520047017,8.5810794474215,0,1,6015.0156,0.0043680104,5,1,false,false,0.9794172,2.3462813,10.852534,-2.5437531,3
49.548275,0.5260017,49.33094777868651,8.58107009230804,0,1,6022.0547,0.0019414426,5,1,false,false,0.68797517,2.4202552,10.421473,-2.5435214,3
49.588287,0.5261841,49.3309436425369,8.581060737614413,0,1,6023.7603,-0.00048606447,5,1,false,false,0.6696376,2.39717,9.986642,-2.5433514,3
49.62693,0.52636665,49.33093941652171,8.581051382920787,0,1,6022.162,-0.0024265687,5,1,false,false,0.80802953,2.3532002,10.221267,-2.543244,3
49.665184,0.52654934,49.330935190506516,8.58104202822716,0,1,6032.6973,-0.0041259173,5,1,false,false,0.51075816,2.2733407,10.4693985,-2.543166,3
49.702328,0.52673227,49.33093096449132,8.58103253582868,0,1,6040.2515,-0.004853137,5,1,false,false,0.602812,2.2575302,9.6213455,-2.5431428,3
49.73977,0.5269152,49.33092673847613,8.58102318071522,0,1,6048.274,-0.0050961683,5,1,false,false,0.46587545,2.3048341,9.775192,-2.5431595,3
49.777683,0.52709836,49.33092251246094,8.581013826021595,0,1,6055.237,-0.0048531387,5,1,false,false,0.7365296,2.3365083,9.75038,-2.543217,3
49.816116,0.52728164,49.33091828658294,8.581004333623115,0,1,6059.572,-0.00436801,5,1,false,false,0.74011075,2.322488,9.778722,-2.543281,3
49.853863,0.52746505,49.33091406056775,8.580994978929487,0,1,6064.954,-0.0029126331,5,1,false,false,0.51676005,2.3153934,9.495893,-2.5433502,3
49.892197,0.52764857,49.33090983455256,8.58098548653101,0,1,6073.061,-0.0009702521,5,1,false,false,0.5453574,2.337164,9.236373,-2.5434341,3
49.9305,0.52783227,49.330905608537364,8.580976131837382,0,1,6076.7227,0.0012132846,5,1,false,false,0.6236936,2.3364544,9.705142,-2.543521,3
49.969864,0.5280161,49.33090138252217,8.580966639438902,0,1,6079.1978,0.0031547272,5,1,false,false,0.5542024,2.3727438,8.0671015,-2.5435698,3
50.00739,0.52820003,49.330897066641384,8.580957284745276,0,0.9585695,6082.4688,0.004852199,5,1,false,false,0.15235394,2.2796717,11.345094,-2.5436013,3
50.04535,0.52838415,49.33089284062619,8.580947792346796,0,0.83008623,6080.295,0.0033968212,5,1,false,false,0.35173082,2.293248,9.982088,-2.5436404,3
50.08023,0.5285683,49.330888614611,8.580938299948317,0,0.6855732,6058.4033,0.0026686625,5,1,false,false,0.26801705,1.8263611,9.440643,-2.5436506,3
50.109123,0.5287527,49.33088429859301,8.58092894525469,0,0.51196045,6033.389,0.00048512584,5,1,false,false,0.17854106,1.8160782,10.104046,-2.5436702,3
50.12669,0.5289371,49.33088007271502,8.580919452856211,0,0.32009858,5985.236,-0.0009702521,5,1,false,false,0.18656017,0.5472678,9.879617,-2.5437188,3
50.1248,0.5291216,49.330875846699826,8.580909960457731,0,0.15388411,5950.732,-0.0021835363,5,1,false,false,0.29254308,-0.5856347,10.153886,-2.5437777,3
50.10766,0.52930605,49.33087153068184,8.580900468059253,0,0.08261405,5925.037,-0.0026696003,5,1,false,false,0.114381194,-1.1477275,10.632631,-2.5438406,3
50.08761,0.52949035,49.33086730466665,8.580890975660774,0,0.030332929,5856.334,-0.002426569,5,1,false,false,0.2680437,-1.1773446,10.771761,-2.543945,3
50.067226,0.52967465,49.33086307878865,8.580881620967148,0,0.022934651,5791.474,-0.0016993488,5,1,false,false,0.048009753,-1.3258853,9.360216,-2.5440476,3
50.022358,0.52985877,49.33085876277067,8.580872128568668,0,0.044882856,5992.4224,-0.00097025227,5,1,false,false,0.21518129,-3.3074749,9.927274,-2.5441704,3
49.974983,0.53004277,49.33085453682408,8.580862636170188,0,0.08581998,6029.506,-0.0014563166,5,1,false,false,0.036675304,-1.999296,10.875767,-2.544307,3
49.94962,0.5302265,49.330850310808884,8.580853281476562,0,0.15807645,6003.441,-0.002912633,5,1,false,false,0.15204501,-1.3294786,9.639307,-2.5444756,3
49.9283,0.5304103,49.33084608479369,8.580843789078083,0,0.2569667,6040.0815,-0.005581296,5,1,false,false,0.004668936,-1.2244751,9.633744,-2.5446384,3
49.907513,0.530594,49.33084176884431,8.580834434384455,0,0.38668317,6160.978,-0.009464179,5,1,false,false,-0.01711905,-1.2096899,9.412443,-2.5448167,3
49.896976,0.5307775,49.33083754289771,8.580824941985977,0,0.5376079,6160.998,-0.01431638,5,1,false,false,-0.30686483,0.5574631,9.318556,-2.5450056,3
49.92666,0.5309612,49.33083331688252,8.580815586872518,0,0.68877935,5991.0293,-0.019896736,5,1,false,false,-0.23791583,2.1302533,9.229183,-2.5452368,3
49.953613,0.531145,49.330829090867326,8.580806094474038,0,0.83181256,6083.2695,-0.025478033,5,1,false,false,-0.5348607,1.279464,9.299508,-2.5454884,3
49.97746,0.53132874,49.33082486485213,8.580796602495392,0,0.9543774,6136.1616,-0.030331165,5,1,false,false,-0.3483398,1.7761188,9.130566,-2.5458045,3
50.01518,0.5315127,49.33082063883694,8.580787247381933,0,0.99999994,6082.553,-0.035912465,5,1,false,false,-0.5508635,2.541442,9.595919,-2.546191,3
50.057278,0.5316968,49.33081632295615,8.580777754983453,0,1,6094.8564,-0.042464007,5,1,false,false,-0.65225244,2.3901649,10.626754,-2.5466583,3
50.095604,0.53188103,49.33081209694096,8.580768262584973,0,1,6114.934,-0.051199093,5,1,false,false,-1.1951642,2.3065379,11.013081,-2.5471833,3
50.135735,0.5320654,49.33080787092577,8.580758770606327,0,1,6099.8257,-0.06163258,5,1,false,false,-0.9625317,2.5372834,10.655404,-2.547806,3
50.177143,0.5322499,49.330803644910574,8.580749278207847,0,1,6096.294,-0.071095824,5,1,false,false,-1.3592604,2.502591,13.34417,-2.5484788,3
50.21639,0.5324346,49.33079932902979,8.580739785809369,0,1,6097.7686,-0.0791037,5,1,false,false,-2.9520555,2.477882,14.471859,-2.549322,3
50.25724,0.5326194,49.330795103014594,8.58073029341089,0,1,6085.099,-0.089294165,5,1,false,false,-2.2028263,2.4246087,11.593158,-2.5504682,3
50.293922,0.5328043,49.3307908769994,8.58072080101241,0,1,6081.3916,-0.09827227,5,1,false,false,-1.7279121,2.289472,9.33679,-2.5516841,3
50.33357,0.53298944,49.33078665098421,8.58071117090908,0,1,6087.585,-0.100941874,5,1,false,false,-2.2848196,2.2053041,10.014498,-2.5528264,3
50.36531,0.5331747,49.330782424969016,8.5807016785106,0,1,6071.7485,-0.09900045,5,1,false,false,-2.618461,1.9192232,9.076363,-2.5538518,3
50.392418,0.53335994,49.33077819895382,8.580692048827101,0,1,6109.2397,-0.09584571,5,1,false,false,-1.9888511,1.4915686,8.813263,-2.5549378,3
50.414085,0.53354543,49.330773973007226,8.580682556428622,0,1,6165.8154,-0.091235615,5,1,false,false,-1.8720163,1.3972864,8.15694,-2.5561342,3
50.440693,0.53373086,49.33076974699203,8.580672926325292,0,1,6201.5723,-0.08322867,5,1,false,false,-1.6176889,1.8291806,7.370289,-2.5574894,3
50.473927,0.5339165,49.33076552097684,8.580663433926812,0,1,6214.3223,-0.07303727,5,1,false,false,-1.6338321,2.13676,6.721787,-2.5589406,3
50.511524,0.53410226,49.33076129496165,8.580653804243314,0,1,6218.7646,-0.06527246,5,1,false,false,-1.6784045,2.3070798,7.443204,-2.560415,3
50.551598,0.5342881,49.330757068946454,8.580644174139982,0,1,6212.64,-0.060420237,5,1,false,false,-1.8221996,2.4926288,8.639882,-2.5618136,3
50.59223,0.53447413,49.33075284293126,8.580634544456483,0,1,6200.4497,-0.059206948,5,1,false,false,-2.0488422,2.4220061,8.200116,-2.563124,3
50.631676,0.53466034,49.33074861698467,8.580624914353152,0,1,6195.5894,-0.062360745,5,1,false,false,-2.4618974,2.3965151,9.518933,-2.5643475,3
50.6712,0.53484666,49.33074439096948,8.580615284249822,0,1,6191.422,-0.06842719,5,1,false,false,-2.7159138,2.3498368,9.068592,-2.5655107,3
50.70913,0.5350331,49.33074016495428,8.58060551686147,0,1,6182.6367,-0.075463854,5,1,false,false,-2.9555483,2.2714162,9.761975,-2.5665824,3
50.746696,0.53521967,49.330735938939085,8.58059588675814,0,1,6185.5103,-0.07910369,5,1,false,false,-3.222301,2.3110034,11.133001,-2.5676413,3
50.782787,0.5354064,49.33073171292389,8.580586257074641,0,1,6189.457,-0.08201541,5,1,false,false,-3.2017298,2.1861534,10.420948,-2.568726,3
50.818264,0.5355933,49.3307274869087,8.580576489686289,0,1,6187.3823,-0.08201539,5,1,false,false,-3.3379512,2.1644979,10.776962,-2.569818,3
50.854176,0.53578025,49.33072326096211,8.580566721878107,0,1,6195.1997,-0.08031603,5,1,false,false,-3.22686,2.1572492,10.33307,-2.5709653,3
50.8882,0.5359674,49.330719124812504,8.580557092194608,0,1,6195.7593,-0.07861856,5,1,false,false,-3.3418941,2.1308649,11.194819,-2.57211,3
50.923927,0.5361546,49.330714898865914,8.580547324386425,0,1,6203.342,-0.077890396,5,1,false,false,-3.1568937,2.2001085,9.394595,-2.5732915,3
50.95806,0.53634197,49.33071076271631,8.580537556998074,0,1,6208.409,-0.081045136,5,1,false,false,-3.1833398,2.0946076,9.994214,-2.5744305,3
50.99283,0.5365295,49.33070653676972,8.580527789609723,0,1,6213.9844,-0.08783877,5,1,false,false,-3.2057939,2.1648657,9.98286,-2.575563,3
51.028873,0.5367171,49.33070240062012,8.580517884516519,0,1,6216.3794,-0.097545065,5,1,false,false,-3.5351362,2.0929477,9.110509,-2.5767028,3
51.062893,0.5369048,49.33069817467352,8.580508117128169,0,1,6217.7305,-0.10822159,5,1,false,false,-3.6475425,2.1417956,10.734447,-2.5779016,3
51.09721,0.5370927,49.33069403859252,8.580498349319987,0,1,6228.182,-0.11889718,5,1,false,false,-3.9192228,2.0566888,10.107709,-2.579237,3
51.130005,0.53728074,49.330689812577326,8.580488444226782,0,1,6229.5103,-0.12933066,5,1,false,false,-4.060225,2.0499566,9.753075,-2.5807202,3
51.16354,0.53746885,49.33068567649632,8.580478676838432,0,1,6234.4893,-0.13612524,5,1,false,false,-4.0464554,2.0850334,9.313493,-2.5823646,3
51.197933,0.5376572,49.330681540346724,8.58046877174523,0,1,6238.0996,-0.14461729,5,1,false,false,-3.9738913,2.0902472,9.635225,-2.5841029,3
51.231762,0.5378456,49.33067740426572,8.580458866652027,0,1,6234.8984,-0.15383846,5,1,false,false,-3.886711,2.0685818,9.187621,-2.585874,3
51.264225,0.5380343,49.33067326818472,8.580448961558824,0,1,6242.6562,-0.16548522,5,1,false,false,-4.902579,1.957594,9.66754,-2.587678,3
51.295555,0.53822315,49.330669132103715,8.580439056465622,0,1,6252.742,-0.18247023,5,1,false,false,-4.865123,1.977213,9.668584,-2.5896652,3
51.327328,0.5384121,49.33066499602271,8.580429151372417,0,1,6260.9727,-0.2030952,5,1,false,false,-5.0861397,1.9489312,8.778811,-2.591871,3
51.360615,0.5386011,49.330660859941716,8.580419108994196,0,1,6272.14,-0.22396122,5,1,false,false,-5.8568263,2.1354525,9.2446165,-2.5943532,3
51.395256,0.5387902,49.3306568137263,8.580409203900992,0,1,6269.373,-0.24628451,5,1,false,false,-6.2848787,2.1648424,9.246112,-2.5971296,3
51.42896,0.53897935,49.3306526776453,8.580399161102937,0,1,6265.9795,-0.26618028,5,1,false,false,-6.6272836,2.1562886,8.984792,-2.6001875,3
51.463127,0.5391687,49.33064863149849,8.580389256009735,0,1,6275.5737,-0.28146604,5,1,false,false,-7.113639,2.1017914,8.971425,-2.603563,3
51.49652,0.5393581,49.33064458535168,8.58037921321168,0,1,6279.513,-0.29287165,5,1,false,false,-8.023851,2.0976112,9.780991,-2.607288,3
51.52963,0.5395475,49.33064053913627,8.580369170833457,0,1,6281.7827,-0.29869413,5,1,false,false,-8.296523,2.1079214,9.532028,-2.611433,3
51.56177,0.5397371,49.330636492989456,8.58035899033055,0,1,6288.385,-0.29893708,5,1,false,false,-8.881361,2.044315,9.634839,-2.6159515,3
51.593998,0.5399267,49.33063244677405,8.580348947952327,0,1,6290.72,-0.2950551,5,1,false,false,-9.2854185,2.1462748,10.061309,-2.62076,3
51.626556,0.5401164,49.33062849056143,8.580338767869252,0,1,6284.514,-0.28801757,5,1,false,false,-10.0910225,2.1296127,9.987472,-2.6256752,3
51.65826,0.5403063,49.330624444346014,8.580328725071197,0,1,6283.534,-0.27807012,5,1,false,false,-10.251172,2.1116023,9.899301,-2.6306076,3
51.687973,0.54049623,49.3306204881334,8.580318544988124,0,1,6288.053,-0.26666644,5,1,false,false,-10.648591,1.9694058,10.695664,-2.6355066,3
51.71625,0.54068625,49.33061653185218,8.580308227200197,0,1,6287.359,-0.25332025,5,1,false,false,-11.153696,1.9576398,10.458262,-2.6403816,3
51.744118,0.5408763,49.33061266550515,8.58029804669729,0,1,6291.055,-0.24143234,5,1,false,false,-11.047838,1.952363,9.981999,-2.6452317,3
51.772804,0.5410665,49.33060879915812,8.580287728909363,0,1,6299.283,-0.22954252,5,1,false,false,-10.497559,2.0579586,9.089312,-2.6499815,3
51.80247,0.5412567,49.3306048428769,8.580277548826288,0,1,6304.222,-0.2195941,5,1,false,false,-10.681679,2.1017265,9.703956,-2.6544847,3
51.831696,0.5414471,49.33060106646407,8.580267231038363,0,1,6304.239,-0.21280046,5,1,false,false,-11.0353565,2.0464866,9.95397,-2.658754,3
51.859795,0.5416376,49.33059720011704,8.580256775545584,0,1,6312.151,-0.20916064,5,1,false,false,-10.897402,1.9353313,9.112496,-2.6628976,3
51.887783,0.5418281,49.3305934237042,8.580246457757656,0,1,6324.863,-0.20673405,5,1,false,false,-10.255821,2.0294812,8.6392355,-2.6669836,3
51.917248,0.5420187,49.33058964729136,8.58023600268471,0,1,6327.7783,-0.20406544,5,1,false,false,-11.070344,2.1358726,9.788526,-2.6709523,3
51.94768,0.5422095,49.33058587080993,8.580225684896783,0,1,6323.012,-0.20163882,5,1,false,false,-11.196495,2.150529,9.687161,-2.674825,3
51.97658,0.54240036,49.330582094397094,8.580215229404006,0,1,6326.2725,-0.19702777,5,1,false,false,-11.194508,2.0221922,9.88462,-2.6786296,3
52.005684,0.5425913,49.330578407918445,8.580204773911227,0,1,6335.7607,-0.19047624,5,1,false,false,-10.731746,2.1168022,8.793638,-2.6823947,3
52.03561,0.54278237,49.3305747213712,8.580194181133429,0,1,6334.81,-0.18028581,5,1,false,false,-11.04884,2.130562,9.73234,-2.6859772,3
52.065975,0.54297346,49.33057103489256,8.58018372564065,0,1,6331.0327,-0.17082348,5,1,false,false,-11.498387,2.153085,10.880757,-2.6894076,3
52.094685,0.54316473,49.33056734834531,8.580173132862852,0,1,6335.0396,-0.1613603,5,1,false,false,-11.243051,1.981696,10.477295,-2.692724,3
52.123405,0.5433561,49.33056375173226,8.58016253966522,0,1,6344.1035,-0.15262519,5,1,false,false,-11.354732,2.0709782,10.476019,-2.6960232,3
52.153667,0.5435476,49.3305601551192,8.580151946887423,0,1,6344.2207,-0.14655872,5,1,false,false,-10.993034,2.1747353,10.146271,-2.6992557,3
52.185005,0.5437392,49.33055655857475,8.580141354109623,0,1,6337.5127,-0.143404,5,1,false,false,-10.569961,2.2109423,10.057894,-2.7022529,3
52.215866,0.5439309,49.33055296196169,8.580130623626973,0,1,6338.0615,-0.14413312,5,1,false,false,-10.481132,2.1176782,10.1707,-2.7049305,3
52.245327,0.54412276,49.330549455282835,8.580120030429343,0,1,6341.428,-0.15116881,5,1,false,false,-10.724049,2.0022326,10.410408,-2.7073386,3
52.27401,0.5443147,49.33054594860397,8.580109299946692,0,1,6347.983,-0.16160236,5,1,false,false,-9.745497,1.9545345,9.5624275,-2.7096195,3
52.30314,0.5445068,49.330542441925104,8.580098569464042,0,1,6357.783,-0.17810223,5,1,false,false,-10.113982,1.9685982,10.024124,-2.7118473,3
52.332764,0.54469895,49.33053902511183,8.580087701696371,0,1,6363.2573,-0.19533035,5,1,false,false,-9.946218,2.0297134,9.663426,-2.7141967,3
52.362072,0.54489124,49.330535518432974,8.58007697079389,0,1,6366.302,-0.21352768,5,1,false,false,-9.898356,1.9754701,9.934146,-2.7167103,3
52.391838,0.54508364,49.3305321016883,8.580066240311238,0,1,6375.6245,-0.2326963,5,1,false,false,-9.683252,2.073959,9.642683,-2.7194667,3
52.422707,0.5452762,49.330528684875034,8.580055372543567,0,1,6376.909,-0.2474978,5,1,false,false,-10.176354,2.037644,9.341261,-2.72241,3
52.453827,0.5454689,49.33052535806455,8.580044504356065,0,1,6373.911,-0.2589015,5,1,false,false,-9.609458,2.0566149,9.050697,-2.7254925,3
52.48378,0.5456617,49.33052194125128,8.580033636168563,0,1,6379.6045,-0.26884896,5,1,false,false,-9.947457,1.952976,9.358891,-2.728679,3
52.512344,0.54585457,49.3305186144408,8.580022768400893,0,1,6386.964,-0.27831218,5,1,false,false,-9.72452,1.9198097,8.367888,-2.7320302,3
52.540134,0.5460476,49.33051528756172,8.58001190021339,0,1,6395.516,-0.2855919,5,1,false,false,-9.702971,1.8490775,8.863693,-2.7355587,3
52.568283,0.5462408,49.33051196075124,8.580000894321037,0,1,6406.578,-0.2921426,5,1,false,false,-11.124494,1.932177,10.625967,-2.7394054,3
52.59616,0.5464341,49.33050872380635,8.579989888848514,0,1,6409.4663,-0.2986941,5,1,false,false,-11.177574,1.8894488,9.689156,-2.7437549,3
52.62401,0.5466275,49.33050539692727,8.579978883375992,0,1,6415.548,-0.3045166,5,1,false,false,-11.413032,2.0040748,9.847202,-2.7485774,3
52.655243,0.54682106,49.33050215998238,8.579967877483638,0,1,6418.027,-0.3093706,5,1,false,false,-12.142209,2.2396014,10.369183,-2.7537043,3
52.68686,0.5470147,49.330499012971686,8.579956872011115,0,1,6396.7456,-0.31567916,5,1,false,false,-12.785248,2.1461077,10.089715,-2.7587857,3
52.715244,0.54720855,49.330495776026794,8.579945866118761,0,1,6392.4775,-0.3244133,5,1,false,false,-12.736366,1.9669695,10.586634,-2.7637181,3
52.73964,0.54740244,49.3304926290161,8.579934722941386,0,1,6407.3677,-0.3372734,5,1,false,false,-13.570038,1.7758212,10.202037,-2.7685864,3
52.7632,0.5475965,49.33048957187099,8.579923579764012,0,1,6413.9707,-0.3513458,5,1,false,false,-13.347173,1.804177,10.456436,-2.7735145,3
52.78749,0.54779065,49.3304864248603,8.579912574291491,0,1,6419.6304,-0.3634776,5,1,false,false,-13.970028,1.8653721,9.835142,-2.7785819,3
52.81159,0.5479849,49.33048336778379,8.579901293409264,0,1,6425.3755,-0.3746392,5,1,false,false,-14.029381,1.8449681,10.651202,-2.7838287,3
52.835423,0.54817927,49.330480400572874,8.57989015023189,0,1,6429.0396,-0.38313046,5,1,false,false,-13.478031,1.8400309,9.71028,-2.7892,3
52.859367,0.54837376,49.33047734342777,8.579879007054515,0,1,6435.1167,-0.38701335,5,1,false,false,-13.603078,1.8803892,9.689914,-2.7945795,3
52.88296,0.54856837,49.33047437628546,8.57986772617229,0,1,6437.909,-0.38531387,5,1,false,false,-14.518114,1.837391,10.557239,-2.799956,3
52.903942,0.5487631,49.33047140907454,8.579856445290064,0,1,6440.7744,-0.37488228,5,1,false,false,-14.474596,1.7302909,9.349195,-2.8055022,3
52.925724,0.54895794,49.33046853179782,8.579845164827669,0,1,6451.43,-0.3557138,5,1,false,false,-13.951499,1.810384,9.003641,-2.8112493,3
52.94882,0.54915285,49.3304656545211,8.579833883945444,0,1,6455.2876,-0.3251414,5,1,false,false,-13.499526,1.9578922,9.378614,-2.8169923,3
52.97334,0.549348,49.330462867109965,8.579822465778197,0,1,6450.3975,-0.29190046,5,1,false,false,-13.743404,1.9297782,9.0391655,-2.8225133,3
52.99652,0.54954314,49.330459989833244,8.579811184895972,0,1,6451.896,-0.25841555,5,1,false,false,-13.3352375,1.8293172,8.870011,-2.827789,3
53.0189,0.54973847,49.330457202490706,8.579799766308893,0,1,6465.376,-0.22565964,5,1,false,false,-12.980885,1.8297164,8.68892,-2.8328462,3
53.042282,0.5499339,49.33045450508237,8.579788348141648,0,1,6473.1064,-0.19727086,5,1,false,false,-12.467383,1.9583958,9.160012,-2.8376863,3
53.067448,0.5501295,49.33045180760543,8.57977692955457,0,1,6470.3755,-0.17980069,5,1,false,false,-13.039059,1.993622,9.576175,-2.8422177,3
53.09251,0.55032516,49.33044911012849,8.579765511387322,0,1,6472.651,-0.16985226,5,1,false,false,-12.513502,2.0086038,8.608614,-2.8465233,3
53.1177,0.550521,49.33044641272015,8.579753955515224,0,1,6478.491,-0.16815391,5,1,false,false,-12.565186,2.0000942,8.743725,-2.8505335,3
53.144264,0.550717,49.330443805177396,8.579742536928146,0,1,6477.6484,-0.17397732,5,1,false,false,-12.213118,2.1127713,8.980161,-2.8542073,3
53.170605,0.55091316,49.33044119763465,8.579730981056048,0,1,6473.4805,-0.18805064,5,1,false,false,-13.131106,2.0124798,9.35905,-2.857471,3
53.19506,0.5511093,49.3304385900919,8.579719425183951,0,1,6478.2017,-0.20673408,5,1,false,false,-13.293445,1.9061455,9.615604,-2.860588,3
53.21816,0.5513056,49.330436072483344,8.579707869311854,0,1,6486.671,-0.2290564,5,1,false,false,-13.442215,1.8460517,9.977607,-2.863749,3
53.24264,0.5515019,49.33043355487479,8.579696313439754,0,1,6491.989,-0.25477657,5,1,false,false,-13.351955,1.9847215,10.119292,-2.8671134,3
53.267624,0.5516984,49.33043103726623,8.579684619862805,0,1,6489.1646,-0.27515742,5,1,false,false,-14.616243,1.9433482,10.264493,-2.8706255,3
53.293633,0.5518947,49.33042860952326,8.579673063990708,0,1,6485.5903,-0.29456916,5,1,false,false,-14.602076,2.039435,10.625075,-2.8744,3
53.318848,0.55209124,49.33042618184889,8.579661370413756,0,1,6483.442,-0.31203923,5,1,false,false,-13.823973,1.950705,9.960441,-2.878308,3
53.34352,0.5522879,49.33042384404012,8.579649676836807,0,1,6484.9175,-0.32708287,5,1,false,false,-14.803585,1.9511251,10.525337,-2.882244,3
53.36754,0.5524844,49.330421506231346,8.579637983679689,0,1,6484.236,-0.33872974,5,1,false,false,-15.00186,1.8570898,9.927679,-2.8862715,3
53.390965,0.5526811,49.33041916849117,8.57962629010274,0,1,6486.4385,-0.34867707,5,1,false,false,-13.769047,1.8175325,9.892877,-2.8903847,3
53.4142,0.5528778,49.330416920616585,8.57961459652579,0,1,6496.6235,-0.356927,5,1,false,false,-14.229021,1.8091929,10.600799,-2.89458,3
53.43679,0.55307466,49.330414672742,8.57960276566382,0,1,6497.624,-0.36371982,5,1,false,false,-14.835855,1.7236578,10.931669,-2.8989418,3
53.457703,0.5532715,49.33041242486742,8.579591072086869,0,1,6501.55,-0.3705143,5,1,false,false,-14.99493,1.7424316,10.762279,-2.9036608,3
53.479206,0.55346835,49.33041026685842,8.579579240805067,0,1,6514.29,-0.37415317,5,1,false,false,-15.457223,1.8195252,11.350432,-2.9088337,3
53.502243,0.55366534,49.330408108918036,8.579567409943097,0,1,6509.1743,-0.37463924,5,1,false,false,-15.407823,1.9415562,10.349033,-2.9143152,3
53.526108,0.55386233,49.33040604084323,8.579555578661296,0,1,6499.5566,-0.37196964,5,1,false,false,-14.781353,1.900516,10.260733,-2.9197445,3
53.549282,0.55405945,49.33040397283703,8.579543747799326,0,1,6503.226,-0.36638927,5,1,false,false,-14.177181,1.8429419,9.191955,-2.9249144,3
53.571976,0.5542567,49.33040190476223,8.579531916517524,0,1,6507.309,-0.3605659,5,1,false,false,-12.609954,1.7265754,7.6840944,-2.9295995,3
53.59237,0.5544539,49.330399926621624,8.579519947950702,0,1,6518.305,-0.35716918,5,1,false,false,-12.196445,1.6154567,7.580777,-2.9338298,3
53.611828,0.55465126,49.33039794854961,8.57950797938388,0,1,6539.477,-0.35838148,5,1,false,false,-12.843507,1.4565673,8.639564,-2.9380026,3
53.627438,0.5548486,49.330395970409,8.57949614852191,0,1,6557.9907,-0.3620223,5,1,false,false,-12.82142,1.3588138,8.359078,-2.9425833,3
53.646687,0.5550461,49.33039408220258,8.579484179535257,0,1,6584.738,-0.36493298,5,1,false,false,-11.295209,1.6794798,6.723153,-2.9478412,3
53.67051,0.55524355,49.33039219399616,8.579472210968435,0,1,6585.9844,-0.36614627,5,1,false,false,-14.477037,1.9883202,9.226939,-2.9534216,3
53.69739,0.55544114,49.330390305721146,8.579460242401613,0,1,6558.575,-0.37075737,5,1,false,false,-15.873449,2.2233453,11.103298,-2.9593515,3
53.717747,0.5556389,49.330388507448916,8.579448273834792,0,1,6545.0815,-0.3739102,5,1,false,false,-18.107643,1.664741,12.783669,-2.9656804,3
53.73217,0.5558367,49.33038670917669,8.579436167563118,0,1,6562.514,-0.37536645,5,1,false,false,-19.281736,1.6894417,13.022123,-2.9726908,3
53.746895,0.55603445,49.33038500077006,8.579424198996296,0,1,6567.9487,-0.37391025,5,1,false,false,-20.216623,1.8173083,13.403093,-2.9801855,3
53.76687,0.55623233,49.33038338229761,8.579412092724622,0,1,6543.9805,-0.37027133,5,1,false,false,-19.412767,2.1920993,12.021346,-2.9877515,3
53.788185,0.5564303,49.330381673890976,8.5794001241578,0,1,6525.2896,-0.36687452,5,1,false,false,-15.941136,1.9957019,9.4311495,-2.994507,3
53.809357,0.55662835,49.33038014535273,8.579388017886126,0,1,6530.9634,-0.3659042,5,1,false,false,-16.128542,2.046393,8.917346,-2.9997625,3
53.82818,0.5568265,49.33037861681447,8.579375911614454,0,1,6528.2397,-0.37463927,5,1,false,false,-14.643467,1.6158601,8.308866,-3.0035143,3
53.841076,0.5570247,49.330377088276215,8.57936366805776,0,1,6545.4434,-0.39502016,5,1,false,false,-12.003208,1.2551436,6.5859604,-3.0065114,3
53.852516,0.557223,49.33037555966936,8.579351561786085,0,1,6600.439,-0.418555,5,1,false,false,-10.9563465,1.0643935,5.1213565,-3.0095239,3
53.864674,0.5574214,49.330374121065304,8.579339455514413,0,1,6632.2446,-0.44864112,5,1,false,false,-10.220644,1.1692094,4.447651,-3.012783,3
53.87839,0.5576198,49.33037268239264,8.579327349242739,0,1,6653.4062,-0.47969866,5,1,false,false,-10.093111,1.0807403,4.304049,-3.016421,3
53.890663,0.55781835,49.33037124378858,8.579315105686044,0,1,6687.8623,-0.51172537,5,1,false,false,-12.893677,1.2992718,7.7160597,-3.0209088,3
53.90915,0.55801696,49.33036989505011,8.579302999414372,0,1,6694.399,-0.54059744,5,1,false,false,-16.386532,2.142601,10.185642,-3.026716,3
53.93965,0.5582157,49.33036854631164,8.579290755437846,0,1,6642.2544,-0.5493325,5,1,false,false,-19.12524,2.6245756,11.946666,-3.0338116,3
53.96456,0.5584146,49.330367287507364,8.579278511881151,0,1,6581.841,-0.53453207,5,1,false,false,-19.8888,2.1907294,11.853702,-3.0414486,3
53.980904,0.5586135,49.33036602870308,8.579266267904627,0,1,6581.9136,-0.5005648,5,1,false,false,-20.858389,1.8354406,12.368537,-3.0489933,3
53.993504,0.5588125,49.330364859833,8.579254024347932,0,1,6577.564,-0.46004492,5,1,false,false,-21.080778,1.7441967,12.304543,-3.0560608,3
54.005074,0.55901164,49.33036369089431,8.579241780371406,0,1,6559.1455,-0.41709954,5,1,false,false,-20.333021,1.7394022,11.92957,-3.0626733,3
54.017662,0.5592109,49.330362611958414,8.579229536814713,0,1,6561.8677,-0.3799776,5,1,false,false,-19.333305,1.6394424,10.94123,-3.068773,3
54.02737,0.55941015,49.330361622888105,8.579217292838187,0,1,6570.6235,-0.34843406,5,1,false,false,-18.298532,1.4873239,10.780351,-3.0743117,3
54.038437,0.5596095,49.33036054388361,8.579204911576642,0,1,6582.1714,-0.32465625,5,1,false,false,-17.639359,1.5241987,9.887678,-3.079541,3
54.050564,0.5598089,49.330359644747496,8.579192668019948,0,1,6591.068,-0.30063462,5,1,false,false,-16.307919,1.5394806,8.995244,-3.084635,3
54.06663,0.56000847,49.330358745611385,8.579180286338572,0,1,6600.1216,-0.28292236,5,1,false,false,-15.41129,1.8082079,8.488216,-3.0896192,3
54.08501,0.56020814,49.330357846475266,8.579168042781877,0,1,6594.593,-0.26860684,5,1,false,false,-15.701635,1.7898998,9.222161,-3.0942438,3
54.101784,0.56040794,49.33035703720475,8.579155661520332,0,1,6591.248,-0.25938758,5,1,false,false,-15.529673,1.6724746,9.204814,-3.0986178,3
54.117268,0.56060785,49.33035622800283,8.579143279838954,0,1,6606.687,-0.25283605,5,1,false,false,-14.682794,1.570394,8.253356,-3.1029537,3
54.133774,0.5608079,49.33035550866649,8.579131036282261,0,1,6616.7837,-0.24701172,5,1,false,false,-15.195868,1.7506031,9.28402,-3.107282,3
54.15303,0.5610081,49.330354789330165,8.579118655020714,0,1,6608.901,-0.24167344,5,1,false,false,-15.46769,1.8586981,10.082163,-3.1115444,3
54.172592,0.5612084,49.33035406999383,8.579106273339338,0,1,6602.9897,-0.23633614,5,1,false,false,-15.058958,1.8198913,8.996225,-3.115693,3
54.19266,0.5614089,49.33035344059169,8.579093892077791,0,1,6609.1196,-0.23221117,5,1,false,false,-14.11357,1.8071198,8.318173,-3.1196172,3
54.213467,0.56160945,49.330352811189556,8.579081510816247,0,1,6609.027,-0.22978555,5,1,false,false,-13.858241,1.8448055,8.620387,-3.1231217,3
54.234577,0.56181026,49.33035227172161,8.5790691295547,0,1,6605.8745,-0.23026976,5,1,false,false,-13.612638,1.7620097,8.348802,-3.1261954,3
54.25399,0.5620112,49.33035173225366,8.579056610588303,0,1,6614.7993,-0.23488079,5,1,false,false,-12.67449,1.5918812,7.6323028,-3.128982,3
54.272923,0.5622123,49.33035119271711,8.579044229326758,0,1,6631.91,-0.24434306,5,1,false,false,-13.260566,1.594368,9.057682,-3.1316936,3
54.292553,0.5624136,49.33035074318335,8.579031848065211,0,1,6638.0503,-0.25938758,5,1,false,false,-14.155877,1.7085973,9.937833,-3.134657,3
54.313576,0.56261504,49.330350293581,8.579019329098815,0,1,6637.3345,-0.27321708,5,1,false,false,-14.369162,1.784739,9.692699,-3.138091,3
54.337498,0.5628166,49.33034993391283,8.579006947837268,0,0.95659685,6637.6587,-0.2877746,5,1,false,false,-15.042133,2.0447812,10.775749,3.1412044,3
54.363407,0.5630183,49.330349574244664,8.578994566155892,0,0.78545004,6604.144,-0.29820797,5,1,false,false,-15.978736,2.0457752,10.7955265,3.1371143,3
54.38445,0.5632203,49.3303492145765,8.578982047189493,0,0.53390896,6526.007,-0.30645883,5,1,false,false,-16.02473,1.5185146,10.81638,3.1330967,3
54.38791,0.56342244,49.33034894484253,8.578969528642928,0,0.32503086,6478.8076,-0.31228143,5,1,false,false,-15.57857,0.087183006,10.667921,3.129285,3
54.36718,0.56362456,49.33034867510855,8.578957146961551,0,0.19284832,6486.03,-0.31689245,5,1,false,false,-16.068577,-1.2111851,11.286061,3.1257734,3
54.33377,0.56382674,49.33034849530877,8.578944627995153,0,0.11491988,6466.362,-0.32125852,5,1,false,false,-16.16578,-1.6262293,11.321375,3.1223526,3
54.299088,0.56402886,49.33034831544039,8.578932246733608,0,0.08138102,6408.9453,-0.3256266,5,1,false,false,-15.676427,-1.6133041,11.274013,3.118771,3
54.264156,0.5642309,49.330348225574795,8.578919727767211,0,0.06855733,6338.244,-0.32781005,5,1,false,false,-15.860761,-1.6827766,11.488621,3.1148887,3
54.2267,0.56443274,49.330348135640605,8.578907346505664,0,0.08877927,6332.834,-0.3282961,5,1,false,false,-15.589951,-2.244471,10.739895,3.1107073,3
54.165565,0.5646345,49.330348045706415,8.57889496524412,0,0.13390876,6535.149,-0.32756698,5,1,false,false,-15.174306,-3.5056252,10.945831,3.106378,3
54.116467,0.564836,49.330348045706415,8.578882446277722,0,0.2263872,6547.733,-0.3265968,5,1,false,false,-15.181882,-1.975282,10.562307,3.1019933,3
54.08023,0.56503737,49.330348045706415,8.578870065016176,0,0.39210853,6634.633,-0.3263538,5,1,false,false,-15.0766535,-1.6882082,11.376626,3.097534,3
54.0493,0.5652386,49.330348135640605,8.57885768375463,0,0.555857,6727.9653,-0.3282962,5,1,false,false,-14.814271,-0.7641457,10.984743,3.0929701,3
54.062035,0.5654399,49.330348225574795,8.578845302493084,0,0.7704069,6506.3066,-0.33193502,5,1,false,false,-14.660201,1.9736065,11.0159025,3.088234,3
54.08353,0.5656412,49.33034840537458,8.578832920811708,0,0.9006164,6546.4272,-0.3367872,5,1,false,false,-14.85844,1.2425346,11.246886,3.0831504,3
54.0935,0.5658425,49.33034858517436,8.578820539550161,0,0.9999999,6626.59,-0.3430958,5,1,false,false,-16.05196,1.1667689,12.131586,3.077827,3
54.113434,0.566044,49.33034876504274,8.578808158288616,0,1,6576.433,-0.35037547,5,1,false,false,-15.46201,1.9725119,10.814024,3.0721476,3
54.13866,0.56624556,49.33034903477672,8.57879577702707,0,1,6564.844,-0.35741127,5,1,false,false,-15.597486,1.852839,11.002476,3.0663385,3
54.157913,0.56644714,49.33034930451069,8.578783258060673,0,1,6587.8145,-0.36396277,5,1,false,false,-16.357067,1.6082063,11.920656,3.0606372,3
54.176132,0.56664884,49.330349664178854,8.578770876799128,0,1,6577.0625,-0.3690579,5,1,false,false,-16.621618,1.6379552,11.31145,3.0551357,3
54.194,0.5668506,49.330350023847025,8.57875849511775,0,1,6578.06,-0.37269792,5,1,false,false,-16.016579,1.5638504,11.006073,3.0496309,3
54.210197,0.5670524,49.33035047344938,8.578746113856205,0,1,6596.8843,-0.37415323,5,1,false,false,-16.438644,1.5158381,10.973471,3.044039,3
54.227116,0.56725425,49.330350922983136,8.578733732594658,0,1,6597.619,-0.37391022,5,1,false,false,-16.404238,1.6159934,11.133176,3.0383627,3
54.24471,0.5674562,49.330351462451084,8.578721213628262,0,1,6594.5703,-0.37124157,5,1,false,false,-16.373472,1.6362978,10.971678,3.0326042,3
54.26185,0.5676582,49.330352001987634,8.578708832366715,0,1,6602.351,-0.36687452,5,1,false,false,-16.29599,1.5991892,10.699356,3.026758,3
54.278706,0.5678602,49.33035263138977,8.57869645110517,0,1,6606.085,-0.3605659,5,1,false,false,-16.138199,1.6378608,10.516628,3.0209124,3
54.296337,0.5680623,49.33035326079191,8.578684069843625,0,1,6605.7163,-0.35377225,5,1,false,false,-15.926651,1.6798794,10.200717,3.0151336,3
54.31375,0.5682645,49.33035389019405,8.578671550877226,0,1,6607.424,-0.34576538,5,1,false,false,-16.127945,1.6428765,10.659866,3.0094962,3
54.33024,0.56846666,49.33035460953038,8.57865916919585,0,1,6611.1606,-0.33703032,5,1,false,false,-15.929674,1.6234396,10.146908,3.0039527,3
54.34649,0.5686689,49.33035532879811,8.578646787934304,0,1,6616.2407,-0.32732588,5,1,false,false,-15.996298,1.610227,10.385386,2.998481,3
54.364124,0.56887126,49.33035613806863,8.578634406672759,0,1,6619.4717,-0.31543604,5,1,false,false,-15.183618,1.7173914,9.654335,2.9930859,3
54.381462,0.5690737,49.33035694727056,8.578622025411212,0,1,6619.218,-0.3040324,5,1,false,false,-15.634467,1.6366215,9.971321,2.9879224,3
54.39778,0.5692761,49.330357846475266,8.578609644149667,0,1,6623.395,-0.29432613,5,1,false,false,-16.492722,1.6669291,11.38115,2.982814,3
54.413074,0.5694786,49.330358745611385,8.57859726246829,0,1,6628.5,-0.28510678,5,1,false,false,-15.869287,1.6143322,10.286949,2.9775722,3
54.430363,0.5696811,49.330359644747496,8.578584743921724,0,1,6630.771,-0.277342,5,1,false,false,-14.823762,1.7544267,9.124094,2.9723551,3
54.45041,0.56988376,49.330360633817804,8.578572362240347,0,1,6627.933,-0.26884902,5,1,false,false,-14.691685,1.8714114,9.278727,2.9675298,3
54.470272,0.5700864,49.330361712822295,8.5785599809788,0,1,6618.552,-0.26278344,5,1,false,false,-13.7994795,1.7286155,8.322505,2.963356,3
54.487152,0.5702892,49.33036279175819,8.578547599717256,0,1,6628.1514,-0.26011488,5,1,false,false,-13.220813,1.448368,8.751349,2.959695,3
54.50183,0.570492,49.33036387076269,8.578535218455709,0,1,6653.8486,-0.25890157,5,1,false,false,-13.54312,1.4056344,9.022018,2.956112,3
54.516956,0.57069486,49.330364949698584,8.578522837194164,0,1,6665.6177,-0.25696105,5,1,false,false,-14.496134,1.5418057,9.747717,2.9522579,3
54.53599,0.5708979,49.33036611863727,8.578510455512786,0,1,6668.4453,-0.24968135,5,1,false,false,-12.631202,1.8813629,8.526174,2.9479105,3
54.559566,0.5711009,49.330367287507364,8.578498074251241,0,1,6663.653,-0.23585099,5,1,false,false,-14.684241,1.9193566,9.844184,2.943624,3
54.582214,0.57130396,49.33036854631164,8.578485830694548,0,1,6645.8604,-0.21886602,5,1,false,false,-16.470686,2.0219746,12.7971325,2.9393075,3
54.601578,0.5715072,49.33036980511592,8.578473449433002,0,1,6631.8657,-0.19557242,5,1,false,false,-15.243277,1.4715276,10.923125,2.9349647,3
54.61892,0.57171047,49.33037115385439,8.578461067751624,0,1,6653.913,-0.16961023,5,1,false,false,-14.398333,1.9839251,10.517804,2.9305258,3
54.642197,0.5719138,49.33037250259286,8.578448686490079,0,1,6648.5723,-0.14049232,5,1,false,false,-15.297737,1.9539119,11.747854,2.9265387,3
54.665527,0.5721172,49.33037385133133,8.578436305228534,0,1,6612.298,-0.11550037,5,1,false,false,-14.373318,1.9329073,11.4246855,2.923316,3
54.685875,0.5723207,49.33037528993539,8.578423923966987,0,1,6627.0835,-0.0958457,5,1,false,false,-13.343886,1.5881447,10.947708,2.9207077,3
54.70388,0.57252425,49.33037672860805,8.578411679990463,0,1,6648.1963,-0.08128819,5,1,false,false,-12.9012375,1.5981429,10.881116,2.9185448,3
54.72558,0.5727279,49.33037825714631,8.578399298728916,0,1,6643.312,-0.07425055,5,1,false,false,-11.927863,1.8148123,10.545713,2.9166985,3
54.7493,0.5729317,49.330379785684556,8.578386917467371,0,1,6640.7686,-0.07231007,5,1,false,false,-11.570655,1.7651935,10.803623,2.9151545,3
54.772785,0.5731356,49.33038131422281,8.578374673490845,0,1,6647.2666,-0.07425054,5,1,false,false,-10.893815,1.7313589,10.134753,2.913825,3
54.79627,0.57333964,49.33038293269526,8.5783622922293,0,1,6649.757,-0.0791037,5,1,false,false,-10.340071,1.7281888,10.784536,2.9126866,3
54.821507,0.5735438,49.33038446130211,8.578350048672606,0,1,6651.587,-0.082985654,5,1,false,false,-9.63899,1.7997245,10.459426,2.91164,3
54.84688,0.573748,49.33038616964014,8.578337666991228,0,1,6652.899,-0.083955884,5,1,false,false,-9.00644,1.7093326,9.861486,2.9106882,3
54.87226,0.5739524,49.33038778811259,8.578325423434535,0,1,6657.9087,-0.08322866,5,1,false,false,-8.480291,1.7588305,10.34017,2.9097748,3
54.898586,0.5741569,49.330389496519224,8.57831304217299,0,1,6661.8525,-0.07983184,5,1,false,false,-7.612036,1.74651,9.528494,2.9089186,3
54.92492,0.5743616,49.33039111499167,8.578300660491612,0,1,6662.259,-0.07376452,5,1,false,false,-6.955976,1.7267653,9.500317,2.9081686,3
54.95143,0.5745664,49.330392823398306,8.578288416934917,0,1,6667.5195,-0.06769899,5,1,false,false,-7.12465,1.6857593,10.846372,2.9074478,3
54.97719,0.5747714,49.33039462167053,8.578276035673372,0,1,6673.4785,-0.062603794,5,1,false,false,-6.1193166,1.629429,10.260492,2.9066515,3
55.003445,0.57497656,49.330396330077164,8.578263791696846,0,1,6682.9946,-0.05435382,5,1,false,false,-5.5638676,1.7311605,8.556226,2.9058163,3
55.0324,0.57518184,49.330398128349394,8.578251410435302,0,1,6684.5244,-0.049015556,5,1,false,false,-5.626391,1.8185304,11.869535,2.905036,3
55.061535,0.5753873,49.330399926621624,8.578239166458776,0,1,6676.0728,-0.04683108,5,1,false,false,-5.9426103,1.811694,11.975174,2.9043062,3
55.088203,0.575593,49.33040163502826,8.57822678519723,0,1,6679.059,-0.046345964,5,1,false,false,-5.297192,1.5843782,10.981766,2.9035125,3
55.11596,0.5757988,49.33040352323467,8.578214403935684,0,1,6695.333,-0.047559254,5,1,false,false,-4.9641657,1.9459721,10.737632,2.9026773,3
55.148113,0.5760048,49.3304053215755,8.578202160378991,0,1,6676.9287,-0.048044365,5,1,false,false,-4.6949606,1.9903456,10.206428,2.9019923,3
55.17708,0.576211,49.33040711984773,8.578189778697613,0,1,6655.9883,-0.04416149,5,1,false,false,-4.434697,1.6816735,9.555205,2.9015367,3
55.201683,0.5764173,49.33040900805415,8.578177397436068,0,1,6680.5347,-0.038824156,5,1,false,false,-3.598598,1.4116901,10.00455,2.9011679,3
55.223522,0.57662386,49.33041080639497,8.578165153879374,0,1,6701.8535,-0.029603954,5,1,false,false,-3.0903382,1.3836432,10.479394,2.9008214,3
55.247715,0.5768305,49.33041269460139,8.578152772197997,0,1,6713.546,-0.01116165,5,1,false,false,-2.5476332,1.5481663,8.981773,2.9004214,3
55.27483,0.57703745,49.33041458280781,8.57814039093645,0,1,6725.0884,0.01844136,5,1,false,false,-1.8630208,1.7219523,8.805829,2.90001,3
55.30562,0.5772445,49.33041647101423,8.578128147379758,0,1,6722.2646,0.049985815,5,1,false,false,-1.2998515,1.9206827,10.06155,2.8997428,3
55.336132,0.57745177,49.330418359220644,8.578115766118211,0,1,6709.9365,0.090266764,5,1,false,false,-0.48824912,1.7998893,10.640025,2.8997679,3
55.364727,0.57765925,49.330420247427064,8.578103384436835,0,1,6715.397,0.122781925,5,1,false,false,0.20928301,1.6876101,9.828378,2.9001906,3
55.392235,0.5778669,49.33042213563348,8.578091003175288,0,1,6726.3223,0.14850342,5,1,false,false,0.9477441,1.6908954,9.454372,2.9010742,3
55.421288,0.5780748,49.3304240238399,8.578078621913743,0,1,6721.8286,0.16815905,5,1,false,false,1.4125873,1.7924048,9.696686,2.9024549,3
55.450104,0.5782828,49.33042591211492,8.578066240652198,0,1,6715.6704,0.17519572,5,1,false,false,1.9696747,1.6630125,9.07146,2.904297,3
55.475937,0.57849085,49.33042780032134,8.578053859390652,0,1,6726.532,0.17446804,5,1,false,false,2.6797488,1.4939258,9.551286,2.9065392,3
55.500565,0.5786991,49.33042968852776,8.578041477709274,0,1,6741.327,0.16815902,5,1,false,false,2.9914663,1.4896197,10.381133,2.9091294,3
55.52577,0.5789075,49.33043148679998,8.578029096447729,0,1,6749.928,0.15869486,5,1,false,false,3.8480887,1.5803261,10.584876,2.9119885,3
55.553253,0.57911587,49.3304333750064,8.578016715186184,0,1,6756.562,0.14753321,5,1,false,false,3.9692297,1.7661915,9.308979,2.9150975,3
55.582714,0.5793244,49.33043526321282,8.578004196219785,0,1,6750.949,0.13831204,5,1,false,false,4.1906705,1.852788,8.9446945,2.9182856,3
55.61305,0.57953304,49.330437061553646,8.57799181495824,0,1,6738.4844,0.13224562,5,1,false,false,4.8736825,1.8185129,9.792296,2.921354,3
55.63999,0.5797416,49.330438949760065,8.577979433696695,0,1,6735.77,0.13006213,5,1,false,false,5.5629163,1.5614005,10.169529,2.9242496,3
55.663116,0.57995033,49.330440748032295,8.577966914730297,0,1,6752.4204,0.13103235,5,1,false,false,5.8521314,1.4230039,9.819556,2.9270947,3
55.686295,0.5801592,49.33044254637312,8.577954533468752,0,1,6767.748,0.13564245,5,1,false,false,5.7810006,1.544079,9.212173,2.9299514,3
55.712162,0.5803679,49.33044434464534,8.577942014502353,0,1,6769.3457,0.13928232,5,1,false,false,6.482707,1.7107266,9.459528,2.9327972,3
55.739155,0.5805767,49.330446142986176,8.577929495535956,0,1,6764.3623,0.14340773,5,1,false,false,6.7423797,1.7023739,9.111354,2.9356253,3
55.764435,0.5807857,49.3304479412584,8.57791697656956,0,1,6765.958,0.14777574,5,1,false,false,7.016551,1.5893928,9.8403635,2.9384124,3
55.78864,0.5809945,49.330449649665034,8.577904457603161,0,1,6776.875,0.15020236,5,1,false,false,7.5731754,1.5609136,10.223305,2.94123,3
55.81277,0.5812034,49.330451447937264,8.577891938636764,0,1,6781.103,0.15093003,5,1,false,false,7.573148,1.6144843,9.045993,2.9441373,3
55.838223,0.58141243,49.3304531563439,8.577879419880283,0,1,6782.1323,0.14947467,5,1,false,false,7.499595,1.6983384,9.251111,2.9470763,3
55.864174,0.5816213,49.33045486468193,8.577866900913886,0,1,6781.3374,0.14559224,5,1,false,false,8.186613,1.6916356,10.268414,2.9499502,3
55.888535,0.5818302,49.33045648315438,8.577854381947487,0,1,6780.381,0.14146683,5,1,false,false,8.553178,1.5978557,10.959545,2.9527855,3
55.911808,0.5820391,49.330458191561014,8.57784186298109,0,1,6788.386,0.13831207,5,1,false,false,8.424966,1.572585,9.892426,2.9556737,3
55.935886,0.5822481,49.33045981003346,8.577829206519757,0,1,6795.0493,0.1344292,5,1,false,false,8.241271,1.6765355,9.341011,2.9585738,3
55.96129,0.5824569,49.3304614285059,8.577816687553359,0,1,6788.374,0.12836325,5,1,false,false,8.601517,1.696791,10.69191,2.961347,3
55.985893,0.5826658,49.330463046978345,8.577804031092025,0,1,6783.988,0.12351011,5,1,false,false,8.63752,1.6135867,9.7369375,2.9639683,3
56.008205,0.58287466,49.33046466545079,8.577791512335544,0,1,6792.279,0.11865743,5,1,false,false,8.25654,1.4647763,9.550197,2.9664712,3
56.030544,0.5830834,49.33046619398905,8.577778855664295,0,1,6803.746,0.10992093,5,1,false,false,8.2561455,1.6117418,9.876118,2.9689026,3
56.054066,0.5832921,49.330467722527295,8.577766199202962,0,1,6802.6196,0.09851626,5,1,false,false,7.901371,1.5756582,9.313782,2.9712396,3
56.07787,0.5835009,49.33046925113415,8.577753542741629,0,1,6802.9893,0.08250194,5,1,false,false,7.2885776,1.5937742,8.999367,2.973433,3
56.101307,0.58370954,49.3304707796724,8.577740886280294,0,1,6811.796,0.064060085,5,1,false,false,7.4944015,1.5270331,10.021209,2.9754455,3
56.124367,0.5839181,49.33047230821065,8.57772822981896,0,1,6814.6943,0.041007698,5,1,false,false,7.198201,1.5551003,10.857261,2.9773116,3
56.148083,0.5841268,49.330473746883314,8.577715573357628,0,1,6818.59,0.021838175,5,1,false,false,7.0100875,1.6100789,10.762269,2.9790375,3
56.173283,0.5843352,49.33047527542157,8.577702916896294,0,1,6823.716,0.0009702509,5,1,false,false,6.766239,1.7163277,11.247156,2.9806073,3
56.20027,0.58454365,49.33047671402563,8.577690260434961,0,1,6813.945,-0.01601479,5,1,false,false,5.8853397,1.841614,9.608759,2.981844,3
56.22823,0.58475214,49.33047815269829,8.577677466268776,0,1,6801.959,-0.027661568,5,1,false,false,5.0221553,1.7376654,8.189885,2.9825163,3
56.252857,0.5849605,49.33047959130236,8.577664809807443,0,1,6803.7627,-0.03275774,5,1,false,false,4.5943775,1.4826982,8.367318,2.9825664,3
56.272575,0.58516884,49.33048094004082,8.57765215334611,0,1,6815.8022,-0.027177379,5,1,false,false,4.24762,1.1272252,10.310695,2.9821875,3
56.28955,0.5853772,49.330482378713484,8.577639359179923,0,1,6844.8887,-0.012374939,5,1,false,false,3.9114933,1.072878,9.619821,2.9816754,3
56.308605,0.5855854,49.330483727451956,8.57762670271859,0,1,6875.2876,0.004852199,5,1,false,false,3.6042595,1.3423321,8.387628,2.9812815,3
56.33769,0.58579355,49.33048516605602,8.57761390876232,0,1,6876.0996,0.020867927,5,1,false,false,3.8752575,2.0959783,9.829835,2.9810486,3
56.371452,0.5860018,49.33048651479449,8.577601114596135,0,1,6838.3228,0.03227261,5,1,false,false,3.8122642,2.02591,10.2484045,2.9809198,3
56.401073,0.58621,49.33048795339855,8.577588458134802,0,1,6823.746,0.041007694,5,1,false,false,3.2885542,1.6588268,9.131808,2.9808578,3
56.42567,0.5864181,49.33048930213702,8.577575664178532,0,1,6841.866,0.042464003,5,1,false,false,3.1790507,1.4835663,9.402481,2.9808524,3
56.449894,0.5866263,49.33049065087549,8.577562870012347,0,1,6843.647,0.039551377,5,1,false,false,2.9793313,1.5157925,9.583789,2.9809272,3
56.47413,0.5868345,49.33049199961396,8.577550076056077,0,1,6840.6255,0.033728927,5,1,false,false,2.6186194,1.4625915,10.008953,2.9810824,3
56.497055,0.58704245,49.330493348352434,8.577537281889892,0,1,6858.9326,0.026448287,5,1,false,false,2.4029613,1.379022,9.657532,2.9813147,3
56.520363,0.58725053,49.3304946970223,8.577524487933623,0,1,6871.6665,0.020867925,5,1,false,false,2.1534255,1.4770577,8.869339,2.9816158,3
56.546524,0.58745867,49.330496045760775,8.577511693767438,0,1,6869.358,0.017713202,5,1,false,false,1.9332981,1.6539395,9.120942,2.9819486,3
56.573647,0.58766663,49.33049739449924,8.577498899811168,0,1,6866.4097,0.016014792,5,1,false,false,1.7062526,1.6184834,8.735157,2.982263,3
56.59933,0.5878747,49.33049865330352,8.577486105644983,0,1,6869.032,0.015772698,5,1,false,false,1.8730365,1.528505,8.974296,2.9825475,3
56.62407,0.58808285,49.330500002041994,8.577473311688713,0,1,6875.9263,0.015772697,5,1,false,false,1.8518801,1.4820821,11.22331,2.9828298,3
56.648575,0.5882908,49.33050135078046,8.577460380027592,0,1,6881.9277,0.013103094,5,1,false,false,1.8160816,1.5215055,10.337237,2.9831219,3
56.67438,0.5884989,49.33050269945033,8.577447586071322,0,1,6887.6006,0.0075217984,5,1,false,false,1.6788937,1.6035805,10.116389,2.9834366,3
56.70308,0.58870703,49.33050395825461,8.577434791905137,0,1,6882.5913,-0.00097025244,5,1,false,false,1.5452318,1.8408281,11.116561,2.9837317,3
56.731644,0.58891505,49.33050530699308,8.577421860244016,0,1,6866.3726,-0.011161652,5,1,false,false,1.4160076,1.7046508,10.736158,2.9839363,3
56.757652,0.58912313,49.33050665573155,8.577409066287746,0,1,6866.179,-0.019412551,5,1,false,false,1.0195498,1.5087968,10.771121,2.9840162,3
56.78134,0.5893313,49.33050791453583,8.577396272121561,0,1,6876.737,-0.026448285,5,1,false,false,0.9745649,1.4835995,11.650858,2.983954,3
56.805264,0.5895395,49.3305092632743,8.57738334046044,0.039556775,1,6879.9976,-0.030816294,5,1,false,false,0.75861645,1.4520369,12.387049,2.983766,3
56.823856,0.58974767,49.33051061201277,8.577370409009236,0.13582751,0.9287298,6875.241,-0.03251565,5,1,false,false,0.5990427,0.98327917,11.297481,2.9834487,3
56.825138,0.5899558,49.33051187081705,8.57735761484305,0.18980104,0.69543785,6835.706,-0.032757737,5,1,false,false,0.3476571,-0.3867363,8.727716,2.983025,3
56.801846,0.5901639,49.33051321955552,8.577344683181929,0.29310143,0.3348952,6715.2104,-0.029846042,5,1,false,false,0.22356384,-2.1991882,8.002193,2.9825244,3
56.729027,0.5903717,49.330514478359795,8.57733188922566,0.34004524,0.11615288,6659.7817,-0.026448287,5,1,false,false,0.13950825,-5.804211,7.782894,2.9819832,3
56.616158,0.5905792,49.33051582709827,8.577318957564538,0.4292863,0,6573.332,-0.023294497,5,1,false,false,0.008596048,-7.211256,8.67956,2.9814284,3
56.48174,0.59078616,49.33051708590255,8.577306163608268,0.47384727,0,6464.343,-0.01989674,5,1,false,false,-0.4448868,-8.603533,8.636861,2.9808736,3
56.323643,0.59099245,49.33051843457242,8.577293369442083,0.5583225,0,6464.0264,-0.018199267,5,1,false,false,-0.14942901,-10.1490555,8.487348,2.9802566,3
56.133045,0.5911982,49.330519693376694,8.57728071298075,0.591207,0,6505.5,-0.016257826,5,1,false,false,-0.5429903,-12.2605,8.11209,2.9796321,3
55.918888,0.5914032,49.330521042115166,8.577268056519417,0.6358869,0,6397.527,-0.01358822,5,1,false,false,-0.6198635,-13.017344,9.129677,2.978964,3
55.689392,0.5916076,49.33052230091945,8.577255400058084,0.6523293,0,6402.1597,-0.010434435,5,1,false,false,-0.3789128,-14.341657,10.157071,2.9782493,3
55.444084,0.59181124,49.33052364965791,8.577242743596749,0.6640059,0,6431.804,-0.0063094525,5,1,false,false,-0.5219139,-14.732168,10.610021,2.9776077,3
55.202053,0.5920139,49.330524908462195,8.577230224630352,0.6617419,0,6362.936,0.00024303223,5,1,false,false,-0.7206143,-14.453374,10.62783,2.9770744,3
54.960403,0.5922158,49.33052616726647,8.577217705663955,0.6523292,0,6324.4717,0.0060654827,5,1,false,false,-0.6585253,-14.619558,10.517563,2.9765985,3
54.715237,0.59241676,49.33052751600494,8.577205324402408,0.6452998,0,6328.5347,0.012374938,5,1,false,false,-0.51206625,-14.692447,10.515022,2.976167,3
54.475727,0.5926168,49.330528774809224,8.577192942930948,0.63827014,0,6305.4824,0.020139767,5,1,false,false,-0.4527732,-14.225669,10.119142,2.975824,3
54.240597,0.592816,49.3305300336135,8.577180699164337,0.63826996,0,6273.014,0.027662504,5,1,false,false,-0.3710521,-14.001829,10.270304,2.9755945,3
54.00838,0.59301436,49.33053129241778,8.577168455397729,0.64529955,0,6255.761,0.03761087,5,1,false,false,-0.22972661,-13.937024,10.511905,2.9755018,3
53.776936,0.5932119,49.330532551222056,8.577156211631118,0.6523292,0,6223.655,0.047802284,5,1,false,false,0.035790548,-13.874182,10.651226,2.97555,3
53.547928,0.5934086,49.330533810094934,8.577144105359444,0.656976,0,6182.1196,0.056780387,5,1,false,false,0.21759818,-13.627879,9.0356455,2.9757285,3
53.320583,0.5936044,49.330535068899216,8.577131999297688,0.6617418,0,6150.6445,0.06260378,5,1,false,false,0.46880764,-13.785593,9.396208,2.9760735,3
53.08816,0.59379935,49.3305363277035,8.577119893026014,0.65697616,0,6121.0234,0.06600156,5,1,false,false,0.5159278,-14.035605,8.883069,2.9765801,3
52.856735,0.5939935,49.33053758650777,8.577107924459192,0.65471226,0,6094.8057,0.06551548,5,1,false,false,0.67953336,-13.708473,9.2163,2.9772,3
52.62975,0.59418684,49.33053875537786,8.577095955682454,0.6499465,0,6052.482,0.060663268,5,1,false,false,0.76000553,-13.725698,10.250278,2.9779558,3
52.39885,0.5943793,49.33054001418214,8.577084124820484,0.63826984,0,5999.1797,0.052655406,5,1,false,false,0.6590848,-13.839134,10.088904,2.9788294,3
52.17047,0.59457093,49.33054127298642,8.577072293748598,0.6335042,0,5978.4956,0.044162422,5,1,false,false,0.9691634,-13.704378,9.356868,2.9797525,3
51.939762,0.5947617,49.330542441925104,8.577060462676712,0.61944467,0,5965.9604,0.034456156,5,1,false,false,0.91598344,-14.0039215,9.455685,2.9806943,3
51.706158,0.5949516,49.330543700729386,8.577048769099763,0.61241525,0,5965.619,0.0308163,5,1,false,false,1.1489719,-14.02587,10.416058,2.981622,3
51.47613,0.5951407,49.33054486959947,8.577037075522812,0.61241513,0,5974.052,0.033728927,5,1,false,false,1.1857567,-13.6409235,10.754838,2.982513,3
51.255157,0.595329,49.33054603846956,8.577025382155778,0.6170618,0,5948.3647,0.045375705,5,1,false,false,1.7633618,-13.022787,10.072803,2.9833498,3
51.039757,0.59551644,49.33054720740825,8.57701382628368,0.6288575,0,5906.7,0.061633535,5,1,false,false,2.0068853,-12.87433,10.321295,2.9842153,3
50.82293,0.59570307,49.33054846621253,8.577002270201666,0.63350403,0,5876.827,0.08250192,5,1,false,false,2.461526,-13.196552,10.302874,2.9851959,3
50.601475,0.595889,49.33054963508261,8.576990714329568,0.6499464,0,5852.9854,0.099244855,5,1,false,false,2.9915893,-13.335513,10.367624,2.98634,3
50.382515,0.596074,49.33055071408711,8.576979295952407,0.6593591,0.77,6089.2725,0.11186283,0,1,false,false,3.3538375,-13.100272,10.1739235,2.9877212,3
50.16891,0.5962582,49.330551882957195,8.576967877575244,0.6758013,0.77,6505.906,0.114775,0,1,false,false,3.0866754,-12.813401,9.439635,2.9893954,3
49.95016,0.5964417,49.33055305189588,8.576956596902933,0.68044794,0,6505.906,0.10773738,4,1,false,false,3.4922292,-13.288283,9.564726,2.9912415,3
49.711575,0.59662426,49.330554130831786,8.576945316020709,0.6898607,0,6731.2505,0.09148003,4,1,false,false,2.9600391,-15.401651,7.7586083,2.9932044,3
49.45541,0.596806,49.33055520983628,8.576934035348398,0.69462633,0,6904.6777,0.06721481,4,1,false,false,2.6438766,-14.696038,8.337413,2.995135,3
49.21567,0.5969867,49.330556288840775,8.576922892171023,0.701656,0,6783.7725,0.041493755,4,1,false,false,2.769328,-14.380504,9.313385,2.9970453,3
48.97726,0.5971666,49.33055745771086,8.576911748783733,0.7086857,0,6669.862,0.01310309,4,1,false,false,2.7121325,-13.981041,8.57757,2.9990187,3
48.746346,0.59734565,49.33055844678117,8.57690060560636,0.70403916,0,6558.637,-0.006066423,4,1,false,false,2.4703066,-14.036308,9.427248,3.0010433,3
48.502445,0.59752375,49.330559525717064,8.576889599923922,0.69927335,0,6449.985,-0.021596087,4,1,false,false,2.9304292,-14.890388,10.986441,3.0030448,3
48.255867,0.597701,49.33056060472156,8.576878594451399,0.6922437,0,6368.961,-0.028147627,4,1,false,false,3.3922093,-14.749091,9.960961,3.0049503,3
48.004192,0.5978774,49.33056159379186,8.576867726263897,0.6828308,0,6548.278,-0.028390663,4,1,false,false,2.8456395,-15.3489,8.437532,3.0066502,3
47.740562,0.59805274,49.33056267279636,8.57685685828631,0.68044806,0,6591.342,-0.024022654,4,1,false,false,3.510293,-16.111582,10.443571,3.007978,3
47.484173,0.5982272,49.33056366186666,8.576845990098807,0.68283087,0,6527.7393,-0.019412551,4,1,false,false,4.2114873,-14.824164,11.943319,3.0089216,3
47.244198,0.59840065,49.33056465086837,8.576835259616157,0.6828309,0,6534.404,-0.016499916,4,1,false,false,4.0152807,-14.09307,10.646947,3.0095856,3
47.01788,0.5985733,49.330565639938676,8.576824666838359,0.6781843,0,6503.3237,-0.01722807,4,1,false,false,3.2801573,-13.240914,9.527237,3.01011,3
46.79537,0.5987451,49.33056662900898,8.576813936355709,0.67580134,0,6401.651,-0.023779616,4,1,false,false,3.5024624,-13.536409,10.410081,3.0105996,3
46.56278,0.5989161,49.330567618079286,8.576803343367994,0.6734184,0,6357.963,-0.036397588,4,1,false,false,3.1117017,-14.115083,10.925131,3.0111353,3
46.324886,0.59908617,49.3305685172154,8.57679275038028,0.67115456,0,6377.72,-0.05653736,4,1,false,false,2.7050388,-14.301417,11.031364,3.0115914,3
46.088493,0.59925544,49.330569506285705,8.576782295097416,0.6617418,0,6353.435,-0.07886067,4,1,false,false,2.1504142,-14.135901,10.995263,3.0118995,3
45.85606,0.5994238,49.33057040549042,8.576771839604639,0.6547124,0,6308.3926,-0.10021373,4,1,false,false,1.5227983,-13.770868,10.367625,3.011966,3
45.627132,0.5995914,49.33057130462653,8.576761521816712,0.62885725,0,6307.129,-0.116227575,4,1,false,false,1.0796958,-13.70734,9.897677,3.0116382,3
45.40101,0.5997581,49.33057220376264,8.576751066533848,0.6124151,0,6312.332,-0.12544873,4,1,false,false,0.80129874,-13.441635,10.566988,3.0108585,3
45.182846,0.59992397,49.33057319283295,8.576740886240858,0.57953054,0,6290.588,-0.12544872,4,1,false,false,0.55907524,-12.721123,10.0622835,3.0097084,3
44.98113,0.6000891,49.33057409196906,8.576730568452932,0.5654711,0,6255.1567,-0.1128317,4,1,false,false,0.19670424,-11.668059,9.234375,3.0082989,3
44.79047,0.60025346,49.33057499110517,8.576720388369857,0.5419994,0,6213.129,-0.0875967,4,1,false,false,0.14530458,-11.447675,10.17583,3.0066998,3
44.6002,0.60041726,49.33057589024129,8.576710208076866,0.53723353,0,6167.1313,-0.05411078,4,1,false,false,0.4510461,-11.308445,9.980121,3.0050359,3
44.414585,0.6005803,49.330576789446,8.576700165488727,0.54199916,0,6141.5596,-0.011161651,4,1,false,false,0.68974215,-10.991253,9.054479,3.0034795,3
44.230633,0.60074264,49.33057759864793,8.576689985195737,0.54664594,0,6122.9624,0.031302363,4,1,false,false,0.97572047,-11.015343,8.927073,3.0021513,3
44.0417,0.60090435,49.33057849778404,8.576680080102534,0.5490289,0,6091.079,0.06017721,4,1,false,false,1.0381325,-11.614652,9.255732,3.0011773,3
43.847717,0.60106534,49.33057939698875,8.576670037514395,0.5536756,0,6083.508,0.0786195,4,1,false,false,0.7705134,-11.494595,9.080229,3.000603,3
43.658424,0.6012257,49.330580296124865,8.576660132421193,0.5630884,0,6082.6084,0.07643503,4,1,false,false,0.8280599,-11.389394,9.277354,3.0003371,3
43.46891,0.6013853,49.330581105326786,8.57665022732799,0.56773496,0,6040.6016,0.059692077,4,1,false,false,0.68213004,-11.281373,9.496597,3.0003388,3
43.281635,0.6015442,49.3305820044629,8.576640322234786,0.5841773,0,5987.0195,0.029359968,4,1,false,false,0.14406683,-11.282711,9.7660475,3.0005844,3
43.091076,0.60170245,49.33058281373342,8.576630554846435,0.59120685,0,5948.3354,-0.007279709,4,1,false,false,-0.5656678,-11.424699,9.643108,3.0009415,3
42.899914,0.60186005,49.33058371286953,8.576620787248169,0.5959727,0,5906.2725,-0.043920334,4,1,false,false,-0.86809784,-11.645963,9.392437,3.0012252,3
42.70126,0.60201687,49.33058452214006,8.576611019859818,0.60538554,0,5865.7593,-0.072310045,4,1,false,false,-1.3624237,-12.078694,9.962063,3.0013378,3
42.49696,0.60217315,49.33058542127617,8.576601389756487,0.6100321,0,5850.313,-0.08589732,4,1,false,false,-1.4826205,-12.34065,9.168751,3.0011566,3
42.28898,0.60232866,49.33058623047809,8.576591759863073,0.60764927,0,5843.9927,-0.085169196,4,1,false,false,-1.297,-12.577075,10.035789,3.0006871,3
42.08063,0.60248345,49.33058712961421,8.576582129969657,0.6076492,0,5825.7866,-0.069397435,4,1,false,false,-1.1937243,-12.405318,10.097784,3.0000122,3
41.881477,0.6026375,49.330587938884726,8.576572637571177,0.6100321,0,5791.2466,-0.042464018,4,1,false,false,-0.7489297,-11.768935,8.457432,2.9991877,3
41.68452,0.6027908,49.330588838020844,8.576563145172699,0.612415,0,5767.6274,-0.014074281,4,1,false,false,-0.34902278,-11.734613,8.713818,2.9983256,3
41.489197,0.6029433,49.33058964729136,8.57655365277422,0.6170618,0,5731.538,0.020624895,4,1,false,false,-0.01810497,-11.922409,9.132221,2.997531,3
41.287228,0.6030952,49.33059054642748,8.576544298080593,0.6264746,0,5683.7153,0.047074113,4,1,false,false,0.20616211,-12.000968,8.529574,2.9969144,3
41.098587,0.6032462,49.3305913556294,8.57653494317705,0.6312402,0,5654.446,0.066485725,4,1,false,false,0.5579908,-11.143245,7.8585873,2.9965281,3
40.90816,0.60339665,49.330592164899926,8.576525588483422,0.6312403,0,5577.008,0.07886162,4,1,false,false,0.5068486,-11.584785,7.9471326,2.9963892,3
40.712326,0.60354626,49.33059297410185,8.57651637128473,0.62885743,0,5505.218,0.08177331,4,1,false,false,0.57274324,-12.085317,8.71966,2.9964714,3
40.504128,0.6036952,49.33059387323796,8.576507016381187,0.63124025,0,5493.5854,0.079346746,4,1,false,false,0.51742536,-12.680244,9.960134,2.9967678,3
40.295616,0.60384333,49.33059468250848,8.576497936887348,0.6335041,0,5482.2964,0.07206704,4,1,false,false,0.47567776,-12.51405,9.076026,2.9972665,3
40.089947,0.60399073,49.330595491710405,8.576488719478741,0.63588697,0.77,5732.912,0.064545214,0,1,false,false,0.45159498,-12.276337,9.220282,2.9979243,3
39.887676,0.6041373,49.33059630098092,8.576479639984901,0.6452998,0.77,6169.1475,0.05435381,0,1,false,false,0.23942038,-12.231479,9.704647,2.998675,3
39.679653,0.60428315,49.33059711018284,8.576470697776083,0.64756346,0,6351.214,0.04440452,0,1,false,false,0.29569465,-12.684219,10.52355,2.9994426,3
39.47206,0.6044283,49.33059791945337,8.576461618282243,0.64756346,0,6341.2715,0.034456156,3,1,false,false,0.40189576,-13.025342,8.55202,3.0002265,3
39.227074,0.6045726,49.3305986387897,8.576452676073425,0.6452997,0,6687.133,0.026934348,3,1,false,false,0.37633842,-15.35743,8.950106,3.0010073,3
38.979668,0.6047159,49.330599447991624,8.576443871569456,0.6452997,0,6756.044,0.022566337,3,1,false,false,0.3515179,-14.271769,9.584588,3.0017643,3
38.755413,0.6048584,49.33060025726214,8.57643506706549,0.64994633,0,6635.762,0.021838184,3,1,false,false,0.71408045,-13.081592,9.92948,3.0024662,3
38.544655,0.6050001,49.33060106646407,8.576426262561522,0.65232927,0,6525.4688,0.023779618,3,1,false,false,0.81868833,-12.407572,9.92963,3.0031834,3
38.34229,0.60514104,49.3306017858004,8.576417458057554,0.6547122,0,6425.1074,0.029117888,3,1,false,false,0.981704,-12.2138,10.262623,3.0039134,3
38.131523,0.60528123,49.33060259500232,8.576408791048523,0.6523294,0,6444.194,0.033971027,3,1,false,false,1.1118269,-13.069526,10.043655,3.0046508,3
37.909866,0.6054206,49.33060331433865,8.576400124249407,0.64291656,0,6460.2993,0.036640625,3,1,false,false,1.1259022,-13.442661,10.2958145,3.005417,3
37.68879,0.6055592,49.33060403367498,8.57639159473531,0.6382701,0,6407.9614,0.03639759,3,1,false,false,1.3535539,-13.226952,10.538023,3.0061975,3
37.47063,0.6056969,49.3306048428769,8.576383065431132,0.62885725,0,6374.5425,0.03178654,3,1,false,false,1.4719856,-13.233382,10.442338,3.007016,3
37.24972,0.6058339,49.330605562213236,8.576374536126952,0.6240916,0,6390.426,0.024992902,3,1,false,false,1.3314059,-13.236585,10.263451,3.0078323,3
37.030457,0.60597,49.330606281549564,8.576366144317708,0.6100321,0,6404.407,0.015043598,3,1,false,false,1.2515703,-13.107388,10.747662,3.0085707,3
36.81918,0.6061054,49.3306070008859,8.576357752508466,0.59835565,0,6382.9995,0.0024265668,3,1,false,false,1.1585366,-12.426944,10.818795,3.0091763,3
36.617325,0.60624,49.33060772015362,8.576349360699222,0.5630883,0,6342.787,-0.009221149,3,1,false,false,1.0191867,-11.954843,10.61904,3.0096457,3
36.425365,0.6063739,49.33060843948996,8.576341106384914,0.54199934,0,6308.2417,-0.019169517,3,1,false,false,0.8467308,-11.3477955,10.42311,3.0099902,3
36.242195,0.6065071,49.330609158826284,8.576332852280522,0.50208515,0,6282.426,-0.0279046,3,1,false,false,0.5732129,-10.78741,9.5142355,3.0102136,3
36.06932,0.6066397,49.33060978822843,8.576324597966215,0.48790658,0,6253.9395,-0.032515645,3,1,false,false,0.5078737,-10.1861515,9.28314,3.010299,3
35.901714,0.60677165,49.33061050756476,8.576316343651907,0.478494,0,6226.132,-0.03324286,3,1,false,false,0.43900886,-10.002505,9.627857,3.0102608,3
35.736996,0.60690296,49.33061122683249,8.576308227042452,0.478494,0,6201.2773,-0.025721064,3,1,false,false,0.47185823,-9.8501215,9.718723,3.010118,3
35.573452,0.6070337,49.330611856234626,8.576300110432996,0.48087686,0,6175.4106,-0.015286634,3,1,false,false,0.57293373,-9.813336,9.839059,3.009919,3
35.41163,0.6071639,49.33061257557096,8.576292131318475,0.48564285,0,6146.36,-4.656613e-10,3,1,false,false,0.78198534,-9.624432,9.725774,3.0097222,3
35.251762,0.60729355,49.33061329490729,8.57628401470902,0.48790658,0,6108.706,0.01698598,3,1,false,false,0.7383306,-9.664297,9.274658,3.009629,3
35.090244,0.6074225,49.33061392430943,8.5762760355945,0.4856428,0,6070.069,0.033242863,3,1,false,false,0.91157025,-9.762423,8.989491,3.0096362,3
34.92631,0.6075509,49.33061455371157,8.57626805647998,0.4856428,0,6047.6655,0.04707412,3,1,false,false,1.0493314,-9.9549675,9.547917,3.009739,3
34.759407,0.6076787,49.3306152730479,8.57626007736546,0.4856428,0,6034.1807,0.053140536,3,1,false,false,1.148399,-10.069402,9.781284,3.0099578,3
34.592964,0.6078059,49.33061590245004,8.576252235955792,0.4856428,0,6014.5605,0.050228845,3,1,false,false,1.0677687,-9.953786,9.682613,3.0103064,3
34.430157,0.60793257,49.33061653185218,8.576244394336209,0.48325992,0,5986.8535,0.035912465,3,1,false,false,0.7959873,-9.688192,9.5953665,3.0107512,3
34.270836,0.6080586,49.33061716125432,8.57623655292654,0.48790652,0,5952.6646,0.01674295,3,1,false,false,0.6657459,-9.507118,9.749101,3.0112278,3
34.11064,0.608184,49.33061788059065,8.576228848801893,0.49028945,0,5912.349,0.0012132828,3,1,false,false,0.3097906,-9.732696,10.028682,3.011735,3
33.948242,0.6083089,49.33061850999279,8.576221007392224,0.4949362,0,5877.57,-0.0080078645,3,1,false,false,0.29065853,-9.790554,9.881097,3.0122004,3
33.785217,0.6084332,49.330619139394926,8.576213303477493,0.50434893,0,5853.6836,-0.0014563166,3,1,false,false,0.3258139,-9.855827,9.681052,3.0125878,3
33.620445,0.60855687,49.330619768797064,8.576205737057697,0.5091146,0,5827.1978,0.021353055,3,1,false,false,0.59046173,-9.97327,9.709418,3.012886,3
33.453228,0.60867995,49.33062039819921,8.576198033142964,0.5137614,0,5792.714,0.05726551,3,1,false,false,1.1629767,-10.166526,10.300542,3.013147,3
33.282616,0.60880244,49.330620937667156,8.576190466723169,0.520791,0,5763.408,0.10700972,3,1,false,false,1.930446,-10.309334,10.3125305,3.0135188,3
33.11088,0.60892427,49.330621567069294,8.576182900303372,0.523174,0,5744.8984,0.15044539,3,1,false,false,2.5564902,-10.302383,9.934743,3.0141728,3
32.939632,0.6090455,49.33062219647143,8.576175471588428,0.52317405,0,5722.041,0.19485131,3,1,false,false,2.8934917,-10.276183,9.695842,3.015238,3
32.771454,0.60916615,49.33062273600798,8.576167905168631,0.52317405,0,5689.6895,0.22202913,3,1,false,false,3.2264044,-10.038652,9.225576,3.0167315,3
32.605576,0.6092861,49.33062336541012,8.576160476453687,0.52317405,0,5653.631,0.23658907,3,1,false,false,3.2885122,-9.960692,8.69218,3.0186412,3
32.438667,0.6094055,49.33062390487807,8.576153047528827,0.52317405,0,5621.9517,0.24095656,3,1,false,false,3.5146294,-10.118056,9.13387,3.0208986,3
32.268616,0.60952425,49.330624444346014,8.576145756308819,0.5278207,0,5593.0894,0.23925865,3,1,false,false,3.953344,-10.377622,10.046914,3.02348,3
32.097675,0.6096424,49.330624983882565,8.576138327488918,0.5302037,0,5557.9556,0.2380444,3,1,false,false,4.0302916,-10.088963,9.016233,3.0264373,3
31.932074,0.60976,49.33062552335051,8.57613103626891,0.53258663,0,5515.1865,0.24168524,3,1,false,false,4.160331,-10.062375,9.613204,3.0297503,3
31.763376,0.6098769,49.33062606281846,8.576123882648794,0.5325867,0,5467.725,0.2509054,3,1,false,false,4.702984,-10.13306,10.667302,3.033402,3
31.596052,0.6099932,49.33062660235501,8.576116591323828,0.5302038,0,5416.2725,0.26716423,3,1,false,false,5.5865192,-10.073307,10.857475,3.0374293,3
31.424656,0.61010903,49.33062705188877,8.576109437703714,0.5278209,0,5374.4966,0.28657728,3,1,false,false,6.5802283,-10.52454,10.605621,3.0419168,3
31.247545,0.6102243,49.33062750149112,8.5761022840836,0.52317417,0,5366.888,0.30963057,3,1,false,false,6.839446,-10.442358,9.583843,3.046814,3
31.076027,0.6103389,49.33062795102488,8.576095130358528,0.5184083,0,5374.717,0.33171225,3,1,false,false,6.9629097,-10.194261,9.391003,3.0519526,3
30.90166,0.61045295,49.33062840062723,8.57608811423335,0.51137865,0,5350.9814,0.35403785,3,1,false,false,7.5829153,-10.3687935,9.92983,3.0573351,3
30.730856,0.6105664,49.330628760295404,8.576081098213129,0.50673187,0,5325.8164,0.3715094,3,1,false,false,8.60082,-10.104073,10.258291,3.062774,3
30.56105,0.61067873,49.330629209829155,8.57607408208795,0.4973191,0,5313.604,0.38073105,3,1,false,false,9.068218,-10.072937,9.721545,3.0681818,3
30.394754,0.61078995,49.330629569497326,8.576067065962773,0.49267253,0,5293.321,0.38485646,3,1,false,false,9.111553,-9.623543,9.934273,3.0736043,3
30.237492,0.6109005,49.3306298392313,8.576060187437488,0.48790655,0,5246.386,0.38412875,3,1,false,false,9.10765,-9.184129,10.157691,3.0792127,3
30.08471,0.6110107,49.33063019889946,8.576053171417268,0.4856428,0,5179.422,0.38024586,3,1,false,false,9.240494,-8.975391,9.624005,3.085193,3
29.932909,0.61112016,49.33063046863344,8.576046430386919,0.478494,0,5123.6997,0.37587786,3,1,false,false,9.098851,-9.050548,9.252522,3.0915983,3
29.778776,0.6112292,49.330630738436014,8.576039551861635,0.47146428,0,5091.0273,0.37417847,3,1,false,false,9.120891,-9.1750345,9.068814,3.0983305,3
29.62416,0.6113375,49.33063100816999,8.57603267333635,0.46205172,0,5067.1553,0.37612048,3,1,false,false,9.150429,-9.181809,9.208749,3.1053715,3
29.469862,0.6114449,49.330631187969765,8.57602593241096,0.455022,0,5038.063,0.38242993,3,1,false,false,9.634928,-9.065286,9.320589,3.1127334,3
29.315258,0.61155176,49.33063136783815,8.57601919148557,0.43393308,0,5013.7773,0.39310744,3,1,false,false,10.327573,-9.105486,9.439265,3.1203032,3
29.16198,0.6116581,49.330631547637935,8.576012588055114,0.41749075,0,5003.7666,0.40596893,3,1,false,false,11.095003,-8.883945,9.620068,3.1279583,3
29.012215,0.61176395,49.330631637572125,8.576005847129725,0.3986656,0,4995.688,0.42319793,3,1,false,false,11.74562,-8.586005,9.798349,3.1357012,3
28.86802,0.6118693,49.33063181737191,8.57599924369927,0.34230912,0,4974.8804,0.44212568,3,1,false,false,12.55001,-8.232129,10.120723,-3.1395926,3
28.73213,0.6119741,49.3306319073061,8.575992640373773,0.30716068,0,4951.158,0.46129674,3,1,false,false,13.467954,-7.6039166,10.442892,-3.1314528,3
28.605568,0.6120785,49.3306319073061,8.575986036943318,0.2437746,0,4944.468,0.4821664,3,1,false,false,13.795174,-7.0056143,9.929968,-3.1230235,3
28.49239,0.61218244,49.3306319073061,8.575979571112757,0.20624332,0,4947.882,0.50085276,3,1,false,false,14.043418,-6.0746818,9.931575,-3.1143367,3
28.391777,0.61228603,49.3306319073061,8.575972967787262,0.18741812,0,4949.694,0.5171116,3,1,false,false,14.302177,-5.423759,9.556291,-3.1054332,3
28.29889,0.6123892,49.33063181737191,8.575966501956701,0.16632912,0,4945.676,0.53312755,3,1,false,false,14.403421,-4.988588,9.45311,-3.096395,3
28.212135,0.61249214,49.330631727506315,8.57596003612614,0.13344449,0,4940.036,0.54744565,3,1,false,false,14.644486,-4.636896,9.532484,-3.0873125,3
28.131691,0.6125949,49.330631637572125,8.57595357029558,0.1193852,0,4938.124,0.56297696,3,1,false,false,14.967892,-4.233144,9.768642,-3.0782375,3
28.056967,0.6126976,49.33063145770374,8.575947104465019,0.09817707,0,4940.8403,0.5765662,3,1,false,false,15.124693,-3.9039536,9.67703,-3.0691726,3
27.98757,0.6128002,49.330631187969765,8.575940776234352,0.0888836,0,4939.6694,0.5901568,3,1,false,false,15.380603,-3.5572267,9.633924,-3.0600686,3
27.922691,0.6129025,49.33063100816999,8.57593431050875,0.072441295,0,4933.1787,0.6013198,3,1,false,false,15.529089,-3.3328545,9.561075,-3.0508626,3
27.862125,0.6130047,49.330630738436014,8.575927982173125,0.060645767,0,4924.8335,0.61296815,3,1,false,false,15.286716,-3.04783,9.133144,-3.0414765,3
27.806648,0.61310667,49.33063037876784,8.575921516447522,0.034790892,0,4918.4653,0.624131,3,1,false,false,14.374658,-2.777683,8.290859,-3.0319808,3
27.756578,0.6132085,49.33063001909968,8.575915188111898,0.023114502,0,4914.0864,0.63529515,3,1,false,false,14.293139,-2.4702222,8.777759,-3.0225995,3
27.708399,0.6133104,49.330629659431516,8.575908859881231,0.002025498,0,4911.5728,0.6508265,3,1,false,false,15.130959,-2.3415442,9.357295,-3.0133364,3
27.663132,0.6134126,49.330629209829155,8.575902531650565,0,0,4909.7393,0.6680561,3,1,false,false,16.461012,-2.1488287,10.265796,-3.0040338,3
27.618284,0.61351466,49.330628760295404,8.57589634101979,0,0,4909.766,0.6886844,3,1,false,false,18.030823,-2.1576684,11.342833,-2.9944377,3
27.573248,0.6136165,49.330628220758854,8.575890012789124,0,0,4908.7905,0.7141656,3,1,false,false,18.616556,-2.0969253,11.357525,-2.9842854,3
27.530573,0.61371833,49.330627681290906,8.575883684558457,0,0,4904.331,0.7372204,3,1,false,false,17.514177,-1.9215919,9.859365,-2.9734988,3
27.490917,0.61381996,49.33062705188877,8.575877493822727,0,0,4895.173,0.7622171,3,1,false,false,16.02125,-1.750881,8.954657,-2.9622266,3
27.451323,0.61392164,49.330626422486624,8.575871303191954,0,0,4883.9873,0.7879419,3,1,false,false,16.12092,-1.8292294,8.717424,-2.950824,3
27.410652,0.61402375,49.33062579308449,8.575865112456222,0,0,4874.067,0.81463695,3,1,false,false,16.441366,-1.8866792,8.79527,-2.9395905,3
27.368296,0.6141259,49.33062507374816,8.57585892182545,0,0,4866.214,0.8437596,3,1,false,false,16.793102,-1.9761525,8.976046,-2.9287953,3
27.323772,0.61422783,49.33062435448043,8.575852731194678,0,0,4861.259,0.87627965,3,1,false,false,17.951563,-2.0010645,9.875321,-2.9185758,3
27.279694,0.6143297,49.3306235452099,8.575846540458947,0,0,4857.186,0.91025585,3,1,false,false,18.411434,-1.9943544,10.314266,-2.9087303,3
27.235926,0.6144314,49.33062264607379,8.57584048732311,0,0,4850.3657,0.9328266,3,1,false,false,18.90746,-2.0019412,10.4915285,-2.8987768,3
27.193022,0.614533,49.33062183680327,8.575834434292231,0,0,4839.0757,0.9500574,3,1,false,false,18.279314,-1.9615141,9.756274,-2.8881972,3
27.150051,0.6146348,49.330620847732966,8.575828381156395,0,0,4825.3496,0.9575805,3,1,false,false,18.265142,-2.0342286,9.541404,-2.8768356,3
27.106695,0.61473686,49.33061985873126,8.575822328020557,0,0,4814.1387,0.9566104,3,1,false,false,17.76737,-2.0410764,9.264038,-2.8648946,3
27.062567,0.6148387,49.33061886966095,8.575816274989679,0,0,4807.0684,0.9498144,3,1,false,false,17.991636,-2.0745647,9.588318,-2.852583,3
27.014109,0.61494046,49.33061788059065,8.575810221853843,0,0,4801.0747,0.9422913,3,1,false,false,21.211376,-2.2599394,11.999196,-2.8397353,3
26.972197,0.615042,49.33061671165196,8.575804306317899,0,0,4791.567,0.9362244,3,1,false,false,16.644028,-1.9136077,8.46699,-2.8265147,3
26.929909,0.6151435,49.33061563271607,8.575798390781957,0,0,4778.531,0.93185544,3,1,false,false,16.156311,-1.9088637,7.8679,-2.8137639,3
26.88546,0.6152449,49.33061446377738,8.575792475246013,0,0,4767.429,0.93646693,3,1,false,false,17.653536,-1.957649,9.23993,-2.8016262,3
26.839598,0.61534655,49.3306132049731,8.57578655971007,0,0,4761.6284,0.9481166,3,1,false,false,18.464493,-1.9907676,9.969281,-2.7897432,3
26.792002,0.615448,49.33061194616882,8.575780781774021,0,0,4756.5737,0.9597655,3,1,false,false,19.034767,-2.0832505,10.294011,-2.7778018,3
26.73954,0.6155492,49.33061068736454,8.575775003837972,0,0,4750.732,0.96704614,3,1,false,false,21.459608,-2.5239036,11.702536,-2.7657447,3
26.690693,0.61565024,49.33060933862607,8.575769225901922,0,0,4746.917,0.96898735,3,1,false,false,18.7871,-1.9826374,10.4788685,-2.7536337,3
26.645697,0.6157511,49.3306079899562,8.575763447860917,0,0,4731.8965,0.9668032,3,1,false,false,18.845087,-1.877818,9.073429,-2.7410119,3
26.598333,0.6158519,49.33060655128354,8.575757807524761,0,0,4705.8745,0.95806634,3,1,false,false,18.639513,-2.027475,8.903782,-2.7278018,3
26.549883,0.6159525,49.330605112610876,8.575752029588712,0,0,4696.6025,0.94568944,3,1,false,false,17.912909,-2.101292,8.935182,-2.7143831,3
26.49992,0.61605245,49.33060358407263,8.575746389147598,0,0,4702.9985,0.92675877,3,1,false,false,17.886713,-2.1551666,9.421787,-2.701184,3
26.449629,0.6161522,49.33060205553437,8.575740886306379,0,0,4703.7383,0.9078288,3,1,false,false,17.950623,-2.070985,9.327322,-2.6882946,3
26.400766,0.6162517,49.330600437061925,8.575735245970225,0,0,4691.836,0.8852594,3,1,false,false,18.457237,-1.9455926,9.590374,-2.6757245,3
26.35272,0.61635095,49.33059881858948,8.575729743129006,0,0.069790386,4692.299,0.85880595,3,1,false,false,18.88399,-1.8750559,9.926465,-2.6634076,3
26.307306,0.6164501,49.33059720011704,8.575724240287787,0,0.21430334,4756.79,0.8272567,3,1,false,false,19.019173,-1.5390756,9.958309,-2.6512117,3
26.26945,0.6165491,49.330595491710405,8.575718875046462,0,0.36103573,4902.674,0.79789156,3,1,false,false,18.434792,-1.2044588,9.663655,-2.638957,3
26.234192,0.6166474,49.330593783372365,8.575713509805135,0,0.49568442,5154.236,0.7677983,3,1,false,false,18.134172,-1.1464906,9.607342,-2.6266878,3
26.225145,0.61674505,49.33059198503154,8.57570814456381,0,0.6192355,5138.8545,0.74401605,3,1,false,false,18.187195,2.123906,10.232536,-2.6144984,3
26.27488,0.6168428,49.330590186759316,8.575702779322485,0,0.68927264,4966.9424,0.727756,3,1,false,false,17.83215,4.7552876,10.2134285,-2.6021397,3
26.336676,0.6169407,49.3305882985529,8.57569741408116,0,0.733662,4942.7925,0.718534,3,1,false,false,17.828564,4.3940997,9.842746,-2.5893958,3
26.383879,0.6170387,49.33058641034648,8.575692186334772,0,0.7531443,5014.1816,0.71610755,3,1,false,false,17.084259,3.613642,9.305265,-2.5766609,3
26.429077,0.6171369,49.33058443220587,8.575686821093447,0,0.7509248,5043.577,0.71756375,3,1,false,false,16.237034,3.8573823,8.848425,-2.5644047,3
26.480589,0.6172353,49.33058245406526,8.575681593452014,0,0.75758314,5028.929,0.72266,3,1,false,false,15.740528,4.1295233,8.48295,-2.5527186,3
26.530344,0.6173333,49.33058047592465,8.575676365810583,0,0.75635016,5035.0513,0.73066795,3,1,false,false,15.074403,3.798222,7.775148,-2.5414739,3
26.575073,0.6174313,49.330578407918445,8.575671138064195,0,0.7477189,5082.525,0.742074,3,1,false,false,14.667561,3.5058198,7.7474327,-2.530688,3
26.617746,0.61752933,49.330576339843645,8.575665910422762,0,0.7551171,5137.1606,0.75614953,3,1,false,false,14.09506,3.5242665,7.232278,-2.5205045,3
26.664919,0.61762744,49.33057418190325,8.575660820276267,0,0.74475956,5167.022,0.7721671,3,1,false,false,12.877118,3.9015841,6.745039,-2.5109735,3
26.716673,0.6177256,49.33057202396286,8.575655592634837,0,0.74969196,5176.2637,0.7898827,3,1,false,false,16.202377,3.8884103,9.276778,-2.5018876,3
26.762362,0.617824,49.33056986595387,8.57565050248834,0,0.7484587,5175.827,0.806628,3,1,false,false,18.666895,3.9338932,11.424277,-2.4921389,3
26.808857,0.61792254,49.330567618079286,8.575645412446804,0,0.74352664,5173.6055,0.81342375,3,1,false,false,20.686468,4.1066217,12.312476,-2.480939,3
26.856308,0.61802095,49.33056528033911,8.575640322300307,0,0.7427866,5163.8047,0.8025023,3,1,false,false,20.267315,4.1770234,11.27115,-2.4684813,3
26.906105,0.6181194,49.330562942530335,8.575635369753707,0,0.7459925,5151.9937,0.770468,3,1,false,false,19.426603,4.235735,10.385122,-2.4557288,3
26.95577,0.61821795,49.33056060472156,8.575630417207105,0,0.74648577,5143.904,0.7306678,3,1,false,false,18.693905,4.211376,10.066843,-2.4432845,3
27.00396,0.61831653,49.330558177047195,8.575625464660504,0,0.7496916,5147.7505,0.69596434,3,1,false,false,19.63328,4.0735564,10.94382,-2.4311414,3
27.049898,0.61841536,49.330555659370035,8.575620512113902,0,0.74229354,5156.0996,0.6682991,3,1,false,false,19.811785,3.985358,11.5750065,-2.4189665,3
27.096415,0.6185143,49.33055323169567,8.575615559567302,0,0.7459928,5158.734,0.6510683,3,1,false,false,21.007812,4.2641125,11.991358,-2.4066842,3
27.147552,0.6186135,49.33055062415292,8.575610744620594,0,0.74401987,5144.0693,0.6428178,3,1,false,false,21.48352,4.416788,12.228125,-2.394338,3
27.195908,0.6187128,49.33054801661017,8.575605929673886,0,0.7336621,5113.3257,0.6408759,3,1,false,false,21.605188,4.3310394,11.941049,-2.3821843,3
27.238714,0.6188122,49.33054540906742,8.575601252222114,0,0.733169,5111.2866,0.64451617,3,1,false,false,20.780857,3.4427857,11.633534,-2.37,3
27.266548,0.6189116,49.33054271165908,8.5755965748753,0,0.72527754,5157.1914,0.65106833,3,1,false,false,19.87131,2.5563607,10.844162,-2.3573785,3
27.284447,0.61901104,49.33054001418214,8.575591897528486,0,0.7289767,5244.6016,0.65737826,3,1,false,false,21.671059,2.3495605,11.147269,-2.3443205,3
27.311277,0.61911064,49.33053722683961,8.575587220076716,0,0.7307029,5301.921,0.66296,3,1,false,false,23.607876,3.875285,14.2539835,-2.3308473,3
27.363949,0.6192103,49.33053434956289,8.575582680224837,0,0.72404456,5235.3,0.6682993,3,1,false,false,25.58653,5.372888,15.640171,-2.3173366,3
27.427866,0.61931056,49.33053147228616,8.575578277972854,0,0.73366207,5101.385,0.67072564,3,1,false,false,23.935469,5.4858556,14.584305,-2.304417,3
27.48864,0.6194111,49.33052859500944,8.575573738120976,0,0.73144275,5042.145,0.669027,3,1,false,false,23.119337,4.6263695,12.41609,-2.292905,3
27.532852,0.6195117,49.33052562779852,8.575569473468887,0,0.73859453,5082.2197,0.666115,3,1,false,false,21.806501,3.730675,11.883552,-2.2830524,3
27.571733,0.61961246,49.33052257072202,8.575565071216904,0,0.7381012,5140.477,0.6668429,3,1,false,false,20.159134,3.3286784,11.070936,-2.2745473,3
27.612658,0.6197133,49.33051960351111,8.575560806564813,0,0.7526512,5168.5264,0.6726675,3,1,false,false,19.029842,3.7067556,11.095081,-2.2665777,3
27.663416,0.6198143,49.330516456500405,8.575556541807765,0,0.78249085,5188.51,0.68043244,3,1,false,false,17.807451,4.1348896,10.250426,-2.258537,3
27.721273,0.61991566,49.330513399355304,8.57555241475557,0,0.80271286,5196.461,0.6913537,3,1,false,false,16.148764,4.3027105,9.30831,-2.2505288,3
27.780277,0.6200179,49.33051016241041,8.575548287598416,0,0.85425407,5205.541,0.7027594,3,1,false,false,15.830317,4.1460347,9.115164,-2.2425163,3
27.835392,0.62012017,49.33050701539972,8.57554416054622,0,0.8799013,5232.603,0.71368074,3,1,false,false,15.960599,4.0288467,10.452185,-2.2341664,3
27.892263,0.62022257,49.330503778454826,8.575540033389066,0,0.9139336,5264.814,0.7238733,3,1,false,false,15.454288,4.241145,9.926309,-2.2252464,3
27.955389,0.6203251,49.33050054150994,8.575536043831807,0,0.9494452,5286.619,0.7253288,3,1,false,false,15.708251,4.615613,10.303618,-2.2158844,3
28.022495,0.6204277,49.330497214699456,8.575532054274547,0,0.98643637,5285.8916,0.7173207,3,1,false,false,15.608979,4.856543,9.72944,-2.2063162,3
28.093071,0.62053066,49.33049397775457,8.575528064717286,0,0.9999999,5276.5664,0.7015462,3,1,false,false,15.349981,4.9586244,10.347863,-2.1967435,3
28.162909,0.6206344,49.3304905609413,8.57552421275992,0,1,5275.0024,0.6770351,3,1,false,false,15.7021265,4.8460035,10.279677,-2.1872954,3
28.232029,0.6207384,49.33048723413082,8.575520360802555,0,1,5281.7793,0.6476714,3,1,false,false,15.651844,4.7868075,10.372507,-2.1780522,3
28.296917,0.62084246,49.33048381731755,8.575516508845189,0,1,5290.7397,0.6163654,3,1,false,false,15.900284,4.538286,10.571141,-2.169076,3
28.36094,0.6209466,49.330480310638684,8.575512656887822,0,1,5307.4766,0.5889435,3,1,false,false,15.732134,4.5540304,10.425744,-2.1601584,3
28.424044,0.62105083,49.330476893894016,8.575508942425392,0,1,5327.009,0.5702567,3,1,false,false,14.809233,4.4236145,9.803224,-2.1512642,3
28.48925,0.6211553,49.33047338721515,8.57550522806792,0,1,5348.562,0.56152064,3,1,false,false,13.916445,4.666719,9.497216,-2.1424065,3
28.555605,0.62125975,49.33046988053629,8.57550151360549,0,1,5364.7393,0.5651607,3,1,false,false,13.990171,4.574672,9.689959,-2.133712,3
28.623287,0.62136406,49.330466283923236,8.575497936847912,0,1,5378.1206,0.5794789,3,1,false,false,13.385027,4.7575173,9.081369,-2.1251075,3
28.69168,0.6214684,49.33046268731018,8.575494359985376,0,1,5392.2773,0.6042321,3,1,false,false,13.78587,4.739364,9.673118,-2.1166465,3
28.759398,0.621573,49.330459090697126,8.57549078312284,0,1,5404.1143,0.62922734,3,1,false,false,14.607466,4.6753745,9.754114,-2.1082506,3
28.825365,0.6216776,49.33045540421848,8.575487206365262,0,1,5415.6226,0.65737826,3,1,false,false,14.544082,4.5730777,9.733744,-2.099747,3
28.890024,0.6217823,49.33045171767124,8.575483629502726,0,1,5433.8203,0.68771356,3,1,false,false,14.221197,4.5693827,9.513481,-2.0910375,3
28.955032,0.62188715,49.33044803119259,8.575480190240084,0,1,5455.3887,0.7107684,3,1,false,false,14.4473505,4.501046,9.453381,-2.08214,3
29.017633,0.6219919,49.33044434464534,8.575476888577334,0,1,5471.6675,0.7313966,3,1,false,false,14.895121,4.42507,9.21987,-2.0730455,3
29.08157,0.62209654,49.33044056823251,8.575473449314693,0,1,5488.4688,0.7483845,3,1,false,false,14.857194,4.6280713,9.498607,-2.0636458,3
29.146955,0.6222013,49.33043679181967,8.575470147546987,0,1,5496.827,0.7639154,3,1,false,false,15.238136,4.6477437,9.740778,-2.054119,3
29.211313,0.6223062,49.33043301533824,8.575466845884238,0,1,5498.0405,0.7787198,3,1,false,false,15.647752,4.5845537,9.962989,-2.0445118,3
29.274122,0.6224112,49.33042914899121,8.57546354422149,0,1,5505.889,0.7964352,3,1,false,false,15.7077465,4.4923882,9.739646,-2.0347571,3
29.335451,0.6225164,49.33042528271278,8.575460380053677,0,1,5524.2085,0.8109971,3,1,false,false,15.206711,4.453347,8.823586,-2.0248616,3
29.396168,0.6226215,49.33042141636575,8.575457215990824,0,1,5543.2026,0.82385945,3,1,false,false,14.723267,4.368114,8.689847,-2.0150023,3
29.455612,0.6227265,49.33041746008453,8.575454189422905,0,1,5560.9067,0.83259594,3,1,false,false,15.219639,4.342601,9.460272,-2.0051754,3
29.51375,0.62283164,49.330413503803314,8.575451162854986,0,1,5579.816,0.8372065,3,1,false,false,16.180307,4.3118606,9.701399,-1.9951696,3
29.571333,0.62293684,49.3304095475907,8.575448136287068,0,1,5594.4883,0.8359934,3,1,false,false,16.39788,4.3139915,10.014432,-1.984874,3
29.627823,0.6230421,49.33040559130948,8.57544510971915,0,1,5604.019,0.8258005,3,1,false,false,16.821768,4.2426357,9.778025,-1.974287,3
29.681335,0.6231474,49.33040154509406,8.575442220751125,0,1,5621.378,0.80808425,3,1,false,false,15.652455,3.9956052,8.940326,-1.9633173,3
29.733469,0.62325287,49.33039749894726,8.5754393317831,0,1,5658.5093,0.7845436,3,1,false,false,15.748348,4.1594586,9.34829,-1.9520007,3
29.787369,0.6233583,49.33039345280044,8.57543658041497,0,1,5690.3564,0.7539657,3,1,false,false,16.192318,4.276061,9.413497,-1.9405185,3
29.846134,0.6234637,49.330389406585034,8.57543382894188,0,1,5689.8345,0.721689,3,1,false,false,16.047085,4.6915407,9.6667185,-1.9290737,3
29.907877,0.62356925,49.33038527050403,8.57543107757375,0,1,5674.491,0.6865004,3,1,false,false,16.517986,4.724446,9.96398,-1.91777,3
29.96594,0.6236749,49.33038113442303,8.575428463700556,0,1,5674.004,0.65422356,3,1,false,false,16.862223,4.410096,9.985049,-1.9065245,3
30.018887,0.62378067,49.330376908407835,8.57542584993232,0,1,5697.4746,0.62049127,3,1,false,false,16.780727,4.2867417,10.005031,-1.8951627,3
30.072132,0.6238866,49.33037277232683,8.575423373659019,0,1,5724.431,0.5913699,3,1,false,false,16.538198,4.386432,9.739765,-1.8837256,3
30.125229,0.62399256,49.33036854631164,8.575420897385719,0,1,5734.5156,0.5622495,3,1,false,false,16.364485,4.375526,9.460206,-1.8723679,3
30.178116,0.6240986,49.33036432029645,8.575418421112417,0,1,5745.2866,0.5391952,3,1,false,false,16.614098,4.427994,9.704373,-1.8610256,3
30.231934,0.62420475,49.33036009434985,8.575416082334053,0,1,5762.745,0.51978123,3,1,false,false,17.153994,4.5863347,10.0492325,-1.8497151,3
30.285252,0.6243109,49.33035577840047,8.575413743660645,0,1,5768.197,0.50667655,3,1,false,false,18.335104,4.5277915,11.200673,-1.8385013,3
30.338148,0.62441725,49.330351462451084,8.575411542587133,0,1,5761.604,0.4984253,3,1,false,false,17.560349,4.576872,10.243631,-1.8272978,3
30.392395,0.62452376,49.3303471465703,8.575409341408662,0,1,5769.6226,0.49357206,3,1,false,false,16.209568,4.5550556,9.02782,-1.8162603,3
30.444847,0.6246305,49.330342830620914,8.575407277830084,0,1,5795.4834,0.4911456,3,1,false,false,16.025097,4.40885,8.917564,-1.8056302,3
30.495405,0.62473744,49.33033842480594,8.575405214356467,0,1,5819.573,0.49454284,3,1,false,false,16.682625,4.345386,9.52033,-1.7953873,3
30.546427,0.6248444,49.330334108856555,8.57540315077789,0,1,5833.512,0.5006102,3,1,false,false,17.582888,4.684103,10.213545,-1.7853221,3
30.602243,0.62495136,49.33032970304158,8.575401224799206,0,1,5825.089,0.50546324,3,1,false,false,17.717667,4.757379,10.356307,-1.7754095,3
30.654806,0.62505853,49.3303252972266,8.575399298820523,0,1,5809.807,0.50303686,3,1,false,false,16.882105,4.392283,9.536049,-1.7656127,3
30.699314,0.6251658,49.330320801477434,8.575397510336776,0,1,5840.3896,0.49066,3,1,false,false,15.944006,3.9776692,8.811988,-1.7556932,3
30.745855,0.6252735,49.33031639566246,8.575395721957987,0,1,5908.9966,0.46639293,3,1,false,false,16.20026,4.2571874,9.074015,-1.7457136,3
30.796652,0.62538147,49.33031189991329,8.575394071074134,0,1,5927.6294,0.4365449,3,1,false,false,16.276628,4.5766044,9.428693,-1.735961,3
30.853222,0.6254894,49.330307404164124,8.57539242029524,0,1,5896.2456,0.4071821,3,1,false,false,16.310202,4.8962994,9.732831,-1.7263842,3
30.911215,0.6255976,49.33030290841496,8.575390769411385,0,1,5881.7183,0.37733382,3,1,false,false,16.52145,4.8122,9.906283,-1.7168456,3
30.964802,0.62570584,49.33029832273159,8.575389256127426,0,1,5898.1997,0.35233897,3,1,false,false,16.713135,4.537217,10.063933,-1.7073034,3
31.015203,0.6258142,49.33029382698243,8.575387742843468,0,1,5918.1577,0.330499,3,1,false,false,16.556753,4.491369,9.872665,-1.6977538,3
31.066227,0.62592316,49.33028924129907,8.575386367159402,0,1,5928.282,0.31011522,3,1,false,false,16.405943,4.526168,9.557938,-1.6882379,3
31.118765,0.6260325,49.33028465561571,8.575384991475337,0,1,5936.4507,0.29531315,3,1,false,false,16.255613,4.6303673,9.577042,-1.6787723,3
31.172796,0.62614185,49.33028007000095,8.575383753286207,0,1,5944.8394,0.28148142,3,1,false,false,16.458721,4.711475,9.806663,-1.669429,3
31.227856,0.62625146,49.330275484317596,8.575382515202037,0,1,5947.095,0.26425204,3,1,false,false,16.532454,4.788399,9.869115,-1.6602639,3
31.283821,0.6263611,49.33027089866854,8.575381414612801,0,1,5944.1997,0.24580967,3,1,false,false,16.503963,4.8200965,9.883942,-1.6513344,3
31.338753,0.6264709,49.33026622308529,8.575380314023565,0,1,5944.005,0.23052219,3,1,false,false,16.433619,4.665635,9.969064,-1.6426698,3
31.390352,0.6265815,49.33026154750203,8.57537921343433,0,1,5955.8384,0.21669044,3,1,false,false,16.841854,4.4814906,10.44098,-1.6341623,3
31.440067,0.6266928,49.330256871918785,8.575378250444988,0,1,5977.6006,0.21135166,3,1,false,false,17.107233,4.481857,10.511216,-1.6256297,3
31.491377,0.62680423,49.330252196335536,8.575377287455646,0,1,5991.5474,0.2132936,3,1,false,false,16.741444,4.5985785,10.030866,-1.6170717,3
31.546106,0.62691575,49.33024752075229,8.575376462066199,0,1,5993.94,0.22397013,3,1,false,false,16.018967,4.7443676,9.406769,-1.6086158,3
31.602959,0.6270275,49.33024284516903,8.575375636676752,0,1,5996.5903,0.24338314,3,1,false,false,15.798711,4.762677,9.200066,-1.6004105,3
31.660753,0.6271394,49.33023807968589,8.57537494878224,0,1,6003.7534,0.26522276,3,1,false,false,15.538182,4.8358607,9.242891,-1.5925162,3
31.719065,0.6272516,49.33023340410264,8.575374260992687,0,1,6005.926,0.29652643,3,1,false,false,16.347486,4.814991,9.809114,-1.5850307,3
31.776169,0.62736404,49.3302286386195,8.575373710698068,0,1,6000.291,0.33001423,3,1,false,false,16.471828,4.742956,9.853094,-1.5778428,3
31.831736,0.6274767,49.33022387313636,8.575373160403451,0,1,6001.0405,0.35961908,3,1,false,false,15.915135,4.5274773,9.25976,-1.5708313,3
31.884375,0.6275894,49.330219107618916,8.575372747708727,0,1,6021.9663,0.3916515,3,1,false,false,15.18411,4.3005266,8.704467,-1.5639337,3
31.93484,0.6277024,49.330214342135775,8.57537219741411,0,1,6056.071,0.4156752,3,1,false,false,15.445009,4.1322184,8.998186,-1.557096,3
31.985098,0.62781554,49.330209576652635,8.575371922214321,0,1,6082.652,0.43897155,3,1,false,false,15.526898,4.276194,9.214671,-1.5501308,3
32.03917,0.6279287,49.3302048111352,8.575371647119491,0,1,6092.1,0.45571584,3,1,false,false,15.45543,4.4399657,9.265384,-1.5429555,3
32.095093,0.6280419,49.330199955752164,8.575371371919704,0,1,6091.6846,0.46881938,3,1,false,false,15.295252,4.457327,9.170651,-1.5355536,3
32.150215,0.6281554,49.33019519023472,8.575371234424768,0,1,6099.656,0.47512978,3,1,false,false,15.260148,4.3487654,9.069499,-1.5279007,3
32.204506,0.62826896,49.33019033481739,8.575371096824874,0,1,6118.404,0.47682783,3,1,false,false,15.521529,4.386642,9.330736,-1.520001,3
32.259617,0.6283828,49.330185479434355,8.57537095922498,0,1,6128.8257,0.47318786,3,1,false,false,15.806456,4.452132,9.620888,-1.5119319,3
32.315952,0.6284967,49.33018071391692,8.57537095922498,0,1,6124.7207,0.46493745,3,1,false,false,16.026812,4.5355806,9.817983,-1.5037183,3
32.372505,0.6286108,49.33017585853388,8.575371096824874,0,1,6121.735,0.4528037,3,1,false,false,16.216486,4.514642,9.886905,-1.4953519,3
32.42769,0.62872505,49.33017100311655,8.575371234424768,0,1,6128.0303,0.43751565,3,1,false,false,16.483202,4.406955,10.02566,-1.4868586,3
32.480843,0.62883943,49.33016614769922,8.575371371919704,0,1,6138.1553,0.41858733,3,1,false,false,16.907158,4.3268166,10.416923,-1.4782479,3
32.532787,0.62895393,49.330161202381994,8.575371647119491,0,1,6146.533,0.3950484,3,1,false,false,17.204145,4.3012376,10.706253,-1.4694899,3
32.58437,0.6290687,49.33015634696466,8.575371922214321,0,1,6154.513,0.37199497,3,1,false,false,17.399202,4.3014407,10.9383745,-1.4605831,3
32.63565,0.6291836,49.330151491547326,8.575372334909046,0,1,6164.239,0.35064054,3,1,false,false,17.810131,4.309184,11.089609,-1.4515576,3
32.68754,0.6292986,49.330146636164294,8.575372747708727,0,1,6175.797,0.33074144,3,1,false,false,16.924946,4.386155,10.0487585,-1.4424584,3
32.74263,0.6294138,49.330141690812766,8.575373297898388,0,1,6185.15,0.3161825,3,1,false,false,15.829416,4.514668,9.600494,-1.4335514,3
32.800117,0.6295291,49.330136835429734,8.575373985792899,0,1,6186.7534,0.3081742,3,1,false,false,15.749616,4.6205773,9.443813,-1.425081,3
32.858677,0.6296447,49.33013189011251,8.575374536087516,0,1,6184.686,0.309145,3,1,false,false,15.799485,4.6540294,9.788303,-1.4170753,3
32.91746,0.62976044,49.33012703469518,8.575375223982027,0,1,6183.492,0.3207927,3,1,false,false,16.016258,4.593645,9.957771,-1.4095372,3
32.97322,0.62987643,49.33012208937795,8.575376049371476,0,1,6186.6704,0.33874986,3,1,false,false,16.135073,4.3420615,9.793371,-1.4024029,3
33.025215,0.6299926,49.33011714402643,8.575376874760924,0,1,6204.028,0.3630165,3,1,false,false,15.737657,4.143158,9.716032,-1.3953713,3
33.07571,0.6301089,49.3301122886434,8.575377837750265,0,1,6234.014,0.38679746,3,1,false,false,15.639514,3.99724,9.455963,-1.3881998,3
33.126472,0.6302253,49.33010734329187,8.575378800739607,0,1,6259.99,0.41009334,3,1,false,false,15.699539,4.176308,9.555419,-1.3808082,3
33.181137,0.630342,49.33010239797465,8.575379763728947,0,1,6269.827,0.42926437,3,1,false,false,15.831006,4.4139986,9.734998,-1.37322,3
33.238636,0.63045883,49.33009754255732,8.575380864318182,0,1,6263.9976,0.4433391,3,1,false,false,15.951493,4.5271664,9.82784,-1.3655021,3
33.29683,0.63057595,49.33009259724009,8.575382102507312,0,1,6257.6084,0.4513474,3,1,false,false,16.094606,4.512934,9.957557,-1.3577282,3
33.35276,0.63069326,49.33008765192287,8.575383340591484,0,1,6260.2666,0.45401704,3,1,false,false,16.298952,4.325991,10.075054,-1.3499342,3
33.40599,0.6308107,49.330082706605644,8.575384578780612,0,1,6272.148,0.45183295,3,1,false,false,16.333693,4.183309,9.885408,-1.3420725,3
33.457867,0.63092834,49.33007776128842,8.575385954464679,0,1,6287.752,0.4447954,3,1,false,false,16.329054,4.1409945,9.900093,-1.334132,3
33.50972,0.63104624,49.330072815936894,8.575387330148743,0,1,6300.7783,0.43387574,3,1,false,false,16.339577,4.1581507,10.045448,-1.3261043,3
33.56238,0.63116425,49.33006796055386,8.575388843432703,0,1,6310.3447,0.419558,3,1,false,false,16.194271,4.212265,10.016741,-1.3179706,3
33.616283,0.6312826,49.33006301523664,8.575390356716662,0,1,6318.713,0.4035413,3,1,false,false,15.804877,4.2686253,9.603851,-1.3097736,3
33.67142,0.6314011,49.33005806988511,8.575392007495557,0,1,6326.105,0.38485655,3,1,false,false,15.404118,4.29596,9.344668,-1.3016299,3
33.72658,0.6315198,49.33005312456789,8.57539365837941,0,1,6332.6953,0.36738494,3,1,false,false,15.362286,4.2686605,9.594422,-1.2936409,3
33.780838,0.6316387,49.33004817925067,8.575395309263264,0,1,6341.108,0.3513682,3,1,false,false,15.762107,4.232452,10.211126,-1.2857783,3
33.83439,0.63175786,49.330043233933445,8.575397097642053,0,1,6350.656,0.33947748,3,1,false,false,15.978616,4.2080836,10.312906,-1.2779534,3
33.88755,0.63187724,49.33003837851611,8.575399023620735,0,1,6359.802,0.32952827,3,1,false,false,15.768959,4.161167,9.74246,-1.2701252,3
33.94025,0.6319969,49.330033433198885,8.575400949599418,0,1,6372.095,0.3239469,3,1,false,false,15.2033,4.117153,9.46006,-1.2622867,3
33.992653,0.63211673,49.33002848788166,8.575402875578101,0,1,6390.3735,0.32030696,3,1,false,false,15.227161,4.1458173,9.682184,-1.254445,3
34.046368,0.63223684,49.330023542530135,8.575404939156678,0,1,6405.572,0.3193368,3,1,false,false,15.455559,4.2607393,9.962539,-1.2466228,3
34.10188,0.63235706,49.3300186871471,8.575407002735256,0,1,6406.8696,0.32030705,3,1,false,false,15.682611,4.3533754,10.141638,-1.2388886,3
34.15754,0.6324775,49.33001374179558,8.575409203808768,0,1,6402.995,0.32176295,3,1,false,false,15.881995,4.3169994,10.197634,-1.2312614,3
34.21145,0.6325984,49.33000879647835,8.57541140498724,0,1,6409.6084,0.3234623,3,1,false,false,16.001102,4.198781,10.227211,-1.2236354,3
34.264442,0.63271946,49.33000394106102,8.575413743660645,0,1,6425.0146,0.3244325,3,1,false,false,15.759682,4.1735053,9.816981,-1.2159735,3
34.31793,0.6328408,49.3299989957438,8.575416082334053,0,1,6436.624,0.3244325,3,1,false,false,15.420042,4.194308,9.663985,-1.2083815,3
34.3717,0.6329623,49.32999414036077,8.575418421112417,0,1,6441.8745,0.32346225,3,1,false,false,15.67417,4.212936,10.145252,-1.2009262,3
34.425297,0.63308394,49.32998919502639,8.575420897385719,0,1,6447.4575,0.32346225,3,1,false,false,16.041397,4.2103252,10.444491,-1.1935545,3
34.478725,0.63320607,49.32998433960906,8.575423511153955,0,1,6455.27,0.32394683,3,1,false,false,16.21458,4.1989055,10.513332,-1.186213,3
34.531326,0.6333284,49.32997939429183,8.575425987427256,0,1,6462.254,0.32443255,3,1,false,false,15.933368,4.100933,10.123694,-1.1788776,3
34.58289,0.6334509,49.3299745388745,8.575428738900344,0,1,6474.272,0.32491815,3,1,false,false,15.936001,4.036921,10.161877,-1.1715297,3
34.634506,0.63357365,49.32996968347432,8.575431490268475,0,1,6491.817,0.32564586,3,1,false,false,16.09557,4.108753,10.406837,-1.1641204,3
34.68795,0.6336966,49.32996482805699,8.575434241636605,0,1,6500.047,0.32661602,3,1,false,false,15.658079,4.2252235,10.09344,-1.1567034,3
34.742584,0.6338198,49.3299599726568,8.575437130709588,0,1,6498.43,0.32661605,3,1,false,false,16.110611,4.2397614,10.420024,-1.1494182,3
34.796932,0.6339432,49.32995511723947,8.575440019677613,0,1,6500.939,0.32637447,3,1,false,false,16.11464,4.201547,10.434337,-1.142221,3
34.850414,0.63406676,49.329950261839286,8.575442908645636,0,1,6509.968,0.3244325,3,1,false,false,16.061714,4.132475,10.4083,-1.1350943,3
34.903873,0.63419056,49.329945406421956,8.575445935213555,0,1,6519.958,0.32152033,3,1,false,false,16.231594,4.189075,10.801426,-1.1280289,3
34.956234,0.6343146,49.329940640938815,8.57544909927641,0,1,6524.4946,0.3171528,3,1,false,false,15.954617,4.0227857,10.592934,-1.1210095,3
35.00859,0.6344388,49.32993578552148,8.575452263444221,0,1,6535.513,0.31157148,3,1,false,false,16.067137,4.1031523,10.539667,-1.1139715,3
35.062458,0.6345637,49.32993102002119,8.575455427507077,0,1,6547.95,0.3047764,3,1,false,false,15.988835,4.1665998,10.715147,-1.1069632,3
35.11743,0.6346888,49.32992616462101,8.575458729274782,0,1,6549.07,0.2962835,3,1,false,false,15.990636,4.262872,10.947961,-1.1000583,3
35.17387,0.63481414,49.329921399120714,8.575462168537424,0,1,6545.1353,0.28657725,3,1,false,false,16.061953,4.281916,11.07126,-1.093277,3
35.22966,0.63493973,49.32991663363757,8.575465470200173,0,1,6545.895,0.2778407,3,1,false,false,15.867035,4.2097273,10.762734,-1.086613,3
35.284744,0.63506556,49.32991186813728,8.57546904706271,0,1,6553.9375,0.2691051,3,1,false,false,15.711161,4.14427,10.908387,-1.0801002,3
35.339222,0.6351918,49.329907102636994,8.575472486325351,0,1,6562.9287,0.26133978,3,1,false,false,15.433883,4.1207833,10.73059,-1.0737562,3
35.3944,0.63531846,49.32990233715385,8.57547606308293,0,1,6570.5205,0.25624418,3,1,false,false,15.436329,4.138711,11.0529995,-1.0675999,3
35.450077,0.6354453,49.32989757165356,8.57547977754536,0,1,6576.2725,0.25308987,3,1,false,false,15.400539,4.1611876,11.186172,-1.0616083,3
35.506527,0.6355724,49.32989280615327,8.575483491902832,0,1,6581.265,0.25284737,3,1,false,false,15.215623,4.1955113,11.029974,-1.055748,3
35.563526,0.6356997,49.329888130587165,8.575487206365262,0,1,6585.712,0.25527346,3,1,false,false,14.696444,4.189943,10.698641,-1.0500119,3
35.62082,0.6358273,49.32988336508688,8.575491058322628,0,1,6591.2676,0.25915638,3,1,false,false,14.13498,4.1415796,10.281861,-1.0444579,3
35.678234,0.6359554,49.32987868950362,8.575494910279994,0,1,6599.0664,0.26352438,3,1,false,false,14.310061,4.141934,10.827228,-1.0391146,3
35.73541,0.6360837,49.32987401393753,8.575498899837253,0,1,6605.465,0.26716423,3,1,false,false,14.347381,4.1028056,11.089221,-1.0339422,3
35.792747,0.6362122,49.32986933835428,8.57550275179462,0,1,6610.0444,0.2693482,3,1,false,false,13.808626,4.096222,10.377643,-1.0288914,3
35.849705,0.63634104,49.32986466277102,8.575506878951773,0,1,6617.9966,0.26886216,3,1,false,false,13.221919,3.9879892,10.319841,-1.0239631,3
35.90561,0.63647,49.329859987187774,8.57551100600397,0,1,6632.184,0.26595083,3,1,false,false,12.972216,3.9443536,10.401443,-1.0190957,3
35.96222,0.6365995,49.32985531162168,8.575515133161122,0,1,6648.7437,0.26206848,3,1,false,false,12.486005,3.9734979,10.007708,-1.0142258,3
36.019924,0.6367292,49.32985063603842,8.57551926021332,0,1,6657.8276,0.25770006,3,1,false,false,12.100486,4.01984,10.190476,-1.0094372,3
36.07756,0.63685906,49.32984605037222,8.575523524970366,0,1,6662.8135,0.2538176,3,1,false,false,11.603768,3.9404776,9.777765,-1.004755,3
36.135357,0.63698924,49.32984137478896,8.575527789622457,0,1,6677.57,0.2504208,3,1,false,false,11.20017,3.9716897,9.869815,-1.0001005,3
36.193146,0.63711965,49.329836789131335,8.575532054274547,0,1,6694.2793,0.24775115,3,1,false,false,11.323294,3.9167676,10.247571,-0.99550337,3
36.250454,0.6372505,49.32983220346512,8.57553645652653,0,1,6704.028,0.24556765,3,1,false,false,11.216444,3.9490278,10.479278,-0.99094564,3
36.3086,0.6373815,49.329827527881875,8.575540858778513,0,1,6713.2485,0.23998585,3,1,false,false,11.446054,3.957955,11.009309,-0.98634833,3
36.366776,0.6375128,49.32982294222424,8.575545261030497,0,1,6724.2163,0.22930887,3,1,false,false,11.102981,3.9704576,10.289085,-0.98167443,3
36.425106,0.6376443,49.32981835655803,8.575549800882374,0,1,6735.0264,0.20965372,3,1,false,false,10.725132,3.990292,10.170776,-0.9769806,3
36.484375,0.637776,49.329813770891825,8.575554340734254,0,1,6742.718,0.18563017,3,1,false,false,10.432311,4.0248,10.4768305,-0.9723762,3
36.544876,0.63790816,49.32980918522561,8.575558880586131,0,1,6746.073,0.15287144,3,1,false,false,10.152921,4.126034,11.226981,-0.9679685,3
36.604984,0.63804054,49.32980459956798,8.575563557932943,0,1,6472.052,0.122054234,3,1,false,false,9.976083,3.746897,11.406124,-0.96385545,3
36.60972,0.6381731,49.32980001390177,8.575568235384715,0,1,6346.597,0.08832484,0,1,false,false,9.27498,-0.64684457,10.777273,-0.9602281,3
36.608738,0.63830554,49.3297955181526,8.575572912731529,0,1,5913.475,0.05581013,4,1,false,false,8.655778,2.9684932,11.813133,-0.9572968,3
36.70709,0.63843834,49.3297909324864,8.5755775901833,0,1,5183.7026,0.020624898,4,1,false,false,7.23938,7.0770783,10.783451,-0.95470786,3
36.787094,0.63857156,49.32978643673723,8.575582405130008,0,1,5280.2026,-0.014801508,4,1,false,false,6.412751,3.2406533,9.537064,-0.95231915,3
36.815464,0.638705,49.32978185107102,8.575587220076716,0,1,5503.222,-0.056294322,4,1,false,false,5.6351624,2.0871408,10.588512,-0.9506421,3
36.86559,0.6388385,49.32977735532185,8.575591897528486,0,1,5470.116,-0.09075047,4,1,false,false,4.8341413,4.146775,11.521105,-0.949788,3
36.93628,0.63897246,49.32977276965993,8.57559684997013,0,1,5369.485,-0.12933065,4,1,false,false,3.7388473,4.474152,10.607407,-0.9495518,3
36.997406,0.6391066,49.32976827391076,8.575601665021797,0,1,5395.873,-0.15650707,4,1,false,false,2.7128127,3.4720166,10.410959,-0.94983023,3
37.04701,0.6392411,49.32976368824884,8.575606479968503,0,1,5464.5083,-0.17810228,4,1,false,false,1.7110121,3.2515016,10.825542,-0.9506237,3
37.102886,0.6393759,49.32975919249967,8.575611432515105,0,1,5471.053,-0.18853578,4,1,false,false,1.0694499,3.828392,10.650134,-0.95192695,3
37.165604,0.6395109,49.32975460683347,8.575616247461813,0,1,5443.2363,-0.19897017,4,1,false,false,0.3236585,4.006672,10.583425,-0.9536853,3
37.226032,0.63964623,49.32975002117154,8.575621200008413,0,1,5444.439,-0.2086746,4,1,false,false,-0.43036157,3.7214162,10.63874,-0.9558351,3
37.282364,0.63978183,49.32974543550534,8.575626014955121,0,1,5469.2544,-0.22080746,4,1,false,false,-1.0788432,3.5620835,10.201569,-0.95829946,3
37.338375,0.6399178,49.32974084984127,8.575630967501723,0,1,5479.8057,-0.2324542,4,1,false,false,-1.8108838,3.57543,9.928595,-0.96101093,3
37.39494,0.640054,49.32973626417721,8.575635920048324,0,1,5481.8335,-0.24312976,4,1,false,false,-2.6131983,3.616551,10.38105,-0.96394056,3
37.451015,0.6401905,49.32973167851314,8.575640872594926,0,1,5495.2437,-0.25429142,4,1,false,false,-3.5005236,3.58135,10.560484,-0.96708673,3
37.506313,0.6403272,49.329727092849076,8.575645687541634,0,1,5510.565,-0.26399675,4,1,false,false,-4.062148,3.5038903,10.80955,-0.9704697,3
37.560547,0.64046425,49.329722507186084,8.575650640088234,0,1,5520.609,-0.2695781,4,1,false,false,-4.6765833,3.5041256,10.722416,-0.97407496,3
37.61555,0.6406017,49.32971783160712,8.575655455034942,0,1,5534.9717,-0.2722467,4,1,false,false,-4.9277024,3.584673,9.88584,-0.97790575,3
37.671467,0.6407393,49.329713156028156,8.575660407581543,0,1,5545.6665,-0.27370209,4,1,false,false,-5.3538685,3.6336408,10.24888,-0.981865,3
37.727962,0.64087725,49.32970857036409,8.57566522252825,0,1,5545.6733,-0.27709994,4,1,false,false,-6.011681,3.7116406,10.068855,-0.98588777,3
37.7849,0.64101547,49.329703804869965,8.575670175074853,0,1,5546.5376,-0.2848638,4,1,false,false,-6.1910667,3.6960104,9.881824,-0.98993963,3
37.83988,0.641154,49.32969912929073,8.57567499002156,0,1,5551.4146,-0.29675257,4,1,false,false,-6.4166965,3.5110295,9.35518,-0.9939255,3
37.892002,0.64129287,49.32969445371231,8.575679805073225,0,1,5564.8857,-0.31203926,4,1,false,false,-6.8004336,3.4122972,9.510962,-0.9978731,3
37.944233,0.641432,49.32968968821737,8.575684620019933,0,1,5584.2124,-0.33120775,4,1,false,false,-7.0850954,3.439218,9.10865,-1.0018858,3
37.99562,0.6415713,49.329685012638414,8.575689434966641,0,1,5593.5093,-0.35061756,4,1,false,false,-7.7615504,3.3917532,9.619817,-1.005993,3
38.0462,0.6417109,49.32968024714455,8.575694249913347,0,1,5605.715,-0.36978608,4,1,false,false,-7.7504983,3.3359592,9.056387,-1.0103481,3
38.09583,0.6418509,49.32967539173579,8.575699064860055,0,1,5627.399,-0.38725537,4,1,false,false,-8.492633,3.3296273,9.553628,-1.0150112,3
38.145363,0.64199126,49.329670626241935,8.575703742311827,0,1,5642.99,-0.4003585,4,1,false,false,-8.523889,3.2956004,8.727039,-1.0200473,3
38.196453,0.64213175,49.329665860745926,8.575708557258535,0,1,5653.3,-0.40666702,4,1,false,false,-8.767465,3.5432193,8.785793,-1.0254275,3
38.24983,0.6422725,49.32966100533717,8.575713234710307,0,1,5656.202,-0.4090926,4,1,false,false,-9.055942,3.5631142,8.543013,-1.0310142,3
38.3023,0.6424134,49.32965614992841,8.57571791205712,0,1,5655.361,-0.4083645,4,1,false,false,-9.473612,3.5567021,9.115196,-1.0366853,3
38.354355,0.64255416,49.32965129451966,8.575722589403933,0,1,5660.939,-0.40739423,4,1,false,false,-9.922299,3.4841316,9.270969,-1.0424103,3
38.402847,0.6426951,49.32964634919814,8.57572712925581,0,1,5668.65,-0.40593794,4,1,false,false,-10.126952,3.279227,9.145189,-1.048177,3
38.448875,0.6428362,49.32964149378939,8.575731806707582,0,1,5683.196,-0.40448254,4,1,false,false,-10.234233,3.1485834,8.974558,-1.0540514,3
38.493828,0.6429774,49.32963654846359,8.575736346454502,0,1,5704.0776,-0.4039974,4,1,false,false,-10.569283,3.1939673,9.160107,-1.0601375,3
38.539913,0.64311874,49.329631603142076,8.575740886306379,0,1,5716.8936,-0.40472463,4,1,false,false,-10.884591,3.2965028,9.017446,-1.0664581,3
38.587696,0.64326,49.32962665781628,8.575745426158257,0,1,5718.2207,-0.4090927,4,1,false,false,-10.836013,3.3967,8.654828,-1.0729347,3
38.635414,0.64340144,49.329621622573434,8.575749828410242,0,1,5721.0317,-0.41855493,4,1,false,false,-10.887866,3.3518975,8.740788,-1.0794361,3
38.68197,0.643543,49.32961667725621,8.57575436826212,0,1,5730.699,-0.43626717,4,1,false,false,-11.411291,3.303872,8.752927,-1.0859419,3
38.728535,0.64368474,49.32961164201337,8.575758770514103,0,1,5739.0576,-0.4607731,4,1,false,false,-11.995291,3.3563356,8.543965,-1.0924733,3
38.77396,0.6438265,49.329606516862064,8.575763172766086,0,1,5745.1265,-0.48649225,4,1,false,false,-12.161933,3.276463,8.546073,-1.0990481,3
38.817467,0.64396834,49.32960148161922,8.575767437418175,0,1,5758.7334,-0.5129378,4,1,false,false,-12.14702,3.1833048,8.184523,-1.105751,3
38.860912,0.6441103,49.32959635646792,8.57577183967016,0,1,5776.126,-0.5362304,4,1,false,false,-12.693313,3.1916423,8.4120035,-1.1126239,3
38.903446,0.6442525,49.329591321225074,8.575776104427208,0,1,5784.2705,-0.5536987,4,1,false,false,-13.468541,3.2242615,8.994358,-1.1197299,3
38.945103,0.64439476,49.329586106156725,8.575780369079297,0,1,5789.7144,-0.5692276,4,1,false,false,-14.123833,3.181719,9.173337,-1.1271693,3
38.98491,0.64453703,49.32958098100542,8.575784496131494,0,1,5802.39,-0.57941693,4,1,false,false,-14.392765,3.1390083,9.389413,-1.1350293,3
39.024376,0.6446795,49.32957585585412,8.575788623288647,0,1,5814.9517,-0.58232945,4,1,false,false,-15.089949,3.1409647,9.141077,-1.1433176,3
39.064667,0.644822,49.32957064078577,8.575792750445801,0,1,5818.2637,-0.58063006,4,1,false,false,-14.637829,3.3431597,8.644934,-1.1519495,3
39.107086,0.6449647,49.32956542571742,8.57579674000306,0,1,5816.539,-0.57553506,4,1,false,false,-14.758225,3.3999317,8.711227,-1.1605855,3
39.147987,0.64510757,49.329560120732026,8.575800867055257,0,1,5812.8916,-0.5716529,4,1,false,false,-15.449658,3.3251889,9.226399,-1.1690292,3
39.187016,0.6452505,49.32955490566368,8.575804719012623,0,1,5816.611,-0.57019746,4,1,false,false,-15.669075,3.219099,9.249647,-1.1773446,3
39.222763,0.6453935,49.32954960067829,8.575808708569882,0,1,5825.144,-0.5694703,4,1,false,false,-15.520061,3.01091,8.891122,-1.1855444,3
39.25586,0.6455367,49.3295442956929,8.575812560527249,0,1,5844.1836,-0.5687412,4,1,false,false,-14.921147,2.9024174,8.113927,-1.1937197,3
39.288715,0.64567995,49.32953890079047,8.575816274989679,0,1,5870.061,-0.5663159,4,1,false,false,-15.025365,2.9676836,8.46694,-1.2018732,3
39.32186,0.6458234,49.32953359580508,8.575820126947045,0,1,5883.5176,-0.56291896,4,1,false,false,-15.807125,3.0389872,9.168522,-1.2100625,3
39.35635,0.64596695,49.3295282009198,8.575823841304517,0,1,5887.5566,-0.5575816,4,1,false,false,-15.786638,3.138491,8.913389,-1.2184604,3
39.39042,0.64611053,49.32952280601737,8.575827418167053,0,1,5895.742,-0.54617786,4,1,false,false,-14.807477,3.088926,7.9836597,-1.2270519,3
39.42522,0.6462543,49.329517411114935,8.57583099502959,0,1,5912.343,-0.5294366,4,1,false,false,-14.387828,3.1479902,7.8196945,-1.2356161,3
39.461365,0.6463982,49.32951192629547,8.575834571892125,0,1,5923.497,-0.51148236,4,1,false,false,-15.095367,3.309937,8.449874,-1.244001,3
39.498455,0.64654225,49.32950653139304,8.575838148649703,0,1,5916.6606,-0.48940313,4,1,false,false,-15.966588,3.3710167,9.186024,-1.2522051,3
39.53359,0.64668643,49.329501046590714,8.575841587912345,0,1,5909.365,-0.46853796,4,1,false,false,-16.413052,3.2402263,9.169278,-1.2603664,3
39.563866,0.6468308,49.32949556177124,8.575844889680052,0,1,5923.2163,-0.4508248,4,1,false,false,-15.552155,2.9030676,8.436638,-1.2686422,3
39.59206,0.64697516,49.32948998705188,8.5758481913428,0,1,5954.12,-0.43481177,4,1,false,false,-16.015486,2.9015152,9.002303,-1.277004,3
39.623035,0.6471197,49.329484502232404,8.575851493005548,0,1,5971.8804,-0.42170972,4,1,false,false,-15.493635,3.2787933,8.419533,-1.2853801,3
39.65912,0.6472644,49.32947892749589,8.575854794668297,0,1,5962.8433,-0.41612834,4,1,false,false,-16.380753,3.5046787,8.700081,-1.2935815,3
39.697086,0.6474093,49.329473352776525,8.575857958836108,0,1,5945.6157,-0.41515812,4,1,false,false,-15.452348,3.5411892,8.489709,-1.3015966,3
39.733013,0.6475543,49.32946777804001,8.575860985404027,0,1,5948.434,-0.41806975,4,1,false,false,-15.781984,3.347301,8.841946,-1.3093277,3
39.765068,0.6476994,49.32946211340361,8.575864149466883,0,1,5962.891,-0.42316496,4,1,false,false,-15.969987,3.1149836,8.651029,-1.3167787,3
39.796124,0.6478447,49.329456538667095,8.5758671760348,0,1,5976.2603,-0.43092984,4,1,false,false,-16.532272,3.2207189,9.186609,-1.3240522,3
39.82624,0.64799017,49.32945087403069,8.575870065002825,0,1,5979.7847,-0.44160542,4,1,false,false,-17.114717,3.1294737,9.256168,-1.3312732,3
39.855663,0.64813566,49.329445209377134,8.57587295397085,0,1,5986.282,-0.4503405,4,1,false,false,-16.212603,3.1931272,8.895725,-1.3388169,3
39.8884,0.6482814,49.32943954474073,8.575875843043832,0,1,5998.4824,-0.4568912,4,1,false,false,-16.248167,3.2998405,8.626687,-1.346566,3
39.92005,0.64842725,49.32943379018729,8.575878594411963,0,1,5995.851,-0.45931765,4,1,false,false,-17.367323,3.3311453,9.28562,-1.3542676,3
39.952003,0.6485732,49.32942812553373,8.575881208285157,0,1,5984.6396,-0.46198633,4,1,false,false,-18.217524,3.3560057,10.120925,-1.3618267,3
39.981594,0.6487194,49.32942237098028,8.575883959653288,0,1,5982.298,-0.46392685,4,1,false,false,-17.992847,3.2044892,9.710542,-1.3692816,3
40.009174,0.6488656,49.32941661642684,8.575886435926588,0,1,5993.3335,-0.46538314,4,1,false,false,-17.748817,3.090939,9.446375,-1.3766911,3
40.038918,0.64901197,49.32941086187339,8.575889049799782,0,1,6006.6724,-0.46635345,4,1,false,false,-17.315954,3.254493,9.153984,-1.3840868,3
40.07168,0.6491585,49.329405107285645,8.57589138847319,0,1,6006.261,-0.4675667,4,1,false,false,-16.827562,3.4623873,9.012186,-1.3913895,3
40.10657,0.6493052,49.329399262832304,8.57589386474649,0,1,5994.7036,-0.47072047,4,1,false,false,-17.574574,3.5393002,9.775065,-1.3984319,3
40.14037,0.64945203,49.32939341834467,8.575896203419898,0,1,5987.486,-0.4753307,4,1,false,false,-17.51293,3.3825552,9.6807785,-1.4052141,3
40.17144,0.649599,49.32938757389133,8.575898404598368,0,1,5992.9746,-0.48115405,4,1,false,false,-17.083216,3.1388147,8.766946,-1.4117904,3
40.200573,0.64974606,49.32938172940369,8.575900605671881,0,1,6008.5483,-0.48673338,4,1,false,false,-16.287926,2.9637914,8.392703,-1.4182326,3
40.225777,0.64989334,49.329375884916054,8.575902806850351,0,1,6029.204,-0.49085832,4,1,false,false,-17.41559,2.7703333,9.378997,-1.4247231,3
40.25068,0.6500407,49.32937004046272,8.57590487032397,0,1,6046.011,-0.4942552,4,1,false,false,-18.649834,2.9674916,10.457374,-1.4316056,3
40.27728,0.65018815,49.32936410607519,8.575906796407612,0,1,6040.5386,-0.493528,4,1,false,false,-19.376297,3.1349244,11.118355,-1.4389217,3
40.305325,0.6503357,49.32935826158755,8.575908722386295,0,1,6027.286,-0.48770547,4,1,false,false,-19.673435,3.0885818,11.171299,-1.4466003,3
40.330822,0.6504835,49.32935232720002,8.575910648364978,0,1,6033.4243,-0.47702897,4,1,false,false,-19.973778,3.0989754,11.338438,-1.4545289,3
40.357964,0.65063137,49.329346392812496,8.575912436743767,0,1,6046.405,-0.4665956,4,1,false,false,-19.571854,3.17276,10.495377,-1.462548,3
40.389187,0.6507793,49.329340458424966,8.57591408762762,0,1,6035.8555,-0.45689112,4,1,false,false,-18.395016,3.390678,10.39314,-1.4703591,3
40.422092,0.6509274,49.32933443413754,8.575915738406515,0,1,6024.2236,-0.45106772,4,1,false,false,-18.791298,3.368552,10.295227,-1.4776934,3
40.455246,0.6510757,49.32932849975001,8.575917389290368,0,1,6028.4985,-0.45106775,4,1,false,false,-18.79755,3.3205605,9.866513,-1.4845138,3
40.48819,0.6512243,49.32932256536249,8.575918902574328,0,1,6027.6133,-0.45761842,4,1,false,false,-18.836088,3.3490868,10.437879,-1.4908333,3
40.520454,0.6513731,49.32931654104077,8.575920278258392,0,1,6019.3535,-0.47169083,4,1,false,false,-17.813536,3.1996658,9.821527,-1.4969534,3
40.55172,0.6515219,49.329310516753345,8.575921653942459,0,1,6030.724,-0.48794675,4,1,false,false,-17.33637,3.02321,9.972044,-1.5031269,3
40.58042,0.65167093,49.329304492431625,8.575922892131587,0,1,6053.1216,-0.5059011,4,1,false,false,-18.00125,3.0129685,9.564703,-1.5092784,3
40.612118,0.6518197,49.3292984681442,8.575924130215759,0,1,6058.3643,-0.5253117,4,1,false,false,-18.142334,3.1946177,9.884116,-1.5154495,3
40.647438,0.6519686,49.32929244382249,8.575925368404889,0,1,6042.507,-0.5452077,4,1,false,false,-18.242067,3.3486886,10.371409,-1.5216908,3
40.68209,0.65211755,49.329286329600876,8.575926468889165,0,1,6032.393,-0.56170565,4,1,false,false,-18.291988,3.2088199,10.506255,-1.5280268,3
40.71391,0.6522667,49.32928030531345,8.575927431983464,0,1,6040.5825,-0.57553506,4,1,false,false,-18.231735,3.0348716,10.090636,-1.5345286,3
40.744957,0.6524158,49.32927428099173,8.575928394972806,0,1,6050.989,-0.5859684,4,1,false,false,-17.766249,3.0232167,9.551009,-1.5411342,3
40.77729,0.6525648,49.32926816677012,8.575929220362253,0,1,6053.188,-0.59348935,4,1,false,false,-17.22572,3.0707574,9.224908,-1.5476925,3
40.81081,0.652714,49.32926205258281,8.5759300457517,0,1,6055.2656,-0.5990704,4,1,false,false,-17.076874,3.0731478,9.567225,-1.5541098,3
40.84349,0.6528633,49.3292559383612,8.575930871246108,0,1,6060.764,-0.6034369,4,1,false,false,-17.126694,2.9856577,9.5521345,-1.5604103,3
40.874973,0.65301275,49.32924982413959,8.575931559035661,0,1,6070.8423,-0.6065914,4,1,false,false,-16.935268,2.855979,9.4501915,-1.5667094,3
40.905266,0.65316206,49.329243709917975,8.575932246930172,0,1,6085.9834,-0.6090169,4,1,false,false,-16.64462,2.7855885,9.280816,-1.5731251,3
40.934826,0.6533115,49.32923759569636,8.575932797224791,0,1,6103.5444,-0.61095756,4,1,false,false,-17.270098,2.7841744,10.219143,-1.5798191,3
40.963516,0.653461,49.32923148147475,8.575933209919514,0,1,6115.165,-0.6124139,4,1,false,false,-18.30562,2.8013673,10.877823,-1.5869924,3
40.99165,0.6536106,49.32922536725314,8.575933622614238,0,1,6120.129,-0.61289895,4,1,false,false,-18.988504,2.8003004,10.898079,-1.5947843,3
41.01952,0.65376025,49.329219253031525,8.575934035308961,0,1,6126.9604,-0.61265695,4,1,false,false,-18.40898,2.8777213,10.42244,-1.603177,3
41.052948,0.6539099,49.32921304891003,8.57593431050875,0,1,6135.8774,-0.6109575,4,1,false,false,-17.063583,3.3091693,9.737747,-1.611786,3
41.09277,0.65405965,49.329206934688415,8.57593458560358,0,1,6121.7197,-0.6099874,4,1,false,false,-17.661844,3.631762,9.812918,-1.6199473,3
41.135475,0.6542096,49.32920073053261,8.575934723203472,0,1,6087.6567,-0.61435544,4,1,false,false,-18.153109,3.7011728,10.573946,-1.6273943,3
41.168953,0.65435976,49.3291946163453,8.575934723203472,0,1,6064.212,-0.62284654,4,1,false,false,-21.083906,3.1339016,12.43523,-1.634473,3
41.19465,0.65450984,49.329188412189495,8.575934723203472,0,1,6073.455,-0.6349783,4,1,false,false,-21.227262,2.6206121,12.275413,-1.641823,3
41.21516,0.65466005,49.32918220806799,8.57593458560358,0,1,6102.9155,-0.64080095,4,1,false,false,-20.78879,2.486645,11.814122,-1.6496365,3
41.240692,0.6548103,49.32917609384638,8.575934448003686,0,1,6124.419,-0.64152896,4,1,false,false,-18.977055,2.7385676,10.200753,-1.6577133,3
41.267853,0.6549607,49.32916988972488,8.57593431050875,0,1,6128.9634,-0.637889,4,1,false,false,-16.523941,2.879644,8.703464,-1.6656374,3
41.296658,0.65511113,49.32916368556908,8.575933897709067,0,1,6142.7754,-0.6357055,4,1,false,false,-16.477613,2.5513492,8.008133,-1.6731604,3
41.318638,0.6552617,49.329157481447574,8.575933622614238,0,1,6167.6704,-0.6383742,4,1,false,false,-20.943308,2.4962897,11.270271,-1.6807456,3
41.33737,0.6554123,49.32915136722596,8.57593307231962,0,1,6189.272,-0.64274234,4,1,false,false,-22.103697,2.5487611,12.159208,-1.6891973,3
41.36285,0.65556306,49.32914516310446,8.575932659624897,0,1,6187.846,-0.6444396,4,1,false,false,-18.1075,3.1047225,10.027513,-1.6985737,3
41.391132,0.65571386,49.329138958948654,8.575931971730384,0,1,6187.2524,-0.641529,4,1,false,false,-19.045656,3.2410297,10.381469,-1.7083834,3
41.421764,0.6558649,49.32913275482715,8.57593128394083,0,1,6172.9165,-0.6383743,4,1,false,false,-25.082312,3.3202453,14.992279,-1.7184238,3
41.451504,0.656016,49.32912655067135,8.575930458446425,0,1,6118.786,-0.6347354,4,1,false,false,-24.200111,3.442889,13.834698,-1.7277672,3
41.474995,0.6561672,49.329120436449735,8.575929633056978,0,1,6101.6167,-0.6308533,4,1,false,false,-23.888597,2.9121385,13.351463,-1.7364165,3
41.494007,0.6563185,49.329114232362535,8.575928670067636,0,1,6132.081,-0.62697136,4,1,false,false,-22.813314,2.724678,12.761071,-1.7446247,3
41.516144,0.65647,49.32910802820673,8.5759275694784,0,1,6147.3813,-0.6226045,4,1,false,false,-22.667772,2.8767352,12.770719,-1.7523757,3
41.53974,0.65662163,49.32910182405093,8.575926468889165,0,1,6128.9434,-0.6192076,4,1,false,false,-22.587082,3.0844057,13.15477,-1.7599509,3
41.564922,0.6567733,49.32909570982932,8.575925230804994,0,1,6122.1826,-0.6170239,4,1,false,false,-22.635668,2.7839792,12.722576,-1.7675261,3
41.584805,0.65692514,49.32908950574211,8.575923992720822,0,1,6133.6895,-0.6148396,4,1,false,false,-24.637873,2.6852975,14.724413,-1.7752771,3
41.60395,0.65707713,49.32908330158631,8.575922479436864,0,1,6134.7007,-0.61217093,4,1,false,false,-25.449398,2.7044485,15.4130335,-1.7833681,3
41.626884,0.65722936,49.329077187364696,8.57592110364784,0,1,6125.0083,-0.6073186,4,1,false,false,-23.560005,2.961049,13.382031,-1.7918239,3
41.65384,0.65738165,49.32907107314308,8.575919452868945,0,1,6124.4937,-0.5997978,4,1,false,false,-20.699335,2.907635,11.626311,-1.800141,3
41.68199,0.6575341,49.32906486898728,8.575917801985092,0,1,6137.9966,-0.58960724,4,1,false,false,-18.183624,2.9115977,9.872198,-1.8078779,3
41.713566,0.65768677,49.32905875476567,8.575916013606303,0,1,6148.439,-0.58281386,4,1,false,false,-17.572495,3.0720317,9.421934,-1.8148031,3
41.74702,0.65783983,49.32905264054406,8.575914225122556,0,1,6144.0366,-0.58135927,4,1,false,false,-16.027416,3.0684073,8.66201,-1.8209437,3
41.78131,0.657993,49.329046436456856,8.575912299143873,0,1,6147.602,-0.58548236,4,1,false,false,-14.89379,2.937558,8.066922,-1.826458,3
41.808056,0.65814644,49.329040322235244,8.57591037316519,0,1,6174.861,-0.5944596,4,1,false,false,-13.57325,2.4661753,7.7209444,-1.8317081,3
41.83827,0.6583,49.32903420801363,8.575908447186507,0,1,6220.028,-0.6031936,4,1,false,false,-14.739636,2.7242959,8.104533,-1.8371748,3
41.867367,0.658454,49.32902809379202,8.57590638360793,0,1,6223.492,-0.6121709,4,1,false,false,-15.630029,2.6754847,9.586104,-1.8430681,3
41.895615,0.6586082,49.32902197957041,8.575904320134311,0,1,6218.167,-0.6177521,4,1,false,false,-15.399141,2.7989318,9.46916,-1.8496785,3
41.92878,0.6587626,49.3290158653488,8.57590211895584,0,1,6240.981,-0.61605275,4,1,false,false,-15.609525,3.0792506,9.390894,-1.8570303,3
41.963257,0.65891707,49.32900975112719,8.575899917882326,0,1,6234.154,-0.6070757,4,1,false,false,-16.947447,3.1031814,9.886081,-1.8646044,3
41.99773,0.6590721,49.329003636905576,8.575897716703857,0,1,6208.741,-0.5942164,4,1,false,false,-16.505669,3.1337225,9.690898,-1.8721948,3
42.028694,0.6592274,49.32899752268396,8.575895240430556,0,1,6214.8423,-0.58087337,4,1,false,false,-16.74473,2.8616548,9.881516,-1.8797247,3
42.057407,0.6593828,49.32899140846235,8.575892901757149,0,1,6237.848,-0.56922746,4,1,false,false,-15.762856,2.7860756,9.005772,-1.8872218,3
42.086975,0.65953845,49.32898529424074,8.575890425483848,0,1,6247.4575,-0.5578237,4,1,false,false,-15.522501,2.980707,8.9813175,-1.8945707,3
42.118797,0.65969425,49.32897926995332,8.575887949210548,0,1,6248.6953,-0.55030274,4,1,false,false,-15.37303,2.9449763,8.74058,-1.9017408,3
42.150864,0.6598503,49.32897315573171,8.575885335337352,0,1,6253.4683,-0.5447224,4,1,false,false,-14.795918,3.0059829,8.304638,-1.9087542,3
42.181053,0.6600066,49.3289670415101,8.575882721569116,0,1,6261.325,-0.54035544,4,1,false,false,-15.766208,2.756537,9.4566145,-1.915588,3
42.20837,0.6601629,49.328961017222674,8.575879970096027,0,1,6275.032,-0.53598726,4,1,false,false,-15.358738,2.7845013,8.658347,-1.922591,3
42.237213,0.6603194,49.32895490300106,8.575877218727896,0,1,6291.9956,-0.5277383,4,1,false,false,-14.860597,2.8299208,8.205905,-1.9297074,3
42.265965,0.6604756,49.328948878713646,8.575874329759872,0,1,6298.802,-0.5151212,4,1,false,false,-15.029283,2.807137,8.728844,-1.936839,3
42.29809,0.6606319,49.32894285435762,8.57587144068689,0,1,6305.6216,-0.4988653,4,1,false,false,-14.57012,3.1842053,8.481639,-1.9441372,3
42.333313,0.66078836,49.328936740136015,8.575868551718866,0,1,6302.3965,-0.4826104,4,1,false,false,-12.408412,3.1134899,6.4484673,-1.9511875,3
42.367973,0.660945,49.32893071584859,8.575865525255905,0,1,6302.3584,-0.464413,4,1,false,false,-12.982417,3.000328,7.506958,-1.9576433,3
42.398212,0.66110146,49.32892469156117,8.575862498687986,0,1,6318.89,-0.45446357,4,1,false,false,-15.1864395,2.9014735,9.085481,-1.963818,3
42.42351,0.66125804,49.328918667273754,8.575859472120069,0,1,6328.0146,-0.44839808,4,1,false,false,-17.806755,2.5310407,11.011704,-1.9701971,3
42.43856,0.6614147,49.32891264291773,8.575856307952256,0,1,6339.843,-0.4403912,4,1,false,false,-17.383514,2.103945,10.489008,-1.9775404,3
42.4577,0.66157144,49.3289067085645,8.575853006289508,0,1,6393.837,-0.42340803,4,1,false,false,-17.787699,2.9753563,10.443678,-1.9862076,3
42.48809,0.6617281,49.32890068427708,8.575849704626759,0,1,6393.821,-0.3998724,4,1,false,false,-18.164343,3.4987533,10.278805,-1.9954063,3
42.52808,0.6618848,49.32889465992106,8.575846402859053,0,1,6323.519,-0.36687446,4,1,false,false,-17.8868,4.1000457,10.042676,-2.004194,3
42.570347,0.6620416,49.32888872556783,8.575842963596411,0,1,6277.797,-0.33145,4,1,false,false,-16.865122,3.7917469,9.179215,-2.0119817,3
42.604008,0.66219866,49.328882791146,8.575839524333768,0,1,6278.601,-0.30015033,4,1,false,false,-16.614397,3.1626804,9.390016,-2.0184379,3
42.631924,0.6623557,49.328876856792775,8.57583594757619,0,1,6295.8765,-0.27709985,4,1,false,false,-16.1779,2.8883147,8.863862,-2.0237281,3
42.654747,0.6625128,49.328870922370946,8.575832370713654,0,1,6311.0596,-0.26375374,4,1,false,false,-16.134727,2.5655365,9.493259,-2.0283287,3
42.675877,0.66266996,49.32886498801771,8.575828656356181,0,1,6338.3374,-0.26132813,4,1,false,false,-15.162848,2.3824935,8.878852,-2.0329673,3
42.69766,0.6628272,49.328859053595885,8.575824941893751,0,1,6379.6797,-0.2635116,4,1,false,false,-14.48522,2.537792,8.470964,-2.0380523,3
42.72425,0.6629845,49.32885311924266,8.575821089936387,0,1,6403.947,-0.26836485,4,1,false,false,-14.439859,2.843753,8.455432,-2.0435417,3
42.758125,0.66314185,49.32884727475502,8.57581723797902,0,1,6397.9155,-0.2734599,4,1,false,false,-14.903689,3.3177507,9.339115,-2.0492885,3
42.79499,0.6632993,49.328841340401794,8.575813386021654,0,1,6378.1455,-0.27685678,4,1,false,false,-15.477375,3.4098058,9.464823,-2.0551476,3
42.831562,0.6634569,49.328835495914156,8.575809396464393,0,1,6367.365,-0.2780701,4,1,false,false,-15.557684,3.3421004,9.223279,-2.0610135,3
42.866753,0.66361463,49.32882965142652,8.575805406907135,0,1,6364.9453,-0.27709988,4,1,false,false,-15.511653,3.2227743,9.394637,-2.06668,3
42.901306,0.66377246,49.32882380693888,8.575801417349874,0,1,6361.4136,-0.2739452,4,1,false,false,-15.290591,3.2477775,9.034113,-2.0720391,3
42.93649,0.6639304,49.32881796245124,8.575797290192721,0,1,6355.818,-0.27151865,4,1,false,false,-15.526412,3.2115185,9.5557165,-2.076999,3
42.969597,0.6640885,49.328812118032204,8.57579302554063,0,1,6353.557,-0.2705483,4,1,false,false,-15.829177,3.0246742,9.938383,-2.0816007,3
42.998928,0.6642467,49.328806273544565,8.57578876088854,0,1,6364.0977,-0.27103344,4,1,false,false,-16.504562,2.874721,10.684949,-2.086134,3
43.02844,0.664405,49.328800518991116,8.575784496131494,0,1,6379.2554,-0.27370206,4,1,false,false,-16.100643,2.8828535,10.208214,-2.0908601,3
43.060246,0.6645634,49.328794764437674,8.575780093879509,0,1,6385.8203,-0.27661374,4,1,false,false,-15.327926,3.0702448,10.155367,-2.0957775,3
43.094994,0.6647219,49.328788919950036,8.575775691627525,0,1,6385.9204,-0.28049582,4,1,false,false,-15.523629,3.2246876,10.011111,-2.1007552,3
43.13321,0.6648806,49.32878316539659,8.575771289375542,0,1,6376.2256,-0.28704733,4,1,false,false,-15.674672,3.3269136,9.65405,-2.1056728,3
43.171673,0.6650395,49.328777410843145,8.575766749628622,0,1,6359.103,-0.29626748,4,1,false,false,-15.6231,3.2529535,9.79762,-2.1103206,3
43.20799,0.66519845,49.32877174615529,8.57576207217685,0,1,6357.6494,-0.30912763,4,1,false,false,-15.094761,3.0486608,9.461454,-2.114683,3
43.242554,0.6653576,49.32876599160184,8.575757394830037,0,1,6370.1924,-0.32829607,4,1,false,false,-14.666399,2.9506998,8.990138,-2.1187758,3
43.27699,0.66551685,49.32876032698259,8.575752717378265,0,1,6377.731,-0.348434,4,1,false,false,-14.0850525,2.8468578,8.487599,-2.1226208,3
43.311447,0.66567636,49.32875457242914,8.575748040031453,0,1,6384.09,-0.37245482,4,1,false,false,-13.923431,2.8435159,9.119925,-2.126354,3
43.344955,0.665836,49.328748907741286,8.575743224979787,0,1,6398.5513,-0.3962335,4,1,false,false,-13.858016,2.7359219,9.242843,-2.1301687,3
43.376827,0.6659957,49.328743243122034,8.575738272538143,0,1,6415.5386,-0.41612834,4,1,false,false,-15.385992,2.6623507,10.696225,-2.1343877,3
43.409058,0.6661556,49.328737578502775,8.575733457486479,0,1,6427.195,-0.43456873,4,1,false,false,-15.06326,2.7700226,9.623032,-2.139392,3
43.445045,0.6663157,49.32873191381492,8.575728504939876,0,1,6431.383,-0.4442741,4,1,false,false,-13.926777,2.9658446,8.9359865,-2.1450214,3
43.483505,0.66647595,49.32872633912986,8.57572341489834,0,1,6428.763,-0.44524527,4,1,false,false,-14.133669,3.1767437,9.333196,-2.1509311,3
43.524616,0.6666364,49.328720674442,8.575718324751843,0,1,6416.6323,-0.44136235,4,1,false,false,-14.889545,3.251638,10.0053835,-2.156825,3
43.563156,0.666797,49.32871509975694,8.575713234710307,0,1,6399.19,-0.4340836,4,1,false,false,-14.846881,3.0135272,9.811243,-2.1624846,3
43.597073,0.66695774,49.328709525003276,8.57570814456381,0,1,6406.4697,-0.4282602,4,1,false,false,-14.738339,2.695217,9.27164,-2.1680307,3
43.62843,0.66711885,49.32870395024961,8.57570291692238,0,1,6432.2817,-0.4214666,4,1,false,false,-14.380121,2.606358,8.989595,-2.1736054,3
43.659668,0.66727996,49.32869837556455,8.575697551576097,0,1,6447.0947,-0.41515806,4,1,false,false,-15.048846,2.6614842,9.814872,-2.1792803,3
43.692314,0.66744125,49.328692800810884,8.575692323934666,0,1,6451.0366,-0.40957874,4,1,false,false,-14.716042,2.7780504,9.323907,-2.1852765,3
43.726376,0.6676027,49.32868731599141,8.575686821093447,0,1,6457.024,-0.40326923,4,1,false,false,-14.631966,2.7920532,9.294105,-2.191517,3
43.75986,0.6677645,49.32868183117194,8.57568145585212,0,1,6465.8027,-0.3974467,4,1,false,false,-14.51959,2.8716972,9.6305275,-2.197938,3
43.795757,0.66792643,49.32867634635247,8.5756759530109,0,1,6468.878,-0.39332187,4,1,false,false,-14.884886,3.0313737,9.687389,-2.204428,3
43.831097,0.6680885,49.328670861533,8.575670450274641,0,1,6458.36,-0.38943887,4,1,false,false,-15.238845,2.9208817,9.969,-2.2107863,3
43.86535,0.6682507,49.328665376782126,8.575664809833528,0,1,6459.7007,-0.38604307,4,1,false,false,-15.078493,2.8547065,9.937738,-2.2170787,3
43.898064,0.6684133,49.32865989196265,8.575659169497373,0,1,6472.153,-0.38191813,4,1,false,false,-14.863295,2.778291,9.710065,-2.223259,3
43.930286,0.668576,49.32865449700877,8.57565352905626,0,1,6479.0444,-0.37803513,4,1,false,false,-14.99542,2.772088,9.794034,-2.229301,3
43.962997,0.66873884,49.32864910212349,8.57564775112021,0,1,6483.1743,-0.37536657,4,1,false,false,-14.99916,2.7810955,9.468904,-2.2352834,3
43.99543,0.6689018,49.32864370723821,8.575641973184162,0,1,6490.0986,-0.37342602,4,1,false,false,-14.904394,2.7720907,9.469861,-2.2412465,3
44.02717,0.6690648,49.32863831235293,8.575636057648218,0,1,6499.5977,-0.373183,4,1,false,false,-14.1942425,2.7784564,9.217005,-2.2472377,3
44.05995,0.66922796,49.32863300733324,8.575630142112276,0,1,6508.868,-0.373426,4,1,false,false,-14.500376,2.8595545,9.43098,-2.2532058,3
44.093456,0.66939116,49.32862761244796,8.575624226576332,0,1,6510.9473,-0.37560952,4,1,false,false,-14.14393,2.8890111,9.086536,-2.2591293,3
44.12739,0.66955453,49.328622307496865,8.57561831104039,0,1,6511.0693,-0.38094786,4,1,false,false,-13.95636,2.8638608,8.818407,-2.264939,3
44.159794,0.6697178,49.32861700247718,8.575612257904552,0,1,6515.703,-0.3879836,4,1,false,false,-14.451732,2.6908376,9.431324,-2.2706304,3
44.1902,0.66988105,49.328611697526085,8.57560606727378,0,1,6525.97,-0.3967186,4,1,false,false,-15.479509,2.637745,10.318866,-2.2763972,3
44.218334,0.6700444,49.32860648244059,8.575600014137944,0,1,6535.54,-0.4059379,4,1,false,false,-15.981645,2.561101,10.095879,-2.2824342,3
44.246788,0.67020786,49.3286011774209,8.575593685907275,0,1,6545.933,-0.41370273,4,1,false,false,-15.492523,2.6383607,9.243387,-2.288853,3
44.27761,0.67037135,49.328595962404,8.575587495171545,0,1,6553.8633,-0.41758478,4,1,false,false,-15.662085,2.8087265,9.625134,-2.295527,3
44.310574,0.67053485,49.32859074731851,8.575581166940879,0,1,6549.3193,-0.41928306,4,1,false,false,-15.762229,2.9660103,9.680674,-2.302235,3
44.3447,0.6706986,49.328585622167196,8.575574838710212,0,1,6538.8213,-0.41855496,4,1,false,false,-15.645005,2.9537718,9.482966,-2.3087351,3
44.376125,0.6708623,49.3285804070817,8.575568372879651,0,1,6536.9297,-0.4156442,4,1,false,false,-16.006392,2.7672257,9.989886,-2.3149524,3
44.40462,0.6710261,49.32857528193039,8.575561907154048,0,1,6547.839,-0.4117623,4,1,false,false,-16.373678,2.6235085,10.351932,-2.3210485,3
44.431503,0.67118996,49.32857015677909,8.575555441323488,0,1,6558.8115,-0.4035123,4,1,false,false,-16.412785,2.5818474,10.289691,-2.3271673,3
44.459263,0.6713539,49.32856512156197,8.575548837893034,0,1,6568.3438,-0.39113832,4,1,false,false,-15.683334,2.6969454,9.319168,-2.333389,3
44.490322,0.6715179,49.32855999641066,8.575542234567537,0,1,6575.084,-0.3726979,4,1,false,false,-15.125309,2.8492975,8.928344,-2.3395798,3
44.523327,0.67168194,49.32855496112495,8.575535631137083,0,1,6570.0757,-0.35207385,4,1,false,false,-15.04758,2.9021811,9.070761,-2.345538,3
44.55588,0.67184615,49.32854992597643,8.575528890211691,0,1,6563.0366,-0.33096474,4,1,false,false,-15.309647,2.761137,9.504508,-2.3511925,3
44.585037,0.6720104,49.328544980624905,8.575522149181344,0,1,6569.947,-0.3091275,4,1,false,false,-15.5898285,2.5714846,9.906478,-2.3566697,3
44.611885,0.67217475,49.32853994540779,8.575515270656059,0,1,6589.1953,-0.2877745,4,1,false,false,-15.2521,2.5388188,9.858951,-2.3622034,3
44.641743,0.6723392,49.32853500005627,8.575508392130775,0,1,6603.707,-0.2700623,4,1,false,false,-13.788163,2.762254,8.689079,-2.367803,3
44.6768,0.67250365,49.32853005470474,8.57550151360549,0,1,6604.6113,-0.25210702,4,1,false,false,-13.107047,2.9582314,7.9240985,-2.373135,3
44.713356,0.6726682,49.32852510935322,8.57549449758527,0,1,6597.1274,-0.23900571,4,1,false,false,-14.155673,3.0093107,9.497457,-2.3780208,3
44.748825,0.67283297,49.32852025400449,8.575487619059986,0,1,6591.142,-0.23148304,4,1,false,false,-14.092545,2.8660579,9.554255,-2.3825667,3
44.779922,0.67299783,49.328515398518554,8.575480465334913,0,1,6597.063,-0.22444722,4,1,false,false,-13.56953,2.5425332,9.0727,-2.3869152,3
44.808456,0.6731627,49.32851054316982,8.575473449314693,0,1,6622.803,-0.21716757,4,1,false,false,-13.7051115,2.4824367,9.093998,-2.3913105,3
44.84039,0.6733277,49.32850568768389,8.57546629558962,0,1,6642.909,-0.20940365,4,1,false,false,-13.874454,2.8028839,10.260272,-2.3958776,3
44.876163,0.6734928,49.32850083233516,8.575459141969507,0,1,6631.8896,-0.1977569,4,1,false,false,-13.685356,3.0110464,10.09543,-2.4005284,3
44.914314,0.673658,49.32849606685201,8.575451850749499,0,1,6619.5654,-0.1834405,4,1,false,false,-13.348107,3.069002,9.935414,-2.4051318,3
44.95268,0.67382336,49.32849130136887,8.575444697024425,0,1,6621.193,-0.16621242,4,1,false,false,-13.13962,2.9922657,9.197105,-2.4095328,3
44.99077,0.6739888,49.32848653588573,8.575437405804417,0,1,6619.1733,-0.14704385,4,1,false,false,-13.232066,2.9961462,9.642056,-2.4135711,3
45.028034,0.67415446,49.32848177040259,8.575429976984516,0,1,6612.401,-0.13127302,4,1,false,false,-12.80423,2.8802633,9.598108,-2.4172063,3
45.064674,0.67432016,49.32847709478504,8.575422685764508,0,1,6617.266,-0.1205956,4,1,false,false,-12.46585,2.809166,9.59861,-2.4205046,3
45.100334,0.67448604,49.328472329301896,8.575415256944606,0,1,6628.4565,-0.11331683,4,1,false,false,-11.969603,2.7496634,9.699557,-2.4235544,3
45.136547,0.674652,49.32846765368435,8.57540769052481,0,1,6636.5615,-0.109676026,4,1,false,false,-11.819906,2.7539093,9.992003,-2.426445,3
45.173744,0.67481816,49.328462978066796,8.575400261809865,0,1,6641.8765,-0.109191835,4,1,false,false,-11.299545,2.7972956,9.242,-2.4292765,3
45.21283,0.6749844,49.32845839245204,8.575392695390068,0,1,6647.651,-0.110889316,4,1,false,false,-10.720228,2.8385558,8.825109,-2.4320133,3
45.252754,0.6751508,49.32845371683449,8.575385128970273,0,1,6651.4517,-0.11355891,4,1,false,false,-11.031042,2.9171183,10.06853,-2.434597,3
45.293987,0.67531735,49.328449131219735,8.575377562655435,0,1,6649.3237,-0.11671363,4,1,false,false,-11.118249,2.920087,10.130207,-2.4370425,3
45.334473,0.675484,49.328444545604974,8.575369858635744,0,1,6645.6406,-0.12035348,4,1,false,false,-11.249958,2.8369174,10.54811,-2.4393637,3
45.374523,0.67565095,49.328439959853014,8.575362154721013,0,1,6652.01,-0.12302215,4,1,false,false,-10.204713,2.8542588,9.405111,-2.441653,3
45.41676,0.67581797,49.32843537423825,8.57535445080628,0,1,6658.459,-0.12399239,4,1,false,false,-8.866319,2.8639793,7.765978,-2.443777,3
45.4594,0.67598516,49.32843078862349,8.57534674689155,0,1,6655.393,-0.12641898,4,1,false,false,-7.914817,2.8156278,6.9701686,-2.4454474,3
45.4997,0.6761525,49.328426292874326,8.575338905271964,0,1,6657.4355,-0.13491192,4,1,false,false,-9.819078,2.518104,10.502795,-2.446737,3
45.53335,0.6763201,49.32842179712516,8.57533106375734,0,1,6672.222,-0.14534637,4,1,false,false,-13.271814,2.2772667,16.646948,-2.4484115,3
45.566277,0.67648774,49.32841730137599,8.575323222242712,0,1,6701.9985,-0.14971249,4,1,false,false,-10.553928,2.2888443,11.885483,-2.4513407,3
45.605568,0.67665553,49.328412805626826,8.575315380728087,0,1,6735.7812,-0.13612525,4,1,false,false,-6.52723,3.080337,7.7866282,-2.455057,3
45.66057,0.67682356,49.32840830987766,8.57530753921346,0,1,6719.619,-0.11550032,4,1,false,false,-7.497075,4.0982256,7.8708634,-2.4583838,3
45.72154,0.6769918,49.32840381412849,8.575299560203899,0,1,6630.6753,-0.10409658,4,1,false,false,-8.551914,3.6739802,10.238632,-2.4604454,3
45.76611,0.67716026,49.328399318379326,8.57529158108938,0,1,6586.4893,-0.10069886,4,1,false,false,-7.6335325,2.3790443,10.116838,-2.4610758,3
45.791893,0.67732894,49.328394912495746,8.57528360197486,0,1,6675.6846,-0.10725041,4,1,false,false,-6.9872913,1.4738572,9.772802,-2.461468,3
45.815147,0.6774976,49.32839050661217,8.575275622860339,0,1,6774.1284,-0.12156677,4,1,false,false,-6.495718,1.7278861,9.0590925,-2.4623868,3
45.848606,0.6776666,49.32838601086301,8.575267506250883,0,1,6785.2773,-0.14049233,4,1,false,false,-6.14995,2.474846,8.93886,-2.4638803,3
45.898,0.67783564,49.328381605116626,8.575259527136364,0,1,6768.708,-0.15796342,4,1,false,false,-6.1979322,3.3952262,8.855167,-2.4658256,3
45.949387,0.678005,49.32837719923305,8.57525141047443,0,1,6746.1753,-0.1795586,4,1,false,false,-6.6355457,3.1448998,9.305565,-2.4679825,3
45.996788,0.67817444,49.32837279334948,8.575243293812495,0,1,6732.094,-0.20091066,4,1,false,false,-6.6778665,2.9076128,9.383905,-2.4702797,3
46.040714,0.67834425,49.3283683876031,8.57523517715056,0,1,6740.0864,-0.21765268,4,1,false,false,-7.033669,2.6877923,9.744378,-2.4727254,3
46.081764,0.67851424,49.32836407158511,8.575227060488626,0,1,6750.8013,-0.23026972,4,1,false,false,-7.4866786,2.6455421,10.083528,-2.4753666,3
46.123333,0.67868435,49.32835966583874,8.575218806279276,0,1,6756.0107,-0.23439468,4,1,false,false,-7.6435847,2.668625,10.01958,-2.4782753,3
46.164524,0.6788545,49.32835525995517,8.57521068961734,0,1,6759.665,-0.23269632,4,1,false,false,-7.883382,2.6588817,10.54897,-2.4814394,3
46.205658,0.6790248,49.32835094407438,8.575202435407991,0,1,6767.0503,-0.22614571,4,1,false,false,-8.389335,2.6734598,10.518279,-2.4848652,3
46.246918,0.67919517,49.32834662819359,8.575194181146163,0,1,6772.9194,-0.21765274,4,1,false,false,-7.9176545,2.6507819,9.930479,-2.4884863,3
46.28798,0.67936563,49.32834231217561,8.575185789336919,0,1,6775.5864,-0.20891763,4,1,false,false,-7.885709,2.69721,10.204961,-2.492156,3
46.3295,0.6795362,49.32833799629483,8.575177535127569,0,1,6779.757,-0.19897018,4,1,false,false,-8.081911,2.7109315,10.212299,-2.49581,3
46.370487,0.67970693,49.32833368041404,8.575169143318325,0,1,6781.496,-0.1916895,4,1,false,false,-8.162956,2.601644,9.8258,-2.499382,3
46.410137,0.67987776,49.32832936453325,8.575160889108975,0,1,6787.822,-0.18635221,4,1,false,false,-7.9296865,2.5773745,9.449928,-2.5028746,3
46.449795,0.6800487,49.32832504851527,8.575152359699837,0,1,6800.6704,-0.18319748,4,1,false,false,-7.4956317,2.568652,8.404645,-2.5062597,3
46.488945,0.6802198,49.328320822500075,8.575143967943072,0,1,6808.585,-0.18319748,4,1,false,false,-7.5517116,2.5300932,8.919351,-2.5094666,3
46.527576,0.68039095,49.32831659648488,8.57513557613383,0,1,6814.609,-0.18659432,4,1,false,false,-7.6908045,2.4923792,9.174471,-2.512561,3
46.56585,0.6805624,49.3283122806041,8.575127046724692,0,1,6826.0654,-0.19217563,4,1,false,false,-7.814296,2.409594,9.091466,-2.5156422,3
46.601814,0.6807338,49.32830805458891,8.575118654967927,0,1,6841.6426,-0.1970278,4,1,false,false,-7.8871613,2.3176043,9.203218,-2.5188422,3
46.63896,0.68090534,49.3283039185765,8.575110125558789,0,1,6855.174,-0.20139578,4,1,false,false,-8.227054,2.5322392,9.384866,-2.5222514,3
46.67825,0.68107706,49.32829969256131,8.575101458654716,0,1,6855.583,-0.2035793,4,1,false,false,-8.405802,2.576376,9.084555,-2.5257995,3
46.716946,0.68124896,49.328295466546116,8.575092929245578,0,1,6848.5796,-0.20309512,4,1,false,false,-8.180082,2.5371718,9.577105,-2.5293438,3
46.752857,0.6814209,49.32829133039652,8.57508439988892,0,1,6841.0107,-0.19775686,4,1,false,false,-7.20027,2.257486,8.33356,-2.5327113,3
46.786407,0.681593,49.328287104381324,8.575075732932367,0,1,6848.3535,-0.18877882,4,1,false,false,-7.5933585,2.0101006,8.4042015,-2.5357158,3
46.81417,0.68176514,49.32828296836892,8.575067066028295,0,1,6875.997,-0.17640387,4,1,false,false,-6.795325,1.7133057,7.527567,-2.5384865,3
46.838867,0.6819374,49.32827883221932,8.575058399071741,0,1,6921.9424,-0.1608742,4,1,false,false,-5.8556886,1.129644,7.0388837,-2.5413089,3
46.86534,0.6821098,49.32827469620692,8.57504973211519,0,1,6976.6445,-0.14510334,4,1,false,false,-7.099888,2.117529,9.028263,-2.5442863,3
46.905464,0.68228215,49.32827056005731,8.575041065158636,0,1,6999.421,-0.12666202,4,1,false,false,-6.627165,2.9023337,8.00549,-2.5474317,3
46.949547,0.68245476,49.328266513910506,8.57503226065467,0,1,6955.3994,-0.106765285,4,1,false,false,-7.0077643,2.994171,9.5442295,-2.5502853,3
46.99895,0.68262744,49.3282623777609,8.575023456150701,0,1,6940.6494,-0.08808086,4,1,false,false,-8.245572,3.5594964,10.442494,-2.5529695,3
47.044643,0.68280035,49.32825833161409,8.57501478919415,0,1,6933.1665,-0.07182401,4,1,false,false,-7.381186,2.6212964,9.739546,-2.5553005,3
47.07785,0.6829734,49.32825419560169,8.575005984690181,0,1,6927.811,-0.059691153,4,1,false,false,-7.423168,2.2923355,13.620995,-2.5571704,3
47.116066,0.68314654,49.328250149317675,8.574997042638799,0,1,6967.492,-0.052169338,4,1,false,false,-6.69428,2.6543274,11.675146,-2.5589879,3
47.148415,0.6833198,49.32824610317087,8.574988238134832,0,1,6944.5864,-0.04610387,4,1,false,false,-6.5883484,1.9042968,12.224751,-2.560289,3
47.1879,0.6834932,49.328242057024056,8.574979296030971,0,1,6945.8164,-0.04464756,4,1,false,false,-5.847681,2.8711267,10.291828,-2.561416,3
47.230717,0.6836667,49.32823801087724,8.574970491527003,0,1,6947.355,-0.046103857,4,1,false,false,-5.205772,2.0100286,8.312588,-2.5620635,3
47.26219,0.68384033,49.328234054596024,8.574961549423142,0,1,6937.872,-0.04901556,4,1,false,false,-4.965633,2.3670385,10.471563,-2.5621653,3
47.30704,0.68401414,49.32823000844922,8.57495260737176,0,1,6963.108,-0.057993673,4,1,false,false,-5.35006,2.6349828,10.110866,-2.562148,3
47.338528,0.68418807,49.328226052168,8.574943665267899,0,1,6945.0864,-0.06478731,4,1,false,false,-4.244511,1.8667598,8.915582,-2.561892,3
47.37286,0.6843621,49.328222006021186,8.574934723164036,0,1,6977.3086,-0.07376449,4,1,false,false,-4.667949,2.3655963,10.299337,-2.5616655,3
47.417267,0.6845363,49.32821804973997,8.574925781112654,0,1,7007.7715,-0.082258426,4,1,false,false,-3.8061893,2.6786435,9.173993,-2.561636,3
47.453976,0.68471056,49.32821400359315,8.574916701461378,0,1,6965.9624,-0.08880998,4,1,false,false,-3.8916876,2.4836318,10.571042,-2.5615764,3
47.495506,0.684885,49.328210047311934,8.574907759357517,0,1,6821.0273,-0.094147295,0,1,false,false,-3.5034502,1.6361425,8.4392395,-2.561764,3
47.486824,0.68505955,49.328206091030715,8.57489867970624,0,1,6685.929,-0.09778714,0,1,false,false,-3.848289,-1.1227311,9.035282,-2.561986,3
47.511356,0.68523407,49.32820204488391,8.574889600054965,0,1,5799.0903,-0.101427,5,1,false,false,-4.2548275,4.4684067,12.186008,-2.5624623,3
47.599716,0.6854088,49.32819808860269,8.574880520403688,0,1,5589.0767,-0.10336749,5,1,false,false,-2.8220348,3.430761,9.418403,-2.5633898,3
47.60712,0.6855838,49.32819413232147,8.574871440752412,0,1,5952.615,-0.10215421,5,1,false,false,-4.2558002,0.115221396,12.165479,-2.5643783,3
47.639904,0.68575877,49.32819017604025,8.574862361101136,0,1,5866.6265,-0.10215422,5,1,false,false,-3.3721514,3.5599172,10.381606,-2.5656698,3
47.696682,0.6859339,49.32818621975903,8.574853281449858,0,1,5721.618,-0.104580805,5,1,false,false,-3.0702903,2.687459,9.455638,-2.566948,3
47.733147,0.68610924,49.32818226361501,8.574844201798582,0,1,5835.5166,-0.10506685,5,1,false,false,-3.5506744,2.162718,10.069094,-2.5682485,3
47.769382,0.6862847,49.32817830733379,8.574835122147306,0,1,5863.4736,-0.10749246,5,1,false,false,-2.3683412,2.3388164,6.2517977,-2.5694802,3
47.80527,0.6864604,49.328174351052574,8.574825904922376,0,1,5794.1685,-0.107978545,5,1,false,false,-2.3200672,2.0486877,6.3666873,-2.5704525,3
47.844437,0.68663615,49.328170394771355,8.5748168252711,0,1,5856.6294,-0.1082216,5,1,false,false,-3.386407,2.4052114,8.55371,-2.5715086,3
47.867626,0.68681204,49.32816652849292,8.574807608046168,0,1,5872.1567,-0.094390325,5,1,false,false,-2.4184368,0.47483402,7.6475687,-2.572678,3
47.882236,0.68698806,49.3281625722117,8.574798390821238,0,1,5947.1025,-0.08031606,5,1,false,false,-2.9642088,2.3398912,9.021179,-2.5741086,3
47.937374,0.6871642,49.328158615930484,8.574789311169962,0,1,5994.3984,-0.06551548,5,1,false,false,-2.1521978,3.222285,8.173677,-2.5758862,3
47.98855,0.68734044,49.328154659649265,8.574780093945032,0,1,5864.2197,-0.04197795,5,1,false,false,-2.7989087,3.2335134,10.602142,-2.5776005,3
48.04577,0.68751705,49.32815079337084,8.5747708767201,0,1,5875.291,-0.017956238,5,1,false,false,-3.073654,3.4933472,10.1714525,-2.5792706,3
48.088993,0.68769383,49.32814683708962,8.574761521921515,0,1,5867.898,-0.00097025046,5,1,false,false,-3.1514895,2.1826813,11.022977,-2.5805776,3
48.128986,0.68787074,49.3281428808084,8.574752304696585,0,1,5848.7954,0.012617031,5,1,false,false,-2.6121912,2.75075,13.656771,-2.5815213,3
48.171978,0.6880479,49.328139014392775,8.574743087471655,0,1,5864.502,0.020867929,5,1,false,false,-2.8732977,2.435027,11.37572,-2.5821362,3
48.206654,0.6882252,49.328135058248755,8.574733732673069,0,1,5857.3076,0.026691316,5,1,false,false,-2.4179637,2.2213697,13.449567,-2.5823784,3
48.248272,0.6884026,49.32813119183312,8.574724515448137,0,1,5876.192,0.030816296,5,1,false,false,-1.8980551,2.6113884,10.997032,-2.5824077,3
48.286495,0.6885803,49.328127235551904,8.574715160675792,0,1,5859.6426,0.032272607,5,1,false,false,-1.5402352,2.053459,11.121475,-2.5821354,3
48.32176,0.688758,49.328123279270685,8.574705805877207,0,1,5875.3647,0.032757733,5,1,false,false,-1.2088301,2.3844948,11.323611,-2.5816505,3
48.360218,0.688936,49.32811941299226,8.574696588652277,0,1,5898.8413,0.031786554,5,1,false,false,-0.8103403,2.0667515,8.962912,-2.581047,3
48.39156,0.68911403,49.32811545671104,8.574687233853691,0,1,5895.2007,0.029359974,5,1,false,false,-0.44763067,2.069401,10.60923,-2.5803301,3
48.43302,0.6892924,49.32811159043261,8.574677879055105,0,1,5926.264,0.027176436,5,1,false,false,-0.10495403,2.590902,8.878158,-2.579599,3
48.469624,0.6894707,49.328107634151394,8.574668524256522,0,1,5908.898,0.023294492,5,1,false,false,0.11305308,1.9548552,8.090673,-2.5788019,3
48.507126,0.68964916,49.32810376773576,8.574659169457936,0,1,5928.207,0.02232424,5,1,false,false,0.02272012,2.532757,9.766993,-2.5779686,3
48.54704,0.68982774,49.32809981145454,8.574649814685591,0,1,5943.0103,0.016742947,5,1,false,false,0.020791583,2.239921,8.272908,-2.577148,3
48.580624,0.6900065,49.32809585531052,8.574640459887005,0,1,5934.069,0.011646778,5,1,false,false,0.5829234,2.0126643,9.051216,-2.5763671,3
48.62048,0.6901853,49.3280918990293,8.57463110508842,0,1,5971.805,0.008735084,5,1,false,false,0.40733585,2.6154103,8.370621,-2.5756116,3
48.661037,0.69036424,49.32808803261368,8.57462161271618,0,1,5953.5796,0.0070366743,5,1,false,false,0.4580309,2.145912,7.612835,-2.5749516,3
48.70075,0.69054335,49.32808407633246,8.574612257930715,0,1,5950.8965,0.0031547262,5,1,false,false,1.029595,2.661429,9.283218,-2.5743203,3
48.74469,0.6907226,49.32808012018844,8.57460290313213,0,1,5965.9043,0.0004851258,5,1,false,false,0.8247255,2.4278545,6.768724,-2.5736942,3
48.776794,0.690902,49.32807616390722,8.57459341077301,0,1,5953.2383,0,5,1,false,false,0.74687755,1.956055,9.102256,-2.5730846,3
48.816753,0.6910815,49.328072207626,8.574584055974425,0,1,5994.769,-0.0002430322,5,1,false,false,0.7205515,2.5443006,8.043129,-2.5725188,3
48.851795,0.6912612,49.32806825134478,8.57457470117584,0,1,5984.7095,-0.010677464,5,1,false,false,0.8520814,1.6740586,7.485002,-2.5720031,3
48.88592,0.6914409,49.32806429506356,8.57456520881672,0,1,6010.7017,-0.015529664,5,1,false,false,0.35048708,2.6969705,8.37918,-2.571472,3
48.92965,0.6916209,49.32806033878234,8.574555854018135,0,1,6025.722,-0.016742948,5,1,false,false,0.6517838,2.2051013,7.9227176,-2.571095,3
48.966263,0.69180095,49.32805629263553,8.574546361659015,0,1,5999.1323,-0.019412551,5,1,false,false,0.9656437,2.399868,10.65872,-2.5708063,3
49.0161,0.69198114,49.32805233635431,8.574536869286776,0,1,6021.5996,-0.0155296605,5,1,false,false,1.0224481,3.1023579,9.447656,-2.5706024,3
49.0545,0.69216156,49.32804838021029,8.57452751450131,0,1,5983.05,-0.010434433,5,1,false,false,0.6536076,2.191837,8.524622,-2.5705233,3
49.09719,0.6923421,49.32804433392628,8.57451802212907,0,1,6002.155,0.0026686643,5,1,false,false,1.2677042,2.9456282,10.584159,-2.5705042,3
49.139248,0.69252276,49.328040377782266,8.57450852976995,0,1,5998.17,0.0101914015,5,1,false,false,1.559864,2.1488328,11.746618,-2.570463,3
49.173534,0.69270366,49.328036331498254,8.574499037404271,0,1,5992.3076,0.014559411,5,1,false,false,1.9893584,2.1526074,13.972201,-2.570265,3
49.212986,0.69288456,49.328032375217035,8.574489682612246,0,1,6043.617,0.014073345,5,1,false,false,1.4525611,2.4510758,10.353225,-2.569827,3
49.252354,0.69306576,49.32802832907022,8.574480190246566,0,1,6021.16,0.0019414416,5,1,false,false,1.1914965,2.5282037,9.137365,-2.569232,3
49.30143,0.69324696,49.32802428292341,8.574470697880887,0,1,6000.205,-0.009706275,5,1,false,false,1.1916329,3.0500839,9.487054,-2.5686269,3
49.345047,0.69342846,49.32802032664219,8.574461205515206,0,1,5981.42,-0.024992907,5,1,false,false,0.57570297,2.4292462,14.991179,-2.5680723,3
49.378475,0.6936101,49.32801628049538,8.574451713149527,0,1,6002.1855,-0.038095996,5,1,false,false,-0.18334973,2.0574129,11.284209,-2.5677264,3
49.412292,0.6937918,49.32801223434857,8.574442220787127,0,1,6044.7295,-0.07109584,5,1,false,false,0.07518058,1.8513325,6.145109,-2.5676167,3
49.450813,0.6939736,49.32800818820176,8.574432728421447,0,1,6047.044,-0.09293402,5,1,false,false,0.61963314,2.7589443,9.701417,-2.567711,3
49.50282,0.6941557,49.32800414191775,8.574423236055768,0,1,5997.393,-0.10239725,5,1,false,false,-1.0103527,2.5386474,10.469034,-2.5680614,3
49.53074,0.69433784,49.32800009577094,8.574413743691728,0,1,5983.8115,-0.10361055,5,1,false,false,-1.2313226,1.0750268,10.339543,-2.5688324,3
49.555935,0.6945201,49.327996049624126,8.574404113757314,0,1,6101.829,-0.1040966,5,1,false,false,-1.2504221,2.0954895,8.718083,-2.5699804,3
49.59902,0.6947025,49.32799200347732,8.57439462139225,0,1,6093.0376,-0.09269193,5,1,false,false,-0.5599387,2.5714483,7.924174,-2.5713959,3
49.645935,0.6948851,49.32798795733051,8.574385129027595,0,1,6013.852,-0.072552145,5,1,false,false,-0.8457745,2.9554875,10.231821,-2.5728645,3
49.693203,0.6950678,49.327983911046495,8.57437549909318,0,1,6038.3247,-0.04901556,5,1,false,false,-0.8976484,2.277782,8.864731,-2.5743327,3
49.72348,0.6952507,49.32797986489969,8.5743660067275,0,1,6044.0737,-0.027177375,5,1,false,false,-0.74006385,1.567524,10.412856,-2.5756524,3
49.75734,0.6954337,49.327975818752876,8.574356376791446,0,1,6073.558,-0.008978112,5,1,false,false,-1.0893215,2.3493307,12.024564,-2.5768657,3
49.797173,0.69561684,49.32797177260606,8.574346746858671,0,1,6077.869,0.0033968221,5,1,false,false,-0.6852479,2.1455061,9.393874,-2.5779192,3
49.83414,0.69580007,49.327967726459256,8.574337116919338,0,1,6065.7256,0.0145594105,5,1,false,false,-1.2301037,2.4508395,11.774527,-2.5787442,3
49.882397,0.6959835,49.327963680175245,8.574327624560219,0,1,6069.494,0.02208121,5,1,false,false,-1.1671425,2.5731728,11.262861,-2.579433,3
49.91966,0.6961671,49.32795963402843,8.574317994620884,0,1,6036.8584,0.025478028,5,1,false,false,-1.1680524,2.1836026,13.285216,-2.5798714,3
49.959435,0.6963509,49.32795558788162,8.57430836468811,0,1,6063.095,0.029846042,5,1,false,false,-0.4352633,2.4232996,11.377807,-2.5801754,3
49.991837,0.69653475,49.32795154173481,8.574298734748776,0,1,6062.217,0.03494128,5,1,false,false,-1.0018793,2.027058,11.741792,-2.580179,3
50.030525,0.69671875,49.327947495588,8.574288967248906,0,1,6067.0127,0.042220972,5,1,false,false,0.2716088,2.5336475,10.914808,-2.58011,3
50.067215,0.69690293,49.32794344930399,8.574279337309573,0,1,6063.8804,0.043434255,5,1,false,false,-0.82615674,2.0385242,7.488829,-2.579821,3
50.09925,0.6970872,49.32793940315718,8.574269707376798,0,1,6076.8477,0.04707411,5,1,false,false,0.30251604,2.2875135,8.745282,-2.5794246,3
50.129215,0.6972716,49.32793535701037,8.574260077444023,0,1,6096.518,0.050713964,5,1,false,false,-0.65480673,1.7288747,9.362561,-2.5788107,3
50.154736,0.69745606,49.327931310863555,8.574250309937595,0,1,6123.895,0.053140543,5,1,false,false,0.9086081,0.8524175,8.205833,-2.5781848,3
50.18121,0.6976406,49.32792726471675,8.574240680004822,0,1,6194.697,0.048287395,5,1,false,false,-0.34313938,2.8891768,7.9444475,-2.5773504,3
50.227352,0.6978254,49.32792312856714,8.574231050058927,0,1,6184.9653,0.0378539,5,1,false,false,0.8315495,2.9128819,7.161879,-2.576513,3
50.266327,0.69801027,49.32791908242034,8.574221282552498,0,1,6124.0195,0.02572107,5,1,false,false,0.34135303,2.7477396,9.121911,-2.5755224,3
50.312485,0.6981953,49.327915036273524,8.574211652619724,0,1,6161.7144,0.01213284,5,1,false,false,0.61809134,2.5694957,8.1163845,-2.5745516,3
50.342575,0.6983805,49.32791090012392,8.574201885113295,0,1,6152.533,-0.00509617,5,1,false,false,0.10695828,1.9896172,8.45247,-2.573624,3
50.386837,0.6985658,49.32790685397711,8.574192255180522,0,1,6165.7056,-0.017713202,5,1,false,false,0.57664514,2.9228783,8.945752,-2.5728621,3
50.42624,0.6987512,49.327902717827506,8.574182487674094,0,1,6139.0405,-0.034699183,5,1,false,false,0.235849,2.2186813,8.17015,-2.5722623,3
50.464844,0.6989368,49.3278986716807,8.574172720167665,0,1,6144.8403,-0.04270705,5,1,false,false,0.51405156,2.5142057,10.684578,-2.5718615,3
50.501972,0.6991226,49.32789453566829,8.574162952674355,0,1,6159.576,-0.047074124,5,1,false,false,0.15542027,2.1228943,9.68772,-2.5716407,3
50.536995,0.69930845,49.32789048938429,8.574153322728462,0,1,6153.411,-0.048529483,5,1,false,false,0.29457343,1.9546858,10.798418,-2.5716195,3
50.578716,0.69949454,49.32788635337188,8.574143555235151,0,1,6166.923,-0.04780228,5,1,false,false,0.1491453,2.6169226,9.85837,-2.5717726,3
50.614727,0.6996807,49.327882307225074,8.574133787715605,0,1,6150.3955,-0.047802273,5,1,false,false,0.40384966,2.140651,10.249408,-2.5720425,3
50.65351,0.699867,49.32787817107547,8.574124020222294,0,1,6161.016,-0.042707037,5,1,false,false,0.14339814,2.3743958,10.695788,-2.572407,3
50.688236,0.7000535,49.32787403506307,8.574114252702746,0,1,6162.549,-0.03955232,5,1,false,false,0.09898113,1.8476973,10.341557,-2.5728514,3
50.72167,0.70024,49.32786989891347,8.574104485209437,0,1,6177.4014,-0.035426408,5,1,false,false,-0.09723227,2.2838104,10.5255,-2.5733552,3
50.758923,0.7004267,49.327865762763864,8.574094717689889,0,1,6190.2793,-0.030816289,5,1,false,false,0.057431325,2.2667363,9.731455,-2.5738895,3
50.79537,0.70061356,49.32786171661705,8.57408495019658,0,1,6177.0396,-0.023294497,5,1,false,false,0.07390784,2.3536062,9.775501,-2.5744069,3
50.83616,0.7008006,49.32785758060465,8.574075182677031,0,1,6182.454,-0.015529667,5,1,false,false,0.029985756,2.4533832,8.9536915,-2.5748732,3
50.870773,0.70098776,49.32785344445505,8.57406527761007,0,1,6174.9233,-0.007036672,5,1,false,false,0.048054323,2.0189362,9.839205,-2.5752525,3
50.90361,0.701175,49.327849308442644,8.57405551009052,0,1,6194.3857,-0.0016993484,5,1,false,false,0.15573919,2.01935,9.877815,-2.5755494,3
50.934322,0.7013624,49.327845172293046,8.57404574259721,0,1,6218.258,0.0033968205,5,1,false,false,-0.009465188,1.8634367,8.533161,-2.5757136,3
50.967133,0.7015499,49.32784103614345,8.574035837530248,0,1,6231.4536,0.009463243,5,1,false,false,-0.044734627,2.2428446,8.666614,-2.5757985,3
51.008736,0.7017376,49.32783690013104,8.5740260700107,0,1,6232.282,0.011889809,5,1,false,false,0.15800312,2.4761863,7.9554157,-2.5758195,3
51.04669,0.70192534,49.32783276398144,8.574016164943735,0,1,6211.1987,0.011161652,5,1,false,false,0.33895344,2.2558825,9.568335,-2.5757072,3
51.085026,0.7021133,49.32782862796904,8.574006397424187,0,1,6225.059,0.010919561,5,1,false,false,0.14589334,2.2003365,9.328647,-2.5754724,3
51.117413,0.7023014,49.327824491819435,8.573996492357224,0,1,6232.032,0.00994837,5,1,false,false,0.13468847,1.850093,9.571816,-2.575153,3
51.154476,0.70248955,49.327820355807035,8.57398658729026,0,1,6246.292,0.00922021,5,1,false,false,0.19974698,2.5190063,10.019494,-2.5748138,3
51.19403,0.7026779,49.32781612979184,8.573976819770712,0,1,6234.962,0.008978118,5,1,false,false,0.5544356,2.312295,8.801109,-2.5744684,3
51.232952,0.7028664,49.327811993642236,8.57396691470375,0,1,6223.695,0.008249958,5,1,false,false,0.5541164,2.3807402,9.502667,-2.574092,3
51.269764,0.70305496,49.327807857629836,8.573957009610545,0,1,6233.018,0.008249958,5,1,false,false,0.6814701,2.1436076,8.984392,-2.5736887,3
51.30277,0.70324373,49.32780372148024,8.573947104543583,0,1,6238.29,0.008007865,5,1,false,false,0.6685343,1.9785691,9.111846,-2.5732572,3
51.337727,0.70343256,49.327799495465044,8.573937337050275,0,1,6252.8247,0.008007864,5,1,false,false,0.6386877,2.0947208,9.405917,-2.5728257,3
51.371334,0.70362157,49.32779535945264,8.57392743195707,0,0.9785452,6257.5815,0.007036675,5,1,false,false,0.7760004,2.0395381,10.747019,-2.5723925,3
51.4057,0.7038107,49.327791133437444,8.573917526863868,0,0.9590629,6263.7695,0.0058243265,5,1,false,false,0.70352733,2.1388662,10.737789,-2.5719774,3
51.44104,0.70399994,49.327786997287845,8.573907621823144,0,0.93834764,6267.6733,0.0046101054,5,1,false,false,0.81107485,2.1294315,9.378747,-2.5715666,3
51.477715,0.70418936,49.32778277127265,8.573897716729942,0,0.90678173,6260.902,0.0026686625,5,1,false,false,0.8922763,2.2874992,9.847165,-2.571181,3
51.514088,0.70437884,49.327778635260245,8.57388781163674,0,0.88729966,6252.3877,0,5,1,false,false,1.181329,2.1222267,10.117725,-2.570815,3
51.546337,0.70456845,49.32777440924505,8.573877768996121,0,0.8591862,6248.663,-0.0019405042,5,1,false,false,0.92693835,1.8554713,9.903267,-2.57047,3
51.576035,0.7047582,49.32777018322986,8.573867863955398,0,0.84710234,6261.9834,-0.004368011,5,1,false,false,0.80301446,1.7435529,10.349374,-2.5701659,3
51.603992,0.70494807,49.32776604708026,8.573857958862193,0,0.8379778,6272.692,-0.0058233887,5,1,false,false,0.9339622,1.7091556,10.017193,-2.569908,3
51.633392,0.70513797,49.32776182106507,8.573848053768991,0,0.84167707,6278.9316,-0.0060664224,5,1,false,false,0.8190647,1.841755,9.523876,-2.5696933,3
51.664978,0.70532805,49.327757595049874,8.573838148728267,0,0.83797765,6277.3276,-0.0060664215,5,1,false,false,1.0218537,1.9237896,9.291245,-2.5695207,3
51.69717,0.70551825,49.32775336903468,8.57382810608765,0,0.8429099,6271.8105,-0.0060664215,5,1,false,false,0.9425801,1.9141017,9.749078,-2.5693774,3
51.726715,0.7057085,49.32774914315669,8.573818200994447,0,0.837238,6271.3545,-0.005338263,5,1,false,false,0.92009616,1.7371182,8.591975,-2.5692403,3
51.75423,0.70589894,49.327744917141494,8.573808295901244,0,0.84217006,6284.909,-0.0048531382,5,1,false,false,0.90093875,1.6357294,9.489468,-2.569111,3
51.781982,0.70608944,49.3277406911263,8.573798253260627,0,0.84389645,6298.987,-0.0048531373,5,1,false,false,0.82935464,1.710892,9.287766,-2.5689805,3
51.810345,0.70628005,49.32773646511111,8.573788348167422,0,0.8429101,6303.8145,-0.00582339,5,1,false,false,0.7127614,1.7252427,10.061615,-2.5688474,3
51.839806,0.7064707,49.327732239095916,8.573778443126699,0,0.84833527,6312.992,-0.0067945807,5,1,false,false,0.4761185,1.8248143,9.819195,-2.5687304,3
51.870697,0.7066615,49.327728013080716,8.573768400486081,0,0.8463627,6317.229,-0.009221148,5,1,false,false,0.7678146,1.9156588,9.926085,-2.5686297,3
51.903454,0.7068525,49.32772378706552,8.573758495392878,0,0.8574601,6311.1016,-0.010677465,5,1,false,false,0.72376084,1.9916563,9.169972,-2.5685482,3
51.93575,0.7070435,49.32771956105033,8.57374845275226,0,0.86165243,6306.6357,-0.014074286,5,1,false,false,0.6463394,1.9113137,9.69241,-2.5684698,3
51.968056,0.7072347,49.32771533503514,8.573738410111643,0,0.86831063,6307.2036,-0.017713202,5,1,false,false,0.7013409,1.9368038,10.558451,-2.5684357,3
51.99857,0.70742595,49.32771101915436,8.57372850501844,0,0.88187414,6314.0684,-0.024750814,5,1,false,false,0.5672826,1.7658616,10.184556,-2.5684574,3
52.027557,0.70761734,49.327706793139164,8.573718462377823,0,0.88236743,6327.167,-0.03033117,5,1,false,false,0.22701289,1.768105,9.677816,-2.5685372,3
52.060078,0.70780885,49.327702567123964,8.57370855728462,0,0.8823675,6335.979,-0.03712574,5,1,false,false,-0.038019,2.0204353,8.978923,-2.5686977,3
52.09242,0.7080004,49.327698251243184,8.573698514644002,0,0.8848337,6328.5083,-0.042707045,5,1,false,false,0.13426228,1.9696379,8.985701,-2.5689602,3
52.12545,0.7081922,49.32769402522799,8.573688472003385,0,0.88779294,6331.9907,-0.046588983,5,1,false,false,-0.17644522,1.9773747,9.426806,-2.569284,3
52.157482,0.70838404,49.3276897992128,8.573678429362767,0,0.8853267,6338.6484,-0.04828741,5,1,false,false,-0.24334826,1.8640236,8.896834,-2.5697045,3
52.188274,0.708576,49.32768548333201,8.573668386722149,0,0.8922319,6347.0454,-0.048529495,5,1,false,false,-0.38060367,1.8513637,9.383365,-2.5702138,3
52.21945,0.7087681,49.32768125731682,8.573658344081531,0,0.9030826,6361.5933,-0.046345953,5,1,false,false,-0.54793227,1.9002397,11.112553,-2.5708122,3
52.252556,0.7089603,49.32767694129883,8.573648301440913,0,0.9176327,6367.205,-0.042220987,5,1,false,false,-0.7571788,2.064166,12.766076,-2.5715103,3
52.287933,0.7091526,49.32767271542084,8.573638258747817,0,0.9346485,6365.8145,-0.03566944,5,1,false,false,-0.8023246,2.2282665,11.945451,-2.5723035,3
52.32597,0.70934504,49.327668489405646,8.573628216107199,0,0.94870543,6360.4014,-0.027177379,5,1,false,false,-0.784516,2.4202907,12.361747,-2.5731556,3
52.366,0.7095376,49.32766417338766,8.573618173466581,0,0.9676943,6341.8706,-0.018442297,5,1,false,false,-0.6070696,2.380267,12.15977,-2.5739522,3
52.401726,0.7097304,49.32765994737247,8.573608130825964,0,0.965228,6325.343,-0.011404684,5,1,false,false,-0.61677814,2.0045154,11.220952,-2.5745795,3
52.432625,0.70992327,49.32765563149169,8.573597950585452,0,0.9701602,6334.3945,-0.005581296,5,1,false,false,-0.7208302,1.8646498,10.378199,-2.574991,3
52.462334,0.7101162,49.32765140547649,8.573587907944834,0,0.9689272,6350.2188,-0.0014563166,5,1,false,false,-0.57874084,1.800344,10.548671,-2.5752668,3
52.491516,0.71030927,49.32764708959571,8.5735777277568,0,0.9644884,6362.0664,-0.002183536,5,1,false,false,-0.35793138,1.7086098,8.1979065,-2.57544,3
52.517387,0.71050245,49.327642863580515,8.573567685116183,0,0.96646106,6387.834,-0.005581296,5,1,false,false,-0.48099253,1.570135,7.3737593,-2.5755196,3
52.545208,0.71069574,49.32763854769973,8.573557504875671,0,0.963995,6420.564,-0.010677464,5,1,false,false,-0.34043694,1.8068825,5.7926397,-2.5755599,3
52.5741,0.7108891,49.327634321684535,8.573547462235053,0,0.96695447,6427.6196,-0.015044536,5,1,false,false,-0.5027339,1.7035638,6.0778737,-2.5755832,3
52.60402,0.7110826,49.32763000580375,8.573537281994541,0,0.96892715,6443.8066,-0.018442294,5,1,false,false,-0.56703895,1.8081692,7.3889656,-2.5756667,3
52.632954,0.7112762,49.32762568978576,8.573527239353924,0,0.96350205,6465.984,-0.019896736,5,1,false,false,-0.40647253,1.622164,8.669166,-2.5758212,3
52.666378,0.7114699,49.32762146377057,8.57351705916589,0,0.96399504,6479.9746,-0.018199267,5,1,false,false,-0.41734678,2.275391,8.263883,-2.5760443,3
52.710354,0.7116637,49.32761714788979,8.573506878977858,0,0.96695447,6460.118,-0.013346129,5,1,false,false,-0.49831694,2.8367834,9.300042,-2.5762773,3
52.758865,0.71185774,49.3276129218746,8.573496698684869,0,0.96769434,6405.732,-0.0058233896,5,1,false,false,-0.18585595,2.7302163,11.806179,-2.5764775,3
52.797775,0.71205187,49.32760860599381,8.573486518496836,0,0.9664611,6378.973,0.002426569,5,1,false,false,-0.3504486,2.1122065,11.917151,-2.5765963,3
52.828106,0.7122462,49.32760429011302,8.573476338308803,0,0.9676943,6402.8184,0.0101914015,5,1,false,false,-0.06880158,1.6902146,10.475285,-2.57667,3
52.85707,0.7124406,49.32760006409783,8.57346615812077,0,0.96350175,6413.8945,0.016742948,5,1,false,false,-0.0068486035,1.8546093,11.520719,-2.5766568,3
52.88908,0.7126351,49.327595748079844,8.573455977827779,0,0.96276194,6406.4497,0.021595143,5,1,false,false,0.30136457,1.9905862,12.778229,-2.5765414,3
52.920204,0.7128297,49.327591432199064,8.573445797639746,0,0.963502,6406.1045,0.02644828,5,1,false,false,0.45832777,1.8240668,12.294498,-2.5763276,3
52.949684,0.71302444,49.32758720618387,8.573435617451713,0,0.9644882,6418.216,0.028875794,5,1,false,false,0.28693414,1.8256449,12.178035,-2.5760434,3
52.979927,0.71321934,49.327582890303084,8.573425299663787,0,0.9657214,6423.421,0.029117882,5,1,false,false,0.87913024,1.8964612,11.139099,-2.5756922,3
53.01182,0.7134143,49.3275785744223,8.573415119370797,0,0.96448827,6417.539,0.026448281,5,1,false,false,0.6503529,1.973345,9.167599,-2.5752165,3
53.043167,0.71360946,49.32757425840431,8.573404939182764,0,0.9676941,6415.489,0.022808436,5,1,false,false,0.66729385,1.8640668,8.482663,-2.57468,3
53.072006,0.71380466,49.32756994252353,8.57339475899473,0,0.96350175,6424.626,0.018198328,5,1,false,false,0.4800437,1.657469,9.486864,-2.5741556,3
53.09764,0.714,49.327565626642745,8.573384441206803,0,0.96276194,6441.634,0.0123749375,5,1,false,false,0.5684602,1.4164461,7.4032006,-2.5737045,3
53.118443,0.71419543,49.32756131076196,8.573374261018772,0,0.96399516,6477.648,0.0070366752,5,1,false,false,0.45451137,1.34719,6.952122,-2.5733,3
53.143806,0.71439093,49.32755699474397,8.573363943230845,0,0.96892715,6518.7065,0.0036389153,5,1,false,false,0.5609899,1.8435925,6.5881724,-2.572924,3
53.178165,0.71458656,49.32755267886319,8.573353762937854,0,0.9657215,6511.2246,0.002668662,5,1,false,false,0.54706115,2.0289047,6.000922,-2.5725918,3
53.213528,0.7147823,49.327548362982405,8.573343445149927,0,0.96572137,6500.3706,0.0036389153,5,1,false,false,0.54796916,2.11564,5.47837,-2.5723126,3
53.24755,0.71497816,49.32754404696442,8.573333264961894,0,0.96695447,6515.5034,0.008007864,5,1,false,false,0.7235244,1.9506508,7.219677,-2.5720806,3
53.280956,0.71517414,49.32753973108364,8.573322947173969,0,0.96769434,6517.1855,0.01431638,5,1,false,false,0.69530594,1.9544674,7.4841805,-2.5718758,3
53.312973,0.7153703,49.32753541520285,8.573312766985936,0,0.9627622,6519.933,0.019897675,5,1,false,false,1.2394274,1.8442259,10.003864,-2.5716732,3
53.34928,0.7155665,49.327531099322066,8.573302449198009,0,0.9694204,6535.109,0.02499291,5,1,false,false,1.4635427,2.4093392,11.164832,-2.5713623,3
53.39065,0.7157629,49.32752669343849,8.573292131410081,0,0.965228,6507.5376,0.027419478,5,1,false,false,1.3645867,2.4833512,11.521967,-2.5709727,3
53.43389,0.7159594,49.327522377557706,8.57328195111709,0,0.96769434,6475.8486,0.026934352,5,1,false,false,1.4613506,2.6351678,10.844186,-2.5705445,3
53.47233,0.7161561,49.327517971674126,8.573271633329165,0,0.96448845,6458.462,0.022566337,5,1,false,false,1.555169,1.9812609,10.647882,-2.570115,3
53.50359,0.716353,49.32751365579335,8.573261315541238,0,0.96276206,6453.9673,0.016499918,5,1,false,false,1.5801997,1.8412404,13.445153,-2.5697381,3
53.53208,0.71654993,49.32750924990977,8.573250997753311,0,0.96522826,6476.554,0.008735083,5,1,false,false,1.2517368,1.6618464,12.016392,-2.5693905,3
53.560337,0.7167469,49.32750493402899,8.573240679965386,0,0.96522814,6491.5356,0.00024303165,5,1,false,false,0.54465604,1.7400912,8.900078,-2.5690918,3
53.5913,0.7169441,49.32750052814541,8.573230499777353,0,0.9657213,6497.327,-0.009221149,5,1,false,false,0.7868488,1.9357296,11.252643,-2.5689297,3
53.621944,0.71714133,49.32749612239903,8.573220181989425,0,0.96572137,6493.3345,-0.015529665,5,1,false,false,1.0328856,1.693725,13.367801,-2.5688672,3
53.647713,0.7173387,49.32749180638105,8.573209864201498,0,0.96350193,6497.9116,-0.015286633,5,1,false,false,0.05771151,1.505175,12.404627,-2.5689018,3
53.677032,0.7175362,49.32748740063467,8.573199546413573,0,0.9644882,6538.0205,-0.013588223,5,1,false,false,0.6727381,1.9919577,10.620947,-2.5690877,3
53.712185,0.7177338,49.327482994751094,8.573189228625646,0,0.9689272,6523.2383,-0.012131904,5,1,false,false,0.961399,2.3501418,12.620393,-2.569282,3
53.747135,0.71793145,49.32747858886752,8.573178910837719,0,0.96522796,6478.6445,-0.00849299,5,1,false,false,0.41848788,1.9203533,11.761448,-2.569409,3
53.774452,0.71812934,49.32747418312114,8.573168593049793,0,0.9681875,6489.163,-0.0050961683,5,1,false,false,0.021646261,1.5116242,8.852002,-2.5695689,3
53.79901,0.7183272,49.32746977723757,8.57315813776693,0,0.9635018,6527.6704,-0.007036675,5,1,false,false,0.45431077,1.6003616,8.585229,-2.5697708,3
53.826454,0.7185253,49.32746546135678,8.573147819979003,0,0.96522814,6523.522,-0.009706276,5,1,false,false,0.06867357,1.6481196,6.6320696,-2.5699205,3
53.85017,0.7187234,49.32746105547321,8.573137502191077,0,0.96103567,6530.5117,-0.0150445355,5,1,false,false,0.0012446567,1.2810773,6.562381,-2.5700765,3
53.869244,0.7189216,49.32745664958963,8.57312718440315,0,0.96152896,6585.4995,-0.020867927,5,1,false,false,-0.08317389,1.0129884,11.270281,-2.5702617,3
53.887253,0.7191199,49.327452243843254,8.573116866615223,0,0.96942043,6625.0015,-0.025235,5,1,false,false,-0.9713961,1.2303561,12.246757,-2.5705001,3
53.916943,0.7193182,49.32744783795968,8.573106411227403,0,0.96448845,6644.281,-0.027661571,5,1,false,false,-0.27933547,2.2634232,8.996584,-2.570886,3
53.969265,0.71951675,49.3274434322133,8.573096093439476,0,0.96646106,6607.443,-0.03251565,5,1,false,false,-0.32633957,3.5974443,8.619488,-2.5712576,3
54.01837,0.7197155,49.327438936464134,8.573085638051655,0,0.96695435,6500.612,-0.036639675,5,1,false,false,-0.25085485,2.453559,10.698784,-2.5715384,3
54.048977,0.71991426,49.32743453058056,8.57307532026373,0,0.9738595,6488.4316,-0.038824163,5,1,false,false,-0.90933263,1.4397701,11.01612,-2.5717814,3
54.06733,0.7201132,49.32743012469698,8.573064864875908,0,0.9743526,6561.914,-0.039794404,5,1,false,false,-0.61574817,1.0424422,7.9923654,-2.5721378,3
54.088974,0.72031224,49.32742571895061,8.573054547087981,0,0.9859434,6581.316,-0.036397595,5,1,false,false,-0.620989,1.5545396,7.297186,-2.572563,3
54.11839,0.7205114,49.32742131306703,8.57304409180512,0,0.9999999,6571.665,-0.029117879,5,1,false,false,-0.43048814,1.7724442,6.1556525,-2.573016,3
54.14469,0.7207106,49.327416907183455,8.573033636417298,0,1,6586.0317,-0.017713198,5,1,false,false,-0.5532179,1.3764143,6.058954,-2.5734437,3
54.165997,0.72090983,49.32741250143708,8.573023318629371,0,1,6623.1016,-0.0046101054,5,1,false,false,-0.3507133,1.1915674,7.111649,-2.573882,3
54.186573,0.7211092,49.3274080955535,8.573012863241551,0,1,6657.6455,0.008735085,5,1,false,false,-0.3096332,1.1870999,7.7492485,-2.574314,3
54.212532,0.72130865,49.32740368966993,8.57300240785373,0,1,6684.625,0.02208121,5,1,false,false,0.10754332,1.7573303,8.075352,-2.5747192,3
54.250835,0.72150826,49.32739928392355,8.572991952570868,0,1,6678.3936,0.033242866,5,1,false,false,0.18680693,2.639726,9.365304,-2.5749946,3
54.296818,0.721708,49.32739478817438,8.572981497183047,0,1,6625.5996,0.041493762,5,1,false,false,0.28930748,2.7881293,10.820718,-2.5750492,3
54.338585,0.72190785,49.32739038242801,8.572971041795228,0,1,6585.3027,0.047074117,5,1,false,false,0.26926392,2.3047495,12.344305,-2.5748675,3
54.37095,0.7221079,49.32738597640723,8.572960586512364,0,1,6587.32,0.050471872,5,1,false,false,0.53632456,1.7855586,12.755101,-2.5744548,3
54.399773,0.72230804,49.327381570660854,8.572950131124545,0,1,6594.837,0.052655417,5,1,false,false,0.6434027,1.7632501,12.05261,-2.5738592,3
54.42865,0.7225083,49.32737707491169,8.572939675736723,0,1,6588.7754,0.053382628,5,1,false,false,0.9422276,1.756765,12.075563,-2.573097,3
54.457127,0.72270864,49.327372669165314,8.572929220348902,0,1,6588.7744,0.052412387,5,1,false,false,1.0873342,1.7295616,10.437157,-2.572215,3
54.484898,0.72290915,49.32736817341614,8.57291876506604,0,1,6595.734,0.049985807,5,1,false,false,1.1332731,1.6362875,10.042328,-2.5712383,3
54.51214,0.72310966,49.32736376739537,8.572908309678219,0,1,6606.12,0.04780227,5,1,false,false,1.273294,1.6808065,11.092179,-2.5702152,3
54.5395,0.72331035,49.3273592716462,8.5728978542904,0,1,6616.993,0.04489058,5,1,false,false,1.5312536,1.6319764,10.648259,-2.5691798,3
54.56649,0.7235111,49.32735486589982,8.572887261407642,0,1,6631.927,0.041735854,5,1,false,false,1.616411,1.6675513,9.44767,-2.5681255,3
54.5959,0.72371197,49.327350370150654,8.572876806019822,0,1,6644.1157,0.0383381,5,1,false,false,1.7819245,1.8856115,9.689538,-2.5670578,3
54.628483,0.72391295,49.32734596440428,8.572866350632001,0,1,6638.188,0.03591246,5,1,false,false,1.8687583,2.0172138,10.05579,-2.5660038,3
54.660152,0.72411406,49.32734146865511,8.57285589534914,0,1,6630.2764,0.033485893,5,1,false,false,1.7854477,1.8892977,10.879026,-2.5650065,3
54.690784,0.7243153,49.32733697290595,8.572845302361424,0,1,6639.389,0.031544447,5,1,false,false,2.2196772,1.8331385,10.839208,-2.5640786,3
54.72029,0.72451663,49.32733247715678,8.572834847078562,0,1,6643.4893,0.027662504,5,1,false,false,2.0498886,1.8098227,9.458994,-2.5632076,3
54.750484,0.7247181,49.32732798140761,8.572824391690741,0,1,6642.391,0.023779618,5,1,false,false,2.159353,1.8794713,10.17185,-2.5623965,3
54.78065,0.7249196,49.32732348565845,8.572813798703027,0,1,6642.7036,0.020381866,5,1,false,false,2.095686,1.8168813,10.715108,-2.5616715,3
54.80881,0.72512126,49.32731898990927,8.572803343420164,0,1,6645.6294,0.016499912,5,1,false,false,2.1076803,1.6731455,9.904709,-2.561043,3
54.836308,0.725323,49.327314494160106,8.572792888032344,0,1,6658.9062,0.012132844,5,1,false,false,1.8549215,1.7016221,9.626767,-2.560483,3
54.86453,0.7255249,49.327309908408154,8.572782295149587,0,1,6666.1597,0.007521801,5,1,false,false,1.7376518,1.7371722,8.329054,-2.5599942,3
54.893726,0.72572684,49.32730541265898,8.572771839761767,0,1,6665.672,0.0029116943,5,1,false,false,1.4866253,1.7977257,8.017251,-2.5595937,3
54.923016,0.72592896,49.32730091690981,8.572761384373946,0,1,6670.929,-0.0012132844,5,1,false,false,1.4684666,1.7300917,8.810555,-2.5592904,3
54.95026,0.72613126,49.327296331157854,8.57275079149119,0,1,6679.188,-0.0038828854,5,1,false,false,1.2144254,1.585614,8.71176,-2.5590823,3
54.976147,0.7263336,49.32729183540869,8.572740336103369,0,1,6696.776,-0.0058233906,5,1,false,false,1.3220961,1.5504146,9.556998,-2.5589416,3
55.004158,0.72653615,49.32728724993113,8.572729743220613,0,1,6712.237,-0.0075218,5,1,false,false,1.2589021,1.8396708,9.606931,-2.5588193,3
55.03555,0.72673875,49.327282754181965,8.572719287832792,0,1,6704.6445,-0.009221148,5,1,false,false,1.14078,1.9578323,9.535926,-2.5587194,3
55.0685,0.72694147,49.327278168430006,8.572708694845078,0,1,6691.711,-0.010918618,5,1,false,false,1.2105962,2.0262387,10.55695,-2.5586507,3
55.099976,0.72714436,49.327273582678046,8.572698239562214,0,1,6684.7725,-0.013588223,5,1,false,false,0.9611971,1.825469,10.544817,-2.5586307,3
55.12895,0.72734725,49.327268997200484,8.5726876465745,0,1,6681.5513,-0.016499916,5,1,false,false,0.82987666,1.7206414,10.21954,-2.5586877,3
55.156807,0.7275503,49.32726450145132,8.57267719118668,0,1,6687.877,-0.019169519,5,1,false,false,0.72058344,1.6588901,10.138736,-2.5588145,3
55.183605,0.72775346,49.32725991569936,8.572666598303924,0,1,6693.485,-0.01989673,5,1,false,false,0.6756091,1.6033291,10.281733,-2.559004,3
55.210445,0.7279566,49.327255329947405,8.572656005421166,0,1,6700.6143,-0.01868345,5,1,false,false,0.44630387,1.6487163,10.279196,-2.559249,3
55.237328,0.72815984,49.32725074446984,8.572645550033346,0,1,6708.8604,-0.015286635,5,1,false,false,0.50347877,1.6249367,10.142119,-2.5595472,3
55.26496,0.7283632,49.327246158717884,8.572634957045631,0,1,6714.8677,-0.011404687,5,1,false,false,0.2956589,1.7174308,9.913284,-2.5598705,3
55.29406,0.72856665,49.327241572965924,8.572624364267833,0,1,6716.037,-0.007521801,5,1,false,false,0.36699906,1.758394,10.53844,-2.560198,3
55.323242,0.72877014,49.32723698748837,8.57261377128012,0,1,6715.097,-0.004368011,5,1,false,false,0.32880363,1.7881379,10.995577,-2.5605087,3
55.352196,0.72897375,49.32723240173641,8.57260331578734,0,1,6718.863,-0.0024265694,5,1,false,false,0.14967072,1.7712218,10.604795,-2.5607805,3
55.3819,0.7291774,49.32722781598445,8.572592723009542,0,1,6722.194,-0.0019405045,5,1,false,false,0.16565037,1.8528255,10.396042,-2.5609941,3
55.4123,0.7293812,49.32722323023249,8.572582130021827,0,1,6717.4927,-0.0029126331,5,1,false,false,0.07778521,1.8453913,11.128723,-2.5611703,3
55.44197,0.72958505,49.32721864475493,8.572571537034113,0,1,6714.4062,-0.005338263,5,1,false,false,-0.1507224,1.7644874,11.107382,-2.5613213,3
55.469944,0.729789,49.327214059002976,8.572560944256313,0,1,6721.666,-0.008249958,5,1,false,false,-0.17821798,1.669012,10.466869,-2.5614698,3
55.49698,0.72999305,49.32720947325102,8.5725503512686,0,1,6728.611,-0.010918622,5,1,false,false,-0.20949294,1.6830311,9.784475,-2.5616078,3
55.52509,0.73019713,49.32720479777066,8.572539758280884,0,1,6730.0776,-0.013103095,5,1,false,false,-0.37950358,1.739306,9.120505,-2.5617623,3
55.5525,0.7304014,49.3272002120187,8.57252916529317,0,1,6729.478,-0.015286631,5,1,false,false,-0.2611352,1.636215,8.75834,-2.5619445,3
55.578026,0.73060566,49.32719562654115,8.57251843481052,0,1,6739.669,-0.016499916,5,1,false,false,-0.32305884,1.5384746,9.558784,-2.5621512,3
55.602646,0.73081005,49.32719104078919,8.57250784203272,0,1,6755.2324,-0.01747111,5,1,false,false,-0.3650592,1.4924364,10.480094,-2.5623941,3
55.62684,0.73101455,49.32718645503723,8.572497249045007,0,1,6767.2896,-0.01989674,5,1,false,false,-0.20216309,1.4868617,10.602732,-2.5626965,3
55.65309,0.7312191,49.32718177955688,8.572486656057293,0,1,6776.7866,-0.025235003,5,1,false,false,-0.6382458,1.6962965,9.963324,-2.5630262,3
55.681694,0.73142374,49.32717719380492,8.572475925574642,0,0.8762021,6764.8496,-0.033242866,5,1,false,false,-0.39854053,1.8002114,9.70328,-2.563366,3
55.709976,0.7316284,49.32717260832736,8.572465332586928,0.01846777,0.63082623,6708.915,-0.046103872,5,1,false,false,-0.88751006,1.5855384,10.489304,-2.5637078,3
55.724464,0.7318332,49.3271680225754,8.57245473980913,0.08888359,0.37558573,6635.1396,-0.062117726,5,1,false,false,-1.1563491,0.28056523,10.009197,-2.56411,3
55.703022,0.732038,49.32716334709505,8.572444009326478,0.23436196,0.1800247,6610.098,-0.0778904,5,1,false,false,-1.5785378,-2.259939,9.101592,-2.5646725,3
55.63584,0.73224264,49.32715876134309,8.572433416338765,0.2953652,0.0863132,6572.5776,-0.091478616,5,1,false,false,-1.7889338,-4.9569736,8.628066,-2.5654204,3
55.536133,0.73244697,49.32715417559113,8.572422685856115,0.3846062,0.035758317,6488.7793,-0.10167004,5,1,false,false,-2.1324596,-6.4797425,10.153347,-2.56637,3
55.41252,0.7326508,49.32714959011358,8.5724120928684,0.41987368,0.02589396,6389.445,-0.10870578,5,1,false,false,-2.7456584,-8.028996,9.180753,-2.5675771,3
55.2673,0.7328542,49.32714509436441,8.572401499880685,0.48564273,0.032799013,6354.443,-0.11355891,5,1,false,false,-2.466568,-9.214911,9.097714,-2.569097,3
55.08856,0.73305696,49.32714050861245,8.572390907102886,0.51840824,0.019975338,6482.859,-0.11622757,5,1,false,false,-3.0487516,-11.387981,9.691903,-2.5708263,3
54.90121,0.733259,49.327136012863285,8.572380314115172,0.5771475,0.021701608,6398.5137,-0.11914018,5,1,false,false,-3.2185664,-11.117191,9.015526,-2.5728176,3
54.708027,0.73346037,49.32713151711412,8.572369858832309,0.5959728,0.025893964,6299.0273,-0.12811738,5,1,false,false,-3.5147767,-11.8055315,9.695848,-2.5750935,3
54.49989,0.73366106,49.32712702136495,8.572359403339531,0.61241513,0.01504316,6306.725,-0.14389002,5,1,false,false,-3.91558,-12.9417095,9.225789,-2.577518,3
54.278973,0.73386085,49.32712261561857,8.572348948056668,0.6076493,0.011344023,6318.254,-0.16645549,5,1,false,false,-4.979372,-13.233308,10.242135,-2.5800612,3
54.064617,0.7340599,49.3271182095978,8.57233849256389,0.5912069,-1.1641532e-09,6241.158,-0.19557247,5,1,false,false,-5.26496,-12.808031,9.839852,-2.5829144,3
53.85294,0.7342581,49.32711380385142,8.572328174775963,0.5865603,0,6199.334,-0.2244473,5,1,false,false,-6.60357,-12.771117,9.835835,-2.5861745,3
53.639027,0.7344555,49.327109398105044,8.5723177194931,0.5819136,0,6190.512,-0.24482821,5,1,false,false,-7.3963656,-12.974964,10.710822,-2.5899405,3
53.421776,0.7346522,49.32710508208706,8.572307401705174,0.5771477,0,6154.005,-0.25696108,5,1,false,false,-8.561046,-13.205409,11.640977,-2.5943236,3
53.20335,0.734848,49.327100856071866,8.572297083917247,0.57250094,0,6124.5303,-0.25865853,5,1,false,false,-9.962648,-12.917887,10.750629,-2.599376,3
52.98717,0.7350431,49.32709654005388,8.57228676612932,0.54199916,0,6112.809,-0.24798295,5,1,false,false,-10.498868,-12.959183,10.887463,-2.605084,3
52.777515,0.7352373,49.32709231403869,8.57227658583633,0.51840806,0,6105.7393,-0.22444725,5,1,false,false,-10.004661,-11.973096,8.98078,-2.6111465,3
52.58031,0.7354308,49.32708817802629,8.572266268048404,0.4692005,0,6112.901,-0.19047628,5,1,false,false,-8.847592,-11.267307,8.903653,-2.6170301,3
52.39734,0.73562354,49.32708404201389,8.572256087965329,0.44799244,0,6105.117,-0.16039,5,1,false,false,-9.235741,-10.4295,9.284436,-2.6221964,3
52.221664,0.73581564,49.32707990600148,8.572245907672338,0.41046113,0,6073.9375,-0.13879481,5,1,false,false,-9.081495,-9.8210335,8.464618,-2.6269166,3
52.06569,0.73600715,49.32707585971747,8.57223558988441,0.3846062,0,6029.9546,-0.13224328,5,1,false,false,-8.24531,-8.693612,8.252923,-2.6316018,3
51.913548,0.73619807,49.32707181343346,8.572225409801336,0.32586673,0,5970.9805,-0.14316194,5,1,false,false,-8.938768,-8.823534,7.9658384,-2.6367226,3
51.76612,0.7363884,49.32706776742385,8.572215367003281,0.29774812,0,5957.1455,-0.16718361,5,1,false,false,-9.75926,-8.323732,7.1591954,-2.6421418,3
51.624283,0.7365782,49.32706381114263,8.572205186920208,0.24615745,0,5980.794,-0.19460216,5,1,false,false,-10.487855,-8.035165,8.999645,-2.647703,3
51.487347,0.73676753,49.32705985486141,8.572195006627217,0.22030263,0,5974.7163,-0.22129256,5,1,false,false,-12.746304,-7.528417,9.942911,-2.6534104,3
51.364517,0.7369563,49.32705589858019,8.572184826334226,0.17097582,0,5981.1763,-0.24628448,5,1,false,false,-13.2977295,-6.5512185,9.50437,-2.6594257,3
51.254612,0.73714477,49.327052032301765,8.57217464625115,0.15453352,0,5986.465,-0.26181325,5,1,false,false,-14.779358,-5.846573,10.6770935,-2.6658716,3
51.148537,0.7373327,49.32704816602334,8.57216446595816,0.13582745,0,5990.072,-0.26933503,5,1,false,false,-16.65137,-5.724404,11.280512,-2.6726713,3
51.044495,0.7375202,49.3270443894733,8.57215428566517,0.13106155,0,6004.5356,-0.2661804,5,1,false,false,-17.064966,-5.275377,10.635359,-2.679624,3
50.94846,0.73770744,49.32704061292326,8.572144105582094,0.11700226,0,6009.2183,-0.2528361,5,1,false,false,-16.623682,-4.7956085,10.646563,-2.6865234,3
50.85714,0.73789424,49.327036926650415,8.572133925289103,0.109972596,0,5995.89,-0.23512283,5,1,false,false,-18.236702,-4.585663,11.84527,-2.6930375,3
50.766617,0.73808074,49.32703324010317,8.57212374520603,0.10758963,0,5989.8994,-0.21813875,5,1,false,false,-18.48492,-4.3904266,11.819396,-2.6993678,3
50.68149,0.73826694,49.32702964328432,8.572113564913039,0.09817707,0,5992.079,-0.21110117,5,1,false,false,-16.964376,-3.9837968,10.008495,-2.7056246,3
50.605343,0.7384528,49.32702604673987,8.572103247125112,0.08173476,0,5979.6606,-0.21668246,5,1,false,false,-16.146477,-3.6377077,9.678604,-2.711548,3
50.53219,0.7386386,49.3270225401982,8.572093066832121,0.072441325,0,5968.087,-0.2329393,5,1,false,false,-15.922239,-3.5180783,8.762788,-2.7168298,3
50.45835,0.73882407,49.327019033382136,8.572082749044194,0.058262847,0,5971.988,-0.25938764,5,1,false,false,-16.562202,-3.6143909,10.204329,-2.721432,3
50.388027,0.7390094,49.32701561656887,8.572072431256268,0.037173837,0,5967.007,-0.29020208,5,1,false,false,-16.19102,-3.3072774,9.604175,-2.7257934,3
50.322807,0.7391942,49.32701220003,8.572062113468341,0.030144166,0,5953.8057,-0.31543607,5,1,false,false,-16.038113,-3.0302448,9.067089,-2.7303436,3
50.26268,0.7393787,49.327008783216726,8.572051795680414,0.030144168,0,5950.55,-0.32926646,5,1,false,false,-15.634223,-2.8894181,9.35728,-2.7352126,3
50.202,0.73956287,49.32700545640625,8.572041477892489,0.034790896,0,5947.4595,-0.32344297,5,1,false,false,-15.441632,-2.8743467,8.377819,-2.7403092,3
50.14327,0.7397469,49.327002129321365,8.572031160104562,0.03955678,0,5943.8545,-0.2984511,5,1,false,false,-14.874067,-2.7361367,8.575008,-2.7453897,3
50.084904,0.73993057,49.32699889251368,8.572020842316634,0.037173834,0,5937.9927,-0.25234994,5,1,false,false,-14.386204,-2.7043111,8.752034,-2.7503002,3
50.02687,0.740114,49.32699565543159,8.572010524528707,0.020731557,0,5930.635,-0.20188093,5,1,false,false,-14.402191,-2.7768219,9.139515,-2.754918,3
49.97148,0.74029726,49.32699250862669,8.572000069245846,0.0020254974,0.0046855737,5926.796,-0.14898527,5,1,false,false,-14.225469,-2.5861676,9.774212,-2.7592466,3
49.919056,0.74048024,49.32698936154739,8.571989751457918,0,0.03205919,5930.4478,-0.108705774,5,1,false,false,-14.49532,-2.4198568,10.117555,-2.7634552,3
49.87034,0.74066293,49.3269862144681,8.571979296175057,0,0.08212084,5943.425,-0.082985625,5,1,false,false,-14.119596,-2.1269288,9.877154,-2.7676208,3
49.82728,0.7408455,49.32698315739159,8.57196897838713,0,0.12108507,5951.0283,-0.07716225,5,1,false,false,-13.558256,-1.7750596,9.923634,-2.7715788,3
49.7903,0.7410279,49.32698010031508,8.57195852289435,0,0.17829838,5957.097,-0.09026533,5,1,false,false,-13.968665,-1.4651927,10.202035,-2.7750347,3
49.756737,0.7412102,49.32697704323858,8.571948067611489,0,0.24340321,5998.0024,-0.12277913,5,1,false,false,-14.570646,-1.3456616,10.542627,-2.7778463,3
49.72388,0.7413924,49.32697407589046,8.57193761211871,0,0.30554873,6084.2666,-0.16985226,5,1,false,false,-14.745876,-1.3428327,10.880821,-2.7802446,3
49.69316,0.7415744,49.326971198545145,8.571927156835848,0,0.3536375,6186.02,-0.22323397,5,1,false,false,-13.787697,-1.1623768,9.42512,-2.7825246,3
49.690315,0.7417565,49.326968231471426,8.571916701552984,0,0.34870526,5951.5947,-0.28389353,5,1,false,false,-13.20266,1.2248018,8.942519,-2.784775,3
49.696007,0.7419386,49.3269653541261,8.57190610856527,0.01846777,0.3166461,5885.478,-0.33800048,5,1,false,false,-12.696761,0.03952562,8.078641,-2.7870836,3
49.672012,0.7421206,49.32696247705518,8.571895653282407,0.048969384,0.24167693,5980.0474,-0.38264626,5,1,false,false,-13.041442,-1.4811816,8.144624,-2.7893043,3
49.64061,0.74230266,49.32695968943825,8.571885060294694,0.07244132,0.17706539,5944.6953,-0.42122355,5,1,false,false,-12.540958,-1.4621367,8.618714,-2.7917137,3
49.606148,0.74248457,49.326956902095716,8.571874467306978,0.09353032,0.12601729,5883.7646,-0.44742787,5,1,false,false,-12.746311,-2.057599,8.471648,-2.7947752,3
49.55904,0.74266636,49.326954114753185,8.571864012024117,0.095913276,0.054747224,5841.4365,-0.46368387,5,1,false,false,-13.397957,-2.7557669,9.246964,-2.7987368,3
49.502857,0.74284804,49.32695141741345,8.571853419036401,0.0935303,0.022934657,5762.9893,-0.47144866,5,1,false,false,-14.214518,-3.0912747,9.636067,-2.8036976,3
49.44459,0.74302953,49.326948719799304,8.571842826048687,0.0911474,-2.3283064e-09,5674.126,-0.47581568,5,1,false,false,-14.763922,-3.161109,9.746626,-2.8095284,3
49.36386,0.7432109,49.32694611246235,8.57183223327089,0.0888836,0,5871.8906,-0.48091105,5,1,false,false,-14.463897,-5.2753267,9.824347,-2.8159013,3
49.27582,0.743392,49.32694350485101,8.571821640283174,0.08411771,0,5906.146,-0.4884328,5,1,false,false,-15.510368,-4.1262364,10.47095,-2.8223412,3
49.21044,0.74357283,49.32694089723966,8.57181104729546,0.074705124,0,5808.3154,-0.50080585,5,1,false,false,-16.85261,-3.2525065,10.521098,-2.8288996,3
49.146236,0.74375343,49.3269383796311,8.57180045451766,0.07005836,0,5785.891,-0.5143939,5,1,false,false,-16.756248,-3.5886283,10.65581,-2.8357766,3
49.070374,0.743934,49.326935862022545,8.571789861529947,0.07005838,0,5839.6865,-0.5296798,5,1,false,false,-17.853241,-3.903533,11.307142,-2.8431084,3
48.999916,0.7441143,49.32693343441677,8.571779268542231,0.0724413,0,5808.865,-0.542053,5,1,false,false,-17.821545,-3.3326328,10.621996,-2.8511016,3
48.93436,0.74429435,49.326931096539404,8.571768675554518,0.079470985,0,5775.4365,-0.54593486,5,1,false,false,-17.64128,-3.315724,9.691534,-2.8595502,3
48.862503,0.74447423,49.32692866893363,8.57175808277672,0.08173477,0,5782.532,-0.53914124,5,1,false,false,-18.323023,-3.8303354,10.186554,-2.8681512,3
48.785065,0.74465406,49.32692642105905,8.571747489789004,0.08650066,0,5781.1465,-0.52361435,5,1,false,false,-18.702682,-3.7494047,10.288769,-2.876645,3
48.713444,0.7448336,49.326924173184466,8.571736759306354,0.08411773,0,5766.0503,-0.4983801,5,1,false,false,-17.36087,-3.357658,9.394971,-2.8848937,3
48.643,0.7450129,49.32692192530988,8.57172616631864,0.07947097,0,5750.154,-0.46756667,5,1,false,false,-17.554466,-3.4248047,9.162881,-2.8928437,3
48.57262,0.7451921,49.32691976743809,8.571715573330925,0.077088065,0,5739.2656,-0.435296,5,1,false,false,-16.92232,-3.4070294,8.550046,-2.9005568,3
48.50296,0.74537116,49.3269176092919,8.571704842848275,0.0652925,0,5731.6978,-0.4112761,5,1,false,false,-16.000248,-3.2370143,8.365328,-2.9079826,3
48.4341,0.74555004,49.3269155414229,8.571694250070477,0.055999056,0,5718.073,-0.40424037,5,1,false,false,-17.196947,-3.405236,9.137191,-2.915235,3
48.362885,0.7457287,49.3269134732795,8.571683657082762,0.04658644,0,5709.8228,-0.4183129,5,1,false,false,-16.673967,-3.2318804,8.364895,-2.9226544,3
48.29636,0.74590725,49.32691149513889,8.571672926600112,0.023114499,0,5705.1577,-0.44742787,5,1,false,false,-16.635853,-2.979599,8.455836,-2.9303062,3
48.233185,0.74608564,49.32690951699828,8.571662333612396,-9.313226e-10,0,5696.4355,-0.4932849,5,1,false,false,-16.926449,-2.7610755,8.525135,-2.9381945,3
48.171173,0.7462639,49.32690762886046,8.571651603129746,0,0,5695.9507,-0.54957455,5,1,false,false,-17.96618,-2.6182816,8.794372,-2.9461796,3
48.11107,0.746442,49.32690574044824,8.571641010142033,0,0,5701.966,-0.5988275,5,1,false,false,-18.209415,-2.458923,9.378327,-2.954127,3
48.051712,0.7466201,49.326903942313216,8.57163027965938,0,0,5694.057,-0.6444398,5,1,false,false,-18.813921,-2.3829696,9.389545,-2.9620583,3
47.99252,0.746798,49.32690214390379,8.571619686881583,0,0,5684.5723,-0.68204683,5,1,false,false,-18.882122,-2.3493538,8.934025,-2.9699585,3
47.93248,0.74697566,49.32690043549715,8.571608956189017,0,0,5681.3115,-0.71115994,5,1,false,false,-19.317461,-2.377124,9.615319,-2.977822,3
47.871147,0.74715334,49.326898727090516,8.571598225706365,0,0,5674.2866,-0.7359079,5,1,false,false,-19.083633,-2.4046733,8.800688,-2.9856784,3
47.809746,0.74733084,49.32689710868667,8.571587632928567,0,0,5666.0254,-0.75798655,5,1,false,false,-19.743298,-2.3653443,9.194677,-2.9934037,3
47.749386,0.74750817,49.32689549028283,8.571576902445917,0,0,5658.5215,-0.77691,5,1,false,false,-18.37952,-2.3162453,8.707885,-3.0010731,3
47.688698,0.7476854,49.326893961607375,8.571566309458202,0,0,5650.729,-0.79170877,5,1,false,false,-19.072931,-2.3432837,8.590513,-3.0084932,3
47.627342,0.7478625,49.32689252293471,8.571555578975552,0,0,5641.7056,-0.80262756,5,1,false,false,-19.282803,-2.3994238,9.446317,-3.0158193,3
47.564983,0.7480395,49.32689108453645,8.571544848492902,0,0,5634.792,-0.8094202,5,1,false,false,-19.659426,-2.3431873,9.326106,-3.0231102,3
47.502747,0.7482163,49.32688964586379,8.571534118010252,0,0,5627.9966,-0.8118467,5,1,false,false,-18.5754,-2.4003024,8.245052,-3.0304718,3
47.442444,0.7483929,49.32688829719392,8.571523525022537,0,0,5620.7524,-0.8113607,5,1,false,false,-18.013514,-2.2927861,8.485235,-3.0377207,3
47.38255,0.74856955,49.32688703825244,8.571512794539887,0,0,5612.1104,-0.8096623,5,1,false,false,-18.202616,-2.2864602,8.76364,-3.0447433,3
47.32213,0.7487461,49.32688577931096,8.571502064057237,0,0,5604.0537,-0.808692,5,1,false,false,-18.340475,-2.3697925,8.576433,-3.0514593,3
47.261177,0.7489224,49.32688461064667,8.571491471069521,0,0,5597.775,-0.80820775,5,1,false,false,-18.259834,-2.2907813,8.746048,-3.0579107,3
47.201378,0.7490985,49.326883441707984,8.571480740586871,0,0,5590.681,-0.80869204,5,1,false,false,-18.644655,-2.2925694,8.864968,-3.064356,3
47.14091,0.7492742,49.326882272769296,8.571470010104221,0,0,5581.547,-0.809178,5,1,false,false,-18.786123,-2.2733974,9.250566,-3.0710762,3
47.079845,0.74944973,49.3268811938334,8.571459417116506,0.0042892885,0,5574.243,-0.8072365,5,1,false,false,-18.696306,-2.3349202,8.815126,-3.0781333,3
47.017918,0.749625,49.3268802046259,8.571448686633856,0.0113189565,0,5566.348,-0.8040827,5,1,false,false,-19.57842,-2.358748,9.269243,-3.0853682,3
46.953205,0.7497999,49.32687921569279,8.571438093646142,0.0113189565,0,5555.5146,-0.8009282,5,1,false,false,-20.057426,-2.4727354,9.759008,-3.0927708,3
46.887245,0.7499744,49.32687831648808,8.57142736316349,0.006672226,0,5547.3994,-0.7992308,5,1,false,false,-19.962914,-2.4633758,9.695602,-3.10021,3
46.82253,0.7501487,49.32687741728336,8.571416770385692,0,0,5540.4937,-0.79898745,5,1,false,false,-19.198925,-2.4302282,9.283032,-3.1075218,3
46.758976,0.75032276,49.32687660808144,8.571406039693127,0,0,5533.1772,-0.80092806,5,1,false,false,-19.93098,-2.3378434,9.816848,-3.1144683,3
46.694305,0.7504963,49.32687579887952,8.571395446915327,0,0,5527.8555,-0.8067514,5,1,false,false,-20.306173,-2.3745852,9.651492,-3.1212144,3
46.631554,0.7506696,49.32687507968039,8.571384853927613,0,0,5523.2886,-0.8154855,5,1,false,false,-19.36953,-2.320359,10.01979,-3.127731,3
46.568844,0.7508427,49.32687445020965,8.571374123444963,0,0,5515.645,-0.8247049,5,1,false,false,-20.266342,-2.3687413,9.909515,-3.1340432,3
46.5062,0.75101554,49.32687382073891,8.571363530457248,0,0,5507.0166,-0.83829117,5,1,false,false,-18.880447,-2.2745676,9.14257,-3.1403441,3
46.445847,0.751188,49.32687328127096,8.57135293767945,0,0,5503.49,-0.85066444,5,1,false,false,-18.444801,-2.2851124,9.063717,3.1367955,3
46.385166,0.7513602,49.326872741803015,8.571342344691734,0,0,5496.392,-0.86764663,5,1,false,false,-18.483406,-2.3419309,8.915754,3.1310475,3
46.323048,0.75153226,49.32687220233507,8.57133175170402,0,0,5488.34,-0.88608587,5,1,false,false,-19.827833,-2.359501,9.081754,3.1256428,3
46.26481,0.75170404,49.32687175259551,8.571321158716307,0,0,5485.8657,-0.9079206,5,1,false,false,-16.62536,-2.1721313,8.087186,3.1204116,3
46.207718,0.7518755,49.326871393133146,8.571310565938507,0,0,5477.463,-0.9253877,5,1,false,false,-19.989079,-2.2958796,11.0185375,3.1152658,3
46.143986,0.75204676,49.32687103339638,8.571299972950793,0,0,5462.5723,-0.93848914,5,1,false,false,-22.101017,-2.4675515,11.504681,3.1093507,3
46.07727,0.75221777,49.326870763662406,8.571289379963078,0,0,5459.718,-0.94431156,5,1,false,false,-21.617964,-2.586092,10.507494,3.1024895,3
46.0138,0.75238854,49.32687049392843,8.571278786975364,0,0,5461.4126,-0.9445546,5,1,false,false,-20.509417,-2.4724808,11.06956,3.0949063,3
45.947487,0.75255907,49.32687031419725,8.571268331692501,0,0,5450.999,-0.94115776,5,1,false,false,-22.33681,-2.5880072,12.12515,3.0868335,3
45.878693,0.7527294,49.32687022419446,8.571257738704787,0,0,5442.8794,-0.93776166,5,1,false,false,-23.186783,-2.5871222,11.82552,3.0790699,3
45.811348,0.75289947,49.326870134191665,8.571247283421924,0,0,5442.9243,-0.9360634,5,1,false,false,-21.890461,-2.4944844,11.02232,3.07177,3
45.748257,0.7530693,49.326870134191665,8.571236828139062,0,0,5435.741,-0.9370336,5,1,false,false,-20.190592,-2.403071,10.042284,3.0651014,3
45.68828,0.7532389,49.326870134191665,8.571226235151347,0,0,5424.0015,-0.94164383,5,1,false,false,-19.565605,-2.294074,9.747493,3.0593145,3
45.629196,0.7534083,49.32687022419446,8.571215779868485,0,0,5418.4497,-0.9523175,5,1,false,false,-19.47525,-2.3873968,9.708433,3.0543177,3
45.571163,0.7535776,49.32687040392564,8.571205324375706,0,0,5413.5933,-0.9685734,5,1,false,false,-18.586386,-2.323636,9.170791,3.0497365,3
45.516453,0.7537467,49.326870583931225,8.571194869092844,0,0,5405.675,-0.9899216,5,1,false,false,-17.363714,-2.2541313,8.434454,3.0450892,3
45.463524,0.75391567,49.326870763662406,8.571184551304917,0,0,5397.6367,-1.0110282,5,1,false,false,-16.949759,-2.2495794,8.5601845,3.0400906,3
45.40969,0.7540844,49.32687103339638,8.571174096022055,0,0,5389.959,-1.0326202,5,1,false,false,-17.16,-2.3193064,8.48525,3.034592,3
45.35681,0.7542531,49.32687130313035,8.571163640529276,0,0,5383.8076,-1.0522712,5,1,false,false,-16.321787,-2.2867134,7.804112,3.028717,3
45.304916,0.7544216,49.32687166286712,8.571153322741349,0,0,5378.2227,-1.0709516,5,1,false,false,-16.040997,-2.2718918,8.317475,3.0226083,3
45.251335,0.75459003,49.32687202232948,8.571143004953424,0,0,5371.124,-1.0874492,5,1,false,false,-17.22571,-2.3696206,9.347892,3.0162725,3
45.196335,0.75475824,49.32687247206904,8.57113254967056,0,0,5364.105,-1.1027325,5,1,false,false,-17.373224,-2.3360064,8.894805,3.0097613,3
45.142124,0.7549263,49.326872921534196,8.571122231882633,0,0,5359.5474,-1.1141347,5,1,false,false,-17.272121,-2.3375802,9.278783,3.0031152,3
45.086575,0.75509435,49.326873461002144,8.571111914094708,0,0,5350.249,-1.1194719,5,1,false,false,-18.394445,-2.425579,9.932357,2.9962494,3
45.029507,0.75526226,49.32687400047009,8.57110159630678,0,0,5343.0044,-1.1180165,5,1,false,false,-18.629148,-2.4166718,9.779905,2.9891863,3
44.972744,0.75543,49.326874539938046,8.57109141601379,0,0,5338.0005,-1.1102525,5,1,false,false,-18.315052,-2.3889937,9.190296,2.9819603,3
44.918644,0.7555975,49.32687516940878,8.571081098225863,0,0,5327.4307,-1.0981227,5,1,false,false,-16.620623,-2.2494073,8.483209,2.9747157,3
44.865208,0.755765,49.32687588888231,8.571070918142787,0,0,5318.3564,-1.084294,5,1,false,false,-16.694878,-2.3191123,8.877551,2.9678643,3
44.804646,0.7559324,49.32687660808144,8.571060600354862,0,0,5313.9834,-1.074591,5,1,false,false,-23.874556,-2.6617818,13.412023,2.9612846,3
44.737206,0.7560996,49.32687741728336,8.571050420061871,0,0.07102343,5321.4614,-1.0690104,5,1,false,false,-23.264196,-2.6297169,13.434151,2.953632,3
44.68099,0.75626653,49.32687822648529,8.57104023976888,0,0.29938346,5400.036,-1.0559099,5,1,false,false,-17.229443,-1.9470695,9.43537,2.9450126,3
44.636936,0.7564336,49.32687912569,8.571030197180741,0,0.5053022,5614.4727,-1.0343187,5,1,false,false,-16.078186,-1.7187885,7.7537313,2.9365377,3
44.602196,0.75660056,49.32688002489471,8.57102001688775,0,0.6979037,5607.107,-1.0110279,5,1,false,false,-19.513988,0.26848498,9.469046,2.9286044,3
44.612858,0.7567675,49.32688092409943,8.571009836804675,0,0.8658448,5351.7524,-0.9836142,5,1,false,false,-18.433302,2.0703688,9.298591,2.9205017,3
44.609917,0.7569346,49.32688200303532,8.570999794006621,0,1.0000001,5558.442,-0.95159036,5,1,false,false,-16.917814,0.064239316,8.2014265,2.9118106,3
44.60292,0.7571018,49.32688299196843,8.570989751418482,0,1,5669.7944,-0.91228765,5,1,false,false,-17.27764,1.5733328,8.919947,2.903078,3
44.625565,0.7572692,49.326884071178725,8.570979571335407,0,1,5557.1577,-0.8671624,5,1,false,false,-17.613144,2.950998,9.423703,2.8948135,3
44.65189,0.7574367,49.326885239843016,8.570969528537352,0,1,5553.4795,-0.8230064,5,1,false,false,-16.00761,2.3092463,8.358395,2.887327,3
44.666138,0.75760436,49.326886408781704,8.570959485949214,0,1,5615.1875,-0.78467417,5,1,false,false,-16.971796,1.905904,8.89477,2.8808243,3
44.679844,0.7577723,49.32688766772318,8.570949305656223,0,1,5604.541,-0.75653017,5,1,false,false,-18.537905,2.138892,10.522087,2.8748267,3
44.690792,0.7579404,49.32688892639026,8.570939263068084,0,1,5600.74,-0.7308128,5,1,false,false,-19.487597,1.5772502,10.840699,2.8687594,3
44.688877,0.7581086,49.326890185331735,8.570929220479945,0,1,5655.6665,-0.70194083,5,1,false,false,-18.505253,0.7968678,9.773085,2.86223,3
44.68942,0.7582768,49.32689153400161,8.57091917768189,0,1,5727.123,-0.669431,5,1,false,false,-18.274426,1.7946986,9.534412,2.8554132,3
44.714527,0.7584447,49.326892972674266,8.570909135093752,0,1,5714.6533,-0.6313395,5,1,false,false,-17.858238,3.331992,9.550322,2.848958,3
44.760715,0.75861263,49.32689441134693,8.570899230000549,0,1,5625.2676,-0.5961589,5,1,false,false,-16.564701,3.9841435,8.898534,2.843312,3
44.8026,0.7587807,49.32689585001959,8.57088918741241,0,1,5569.3677,-0.5641323,5,1,false,false,-17.276348,3.1969752,9.554796,2.838647,3
44.828312,0.758949,49.32689737842065,8.570879144824271,0,1,5572.9243,-0.53841376,5,1,false,false,-18.346848,2.3738778,10.838851,2.834599,3
44.84595,0.7591169,49.32689899682449,8.570869102026217,0,1,5589.2007,-0.518033,5,1,false,false,-17.488144,1.9853362,9.574173,2.8306758,3
44.862755,0.75928485,49.32690061550273,8.570859196933014,0,1,5613.598,-0.49741,5,1,false,false,-14.728258,1.9452503,7.378625,2.8267894,3
44.89113,0.7594528,49.32690223390658,8.570849154554791,0,1,5643.605,-0.47654384,5,1,false,false,-13.946963,3.0611439,7.1740227,2.823175,3
44.942547,0.759621,49.326903942313216,8.570839249461589,0,1,5592.6343,-0.46053094,5,1,false,false,-14.0121155,4.007453,8.285736,2.820173,3
44.99441,0.75978905,49.32690565071985,8.570829344368386,0,1,5498.5283,-0.44742787,5,1,false,false,-13.700568,3.238916,8.098245,2.8179574,3
45.024864,0.7599572,49.326907448854875,8.570819301570332,0,1,5520.607,-0.43723747,5,1,false,false,-14.305283,2.1979692,8.571653,2.8160632,3
45.050747,0.76012546,49.326909247264304,8.570809396477127,0,1,5579.856,-0.42729002,5,1,false,false,-14.344093,2.1873403,8.737268,2.813989,3
45.08044,0.7602938,49.32691104567373,8.570799353679073,0,1,5554.4106,-0.41564423,5,1,false,false,-14.57845,2.3923955,9.53677,2.811383,3
45.11671,0.760462,49.32691293381155,8.570789449005701,0,1,5549.422,-0.40205592,5,1,false,false,-13.442375,2.7581248,8.413635,2.8080993,3
45.15643,0.76063025,49.326914821949366,8.570779543912499,0,1,5559.0986,-0.38677022,5,1,false,false,-13.894752,2.8646247,9.1742115,2.804507,3
45.19862,0.76079863,49.32691671008718,8.570769638819296,0,1,5524.545,-0.37706494,5,1,false,false,-13.728418,3.1115272,9.484029,2.8008466,3
45.239822,0.76096725,49.32691868822779,8.570759733726094,0,1,5505.3613,-0.37269792,5,1,false,false,-13.661757,2.6919389,9.673753,2.797241,3
45.275097,0.7611357,49.326920756371194,8.570749828632891,0,1,5518.0054,-0.37682277,5,1,false,false,-13.71337,2.5077958,9.454552,2.793701,3
45.31101,0.76130426,49.326922734511804,8.570739923539689,0,1,5525.528,-0.38871163,5,1,false,false,-12.655026,2.5621476,9.153411,2.7901738,3
45.345512,0.76147294,49.326924802655206,8.570730018446485,0,1,5521.328,-0.40739417,5,1,false,false,-15.7934265,2.3392859,11.011541,2.7867033,3
45.378365,0.7616417,49.326926960527,8.570720113353282,0,1,5527.2783,-0.43335548,5,1,false,false,-15.068194,2.3958516,11.263324,2.7827384,3
45.411736,0.7618105,49.326929118398795,8.57071020826008,0,1,5535.6665,-0.4617433,5,1,false,false,-14.68279,2.4001367,10.496415,2.7783332,3
45.444725,0.7619793,49.32693127654498,8.570700303166877,0,1,5541.4424,-0.48770553,5,1,false,false,-13.212235,2.422534,8.934009,2.7735956,3
45.48353,0.7621482,49.32693343441677,8.570690535778526,0,1,5545.865,-0.51390797,5,1,false,false,-14.370227,2.7201178,9.710747,2.7686741,3
45.518864,0.7623172,49.32693568229136,8.570680630685322,0,1,5525.368,-0.5427811,5,1,false,false,-13.844587,2.3173988,9.97668,2.763904,3
45.55178,0.7624862,49.32693802016873,8.57067086287714,0,1,5539.376,-0.572139,5,1,false,false,-13.82696,2.3636463,10.171082,2.7590506,3
45.58263,0.7626553,49.32694035777171,8.570660957783938,0,1,5562.093,-0.59955484,5,1,false,false,-13.738834,2.235214,9.2176,2.7540107,3
45.612442,0.7628245,49.32694269564909,8.570651190395587,0,1,5565.939,-0.6296402,5,1,false,false,-15.4212,1.9250194,10.029071,2.7487404,3
45.635822,0.7629937,49.32694503352646,8.570641423007235,0,1,5577.71,-0.6556014,5,1,false,false,-17.564528,1.8278732,12.46997,2.742565,3
45.66167,0.76316303,49.32694746113223,8.570631655618884,0,1,5593.9697,-0.6754955,5,1,false,false,-18.250141,2.4163797,11.751651,2.7351031,3
45.69574,0.76333237,49.326949978740785,8.570621887810702,0,1,5569.5957,-0.677679,5,1,false,false,-18.796267,2.5605273,12.889085,2.7269914,3
45.727196,0.7635018,49.32695249634934,8.57061212042235,0,1,5538.6924,-0.6621521,5,1,false,false,-18.58213,2.29595,12.313487,2.719168,3
45.75128,0.76367134,49.32695510396069,8.570602353034,0,1,5558.783,-0.6293979,5,1,false,false,-18.689997,1.8883618,12.40527,2.7117329,3
45.77192,0.763841,49.32695771129764,8.57059272293067,0,1,5584.288,-0.59057754,5,1,false,false,-17.678993,1.8145946,10.775371,2.7043796,3
45.795822,0.76401067,49.32696031890899,8.570582955542317,0,1,5589.7417,-0.547148,5,1,false,false,-17.89146,1.9984679,11.608927,2.6968758,3
45.822105,0.76418036,49.32696301652313,8.570573325438987,0,1,5593.844,-0.4986233,5,1,false,false,-17.422516,2.2625675,11.160008,2.689182,3
45.84889,0.7643502,49.32696580386566,8.570563695755487,0,1,5600.126,-0.45737624,5,1,false,false,-16.740013,2.1726346,11.237593,2.6814797,3
45.875572,0.76452017,49.32696859120819,8.570554065652157,0,1,5605.4893,-0.4219527,5,1,false,false,-17.178896,2.2533195,12.054022,2.673837,3
45.902985,0.76469016,49.326971378550724,8.570544435548825,0,1,5611.238,-0.39089522,5,1,false,false,-17.434086,2.2866044,11.995925,2.6662204,3
45.930595,0.7648603,49.32697425589605,8.570534943570179,0,1,5612.694,-0.37148464,5,1,false,false,-17.316223,2.3669517,11.841516,2.658692,3
45.959385,0.76503056,49.32697722296976,8.570525451171699,0,1,5615.315,-0.36153626,5,1,false,false,-17.043581,2.472649,11.172436,2.651306,3
45.989304,0.7652009,49.32698010031508,8.57051582106837,0,1,5612.3467,-0.3612941,5,1,false,false,-17.042683,2.5052402,11.412472,2.6443434,3
46.019154,0.7653713,49.32698315739159,8.57050632866989,0,1,5607.826,-0.36930102,5,1,false,false,-17.637836,2.472568,12.253211,2.6379566,3
46.04402,0.76554185,49.32698612446531,8.57049683627141,0,1,5609.247,-0.38652724,5,1,false,false,-20.075613,2.2099955,14.207731,2.6318417,3
46.067276,0.7657126,49.326989271544605,8.570487481577784,0,1,5617.6143,-0.4098199,5,1,false,false,-19.356455,2.1973367,12.60135,2.6254556,3
46.092003,0.7658834,49.3269924186239,8.570477989179304,0,1,5628.653,-0.43408364,5,1,false,false,-17.427803,2.214432,10.955855,2.618818,3
46.119823,0.76605433,49.3269955657032,8.570468634485676,0,1,5633.814,-0.45616305,5,1,false,false,-18.849823,2.7444534,12.171189,2.612209,3
46.149307,0.7662253,49.326998802510886,8.57045927979205,0,1,5614.8013,-0.48115402,5,1,false,false,-19.505484,2.523729,13.534372,2.6059115,3
46.175076,0.7663965,49.327002039592976,8.570449924678591,0,1,5603.578,-0.5015349,5,1,false,false,-20.034334,2.1649768,13.3350115,2.599959,3
46.196068,0.7665679,49.327005366403455,8.570440707689816,0,1,5628.567,-0.5175477,5,1,false,false,-19.28782,2.053586,12.2644415,2.5938554,3
46.21973,0.76673925,49.327008693213934,8.570431352576357,0,1,5641.2993,-0.52773845,5,1,false,false,-18.320364,2.2404659,11.309744,2.5875688,3
46.24726,0.7669107,49.327012110027205,8.570422135587581,0,1,5628.4067,-0.5311351,5,1,false,false,-17.76801,2.4030519,11.133625,2.5813258,3
46.27468,0.7670825,49.327015526840476,8.570412918178974,0,1,5627.617,-0.5291936,5,1,false,false,-18.051155,2.2418664,11.516482,2.5752597,3
46.298798,0.76725435,49.327019033382136,8.570403701190198,0,1,5637.3,-0.5221581,5,1,false,false,-17.653776,2.068327,11.713264,2.569272,3
46.3223,0.76742625,49.3270225401982,8.570394621486443,0,1,5648.664,-0.51002616,5,1,false,false,-16.866688,2.078639,11.27865,2.563142,3
46.347324,0.7675982,49.32702613674265,8.570385541782688,0,1,5660.9766,-0.4925577,5,1,false,false,-16.484297,2.1726222,10.554946,2.5567477,3
46.37409,0.76777023,49.32702973328711,8.570376324374081,0,1,5664.4224,-0.47193372,5,1,false,false,-16.427465,2.278068,10.619804,2.550176,3
46.401764,0.7679423,49.327033329831565,8.570367382375178,0,1,5663.185,-0.45519271,5,1,false,false,-16.35148,2.305461,11.212883,2.5435486,3
46.429157,0.7681145,49.32703701637881,8.570358302671423,0,1,5663.679,-0.4416054,5,1,false,false,-16.85696,2.2793283,11.546742,2.5369532,3
46.45568,0.7682866,49.327040702926055,8.570349223387499,0,1,5666.0273,-0.43748057,5,1,false,false,-16.211626,2.2718003,10.252081,2.5303912,3
46.48243,0.7684583,49.32704447947609,8.570340280968765,0,1,5671.3604,-0.44233274,5,1,false,false,-15.73805,2.2717307,10.054792,2.52397,3
46.50897,0.7686301,49.32704825575173,8.57033133896986,0,1,5675.2324,-0.46319973,5,1,false,false,-16.634687,2.2849998,11.487451,2.5177064,3
46.53509,0.7688019,49.32705212203015,8.570322396970957,0,1,5676.8315,-0.4954695,5,1,false,false,-17.05209,2.2430594,11.622679,2.5114658,3
46.558235,0.7689738,49.327055988582984,8.570313592257074,0,1,5683.2417,-0.5355023,5,1,false,false,-17.4867,2.0143194,11.830817,2.5050654,3
46.57929,0.7691456,49.32705985486141,8.570304650258171,0,1,5702.7905,-0.5883939,5,1,false,false,-17.574003,2.0890868,11.215626,2.4981806,3
46.603344,0.7693174,49.32706381114263,8.570295845964118,0,1,5710.6807,-0.6286698,5,1,false,false,-17.026163,2.234252,10.122898,2.4909668,3
46.630722,0.76948935,49.32706776742385,8.570287041250236,0,1,5699.7896,-0.66967297,5,1,false,false,-16.465961,2.4554558,9.500508,2.4837956,3
46.657562,0.7696612,49.32707181343346,8.570278374241203,0,1,5693.2607,-0.7021837,5,1,false,false,-16.665468,2.2480867,9.780356,2.4769568,3
46.68078,0.76983315,49.32707585971747,8.570269569947152,0,1,5698.0386,-0.7279012,5,1,false,false,-16.785326,2.0452275,9.599147,2.470389,3
46.700436,0.77000505,49.32707990600148,8.570260902938122,0,1,5709.55,-0.74245876,5,1,false,false,-17.093697,1.8955216,9.793393,2.4638553,3
46.718994,0.770177,49.32708404201389,8.57025223592909,0,1,5723.2373,-0.74245864,5,1,false,false,-16.759642,1.8561392,9.470964,2.4570518,3
46.737167,0.77034897,49.32708826802908,8.57024370662491,0,1,5735.9663,-0.7274168,5,1,false,false,-17.00579,1.8565812,9.983931,2.4498575,3
46.755722,0.7705208,49.32709240404148,8.570235039615879,0,1,5746.3164,-0.7002433,5,1,false,false,-17.33469,2.0085657,10.27728,2.4421778,3
46.776157,0.77069277,49.327096720059465,8.570226510311699,0,1,5748.6187,-0.6592402,5,1,false,false,-17.384764,2.1189823,10.226624,2.4340956,3
46.797398,0.7708648,49.32710094607466,8.570218118712372,0,1,5745.1543,-0.60804695,5,1,false,false,-17.929127,2.2287898,11.034974,2.4257927,3
46.82006,0.77103674,49.32710526181824,8.57020958898836,0,1,5743.22,-0.5522433,5,1,false,false,-17.93716,2.3556552,10.697162,2.417408,3
46.842884,0.7712087,49.327109577836225,8.570201197389032,0,1,5734.4067,-0.4881897,5,1,false,false,-17.476076,2.3385842,9.872831,2.4092734,3
46.867847,0.7713808,49.327113983582606,8.570192805369873,0,1,5732.6113,-0.42583466,5,1,false,false,-14.994549,2.4350975,8.380653,2.4016898,3
46.89439,0.7715529,49.32711838960338,8.570184413770544,0,1,5734.6123,-0.35911056,5,1,false,false,-14.273739,2.4116435,7.9433465,2.3951888,3
46.917114,0.77172506,49.327122885352544,8.570176159456237,0,1,5735.512,-0.2969956,5,1,false,false,-16.12319,2.1288655,9.837323,2.3897295,3
46.936573,0.7718972,49.32712738110171,8.57016776785691,0,1,5748.7485,-0.24337277,5,1,false,false,-13.996432,1.8736714,8.199563,2.3846242,3
46.95078,0.77206933,49.32713187685088,8.570159513542603,0,1,5780.427,-0.19872718,5,1,false,false,-12.883297,1.4604573,8.258503,2.3795385,3
46.97031,0.7722416,49.32713646232844,8.570151396933145,0,1,5831.195,-0.15820648,5,1,false,false,-12.099033,2.2616217,7.3542066,2.373991,3
47.008442,0.7724138,49.32714095807761,8.570143142618837,0,1,5820.366,-0.12423546,5,1,false,false,-9.975377,3.0933106,5.622192,2.3687658,3
47.048122,0.7725861,49.327145543829566,8.570135026009382,0,1,5772.4756,-0.10239724,5,1,false,false,-8.927,2.9232953,5.036269,2.3647454,3
47.085907,0.77275854,49.327150219309914,8.570126771695074,0,1,5787.3457,-0.100213714,5,1,false,false,-10.5614195,2.4874673,6.6120315,2.3618886,3
47.10888,0.77293104,49.32715480506187,8.570118655085619,0,1,5799.0146,-0.112831675,5,1,false,false,-11.012879,1.6593233,7.565488,2.3596675,3
47.12444,0.77310354,49.32715948054223,8.570110538476163,0,1,5836.255,-0.13685247,5,1,false,false,-10.382013,1.326454,6.6578717,2.3571568,3
47.139896,0.77327603,49.32716415629697,8.570102421866707,0,1,5903.0913,-0.15917668,5,1,false,false,-13.30189,1.7368095,10.222338,2.3538542,3
47.174263,0.7734486,49.327168921780114,8.570094442542272,0,1,5909.9463,-0.17761618,5,1,false,false,-11.604778,3.2170112,7.547179,2.349539,3
47.22177,0.77362126,49.32717359726047,8.570086325932817,0,1,5835.4956,-0.18416776,5,1,false,false,-12.923443,3.4874032,9.32044,2.345175,3
47.269547,0.77379405,49.32717836274361,8.570078347028211,0,1,5801.5244,-0.18392561,5,1,false,false,-15.039054,3.766483,9.942022,2.340941,3
47.31055,0.773967,49.32718321822954,8.570070367703776,0,1,5776.778,-0.17737506,5,1,false,false,-12.587668,2.6977084,7.884774,2.3377414,3
47.34253,0.77414006,49.32718798371268,8.570062388799172,0,1,5768.341,-0.16985232,5,1,false,false,-12.894522,2.42015,9.379421,2.335884,3
47.37457,0.7743132,49.32719283919862,8.570054547179588,0,1,5800.645,-0.1700953,5,1,false,false,-9.475991,2.222324,7.016211,2.3344734,3
47.397358,0.7744865,49.32719778441294,8.570046568274984,0,1,5798.4746,-0.17640388,5,1,false,false,-10.04119,1.1279737,8.166619,2.333911,3
47.423264,0.7746597,49.32720263989887,8.570038726655401,0,1,5850.4634,-0.19338885,5,1,false,false,-5.69702,2.389612,3.658083,2.3333666,3
47.459724,0.774833,49.32720758511319,8.570030885035816,0,1,5872.539,-0.20916063,5,1,false,false,-5.3825607,1.7830377,2.3889656,2.3332944,3
47.455513,0.7750064,49.327212440599126,8.570023043416233,0,1,5888.2783,-0.23706429,5,1,false,false,-7.9949174,-1.0367657,5.9582324,2.333501,3
47.444653,0.7751797,49.327217385813455,8.570015202216481,0,1,6141.774,-0.26059997,5,1,false,false,-9.341083,1.1461976,5.395949,2.3319595,3
47.47872,0.775353,49.327222331302174,8.570007360596897,0,1,6187.964,-0.26472393,5,1,false,false,-10.304079,2.3542223,9.454203,2.3285837,3
47.55256,0.7755264,49.327227366519296,8.569999518977314,0,1,6009.5103,-0.25089455,5,1,false,false,-13.603639,6.3949585,11.512458,2.323698,3
47.647377,0.7757003,49.32723231173362,8.569991815062581,0,1,5871.1245,-0.22299096,5,1,false,false,-12.21172,4.9502673,9.900174,2.3184054,3
47.70808,0.7758744,49.32723734695073,8.569984111147848,0,1,5780.3086,-0.18416777,5,1,false,false,-15.638414,3.4744167,14.009343,2.3141966,3
47.747456,0.7760486,49.32724247217064,8.569976407233117,0,1,5790.5835,-0.15917669,5,1,false,false,-13.913458,2.3118944,11.467475,2.310387,3
47.77737,0.77622294,49.32724750738775,8.569968703318384,0,1,5799.712,-0.14073536,5,1,false,false,-14.396609,1.8674171,12.954571,2.3074296,3
47.80818,0.7763975,49.32725263260766,8.569960999403653,0,1,5812.6416,-0.13369866,5,1,false,false,-14.999276,2.5987508,14.540689,2.3044145,3
47.84594,0.7765723,49.32725784755596,8.569953432773941,0,1,5806.1235,-0.13636827,5,1,false,false,-11.738756,2.2926574,10.7321825,2.3014567,3
47.87576,0.77674705,49.32726297277587,8.56994586656406,0,1,5807.1104,-0.14146349,5,1,false,false,-12.010213,2.0394895,13.450125,2.298922,3
47.916313,0.776922,49.327268187724165,8.569938299934348,0,1,5838.196,-0.15432353,5,1,false,false,-10.502629,2.736461,11.136692,2.2961984,3
47.94484,0.77709717,49.327273402946865,8.569930733724469,0,1,5810.5737,-0.16791181,5,1,false,false,-12.565534,1.6469486,13.513345,2.294091,3
47.97607,0.77727246,49.32727870789795,8.569923304799609,0,1,5837.7417,-0.18853574,5,1,false,false,-7.116403,2.7932825,10.480312,2.291706,3
48.019985,0.7774478,49.32728401284904,8.569915738589728,0,1,5843.4854,-0.20891759,5,1,false,false,-4.9437137,2.1882904,5.3316765,2.2902403,3
48.021996,0.77762336,49.32728922807174,8.569908309664868,0,1,5829.765,-0.24361493,5,1,false,false,-7.059224,-0.8733003,9.546084,2.2903779,3
48.03181,0.77779895,49.32729453302283,8.569900880740008,0,1,5997.655,-0.2868042,5,1,false,false,-5.813921,0.86469954,5.1642885,2.2896843,3
48.034508,0.77797455,49.32729983797392,8.56989345223498,0,1,6058.829,-0.3244133,5,1,false,false,-5.378671,-0.561868,6.9965215,2.2881768,3
48.038864,0.7781501,49.327305142925006,8.56988602331012,0,1,6131.56,-0.34843406,5,1,false,false,-5.4540076,2.1177707,7.7768455,2.2856686,3
48.117832,0.77832603,49.32731053787889,8.56987859438526,0,1,6153.0015,-0.35377234,5,1,false,false,-4.5228734,4.51006,7.9404354,2.2825792,3
48.1709,0.7785022,49.32731584282998,8.569871165880231,0,1,5919.946,-0.3423686,5,1,false,false,-12.144817,2.4987497,17.659184,2.2794952,3
48.203243,0.7786786,49.32732123778386,8.569863736955371,0,1,5998.2666,-0.32853818,5,1,false,false,-12.389171,1.9295954,18.848654,2.2751243,3
48.23757,0.7788551,49.32732663246334,8.569856445735363,0,1,6031.9165,-0.31252438,5,1,false,false,-9.179186,3.0288968,12.454537,2.2700531,3
48.28239,0.7790318,49.32733202741722,8.569849016810503,0,1,5884.5967,-0.2909292,5,1,false,false,-10.395813,3.2821684,14.8590975,2.2652514,3
48.328712,0.7792087,49.3273374223711,8.569841725590495,0,1,5825.056,-0.27103335,5,1,false,false,-9.041117,2.1945996,10.147666,2.261422,3
48.34754,0.77938575,49.327342907327775,8.569834434370486,0,1,5881.5186,-0.26690853,5,1,false,false,-9.500562,0.9997347,9.765701,2.2587972,3
48.36774,0.77956283,49.327348392010045,8.569827143150478,0,1,5930.7446,-0.28146607,5,1,false,false,-8.6590805,1.7383672,9.052689,2.2563426,3
48.39382,0.7797401,49.32735387696672,8.56981985193047,0,1,5923.5156,-0.30694413,5,1,false,false,-9.096901,1.4785585,9.035374,2.253798,3
48.42031,0.7799174,49.327359361648995,8.569812698415314,0,1,5953.042,-0.33654523,5,1,false,false,-10.847307,2.1544979,13.207672,2.250472,3
48.45911,0.7800948,49.327364846331264,8.569805407195306,0,1,5957.37,-0.3593536,5,1,false,false,-9.675977,2.533494,9.076874,2.2465012,3
48.493084,0.7802724,49.32737042129073,8.569798253260318,0,1,5915.982,-0.36930102,5,1,false,false,-10.591076,2.3203838,9.301354,2.2422931,3
48.534615,0.7804502,49.32737599597579,8.569791099745162,0,1,5940.3403,-0.37196964,5,1,false,false,-8.760222,2.7638583,8.213651,2.2378225,3
48.56748,0.7806281,49.327381570660854,8.569783945810173,0,1,5922.848,-0.36566114,5,1,false,false,-10.337879,1.8189437,7.822542,2.2338278,3
48.5935,0.7808061,49.32738714534592,8.569776792295016,0,1,5930.0693,-0.3620223,5,1,false,false,-12.331902,1.8813355,12.718256,2.2296019,3
48.618263,0.7809843,49.32739281003377,8.56976977606488,0,1,5956.975,-0.35668394,5,1,false,false,-10.918822,1.5074294,8.947221,2.225056,3
48.634598,0.7811625,49.32739838471884,8.569762622549725,0,1,5965.108,-0.3469787,5,1,false,false,-11.930556,1.3693078,12.207904,2.2201211,3
48.668404,0.7813409,49.327404049406695,8.569755606319587,0,1,5997.7993,-0.3331483,5,1,false,false,-9.467676,2.6119468,11.740558,2.214774,3
48.70133,0.78151935,49.32740971409454,8.569748590509283,0,1,5950.924,-0.3168924,5,1,false,false,-9.558317,2.1141114,12.021997,2.2101839,3
48.7414,0.781698,49.32741546864799,8.569741711984,0,1,5949.419,-0.30961272,5,1,false,false,-7.2371435,3.0905247,8.648815,2.2062776,3
48.780018,0.78187674,49.32742113319865,8.569734695753862,0,1,5947.247,-0.31058383,5,1,false,false,-10.017892,2.125703,12.381514,2.2038288,3
48.8128,0.78205574,49.3274268877521,8.569727817228578,0,1,5943.2417,-0.32853824,5,1,false,false,-10.462204,2.2936213,13.117508,2.202507,3
48.839653,0.7822347,49.32743264230554,8.569720800998441,0,1,5975.9434,-0.34600747,5,1,false,false,-6.9484606,1.767899,8.552492,2.202218,3
48.85773,0.78241396,49.32743839685899,8.569713922473158,0,1,6002.8433,-0.36493295,5,1,false,false,-9.945444,1.6198102,13.57933,2.2032623,3
48.88574,0.78259325,49.32744424141522,8.569707043947872,0,1,6051.606,-0.38968194,5,1,false,false,-0.7685029,2.5009046,7.2854915,2.2041788,3
48.917255,0.7827726,49.32744999596867,8.569700165422589,0,1,6038.0796,-0.4071512,5,1,false,false,-1.481805,1.4217341,1.0539987,2.2058234,3
48.939045,0.7829521,49.32745584038771,8.569693286897303,0,1,6088.9375,-0.44427407,5,1,false,false,-2.79031,1.7795678,0.27753088,2.208075,3
48.979122,0.7831317,49.327461594941155,8.56968640837202,0,1,6124.6274,-0.47872746,5,1,false,false,-4.278093,1.709644,4.704781,2.2101033,3
48.97387,0.7833114,49.32746743949739,8.569679667551586,0,1,6100.714,-0.50274825,5,1,false,false,-11.214915,-1.5824531,9.288915,2.2112172,3
48.96606,0.783491,49.32747328391643,8.569672789026303,0,1,6349.7954,-0.5034753,5,1,false,false,-8.249764,0.78591776,6.082108,2.2098513,3
49.0006,0.7836708,49.32747912833547,8.56966604820587,0,1,6396.119,-0.46756673,5,1,false,false,-6.5110035,1.2894051,6.4713216,2.2066915,3
49.04817,0.78385067,49.3274849728917,8.569659169680586,0,1,6254.211,-0.41006285,5,1,false,false,-7.461052,4.6591816,6.948688,2.2019813,3
49.164818,0.78403085,49.327490817310746,8.569652428440321,0,1,6182.6167,-0.33678725,5,1,false,false,-5.0983305,5.967892,5.564462,2.1964676,3
49.23352,0.78421146,49.327496751732575,8.56964568761989,0,1,5955.624,-0.2812248,5,1,false,false,-7.1845713,3.4850576,8.5895605,2.1914964,3
49.2915,0.78439224,49.32750259615161,8.569638946799456,0,1,5978.1123,-0.2508946,5,1,false,false,-9.138006,2.8463926,9.64328,2.1865513,3
49.31877,0.7845732,49.32750853057344,8.569632205559191,0,1,6016.1553,-0.23075578,5,1,false,false,-9.759734,1.3590423,11.413454,2.181854,3
49.34756,0.7847543,49.32751446499527,8.56962546473876,0,1,6017.543,-0.21668242,5,1,false,false,-11.133312,2.3006608,12.550298,2.176793,3
49.382942,0.78493553,49.32752048928269,8.569618723918326,0,1,6030.2803,-0.2038224,5,1,false,false,-10.232354,2.1090615,9.694434,2.171384,3
49.41821,0.7851169,49.32752642370452,8.569612120382914,0,1,6025.515,-0.18877876,5,1,false,false,-11.678769,2.4535515,13.227444,2.1659825,3
49.46054,0.7852984,49.327532447991935,8.569605516847501,0,1,6010.1455,-0.17422028,5,1,false,false,-11.44118,2.5517771,10.622665,2.1605747,3
49.49231,0.7854801,49.32753847227936,8.569598913731921,0,1,5984.2256,-0.15577896,5,1,false,false,-13.550701,1.8471798,15.273434,2.155963,3
49.525154,0.7856619,49.327544586569566,8.569592310196509,0,1,6006.545,-0.13612524,5,1,false,false,-15.129423,2.4521406,17.511333,2.15153,3
49.556343,0.78584385,49.32755061085699,8.569585844365948,0,1,6004,-0.113073796,5,1,false,false,-15.18042,1.9720727,16.327858,2.147112,3
49.591675,0.7860259,49.32755672501,8.569579378535387,0,1,6002.3623,-0.09050746,5,1,false,false,-8.376718,2.8298535,10.3417635,2.1429336,3
49.625034,0.7862081,49.327562839300214,8.569572912704826,0,1,5999.1787,-0.06915531,5,1,false,false,-8.0793085,1.6294265,8.005409,2.1403842,3
49.65329,0.7863904,49.32756904331882,8.569566446874266,0,1,6011.988,-0.06624271,5,1,false,false,-10.342543,2.4527805,13.945108,2.1394029,3
49.68644,0.7865729,49.327575157609026,8.569560118748557,0,1,6006.9487,-0.080559075,5,1,false,false,-10.333126,1.7506514,13.276268,2.1390893,3
49.703907,0.7867554,49.32758136176483,8.569553652917996,0,1,6007.8667,-0.09196374,5,1,false,false,-7.1481285,0.7544698,10.314458,2.1391206,3
49.730194,0.78693795,49.32758756592063,8.569547324792287,0,1,6118.2856,-0.100941874,5,1,false,false,-8.244075,2.6829066,12.650767,2.1383731,3
49.773743,0.78712076,49.327593769939234,8.569540996666579,0,1,6088.2983,-0.098515324,5,1,false,false,-6.7467604,2.8187668,11.880749,2.136919,3
49.815746,0.7873037,49.32759997409504,8.569534668121038,0,1,6012.8096,-0.08225844,5,1,false,false,-6.9929442,2.8530095,13.826106,2.1352978,3
49.858093,0.7874867,49.32760617825084,8.56952833999533,0,1,6061.369,-0.06478732,5,1,false,false,-6.694008,2.5309978,14.671231,2.1334593,3
49.89242,0.78766996,49.32761238240665,8.569522149154642,0,1,6039.3145,-0.041007698,5,1,false,false,-6.7944326,2.2298884,11.417787,2.1319535,3
49.93035,0.7878533,49.32761867642804,8.569515821028933,0,1,6018.7285,-0.020382803,5,1,false,false,-5.2487874,2.4618618,11.144165,2.1308322,3
49.96267,0.78803676,49.327624970449435,8.569509630608076,0,1,6030.956,-0.0063094515,5,1,false,false,-5.129133,1.8038405,10.911505,2.1302865,3
49.992073,0.7882204,49.32763126460803,8.569503302062534,0,1,6044.4575,-0.0016993484,5,1,false,false,-3.749052,1.8099161,9.527144,2.1301873,3
50.020752,0.7884041,49.327637468626634,8.569497111641677,0,1,6058.603,-0.0038828847,5,1,false,false,-3.0692558,1.7160869,8.815512,2.1303818,3
50.049084,0.7885879,49.32764376278523,8.569490783096137,0,1,6086.5283,-0.011161651,5,1,false,false,-2.6776211,1.799492,7.848138,2.1306462,3
50.078014,0.78877187,49.32765014667221,8.56948459267528,0,1,6111.954,-0.019896736,5,1,false,false,-2.225794,1.7309397,7.570894,2.1308541,3
50.107697,0.788956,49.32765644069361,8.569478401834592,0,1,6132.8813,-0.02717738,5,1,false,false,-2.0452816,1.8781333,7.1663885,2.1309693,3
50.140446,0.78914016,49.3276627348522,8.569472211413736,0,1,6154.745,-0.030088136,5,1,false,false,-1.7816167,2.0320137,6.8415794,2.1309638,3
50.176804,0.78932446,49.32766902887359,8.569465882868194,0,1,6161.8223,-0.02911788,5,1,false,false,-1.6328408,2.3350601,7.118733,2.1308692,3
50.217686,0.78950894,49.327675412760584,8.569459692447337,0,1,6154.923,-0.02232424,5,1,false,false,-1.5738119,2.4924042,7.238605,2.130721,3
50.25943,0.78969353,49.32768170691917,8.569453501606649,0,1,6143.799,-0.013588222,5,1,false,false,-1.5719122,2.4666755,8.382217,2.1305509,3
50.29941,0.7898782,49.32768809080616,8.569447311185792,0,1,6140.356,-0.0033968212,5,1,false,false,-1.488678,2.3464305,8.937446,2.130373,3
50.337994,0.7900631,49.32769438482755,8.56944098264025,0,1,6142.812,0.008007864,5,1,false,false,-1.2202337,2.243671,8.847311,2.1302204,3
50.376125,0.7902481,49.32770076885174,8.569434792219393,0,1,6144.1987,0.019897675,5,1,false,false,-0.95664644,2.3009603,8.777523,2.1301327,3
50.41522,0.7904332,49.327707152738725,8.569428601378705,0,1,6142.783,0.032272607,5,1,false,false,-0.9351672,2.324049,10.431556,2.1301577,3
50.45357,0.79061854,49.32771344689732,8.569422273252997,0,1,6138.7974,0.045375697,5,1,false,false,-0.43610063,2.2378657,10.329978,2.130308,3
50.490585,0.79080397,49.327719830784304,8.569416082412308,0,1,6143.302,0.055567116,5,1,false,false,-0.26824024,2.1587403,10.327148,2.1306493,3
50.52687,0.7909895,49.32772621480849,8.569409891991452,0,1,6151.293,0.067942046,5,1,false,false,0.19537821,2.2261186,10.7772045,2.131184,3
50.565155,0.79117525,49.327732598695476,8.56940356344591,0,1,6149.77,0.07934672,5,1,false,false,0.4145798,2.2680411,10.466008,2.1319394,3
50.603016,0.7913611,49.327738982719666,8.569397373025053,0,1,6143.476,0.090751395,5,1,false,false,0.8349582,2.2332232,9.804204,2.1329074,3
50.63937,0.79154706,49.32774536660665,8.569391044479513,0,1,6149.12,0.1031273,5,1,false,false,1.2430898,2.1257303,9.8697,2.134078,3
50.67468,0.7917332,49.32775175063084,8.569384854058656,0,1,6154.9976,0.11404638,5,1,false,false,1.6957327,2.0799124,10.716494,2.1354406,3
50.70935,0.79191947,49.32775813465502,8.569378525932947,0,1,6159.6465,0.12132563,5,1,false,false,2.1542811,2.028114,9.803939,2.1370242,3
50.743225,0.79210585,49.327764518542004,8.569372197387407,0,1,6171.701,0.12714994,5,1,false,false,2.4992547,1.9955816,9.550756,2.1388326,3
50.777504,0.79229236,49.32777090256619,8.569365869261699,0,1,6183.9434,0.13030422,5,1,false,false,2.719463,2.1004012,9.443168,2.1408484,3
50.813595,0.79247904,49.32777728645318,8.56935954113599,0,1,6184.9175,0.13224567,5,1,false,false,3.1059403,2.1461878,9.213964,2.1430037,3
50.84964,0.79266584,49.327783670477366,8.569353212590448,0,1,6184.929,0.13321634,5,1,false,false,3.4785898,2.140313,9.740649,2.1452773,3
50.884834,0.79285276,49.32779014436714,8.56934688446474,0,1,6193.4746,0.13370194,5,1,false,false,3.9304504,2.0734003,10.044469,2.1476634,3
50.91951,0.7930398,49.327796528254126,8.56934055633903,0,1,6200.4062,0.13370197,5,1,false,false,4.3078294,2.0961504,10.123587,2.150173,3
50.954987,0.7932271,49.327802912278315,8.569334090508471,0,1,6205.522,0.1332164,5,1,false,false,4.614794,2.1881094,10.013214,2.1528053,3
50.991413,0.7934144,49.3278092961653,8.569327762382763,0,1,6205.902,0.13176002,5,1,false,false,4.8898253,2.2171538,9.86997,2.155503,3
51.02812,0.79360193,49.32781568018948,8.569321296552202,0,1,6203.7256,0.1305468,5,1,false,false,5.317087,2.2266033,10.369447,2.1581864,3
51.063816,0.7937895,49.32782206407647,8.569314830721641,0,1,6203.7637,0.12957652,5,1,false,false,6.0261507,2.1301715,11.029353,2.1608357,3
51.098103,0.7939774,49.327828448100654,8.56930836489108,0,1,6208.457,0.12836325,5,1,false,false,6.1103945,2.096414,10.804765,2.1635075,3
51.131966,0.79416525,49.32783483212484,8.56930189906052,0,1,6214.147,0.12593663,5,1,false,false,6.161233,2.104806,10.444627,2.1662006,3
51.16682,0.79435337,49.32784112614623,8.569295295525107,0,1,6217.0635,0.121084005,5,1,false,false,6.3958077,2.1980119,10.84068,2.1688786,3
51.20225,0.79454154,49.32784751003322,8.569288829694546,0,1,6214.0654,0.11477499,5,1,false,false,6.4771533,2.183446,11.039082,2.1714838,3
51.236366,0.7947299,49.327853894057405,8.569282226578965,0,1,6215.1914,0.108950675,5,1,false,false,6.280438,2.1005862,9.797798,2.1739526,3
51.26947,0.79491836,49.3278601880788,8.569275623043554,0,1,6224.422,0.1033694,5,1,false,false,6.1889687,2.056823,10.1045685,2.1762588,3
51.30295,0.795107,49.327866572102984,8.569269019508141,0,1,6229.4087,0.09972954,5,1,false,false,6.292193,2.1069236,10.456186,2.1784186,3
51.336243,0.79529566,49.327872955989974,8.569262278687708,0,1,6232.1055,0.0980316,5,1,false,false,6.0783844,2.04278,9.371191,2.1804729,3
51.368458,0.7954846,49.327879250011364,8.569255675152295,0,1,6242.4717,0.09778903,5,1,false,false,6.015562,2.0179038,10.399213,2.1824737,3
51.40171,0.79567355,49.32788563403555,8.569248934331863,0,1,6252.4443,0.10021513,5,1,false,false,5.9172864,2.1089194,9.501509,2.1844711,3
51.43584,0.7958627,49.32789192805695,8.56924219351143,0,1,6252.081,0.10191399,5,1,false,false,5.6580715,2.1061096,8.562812,2.186417,3
51.470158,0.7960519,49.32789822207834,8.569235452271165,0,1,6255.812,0.102399126,5,1,false,false,5.897376,2.1456683,10.072596,2.1883008,3
51.50463,0.7962413,49.32790460610253,8.569228711450734,0,1,6261.186,0.10191401,5,1,false,false,5.9000745,2.0837057,9.4569235,2.190165,3
51.537167,0.7964309,49.32791090012392,8.569221832925448,0,1,6263.921,0.09851627,5,1,false,false,5.503991,1.9879647,8.789484,2.1920118,3
51.570175,0.7966205,49.327917194145314,8.569215092105017,0,1,6278.7427,0.09342054,5,1,false,false,5.3849387,2.0905077,9.2843275,2.1938784,3
51.604946,0.79681027,49.32792348830391,8.569208213579731,0,1,6281.852,0.08638435,5,1,false,false,5.4495835,2.1540282,9.422802,2.195718,3
51.639767,0.7970001,49.327929782325306,8.569201335054448,0,1,6276.8843,0.07958977,5,1,false,false,5.2716494,2.12478,8.899866,2.1975121,3
51.673794,0.7971902,49.327936076346695,8.569194456529162,0,1,6287.994,0.07473662,5,1,false,false,5.113825,2.0775642,9.150932,2.1992621,3
51.707825,0.7973803,49.32794237036809,8.569187578003879,0,1,6295.406,0.073038206,5,1,false,false,5.0046005,2.1110868,9.129401,2.2009459,3
51.74258,0.7975706,49.32794866438949,8.569180699478594,0,1,6293.9404,0.07497964,5,1,false,false,5.1472425,2.1234818,9.3318,2.2025542,3
51.77712,0.79776096,49.327954958548084,8.569173683248458,0,1,6299.1387,0.08056,5,1,false,false,5.1239877,2.1005213,9.103896,2.2041223,3
51.81118,0.7979515,49.32796125256947,8.569166804723174,0,1,6305.5303,0.089295566,5,1,false,false,5.211692,2.0734847,9.491609,2.2056723,3
51.845573,0.7981422,49.32796754659087,8.569159788493037,0,1,6308.2383,0.09924486,5,1,false,false,5.5233746,2.1331544,9.754117,2.2072477,3
51.88009,0.798333,49.327973840612266,8.569152772682733,0,1,6310.3003,0.108222984,5,1,false,false,5.5772986,2.0927382,9.302428,2.2088995,3
51.914295,0.7985239,49.32798013463366,8.569145756452597,0,1,6314.1074,0.11622992,5,1,false,false,5.641209,2.0959985,9.732587,2.210639,3
51.948765,0.79871494,49.327986338789465,8.56913874022246,0,1,6317.4897,0.1198707,5,1,false,false,5.8882384,2.1116364,10.000417,2.2124717,3
51.982796,0.7989061,49.327992632810854,8.569131586707304,0,1,6318.083,0.11865741,5,1,false,false,5.9809504,2.0751464,10.167147,2.214405,3
52.016453,0.7990974,49.32799892696945,8.569124570477168,0,1,6322.655,0.11064955,5,1,false,false,5.895474,2.0649514,10.220887,2.2164445,3
52.050133,0.7992888,49.32800513098805,8.569117416962012,0,1,6327.0947,0.095605,5,1,false,false,5.7762547,2.0725052,10.410114,2.2185378,3
52.084267,0.7994804,49.32801142514665,8.569110263446856,0,1,6327.1724,0.07546386,5,1,false,false,5.6147194,2.1061487,10.390638,2.220608,3
52.118427,0.799672,49.32801762916525,8.569103109511866,0,1,6328.091,0.05581014,5,1,false,false,5.3236637,2.0857775,10.301602,2.2225616,3
52.152065,0.7998638,49.32802392332385,8.569095818291858,0,1,6331.0186,0.036640614,5,1,false,false,5.0290456,2.0550885,10.284569,2.224311,3
52.18554,0.8000557,49.32803012734245,8.569088664776702,0,1,6334.609,0.023537531,5,1,false,false,4.724627,2.042137,10.596406,2.225803,3
52.218895,0.8002477,49.328036331498254,8.569081373556694,0,1,6337.609,0.01795623,5,1,false,false,4.4450316,2.0378137,10.088639,2.2270198,3
52.2521,0.80043995,49.32804262565685,8.569074219621706,0,1,6342.9224,0.01965464,5,1,false,false,4.36908,2.0136013,10.160002,2.2279887,3
52.285206,0.8006322,49.32804882967545,8.569066928401698,0,1,6348.024,0.028632756,5,1,false,false,4.2654176,2.029828,10.059174,2.2287736,3
52.318306,0.8008246,49.328055033831255,8.56905963718169,0,1,6351.9614,0.04319123,5,1,false,false,4.1554837,2.0012803,9.592662,2.229448,3
52.351254,0.80101705,49.32806123798706,8.569052345961682,0,1,6357.063,0.05726552,5,1,false,false,4.208019,2.0019076,9.989436,2.230079,3
52.38422,0.8012097,49.32806753200845,8.569045054741673,0,1,6363.5273,0.06988348,5,1,false,false,4.197999,2.0002549,10.004343,2.2307665,3
52.41709,0.8014025,49.32807373616425,8.569037625816813,0,1,6368.3022,0.0788616,5,1,false,false,4.356933,1.98425,10.213183,2.2315767,3
52.45011,0.80159533,49.32807994032006,8.569030334596805,0,1,6373.5894,0.08419987,5,1,false,false,4.149902,2.023469,10.60229,2.2325637,3
52.48371,0.8017883,49.32808614447586,8.569022906091776,0,1,6377.6064,0.08565573,5,1,false,false,3.9652894,2.0630236,9.195296,2.2336955,3
52.518032,0.8019814,49.328092348631664,8.569015477166916,0,1,6376.857,0.08347217,5,1,false,false,3.7914662,2.0721917,9.703393,2.234898,3
52.551975,0.8021746,49.32809855265027,8.569008048242056,0,1,6377.0654,0.07983233,5,1,false,false,4.0483527,2.0196576,10.6192875,2.2361355,3
52.584286,0.802368,49.32810475680607,8.569000619737027,0,1,6380.683,0.07764927,5,1,false,false,3.8054726,1.881948,10.024885,2.2374249,3
52.615097,0.80256146,49.32811096096187,8.568993190812167,0,1,6393.2266,0.07643502,5,1,false,false,3.8455179,1.8911066,10.122387,2.2387753,3
52.647987,0.80275506,49.328117165117675,8.568985761887308,0,1,6404.911,0.07619292,5,1,false,false,4.164842,2.0430303,10.462028,2.2402148,3
52.681995,0.8029487,49.32812336927348,8.568978332962448,0,1,6397.227,0.07643505,5,1,false,false,4.059849,2.052213,10.110591,2.2417176,3
52.716297,0.8031426,49.32812957342928,8.568970766752567,0,1,6396.991,0.07740622,5,1,false,false,4.129672,2.0553374,9.962557,2.2432363,3
52.749474,0.80333656,49.32813568758229,8.568963337827707,0,1,6402.5483,0.078133464,5,1,false,false,4.3097744,2.002539,10.806701,2.2447474,3
52.782253,0.8035307,49.32814189173809,8.568955771617826,0,1,6401.8364,0.078376494,5,1,false,false,4.4182634,1.9914879,10.995805,2.2462626,3
52.81479,0.8037249,49.328148095893894,8.568948204988114,0,1,6404.4585,0.076920174,5,1,false,false,4.121581,1.9504043,9.472647,2.2477684,3
52.84685,0.8039192,49.328154300049704,8.568940638778235,0,1,6411.72,0.074251495,5,1,false,false,4.1529245,1.9462382,10.058184,2.2492263,3
52.878933,0.8041136,49.3281605040683,8.568933072568354,0,1,6414.1973,0.07158189,5,1,false,false,4.1720138,1.9647827,10.40114,2.250632,3
52.9099,0.8043082,49.328166618358516,8.568925505938642,0,1,6417.477,0.070368595,5,1,false,false,3.990593,1.8472103,9.467676,2.25199,3
52.940487,0.80450284,49.32817282251432,8.568917802023911,0,1,6432.068,0.070125595,5,1,false,false,3.9477305,1.8603189,9.225088,2.2533436,3
52.971832,0.80469763,49.32817893666733,8.56891023581403,0,1,6440.0386,0.07036859,5,1,false,false,3.8992977,1.9318435,9.518141,2.2547064,3
53.00403,0.8048926,49.32818514082313,8.5689025318993,0,1,6439.8755,0.07206703,5,1,false,false,3.7665243,1.9497068,9.185215,2.2560625,3
53.03557,0.80508757,49.32819134497893,8.568894827984566,0,1,6446.2954,0.074736625,5,1,false,false,3.872478,1.878752,8.903636,2.257403,3
53.066505,0.8052828,49.32819745913195,8.568887124069835,0,1,6454.91,0.078133464,5,1,false,false,4.001624,1.8680985,9.357981,2.258752,3
53.09755,0.805478,49.32820366328775,8.568879419735271,0,1,6458.12,0.08201585,5,1,false,false,3.9823582,1.8716791,9.263936,2.2601378,3
53.128292,0.80567336,49.32820977757796,8.568871715820539,0,1,6460.513,0.08492802,5,1,false,false,4.020463,1.8430551,9.43294,2.2615602,3
53.158756,0.8058688,49.32821598173376,8.568864011905807,0.04896938,0.87447584,6461.1016,0.085655704,5,1,false,false,4.309738,1.8557847,9.984357,2.2630255,3
53.182106,0.8060644,49.32822209588678,8.568856307991075,0.18038842,0.58520365,6405.7227,0.08419985,5,1,false,false,4.3265715,1.0535126,10.213217,2.2645473,3
53.171284,0.80626,49.32822821017699,8.568848466371492,0.24842131,0.3245376,6303.2593,0.079346724,5,1,false,false,4.312603,-1.863372,9.919048,2.2660642,3
53.108543,0.80645555,49.32823432433,8.568840762456759,0.3869892,0.11911222,6254.609,0.070125565,5,1,false,false,4.2607045,-4.986102,10.186635,2.267514,3
52.992718,0.80665064,49.328240438483014,8.568832921257007,0.4409627,0.028360035,6192.559,0.056780383,5,1,false,false,4.1366153,-7.9998813,10.894197,2.268851,3
52.84259,0.8068453,49.32824655277322,8.568825217342274,0.50911474,9.313226e-10,6095.2095,0.043434255,5,1,false,false,3.89363,-9.466904,11.288071,2.270106,3
52.67345,0.80703944,49.32825266692623,8.568817375722691,0.53485036,0,5997.2837,0.029117882,5,1,false,false,3.6354492,-10.579593,10.855054,2.2712662,3
52.476425,0.8072328,49.328258691350854,8.568809671807958,0.5841774,0,6122.19,0.017228076,5,1,false,false,3.2525053,-12.702213,10.796003,2.2723224,3
52.2579,0.80742544,49.32826471563828,8.568801967893227,0.6006196,0,6134.826,0.0080078645,5,1,false,false,2.9001513,-12.961778,10.743413,2.2732277,3
52.048485,0.8076173,49.328270649922906,8.568794263978495,0.61479807,0,6031.7056,0.004368011,5,1,false,false,2.8662956,-12.488345,10.390224,2.2739694,3
51.836857,0.80780834,49.328276584344735,8.56878655964393,0.6523293,0,5977.571,0.0050952304,5,1,false,false,2.7791731,-13.009744,10.201213,2.2746081,3
51.610268,0.80799866,49.328282518766564,8.568778993434051,0.69462633,0,5989.6084,0.010191401,5,1,false,false,2.7106855,-13.886245,10.110458,2.2751777,3
51.373894,0.8081881,49.32828845318839,8.568771289519319,0.7086859,0,5929.0757,0.018198326,5,1,false,false,2.729653,-14.331886,10.743085,2.2757149,3
51.129364,0.8083766,49.32829429760743,8.56876372330944,0.7180985,0,5865.595,0.026934348,5,1,false,false,2.7504947,-14.803292,9.79086,2.2762423,3
50.885555,0.80856425,49.32830014216367,8.568756156679727,0.72751117,0,5843.6016,0.03324286,5,1,false,false,2.7470348,-14.64881,8.860162,2.2767963,3
50.635773,0.808751,49.32830589671711,8.568748590469847,0.72977483,0,5807.897,0.033242863,5,1,false,false,2.583497,-15.2877655,10.470882,2.2774234,3
50.378696,0.80893683,49.32831165127056,8.568741161544986,0.72751105,0,5775.325,0.031059321,5,1,false,false,2.4740841,-15.574315,10.571255,2.2780688,3
50.1247,0.8091216,49.32831740582401,8.568733595335107,0.72751105,0,5759.7495,0.026448285,5,1,false,false,2.6021614,-15.024829,10.179971,2.2787187,3
49.880505,0.80930555,49.32832316037745,8.568726166410247,0.7321577,0,5709.5747,0.023537528,5,1,false,false,2.2352405,-14.620893,9.14925,2.27952,3
49.634464,0.80948865,49.32832882492811,8.568718737485387,0.73454064,0,5654.425,0.022566333,5,1,false,false,2.142529,-14.944407,9.172394,2.2804327,3
49.38495,0.8096708,49.32833439975037,8.568711446265379,0.73918736,0.77,5898.4395,0.024264745,0,1,false,false,2.199407,-15.169251,10.44688,2.2813454,3
49.146202,0.80985206,49.328340064301024,8.56870401776035,0.7415703,0.4644444,6310.177,0.027904596,0,1,false,false,2.0440178,-14.144544,8.227901,2.2822332,3
48.907215,0.81003237,49.32834563912329,8.56869672612051,0.746217,0,6248.816,0.03178655,4,1,false,false,2.2787983,-14.4085045,8.980451,2.283106,3
48.65137,0.81021184,49.32835112394276,8.568689434900502,0.75562984,0,6510.7993,0.0351843,4,1,false,false,2.0248756,-16.381166,8.598088,2.2839923,3
48.376183,0.8103903,49.328356608762235,8.568682143680494,0.7556297,0,6635.885,0.035669427,4,1,false,false,2.1989415,-15.415875,9.234251,2.2848325,3
48.11488,0.8105678,49.3283620935817,8.568674990165338,0.7580126,0,6525.106,0.031786554,4,1,false,false,2.1415641,-16.120863,9.590606,2.2858124,3
47.845604,0.8107443,49.32836757826398,8.56866769894533,0.7603955,0,6412.4087,0.024021719,4,1,false,false,2.432214,-16.17185,9.643258,2.286928,3
47.57842,0.8109198,49.32837297321786,8.568660545430172,0.7768379,0,6298.912,0.014316376,4,1,false,false,2.2463534,-15.995626,9.732043,2.2881634,3
47.314827,0.81109434,49.32837836817174,8.568653391495184,0.78386736,0,6196.3604,0.0031547262,4,1,false,false,2.2796547,-15.810035,9.847518,2.2893846,3
47.048405,0.811268,49.32838367312283,8.56864637568488,0.8026927,0,6219.604,-0.0075218,4,1,false,false,2.1542966,-16.509974,9.545971,2.2905328,3
46.761005,0.8114406,49.32838897807392,8.568639359454744,0.84022397,0,6404.889,-0.015772698,4,1,false,false,2.0813353,-17.487593,10.455904,2.2915506,3
46.4715,0.8116122,49.328394283025006,8.568632343224607,0.8542834,0,6318.7236,-0.020139769,4,1,false,false,2.1134064,-17.321236,11.247588,2.2924628,3
46.187237,0.8117827,49.32839949811051,8.568625327414303,0.866079,0,6215.749,-0.02062583,4,1,false,false,2.3486097,-17.022964,10.633333,2.29329,3
45.903934,0.81195223,49.32840471319601,8.568618311184167,0.8871678,0,6115.287,-0.0177132,4,1,false,false,2.4143229,-17.152004,11.513379,2.2940722,3
45.611877,0.81212044,49.328409838415915,8.568611432658882,0.90361017,0,6114.8457,-0.013103098,4,1,false,false,2.435571,-18.026558,11.135201,2.2948434,3
45.301517,0.8122875,49.328414963498616,8.568604554133598,0.90599304,0,6147.2017,-0.008492992,4,1,false,false,2.3633246,-18.772087,11.457977,2.2955723,3
44.98146,0.8124534,49.32841999871574,8.568597675608313,0.90134645,0,6084.761,-0.005338263,4,1,false,false,2.9883926,-19.646986,14.505944,2.296235,3
44.654953,0.812618,49.32842512393564,8.568590934787881,0.8825212,0,6034.835,-0.0048531382,4,1,false,false,3.3705046,-19.01082,14.083116,2.296948,3
44.362118,0.8127813,49.328430069287165,8.568584193547617,0.8754916,0,6051.069,-0.008735084,4,1,false,false,2.4356294,-16.886282,10.283678,2.2976656,3
44.07931,0.8129434,49.32843501450149,8.568577452727183,0.86607873,0,6059.9697,-0.014074284,4,1,false,false,2.133472,-17.19082,9.278043,2.2981434,3
43.78217,0.8131045,49.328439959853014,8.56857084919177,0.8754916,0,6036.9463,-0.019655582,4,1,false,false,1.9391073,-18.312378,10.546905,2.298382,3
43.49347,0.81326455,49.328444905204535,8.568564108371339,0.88252103,0,6051.687,-0.021353051,4,1,false,false,1.3671082,-16.472094,9.581236,2.2982745,3
43.242233,0.81342345,49.32844976069047,8.568557504835926,0.8801383,0,5992.381,-0.017471103,4,1,false,false,0.7067486,-14.414735,9.120401,2.2978425,3
43.006596,0.8135815,49.32845452617361,8.568551039005365,0.86846167,0,5896.365,-0.008735085,4,1,false,false,1.3941453,-13.73694,7.219511,2.2972524,3
42.76684,0.81373864,49.32845938152234,8.568544435889784,0.8590491,0,5739.619,0.0041249795,4,1,false,false,1.6405157,-14.693044,8.4319315,2.2968743,3
42.525925,0.813895,49.328464147005484,8.568537970059225,0.85428345,0,5392.84,0.02620619,4,1,false,false,1.4046729,-14.701189,8.350455,2.2969398,3
42.26546,0.81405044,49.32846891248863,8.568531504228664,0.8402239,0,5286.6978,0.049500685,4,1,false,false,1.1809664,-16.945889,10.383241,2.2973633,3
41.98495,0.814205,49.32847358810618,8.568525038398104,0.83319443,0,5205.6924,0.072067015,4,1,false,false,2.2175648,-16.60568,10.984671,2.2979267,3
41.69293,0.8143585,49.328478263723724,8.568518710272395,0.8331943,0.77,5465.8306,0.08589873,0,1,false,false,2.7728457,-17.8068,10.37827,2.2988427,3
41.4173,0.81451094,49.32848293920408,8.568512244441834,0.82842857,0.77,5915.2896,0.09196469,0,1,false,false,1.8385764,-15.975598,8.152469,2.3001363,3
41.155365,0.8146626,49.32848752495604,8.568505915896292,0.8213989,0.77,6341.7866,0.092450276,0,1,false,false,1.6774573,-15.690526,8.685623,2.3014157,3
40.890827,0.81481344,49.32849211057079,8.568499725475435,0.81436926,0.15888888,6675.745,0.087354586,0,1,false,false,2.2448652,-15.943046,11.004952,2.302393,3
40.624447,0.81496334,49.328496606319966,8.568493396929895,0.7932802,0,6570.967,0.07546383,3,1,false,false,2.6985633,-15.813258,11.911716,2.3032126,3
40.370487,0.81511223,49.32850110206913,8.568487206509039,0.78386736,0,6740.8066,0.062846825,3,1,false,false,2.5495253,-15.153443,10.074687,2.3042548,3
40.130276,0.81526035,49.3285055978183,8.56848101566835,0.7603957,0,6736.6123,0.05678039,3,1,false,false,2.044029,-13.947918,9.373345,2.3057923,3
39.8897,0.8154079,49.32851000370187,8.568474825247494,0.7509828,0,6623.7305,0.0587209,3,1,false,false,2.2472875,-14.840049,8.987068,2.3076873,3
39.636974,0.81555456,49.32851440944825,8.568468772111656,0.73454064,0,6436.413,0.06478825,3,1,false,false,2.2422452,-15.1002445,8.6277075,2.3098392,3
39.3906,0.8157004,49.328518815331826,8.568462581270968,0.72751117,0,6321.971,0.07109676,3,1,false,false,2.4462101,-14.476105,8.466124,2.3120449,3
39.150646,0.8158453,49.32852313121261,8.56845652813513,0.71106875,0,6251.2017,0.07400848,3,1,false,false,2.9419713,-14.300167,9.293692,2.3141408,3
38.89007,0.81598955,49.3285274472306,8.568450474999294,0.7040392,0,6508.9697,0.074008465,3,1,false,false,3.0451133,-16.318407,9.732776,2.3161528,3
38.62326,0.8161331,49.32853176311138,8.56844455956831,0.69224346,0,6617.2246,0.07425147,3,1,false,false,3.2193637,-15.472373,9.995195,2.3182049,3
38.38368,0.81627566,49.32853598912657,8.568438506432472,0.685214,0,6507.5938,0.0778904,3,1,false,false,3.6365714,-13.758554,9.209386,2.320365,3
38.160164,0.8164174,49.328540215141764,8.568432591001487,0.6734182,0,6400.372,0.08759764,3,1,false,false,4.116862,-13.285037,9.549405,2.3226795,3
37.938156,0.81655836,49.32854444115696,8.568426675570501,0.6687717,0,6319.9526,0.106281534,3,1,false,false,4.7088494,-13.469188,10.293007,2.3251748,3
37.705322,0.8166987,49.328548577169364,8.568420759719686,0.65935886,0,6382.829,0.1346722,3,1,false,false,5.126036,-14.222368,10.334433,2.32782,3
37.47041,0.8168383,49.32855271331896,8.5684148442887,0.6499462,0,6423.2095,0.17179845,3,1,false,false,5.773125,-13.616915,10.134378,2.330653,3
37.252377,0.8169771,49.328556759465776,8.568409066562568,0.63826984,0,6359.4536,0.21644789,3,1,false,false,6.6098437,-12.713143,10.068486,2.3338594,3
37.044422,0.81711507,49.32856080561258,8.56840315071175,0.6358871,0,6282.0146,0.26522276,3,1,false,false,7.5500417,-12.456264,10.361024,2.337584,3
36.83137,0.8172522,49.328564851828,8.568397372985617,0.6218276,0,6266.5776,0.30550504,3,1,false,false,8.539135,-12.976251,10.737821,2.341842,3
36.612827,0.81738883,49.328568808040615,8.568391457554632,0.61241496,0,6279.444,0.3404487,3,1,false,false,9.316138,-12.9568405,10.537027,2.3466196,3
36.40023,0.8175247,49.328572764321834,8.568385679408667,0.60538554,0,6266.429,0.36592862,3,1,false,false,9.811408,-12.299426,10.192231,2.3519468,3
36.198544,0.8176597,49.32857663066886,8.568379901262702,0.5935898,0,6220.16,0.38315767,3,1,false,false,10.141743,-11.660025,9.92279,2.3578343,3
36.003643,0.8177939,49.32858049701589,8.56837412353657,0.58656037,0,6165.528,0.39359212,3,1,false,false,10.514488,-11.39587,9.836587,2.3642411,3
35.808617,0.81792736,49.328584273428724,8.568368208105584,0.5748837,0,6124.6694,0.3996585,3,1,false,false,11.162467,-11.623635,10.360187,2.3710783,3
35.611774,0.8180603,49.328588049841564,8.568362429959619,0.56773484,0,6098.119,0.40378442,3,1,false,false,11.666026,-11.64688,10.70562,2.3783376,3
35.4168,0.81819236,49.328591826323,8.568356652233486,0.5536756,0,6068.6123,0.40863758,3,1,false,false,12.049455,-11.315072,10.286579,2.3860648,3
35.228657,0.81832355,49.32859551280165,8.568350874087521,0.54426295,0,6024.899,0.41446185,3,1,false,false,12.042846,-10.786596,10.192474,2.3942776,3
35.047276,0.8184541,49.3285991094147,8.568345095941556,0.52079123,0,5974.129,0.4190724,3,1,false,false,12.728032,-10.385904,10.291305,2.4029202,3
34.865543,0.81858397,49.32860270602775,8.568339180510572,0.5067317,0,5928.7144,0.42174158,3,1,false,false,14.457423,-10.6257,11.559623,2.412012,3
34.67711,0.81871337,49.32860630264081,8.568333402784438,0.47623023,0,5903.8887,0.42149907,3,1,false,false,15.901662,-10.9794035,12.357598,2.4216971,3
34.488194,0.81884193,49.32860980931967,8.568327624638474,0.4620517,0,5900.6504,0.41858736,3,1,false,false,16.513819,-10.450199,11.853442,2.4320219,3
34.312458,0.8189697,49.32861331599853,8.568321709207488,0.42928624,0,5896.6772,0.41543263,3,1,false,false,16.059845,-9.512981,11.041604,2.4429262,3
34.156635,0.8190969,49.32861673274321,8.568315931061523,0.41046113,0,5876.02,0.4122783,3,1,false,false,16.638586,-8.406225,10.527515,2.453969,3
34.00621,0.8192235,49.32862005962228,8.568310015630539,0.38937214,0,5853.068,0.4086375,3,1,false,false,17.116848,-8.13145,10.224551,2.464831,3
33.858925,0.81934917,49.32862338643277,8.568304100199553,0.35172176,0,5843.73,0.40548325,3,1,false,false,16.968199,-7.9252157,9.657329,2.475244,3
33.716717,0.81947416,49.32862671331184,8.568298184768569,0.33766228,0,5845.042,0.40499762,3,1,false,false,16.800291,-7.567106,10.253224,2.4849977,3
33.582386,0.81959856,49.32862995025673,8.568292268917752,0.30477774,0,5834.8,0.40766683,3,1,false,false,16.511236,-6.990396,9.741663,2.494247,3
33.460842,0.8197224,49.32863309726743,8.568286353486767,0.26021683,0,5797.085,0.41179276,3,1,false,false,16.33265,-6.2325306,9.411879,2.503309,3
33.34862,0.81984586,49.32863624427813,8.568280438055782,0.23674491,0,5757.4453,0.41276297,3,1,false,false,15.791961,-5.7205186,8.92624,2.5123985,3
33.242577,0.8199686,49.328639391288824,8.568274522624797,0.1874181,0,5736.5728,0.41057947,3,1,false,false,14.8469305,-5.584801,8.41159,2.521761,3
33.13964,0.82009053,49.32864244843393,8.56826846948896,0.16394617,0,5721.8267,0.40475458,3,1,false,false,14.862109,-5.32371,8.822939,2.5316327,3
33.039722,0.82021207,49.32864541564484,8.568262416353123,0.14047423,0,5715.633,0.3982036,3,1,false,false,15.1253395,-4.9919815,8.7910595,2.541962,3
32.945835,0.8203332,49.32864847272135,8.568256363217287,0.08411772,0,5719.482,0.39359212,3,1,false,false,15.655508,-4.6795964,8.996067,2.5524871,3
32.859158,0.8204539,49.328651349998076,8.56825031008145,0.051233165,0,5725.9834,0.39213616,3,1,false,false,15.734856,-3.9669082,8.423032,2.5631354,3
32.784203,0.8205743,49.328654317208986,8.568244256945613,1.8626451e-09,0,5735.619,0.39456272,3,1,false,false,15.7195425,-3.3055072,8.27628,2.5737672,3
32.71668,0.8206941,49.32865719448571,8.568238203809775,0,0,5748.4688,0.40257114,3,1,false,false,16.757843,-2.982905,9.489669,2.5842154,3
32.646538,0.8208136,49.328659981828245,8.56823215067394,0,0.024167696,5763.038,0.41518947,3,1,false,false,17.646877,-3.0682406,9.689747,2.594497,3
32.578617,0.82093275,49.32866276923937,8.568225960253082,0,0.08088779,5782.1123,0.43314713,3,1,false,false,18.039978,-2.7758806,9.89109,2.604577,3
32.515717,0.8210516,49.3286655565819,8.568219769412394,0,0.1807645,5819.8433,0.4518329,3,1,false,false,18.577526,-2.4009135,10.174325,2.6144927,3
32.459225,0.8211703,49.32866825405885,8.568213578571704,0,0.25869295,5875.1475,0.4661508,3,1,false,false,18.81228,-1.9749688,10.060398,2.6245604,3
32.41107,0.82128865,49.328670861533,8.568207388150848,0,0.3287299,5981.93,0.4756145,3,1,false,false,18.801994,-1.5252651,9.743061,2.6349335,3
32.367138,0.82140684,49.328673469075746,8.568201059605308,0,0.39013556,6133.9717,0.47658473,3,1,false,false,19.049362,-1.375036,10.037925,2.6453679,3
32.340355,0.82152474,49.32867607661849,8.56819486918445,0,0.4115906,6058.9253,0.46784914,3,1,false,false,19.47642,0.64155644,10.727299,2.6557999,3
32.352436,0.82164264,49.32867859422705,8.56818840335389,0,0.4115906,5900.0786,0.4525606,3,1,false,false,19.366869,2.6766293,10.609453,2.6663704,3
32.36683,0.82176054,49.32868102197002,8.568182075228181,0,0.365968,5865.1636,0.43169093,3,1,false,false,19.385527,1.6514527,10.24933,2.676881,3
32.36156,0.8218785,49.32868344964439,8.56817560939762,0,0.30678177,5882.7085,0.4054832,3,1,false,false,19.265558,0.62870705,10.187896,2.6869287,3
32.347755,0.82199645,49.32868587738735,8.56816928085208,0,0.20443901,5854.077,0.38412878,3,1,false,false,19.049301,0.35534328,10.201862,2.6963274,3
32.329983,0.82211435,49.32868821512753,8.568162677736499,0,0.11787917,5788.2964,0.37150937,3,1,false,false,18.81068,-0.026900187,10.072738,2.7050614,3
32.303925,0.822232,49.3286905529363,8.568156211905938,0,0.04981503,5733.8647,0.3695684,3,1,false,false,18.824104,-0.6042652,10.047539,2.713208,3
32.272312,0.8223496,49.328692800810884,8.568149746075377,0,1.8626451e-09,5651.477,0.38024598,3,1,false,false,18.346636,-0.8563447,9.911085,2.7207634,3
32.227398,0.8224671,49.32869504868547,8.568143142539965,0,0,5562.3403,0.40426993,3,1,false,false,20.074856,-2.720628,11.407876,2.7282434,3
32.159695,0.8225844,49.32869720662586,8.568136539424385,0,0,5545.339,0.436545,3,1,false,false,20.893837,-3.0949824,11.486741,2.736963,3
32.07502,0.8227016,49.32869927470066,8.568129935888972,0,0,5695.6396,0.4790122,3,1,false,false,20.60384,-4.2523046,11.596856,2.7465692,3
31.9989,0.8228184,49.32870134277546,8.568123195068539,0,0,5762.52,0.5212374,3,1,false,false,19.393448,-2.516301,11.358553,2.7562387,3
31.951773,0.822935,49.328703320847474,8.568116591533126,0,0,5693.6094,0.5593366,3,1,false,false,20.749752,-1.7653592,10.499293,2.7660213,3
31.900204,0.82305133,49.32870529898808,8.568109987997715,0,0,5616.608,0.59137017,3,1,false,false,23.119675,-1.6578349,12.669651,2.7754657,3
31.851198,0.8231675,49.3287071871945,8.568103247177282,0,0,5621.782,0.61515194,3,1,false,false,20.418602,-2.2301521,11.611336,2.783698,3
31.79579,0.82328373,49.328709075400916,8.56809650635685,0,0,5660.989,0.63893497,3,1,false,false,20.213778,-2.4603279,10.788253,2.7909658,3
31.744892,0.82339984,49.32871087374175,8.568089765116586,0,0,5658.1147,0.6576206,3,1,false,false,19.57844,-2.1260855,10.003503,2.797966,3
31.699354,0.8235157,49.328712582148384,8.568083024296152,0,0,5621.5015,0.6719391,3,1,false,false,19.909542,-2.0187244,10.457863,2.805147,3
31.654083,0.82363135,49.32871429048642,8.568076145770869,0,0,5602.3823,0.6898976,3,1,false,false,20.145365,-2.1775968,12.104202,2.8131502,3
31.60527,0.82374686,49.32871590895886,8.568069404950435,0,0,5608.152,0.70542896,3,1,false,false,20.127668,-2.4180884,12.419113,2.8222742,3
31.555685,0.8238622,49.32871752743131,8.568062526425152,0,0,5613.786,0.7173209,3,1,false,false,19.842083,-2.389873,11.412446,2.8324654,3
31.507917,0.8239777,49.32871905596956,8.568055785184887,0,0,5604.792,0.72629976,3,1,false,false,19.42422,-2.2436554,11.332675,2.8434553,3
31.461422,0.824093,49.32872058457641,8.568048906659602,0,0,5588.9414,0.730911,3,1,false,false,19.441813,-2.220507,10.88164,2.8548346,3
31.413338,0.8242081,49.328722023180475,8.568042028134318,0,0,5580.254,0.7330946,3,1,false,false,19.893671,-2.314621,11.409746,2.8662388,3
31.362646,0.82432294,49.32872346185314,8.568035149609033,0,0,5579.4873,0.7333376,3,1,false,false,20.897076,-2.4287882,12.562522,2.8774438,3
31.31037,0.8244376,49.328724810523006,8.56802827108375,0,0,5578.6,0.72969717,3,1,false,false,21.839046,-2.4441583,12.916222,2.8883727,3
31.259678,0.8245521,49.328726069395884,8.568021392558464,0,0,5573.1133,0.7202325,3,1,false,false,21.6811,-2.3468206,12.362533,2.899103,3
31.211613,0.82466686,49.32872732820016,8.56801451403318,0,0,5562.6084,0.70251703,3,1,false,false,20.757801,-2.200272,11.244495,2.909746,3
31.165749,0.82478136,49.32872849707025,8.568007635507897,0,0,5549.711,0.6763078,3,1,false,false,20.167023,-2.1680522,11.281157,2.9203777,3
31.120943,0.8248956,49.32872957607474,8.56800061969759,0,0,5538.6562,0.64791405,3,1,false,false,19.239004,-2.1614723,10.89515,2.9310246,3
31.077097,0.82500964,49.328730655010645,8.567993741172307,0,0,5531.054,0.62510234,3,1,false,false,17.968887,-2.1089535,10.16678,2.9415586,3
31.034286,0.8251236,49.328731734015136,8.567986724942172,0,0,5523.619,0.6110271,3,1,false,false,17.806902,-2.0601182,10.916039,2.9517672,3
30.991165,0.82523745,49.328732633151255,8.567979846416886,0,0,5515.114,0.61151206,3,1,false,false,19.032772,-2.0974696,12.386999,2.9617827,3
30.947834,0.825351,49.328733622221556,8.56797283018675,0,0,5507.4536,0.6248596,3,1,false,false,18.993414,-2.0821793,11.956137,2.9719856,3
30.90975,0.8254643,49.32873452135767,8.567965951661465,0,0.10628854,5524.6143,0.65009785,3,1,false,false,8.589845,-1.781064,7.3100324,2.9821477,3
30.878208,0.8255774,49.32873533062819,8.567958935851161,0,0.18002468,5570.543,0.6758218,3,1,false,false,15.772041,-1.3614086,8.410632,2.9908514,3
30.848003,0.8256903,49.32873613983011,8.567951919621025,0,0.31713936,5655.2256,0.7224168,3,1,false,false,19.982122,-1.3557903,12.988583,2.9995508,3
30.81282,0.8258032,49.32873694910064,8.56794504109574,0,0.37435263,5811.1255,0.7694976,3,1,false,false,24.36041,-1.5727112,15.917938,3.0093298,3
30.78065,0.8259155,49.328737578502775,8.567938024865605,0,0.39260167,5886.3574,0.8117249,3,1,false,false,26.069153,-0.40213838,16.303837,3.0202718,3
30.794044,0.8260272,49.32873820790491,8.5679310090553,0,0.3731196,5675.5635,0.84181803,3,1,false,false,21.162025,1.5195167,12.6534,3.0321598,3
30.810356,0.82613885,49.32873883730706,8.567923992825163,0,0.30431557,5563.324,0.8653585,3,1,false,false,15.966572,2.5014992,9.463419,3.0457215,3
30.81282,0.82625055,49.328739376775005,8.567916976595027,0,0.22638714,5604.167,0.883803,3,1,false,false,24.699871,-0.5948541,14.173218,3.060377,3
30.786123,0.82636213,49.32873982637736,8.567909960784723,0,0.1314427,5581.924,0.90030575,3,1,false,false,26.189695,-0.7262654,13.58272,3.0740955,3
30.761131,0.8264736,49.328740275911116,8.567902944554586,0,0.070530236,5495.9907,0.9192357,3,1,false,false,23.24533,-0.68605435,11.617452,3.0858555,3
30.73216,0.8265847,49.32874063557928,8.56789592832445,0,0.02367448,5427.5005,0.9413205,3,1,false,false,20.774622,-1.2522339,10.755452,3.0957365,3
30.702423,0.8266954,49.32874090531325,8.567888912514146,0,0,5345.6353,0.97020143,3,1,false,false,18.683367,-1.2932575,9.791838,3.1045792,3
30.671242,0.8268057,49.32874117504723,8.567881896284009,0,0,5261.6533,1.0036925,3,1,false,false,18.743038,-1.5130062,10.708748,3.1133664,3
30.628216,0.826916,49.328741354915614,8.567874880053873,0,0,5303.7314,1.0422813,3,1,false,false,17.233896,-3.1165156,8.245367,3.1217613,3
30.564043,0.82702607,49.3287415347154,8.567867864243569,0,0,5456.4062,1.08985,3,1,false,false,14.039693,-3.540743,7.11834,3.1300015,3
30.505566,0.82713586,49.32874162464959,8.567860848013432,0,0,5481.9307,1.1396034,3,1,false,false,18.09027,-2.9110734,10.004127,3.1391835,3
30.45841,0.8272453,49.32874171458378,8.567853831783296,0,0,5410.886,1.1864454,3,1,false,false,20.771786,-2.233759,12.434374,-3.1324582,3
30.410769,0.8273544,49.32874171458378,8.567846815553159,0,0,5375.7896,1.2194529,3,1,false,false,22.19451,-2.6724052,13.069628,-3.1183968,3
30.351255,0.8274631,49.32874162464959,8.567839937027875,0,0,5394.621,1.2284333,3,1,false,false,22.39854,-3.216347,12.427108,-3.1029358,3
30.286673,0.82757163,49.3287415347154,8.56783292121757,0,0,5410.808,1.216298,3,1,false,false,23.186695,-3.2055485,12.173753,-3.0873647,3
30.225645,0.8276799,49.328741444849804,8.567826042692285,0,0,5396.5356,1.191542,3,1,false,false,23.706928,-2.8090465,12.557901,-3.0721767,3
30.168621,0.82778794,49.32874117504723,8.567819164167002,0,0,5370.2017,1.1655723,3,1,false,false,23.52604,-2.6257696,12.280371,-3.0572457,3
30.111307,0.8278959,49.32874090531325,8.567812147936865,0,0,5353.237,1.1403319,3,1,false,false,23.469461,-2.7162998,12.115619,-3.04237,3
30.051521,0.8280034,49.32874054564509,8.567805269411581,0,0,5346.2754,1.1218863,3,1,false,false,23.566359,-2.8233895,12.220642,-3.027435,3
29.990833,0.82811075,49.32874018604552,8.567798528591148,0,0,5339.85,1.1092663,3,1,false,false,23.19986,-2.7801626,11.971122,-3.012361,3
29.93063,0.82821786,49.32873973644317,8.567791650065864,0,0,5329.114,1.106111,3,1,false,false,22.914074,-2.7129037,11.725917,-2.997123,3
29.870062,0.8283247,49.32873919697522,8.56778477154058,0,0,5316.0083,1.1095088,3,1,false,false,23.092339,-2.7169297,11.950201,-2.9817612,3
29.808336,0.82843125,49.32873865743867,8.567778030300316,0,0,5304.18,1.1206728,3,1,false,false,23.293592,-2.7250826,11.884254,-2.9663177,3
29.744196,0.82853776,49.32873802803653,8.567771289479882,0,0,5293.9272,1.1340213,3,1,false,false,24.623196,-2.8244574,13.376297,-2.950772,3
29.67626,0.8286442,49.3287373087688,8.56776454865945,0,0,5283.5684,1.1480985,3,1,false,false,25.795033,-2.9130917,13.543681,-2.9348936,3
29.608557,0.8287503,49.328736589432474,8.567757807839017,0,0,5272.3325,1.1587777,3,1,false,false,24.198969,-2.8037012,12.070706,-2.9186912,3
29.544004,0.82885617,49.32873578016195,8.567751204303605,0,0,5258.6904,1.1629031,3,1,false,false,22.928913,-2.6762695,11.082075,-2.9026344,3
29.479464,0.8289618,49.32873488102584,8.567744600768192,0,0,5243.2637,1.1621748,3,1,false,false,23.404427,-2.6802552,11.250491,-2.8869805,3
29.413185,0.82906723,49.32873398188972,8.567737997652612,0,0,5229.1055,1.1609617,3,1,false,false,24.117243,-2.6765022,12.404402,-2.8715205,3
29.345133,0.8291725,49.32873299281942,8.5677313941172,0,0,5217.2646,1.1607183,3,1,false,false,24.127613,-2.7317963,12.5637,-2.8561153,3
29.276535,0.8292778,49.32873191381492,8.567724928286639,0,0,5206.6343,1.1595054,3,1,false,false,23.87638,-2.67974,11.8673115,-2.8410738,3
29.210014,0.82938296,49.328730834879025,8.567718324751226,0,0,5195.233,1.1558646,3,1,false,false,23.142012,-2.562781,11.8942375,-2.8264651,3
29.145205,0.82948786,49.32872966594034,8.567711858920665,0,0,5179.294,1.1483411,3,1,false,false,22.704735,-2.5110414,11.170872,-2.8119416,3
29.080154,0.8295925,49.32872849707025,8.567705530794957,0,0,5161.8535,1.1347499,3,1,false,false,22.489265,-2.5193057,10.9974785,-2.797298,3
29.015299,0.829697,49.32872723826597,8.567699064964396,0,0,5148.969,1.1141202,3,1,false,false,21.811598,-2.5157344,10.753228,-2.7826903,3
28.950485,0.8298013,49.328725979461694,8.567692736838687,0,0,5140.102,1.0835401,3,1,false,false,21.683983,-2.4924345,11.151727,-2.7683215,3
28.884918,0.82990587,49.32872454078903,8.567686545997999,0,0,5129.9707,1.046893,3,1,false,false,22.704155,-2.4489298,11.773479,-2.7541077,3
28.818064,0.8300103,49.32872319205056,8.56768021787229,0,0,5116.725,0.99447066,3,1,false,false,23.540728,-2.4623613,12.663427,-2.7397187,3
28.752148,0.8301145,49.3287217534465,8.5676740270316,0,0.088779286,5123.713,0.9398643,3,1,false,false,22.746992,-2.336582,11.55413,-2.7250679,3
28.691505,0.83021843,49.328720224908245,8.567667836610743,0,0.22219485,5184.687,0.8760369,3,1,false,false,21.86165,-1.8894124,10.882172,-2.7103388,3
28.63965,0.83032227,49.3287186064358,8.567661783474907,0,0.34525278,5310.503,0.81463706,3,1,false,false,21.660742,-1.4789168,10.892811,-2.695724,3
28.590834,0.8304259,49.328716987963354,8.56765559263422,0,0.47422928,5531.8115,0.7559076,3,1,false,false,21.130903,-1.3513861,10.916353,-2.681239,3
28.562246,0.83052975,49.328715369490915,8.567649677203233,0,0.57287306,5535.4517,0.6971779,3,1,false,false,21.753119,1.4137316,12.321412,-2.6670194,3
28.593575,0.8306342,49.32871366108428,8.567643624067397,0,0.6394576,5355.578,0.65252465,3,1,false,false,22.199385,4.416826,12.541907,-2.65299,3
28.635864,0.8307386,49.32871186281205,8.56763757093156,0,0.67521596,5314.7383,0.62146133,3,1,false,false,21.077808,3.7541072,11.493988,-2.6391094,3
28.66086,0.83084327,49.328710064471224,8.567631655500575,0,0.68187416,5383.906,0.6015623,3,1,false,false,21.254755,2.7917857,11.514597,-2.6256154,3
28.680809,0.830948,49.328708176264804,8.567625740069591,0,0.6922319,5436.699,0.5962237,3,1,false,false,21.267101,2.9997969,11.705963,-2.612455,3
28.708181,0.8310529,49.328706288058385,8.567619824218774,0,0.6954376,5432.977,0.60374635,3,1,false,false,21.180115,3.4818513,11.562022,-2.5995648,3
28.742014,0.83115804,49.328704309917775,8.56761404649264,0,0.69223195,5416.945,0.6214615,3,1,false,false,20.77764,3.7695942,11.126617,-2.5868008,3
28.778221,0.8312631,49.32870224191158,8.567608131061656,0,0.7045622,5421.3716,0.6479141,3,1,false,false,20.47335,3.7509477,11.282042,-2.574287,3
28.810726,0.8313683,49.32870017383677,8.56760235291569,0,0.72157824,5432.154,0.68067557,3,1,false,false,21.0051,3.5700772,11.882961,-2.562159,3
28.844812,0.83147365,49.328698105830576,8.567596712474577,0,0.73933417,5443.551,0.716592,3,1,false,false,20.978237,3.8262324,11.292411,-2.5502462,3
28.882988,0.8315792,49.32869594782158,8.567590934748445,0,0.75265115,5443.2773,0.7495976,3,1,false,false,20.759825,3.8563702,11.426366,-2.538753,3
28.921144,0.8316849,49.328693699946996,8.567585294307332,0,0.7472255,5433.866,0.7813893,3,1,false,false,21.499786,3.8595698,12.0245,-2.527678,3
28.95697,0.8317908,49.32869145207241,8.567579653866218,0,0.750185,5437.0366,0.8090551,3,1,false,false,21.61612,3.6210554,11.932189,-2.516671,3
28.989819,0.8318964,49.32868911433224,8.567574013425105,0,0.75018495,5455.2524,0.83211035,3,1,false,false,21.275408,3.4990811,11.8469715,-2.5055113,3
29.02496,0.8320019,49.32868668658927,8.567568372983992,0,0.75388426,5474.078,0.8493412,3,1,false,false,21.2454,3.7097447,11.393835,-2.4943326,3
29.061865,0.8321075,49.328684258914905,8.56756287024773,0,0.75388414,5473.7417,0.86511546,3,1,false,false,20.705849,3.6083212,11.174905,-2.4833128,3
29.099812,0.8322132,49.32868183117194,8.56755736751147,0,0.7600493,5475.3115,0.8784638,3,1,false,false,20.611387,3.697528,11.406515,-2.472221,3
29.138668,0.8323192,49.328679313563384,8.567552002060228,0,0.77336633,5490.5796,0.8910838,3,1,false,false,20.79717,3.7364614,11.428176,-2.4610088,3
29.182444,0.83242536,49.32867670602063,8.567546499323967,0,0.77953136,5496.5054,0.9010335,3,1,false,false,18.192223,4.019826,9.920981,-2.4499044,3
29.230036,0.8325316,49.32867409847788,8.567541134292558,0,0.79161537,5491.4424,0.9054022,3,1,false,false,19.389606,4.028054,11.232718,-2.4394503,3
29.274391,0.8326376,49.328671490935136,8.567535768841317,0,0.806905,5495.617,0.90782887,3,1,false,false,19.701897,3.9186049,10.501322,-2.4292774,3
29.320618,0.83274376,49.328668793526795,8.567530541094929,0,0.8231814,5514.586,0.90710115,3,1,false,false,18.51078,3.962117,10.15228,-2.4191756,3
29.371582,0.83285016,49.328666006184264,8.56752517606352,0,0.8446361,5530.038,0.9003056,3,1,false,false,16.369175,4.2759585,9.1610155,-2.409358,3
29.42806,0.8329568,49.32866330870732,8.567519948317129,0,0.86337847,5531.7583,0.88792896,3,1,false,false,17.520758,4.147415,9.2908535,-2.4004047,3
29.458334,0.83306366,49.3286604314306,8.567514858275592,0,0.8818744,5544.089,0.87191075,3,1,false,false,25.14474,2.336409,14.719801,-2.3911576,3
29.473242,0.83317065,49.32865755415388,8.567509630529203,0,0.90184957,5617.8887,0.85128254,3,1,false,false,25.748224,2.0838125,15.010972,-2.3792038,3
29.501293,0.8332774,49.32865467687715,8.567504540487665,0,0.9316893,5708.7964,0.81803405,3,1,false,false,25.006474,4.0073414,14.293539,-2.3650782,3
29.556639,0.8333843,49.32865170966624,8.567499587731147,0,0.9639952,5688.5522,0.7750795,3,1,false,false,21.26198,4.6760054,12.249671,-2.3501697,3
29.616928,0.8334914,49.328648652589735,8.567494635394462,0,0.9921086,5596.904,0.7243578,3,1,false,false,18.387003,4.6042776,10.844398,-2.3354242,3
29.68714,0.8335988,49.32864559544463,8.567489682637945,0,0.99999994,5597.23,0.6867433,3,1,false,false,21.21889,5.4083896,12.598061,-2.3208241,3
29.749962,0.83370656,49.32864244843393,8.567484867586279,0,1,5601.012,0.6612609,3,1,false,false,22.149822,5.152775,12.188212,-2.3079324,3
29.819494,0.8338146,49.32863930142323,8.567480052954446,0,1,5554.4043,0.64985484,3,1,false,false,15.497739,5.5788236,9.665546,-2.2973387,3
29.883835,0.8339229,49.328636154412536,8.56747523790278,0,1,5517.5757,0.65349525,3,1,false,false,23.249155,4.5346103,14.448349,-2.2892177,3
29.920942,0.83403134,49.328632917467644,8.567470422851114,0,1,5542.3633,0.676308,3,1,false,false,26.576197,3.103894,16.619064,-2.2810004,3
29.949778,0.8341399,49.32862959058857,8.567465883209152,0,1,5630.9395,0.69353735,3,1,false,false,23.942612,2.9943602,13.539939,-2.2710679,3
29.992458,0.83424866,49.32862626370949,8.567461205442507,0,1,5707.0615,0.70275956,3,1,false,false,19.709063,4.0406485,11.4354725,-2.2600157,3
30.054722,0.8343577,49.32862284696481,8.567456665800545,0,1,5698.1587,0.6986339,3,1,false,false,16.189648,4.544563,9.610004,-2.248986,3
30.118183,0.83446705,49.328619430220144,8.567452126158585,0,1,5669.547,0.6855295,3,1,false,false,14.489218,5.4546213,8.724427,-2.238236,3
30.199465,0.83457696,49.32861601340687,8.567447723801642,0,1,5673.4546,0.6714533,3,1,false,false,17.163706,5.559807,11.00988,-2.2278128,3
30.27535,0.83468723,49.328612506728014,8.567443321444701,0,1,5629.4604,0.6564073,3,1,false,false,15.360852,5.4360127,8.86157,-2.2189527,3
30.345676,0.83479774,49.32860900004915,8.56743891908776,0,1,5588.0093,0.64039135,3,1,false,false,19.229729,4.517229,12.090649,-2.2118723,3
30.393126,0.83490855,49.32860540343609,8.56743451715065,0,1,5617.6704,0.6333531,3,1,false,false,21.868055,3.433655,14.570469,-2.2045512,3
30.433544,0.8350196,49.32860180689164,8.567430252078728,0,1,5699.4062,0.62364644,3,1,false,false,20.359459,3.2979095,13.131485,-2.1955476,3
30.481173,0.83513093,49.328598210278585,8.56742612513149,0,1,5758.3687,0.60714406,3,1,false,false,18.321953,3.8773792,12.043199,-2.1851025,3
30.537567,0.8352429,49.32859452373134,8.5674218604794,0,1,5762.911,0.58554524,3,1,false,false,15.830797,4.063031,10.482806,-2.1739807,3
30.599792,0.8353553,49.3285908372527,8.567417733532162,0,1,5763.706,0.5692864,3,1,false,false,16.428623,4.974809,12.200853,-2.1624832,3
30.67335,0.8354679,49.32858706077126,8.567413743869944,0,1,5761.7617,0.5641903,3,1,false,false,20.659384,5.1390033,14.188959,-2.1508944,3
30.74289,0.83558077,49.32858328435842,8.567409616502875,0,1,5711.7954,0.5680731,3,1,false,false,21.347538,5.208641,13.744683,-2.1400988,3
30.812632,0.8356941,49.328579507945584,8.567405764545509,0,1,5671.4717,0.58239114,3,1,false,false,20.37412,4.9744225,13.198865,-2.1301641,3
30.874422,0.8358077,49.328575641598555,8.567401775303123,0,1,5682.995,0.6037464,3,1,false,false,18.745472,4.289477,11.670182,-2.120932,3
30.930922,0.83592236,49.32857177525153,8.567397923345757,0,1,5728.6895,0.6345664,3,1,false,false,17.993704,4.129749,12.0014105,-2.1121347,3
30.98922,0.83603734,49.32856781897031,8.567394208673411,0,1,5758.755,0.6697556,3,1,false,false,18.53752,4.34786,12.3471365,-2.103739,3
31.051092,0.83615243,49.32856386275769,8.567390494420897,0,1,5751.541,0.7131947,3,1,false,false,18.906496,4.4802155,12.536031,-2.0956736,3
31.114523,0.83626795,49.32855990647647,8.567386780168382,0,1,5740.8467,0.75081086,3,1,false,false,18.604263,4.419723,12.710807,-2.0875216,3
31.17408,0.8363837,49.32855586032966,8.567383203200889,0,1,5756.051,0.78405887,3,1,false,false,17.937637,4.040644,11.680353,-2.079005,3
31.22957,0.8365001,49.32855181411425,8.567379626233395,0,1,5792.979,0.81415117,3,1,false,false,16.370382,3.8690372,10.301875,-2.0700426,3
31.284683,0.8366174,49.32854767810185,8.567376049685732,0,1,5830.518,0.8393916,3,1,false,false,15.666269,3.8878806,9.8668,-2.060746,3
31.342335,0.8367349,49.32854363181784,8.56737261042309,0,1,5853.4097,0.86681473,3,1,false,false,15.390738,4.1458364,10.571124,-2.0511658,3
31.403095,0.83685267,49.32853949580544,8.567369171160447,0,1,5859.1455,0.8905984,3,1,false,false,16.664406,4.2714834,11.47156,-2.041323,3
31.464579,0.83697075,49.328535269790244,8.567365869182826,0,1,5857.8433,0.91316843,3,1,false,false,16.270367,4.289671,10.818771,-2.031199,3
31.521463,0.837089,49.32853113364064,8.567362567625034,0,1,5863.2607,0.9279723,3,1,false,false,18.553793,3.8154376,12.272168,-2.0208652,3
31.570673,0.8372073,49.328526907625445,8.567359266067244,0,1,5892.72,0.9328265,3,1,false,false,19.621786,3.6567044,12.940313,-2.009767,3
31.618584,0.83732563,49.328522591744665,8.567356101794473,0,1,5930.499,0.92748713,3,1,false,false,19.591946,3.648381,12.460651,-1.9976858,3
31.670586,0.83744407,49.32851836572947,8.567352937521704,0,1,5945.589,0.9085577,3,1,false,false,18.925001,4.0316014,11.691567,-1.9849219,3
31.724924,0.8375626,49.328514049848685,8.567349911373617,0,1,5937.931,0.8825896,3,1,false,false,18.42233,4.066774,11.132672,-1.9720398,3
31.78087,0.83768153,49.3285097339679,8.567346884385866,0,1,5939.705,0.8512826,3,1,false,false,19.106894,4.3099174,11.902169,-1.9591706,3
31.834572,0.83780056,49.328505328084326,8.567343995942633,0,1,5946.981,0.82215995,3,1,false,false,20.377296,4.1701317,12.689348,-1.9465371,3
31.887262,0.8379193,49.328500922200746,8.567341106659734,0,1,5945.4634,0.8022595,3,1,false,false,20.37737,4.2314596,12.318383,-1.9342653,3
31.938759,0.83803815,49.32849651645437,8.567338355081688,0,1,5943.895,0.79182476,3,1,false,false,20.162077,4.0520325,12.305084,-1.9224145,3
31.986801,0.8381572,49.32849211057079,8.567335603503642,0,1,5959.2476,0.7910962,3,1,false,false,20.185953,3.8109007,12.244577,-1.9107434,3
32.031635,0.8382763,49.328487614821626,8.567332989630446,0,1,5990.4214,0.79813457,3,1,false,false,20.168602,3.7507205,12.129329,-1.8989971,3
32.077778,0.8383957,49.32848311907246,8.567330375757251,0,1,6013.8203,0.80881196,3,1,false,false,20.534254,3.931899,12.703648,-1.8871477,3
32.12462,0.83851504,49.32847862332329,8.567327899588909,0,1,6015.3013,0.8204611,3,1,false,false,20.15902,3.895246,11.865526,-1.8752184,3
32.172337,0.83863413,49.32847403770853,8.567325423420566,0,1,6022.187,0.8289556,3,1,false,false,18.613852,3.9832,10.538705,-1.8632033,3
32.221573,0.8387534,49.32846945195658,8.567323084957076,0,1,6045.905,0.8335668,3,1,false,false,18.055902,4.047512,9.937973,-1.8514853,3
32.271355,0.8388728,49.32846486634182,8.567320746493584,0,1,6060.3813,0.83477974,3,1,false,false,18.611015,4.107402,10.893871,-1.8402762,3
32.32171,0.8389924,49.32846028072706,8.567318544895281,0,1,6055.513,0.8347799,3,1,false,false,19.460539,4.2401023,11.896427,-1.82931,3
32.372322,0.8391123,49.3284556949751,8.567316344136643,0,1,6047.341,0.8291977,3,1,false,false,19.665537,4.18196,11.700353,-1.8184272,3
32.417053,0.8392317,49.32845101949475,8.567314280243192,0,1,6054.296,0.8173066,3,1,false,false,19.325804,3.6794753,11.30726,-1.8075602,3
32.454372,0.8393513,49.3284463438772,8.567312217189405,0,1,6091.326,0.7974059,3,1,false,false,18.854164,3.328331,10.599747,-1.796471,3
32.492805,0.839471,49.32844166825965,8.567310291000807,0,1,6144.6396,0.770468,3,1,false,false,18.353764,3.6292415,10.396384,-1.7851154,3
32.538296,0.83959085,49.32843690277651,8.567308364812208,0,1,6164.6597,0.73527944,3,1,false,false,18.03,4.099315,10.358841,-1.7737796,3
32.588947,0.8397108,49.32843213729337,8.56730657632846,0,1,6145.498,0.6971777,3,1,false,false,17.976292,4.352904,10.567662,-1.7626154,3
32.642387,0.8398309,49.328427461675815,8.567304787844712,0,1,6132,0.6542234,3,1,false,false,18.31596,4.4718733,10.7914095,-1.7515594,3
32.692482,0.8399509,49.328422696192675,8.567303137065817,0,1,6134.932,0.61418164,3,1,false,false,18.233307,4.1630344,10.665025,-1.7407131,3
32.738182,0.84007096,49.32841784084394,8.567301486286922,0,1,6149.163,0.5743828,3,1,false,false,17.69349,3.9610353,10.353201,-1.7300757,3
32.78368,0.84019125,49.3284130753608,8.56729997321288,0,1,6173.9185,0.53968024,3,1,false,false,15.803157,4.005007,9.039297,-1.7196504,3
32.833042,0.8403117,49.328408219874866,8.567298460138836,0,1,6201.407,0.51735455,3,1,false,false,14.789495,4.242506,8.64646,-1.7097923,3
32.882404,0.8404323,49.328403454391726,8.567297083929981,0,1,6212.6587,0.5078899,3,1,false,false,16.935005,4.1952243,10.332447,-1.700571,3
32.93168,0.8405529,49.32839859904299,8.56729570856079,0,1,6210.7954,0.51031643,3,1,false,false,17.218615,4.3304286,10.9456415,-1.6914103,3
32.981014,0.8406737,49.32839374355706,8.567294332351935,0,1,6213.2305,0.5163833,3,1,false,false,17.652323,4.2968745,10.985984,-1.6820391,3
33.025032,0.84079456,49.32838879820554,8.567293094687596,0,1,6223.6514,0.52147955,3,1,false,false,18.000875,3.5387917,10.74342,-1.6723756,3
33.060062,0.84091556,49.3283839428568,8.567291993888444,0,1,6261.8984,0.5246342,3,1,false,false,18.32813,3.8649068,11.322929,-1.6621052,3
33.10345,0.8410367,49.32837899750528,8.567290893089293,0,1,6307.209,0.52560484,3,1,false,false,19.628782,4.178083,11.757273,-1.651352,3
33.151886,0.84115803,49.32837414215655,8.567289793129804,0,1,6288.824,0.5251204,3,1,false,false,18.728088,4.6015286,11.1362505,-1.6403767,3
33.206497,0.84127957,49.32836919680502,8.567288830035505,0,1,6246.054,0.5222078,3,1,false,false,18.746185,4.8402443,10.863375,-1.6294824,3
33.262848,0.8414012,49.3283642514535,8.567288004646057,0,1,6232.6562,0.5175968,3,1,false,false,18.503681,4.8658676,10.272451,-1.6188939,3
33.31775,0.8415231,49.32835930610197,8.56728717925661,0,1,6229.411,0.5129861,3,1,false,false,17.094378,4.7276626,9.463495,-1.6091979,3
33.371887,0.84164524,49.32835427088486,8.56728649073235,0,1,6218.834,0.50619113,3,1,false,false,16.886972,4.5969334,9.657331,-1.6008309,3
33.42025,0.84176743,49.32834932553334,8.567285803047755,0,1,6217.7915,0.49672738,3,1,false,false,17.419117,3.9835823,10.051036,-1.593541,3
33.457928,0.8418902,49.32834429031622,8.567285115363159,0,1,6252.1685,0.48265252,3,1,false,false,18.69802,3.4580116,10.902871,-1.5865691,3
33.489517,0.8420131,49.3283393449647,8.567284565383416,0,1,6306.7437,0.46153963,3,1,false,false,18.197989,3.182462,10.679511,-1.5792788,3
33.520786,0.842136,49.32833430974758,8.56728415226886,0,1,6356.6626,0.4282941,3,1,false,false,16.739538,3.2089982,10.165781,-1.5712677,3
33.558907,0.8422591,49.32832927453046,8.567283739993968,0,1,6402.917,0.39189324,3,1,false,false,15.354664,3.7069507,9.597073,-1.5623583,3
33.608685,0.8423823,49.328324239313346,8.567283464584264,0,1,6427.517,0.3496693,3,1,false,false,15.243862,4.4883404,9.497574,-1.5530566,3
33.67064,0.8425062,49.32831920409623,8.56728318917456,0,1,6404.562,0.31157145,3,1,false,false,15.390014,5.2265124,9.199519,-1.5440707,3
33.74024,0.8426305,49.32831416887912,8.56728291460452,0,1,6346.814,0.27832624,3,1,false,false,15.253528,5.3977075,10.023028,-1.5357796,3
33.807346,0.8427551,49.328309133662,8.567282776899669,0,1,6299.2695,0.25551644,3,1,false,false,16.456732,5.0936284,11.3328905,-1.5282509,3
33.86472,0.8428798,49.32830409830769,8.567282776899669,0,1,6292.3125,0.24095657,3,1,false,false,18.093235,4.4964814,12.863681,-1.5212227,3
33.913513,0.8430047,49.32829897322498,8.567282776899669,0,1,6312.184,0.23294821,3,1,false,false,18.131449,4.058807,12.153577,-1.5142365,3
33.958958,0.84313,49.32829393800787,8.567282776899669,0,1,6338.597,0.22542599,3,1,false,false,17.169603,3.9550505,11.032527,-1.5071381,3
34.00615,0.8432558,49.32828881278796,8.56728291460452,0,1,6363.8857,0.21936005,3,1,false,false,16.219557,4.004359,11.087847,-1.4999588,3
34.057224,0.84338176,49.32828368770525,8.567283051469708,0,1,6382.2666,0.21766111,3,1,false,false,16.167288,4.402585,11.186822,-1.4927436,3
34.119015,0.84350795,49.328278562485345,8.567283326879412,0,1,6379.9067,0.22202912,3,1,false,false,14.400606,4.9727616,9.686794,-1.4859096,3
34.185955,0.8436343,49.32827352726823,8.567283739993968,0,1,6347.3213,0.23294824,3,1,false,false,13.654263,4.965321,8.793173,-1.4802818,3
34.250896,0.84376097,49.32826840204832,8.567284014564008,0,1,6321.6646,0.2518766,3,1,false,false,13.577357,4.6408916,9.323181,-1.4758916,3
34.310905,0.84388727,49.328263276965615,8.567284427678564,0,1,6334.2197,0.27735597,3,1,false,false,13.402167,4.340512,9.985914,-1.4722326,3
34.367455,0.8440138,49.32825806188011,8.567284977658307,0,1,6361.6772,0.3004089,3,1,false,false,13.201751,3.968623,9.706137,-1.469022,3
34.415028,0.8441406,49.32825293679741,8.567285528477715,0,1,6386.0156,0.31715286,3,1,false,false,11.7470665,3.3383808,8.659332,-1.4659098,3
34.46003,0.8442675,49.328247811577505,8.567286078457458,0,1,6447.4043,0.32103574,3,1,false,false,10.983111,3.3944,8.156902,-1.4623842,3
34.511536,0.84439456,49.3282426863576,8.567286766142054,0,1,6516.4863,0.31157142,3,1,false,false,10.436514,3.9079683,8.398646,-1.4583144,3
34.57316,0.8445218,49.328237471409295,8.56728745382665,0,1,6523.4375,0.2897315,3,1,false,false,10.357115,4.488509,8.927827,-1.4539152,3
34.643013,0.8446492,49.32823234618939,8.56728814235091,0,1,6484.1885,0.26328182,3,1,false,false,9.940506,4.824981,8.803748,-1.4492902,3
34.714355,0.8447769,49.328227131103894,8.567288830035505,0,1,6462.5103,0.24144214,3,1,false,false,9.715275,4.68885,8.572037,-1.4445873,3
34.78116,0.8449048,49.328222006021186,8.567289655424952,0,1,6471.939,0.23294823,3,1,false,false,9.865157,4.3606644,9.259809,-1.439951,3
34.844025,0.845033,49.328216790935684,8.5672904808144,0,1,6486.5273,0.23950025,3,1,false,false,11.00593,4.24907,10.904209,-1.4353569,3
34.906464,0.84516126,49.32821157585019,8.5672914439087,0,1,6492.2485,0.25915632,3,1,false,false,12.701324,4.3242116,12.677158,-1.4305497,3
34.968426,0.8452897,49.32820645063028,8.567292269298147,0,1,6491.8486,0.28924677,3,1,false,false,13.422452,4.247592,12.452137,-1.4252591,3
35.03109,0.84541845,49.32820123568198,8.567293369257635,0,1,6498.6777,0.32200587,3,1,false,false,11.423741,4.304854,9.269169,-1.419535,3
35.095688,0.8455473,49.32819602059649,8.567294332351935,0,1,6511.1235,0.35306716,3,1,false,false,9.57089,4.3877363,7.5300927,-1.4139657,3
35.162575,0.8456765,49.328190805510985,8.567295433151086,0,1,6511.867,0.38218695,3,1,false,false,10.210069,4.529481,8.037497,-1.4090419,3
35.231205,0.8458058,49.32818559042549,8.567296533950238,0,1,6495.319,0.4149474,3,1,false,false,12.081613,4.640532,10.66993,-1.4047266,3
35.296867,0.8459353,49.3281802854744,8.567297771614577,0,1,6474.913,0.44600868,3,1,false,false,13.461442,4.164761,11.37399,-1.4006777,3
35.348827,0.84606504,49.3281750703889,8.56729901011858,0,1,6488.343,0.46930507,3,1,false,false,12.586379,3.2102861,9.4972925,-1.3963363,3
35.389675,0.8461949,49.3281698553034,8.567300247782919,0,1,6568.902,0.48386586,3,1,false,false,11.367272,2.7197378,8.71213,-1.3912102,3
35.431683,0.8463249,49.328164640217906,8.567301486286922,0,1,6664.9316,0.4872626,3,1,false,false,11.270723,3.1553094,9.014083,-1.3851706,3
35.488434,0.8464551,49.328159425132405,8.567302861656113,0,1,6692.435,0.48071057,3,1,false,false,11.140916,4.299817,8.993423,-1.3784184,3
35.55734,0.8465854,49.32815412018132,8.56730437556982,0,1,6640.926,0.4654221,3,1,false,false,11.065023,4.692474,8.705432,-1.3714223,3
35.627632,0.8467159,49.32814890509582,8.567305750939012,0,1,6595.4146,0.4455241,3,1,false,false,11.104779,4.5593524,8.757128,-1.3644332,3
35.691322,0.84684676,49.32814369001032,8.567307264013056,0,1,6606.537,0.42077133,3,1,false,false,11.394509,4.095248,9.183174,-1.3575103,3
35.74761,0.8469778,49.32813838505923,8.567308777926764,0,1,6636.89,0.39383513,3,1,false,false,12.336943,3.7474961,10.766069,-1.3507291,3
35.801067,0.84710896,49.32813316997373,8.567310428705659,0,1,6651.064,0.36253083,3,1,false,false,12.321124,3.7804482,10.362542,-1.3439947,3
35.856754,0.8472403,49.328127865022644,8.567312079484553,0,1,6659.186,0.3307415,3,1,false,false,11.773612,3.911448,9.24116,-1.3372515,3
35.913506,0.8473719,49.32812264993714,8.567313730263448,0,1,6674.1616,0.3018652,3,1,false,false,10.948361,3.887867,8.337461,-1.3305854,3
35.970364,0.8475036,49.328117344986055,8.567315518747195,0,1,6689.8457,0.2749294,3,1,false,false,9.790598,3.966742,7.812185,-1.3242146,3
36.031933,0.84763557,49.32811203989777,8.567317307230942,0,1,6696.7095,0.2591563,3,1,false,false,8.63511,4.2266645,6.5116386,-1.3185138,3
36.095135,0.8477678,49.328106824949465,8.567319095714689,0,1,6694.337,0.25430313,3,1,false,false,7.538847,4.12147,5.627591,-1.313805,3
36.153973,0.84790015,49.32810151986118,8.567321021063625,0,1,6699.771,0.26595092,3,1,false,false,9.58619,3.5762448,7.3934016,-1.3100462,3
36.199886,0.84803265,49.32809621491009,8.567322947252224,0,1,6456.8833,0.28536436,3,1,false,false,12.103233,2.9314964,10.552111,-1.3062545,3
36.20748,0.84816533,49.32809099982459,8.567324873440823,0,1,6332.0776,0.30332103,0,1,false,false,11.414983,-0.19900522,8.352066,-1.301701,3
36.198483,0.848298,49.3280856948735,8.567326799629422,0,1,5896.898,0.30162215,4,1,false,false,11.105652,1.1747109,9.841991,-1.2965035,3
36.238243,0.8484307,49.32808047978801,8.567328862683208,0,1,5275.333,0.2783263,4,1,false,false,10.930415,4.7796483,8.878816,-1.2898955,3
36.329483,0.8485637,49.32807517483691,8.567330926576659,0,1,5549.2734,0.22736791,4,1,false,false,10.7921,5.1719313,8.297097,-1.2821178,3
36.38536,0.8486969,49.32806986988582,8.567332989630446,0,1,5543.3955,0.16379058,4,1,false,false,11.667381,4.3840694,10.129333,-1.2753346,3
36.464466,0.8488304,49.32806465480033,8.567335191228748,0,1,5298.838,0.09342056,4,1,false,false,12.447148,5.5443134,12.019145,-1.2698698,3
36.535614,0.84896415,49.328059349712035,8.567337391987389,0,1,5296.7495,0.027904592,4,1,false,false,12.283139,3.8929224,11.151273,-1.2650241,3
36.578213,0.84909815,49.32805404476095,8.567339731290543,0,1,5408.9604,-0.032757737,4,1,false,false,11.023303,2.8476045,11.246762,-1.2613966,3
36.623806,0.84923244,49.32804882967545,8.567341932049182,0,1,5425.2944,-0.07910369,4,1,false,false,9.434024,3.6032531,11.912013,-1.2588433,3
36.685318,0.84936684,49.32804352472436,8.567344270512672,0,1,5398.8237,-0.1026403,4,1,false,false,8.277327,4.274288,10.609326,-1.2568543,3
36.74943,0.8495015,49.32803830963886,8.567346746681014,0,1,5390.2285,-0.10943486,4,1,false,false,7.559295,3.9852617,10.080153,-1.2556059,3
36.803707,0.8496364,49.328033004687775,8.56734908598417,0,1,5401.964,-0.10191212,4,1,false,false,5.882133,3.4369497,9.849189,-1.2551435,3
36.862804,0.84977156,49.32802769973668,8.56735156173268,0,1,5435.535,-0.08322866,4,1,false,false,6.647459,3.9243186,11.195472,-1.2551582,3
36.924404,0.84990704,49.32802239478559,8.567354038320856,0,1,5429.6567,-0.062845856,4,1,false,false,6.179705,3.9385698,10.942394,-1.255502,3
36.984707,0.85004276,49.328017089697305,8.567356514489198,0,1,5409.953,-0.04416149,4,1,false,false,5.048279,3.728056,9.836515,-1.2560948,3
37.041775,0.8501787,49.3280118746118,8.567359128362392,0,1,5436.5654,-0.027904596,4,1,false,false,4.8468604,3.4861414,11.589706,-1.2567513,3
37.104046,0.85031486,49.328006569660715,8.567361604530735,0,1,5467.3545,-0.019169517,4,1,false,false,4.442149,4.085846,11.696502,-1.2572938,3
37.16678,0.85045147,49.32800126470963,8.567364218403931,0,1,5439.709,-0.018199261,4,1,false,false,3.7897036,3.887465,10.350148,-1.2578561,3
37.227757,0.8505883,49.327995869755746,8.567366832277125,0,1,5427.398,-0.019896735,4,1,false,false,2.711529,3.561492,12.014844,-1.2584022,3
37.286385,0.8507255,49.32799056480466,8.56736944615032,0,1,5467.5654,-0.021839114,4,1,false,false,2.3265398,3.8492615,11.172048,-1.2588866,3
37.34559,0.85086286,49.32798525985356,8.567372060023514,0,1,5479.5854,-0.02232424,4,1,false,false,2.0162103,3.579654,9.296585,-1.2593813,3
37.402653,0.85100037,49.327979954902474,8.567374673896708,0,1,5464.7817,-0.014559415,4,1,false,false,1.1235878,3.424265,9.95973,-1.2599043,3
37.459747,0.85113823,49.32797455994859,8.567377287769903,0,1,5496.085,-0.00072815875,4,1,false,false,1.0312321,3.643163,10.543221,-1.260445,3
37.519527,0.8512762,49.327969254997505,8.567379901643099,0,1,5521.897,0.016499916,4,1,false,false,0.99866503,3.5181289,9.643474,-1.2609736,3
37.574314,0.8514145,49.327963860043624,8.56738251509646,0,1,5508.108,0.042949136,4,1,false,false,1.0987808,3.2453938,10.738965,-1.2614378,3
37.630234,0.8515529,49.327958555092536,8.567385266674506,0,1,5539.594,0.07231006,4,1,false,false,1.362581,3.6736536,11.611108,-1.2617083,3
37.68968,0.85169154,49.327953160138655,8.567387880547702,0,1,5575.977,0.099486955,4,1,false,false,1.6621053,3.853484,9.48302,-1.2616946,3
37.74673,0.8518302,49.32794776532197,8.567390632125749,0,1,5555.3643,0.12787762,4,1,false,false,1.9732715,3.4101205,9.510282,-1.2613708,3
37.807274,0.851969,49.327942460233686,8.567393245998943,0,1,5563.41,0.15287144,4,1,false,false,2.097344,3.985139,9.786795,-1.260673,3
37.870167,0.85210806,49.327937065417004,8.567395997157158,0,1,5585.979,0.1717984,4,1,false,false,2.0063615,3.9389784,9.22862,-1.2596513,3
37.92839,0.85224736,49.32793167046312,8.567398748735204,0,1,5562.1143,0.18465944,4,1,false,false,2.3747218,3.1992657,9.581378,-1.2583903,3
37.98473,0.8523868,49.32792627564644,8.567401362608399,0,1,5575.8403,0.19727789,4,1,false,false,3.1729202,3.564149,10.677376,-1.2567921,3
38.0433,0.85252625,49.32792079082697,8.567404113766614,0,1,5619.233,0.20965376,4,1,false,false,3.235072,3.7137563,9.9975,-1.2548174,3
38.097748,0.85266596,49.32791539587309,8.56740686534466,0,1,5608.789,0.22591159,4,1,false,false,3.3672328,3.4731653,8.689659,-1.2525998,3
38.151737,0.85280585,49.32791000105641,8.567409754207727,0,1,5618.9688,0.24629527,4,1,false,false,3.6914077,3.5533516,10.079546,-1.2501249,3
38.211937,0.8529459,49.32790460610253,8.567412505785773,0,1,5659.227,0.27444384,4,1,false,false,4.383226,3.8235455,9.8066435,-1.2473376,3
38.268494,0.8530861,49.32789912128305,8.567415256943988,0,1,5642.803,0.3074456,4,1,false,false,5.037474,3.4963782,9.718859,-1.2443229,3
38.3235,0.8532264,49.32789372632917,8.567418146226887,0,1,5639.4663,0.34336,4,1,false,false,5.4465537,3.2948003,9.247102,-1.2409682,3
38.376484,0.853367,49.32788833151249,8.567421035089952,0,1,5689.329,0.3785471,4,1,false,false,6.545054,3.4808693,9.276395,-1.2371687,3
38.431915,0.85350764,49.32788284669302,8.567423923953019,0,1,5704.287,0.41373315,4,1,false,false,6.9668922,3.3818243,8.621639,-1.232915,3
38.487698,0.85364854,49.32787745173914,8.567426812816086,0,1,5683.577,0.45183292,4,1,false,false,7.619068,3.5693402,9.250565,-1.2282659,3
38.544327,0.85378957,49.327871966919666,8.567429839384005,0,1,5696.724,0.4826526,4,1,false,false,8.812229,3.4151552,9.164165,-1.2231331,3
38.596336,0.8539307,49.327866572102984,8.567432728666903,0,1,5714.456,0.5161413,4,1,false,false,9.434871,3.367092,9.459142,-1.2175163,3
38.64801,0.8540721,49.327861087283516,8.56743575523482,0,1,5712.5845,0.54210687,4,1,false,false,9.777017,3.2885675,8.656336,-1.2114568,3
38.69863,0.85421365,49.327855692329635,8.56743891908776,0,1,5720.551,0.56249154,4,1,false,false,10.514819,3.3019123,9.731576,-1.204935,3
38.7504,0.8543554,49.32785020751016,8.567441945655677,0,1,5737.0264,0.5809347,4,1,false,false,11.9758215,3.3551097,10.297276,-1.1979153,3
38.79883,0.85449725,49.32784481269348,8.567445109928448,0,1,5727.9067,0.5945242,4,1,false,false,12.327694,3.2057185,10.337255,-1.1904447,3
38.845245,0.85463923,49.32783932787401,8.567448411486238,0,1,5730.3945,0.6035033,4,1,false,false,12.426471,3.0623934,9.468421,-1.1825838,3
38.88904,0.85478145,49.32783393292013,8.567451575759009,0,1,5756.5664,0.60641587,4,1,false,false,12.923305,3.0510533,9.449696,-1.1743565,3
38.933533,0.8549237,49.32782853796625,8.567454877316798,0,1,5774.606,0.6030185,4,1,false,false,13.258662,3.1853192,9.196936,-1.1658016,3
38.979736,0.85506624,49.327823143149566,8.567458316579442,0,1,5771.055,0.5959806,4,1,false,false,13.37267,3.285687,9.208254,-1.1571172,3
39.02478,0.8552089,49.327817748195685,8.567461618137232,0,1,5770.7056,0.58311856,4,1,false,false,14.144518,3.1673346,9.940293,-1.1484296,3
39.065407,0.85535175,49.327812353379,8.567465195104726,0,1,5782.1206,0.5622493,4,1,false,false,15.557769,2.9824123,10.331148,-1.1396136,3
39.10378,0.8554947,49.32780695842512,8.567468634367367,0,1,5797.3174,0.53482646,4,1,false,false,15.939514,2.9670277,10.743859,-1.1304865,3
39.141907,0.8556377,49.32780156347124,8.567472211334861,0,1,5810.1826,0.49527112,4,1,false,false,16.171389,3.005627,11.03211,-1.1210079,3
39.180122,0.855781,49.32779616865456,8.567475925587376,0,1,5822.666,0.4472219,4,1,false,false,15.463939,3.1174407,9.854278,-1.1112049,3
39.22227,0.85592437,49.32779086370347,8.567479640259721,0,1,5830.65,0.39844525,4,1,false,false,15.067045,3.3844767,9.160657,-1.1013674,3
39.267197,0.85606796,49.32778546874959,8.567483354512236,0,1,5824.468,0.34942728,4,1,false,false,13.352776,3.5226479,7.851424,-1.0920317,3
39.31444,0.85621166,49.3277801637985,8.567487206469602,0,1,5819.217,0.31278437,4,1,false,false,13.527364,3.6668382,8.571859,-1.0836517,3
39.357983,0.85635555,49.327774858710214,8.567491058426969,0,1,5818.1963,0.29167336,4,1,false,false,14.295858,3.269726,8.871068,-1.0763208,3
39.397278,0.8564997,49.32776955375912,8.567494910384335,0,1,5830.7866,0.2902171,4,1,false,false,14.614845,3.0872517,9.45618,-1.0695685,3
39.43034,0.8566439,49.32776424880803,8.567498900046552,0,1,5858.633,0.3038062,4,1,false,false,14.392018,2.6276464,9.374591,-1.0629501,3
39.46039,0.85678816,49.32775894385694,8.567502889288939,0,1,5903.285,0.3295282,4,1,false,false,14.54615,2.748476,9.291759,-1.0558649,3
39.495018,0.8569327,49.327753638905854,8.567507016656007,0,1,5937.5723,0.3596192,4,1,false,false,14.646061,3.1289625,8.857788,-1.0481294,3
39.536602,0.8570773,49.32774833381757,8.567511143603246,0,1,5931.036,0.39286476,4,1,false,false,15.506288,3.6159606,9.328095,-1.0400047,3
39.58204,0.8572221,49.327743118732066,8.567515270970315,0,1,5905.267,0.42441118,4,1,false,false,15.9860935,3.7674265,9.438833,-1.0317876,3
39.62574,0.85736716,49.32773790378377,8.567519535622406,0,1,5890.319,0.45037708,4,1,false,false,17.401403,3.622059,10.732185,-1.0237563,3
39.66326,0.85751224,49.327732598695476,8.567523937979347,0,1,5886.68,0.46712145,4,1,false,false,18.538107,3.2958195,11.211523,-1.0159571,3
39.696274,0.85765755,49.32772747361277,8.567528339916457,0,1,5893.7715,0.4712469,4,1,false,false,19.062159,3.1487248,11.361483,-1.0081906,3
39.726868,0.857803,49.327722258527274,8.567532742273398,0,1,5907.6206,0.46323857,4,1,false,false,18.974485,3.049405,10.618092,-1.00026,3
39.759945,0.8579486,49.32771704344177,8.56753728191536,0,1,5917.0474,0.44066995,4,1,false,false,17.822586,3.2621732,10.109455,-0.9921417,3
39.796173,0.85809433,49.327711918221866,8.567541821977153,0,1,5916.226,0.41033646,4,1,false,false,18.197783,3.3511045,10.593314,-0.9841578,3
39.83263,0.8582402,49.327706793139164,8.567546499323967,0,1,5909.757,0.37296534,4,1,false,false,18.061457,3.4396975,10.561506,-0.97641945,3
39.870274,0.8583862,49.32770166791926,8.567551176670781,0,1,5906.763,0.33656627,4,1,false,false,17.982048,3.3725953,10.043217,-0.96906245,3
39.908092,0.8585324,49.32769654283655,8.567555991722447,0,1,5908.816,0.30963045,4,1,false,false,16.15683,3.3909495,9.176543,-0.9620771,3
39.94704,0.8586788,49.327691507619434,8.567560806774113,0,1,5918.9277,0.29482758,4,1,false,false,15.881609,3.4258122,9.489607,-0.9555168,3
39.98757,0.8588254,49.32768638239953,8.567565759110797,0,1,5923.72,0.2970111,4,1,false,false,15.726601,3.483126,9.241781,-0.9493973,3
40.028145,0.8589721,49.32768134718241,8.567570711867315,0,1,5920.384,0.31472623,4,1,false,false,15.399545,3.4190943,9.033874,-0.943715,3
40.06701,0.85911906,49.32767631196529,8.567575664204,0,1,5928.7515,0.34675825,4,1,false,false,15.063589,3.1382592,8.816692,-0.9383116,3
40.1007,0.85926616,49.32767136661377,8.567580754245538,0,1,5953.999,0.37976038,4,1,false,false,15.915063,2.8928185,9.483646,-0.9328543,3
40.13429,0.85941344,49.32766633139666,8.567585844706906,0,1,5978.538,0.41251993,4,1,false,false,16.070469,2.9990306,9.786496,-0.9269968,3
40.16909,0.85956085,49.32766138604513,8.567590934748445,0,1,5980.6475,0.43290508,4,1,false,false,16.278246,3.0503228,9.830156,-0.9206585,3
40.204185,0.85970855,49.327656350828015,8.567596162494834,0,1,5985.842,0.43605936,4,1,false,false,16.116405,3.2088077,9.452433,-0.91373813,3
40.24569,0.8598566,49.32765140547649,8.567601527526243,0,1,5995.6064,0.41858727,4,1,false,false,15.934442,3.4916673,9.21837,-0.9064899,3
40.29063,0.86000484,49.32764655012776,8.567606892977484,0,1,5974.0356,0.38315764,4,1,false,false,15.202129,3.7479358,8.860094,-0.8994717,3
40.33689,0.8601534,49.32764160477623,8.567612258008893,0,1,5953.768,0.33680797,4,1,false,false,14.941995,3.6087773,9.039118,-0.893056,3
40.380157,0.86030203,49.3276367494275,8.567617623460134,0,1,5958.961,0.29579782,4,1,false,false,14.474039,3.3712509,8.598815,-0.8872988,3
40.420094,0.8604506,49.327631893941565,8.567623126196395,0,1,5974.719,0.2652228,4,1,false,false,13.666986,3.1112103,8.083548,-0.8821097,3
40.457985,0.86059946,49.32762703859284,8.567628766637508,0,1,5995.4604,0.25139093,4,1,false,false,12.532469,2.9561777,7.5838776,-0.8772311,3
40.496277,0.86074847,49.327622183106904,8.56763426937377,0,1,6025.5537,0.25745744,4,1,false,false,12.066792,2.9892063,7.5707846,-0.8724198,3
40.534122,0.86089766,49.32761732775817,8.567639909814883,0,1,6049.919,0.2819662,4,1,false,false,13.250748,2.891984,8.548026,-0.8675017,3
40.57106,0.86104685,49.32761256227503,8.567645687541017,0,1,6061.2793,0.32006407,4,1,false,false,14.50877,3.0012589,9.946771,-0.8621421,3
40.608536,0.86119616,49.327607706789095,8.567651327982128,0,1,6069.0454,0.35840583,4,1,false,false,15.185569,3.1088326,9.739033,-0.8560737,3
40.648846,0.8613455,49.327602941305955,8.567657106128094,0,1,6074.7695,0.3933495,4,1,false,false,15.699249,3.3205388,9.941219,-0.8492567,3
40.692085,0.86149514,49.327598175822814,8.56766302155908,0,1,6064.9946,0.4161608,4,1,false,false,16.952095,3.5992224,10.638382,-0.84190553,3
40.73751,0.861645,49.32759350020526,8.567668936990064,0,1,6039.555,0.42465422,4,1,false,false,17.424871,3.711593,10.598788,-0.8343734,3
40.78157,0.8617947,49.32758873472212,8.56767485242105,0,1,6015.768,0.4219845,4,1,false,false,17.767624,3.5024824,10.839169,-0.8270535,3
40.82037,0.8619446,49.32758405924177,8.567680905556886,0,1,6013.3667,0.4096087,4,1,false,false,18.116611,3.2000797,11.206425,-0.82004106,3
40.85586,0.86209476,49.32757938362422,8.567686958692722,0,1,6027.0386,0.38946658,4,1,false,false,18.727533,3.096505,11.973048,-0.8132146,3
40.889366,0.862245,49.327574798009465,8.56769301182856,0,1,6034.066,0.3603468,4,1,false,false,19.043444,2.9582293,11.950226,-0.8064488,3
40.92333,0.86239535,49.327570212257505,8.567699202669248,0,1,6041.539,0.3266161,4,1,false,false,18.138407,3.008717,11.346051,-0.7995123,3
40.958473,0.8625457,49.327565626642745,8.567705530794957,0,1,6057.0645,0.29215807,4,1,false,false,18.125751,3.1066895,12.0785,-0.7924277,3
40.996437,0.8626963,49.327561040890785,8.567711858920665,0,1,6063.243,0.2630387,4,1,false,false,18.201584,3.3269472,12.08117,-0.7853006,3
41.038376,0.8628471,49.32755654514162,8.567718187466205,0,1,6052.0864,0.24338314,4,1,false,false,17.852463,3.529601,11.760983,-0.7783309,3
41.08008,0.862998,49.32755204939245,8.567724653296766,0,1,6039.2275,0.23610345,4,1,false,false,18.161095,3.4246833,12.732752,-0.77164406,3
41.12175,0.863149,49.327547553643285,8.567731119127327,0,1,6041.306,0.24022885,4,1,false,false,17.091484,3.392685,11.62969,-0.7652419,3
41.164867,0.8633002,49.327543147896904,8.567737722242908,0,1,6045.168,0.25236124,4,1,false,false,15.927312,3.358863,10.230823,-0.7595964,3
41.201435,0.8634516,49.32753874201333,8.567744325778321,0,1,6048.1465,0.27298748,4,1,false,false,20.055664,2.8206992,13.925124,-0.7546737,3
41.23888,0.8636031,49.32753433626696,8.567750929313734,0,1,6057.195,0.30234987,4,1,false,false,16.492294,3.3302526,12.404884,-0.7494555,3
41.28186,0.86375487,49.32753002024897,8.567757670134165,0,1,6060.7554,0.32637444,4,1,false,false,16.708605,3.145962,10.476955,-0.7443445,3
41.315838,0.86390674,49.32752561450259,8.567764410954599,0,1,6068.489,0.34433162,4,1,false,false,20.217295,2.4725068,13.065587,-0.73913246,3
41.361668,0.86405885,49.3275213884874,8.56777115177503,0,1,6081.7295,0.35816324,4,1,false,false,15.313313,3.9588895,10.592895,-0.7335661,3
41.407806,0.86421114,49.32751707246942,8.567778030300316,0,1,6049.9136,0.3620457,4,1,false,false,13.8863325,3.0436497,9.729021,-0.7288237,3
41.448963,0.8643637,49.327512846454226,8.567785046530451,0,1,6061.163,0.36762652,4,1,false,false,13.687779,3.2529347,9.353628,-0.7245938,3
41.489414,0.8645164,49.32750853057344,8.567791925055737,0,1,6109.2686,0.373936,4,1,false,false,12.544381,2.76943,8.281556,-0.720622,3
41.525322,0.8646693,49.32750439456104,8.567798941285872,0,1,6121.277,0.38582677,4,1,false,false,11.51651,2.4395297,8.172592,-0.71666235,3
41.56503,0.86482245,49.32750016854584,8.567805957516008,0,1,6142.667,0.40038717,4,1,false,false,11.947235,2.1991706,8.228079,-0.7124033,3
41.59432,0.86497587,49.327495942530646,8.567813111031164,0,1,6185.7134,0.41737407,4,1,false,false,10.867456,2.1351986,8.007927,-0.70769393,3
41.61456,0.8651294,49.32749180638105,8.567820127261301,0,1,6262.378,0.4331472,4,1,false,false,10.510393,1.1659292,6.568675,-0.7020474,3
41.64153,0.8652831,49.32748767036865,8.567827280776457,0,1,6360.102,0.44552398,4,1,false,false,11.836754,3.8475811,6.520291,-0.69523907,3
41.70375,0.865437,49.32748353421904,8.567834434291614,0,1,6313.1987,0.4542596,4,1,false,false,20.158766,4.5914326,17.404562,-0.6874326,3
41.770264,0.8655912,49.327479488072235,8.567841725511622,0,1,6113.2534,0.45280364,4,1,false,false,21.11113,4.528636,19.03762,-0.6783998,3
41.81709,0.8657458,49.32747544192542,8.56784901673163,0,1,6053.1533,0.41640288,4,1,false,false,17.730228,2.5129821,19.237818,-0.66923016,3
41.84718,0.8659005,49.32747139577861,8.567856307951638,0,1,6125.3716,0.35549378,4,1,false,false,18.40627,2.6234522,14.127806,-0.66221344,3
41.876278,0.8660554,49.32746743949739,8.567863736876498,0,1,6114.5454,0.2957979,4,1,false,false,16.436342,2.7919855,14.5134,-0.6576122,3
41.904564,0.8662104,49.32746348321617,8.56787130350621,0,1,6079.63,0.24362567,4,1,false,false,13.718017,2.43825,13.360749,-0.6541007,3
41.931667,0.8663658,49.32745952693495,8.56787873201124,0,1,6138.125,0.20577133,4,1,false,false,11.367651,1.9038591,10.5397415,-0.65054905,3
41.958813,0.86652136,49.32745557065373,8.567886298640952,0,1,6236.4893,0.1863583,4,1,false,false,11.715323,2.537421,10.999372,-0.64664906,3
42.007088,0.8666771,49.32745170437531,8.56789386485083,0,1,6240.276,0.18490249,4,1,false,false,11.833443,3.775843,12.395232,-0.6423957,3
42.065792,0.8668331,49.32744783795968,8.567901431060712,0,1,6151.5776,0.20067564,4,1,false,false,9.576284,4.208446,10.73501,-0.63816416,3
42.12309,0.86698955,49.32744397168125,8.567909135395276,0,1,6119.194,0.22469874,4,1,false,false,10.112126,3.5971057,9.94189,-0.63454676,3
42.16921,0.8671464,49.327440195268416,8.567916701605155,0,1,6144.6133,0.25575945,4,1,false,false,10.446975,3.0298035,9.855773,-0.6316864,3
42.211872,0.86730343,49.327436328852784,8.567924405519888,0,1,6149.435,0.2950701,4,1,false,false,9.914156,2.9916492,10.961086,-0.62958753,3
42.25163,0.8674607,49.32743255243995,8.56793224713947,0,1,6146.0713,0.32734466,4,1,false,false,9.227078,2.5360956,9.34494,-0.6279326,3
42.286095,0.8676182,49.32742877602711,8.567939951054203,0,1,6193.251,0.35088265,4,1,false,false,10.512645,2.2458313,9.041806,-0.625977,3
42.318882,0.86777616,49.32742499961427,8.567947792673786,0,1,6244.7153,0.3654431,4,1,false,false,9.967926,2.4443104,8.987543,-0.6231435,3
42.358356,0.86793435,49.32742122320144,8.567955633873538,0,1,6256.494,0.36811218,4,1,false,false,7.787222,2.861448,7.9947104,-0.6194474,3
42.403168,0.8680927,49.327417536654195,8.567963475493123,0,1,6262.089,0.36083245,4,1,false,false,7.827256,2.98622,7.616376,-0.6152975,3
42.44817,0.86825126,49.327413760241356,8.567971317112706,0,1,6275.1494,0.35379484,4,1,false,false,10.222387,3.247765,12.3476,-0.6107313,3
42.493103,0.86841047,49.32741007369411,8.567979296017311,0,1,6273.172,0.35258156,4,1,false,false,12.851625,3.0763247,14.887575,-0.60545075,3
42.53301,0.8685698,49.327406387146866,8.567987275341746,0,1,6268.992,0.3535523,4,1,false,false,15.712837,2.5950358,20.208727,-0.5989497,3
42.565666,0.86872935,49.32740270073682,8.56799525424635,0,1,6280.3257,0.35185388,4,1,false,false,17.259249,2.2711658,18.873907,-0.59091806,3
42.602467,0.868889,49.32739910419237,8.568003233570787,0,1,6290.269,0.3467582,4,1,false,false,16.99707,2.993869,20.636219,-0.58160216,3
42.64493,0.8690485,49.32739550737352,8.568011350180242,0,1,6235.3076,0.33947757,4,1,false,false,14.993052,3.4056034,16.226593,-0.57250917,3
42.689957,0.869208,49.32739200083185,8.568019466789698,0,1,6174.4756,0.32977116,4,1,false,false,14.0573435,3.348757,12.77932,-0.5657506,3
42.735554,0.8693678,49.327388494015786,8.568027583399154,0,1,6167.2544,0.3215204,4,1,false,false,9.709956,3.3354392,8.20578,-0.56222224,3
42.774338,0.8695277,49.327384987474126,8.568035837713461,0,0.9536375,6178.565,0.322249,4,1,false,false,7.226559,2.4194977,6.0788684,-0.56176215,3
42.80586,0.8696871,49.32738148065806,8.568044092027769,0,0.76473486,6201.2266,0.3409334,4,1,false,false,7.256536,2.0302649,7.138756,-0.5625906,3
42.822025,0.8698463,49.3273779741164,8.568052345922245,0,0.5521577,6222.598,0.36762652,4,1,false,false,8.003715,0.767736,7.232213,-0.5628639,3
42.80882,0.8700055,49.32737446730034,8.568060600236553,0,0.30752155,6249.522,0.3897097,4,1,false,false,9.104071,-1.0580211,7.1088333,-0.5617875,3
42.78704,0.87016463,49.327371050487066,8.56806885455086,0,0.17829844,6298.556,0.40354142,4,1,false,false,7.8669257,-0.8609764,5.5578294,-0.55862516,3
42.772972,0.8703236,49.32736763394819,8.568077108865168,0,0.12281136,6282.5703,0.40378436,4,1,false,false,5.2690654,-0.6155116,3.180385,-0.5537773,3
42.762722,0.8704824,49.32736421713492,8.568085363179476,0,0.09963009,6239.7266,0.38704008,4,1,false,false,7.9546304,0.78995335,7.1783514,-0.54794544,3
42.7661,0.8706412,49.32736080032166,8.568093754778802,0,0.1020962,6195.401,0.3639866,4,1,false,false,10.430519,-0.4220584,10.020963,-0.54166543,3
42.74182,0.87079996,49.32735747351117,8.56810200909311,0,0.13563502,6161.4077,0.32224903,4,1,false,false,11.945553,-1.2066185,11.744228,-0.5356305,3
42.713623,0.8709585,49.3273540566979,8.568110400692438,0,0.17163992,6151.142,0.2780837,4,1,false,false,12.876049,-1.2269589,12.819486,-0.52987057,3
42.684155,0.8711168,49.32735072988742,8.568118792711598,0,0.19901359,6167.057,0.2251834,4,1,false,false,13.72648,-1.3446765,13.002346,-0.5241519,3
42.656704,0.87127495,49.32734749280534,8.568127184310926,0,0.19950682,6176.323,0.18271895,4,1,false,false,11.860129,-0.9876944,12.579377,-0.5188328,3
42.63914,0.871433,49.327344255997644,8.568135576330086,0,0.21430328,6128.0557,0.14801882,4,1,false,false,11.455767,-0.36356333,12.42578,-0.5142603,3
42.62293,0.871591,49.327341018915554,8.568143967929412,0,0.2293465,6118.017,0.12933347,4,1,false,false,10.541261,-0.63405657,11.522272,-0.51044244,3
42.60499,0.8717486,49.32733778210787,8.568152497233593,0,0.25006163,6142.0664,0.12617972,4,1,false,false,8.9392185,-0.64199567,9.363454,-0.50738764,3
42.589527,0.87190616,49.32733454502578,8.568160889252752,0,0.29765725,6159.751,0.13612801,4,1,false,false,8.608878,-0.3623299,9.108944,-0.5049385,3
42.580956,0.8720637,49.327331398220885,8.568169418556932,0,0.32379782,6156.4927,0.15578364,4,1,false,false,8.264893,0.043883234,9.511694,-0.50280225,3
42.577236,0.8722212,49.32732825114159,8.568177810576092,0,0.3647349,6154.304,0.1761669,4,1,false,false,8.2211485,0.21628535,9.434678,-0.50077343,3
42.575672,0.87237835,49.32732510406229,8.56818633988027,0,0.37558568,6160.096,0.18854235,4,1,false,false,8.457101,0.3109427,9.940034,-0.49864236,3
42.576027,0.8725355,49.32732195698299,8.56819486918445,0,0.38421702,6165.963,0.1904838,4,1,false,false,8.040836,0.4404853,9.2079115,-0.49619448,3
42.578438,0.87269264,49.32731889990649,8.56820339848863,0,0.41528982,6176.1494,0.17519571,4,1,false,false,7.1838017,0.5315637,8.356231,-0.49350196,3
42.583817,0.8728498,49.32731584282998,8.56821192779281,0,0.49001235,6199.6724,0.14850345,4,1,false,false,6.5104895,0.777468,8.078358,-0.49080983,3
42.59692,0.8730068,49.32731278575347,8.56822045709699,0,0.5972874,6231.571,0.115016624,4,1,false,false,6.240952,1.352191,8.079444,-0.48833072,3
42.620403,0.8731637,49.327309728676966,8.56822912410602,0,0.74401987,6255.9893,0.08468545,4,1,false,false,5.5335155,1.9608338,7.9695945,-0.48617354,3
42.65415,0.87332076,49.32730667160046,8.5682376534102,0,0.8799012,6271.596,0.058720876,4,1,false,false,4.727954,2.5113976,7.0349274,-0.48434496,3
42.69456,0.873478,49.32730361424956,8.568246320419231,0,0.9859434,6288.5176,0.03736785,4,1,false,false,4.251265,2.785324,6.9164553,-0.48274672,3
42.737522,0.8736352,49.327300557173054,8.568254849723411,0,0.9999999,6310.95,0.023537524,4,1,false,false,3.7373402,2.8359616,6.66926,-0.48129895,3
42.782146,0.8737924,49.32729750009654,8.568263516732443,0,1,6335.885,0.012132842,4,1,false,false,3.578859,2.8491695,6.32736,-0.47999093,3
42.825985,0.8739497,49.32729453302283,8.568272183741474,0,1,6355.094,0.0033968212,4,1,false,false,3.3982413,2.8632717,7.2857847,-0.47877708,3
42.872395,0.8741072,49.327291475946325,8.568280850750506,0,1,6375.7656,-0.007279706,4,1,false,false,3.407987,3.083224,7.533245,-0.47760245,3
42.923355,0.8742648,49.32728850859821,8.568289517759537,0,0.9908755,6384.252,-0.024992904,4,1,false,false,3.2568462,3.3151984,7.248344,-0.47647548,3
42.976284,0.87442225,49.3272854515217,8.568298184768569,0,0.97805166,6375.5312,-0.05265542,4,1,false,false,3.0618687,3.5521145,7.8970933,-0.4754706,3
43.0356,0.87458,49.32728248444799,8.56830698906262,0,0.95437753,6362.162,-0.09172072,4,1,false,false,2.8883307,3.6804063,8.731205,-0.47467586,3
43.093067,0.874738,49.32727942709708,8.568315656071652,0,0.9462392,6337.0566,-0.13103002,4,1,false,false,2.4016066,3.5511222,9.575952,-0.4742641,3
43.146656,0.87489605,49.32727646002337,8.568324460365703,0,0.9506781,6329.3335,-0.17616175,4,1,false,false,1.5086834,3.2279217,9.561811,-0.47433382,3
43.19729,0.875054,49.327273402946865,8.568333265079586,0,0.94993824,6344.4194,-0.21765266,4,1,false,false,0.6061219,3.1261368,9.405068,-0.4749727,3
43.247093,0.87521213,49.32727043559875,8.568341932088618,0,0.9760788,6354.4414,-0.25793126,4,1,false,false,-0.106337264,3.158492,8.814787,-0.47624543,3
43.298733,0.87537044,49.327267378522244,8.56835073638267,0,0.98643655,6351.5117,-0.28777462,4,1,false,false,-0.9244213,3.1959393,9.18505,-0.4781719,3
43.35014,0.8755289,49.327264411448525,8.568359541096553,0,0.9913689,6349.551,-0.3076712,4,1,false,false,-1.7124908,3.1352086,9.299098,-0.48073754,3
43.399635,0.87568724,49.32726135437202,8.568368345390605,0,0.99087554,6358.2554,-0.31592208,4,1,false,false,-2.2782037,2.9748244,8.65374,-0.48387933,3
43.445515,0.8758457,49.327258297295515,8.568377150104487,0,0.9871762,6374.5557,-0.31640637,4,1,false,false,-2.7214992,2.795948,8.157167,-0.4874814,3
43.49116,0.87600434,49.327255329947405,8.56838595439854,0,0.982244,6396.146,-0.3103408,4,1,false,false,-3.361093,2.8328047,8.0211735,-0.49143448,3
43.538094,0.8761631,49.32725227287089,8.568394759112422,0,0.97262645,6409.5923,-0.3018488,4,1,false,false,-3.795689,2.9146466,8.081863,-0.495645,3
43.584667,0.8763218,49.32724921579439,8.568403563406473,0,0.9487054,6414.594,-0.29262862,4,1,false,false,-4.1343126,2.8693686,7.7204404,-0.50002503,3
43.630836,0.87648046,49.32724606871509,8.56841250582521,0,0.9274969,6428.396,-0.285834,4,1,false,false,-4.783848,2.864907,7.997381,-0.5045384,3
43.676315,0.8766393,49.327243011638586,8.56842131011926,0,0.89223194,6441.7,-0.28146595,4,1,false,false,-5.675227,2.7937987,8.71228,-0.5091736,3
43.721287,0.87679833,49.32723986455929,8.568430114833145,0,0.855487,6444.4414,-0.27952552,4,1,false,false,-6.2093034,2.8368933,9.080473,-0.5139699,3
43.765984,0.87695724,49.327236807482784,8.568438919127196,0,0.8165228,6443.498,-0.2795255,4,1,false,false,-7.094848,2.8045337,9.40549,-0.51894444,3
43.80942,0.87711614,49.327233660403486,8.568447723841079,0,0.77509236,6440.8125,-0.28316543,4,1,false,false,-7.6097484,2.748621,8.767081,-0.52408946,3
43.85204,0.87727517,49.3272304235958,8.56845652813513,0,0.7348951,6432.698,-0.28995904,4,1,false,false,-7.8778286,2.728635,8.500017,-0.5292785,3
43.891808,0.8774343,49.3272272765165,8.568465332849014,0,0.6818744,6413.081,-0.30160582,4,1,false,false,-7.7941523,2.5111551,8.185951,-0.5342645,3
43.926365,0.87759334,49.32722403970881,8.568474137143065,0,0.60468566,6390.2417,-0.32053125,4,1,false,false,-9.036042,2.087337,8.940227,-0.53891003,3
43.951378,0.8777523,49.32722080262673,8.56848294185695,0,0.48286074,6362.156,-0.34770674,4,1,false,false,-9.667304,1.4617566,8.667228,-0.5434305,3
43.964165,0.87791127,49.32721756581903,8.56849160886598,0,0.35191128,6333.726,-0.3785213,4,1,false,false,-10.385627,0.6734318,8.919283,-0.5480691,3
43.962826,0.8780702,49.32721432873695,8.568500413160033,0.0020254974,0.23378548,6315.953,-0.4039974,4,1,false,false,-10.224574,-0.13762277,8.431313,-0.553063,3
43.94886,0.87822896,49.327211001926464,8.568509080169063,0,0.14845866,6304.7847,-0.42898843,4,1,false,false,-11.144947,-0.82300556,8.554739,-0.5584622,3
43.926807,0.8783873,49.327207675115986,8.568517884463114,0,0.13514179,6283.024,-0.44548652,4,1,false,false,-12.062697,-1.0978955,9.152857,-0.5642651,3
43.902054,0.8785454,49.32720434830551,8.568526551472146,0,0.13859434,6257.9175,-0.4556778,4,1,false,false,-12.532753,-1.1705028,9.476392,-0.570489,3
43.87629,0.8787035,49.327200931492236,8.568535080776325,0,0.15585694,6241.7026,-0.45591998,4,1,false,false,-12.879889,-1.1973895,9.641699,-0.5770245,3
43.849384,0.8788614,49.32719760468176,8.568543747785357,0,0.17459926,6238.228,-0.44403204,4,1,false,false,-13.243852,-1.2106591,9.309206,-0.5837837,3
43.82192,0.8790189,49.327194187868486,8.568552277089537,0,0.20986441,6254.0225,-0.42437822,4,1,false,false,-13.622953,-1.2231272,9.607794,-0.59066325,3
43.79454,0.8791762,49.32719068105242,8.568560806813549,0,0.2569667,6299.2837,-0.39186546,4,1,false,false,-13.013342,-1.1807123,9.046525,-0.5975391,3
43.767223,0.8793334,49.32718717451076,8.568569336117728,0,0.32009858,6382.957,-0.3581403,4,1,false,false,-13.348545,-1.1831851,9.4656515,-0.6042413,3
43.739155,0.87949044,49.32718375769749,8.568577865421908,0,0.40665853,6517.7646,-0.32247177,4,1,false,false,-14.508865,-1.1819069,11.034571,-0.6108472,3
43.728786,0.8796483,49.32718016115304,8.568586257021234,0,0.51072747,6432.656,-0.29214248,4,1,false,false,-14.825655,0.9717432,11.530759,-0.61762,3
43.747845,0.87980646,49.327176654336974,8.568594649040394,0,0.6204685,6352.9854,-0.26763663,4,1,false,false,-13.916449,1.8577504,10.147949,-0.6246386,3
43.765896,0.87996465,49.32717305779252,8.568603040639722,0,0.70949435,6430.3447,-0.25235,4,1,false,false,-13.98658,1.5782889,9.866706,-0.63169825,3
43.78633,0.8801229,49.327169371245276,8.568611432658882,0,0.7745992,6471.6997,-0.2487111,4,1,false,false,-14.860446,2.1927922,11.092418,-0.638411,3
43.820015,0.8802813,49.327165774700816,8.56861982425821,0,0.804439,6425.7915,-0.26132816,4,1,false,false,-15.135226,2.918996,11.033404,-0.6445094,3
43.857487,0.8804399,49.327161998150785,8.568628078572518,0,0.8123304,6400.9224,-0.28510678,4,1,false,false,-15.286453,2.8136852,10.7663145,-0.65006864,3
43.889305,0.8805985,49.32715831187794,8.568636332886825,0,0.8226881,6427.1987,-0.31543615,4,1,false,false,-15.426958,2.42511,10.07568,-0.65528655,3
43.91909,0.8807573,49.3271545353279,8.568644587201133,0,0.8231812,6445.6484,-0.35037544,4,1,false,false,-15.027664,2.474283,10.006133,-0.66026807,3
43.950867,0.8809162,49.32715075877786,8.56865284151544,0,0.8189888,6440.1343,-0.38337344,4,1,false,false,-14.947493,2.5588012,9.676065,-0.6650873,3
43.983173,0.8810752,49.327146892499435,8.568661095409917,0,0.82441413,6443.22,-0.4112761,4,1,false,false,-14.647574,2.4454875,9.45378,-0.6698666,3
44.012466,0.8812344,49.32714302622101,8.568669212019373,0,0.8184956,6458.182,-0.4299597,4,1,false,false,-15.800628,2.2883837,11.112061,-0.6747178,3
44.041203,0.8813937,49.32713915994258,8.56867732904866,0,0.8197288,6473.6646,-0.43602502,4,1,false,false,-15.047934,2.3426452,10.091624,-0.6799756,3
44.07237,0.88155305,49.32713520366136,8.568685445658115,0,0.82219493,6482.887,-0.42826027,4,1,false,false,-14.159703,2.4471426,8.961479,-0.6855871,3
44.10602,0.8817126,49.327131247380144,8.56869356226757,0,0.8184955,6486.191,-0.4073941,4,1,false,false,-13.261003,2.659323,8.77207,-0.6913582,3
44.14284,0.8818723,49.32712720109613,8.568701541172175,0,0.8256475,6486.017,-0.37754998,4,1,false,false,-13.359098,2.7054803,8.93018,-0.6969707,3
44.178143,0.88203204,49.32712315508652,8.568709657781632,0,0.85080147,6481.61,-0.34164044,4,1,false,false,-14.0939455,2.6043003,10.000591,-0.7022758,3
44.21098,0.882192,49.327119108802506,8.568717637106067,0,0.8848337,6491.812,-0.30572975,4,1,false,false,-13.796557,2.4482546,10.070258,-0.7075728,3
44.243298,0.8823522,49.3271150625185,8.56872561601067,0,0.92626405,6516.8003,-0.2768569,4,1,false,false,-13.481316,2.4598694,10.074533,-0.71305794,3
44.277565,0.88251233,49.327110926506094,8.568733595335107,0,0.96522814,6534.675,-0.24992336,4,1,false,false,-13.258827,2.6834738,9.909588,-0.71875536,3
44.31754,0.88267267,49.327106790493694,8.568741436534859,0,0.99876714,6536.7217,-0.22978556,4,1,false,false,-13.361519,3.0471766,10.234774,-0.7245261,3
44.360382,0.88283324,49.3271025644785,8.568749415859294,0,1.0000001,6524.989,-0.2166824,4,1,false,false,-13.386862,3.115409,10.264336,-0.7301055,3
44.40336,0.88299394,49.32709833846331,8.568757257478879,0,1,6518.873,-0.21352771,4,1,false,false,-12.916744,3.0771875,9.681116,-0.7353324,3
44.444824,0.88315487,49.327094112448115,8.56876509867863,0,1,6523.6353,-0.2183809,4,1,false,false,-13.122586,2.9561763,10.005387,-0.74005467,3
44.485264,0.88331586,49.32708979643013,8.568772940298214,0,1,6529.892,-0.23075576,4,1,false,false,-13.178621,2.9361062,9.753051,-0.74434257,3
44.52557,0.88347703,49.32708557041494,8.568780781917798,0,1,6533.317,-0.24895315,4,1,false,false,-12.964227,2.9054205,9.641854,-0.74831474,3
44.565407,0.88363844,49.32708116466856,8.56878848583253,0,1,6539.432,-0.27006233,4,1,false,false,-12.278668,2.8304074,8.718439,-0.75208735,3
44.605465,0.88379997,49.32707684865058,8.568796189747262,0,1,6552.2593,-0.29384184,4,1,false,false,-11.807627,2.8108141,8.126726,-0.755728,3
44.645443,0.8839617,49.3270724429042,8.568804031366845,0,1,6560.616,-0.31786266,4,1,false,false,-11.495143,2.7740047,8.020601,-0.7592376,3
44.685028,0.8841235,49.32706803715782,8.568811735281578,0,1,6567.113,-0.33945692,4,1,false,false,-11.277306,2.6934412,7.8539224,-0.762706,3
44.72306,0.8842856,49.32706363113705,8.568819301491459,0,1,6581.2886,-0.35911065,4,1,false,false,-11.540833,2.528793,8.271841,-0.7662872,3
44.758175,0.88444775,49.327059135387884,8.56882700540619,0,1,6602.345,-0.37269792,4,1,false,false,-12.335174,2.4383883,9.476905,-0.7702827,3
44.793976,0.8846101,49.32705463963871,8.568834709320923,0,1,6623.4385,-0.37657973,4,1,false,false,-12.131968,2.5691404,8.818405,-0.77498055,3
44.832657,0.88477254,49.327050143889544,8.568842275950635,0,1,6632.622,-0.3697861,4,1,false,false,-11.551916,2.7360976,7.964556,-0.78024876,3
44.874947,0.88493526,49.32704555841199,8.568849842160514,0,1,6632.6846,-0.3520739,4,1,false,false,-11.851763,3.0221596,8.875376,-0.78582174,3
44.92036,0.88509816,49.32704106266282,8.568857408790226,0,1,6621.0854,-0.33072174,4,1,false,false,-13.065775,3.1003125,10.425895,-0.79144955,3
44.963104,0.8852611,49.32703647691086,8.568864975000107,0,1,6603.27,-0.31009775,4,1,false,false,-13.925646,2.907667,10.80773,-0.79703766,3
45.002003,0.8854243,49.32703180143051,8.568872403924967,0,1,6607.8955,-0.29238558,4,1,false,false,-13.833458,2.7034883,10.277447,-0.8027132,3
45.038826,0.8855877,49.32702712567576,8.568879832849827,0,1,6627.0825,-0.28001162,4,1,false,false,-13.82235,2.6997013,10.610726,-0.80850834,3
45.077656,0.8857513,49.32702245019541,8.568887261354854,0,1,6631.0957,-0.2737021,4,1,false,false,-13.650211,2.9194992,10.263886,-0.81428516,3
45.12021,0.885915,49.32701777471506,8.568894690279715,0,1,6618.988,-0.27491626,4,1,false,false,-12.361589,3.1074133,8.911697,-0.81974703,3
45.163353,0.88607883,49.32701300923192,8.568902119204575,0,1,6613.496,-0.28243813,4,1,false,false,-12.6249895,2.916179,8.272994,-0.82454866,3
45.20138,0.8862429,49.32700824374878,8.568909410424583,0,1,6619.9214,-0.30039248,4,1,false,false,-14.19469,2.57514,9.981786,-0.8287984,3
45.23605,0.88640714,49.32700347826564,8.568916838929612,0,1,6631.51,-0.32659677,4,1,false,false,-12.695232,2.4784682,8.94039,-0.8329745,3
45.262653,0.88657147,49.326998622779705,8.5689239928646,0,1,6657.3813,-0.3506176,4,1,false,false,-12.295783,1.604851,8.456542,-0.83727884,3
45.28951,0.886736,49.32699376729377,8.568931284084607,0,0.87940824,6712.7427,-0.36687446,4,1,false,false,-13.665301,2.2460935,9.263932,-0.84212065,3
45.329124,0.8869006,49.32698891180784,8.568938575304616,0,0.6313195,6681.355,-0.37803513,4,1,false,false,-14.567913,2.9854534,10.570525,-0.8475041,3
45.36305,0.8870654,49.32698396659352,8.568945728819772,0.084117725,0.40172625,6534.686,-0.37512338,4,1,false,false,-12.194129,2.1307182,8.832591,-0.8531857,3
45.370113,0.88723034,49.32697902137919,8.568952882754761,0.12641487,0.22022189,6462.1753,-0.35716912,4,1,false,false,-11.385495,-0.2903516,7.1500773,-0.85874933,3
45.3349,0.8873952,49.32697407589046,8.568960036269917,0.16632909,0.09839706,6440.148,-0.3159221,4,1,false,false,-12.204472,-2.599611,8.036947,-0.8636023,3
45.27204,0.88755995,49.32696913067614,8.568967052500053,0.22733226,0.03033291,6361.944,-0.26545316,4,1,false,false,-13.10347,-3.8145638,9.673919,-0.8677312,3
45.191437,0.8877245,49.326964185187414,8.568974068310357,0.24842125,0.007151662,6261.8413,-0.20042555,4,1,false,false,-12.321904,-4.8108716,9.563047,-0.87165195,3
45.101837,0.8878887,49.3269591499703,8.568981084540495,0.28130588,0,6160.331,-0.1334566,4,1,false,false,-10.576834,-5.1834793,8.203182,-0.87573785,3
44.99314,0.8880526,49.326954114753185,8.56898810077063,0.3188371,0,6269.842,-0.060420245,4,1,false,false,-8.698771,-7.1640005,7.229256,-0.8799118,3
44.8594,0.88821614,49.326949169538864,8.568994979295915,0.3376623,0,6306.986,0.008007866,4,1,false,false,-8.298506,-8.009579,8.45703,-0.8838328,3
44.723087,0.8883792,49.32694413432174,8.569001857821199,0.3564875,0,6207.4604,0.053140543,4,1,false,false,-9.081524,-8.034264,10.467334,-0.88743585,3
44.582344,0.8885419,49.32693918883302,8.569008598641632,0.3846062,0,6161.8794,0.08929556,4,1,false,false,-9.0583105,-8.371321,10.846803,-0.8909252,3
44.437035,0.888704,49.32693415361591,8.569015339462064,0.4010485,0,6171.9585,0.11064957,4,1,false,false,-7.573278,-8.439747,8.549479,-0.8943337,3
44.296143,0.888866,49.32692920840158,8.569022080702329,0.42928624,0,6138.096,0.11622989,4,1,false,false,-6.7737374,-8.5192375,7.4668293,-0.8973325,3
44.141514,0.88902795,49.326924173184466,8.56902882152276,0.44334573,0,6102.6235,0.11064957,4,1,false,false,-7.6145635,-9.624151,9.076379,-0.8995445,3
43.97147,0.88918924,49.32691922769574,8.569035425058173,0.4644346,0,6109.9023,0.095847115,4,1,false,false,-8.0812025,-10.135782,9.127048,-0.90076643,3
43.801098,0.88935,49.32691428248142,8.569042028173754,0.47384724,0,6104.906,0.06794204,4,1,false,false,-7.6136465,-9.790018,9.323174,-0.9011814,3
43.638954,0.88950974,49.326909247264304,8.569048494004315,0.48325983,0,6029.3823,0.032515652,4,1,false,false,-7.6241016,-9.781986,10.045584,-0.90146846,3
43.472523,0.88966835,49.326904302049975,8.569055097539728,0.48564273,0,5940.985,-0.0055812993,4,1,false,false,-7.511843,-9.9066515,8.489177,-0.90218073,3
43.314075,0.88982636,49.326899356561256,8.569061425665437,0.4856428,0,5926.024,-0.042707045,4,1,false,false,-5.8709354,-9.326215,6.244341,-0.90318114,3
43.15132,0.88998383,49.32689441134693,8.569067891495997,0.4856428,0,5920.795,-0.075706884,4,1,false,false,-6.277723,-10.297062,7.564878,-0.9041191,3
42.959663,0.8901405,49.32688946585821,8.569074219621706,0.4762302,0,5889.269,-0.097787134,4,1,false,false,-8.574854,-12.382725,11.318597,-0.9051464,3
42.748734,0.8902957,49.32688461064667,8.569080548167246,0.4692005,0,5887.2993,-0.10797856,4,1,false,false,-11.277603,-12.377692,14.997274,-0.9068508,3
42.56618,0.89045006,49.326879665157946,8.569086738588103,0.4644346,0,5878.4434,-0.10773553,4,1,false,false,-10.061742,-9.993068,12.361143,-0.9098408,3
42.406807,0.8906039,49.326874719943625,8.569092929428791,0.46205178,0,5819.233,-0.09584573,4,1,false,false,-7.696564,-9.525935,9.438404,-0.91379964,3
42.236515,0.8907572,49.32686986445769,8.569099119849648,0.45740503,0,5818.1045,-0.079345785,4,1,false,false,-7.8330836,-11.025433,9.026567,-0.91776484,3
42.041637,0.89090925,49.32686491924337,8.569105172985486,0.45740497,0,5912.4976,-0.07497777,4,1,false,false,-8.9936905,-11.762377,11.178841,-0.92087555,3
41.857822,0.89106065,49.32686006375744,8.569111226121322,0.45740497,0,5963.2383,-0.09341913,4,1,false,false,-8.562148,-10.241234,9.923506,-0.92273146,3
41.70594,0.89121145,49.32685511854311,8.56911727925716,0.45978785,0,5892.7163,-0.13491195,4,1,false,false,-7.119261,-8.566572,9.124018,-0.9237564,3
41.563404,0.8913618,49.32685026305718,8.569123194688144,0.4620517,0,5799.699,-0.18513891,4,1,false,false,-7.0301485,-8.8969965,9.800396,-0.92480046,3
41.40323,0.8915114,49.32684540757125,8.569129110538961,0.46920052,0,5708.6753,-0.235851,4,1,false,false,-8.652688,-9.90598,11.426752,-0.92646784,3
41.237057,0.8916602,49.326840552085315,8.569135025969945,0.4714643,0,5656.3022,-0.27418727,4,1,false,false,-9.226977,-9.963719,10.6297655,-0.92922264,3
41.076057,0.8918086,49.32683569687378,8.56914080369608,0.4714643,0,5654.87,-0.29408404,4,1,false,false,-8.352136,-9.525592,8.489275,-0.9332238,3
40.921402,0.89195645,49.326830841387846,8.569146581842045,0.46920052,0,5606.232,-0.29505512,4,1,false,false,-7.146309,-9.484524,7.4100194,-0.93809736,3
40.75507,0.8921038,49.32682598590191,8.569152222283156,0.4714643,0,5588.766,-0.2787974,4,1,false,false,-8.021792,-10.400719,8.014692,-0.9431282,3
40.568302,0.8922504,49.326821130690384,8.56915800000929,0.47384718,0,5646.5415,-0.26181322,4,1,false,false,-9.06259,-11.580602,10.066672,-0.94790244,3
40.379,0.8923964,49.32681627520445,8.569163503165383,0.47384724,0,5675.6514,-0.2567181,4,1,false,false,-9.482635,-10.935464,10.272168,-0.95238495,3
40.209873,0.8925418,49.32681150972131,8.569169143606496,0.46920058,0,5612.6216,-0.27418724,4,1,false,false,-9.228913,-9.575812,10.239827,-0.95686513,3
40.054977,0.8926867,49.32680665423538,8.569174646342757,0.45978794,0,5525.752,-0.31058392,4,1,false,false,-9.683867,-9.1620865,9.227079,-0.96175647,3
39.901382,0.89283115,49.326801888752236,8.569180011374167,0.45740503,0,5462.595,-0.35255903,4,1,false,false,-9.793651,-9.27322,8.93344,-0.96727353,3
39.747612,0.89297503,49.3267970332663,8.569185514110428,0.4550221,0,5455.764,-0.39113832,4,1,false,false,-9.226503,-9.2249365,7.475495,-0.9732578,3
39.58198,0.89311844,49.32679226778316,8.569190879561669,0.45037538,0,5441.971,-0.42195272,4,1,false,false,-11.589059,-10.189711,10.599654,-0.97960776,3
39.404095,0.8932613,49.326787502300014,8.56919610730806,0.4433456,0,5404.853,-0.43966404,4,1,false,false,-14.119415,-10.465761,11.723548,-0.98678416,3
39.231995,0.8934036,49.326782647088486,8.569201335054448,0.42690334,0,5394.44,-0.44354606,4,1,false,false,-14.738605,-9.784742,9.9651375,-0.9946194,3
39.07288,0.89354545,49.32677788133094,8.569206562800836,0.39640182,0,5385.8105,-0.43796554,4,1,false,false,-13.835528,-8.822201,9.169746,-1.0027825,3
38.923058,0.8936868,49.3267731158478,8.569211652842375,0.3775766,0,5344.487,-0.4306868,4,1,false,false,-14.822422,-8.952322,9.963982,-1.0110742,3
38.75812,0.8938276,49.32676826063627,8.569216742883912,0.36113426,0,5320.315,-0.4251055,4,1,false,false,-16.75366,-9.807634,12.375617,-1.0196017,3
38.58761,0.89396787,49.32676349515313,8.569221695220596,0.33063257,0,5349.0894,-0.42365107,4,1,false,false,-18.150496,-9.646721,13.783013,-1.0283854,3
38.43386,0.8941077,49.3267586396672,8.569226510272262,0.31657326,0,5353.3423,-0.4260767,4,1,false,false,-17.319088,-7.8748326,11.223524,-1.0375075,3
38.31208,0.8942471,49.32675387418406,8.569231325323928,0.2931015,0,5289.632,-0.4306869,4,1,false,false,-16.277811,-6.130637,9.786322,-1.0467993,3
38.196648,0.89438623,49.32674901869812,8.569236140375594,0.2789229,0,5212.7456,-0.43820864,4,1,false,false,-16.953373,-6.7570887,9.208192,-1.0559481,3
38.065887,0.894525,49.32674416321219,8.569240817722408,0.24615757,0,5223.7437,-0.451796,4,1,false,false,-17.12468,-7.511664,10.223206,-1.0646881,3
37.92445,0.89466333,49.32673939772905,8.569245357364368,0.22494937,0,5291.062,-0.4707205,4,1,false,false,-18.878477,-7.8223076,11.8575535,-1.0728328,3
37.793533,0.89480126,49.326734542517514,8.569249897426163,0.18980098,0,5310.4673,-0.49158758,4,1,false,false,-18.933334,-6.543645,11.87913,-1.0808531,3
37.691597,0.8949388,49.32672968703158,8.569254299363273,0.18277133,0,5278.0894,-0.5126957,4,1,false,false,-17.149025,-4.8083715,9.549406,-1.0890471,3
37.60392,0.8950762,49.32672483154565,8.569258701720214,0.18503514,0,5246.994,-0.52870953,4,1,false,false,-16.455973,-4.638643,8.752744,-1.0974362,3
37.50609,0.89521337,49.32671997633411,8.569263104077155,0.18503515,0,5234.1543,-0.542539,4,1,false,false,-17.820065,-5.4951158,10.626847,-1.1061696,3
37.393925,0.8953502,49.326715120848185,8.569267368729244,0.17800546,0,5239.502,-0.550303,4,1,false,false,-20.143986,-6.0828695,12.298451,-1.114969,3
37.28208,0.8954868,49.32671017535946,8.569271495676483,0.1685929,0,5248.182,-0.5534564,4,1,false,false,-20.976936,-5.54036,12.154452,-1.1242068,3
37.183716,0.89562297,49.32670532014792,8.569275623043554,0.14750391,0,5231.635,-0.547148,4,1,false,false,-19.737364,-4.729848,11.042894,-1.1340038,3
37.095097,0.89575887,49.326700374659204,8.56927961270577,0.1286787,0,5197.0176,-0.53307575,4,1,false,false,-19.582436,-4.3804927,10.539855,-1.1442451,3
37.00402,0.8958946,49.32669551944767,8.569283601948158,0.08173478,0,5184.4854,-0.51487815,4,1,false,false,-20.358986,-4.7119017,11.611936,-1.1548464,3
36.91098,0.89603007,49.32669057395894,8.569287453905522,0.051233176,0,5201.4976,-0.501778,4,1,false,false,-21.27138,-4.364089,12.036058,-1.1655306,3
36.8303,0.89616543,49.32668562874462,8.56929116857787,1.8626451e-09,0,5222.668,-0.4986233,4,1,false,false,-20.231771,-3.325411,10.763118,-1.1760287,3
36.768097,0.8963006,49.326680683255894,8.569294882830382,0,0,5224.6704,-0.5136658,4,1,false,false,-19.63718,-2.3421547,10.119689,-1.1861964,3
36.713158,0.8964357,49.32667564803878,8.569298459797878,0,0,5218.332,-0.55054593,4,1,false,false,-19.981272,-2.1935694,10.503353,-1.1960431,3
36.65793,0.8965707,49.32667070282446,8.569302036345539,0,0,5213.6094,-0.6002829,4,1,false,false,-20.506712,-2.2188928,10.912372,-1.2055993,3
36.600666,0.89670557,49.326665667607344,8.569305613313034,0,0.0017262641,5211.1973,-0.6723425,4,1,false,false,-21.739103,-2.2361157,11.707732,-1.2149502,3
36.54544,0.8968404,49.32666072211862,8.569308914870824,0,0,5205.5747,-0.73954684,4,1,false,false,-20.53894,-2.084142,10.035997,-1.224411,3
36.492924,0.8969751,49.3266556869015,8.569312216848447,0,0,5194.01,-0.8014141,4,1,false,false,-19.641563,-2.0476139,9.32437,-1.2340797,3
36.440018,0.8971096,49.32665065168439,8.569315518406237,0,0,5182.507,-0.8593985,4,1,false,false,-19.468367,-2.1024435,9.334806,-1.2437754,3
36.38598,0.8972441,49.32664561646727,8.569318682679006,0,0,5176.378,-0.89821607,4,1,false,false,-19.239407,-2.1825242,9.397315,-1.2534008,3
36.33013,0.89737856,49.32664058125015,8.569321846531945,0,0,5170.652,-0.9224771,4,1,false,false,-20.126734,-2.2179601,10.298355,-1.2628014,3
36.272213,0.8975121,49.326635456030246,8.569324873099863,0,0,5162.8896,-0.93388,4,1,false,false,-21.313808,-2.286485,10.882147,-1.2721347,3
36.21404,0.89764535,49.32663042081313,8.569327762382763,0,0,5155.3345,-0.93363774,4,1,false,false,-20.914377,-2.2702012,10.606902,-1.2817948,3
36.155807,0.89777845,49.32662529586762,8.569330651245828,0,0,5148.377,-0.925874,4,1,false,false,-20.799032,-2.269788,10.656196,-1.2919445,3
36.09792,0.8979114,49.32662017064772,8.569333402404043,0,0,5139.572,-0.9137428,4,1,false,false,-20.86382,-2.2422655,10.631013,-1.3025281,3
36.038612,0.89804435,49.3266151354306,8.56933615398209,0,0,5128.9106,-0.9013697,4,1,false,false,-21.52835,-2.2736185,11.031835,-1.3134259,3
35.978188,0.8981766,49.32661001021069,8.569338767855283,0.0020254974,0,5119.853,-0.89021003,4,1,false,false,-21.594408,-2.256596,10.536494,-1.3244159,3
35.918148,0.8983085,49.32660488499079,8.56934138172848,0,0,5112.6206,-0.881961,4,1,false,false,-21.668505,-2.2503185,11.139277,-1.3353503,3
35.856876,0.89844036,49.326599759770886,8.569343857896822,0,0,5103.439,-0.8778369,4,1,false,false,-22.155375,-2.228683,11.288539,-1.3462199,3
35.795853,0.898572,49.326594634825376,8.569346196780144,0,0,5095.073,-0.8758965,4,1,false,false,-21.958359,-2.212034,11.364138,-1.3570135,3
35.734634,0.8987036,49.326589419602676,8.569348535243636,0,0,5087.1255,-0.8739549,4,1,false,false,-22.203962,-2.2124474,11.374803,-1.3677224,3
35.67379,0.89883476,49.32658429438277,8.569350736422106,0,0,5078.1074,-0.8720145,4,1,false,false,-22.013134,-2.1472793,11.125921,-1.3784709,3
35.612785,0.8989657,49.32657916943727,8.569352799895725,0,0,5067.4893,-0.8686167,4,1,false,false,-22.289707,-2.1709042,11.242404,-1.3893366,3
35.551655,0.8990965,49.32657395421457,8.569354863789176,0,0,5056.9736,-0.86473686,4,1,false,false,-21.407398,-2.1658883,10.128411,-1.4002258,3
35.492836,0.8992271,49.32656882899466,8.569356789557943,0,0,5050.624,-0.8615821,4,1,false,false,-20.004402,-2.0616908,9.829148,-1.4107939,3
35.434696,0.8993576,49.326563614046364,8.569358715746542,0,0,5042.3994,-0.8608546,4,1,false,false,-20.326977,-2.065745,10.220721,-1.420787,3
35.374733,0.89948803,49.32655848882646,8.569360503810456,0,0.0041923556,5031.3633,-0.86546385,4,1,false,false,-21.77517,-2.1021545,11.457288,-1.4303595,3
35.312634,0.8996182,49.326553273878154,8.569362292294205,0,0.07225649,5036.7856,-0.8741972,4,1,false,false,-23.11582,-2.174031,12.301942,-1.4398714,3
35.25146,0.89974815,49.32654814865825,8.5693639430731,0,0.16424167,5074.726,-0.88220406,4,1,false,false,-23.292597,-1.9058678,12.41156,-1.4497249,3
35.197823,0.899878,49.32654293370995,8.569365456566974,0,0.22762023,5137.019,-0.8875413,4,1,false,false,-21.909428,-1.5879554,11.045072,-1.4602605,3
35.147186,0.9000077,49.32653771848725,8.569366832355998,0,0.28483352,5245.181,-0.8889977,4,1,false,false,-21.098522,-1.5453243,10.400248,-1.4713771,3
35.099316,0.9001376,49.326532593267345,8.56936820814502,0,0.33242914,5308.499,-0.88632905,4,1,false,false,-21.381334,-0.81808084,10.995219,-1.4825555,3
35.08624,0.90026736,49.32652737831905,8.569369583514213,0,0.40912452,5095.5415,-0.88123393,4,1,false,false,-21.671398,1.7649497,11.555548,-1.4934291,3
35.085182,0.9003972,49.32652216337075,8.569370821598383,0,0.5376079,5097.704,-0.87468314,4,1,false,false,-22.009182,1.1117786,11.585386,-1.5038618,3
35.07118,0.9005271,49.326516948148054,8.569371922397535,0,0.7124536,5243.188,-0.8674044,4,1,false,false,-21.97357,0.8726402,11.495518,-1.5136845,3
35.072853,0.90065706,49.32651173319975,8.569372885491834,0,0.9109741,5277.325,-0.8576999,4,1,false,false,-22.382988,2.4167113,11.945909,-1.5230199,3
35.098804,0.90078735,49.32650651797705,8.569373848166302,0,0.9999999,5216.526,-0.8496942,4,1,false,false,-22.00404,3.4743502,11.672995,-1.5323308,3
35.12963,0.90091807,49.326501303028756,8.569374811260602,0,1,5209.09,-0.8431434,4,1,false,false,-21.050354,3.2283657,10.921975,-1.5417814,3
35.155594,0.9010489,49.326496087806056,8.569375636650049,0,1,5253.196,-0.8397467,4,1,false,false,-20.376627,2.9919932,10.469995,-1.5511731,3
35.182575,0.9011799,49.32649078285497,8.569376324754476,0,1,5264.7935,-0.84071684,4,1,false,false,-20.52631,3.2034345,11.022711,-1.5603848,3
35.213726,0.90131116,49.32648556790667,8.569377012439073,0,1,5248.5747,-0.84629726,4,1,false,false,-21.002253,3.4577763,11.484836,-1.5695018,3
35.243946,0.90144295,49.32648026295558,8.569377562838648,0,1,5245.2114,-0.85478836,4,1,false,false,-21.828283,3.232841,12.072835,-1.5786284,3
35.27111,0.90157515,49.326475047732885,8.569377975533373,0,1,5255.676,-0.86473686,4,1,false,false,-20.942728,3.0432255,11.190812,-1.5878906,3
35.297935,0.90170753,49.326469742781796,8.569378388228095,0,1,5271.5474,-0.87347,4,1,false,false,-19.648542,2.9954548,10.181363,-1.5971812,3
35.326958,0.90184003,49.3264644378307,8.569378663217968,0,1,5288.4253,-0.88196105,4,1,false,false,-19.18843,3.1710992,10.112823,-1.6063589,3
35.359512,0.9019728,49.32645913287961,8.569378938627672,0,1,5292.5747,-0.8902101,4,1,false,false,-20.045275,3.4396613,11.134846,-1.6153098,3
35.395447,0.9021062,49.326453827928525,8.56937907591269,0,1,5275.1,-0.8991872,4,1,false,false,-20.93311,3.586545,11.821912,-1.6240599,3
35.428837,0.9022401,49.32644852297744,8.569379213617543,0,1,5254.768,-0.90767837,4,1,false,false,-21.27506,3.2863467,12.06511,-1.6327226,3
35.45619,0.90237415,49.32644321802635,8.569379213617543,0,1,5264.018,-0.91422796,4,1,false,false,-21.316235,2.9298444,11.788084,-1.6415553,3
35.48053,0.9025084,49.326437912800856,8.56937907591269,0,1,5291.171,-0.9181101,4,1,false,false,-21.04764,2.8618844,11.46865,-1.6506823,3
35.50685,0.9026428,49.32643260784977,8.569378938627672,0,1,5302.3022,-0.9198083,4,1,false,false,-21.459122,3.0769222,11.951935,-1.6600487,3
35.537388,0.90277785,49.32642730289868,8.56937880092282,0,1,5293.44,-0.92102146,4,1,false,false,-20.945013,3.3282735,11.3682785,-1.6695888,3
35.570354,0.90291333,49.326421997947584,8.569378388228095,0,1,5284.9634,-0.92344815,4,1,false,false,-20.978952,3.377115,11.673072,-1.6791335,3
35.602665,0.90304893,49.32641660299371,8.569377975533373,0,1,5281.308,-0.92684424,4,1,false,false,-20.843708,3.273988,11.774162,-1.6885328,3
35.6337,0.9031847,49.326411298042615,8.569377562838648,0,1,5281.615,-0.9314532,4,1,false,false,-20.49224,3.2060478,11.353131,-1.6977259,3
35.664783,0.90332067,49.32640599309153,8.569377012439073,0,1,5286.0596,-0.9367905,4,1,false,false,-20.23133,3.1745303,10.842829,-1.7066593,3
35.695557,0.90345585,49.32640068814044,8.569376324754476,0,1,5290.1797,-0.942857,4,1,false,false,-19.66612,3.124364,10.825826,-1.7153301,3
35.72564,0.9035908,49.32639529318656,8.569375636650049,0,1,5296.627,-0.94770825,4,1,false,false,-19.88005,3.0675204,11.375044,-1.7238706,3
35.75463,0.90372586,49.32638998823547,8.569374811260602,0,1,5305.7363,-0.9518331,4,1,false,false,-20.13186,2.9811304,11.3778,-1.7324849,3
35.78163,0.903861,49.32638468328438,8.569373985871154,0,1,5313.713,-0.95377374,4,1,false,false,-20.565136,2.8529847,11.4820385,-1.741326,3
35.8077,0.9039962,49.326379378333286,8.569373022776855,0,1,5325.1445,-0.9532877,4,1,false,false,-20.061794,2.839903,11.012293,-1.7506012,3
35.834118,0.9041312,49.326373983379405,8.569371922397535,0,1,5340.2305,-0.9481933,4,1,false,false,-19.693533,2.8684118,11.083826,-1.7602915,3
35.862167,0.9042661,49.32636867842832,8.569370821598383,0,1,5350.7437,-0.93873197,4,1,false,false,-19.167755,2.9929066,10.377441,-1.7701921,3
35.892727,0.90440106,49.32636337347723,8.569369721219065,0,1,5354.247,-0.92611706,4,1,false,false,-18.68476,3.1212974,10.174763,-1.7799655,3
35.925938,0.90453625,49.32635806852614,8.569368483134893,0,1,5357.054,-0.9115593,4,1,false,false,-18.310375,3.2727132,10.315118,-1.7894379,3
35.95783,0.9046715,49.32635276330065,8.569367107345869,0,1,5358.756,-0.89021003,4,1,false,false,-18.601994,3.2029052,10.33649,-1.7986356,3
35.99292,0.9048065,49.32634745834956,8.569365731556847,0,1,5361.5967,-0.8657068,4,1,false,false,-16.781788,3.3503664,8.973558,-1.8075992,3
36.028618,0.90494144,49.32634215339847,8.569364218482804,0,1,5367.2505,-0.8259181,4,1,false,false,-15.361944,3.219183,8.10518,-1.8160444,3
36.064068,0.9050764,49.32633684844738,8.569362704988928,0,1,5384.5996,-0.7795789,4,1,false,false,-14.962991,3.185287,8.261639,-1.8239849,3
36.100372,0.9052117,49.32633154349629,8.569361191914885,0,1,5403.5835,-0.72571754,4,1,false,false,-14.531685,3.4883819,7.978333,-1.8315148,3
36.138786,0.90534693,49.3263262385452,8.56935954113599,0,1,5403.7866,-0.6713714,4,1,false,false,-15.465936,3.188506,9.073796,-1.83864,3
36.170135,0.90548193,49.32632093359411,8.569357752652243,0,1,5405.731,-0.62090605,4,1,false,false,-15.642727,2.8803596,9.501149,-1.8460089,3
36.196487,0.905617,49.32631562864302,8.569356101873348,0,1,5449.5864,-0.5774764,4,1,false,false,-16.201426,2.64202,9.646562,-1.8542131,3
36.223766,0.90575206,49.326310323691935,8.569354175684747,0,1,5493.281,-0.52434146,4,1,false,false,-15.356463,3.0285976,8.867645,-1.8633665,3
36.262638,0.90588725,49.32630501846644,8.569352387201,0,1,5494.4126,-0.4782423,4,1,false,false,-14.529062,3.7377737,8.284172,-1.8728983,3
36.310078,0.9060225,49.326299713515354,8.569350461432235,0,1,5463.159,-0.43262833,4,1,false,false,-14.5063925,4.1009865,8.8741045,-1.8821479,3
36.357147,0.90615755,49.326294408564266,8.569348397958615,0,1,5438.892,-0.40496755,4,1,false,false,-16.061129,4.0357757,10.066936,-1.8908364,3
36.40089,0.90629274,49.32628919361596,8.569346334065164,0,1,5430.7656,-0.38774142,4,1,false,false,-16.589088,3.8626359,10.493265,-1.8989898,3
36.439148,0.90642804,49.326283888664875,8.569344270591545,0,1,5426.751,-0.38385957,4,1,false,false,-16.062334,3.453404,9.221604,-1.9065545,3
36.47481,0.9065634,49.32627858343939,8.569342069413075,0,1,5444.066,-0.38822562,4,1,false,false,-13.981183,3.239362,7.547153,-1.9136921,3
36.512043,0.9066989,49.32627336849109,8.569339868234604,0,1,5480.0767,-0.40060064,4,1,false,false,-12.045326,3.4056327,6.6237574,-1.920344,3
36.55549,0.9068343,49.32626806354,8.569337529771113,0,1,5491.469,-0.41952607,4,1,false,false,-11.431589,3.6114855,6.211564,-1.9261836,3
36.601063,0.90696967,49.3262628483173,8.56933519088779,0,1,5481.724,-0.44791391,4,1,false,false,-11.083826,3.6686447,6.121457,-1.9311551,3
36.64369,0.90710527,49.32625754336621,8.5693328524243,0,1,5494.023,-0.48139617,4,1,false,false,-12.294991,3.2510872,7.406652,-1.9354622,3
36.669537,0.9072409,49.326252328417915,8.569330376255957,0,1,5535.113,-0.51269567,4,1,false,false,-17.672966,2.127218,10.556313,-1.939955,3
36.68024,0.9073765,49.32624702346683,8.569327899667782,0,1,5598.6016,-0.5374435,4,1,false,false,-16.05664,1.9085295,9.31571,-1.9463372,3
36.699566,0.907512,49.32624180824413,8.569325285794587,0,1,5671.7075,-0.54011226,4,1,false,false,-13.534223,2.46254,7.4831605,-1.9547815,3
36.736202,0.9076476,49.326236593295825,8.569322809626245,0,1,5700.968,-0.5151213,4,1,false,false,-12.684319,3.9693494,7.103289,-1.9643213,3
36.81312,0.9077833,49.32623137807313,8.56932005846803,0,1,5631.498,-0.47921258,4,1,false,false,-16.403618,6.742755,9.843449,-1.9735874,3
36.89175,0.9079192,49.326226073122044,8.569317444594835,0,1,5431.1426,-0.4340837,4,1,false,false,-18.229433,5.640429,11.164065,-1.9810052,3
36.941406,0.90805537,49.32622085817374,8.569314555311937,0,1,5355.1123,-0.39865917,4,1,false,false,-19.004265,3.3885334,11.62289,-1.9867647,3
36.958645,0.90819174,49.32621564295104,8.56931166644887,0,1,5483.8174,-0.36735955,4,1,false,false,-18.355997,1.8208032,10.38177,-1.9922352,3
36.969498,0.9083281,49.32621051800554,8.569308777585803,0,1,5594.946,-0.33800048,4,1,false,false,-16.564064,2.2695947,9.509874,-1.998046,3
37.004135,0.9084644,49.32620530278284,8.569305751017886,0,1,5590.85,-0.31446576,4,1,false,false,-14.489639,3.6248841,8.374861,-2.0041885,3
37.05642,0.9086008,49.32620008783454,8.569302724449967,0,1,5552.7954,-0.30112058,4,1,false,false,-12.161388,4.2395954,7.22807,-2.010262,3
37.113266,0.9087376,49.326194962614636,8.569299697882048,0,1,5543.0815,-0.30330414,4,1,false,false,-11.73214,4.1805234,7.0059643,-2.015778,3
37.16571,0.90887463,49.326189747666334,8.569296533609279,0,1,5532.0376,-0.3229578,4,1,false,false,-12.472194,3.7716491,7.706279,-2.0204134,3
37.209675,0.9090117,49.326184622446426,8.56929336975634,0,1,5526.283,-0.35401535,4,1,false,false,-13.62682,3.3693779,9.070249,-2.024509,3
37.247173,0.9091489,49.326179407223734,8.569290067778718,0,1,5550.919,-0.3913803,4,1,false,false,-14.854086,2.8966854,9.800421,-2.0287204,3
37.277195,0.9092861,49.326174282278224,8.569286766220927,0,1,5592.886,-0.41685742,4,1,false,false,-15.28408,2.738612,9.999486,-2.0336719,3
37.312798,0.9094238,49.32616915705832,8.569283464663137,0,1,5628.351,-0.43214214,4,1,false,false,-13.490954,3.2852366,8.051215,-2.039614,3
37.36287,0.9095618,49.32616403183841,8.569280025400495,0,1,5624.5674,-0.43408358,4,1,false,false,-12.590678,3.9730408,7.763398,-2.0459797,3
37.418686,0.9096998,49.3261589066185,8.569276586137853,0,1,5584.5566,-0.42486435,4,1,false,false,-13.457554,4.149871,8.855173,-2.0521345,3
37.473736,0.90983796,49.32615378167299,8.569273009170358,0,1,5556.466,-0.4117623,4,1,false,false,-15.500677,4.0290904,10.37587,-2.0579486,3
37.520702,0.9099763,49.326148656453086,8.569269432202864,0,1,5546.702,-0.39987236,4,1,false,false,-16.32982,3.5464792,10.694471,-2.0634658,3
37.559532,0.9101146,49.326143531233186,8.569265855655201,0,1,5555.1855,-0.389439,4,1,false,false,-15.640059,3.0364087,9.902777,-2.068912,3
37.597904,0.910253,49.326138496016064,8.569262140982856,0,1,5589.6978,-0.3841017,4,1,false,false,-14.721822,3.1360471,9.487661,-2.0746422,3
37.63955,0.9103914,49.32613337079616,8.569258426730341,0,1,5609.889,-0.38264623,4,1,false,false,-15.2834,3.4413445,10.708101,-2.0806222,3
37.68557,0.9105299,49.32612833557904,8.569254574772977,0,1,5596.6934,-0.3862851,4,1,false,false,-14.887394,3.6496377,10.038651,-2.0867844,3
37.734352,0.9106687,49.32612330036193,8.56925072281561,0,1,5586.4824,-0.3950202,4,1,false,false,-13.807581,3.6505387,8.634227,-2.0928965,3
37.781494,0.91080713,49.326118265144814,8.569246733153392,0,1,5594.268,-0.4090927,4,1,false,false,-14.262822,3.399831,9.207466,-2.098708,3
37.825375,0.9109458,49.3261132299277,8.569242881196026,0,1,5605.25,-0.4277751,4,1,false,false,-15.296141,3.3853598,10.814405,-2.1043704,3
37.869305,0.91108453,49.326108194710585,8.569238754248788,0,1,5606.5547,-0.45009756,4,1,false,false,-15.886088,3.3952518,10.586727,-2.1101315,3
37.912262,0.9112235,49.326103159493464,8.56923476458657,0,1,5606.2485,-0.47363317,4,1,false,false,-14.574075,3.260854,9.151905,-2.1160777,3
37.955048,0.9113623,49.32609812427635,8.56923049993448,0,1,5627.215,-0.48915994,4,1,false,false,-12.933926,3.2206023,7.7872934,-2.122146,3
38.000954,0.9115012,49.32609317878763,8.56922637256741,0,1,5651.1387,-0.4991083,4,1,false,false,-12.5546875,3.4436853,7.612862,-2.1280928,3
38.048996,0.9116403,49.3260882335733,8.569222107915321,0,1,5644.5522,-0.50566006,4,1,false,false,-14.081231,3.5576115,9.635812,-2.133748,3
38.094814,0.91177946,49.32608319835619,8.569217843263232,0,1,5629.934,-0.50784254,4,1,false,false,-14.93975,3.300003,10.196621,-2.1393392,3
38.134773,0.91191876,49.32607825286746,8.569213441326122,0,1,5646.9453,-0.5012919,4,1,false,false,-14.777046,2.8870916,9.960927,-2.1452835,3
38.16958,0.912058,49.32607330765314,8.569209038969179,0,1,5687.5728,-0.48261034,4,1,false,false,-14.313119,2.6930168,9.623844,-2.1518779,3
38.206825,0.9121973,49.32606836243882,8.569204636612238,0,1,5721.7407,-0.45591986,4,1,false,false,-14.068051,3.1256804,9.646799,-2.159175,3
38.2534,0.91233665,49.326063506952885,8.569200096970276,0,1,5721.0054,-0.42631876,4,1,false,false,-14.4179535,3.6593978,9.478199,-2.1668522,3
38.30783,0.9124761,49.326058561738556,8.569195556908483,0,1,5691.1772,-0.39890218,4,1,false,false,-13.198701,4.018894,8.736883,-2.1744788,3
38.36206,0.91261584,49.32605370625262,8.569190879561669,0,1,5670.765,-0.3877415,4,1,false,false,-12.723914,3.7912428,8.2411785,-2.1814682,3
38.412857,0.91275555,49.32604885076669,8.569186339919707,0,1,5675.1484,-0.39671862,4,1,false,false,-13.054533,3.4456651,8.053664,-2.1876082,3
38.45775,0.9128953,49.32604390555237,8.569181524868041,0,1,5684.4775,-0.43190008,4,1,false,false,-13.94405,3.2588437,9.3067,-2.1930954,3
38.498234,0.9130353,49.32603914006923,8.569176847521229,0,1,5694.2363,-0.48697641,4,1,false,false,-15.442293,2.9360118,10.363409,-2.1984143,3
38.52137,0.9131753,49.326034284583294,8.569172032469563,0,1,5731.6045,-0.5442363,4,1,false,false,-15.050752,2.2012532,9.391685,-2.2043276,3
38.55488,0.9133154,49.32602942909736,8.569167079713045,0,1,5812.057,-0.60173935,4,1,false,false,-15.86461,2.809655,9.629375,-2.2111897,3
38.594357,0.9134554,49.32602466361422,8.56916212737636,0,1,5809.7285,-0.6473515,4,1,false,false,-15.6829605,3.313818,9.64795,-2.2187643,3
38.6429,0.9135957,49.32601989813108,8.569157174619843,0,1,5768.332,-0.6827741,4,1,false,false,-15.967394,3.7970555,10.06193,-2.2269084,3
38.69086,0.91373616,49.32601513264794,8.569152222283156,0,1,5758.0664,-0.707037,4,1,false,false,-15.994939,3.490382,9.276501,-2.235338,3
38.734276,0.9138766,49.3260103671648,8.56914713224162,0,1,5761.7285,-0.7143147,4,1,false,false,-17.657766,3.374546,10.631639,-2.2437787,3
38.77409,0.91401726,49.32600560168166,8.56914190449523,0,1,5752.0483,-0.71067595,4,1,false,false,-18.841331,3.2822306,10.993077,-2.252274,3
38.812653,0.91415805,49.3260009262013,8.56913667674884,0,1,5743.9194,-0.6966043,4,1,false,false,-18.201563,3.1658514,10.470879,-2.2608943,3
38.849705,0.91429883,49.32599625044656,8.569131449002452,0,1,5753.3726,-0.67549545,4,1,false,false,-17.77442,3.0546963,10.121641,-2.2695365,3
38.885468,0.9144398,49.3259915749662,8.569126083971042,0,1,5764.173,-0.6490509,4,1,false,false,-17.710817,3.178769,10.210054,-2.2780747,3
38.92324,0.91458094,49.325986899485855,8.569120718519802,0,1,5765.6763,-0.62066376,4,1,false,false,-17.513493,3.2451131,9.83997,-2.286395,3
38.95981,0.91472226,49.325982313733896,8.56911521578354,0,1,5763.6387,-0.5900935,4,1,false,false,-16.868572,3.1374478,9.37602,-2.294473,3
38.992744,0.9148636,49.325977727981936,8.569109713047279,0,1,5775.24,-0.56146353,4,1,false,false,-17.141123,2.944694,10.014914,-2.302481,3
39.025494,0.9150051,49.325973142504374,8.569104072606166,0,1,5797.0723,-0.5216727,4,1,false,false,-16.463667,2.973827,9.703409,-2.3106472,3
39.06153,0.91514665,49.32596855675242,8.569098432165053,0,1,5808.028,-0.48333764,4,1,false,false,-16.6385,3.1014855,10.201678,-2.3188367,3
39.098423,0.9152884,49.32596406100325,8.56909279172394,0,1,5804.7227,-0.44451615,4,1,false,false,-16.900787,3.0800934,10.647064,-2.3269606,3
39.136013,0.91543037,49.32595956525408,8.569087013997807,0,1,5811.5796,-0.4141879,4,1,false,false,-16.870607,3.2317295,10.427893,-2.33511,3
39.173008,0.9155724,49.325955069504914,8.569081235851842,0,1,5821.065,-0.39065218,4,1,false,false,-16.76927,3.1958396,10.070881,-2.3431723,3
39.211,0.9157146,49.32595066375854,8.569075320420858,0,1,5826.311,-0.37682277,4,1,false,false,-16.062569,3.2758732,9.7926655,-2.351081,3
39.25093,0.915857,49.32594625773776,8.569069404989872,0,1,5830.9434,-0.37196964,4,1,false,false,-17.044474,3.366105,11.099296,-2.358671,3
39.289894,0.9159995,49.32594185199139,8.569063489139054,0,1,5829.9927,-0.37512344,4,1,false,false,-17.243069,3.3958392,11.120766,-2.3660152,3
39.328568,0.91614234,49.325937446245014,8.569057436003218,0,1,5830.209,-0.38385957,4,1,false,false,-17.73037,3.3795328,10.513383,-2.3732128,3
39.36726,0.9162853,49.325933040224236,8.569051382867382,0,1,5835.941,-0.39453417,4,1,false,false,-16.181698,3.3522785,9.273752,-2.3802855,3
39.407715,0.9164283,49.325928724480654,8.569045192446525,0,1,5847.2915,-0.40181383,4,1,false,false,-14.729577,3.4535322,8.65962,-2.3870564,3
39.451183,0.91657156,49.32592440846267,8.569039001605836,0,1,5849.617,-0.40812242,4,1,false,false,-15.28133,3.4199998,9.024186,-2.3932667,3
39.49425,0.91671515,49.325920182447476,8.569032811184979,0,1,5841.114,-0.41709954,4,1,false,false,-15.786421,3.4140947,9.689762,-2.3989334,3
39.531162,0.9168589,49.32591586642949,8.569026482639439,0,1,5842.7017,-0.4311719,4,1,false,false,-17.23606,3.0021172,10.389457,-2.4043171,3
39.56307,0.91700286,49.3259116404143,8.56902015451373,0,1,5869.371,-0.44815606,4,1,false,false,-16.548111,2.7292993,9.76846,-2.4100695,3
39.595478,0.91714686,49.325907414399104,8.569013826388021,0,1,5902.8105,-0.46441293,4,1,false,false,-15.45507,2.8946865,9.258833,-2.416431,3
39.63264,0.9172911,49.32590318865831,8.56900736055746,0,1,5917.2393,-0.4823673,4,1,false,false,-15.771683,3.1801429,9.58864,-2.4232001,3
39.676132,0.9174358,49.325899052371504,8.5690008947269,0,1,5909.9897,-0.5025052,4,1,false,false,-16.18859,3.6825166,9.919533,-2.4301922,3
39.722507,0.9175807,49.325894916359104,8.568994291191487,0,1,5886.5376,-0.52337134,4,1,false,false,-16.241598,3.6331792,9.578098,-2.4370706,3
39.76585,0.9177258,49.325890780346704,8.568987825360926,0,1,5872.7793,-0.5427811,4,1,false,false,-15.880125,3.349978,9.26936,-2.4436781,3
39.805088,0.917871,49.32588673406269,8.568981084540495,0,1,5887.7646,-0.5566112,4,1,false,false,-16.29313,3.136002,10.103657,-2.4500654,3
39.840786,0.9180163,49.32588268777868,8.568974481005082,0,1,5903.497,-0.56437504,4,1,false,false,-17.513062,2.9815161,10.867905,-2.456385,3
39.87582,0.91816175,49.32587864176907,8.568967740184648,0,1,5906.661,-0.56437516,4,1,false,false,-17.157427,2.9939933,10.260739,-2.4629192,3
39.91136,0.91830724,49.32587459548506,8.568960861659365,0,1,5918.271,-0.554912,4,1,false,false,-15.382915,3.005505,8.816806,-2.4697697,3
39.9506,0.91845286,49.32587063920384,8.568954120838931,0,1,5940.1934,-0.5359874,4,1,false,false,-13.980625,3.1762342,8.07003,-2.4766822,3
39.99422,0.91859865,49.32586668292262,8.568947242313648,0,1,5944.485,-0.5187611,4,1,false,false,-14.164993,3.4524362,8.144181,-2.4832885,3
40.03756,0.918744,49.3258627269158,8.56894022608351,0,1,5928.817,-0.50905585,4,1,false,false,-14.965151,3.2844448,9.577195,-2.4894814,3
40.07827,0.91888964,49.32585886036298,8.568933347558227,0,1,5927.258,-0.5095418,4,1,false,false,-14.981655,3.046515,9.287672,-2.4954832,3
40.111935,0.91903543,49.32585490408176,8.56892633132809,0,1,5951.819,-0.5173049,4,1,false,false,-14.42653,2.6008773,8.861674,-2.5016072,3
40.142986,0.9191812,49.32585112780612,8.568919177812933,0,1,5986.399,-0.5279804,4,1,false,false,-14.731329,2.701291,9.563752,-2.5081012,3
40.178093,0.9193271,49.32584726152769,8.568912161582798,0,1,5999.671,-0.53914124,4,1,false,false,-16.335052,3.0754514,10.110328,-2.5150392,3
40.21528,0.9194728,49.32584348497765,8.568905008067642,0,1,5988.088,-0.5488464,4,1,false,false,-15.072651,2.944242,8.982141,-2.5224311,3
40.25119,0.9196188,49.325839708427615,8.568897854552485,0,1,5991.94,-0.55491185,4,1,false,false,-15.067221,2.8733218,9.105449,-2.5300741,3
40.286816,0.9197649,49.32583593215198,8.568890563332477,0,1,6025.208,-0.5578238,4,1,false,false,-14.395473,3.1873987,8.597572,-2.5379574,3
40.33325,0.919911,49.325832155601944,8.568883272112469,0,1,6021.69,-0.56049335,4,1,false,false,-14.456642,3.7096486,8.133675,-2.545361,3
40.375446,0.9200573,49.3258284690547,8.56887598047263,0,1,5975.3706,-0.5675281,4,1,false,false,-17.730368,3.3099656,11.275217,-2.5520725,3
40.412033,0.92020357,49.32582478278185,8.56886868925262,0,1,5982.7334,-0.57844675,4,1,false,false,-16.924294,3.0008597,9.763799,-2.5590508,3
40.441402,0.9203501,49.325821185963,8.568861260747592,0,1,6016.0283,-0.5891222,4,1,false,false,-16.64509,2.338213,10.095107,-2.5659254,3
40.462547,0.92049664,49.32581758941855,8.56885369411788,0,0.9299629,6049.045,-0.5976144,4,1,false,false,-17.13278,2.3841138,11.045941,-2.5730994,3
40.497425,0.92064327,49.32581399287409,8.568846265612851,0,0.6614056,6043.4683,-0.6078049,4,1,false,false,-13.865806,3.229881,8.672394,-2.5810225,3
40.533592,0.9207901,49.32581048605803,8.56883869898314,0,0.346979,5893.7617,-0.617509,4,1,false,false,-15.039897,2.563555,8.281181,-2.5882943,3
40.544346,0.9209369,49.32580688951357,8.56883113277326,0,0.08014798,5762.829,-0.63449216,4,1,false,false,-17.906763,0.8528182,11.193292,-2.595292,3
40.51772,0.9210838,49.3258034727003,8.568823566143548,0,-9.313226e-09,5698.2554,-0.66190886,4,1,false,false,-16.590296,-0.90782917,9.385265,-2.60241,3
40.482685,0.9212306,49.32579996615864,8.568815862228815,0,0,5609.4893,-0.69029605,4,1,false,false,-15.512803,-1.2629236,8.37544,-2.6089396,3
40.435116,0.92137724,49.32579654934537,8.568808158314084,0,0,5686.089,-0.71843976,4,1,false,false,-17.284885,-2.7345195,9.509542,-2.6149056,3
40.362602,0.92152375,49.32579322253489,8.568800592104203,0,0,5850.0825,-0.7502225,4,1,false,false,-15.30061,-3.590332,8.801584,-2.6213305,3
40.30188,0.92167,49.32578989572441,8.56879275048462,0,0,5782.03,-0.779822,4,1,false,false,-17.257217,-2.165045,10.142819,-2.6281652,3
40.24622,0.9218162,49.32578656891393,8.568785046569888,0,0,5708.049,-0.80189925,4,1,false,false,-20.890028,-2.2241285,11.064911,-2.636112,3
40.190956,0.92196214,49.32578333183184,8.568777342655157,0,0,5763.164,-0.8128169,4,1,false,false,-16.585913,-2.47219,8.170273,-2.6451423,3
40.135006,0.922108,49.32578009502415,8.568769501035572,0,0,5784.605,-0.80772185,4,1,false,false,-17.33082,-2.4196603,9.115115,-2.6535454,3
40.080173,0.9222537,49.32577694794485,8.568761659415989,0,0,5733.119,-0.7919518,4,1,false,false,-18.405731,-2.040808,9.029335,-2.6611514,3
40.038536,0.9223992,49.32577389086835,8.568753818216235,0,0,5714.6494,-0.7766672,4,1,false,false,-15.289087,-1.6372312,6.9780674,-2.669271,3
39.98932,0.92254466,49.32577074378905,8.568745976596652,0,0.09371147,5725.279,-0.75580204,4,1,false,false,-17.670816,-2.1063857,9.988362,-2.6774735,3
39.936264,0.92269003,49.325767686712545,8.568738134977067,0,0.23427863,5766.3774,-0.7332385,4,1,false,false,-20.786121,-1.8768492,12.05394,-2.6857176,3
39.884853,0.92283535,49.325764719364436,8.568730156072464,0,0.437238,5911.3857,-0.7082492,4,1,false,false,-18.540062,-1.7388142,10.521923,-2.6942716,3
39.840004,0.9229804,49.32576175229072,8.568722176748029,0,0.63748455,6159.8906,-0.67622447,4,1,false,false,-17.0074,-1.2570158,9.876317,-2.702086,3
39.837055,0.92312557,49.32575887494539,8.568714335548277,0,0.8184958,5979.8257,-0.6471085,4,1,false,false,-16.89065,2.561392,10.014592,-2.7100234,3
39.885757,0.92327094,49.32575599760007,8.568706218518988,0,0.99630105,5866.235,-0.62139106,4,1,false,false,-17.153645,4.122147,10.174336,-2.7183626,3
39.91801,0.9234166,49.32575312052915,8.568698239614385,0,0.9999999,5942.185,-0.5925191,4,1,false,false,-16.65658,2.3300712,9.792162,-2.7263498,3
39.941483,0.92356235,49.32575033318662,8.568690123004929,0,1,5999.2505,-0.57359445,4,1,false,false,-15.43173,2.7337222,9.432039,-2.7342424,3
39.9794,0.92370826,49.32574754556968,8.568682006395473,0,1,5972.7793,-0.56194866,4,1,false,false,-16.50846,3.3200517,8.755289,-2.741791,3
40.01414,0.9238545,49.325744848229945,8.568673889786018,0,1,5942.9365,-0.56170547,4,1,false,false,-14.622145,3.029066,7.6619453,-2.7488778,3
40.047443,0.92400086,49.325742060887414,8.56866563547171,0,1,5996.133,-0.57529294,4,1,false,false,-14.43797,3.0773053,7.9878397,-2.755827,3
40.0819,0.92414755,49.325739453276064,8.568657381157402,0,1,6018.146,-0.6036799,4,1,false,false,-13.79213,2.933476,6.8615713,-2.762331,3
40.11715,0.92429435,49.325736755936326,8.568649264547947,0,1,5997.3716,-0.6412858,4,1,false,false,-12.63477,2.8709927,6.642223,-2.7683814,3
40.151306,0.9244414,49.325734148324976,8.568640872528787,0,1,6024.0205,-0.69175047,4,1,false,false,-16.428455,3.05828,9.781071,-2.7744207,3
40.178406,0.9245886,49.325731540713626,8.568632618634311,0,1,6038.885,-0.7475531,4,1,false,false,-20.692282,2.7735255,12.68876,-2.7810216,3
40.198868,0.9247361,49.32572902310507,8.568624226615151,0,1,6021.2227,-0.79389334,4,1,false,false,-21.41922,2.4988143,12.354152,-2.78894,3
40.215607,0.92488366,49.32572650549651,8.568615835015823,0,1,6044.929,-0.8239769,4,1,false,false,-18.66378,2.1315598,10.107663,-2.79833,3
40.23365,0.92503136,49.32572407789074,8.568607442996663,0,1,6099.169,-0.84290135,4,1,false,false,-17.143942,2.495567,9.112446,-2.8084648,3
40.26458,0.9251791,49.325721650284976,8.568598913692485,0,1,6103.669,-0.8535751,4,1,false,false,-17.46721,3.5372312,9.168149,-2.8185558,3
40.307457,0.92532736,49.3257193124076,8.568590522093157,0,1,6040.8213,-0.8598836,4,1,false,false,-18.293924,3.989159,9.838593,-2.8279963,3
40.34846,0.9254759,49.32571697453022,8.568581992369145,0,1,5984.8237,-0.8678894,4,1,false,false,-18.045456,3.530863,9.592148,-2.836537,3
40.377605,0.92562443,49.32571472665564,8.568573325779946,0,1,5995.1514,-0.87225765,4,1,false,false,-17.677954,2.7978063,9.1835375,-2.844364,3
40.3994,0.9257733,49.32571247878106,8.568564796055934,0,0.9615289,6031.6147,-0.87346995,4,1,false,false,-17.402367,2.4950323,8.870676,-2.8516986,3
40.418446,0.92592204,49.32571023090647,8.568556129466735,0,0.80369925,6036.003,-0.87274176,4,1,false,false,-17.599867,2.3735392,9.263603,-2.8587463,3
40.435093,0.9260707,49.32570807303468,8.568547462457703,0,0.6241678,6006.69,-0.8712863,4,1,false,false,-17.61297,2.1117883,9.3433695,-2.8658483,3
40.442947,0.92621946,49.32570591516289,8.568538795448672,0,0.4406904,5972.155,-0.87031615,4,1,false,false,-17.714426,1.4950559,9.179965,-2.8732078,3
40.439693,0.92636824,49.32570384701949,8.56853012843964,0,0.26362517,5925.8926,-0.87055826,4,1,false,false,-17.498482,0.6660002,8.920886,-2.8808155,3
40.42276,0.92651707,49.32570177887609,8.568521461430608,0,0.13144267,5868.854,-0.87177163,4,1,false,false,-17.686304,-0.089867234,9.728044,-2.8885884,3
40.391033,0.9266655,49.32569980073548,8.568512657136557,0,0.036991358,5811.27,-0.8734699,4,1,false,false,-18.968973,-0.91466105,10.427745,-2.896384,3
40.34933,0.9268137,49.32569782259487,8.568503852422674,0,-2.7939677e-09,5724.306,-0.8766238,4,1,false,false,-19.671158,-1.2003074,10.908072,-2.9040966,3
40.30253,0.92696184,49.32569593445705,8.568495185413642,0,0,5634.4585,-0.88050574,4,1,false,false,-20.517242,-1.3765109,10.550493,-2.9117022,3
40.25423,0.9271097,49.325694046319235,8.568486381119591,0,0,5559.792,-0.88317424,4,1,false,false,-19.792767,-1.5316114,10.264645,-2.919249,3
40.186836,0.9272574,49.32569224790981,8.568477576405707,0,0,5697.087,-0.8829311,4,1,false,false,-19.226995,-3.3105912,10.120535,-2.9265223,3
40.111107,0.92740464,49.32569053950317,8.568468772111656,0,0.049075216,5772.2773,-0.8792924,4,1,false,false,-18.886183,-2.8579714,9.485856,-2.9332879,3
40.054916,0.9275517,49.325688831096535,8.568459967397773,0,0.20271268,5761.2383,-0.873713,4,1,false,false,-18.499968,-1.7490888,9.228686,-2.9396093,3
40.008724,0.9276985,49.3256871226899,8.568451163103722,0,0.40049323,5879.7495,-0.8695881,4,1,false,false,-17.361223,-1.5107609,8.582194,-2.9456422,3
39.966373,0.9278452,49.32568550428606,8.568442220684986,0,0.6108507,6117.253,-0.8683756,4,1,false,false,-17.045135,-1.2552619,8.912804,-2.9514194,3
39.95597,0.9279917,49.325683975885,8.568433416390935,0,0.77040684,5978.702,-0.87007296,4,1,false,false,-17.028522,1.8346268,9.36737,-2.9573398,3
39.983654,0.9281382,49.32568235720676,8.56842461167705,0,0.87373626,5876.9927,-0.87638056,4,1,false,false,-16.619194,2.829832,9.175071,-2.9639955,3
40.005283,0.92828476,49.325680918808494,8.568415669678147,0,0.95733666,6015.222,-0.88341737,4,1,false,false,-17.322216,1.9944724,9.467266,-2.9713728,3
40.02413,0.9284315,49.32567948013583,8.568406865384096,0,0.9999999,6068.426,-0.8911804,4,1,false,false,-16.960323,2.6038036,9.204666,-2.9792535,3
40.05959,0.9285783,49.32567804146317,8.568397923385193,0,1,5998.9023,-0.8970028,4,1,false,false,-16.699488,3.5143237,9.136199,-2.9873662,3
40.101105,0.9287251,49.32567660279051,8.568388980966457,0,1,5973.092,-0.9025832,4,1,false,false,-16.961176,3.52618,9.683023,-2.9954593,3
40.13715,0.9288723,49.325675343849035,8.568380038967554,0,1,5987.694,-0.90792036,4,1,false,false,-17.748623,3.1754804,10.040369,-3.0031846,3
40.167934,0.9290194,49.325673995179166,8.568370959263799,0,1,5973.4067,-0.9173818,4,1,false,false,-18.340311,3.087631,10.298621,-3.0104256,3
40.196743,0.92916673,49.32567273651208,8.568362017264896,0,1,5961.452,-0.9309681,4,1,false,false,-18.715069,2.811862,10.349667,-3.0174127,3
40.220394,0.92931414,49.325671567573394,8.56835293756114,0,1,5985.141,-0.94431126,4,1,false,false,-17.706812,2.5069027,9.533649,-3.024458,3
40.24544,0.92946166,49.325670398634706,8.568343857857386,0,1,6016.7324,-0.9574128,4,1,false,false,-17.217789,2.677126,9.21782,-3.0315104,3
40.273212,0.92960924,49.32566931969881,8.56833477815363,0,1,6018.579,-0.97172636,4,1,false,false,-17.305157,2.821025,9.5363035,-3.0384312,3
40.30381,0.92975706,49.325668240762916,8.568325698869707,0,1,6011.7217,-0.9870102,4,1,false,false,-17.573032,2.9966257,9.860483,-3.0453315,3
40.336105,0.92990494,49.32566716182702,8.568316619165952,0,1,6014.154,-1.0010813,4,1,false,false,-16.650751,2.9369817,9.098376,-3.0521848,3
40.366016,0.93005306,49.32566617261951,8.568307539462197,0,1,6020.004,-1.0119991,4,1,false,false,-16.412682,2.7712376,9.148728,-3.0589118,3
40.392654,0.93020123,49.32566518368641,8.56829832205359,0,1,6032.3203,-1.0214607,4,1,false,false,-17.962582,2.7152987,10.288583,-3.0657456,3
40.421246,0.9303496,49.3256642844817,8.568289242349833,0,1,6036.9214,-1.028739,4,1,false,false,-17.476736,2.8652585,10.050093,-3.072866,3
40.445023,0.9304981,49.325663475279775,8.568280025361059,0,1,6034.1353,-1.0282531,4,1,false,false,-17.253143,2.1558175,9.038693,-3.080176,3
40.473415,0.9306468,49.325662666077854,8.568270807952452,0,1,6060.4595,-1.0231593,4,1,false,false,-18.748217,3.002068,10.289825,-3.0878427,3
40.497707,0.9307956,49.32566185660153,8.568261590963676,0,1,6050.3486,-1.014425,4,1,false,false,-22.58855,2.7205777,13.862175,-3.0957358,3
40.515682,0.9309446,49.3256611374024,8.568252373555069,0,1,6014.145,-1.0027797,4,1,false,false,-24.378063,2.4880044,13.97626,-3.1044765,3
40.5296,0.9310936,49.32566050793166,8.568243156566293,0,1,6028.5645,-0.9862829,4,1,false,false,-21.346527,2.1900537,11.389061,-3.1142142,3
40.54378,0.9312429,49.32565987846092,8.568233939157686,0,1,6077.2856,-0.9642054,4,1,false,false,-18.18181,2.3660703,9.447795,-3.124175,3
40.57576,0.93139225,49.32565933899297,8.568224721749079,0,1,6089.7437,-0.9440695,4,1,false,false,-18.595293,3.6256394,10.110372,-3.1334934,3
40.6182,0.9315419,49.32565879952502,8.568215367055451,0,1,6015.15,-0.9299978,4,1,false,false,-19.783419,3.884155,10.74719,-3.1413877,3
40.65515,0.93169165,49.32565835005987,8.568206150066677,0,1,5955.867,-0.9263579,4,1,false,false,-18.874245,3.1069338,10.441193,3.1352534,3
40.676147,0.93184155,49.32565790032031,8.568196794953218,0,1,6000.6807,-0.9287856,4,1,false,false,-18.243536,2.0236344,10.417174,3.1292706,3
40.688427,0.93199193,49.32565754085795,8.568187577964443,0,1,6076.983,-0.9319384,4,1,false,false,-18.35758,1.8897021,10.077182,3.1230586,3
40.70507,0.93214244,49.32565718112118,8.568178223270815,0,1,6099.517,-0.9326676,4,1,false,false,-18.669212,2.3549628,10.277149,3.1162736,3
40.7303,0.9322929,49.325656911387206,8.568168868157356,0,1,6092.8276,-0.9302399,4,1,false,false,-17.034733,2.7536218,9.161963,3.1088607,3
40.76276,0.9324436,49.325656731656025,8.568159513463728,0,1,6101.689,-0.9270871,4,1,false,false,-16.33659,3.0544887,8.8918295,3.101179,3
40.797928,0.9325946,49.32565646192205,8.568150158770102,0,1,6097.88,-0.92757136,4,1,false,false,-16.97079,3.2145007,9.528333,3.0936792,3
40.833656,0.93274605,49.32565637191926,8.568140804076474,0,1,6070.9307,-0.93363774,4,1,false,false,-18.878685,3.2420685,11.22165,3.0864587,3
40.863567,0.9328975,49.32565619218808,8.568131448963015,0,1,6049.829,-0.94309807,4,1,false,false,-19.262722,2.831482,11.249975,3.0793345,3
40.886753,0.9330492,49.32565619218808,8.568122094269388,0,1,6065.0474,-0.9525603,4,1,false,false,-19.17831,2.4724593,11.089288,3.0720372,3
40.906597,0.93320096,49.32565619218808,8.568112739575762,0,1,6093.18,-0.95886797,4,1,false,false,-19.562136,2.3909569,11.1157,3.0644794,3
40.92829,0.93335307,49.32565619218808,8.568103384882134,0,1,6100.473,-0.96202266,4,1,false,false,-20.385153,2.6879885,12.264229,3.0566182,3
40.952976,0.9335052,49.325656281916466,8.568094029768675,0,1,6088.15,-0.96396327,4,1,false,false,-20.760414,2.8096871,12.083732,3.0484674,3
40.97821,0.9336572,49.32565646192205,8.568084537370195,0,1,6078.7915,-0.9642054,4,1,false,false,-20.515985,2.8025603,11.654468,3.0401194,3
41.003918,0.9338097,49.32565664165323,8.56807518267657,0,1,6080.622,-0.96372044,4,1,false,false,-19.915539,2.8428767,10.94789,3.0317974,3
41.033073,0.9339616,49.325656911387206,8.568065827982942,0,1,6078.376,-0.96275,4,1,false,false,-18.820742,3.00134,10.582127,3.0238674,3
41.064064,0.93411356,49.32565718112118,8.568056335584462,0,1,6066.836,-0.96299314,4,1,false,false,-18.349213,3.0103176,10.156327,3.0166502,3
41.094048,0.9342656,49.32565754085795,8.568046980890836,0,1,6062.339,-0.9688145,4,1,false,false,-18.20007,2.8620956,10.500602,3.0101652,3
41.12113,0.93441796,49.32565790032031,8.568037626197208,0,1,6073.181,-0.97851986,4,1,false,false,-17.797453,2.6319058,9.811953,3.0041926,3
41.148922,0.9345701,49.32565835005987,8.568028133798729,0,1,6091.7314,-0.9882234,4,1,false,false,-15.757293,2.5155551,8.407926,2.9985702,3
41.172157,0.93472195,49.32565879952502,8.56801877868527,0,1,6114.8096,-0.9959874,4,1,false,false,-18.179247,2.1962552,10.078689,2.992997,3
41.185406,0.934874,49.32565933899297,8.568009423991644,0,1,6136.9873,-1.0047204,4,1,false,false,-21.625536,2.0300457,13.058153,2.9863822,3
41.20418,0.935026,49.32565987846092,8.567999931593164,0,1,6145.576,-1.0071459,4,1,false,false,-19.512526,2.4691973,11.7798605,2.9782124,3
41.223225,0.9351781,49.32566050793166,8.567990576899536,0,1,6146.187,-0.9979286,4,1,false,false,-19.79864,2.4233322,11.611648,2.9689553,3
41.24596,0.93533,49.32566122740519,8.56798122220591,0,1,6162.6514,-0.9821587,4,1,false,false,-17.587902,2.6268966,10.177057,2.9591422,3
41.278652,0.9354819,49.32566194660432,8.56797172980743,0,1,6169.9546,-0.9637202,4,1,false,false,-17.986427,3.1860595,9.344622,2.950186,3
41.3093,0.9356339,49.325662666077854,8.567962375113803,0,1,6131.6,-0.9528034,4,1,false,false,-19.950851,3.1122742,11.818833,2.942174,3
41.342422,0.93578607,49.325663475279775,8.567953020000344,0,1,6109.9526,-0.9511051,4,1,false,false,-17.644405,3.0856953,10.002868,2.9347188,3
41.365307,0.93593806,49.32566437421009,8.567943528021697,0,1,6127.8735,-0.950377,4,1,false,false,-20.996813,2.324778,11.961627,2.9277534,3
41.390163,0.9360902,49.3256652734148,8.567934172908238,0,1,6141.3594,-0.9506201,4,1,false,false,-18.636808,2.9069827,11.31779,2.9205723,3
41.414318,0.9362423,49.325666262622306,8.56792481821461,0,1,6127.811,-0.9455249,4,1,false,false,-22.992748,2.3591776,13.697091,2.9134746,3
41.425915,0.93639445,49.32566725155541,8.567915463520984,0,1,6124.8613,-0.9372768,4,1,false,false,-22.312717,2.1787922,13.800645,2.9055016,3
41.445644,0.93654656,49.32566833049131,8.567906108827357,0,1,6166.5938,-0.9246606,4,1,false,false,-19.787962,2.4860923,11.112669,2.8968346,3
41.465702,0.9366987,49.325669409701604,8.567896753713898,0,1,6178.3584,-0.9091338,4,1,false,false,-20.05463,2.5684302,11.194702,2.8882265,3
41.50028,0.93685085,49.325670578365894,8.56788739902027,0,1,6163.1406,-0.89773077,4,1,false,false,-17.706772,3.9978936,9.969886,2.8798356,3
41.54095,0.9370032,49.32567183730737,8.567878044326642,0,1,6121.2827,-0.89021,4,1,false,false,-19.998266,3.0792546,10.501147,2.8726385,3
41.567554,0.9371556,49.32567309597445,8.567868689633016,0,1,6095.6753,-0.89481914,4,1,false,false,-16.679403,2.725034,10.690004,2.866141,3
41.591434,0.93730813,49.325674354915925,8.56785947222441,0,1,6151.427,-0.90355325,4,1,false,false,-17.387356,2.3916943,9.7039795,2.8601193,3
41.59774,0.93746054,49.32567579358859,8.567850117530782,0,1,6195.5903,-0.914956,4,1,false,false,-18.772411,1.4085218,10.785624,2.85396,3
41.625393,0.93761307,49.325677142258456,8.567840762837154,0,1,6227.3887,-0.92684406,4,1,false,false,-15.792517,3.5146453,8.678528,2.8469832,3
41.65473,0.9377657,49.32567858093112,8.567831545428547,0,1,6201.13,-0.930483,4,1,false,false,-19.396482,2.2236269,11.697703,2.8400085,3
41.68293,0.9379185,49.325680109332176,8.56782219073492,0,1,6183.8906,-0.93460715,4,1,false,false,-17.463121,3.0129335,10.374418,2.832318,3
41.721443,0.9380713,49.32568163800763,8.567812973326314,0,1,6202.5986,-0.934607,4,1,false,false,-17.789303,2.9542487,9.681352,2.8246894,3
41.745335,0.93822426,49.32568316668308,8.567803756337538,0,1,6172.8027,-0.9360633,4,1,false,false,-18.156399,2.527423,10.962476,2.8173254,3
41.780678,0.9383772,49.32568478508692,8.567794401224079,0,1,6178.589,-0.94091564,4,1,false,false,-17.7543,3.1613326,10.043363,2.8098161,3
41.810013,0.9385304,49.325686493493556,8.567785184235303,0,1,6174.4316,-0.9457668,4,1,false,false,-16.207863,2.6552916,9.179596,2.8028576,3
41.843178,0.9386837,49.32568820190019,8.567775966826696,0,1,6171.666,-0.9530467,4,1,false,false,-16.760277,3.0997047,9.245832,2.796471,3
41.87265,0.93883705,49.32568991030683,8.56776674983792,0,1,6174.1436,-0.9637203,4,1,false,false,-17.444204,2.6806674,10.363815,2.790657,3
41.890625,0.9389906,49.32569170844186,8.567757532429313,0,1,6181.5103,-0.9787628,4,1,false,false,-20.46969,1.9694115,12.6539345,2.7847986,3
41.902786,0.9391441,49.32569350685129,8.567748452725558,0,1,6210.4897,-0.9874962,4,1,false,false,-21.413246,1.8791182,13.227896,2.7778387,3
41.916412,0.9392979,49.325695394989104,8.567739235736783,0,1,6233.1377,-0.9862827,4,1,false,false,-21.507025,2.164965,12.967582,2.7695384,3
41.937588,0.93945163,49.325697373129714,8.567730018328175,0,1,6229.7275,-0.97051287,4,1,false,false,-19.704262,2.7852106,11.824921,2.7603033,3
41.96761,0.9396054,49.32569935127032,8.56772093862442,0,1,6211.9624,-0.9474663,4,1,false,false,-18.57107,3.0129628,10.691415,2.7510717,3
41.99868,0.9397594,49.325701419413726,8.567711858920665,0,1,6194.963,-0.92005044,4,1,false,false,-18.4644,3.0028722,10.680685,2.7425785,3
42.025322,0.93991375,49.32570348728272,8.567702779636742,0,1,6193.8857,-0.90112764,4,1,false,false,-19.781994,2.7878656,11.4213505,2.734809,3
42.047806,0.94006807,49.32570564542892,8.567693699932986,0,1,6197.3706,-0.88948196,4,1,false,false,-19.31364,2.3875964,11.184156,2.7274463,3
42.066116,0.94022256,49.32570780330071,8.567684620229231,0,1,6214.168,-0.87953556,4,1,false,false,-18.575592,2.1417284,10.700044,2.720098,3
42.083256,0.94037694,49.32571005117529,8.567675678230328,0,1,6249.988,-0.86643404,4,1,false,false,-18.649616,2.3210137,10.696316,2.7124867,3
42.105824,0.94053173,49.325712299049876,8.567666598526573,0,1,6265.639,-0.853091,4,1,false,false,-18.733788,2.6518312,10.769787,2.7046525,3
42.13346,0.9406867,49.32571463692725,8.567657656107837,0,1,6247.496,-0.8392614,4,1,false,false,-18.064043,2.9136832,10.468273,2.6967232,3
42.162167,0.94084173,49.32571697453022,8.567648714108934,0,1,6237.9688,-0.8283438,4,1,false,false,-18.508303,2.8370264,10.735116,2.688814,3
42.187374,0.9409968,49.32571940241039,8.56763977211003,0,1,6244.7554,-0.8220363,4,1,false,false,-19.323027,2.7102518,11.694865,2.680861,3
42.20996,0.94115204,49.32572183001616,8.567630830111128,0,1,6245.3545,-0.8198526,4,1,false,false,-20.204096,2.6387303,12.392202,2.6728218,3
42.231144,0.9413075,49.325724347624714,8.567621888112225,0,1,6243.2266,-0.8200948,4,1,false,false,-20.092712,2.603201,11.500868,2.6645958,3
42.253296,0.94146305,49.32572686523328,8.56761308339834,0,1,6249.8413,-0.8232494,4,1,false,false,-19.22663,2.7097216,10.699324,2.6562777,3
42.278896,0.9416186,49.32572947284462,8.567604141399437,0,1,6253.714,-0.82882994,4,1,false,false,-17.595547,2.8662708,9.804554,2.6482086,3
42.307217,0.94177413,49.325732080181574,8.567595336685555,0,1,6246.7534,-0.8382913,4,1,false,false,-17.587288,2.908186,9.8324375,2.6408215,3
42.332993,0.94192946,49.32573477779572,8.567586532391502,0,1,6241.6133,-0.8518775,4,1,false,false,-18.593475,2.696321,10.991347,2.6341295,3
42.354153,0.9420849,49.325737475135455,8.567577865382471,0,1,6253.295,-0.86764646,4,1,false,false,-18.746038,2.394066,11.138781,2.6276693,3
42.370663,0.94224024,49.325740262477986,8.56756906108842,0,1,6279.796,-0.88244694,4,1,false,false,-17.708977,2.082928,10.486743,2.6210072,3
42.387863,0.9423957,49.32574304982052,8.567560394079388,0,1,6313.6562,-0.8928787,4,1,false,false,-17.716286,2.3816013,10.097711,2.6138213,3
42.413006,0.942551,49.32574592716584,8.567551727070356,0,1,6322.181,-0.89845806,4,1,false,false,-17.196531,2.8696063,9.769589,2.6061249,3
42.44282,0.9427062,49.325748804511164,8.567543060061325,0,1,6294.253,-0.89967155,4,1,false,false,-17.576317,3.0322216,9.867708,2.598402,3
42.471844,0.94286156,49.325751771584876,8.567534393052293,0,1,6275.41,-0.898458,4,1,false,false,-18.868431,2.9255338,11.373243,2.5908384,3
42.494095,0.9430169,49.32575473893299,8.567525726043263,0,1,6276.476,-0.8940922,4,1,false,false,-19.915703,2.5397365,12.068011,2.5833786,3
42.51293,0.9431722,49.325757706006705,8.567517196739082,0,1,6284.8496,-0.886329,4,1,false,false,-18.805553,2.4254456,10.29147,2.5758946,3
42.531292,0.94332737,49.32576076308322,8.567508667434904,0,1,6299.2583,-0.8751675,4,1,false,false,-18.089746,2.4165637,10.264574,2.5683818,3
42.553165,0.9434826,49.32576391016251,8.567500138130724,0,1,6313.907,-0.8610958,4,1,false,false,-18.109657,2.6827767,10.389113,2.5608177,3
42.579197,0.9436379,49.325767057241805,8.567491608826543,0,1,6305.9175,-0.84654045,4,1,false,false,-17.631073,2.8632183,9.808691,2.553435,3
42.605953,0.94379324,49.3257702043211,8.567483079522365,0,1,6292.4736,-0.8327108,4,1,false,false,-17.094774,2.8398464,9.429292,2.5464203,3
42.63201,0.94394845,49.325773441128796,8.567474687503205,0,1,6300.376,-0.8239769,4,1,false,false,-16.552212,2.6876867,9.275148,2.5397882,3
42.65682,0.94410366,49.32577667821088,8.567466295903877,0,1,6313.258,-0.8198526,4,1,false,false,-16.258997,2.5836515,8.913019,2.5335932,3
42.679886,0.944259,49.325780005021365,8.567457903884717,0,1,6321.5264,-0.8222792,4,1,false,false,-15.965984,2.4638236,8.779837,2.5276864,3
42.701847,0.9444143,49.32578333183184,8.567449512285389,0,1,6339.429,-0.8322256,4,1,false,false,-14.782728,2.3266826,8.250854,2.5217648,3
42.723396,0.9445697,49.325786748645115,8.567441257971081,0,1,6371.237,-0.8475104,4,1,false,false,-14.29948,2.259214,7.911618,2.515684,3
42.74643,0.9447249,49.325790165458386,8.567433003656774,0,1,6396.405,-0.8683756,4,1,false,false,-14.553117,2.559543,8.137262,2.5093472,3
42.773582,0.94488025,49.32579358227166,8.567424612057447,0,1,6398.4175,-0.890452,4,1,false,false,-14.81878,2.7224512,8.476584,2.502724,3
42.80085,0.9450357,49.325796998810524,8.567416495028159,0,1,6389.3613,-0.91616845,4,1,false,false,-16.690454,2.648487,10.128549,2.49581,3
42.82229,0.9451911,49.32580050562659,8.567408241133684,0,1,6391.715,-0.93873197,4,1,false,false,-18.346437,2.5079732,11.077555,2.4882364,3
42.843708,0.9453464,49.32580410217104,8.567399986819375,0,1,6397.3325,-0.954016,4,1,false,false,-17.297009,2.637456,9.595001,2.4799697,3
42.86814,0.94550186,49.3258076987155,8.567391870209919,0,1,6392.1978,-0.96274984,4,1,false,false,-16.379911,2.7208965,8.864865,2.471592,3
42.89646,0.94565743,49.32581129553435,8.567383753600463,0,1,6381.919,-0.966146,4,1,false,false,-16.982979,3.0981624,9.82251,2.4635465,3
42.92329,0.945813,49.3258149818072,8.567375636571176,0,1,6363.7256,-0.9695437,4,1,false,false,-17.776367,2.8165524,10.363606,2.4560938,3
42.943863,0.9459685,49.325818668354444,8.567367657666573,0,1,6357.3604,-0.97415197,4,1,false,false,-17.439037,2.3383598,9.851204,2.449076,3
42.956486,0.9461242,49.32582235490169,8.567359541057117,0,1,6388.95,-0.9787631,4,1,false,false,-18.405489,1.9842327,10.724075,2.4420655,3
42.965748,0.9462798,49.32582613145172,8.56735156173268,0,1,6425.639,-0.9831289,4,1,false,false,-19.311766,2.026072,11.87478,2.4345129,3
42.97685,0.9464354,49.32582999773015,8.567343720532929,0,1,6432.0684,-0.98385715,4,1,false,false,-19.902098,2.254465,11.765325,2.4262125,3
42.994144,0.94659114,49.32583386400858,8.567335741208494,0,1,6424.641,-0.9790042,4,1,false,false,-18.257868,2.757559,10.008095,2.4173577,3
43.02127,0.94674677,49.325837730287006,8.567327899588909,0,1,6415.3784,-0.9726966,4,1,false,false,-17.241434,3.1484783,9.439252,2.408685,3
43.05141,0.9469027,49.325841686568225,8.567320057969326,0,1,6384.365,-0.9661458,4,1,false,false,-17.227177,3.2562413,9.4234915,2.4009109,3
43.081303,0.94705856,49.325845642849444,8.567312354054593,0,1,6353.4614,-0.96541846,4,1,false,false,-16.607853,3.0274577,8.636679,2.3943362,3
43.104774,0.9472145,49.325849689133456,8.567304650139862,0,1,6354.9355,-0.9695435,4,1,false,false,-15.056517,2.3957899,7.6320314,2.3889132,3
43.12021,0.9473706,49.32585373541747,8.567296808520277,0,1,6395.36,-0.97682136,4,1,false,false,-13.65515,1.8284708,7.010934,2.384225,3
43.128944,0.9475267,49.325857781427075,8.567289242310396,0,1,6452.664,-0.9840992,4,1,false,false,-14.731018,1.5532178,7.6642327,2.3796515,3
43.136612,0.9476828,49.32586182771109,8.567281538395665,0,1,6497.81,-0.99113524,4,1,false,false,-14.981452,1.6840734,8.251983,2.37444,3
43.147415,0.94783896,49.32586596372349,8.567273972185784,0,1,6525.9497,-0.99113506,4,1,false,false,-15.928268,1.931483,9.436626,2.368135,3
43.163666,0.94799525,49.325870099735894,8.567266405975905,0,1,6541.165,-0.98070234,4,1,false,false,-16.902592,2.4527903,10.222458,2.360567,3
43.186565,0.94815147,49.32587432575109,8.567258839766025,0,1,6529.5107,-0.9581408,4,1,false,false,-17.835712,2.9352784,10.468503,2.352057,3
43.21473,0.9483079,49.32587855176628,8.567251272716481,0,1,6490.9844,-0.9261167,4,1,false,false,-18.18411,3.2804472,10.460664,2.3432195,3
43.247322,0.9484644,49.325882867784266,8.567243844211452,0,1,6450.722,-0.89190763,4,1,false,false,-18.294315,3.4830217,10.624865,2.3346646,3
43.276237,0.9486211,49.32588718352785,8.567236415706425,0,1,6414.29,-0.8584271,4,1,false,false,-18.724777,3.1499672,10.650914,2.326918,3
43.300034,0.94877785,49.32589149954583,8.567229124066584,0,1,6398.9175,-0.8327109,4,1,false,false,-18.473303,2.8071814,10.474318,2.3200307,3
43.317253,0.9489347,49.32589590529221,8.567221695561557,0,1,6408.886,-0.81184685,4,1,false,false,-18.476967,2.325363,10.861247,2.313811,3
43.32963,0.9490916,49.325900311312985,8.567214403921716,0,1,6432.072,-0.79728913,4,1,false,false,-18.587797,2.2843225,10.422004,2.3077712,3
43.34423,0.9492489,49.32590471705936,8.567207250826392,0,1,6449.493,-0.7863723,4,1,false,false,-17.802845,2.3449888,9.763632,2.3016186,3
43.361977,0.9494061,49.325909212808526,8.567200096891403,0,1,6453.7275,-0.7778802,4,1,false,false,-17.375923,2.5256505,9.550391,2.2953186,3
43.38334,0.9495633,49.3259137085577,8.567192942956416,0,1,6457.5015,-0.7689032,4,1,false,false,-17.551668,2.74493,10.038089,2.2889256,3
43.406887,0.9497206,49.32591829430965,8.56718578986109,0,1,6450.167,-0.75919867,4,1,false,false,-17.77205,2.8310566,10.028084,2.2826347,3
43.431004,0.94987833,49.325922879787214,8.567178773630955,0,1,6437.1333,-0.7453704,4,1,false,false,-17.043636,2.785242,9.322826,2.2765417,3
43.45579,0.9500361,49.32592746553917,8.567171757400818,0,1,6439.064,-0.7271739,4,1,false,false,-16.258514,2.765871,9.08034,2.2707145,3
43.480885,0.95019394,49.32593214101952,8.567164741170682,0,1,6448.1943,-0.7055807,4,1,false,false,-15.885328,2.72499,8.877961,2.2652562,3
43.50566,0.95035183,49.32593681677427,8.567157862645397,0,1,6449.025,-0.68471557,4,1,false,false,-16.549936,2.6706626,9.560968,2.2601557,3
43.528973,0.9505099,49.325941582257414,8.567150846415261,0,1,6450.2363,-0.66457856,4,1,false,false,-16.565945,2.557894,9.60924,2.2551415,3
43.54938,0.9506678,49.32594625773776,8.567144105594828,0,1,6463.149,-0.6424993,4,1,false,false,-17.13641,2.3798213,10.302463,2.2498827,3
43.56806,0.9508259,49.325951113223695,8.567137227069544,0,1,6477.826,-0.6221191,4,1,false,false,-17.428398,2.3962283,10.092384,2.2440891,3
43.59098,0.95098394,49.325955878706836,8.56713048624911,0,1,6483.4663,-0.5995547,4,1,false,false,-16.795286,2.6880555,9.81611,2.2378044,3
43.617657,0.9511421,49.32596073419277,8.56712374542868,0,1,6476.4604,-0.579175,4,1,false,false,-16.699451,2.8411274,9.640401,2.231441,3
43.647205,0.9513003,49.325965589404305,8.567117141473435,0,1,6467.9014,-0.56825715,4,1,false,false,-15.926942,2.9633617,8.847956,2.2253065,3
43.67887,0.9514587,49.32597053489303,8.567110538357854,0,1,6461.577,-0.5699545,4,1,false,false,-15.221086,2.9392774,8.541921,2.2197227,3
43.707993,0.95161706,49.32597548010735,8.567103935242272,0,1,6461.363,-0.58766687,4,1,false,false,-14.681665,2.6701992,8.322448,2.214719,3
43.733166,0.9517755,49.32598042559608,8.567097331287028,0,1,6477.2383,-0.62260425,4,1,false,false,-15.931688,2.4204438,9.643127,2.2100496,3
43.751522,0.95193404,49.3259853708104,8.5670908658763,0,1,6500.2124,-0.66724706,4,1,false,false,-17.644922,2.076978,11.110118,2.2051623,3
43.7663,0.95209265,49.325990406027515,8.567084399625907,0,1,6526.763,-0.71237344,4,1,false,false,-18.757835,2.1222777,11.879167,2.199296,3
43.785503,0.9522512,49.32599544124463,8.56707793421518,0,1,6545.094,-0.7458545,4,1,false,false,-17.675627,2.4784503,10.120038,2.1922317,3
43.815453,0.95240986,49.326000566464536,8.567071605669637,0,1,6536.543,-0.7676899,4,1,false,false,-15.782752,3.2152646,9.185451,2.1845565,3
43.85311,0.95256853,49.32600569168444,8.567065277963762,0,1,6500.978,-0.77642393,4,1,false,false,-16.327843,3.468135,9.142767,2.1773074,3
43.889397,0.95272744,49.32601081662995,8.567059087123072,0,1,6459.6494,-0.780064,4,1,false,false,-16.72349,3.1260822,9.157105,2.1711118,3
43.91635,0.9528864,49.32601594184986,8.567052896282384,0,1,6441.8135,-0.7861293,4,1,false,false,-16.927795,2.3961337,9.785089,2.1660206,3
43.93013,0.9530454,49.32602115707256,8.567046705441696,0,1,6469.3794,-0.79413635,4,1,false,false,-16.340885,1.487489,9.1360035,2.1613781,3
43.92271,0.9532044,49.326026372020856,8.56704051544067,0,1,6546.479,-0.7997157,4,1,false,false,-20.27245,0.41413507,11.838261,2.1559277,3
43.919315,0.9533634,49.326031676971944,8.567034462304834,0,1,6646.5977,-0.7994726,4,1,false,false,-15.684436,1.3468461,9.067089,2.1484764,3
43.94434,0.9535223,49.32603698192303,8.567028546034184,0,1,6673.638,-0.7880701,4,1,false,false,-11.633181,3.0076456,6.7773595,2.1402278,3
43.99356,0.9536814,49.32604228687413,8.567022492898348,0,1,6603.8433,-0.76987344,4,1,false,false,-12.538829,4.376686,7.1129313,2.1326008,3
44.045856,0.95384073,49.32604759209961,8.567016577467363,0,1,6517.7065,-0.7577434,4,1,false,false,-13.6273365,3.789737,7.828686,2.126221,3
44.081898,0.9540002,49.326052986779096,8.567010662036378,0,1,6499.9644,-0.75386137,4,1,false,false,-15.121407,2.5826976,8.885878,2.1209698,3
44.099457,0.9541597,49.326058291730185,8.567004746605393,0,1,6549.9067,-0.7541046,4,1,false,false,-15.998567,1.7149689,9.875718,2.1158664,3
44.107468,0.95431924,49.326063686684066,8.56699896887926,0,1,6604.9805,-0.75240505,4,1,false,false,-17.722559,1.8445156,10.593141,2.1099858,3
44.12627,0.95447874,49.32606917164074,8.566993191153127,0,1,6626.4697,-0.7417307,4,1,false,false,-13.269616,2.4775841,7.474433,2.1029866,3
44.159794,0.9546384,49.32607465632301,8.56698741258733,0,1,6606.6514,-0.72329193,4,1,false,false,-15.851118,3.2076583,9.904397,2.0957823,3
44.193825,0.9547983,49.32608014127968,8.566981772566049,0,1,6566.81,-0.7043674,4,1,false,false,-15.598837,3.2007494,8.569061,2.0886717,3
44.2321,0.95495814,49.32608562596195,8.566976131705104,0,1,6541.657,-0.68762714,4,1,false,false,-15.361706,3.0862434,8.354062,2.0821478,3
44.24901,0.9551182,49.326091110918625,8.566970629388674,0,1,6541.6987,-0.67258364,4,1,false,false,-17.580244,1.9036425,9.723352,2.0763447,3
44.267796,0.9552783,49.32609668560369,8.56696498852773,0,1,6603.1416,-0.65875524,4,1,false,false,-9.312787,2.813259,8.787668,2.0699868,3
44.305153,0.95543844,49.326102260288756,8.5669594862113,0,1,6598.0195,-0.6395874,4,1,false,false,-5.4918065,2.1116197,1.9483856,2.0653782,3
44.31672,0.9555987,49.32610783497382,8.566954120760059,0,1,6612.9243,-0.6398307,4,1,false,false,-0.90901077,0.22133893,-1.0271841,2.0627058,3
44.326916,0.95575917,49.32611349966167,8.566948617603966,0,1,6807.4033,-0.661667,4,1,false,false,-1.9108744,0.41007087,-0.52165234,2.0608354,3
44.30665,0.95591944,49.326119074346735,8.566943115287536,0,1,6949.5586,-0.7004852,4,1,false,false,-7.836487,-1.6250598,2.9824014,2.0590065,3
44.27218,0.9560796,49.3261246490318,8.566937612131444,0,1,7070.6187,-0.72474724,4,1,false,false,-8.248339,-1.3192619,3.6271708,2.0553415,3
44.24707,0.9562397,49.326130223716866,8.566932246680203,0,1,7271.348,-0.7143147,4,1,false,false,-6.413812,-1.8098314,8.938409,2.0499866,3
44.26243,0.95639974,49.32613588840472,8.566926882068625,0,1,7270.4,-0.6614238,4,1,false,false,-19.741354,3.597975,23.342133,2.0430086,3
44.26095,0.95655984,49.326141553092576,8.566921516617384,0,1,7121.959,-0.58863723,4,1,false,false,-21.1572,0.8065522,18.509447,2.0346084,3
44.300915,0.95672,49.32614721778043,8.566916288870996,0,1,6967.3276,-0.5046886,4,1,false,false,-16.734564,6.413942,14.026076,2.026853,3
44.382298,0.9568805,49.326152882468286,8.566911061124605,0,1,6866.3823,-0.43092978,4,1,false,false,-16.747162,6.4851894,14.577773,2.021319,3
44.461548,0.95704126,49.32615863688453,8.566905833378216,0,1,6578.0176,-0.39235058,4,1,false,false,-16.597109,5.504838,13.245017,2.0184917,3
44.50714,0.9572024,49.326164391575176,8.56690074333668,0,1,6437.9263,-0.38118994,4,1,false,false,-13.8185835,2.6188936,9.078316,2.0174947,3
44.512714,0.95736355,49.32617014599142,8.566895653295141,0,1,6615.7646,-0.38628507,4,1,false,false,-13.445435,0.56813645,7.9709296,2.0168104,3
44.5221,0.9575248,49.32617599068486,8.566890563253605,0,1,6775.4478,-0.39599043,4,1,false,false,-12.800175,2.1755807,6.730311,2.01642,3
44.548748,0.95768607,49.3261817451011,8.566885610916918,0,1,6701.932,-0.4115192,4,1,false,false,-9.869556,1.9417659,6.149832,2.0165718,3
44.58146,0.95784765,49.326187589520146,8.566880657740569,0,1,6691.9243,-0.43675235,4,1,false,false,-11.55384,3.5129836,6.4882774,2.0162873,3
44.624077,0.95800936,49.32619343421358,8.566875705403884,0,1,6749.6123,-0.46562523,4,1,false,false,-13.008518,2.9664469,8.219008,2.0154579,3
44.66224,0.9581711,49.32619936836101,8.566870753067198,0,1,6670.328,-0.48649234,4,1,false,false,-12.300044,3.1631608,8.584939,2.0141041,3
44.722973,0.95833325,49.32620521305444,8.566865938435365,0,1,6598.248,-0.48843277,4,1,false,false,-12.634015,4.9663424,9.57764,2.0122538,3
44.76834,0.95849574,49.326211147201874,8.566861122963868,0,1,6555.2603,-0.4665955,4,1,false,false,-12.414832,2.1780064,8.534398,2.0112152,3
44.77615,0.9586583,49.3262170816237,8.566856308332033,0,1,6605.054,-0.4343257,4,1,false,false,-19.204681,0.79232067,14.74443,2.010029,3
44.788593,0.95882094,49.32622301604553,8.566851492860536,0,1,6733.627,-0.3993873,4,1,false,false,-15.526464,1.3584708,11.846584,2.0066693,3
44.805687,0.9589836,49.32622904047015,8.566846815933555,0,1,6761.718,-0.35134572,4,1,false,false,-13.972965,1.4162663,10.714286,2.0011466,3
44.846985,0.95914656,49.32623497489198,8.566842275871762,0,1,6757.5796,-0.29723772,4,1,false,false,-12.347475,4.6912785,9.961181,1.9938633,3
44.925365,0.9593099,49.326240999042206,8.56683759894478,0,1,6677.653,-0.24410103,4,1,false,false,-15.111692,4.6306176,11.367347,1.9866018,3
44.988583,0.9594735,49.326247113195215,8.566833058882986,0,1,6516.0605,-0.20940365,4,1,false,false,-13.510694,4.541739,10.064559,1.9809837,3
45.0386,0.9596372,49.32625313761984,8.566828518821193,0,1,6505.1323,-0.20212398,4,1,false,false,-12.797101,2.7796264,9.098218,1.9772913,3
45.06644,0.95980155,49.326259251772846,8.56682411646425,0,1,6581.5312,-0.22638777,4,1,false,false,-10.193187,1.7095999,7.641976,1.9753127,3
45.08984,0.959966,49.32626527619747,8.566819576402457,0,1,6633.3374,-0.27127555,4,1,false,false,-9.451279,1.9675786,7.0167522,1.974298,3
45.11964,0.9601305,49.32627139035048,8.566815174885178,0,1,6661.6196,-0.3185899,4,1,false,false,-8.094756,1.4320408,6.2580123,1.9735507,3
45.133953,0.9602952,49.32627759450628,8.566810772528237,0,1,6711.6465,-0.3700282,4,1,false,false,-11.224835,1.0326544,7.9001236,1.9721893,3
45.152153,0.9604601,49.3262837086593,8.566806370171296,0,1,6801.648,-0.40860754,4,1,false,false,-11.702761,2.399,9.4684105,1.9690982,3
45.203472,0.9606252,49.326289822812306,8.566802105519207,0,1,6807.418,-0.4180698,4,1,false,false,-7.3393703,3.1466107,6.709031,1.9648027,3
45.252766,0.96079046,49.32629602696811,8.566797840867116,0,1,6718.1016,-0.39283666,4,1,false,false,-10.91942,3.7311964,9.50917,1.9602251,3
45.313267,0.9609559,49.32630223112391,8.566793576215026,0,1,6696.6357,-0.34746373,4,1,false,false,-12.479202,4.07659,10.626883,1.9554162,3
45.361065,0.9611217,49.326308435279714,8.566789311562937,0,1,6665.562,-0.29772383,4,1,false,false,-11.7042055,2.2214494,8.324474,1.950886,3
45.38994,0.9612877,49.326314639435516,8.566785046910846,0,1,6670.7163,-0.24410093,4,1,false,false,-11.95934,2.4301586,10.434677,1.946335,3
45.431763,0.9614538,49.32632084359132,8.566780919123945,0,1,6733.176,-0.19799899,4,1,false,false,-9.198305,3.0226202,8.661645,1.9415251,3
45.47513,0.96162003,49.326327137749914,8.566776792176707,0,1,6700.4116,-0.15966092,4,1,false,false,-10.223237,2.565902,9.281682,1.9374843,3
45.51541,0.96178657,49.326333341905716,8.56677266522947,0,1,6668.653,-0.13103001,4,1,false,false,-12.749804,2.9649308,11.432351,1.9339222,3
45.55714,0.9619532,49.326339635789914,8.566768675987083,0,1,6697.764,-0.12011047,4,1,false,false,-11.159137,2.2570417,10.478235,1.9304459,3
45.58475,0.96212006,49.32634592994851,8.566764548200181,0,1,6723.4346,-0.11453012,4,1,false,false,-11.261192,2.1428528,12.61334,1.9269409,3
45.627254,0.96228695,49.32635231383549,8.566760558957796,0,1,6753.332,-0.10967601,4,1,false,false,-10.984819,3.1522703,13.814378,1.9230423,3
45.66937,0.96245414,49.32635860799409,8.56675670742026,0,1,6715.1323,-0.09827225,4,1,false,false,-10.450107,2.635853,13.031662,1.9195445,3
45.70972,0.9626215,49.32636499188107,8.566752717338211,0,1,6675.828,-0.08322866,4,1,false,false,-10.540291,3.1326008,10.195196,1.9166533,3
45.750492,0.96278906,49.32637128603967,8.566748865800678,0,1,6691.294,-0.06866929,4,1,false,false,-7.938942,2.2040708,10.4593935,1.9144143,3
45.78047,0.96295667,49.32637766992665,8.56674501342348,0,1,6697.071,-0.060420237,4,1,false,false,-4.9908576,2.0797362,4.479212,1.9135331,3
45.819145,0.9631245,49.32638405381364,8.566741161885945,0,1,6716.4604,-0.05896394,4,1,false,false,-4.263182,2.6077044,3.0585136,1.9136763,3
45.8571,0.96329254,49.326390437700624,8.566737309508747,0,1,6733.9116,-0.0630889,4,1,false,false,-2.8395784,1.7239616,1.4439511,1.9146928,3
45.855118,0.9634606,49.3263969115904,8.566733457971214,0,1,6792.786,-0.072310075,4,1,false,false,-5.754778,-1.0190431,6.248476,1.9158994,3
45.864685,0.96362877,49.32640329575179,8.566729605594016,0,1,6982.8843,-0.08322869,4,1,false,false,-5.5395412,1.1138481,7.721844,1.9160495,3
45.883694,0.96379703,49.32640967963877,8.56672589092167,0,1,7058.4546,-0.07303727,4,1,false,false,-5.0844936,1.2012082,8.834081,1.915317,3
45.931892,0.9639654,49.32641615352855,8.566722039384135,0,1,7030.311,-0.044161484,4,1,false,false,-4.710847,5.6110106,10.172968,1.9135934,3
46.057816,0.9641341,49.32642253741554,8.56671832471179,0,1,6887.88,0.0043680146,4,1,false,false,-5.187511,6.5080314,9.323307,1.9118603,3
46.13906,0.9643032,49.326429011305315,8.566714473174256,0,1,6611.139,0.06236075,4,1,false,false,-2.8370028,4.675035,8.078207,1.9111294,3
46.19873,0.96447265,49.32643548519509,8.566710758501909,0,1,6632.7354,0.098516256,4,1,false,false,-5.159567,2.3464417,13.241575,1.9113361,3
46.219948,0.9646422,49.32644195908487,8.566707043829563,0,1,6773.1455,0.124966405,4,1,false,false,-3.1502678,1.1202874,16.07489,1.9119669,3
46.248676,0.9648119,49.326448432974644,8.566703329996882,0,1,6812.8374,0.12787767,4,1,false,false,-2.1436284,2.1854384,14.616371,1.9129877,3
46.281082,0.9649818,49.32645490686442,8.566699615324536,0,1,6810.796,0.13006212,4,1,false,false,-0.5201688,2.3324733,9.760958,1.9141362,3
46.35689,0.9651519,49.326461380754196,8.566695762947338,0,1,6811.2153,0.12326753,4,1,false,false,-1.6903112,3.7634356,9.692423,1.9155859,3
46.41424,0.9653223,49.326467944646765,8.566692049114655,0,1,6702.8765,0.11234749,4,1,false,false,0.038778044,3.4842913,10.976646,1.9173715,3
46.46263,0.96549284,49.32647441853654,8.56668833444231,0,1,6675.98,0.10021511,4,1,false,false,0.4804085,2.3691943,11.614204,1.9195167,3
46.49256,0.9656636,49.32648098215471,8.566684619769964,0,1,6762.3647,0.09414917,4,1,false,false,1.0029991,1.5263081,12.234407,1.9217442,3
46.519344,0.96583444,49.32648745604449,8.56668090593728,0,1,6838.0396,0.09148002,4,1,false,false,1.4669135,1.8921022,12.853732,1.923997,3
46.561283,0.9660055,49.32649401993706,8.566677053560083,0,1,6849.5933,0.09099446,4,1,false,false,1.7298628,2.8854187,11.03441,1.9263107,3
46.61305,0.9661768,49.32650058355522,8.566673339727402,0,1,6818.8,0.092935875,4,1,false,false,1.9336053,3.2704804,9.811762,1.9285605,3
46.665688,0.9663482,49.326507057445006,8.566669625055056,0,1,6792.076,0.09463382,4,1,false,false,2.8747199,3.1687567,10.625266,1.9306242,3
46.71259,0.9665199,49.32651362133757,8.566665772677856,0,1,6781.1714,0.09584712,4,1,false,false,3.4405553,2.6912558,10.565525,1.932484,3
46.75246,0.96669173,49.32652018523014,8.566661921140323,0,1,6789.49,0.095605,4,1,false,false,3.254797,2.233504,8.849266,1.9341949,3
46.788685,0.96686375,49.32652674884831,8.566658206467977,0,1,6820.362,0.09002374,4,1,false,false,3.1737506,2.173166,8.9726515,1.9358749,3
46.82466,0.967036,49.32653331274088,8.566654354930442,0,1,6850.93,0.079832315,4,1,false,false,3.0457482,2.190361,8.975423,1.9375614,3
46.863155,0.9672084,49.32653987663345,8.566650502553244,0,1,6866.0503,0.06381708,4,1,false,false,2.4321713,2.4138207,7.5959077,1.9392283,3
46.901764,0.9673809,49.32654644025161,8.566646651015711,0,1,6883.671,0.046832018,4,1,false,false,2.0209944,2.3747354,6.34151,1.9407911,3
46.941845,0.96755356,49.32655291414139,8.566642660933661,0,1,6909.6064,0.029846039,4,1,false,false,1.9663895,2.465757,6.633123,1.9422022,3
46.982986,0.96772635,49.32655947803396,8.566638809396126,0,1,6920.2617,0.020867929,4,1,false,false,2.0288045,2.3986516,7.4661994,1.9434185,3
47.022465,0.9678993,49.32656613165492,8.566634957018929,0,1,6929.754,0.020624897,4,1,false,false,2.532803,2.336874,8.709821,1.9444671,3
47.062126,0.9680726,49.32657269554748,8.566631105481395,0,1,6957.639,0.03008907,4,1,false,false,2.5733905,2.43135,8.599535,1.9455047,3
47.10927,0.9682458,49.326579259165655,8.566627115399346,0,1,6969.7534,0.04489058,4,1,false,false,3.3163464,3.1091418,8.747334,1.946579,3
47.163162,0.9684193,49.326585823058224,8.566623126156959,0,1,6933.172,0.06163353,4,1,false,false,3.2811172,3.4829319,9.4911785,1.9477288,3
47.22072,0.9685931,49.32659238695079,8.56661927377976,0,1,6886.69,0.077163205,4,1,false,false,3.945771,3.2972002,8.935514,1.9488045,3
47.268772,0.9687671,49.32659895056896,8.566615284537376,0,1,6872.504,0.09196469,4,1,false,false,3.661728,2.620698,9.3342,1.9497972,3
47.31021,0.96894115,49.32660560446432,8.566611295294988,0,1,6898.527,0.107737385,4,1,false,false,3.2970505,2.4703872,9.304914,1.950742,3
47.34513,0.9691155,49.32661216808249,8.566607305212939,0,1,6921.216,0.11695856,4,1,false,false,3.9188652,2.003913,9.728262,1.9517132,3
47.382584,0.9692899,49.32661873197506,8.566603178265702,0,1,6948.3813,0.12666434,4,1,false,false,5.1554036,2.3281105,10.900429,1.9529284,3
47.423477,0.96946454,49.32662538559602,8.566599189023316,0,1,6961.978,0.13054675,4,1,false,false,4.7916217,2.5160575,10.847926,1.9545906,3
47.46414,0.96963924,49.326631949488586,8.566595062076077,0,1,6959.976,0.13297336,4,1,false,false,5.5463085,2.746406,11.434822,1.9565856,3
47.51026,0.96981406,49.32663851310675,8.566591071994027,0,1,6962.9287,0.13103239,4,1,false,false,5.2980266,2.7300344,11.369415,1.9588958,3
47.558784,0.9699891,49.32664516700211,8.56658694504679,0,1,6947.079,0.12763552,4,1,false,false,5.4687266,2.8899338,11.889906,1.9613591,3
47.6024,0.9701644,49.326651730620284,8.566582818099553,0,1,6926.5005,0.1235101,4,1,false,false,5.804355,2.5359108,12.302371,1.963828,3
47.645226,0.9703397,49.32665829451285,8.566578691152314,0,1,6938.56,0.11550271,4,1,false,false,6.168219,2.3409166,12.255574,1.9662982,3
47.684135,0.9705151,49.32666494813381,8.566574426500225,0,1,6953.4033,0.105068274,4,1,false,false,5.7386975,2.4588253,11.820648,1.9687258,3
47.724506,0.97069067,49.32667151202638,8.566570298713323,0,1,6956.696,0.091964684,4,1,false,false,5.531227,2.5029876,10.797756,1.971037,3
47.76501,0.97086626,49.32667816564734,8.566566034061234,0,1,6957.3584,0.07813344,4,1,false,false,5.067421,2.4870167,10.373694,1.9731895,3
47.804928,0.9710421,49.326684729539906,8.566561769409143,0,1,6964.7295,0.06600154,4,1,false,false,4.62134,2.3996525,10.383642,1.9751376,3
47.84309,0.971218,49.326691293432475,8.566557504757053,0,1,6974.561,0.057750642,4,1,false,false,3.847099,2.3289528,9.208661,1.9768376,3
47.88065,0.971394,49.32669794705343,8.566553240104964,0,1,6991.024,0.054838948,4,1,false,false,4.1636076,2.2586603,8.812811,1.9782817,3
47.917385,0.97157013,49.326704510946,8.566548837748021,0,1,7009.486,0.058720887,4,1,false,false,4.3066607,2.3009677,10.237768,1.9796318,3
47.95659,0.9717465,49.326711164566966,8.566544573095932,0,1,7021.373,0.07036861,4,1,false,false,4.2071347,2.4637408,9.756564,1.9809853,3
47.995728,0.971923,49.32671772845953,8.56654017073899,0,1,7025.381,0.08128864,4,1,false,false,4.283372,2.4254432,9.354821,1.9823568,3
48.037766,0.97209966,49.32672438208049,8.566535769221712,0,1,7034.4307,0.091480054,4,1,false,false,4.6575346,2.6308079,9.745249,1.9837949,3
48.081135,0.97227645,49.32673094597306,8.566531504569623,0,1,7029.23,0.099972546,4,1,false,false,4.7193475,2.6432767,10.124994,1.9852768,3
48.123615,0.9724533,49.32673759959402,8.566527102212682,0,1,7017.666,0.10531083,4,1,false,false,4.654065,2.5830355,9.474381,1.9867623,3
48.164116,0.97263044,49.32674416321219,8.566522562150887,0,1,7025.3384,0.10579689,4,1,false,false,4.531506,2.4096093,9.281259,1.9882478,3
48.202564,0.97280765,49.326750817107545,8.566518159793945,0,1,7040.6646,0.102399155,4,1,false,false,4.533126,2.3306477,9.6985,1.9897465,3
48.240692,0.9729851,49.32675738072572,8.566513757437004,0,1,7048.9585,0.096818306,4,1,false,false,4.50932,2.3468258,9.710442,1.9912707,3
48.27874,0.9731626,49.32676403462108,8.566509217375211,0,1,7056.1787,0.09002373,4,1,false,false,4.175666,2.309502,8.826839,1.9928453,3
48.31699,0.9733403,49.32677059823924,8.56650467815308,0,1,7070.4673,0.08444241,4,1,false,false,4.2671437,2.3452718,9.525426,1.9944468,3
48.35621,0.973518,49.326777252134605,8.566500138091287,0,1,7079.282,0.077406235,4,1,false,false,4.1142945,2.3962266,9.298999,1.9960657,3
48.39025,0.973696,49.326783815752776,8.566495598029494,0,1,6930.3296,0.069155306,0,1,false,false,4.0307345,0.98281777,9.107714,1.9976642,3
48.38198,0.97387403,49.32679046964813,8.566491058807364,0,1,6793.919,0.06527337,0,1,false,false,4.068544,-0.93643856,9.869911,1.9991663,3
48.411457,0.974052,49.3267970332663,8.56648651874557,0,1,5885.1177,0.0643022,5,1,false,false,4.0552945,4.8182807,11.463182,2.0006037,3
48.490364,0.9742303,49.32680368716166,8.566481978683777,0,1,5667.706,0.06624362,5,1,false,false,4.5150223,3.1640177,10.090559,2.0020907,3
48.49916,0.9744087,49.32681025077983,8.566477301756795,0,1,6069.736,0.06964137,5,1,false,false,4.3330665,0.053531915,10.954261,2.0035915,3
48.530506,0.9745872,49.32681690467519,8.56647262399015,0,1,5945.887,0.07206701,5,1,false,false,4.6212974,3.3083136,11.703028,2.0049798,3
48.590042,0.97476584,49.326823468293355,8.566468083928356,0,1,5810.986,0.07206702,5,1,false,false,4.6360636,3.273032,10.88012,2.0063598,3
48.62618,0.97494465,49.32683012218872,8.566463407001374,0,1,5918.4106,0.06964141,5,1,false,false,4.474787,1.7087396,10.464455,2.0077372,3
48.657,0.9751236,49.32683668580689,8.566458591529877,0,1,5944.065,0.066485725,5,1,false,false,4.147504,2.2601318,10.902616,2.0090258,3
48.69941,0.97530276,49.32684333970224,8.566453914602896,0,1,5893.1997,0.062360756,5,1,false,false,4.062756,2.672648,10.588682,2.0102215,3
48.73885,0.9754819,49.32684999332321,8.566449236836249,0,1,5910.9185,0.060420237,5,1,false,false,3.9033558,2.2243867,9.862994,2.0113637,3
48.773228,0.9756614,49.32685655694137,8.566444422204416,0,1,5940.702,0.056780398,5,1,false,false,3.666126,2.1495357,10.145977,2.0124671,3
48.810806,0.97584087,49.326863210836734,8.566439744437771,0,1,5937.1206,0.052897513,5,1,false,false,3.4467697,2.39078,9.888336,2.013547,3
48.84981,0.9760206,49.3268697744549,8.566434929805936,0,1,5938.0967,0.048772536,5,1,false,false,3.223069,2.3430128,9.3779125,2.0145874,3
48.88726,0.97620034,49.32687642835026,8.56643011433444,0,1,5951.602,0.045618743,5,1,false,false,3.1476545,2.2903166,9.978578,2.015581,3
48.92546,0.9763803,49.32688308197122,8.566425299702606,0,1,5957.5654,0.042707045,5,1,false,false,3.0993178,2.3678412,10.113666,2.0165322,3
48.96413,0.9765604,49.32688964586379,8.566420485070772,0,1,5956.9033,0.040037442,5,1,false,false,3.0651536,2.3590117,10.1243105,2.0174484,3
49.00277,0.9767406,49.32689629948475,8.566415669599275,0,1,5965.0034,0.038338087,5,1,false,false,2.942594,2.3869455,10.326609,2.0183527,3
49.041714,0.97692096,49.32690286337732,8.56641071726259,0,1,5969.395,0.036397584,5,1,false,false,2.59714,2.3966656,9.97297,2.0192304,3
49.08102,0.9771014,49.32690951699828,8.566405902630756,0,1,5967.1133,0.03397102,5,1,false,false,2.8501933,2.4109616,10.65562,2.020043,3
49.120163,0.97728205,49.326916170619235,8.566401087159258,0,1,5970.172,0.031059328,5,1,false,false,2.7742856,2.3812711,10.584172,2.020815,3
49.157913,0.97746295,49.3269228245146,8.566396134822574,0,1,5974.741,0.027419478,5,1,false,false,2.5347905,2.2942786,10.132008,2.0215323,3
49.196083,0.97764385,49.32692938813277,8.566391182485887,0,1,5981.5825,0.023051463,5,1,false,false,2.402585,2.363627,10.464649,2.0221946,3
49.234455,0.9778249,49.32693604202812,8.566386229309538,0,1,5983.252,0.016742952,5,1,false,false,2.2465081,2.3480105,10.232243,2.0227814,3
49.27245,0.9780061,49.32694269564909,8.566381414677705,0,1,5985.045,0.009948365,5,1,false,false,1.9473606,2.3078063,9.91775,2.0232828,3
49.309742,0.97818756,49.326949349270045,8.566376462341019,0,1,5993.6167,0.0031547272,5,1,false,false,1.744045,2.2781446,10.116347,2.0236745,3
49.34672,0.97836894,49.32695600316541,8.566371510004334,0,1,6001.342,-0.004853138,5,1,false,false,1.5086067,2.255865,9.626586,2.0239713,3
49.383724,0.9785506,49.326962656786364,8.566366419962796,0,1,6007.556,-0.008735084,5,1,false,false,1.3122543,2.2379472,9.272795,2.0241585,3
49.420822,0.9787324,49.32696931040732,8.566361466786446,0,1,6016.174,-0.010434431,5,1,false,false,1.0309896,2.2819865,9.594912,2.024248,3
49.45845,0.97891426,49.32697596430268,8.566356514449762,0,1,6022.5264,-0.010191402,5,1,false,false,1.1217041,2.292549,9.61348,2.0242374,3
49.49598,0.97909635,49.32698261792364,8.566351562113077,0,1,6026.259,-0.0077648335,5,1,false,false,0.9076684,2.2836425,9.285026,2.024184,3
49.533752,0.9792785,49.326989271544605,8.566346472071539,0,1,6034.262,-0.004610104,5,1,false,false,0.79000974,2.3018382,9.561324,2.0241015,3
49.572212,0.9794608,49.32699592516556,8.56634151889519,0,1,6038.625,-0.0029126327,5,1,false,false,0.6866168,2.3580804,9.564723,2.0240073,3
49.611126,0.9796433,49.327002579060924,8.566336428853653,0,1,6037.95,-0.002669601,5,1,false,false,0.73783493,2.3534963,9.279712,2.0239034,3
49.649227,0.9798259,49.32700923268188,8.566331476516966,0,1,6041.9565,-0.004853137,5,1,false,false,0.4514495,2.295221,8.941555,2.0238051,3
49.686832,0.9800086,49.32701597630563,8.56632638647543,0,1,6049.65,-0.008735084,5,1,false,false,0.27200878,2.2566354,9.265225,2.0236928,3
49.72448,0.9801915,49.327022629926596,8.566321434138743,0,1,6054.0645,-0.016742948,5,1,false,false,0.08019586,2.2734673,9.655753,2.023558,3
49.761818,0.9803746,49.32702928382195,8.566316344097206,0,1,6059.6323,-0.025235001,5,1,false,false,0.053961605,2.2490387,9.613814,2.0233805,3
49.798923,0.98055774,49.3270360274457,8.566311391760522,0,1,6068.375,-0.034456145,5,1,false,false,-0.3123244,2.2683122,9.968831,2.0231566,3
49.837017,0.98074096,49.327042681066665,8.56630630087932,0,1,6074.34,-0.043677293,5,1,false,false,-0.53107023,2.3320053,9.607328,2.0228503,3
49.87626,0.9809244,49.327049424690415,8.566301210837782,0,1,6072.4204,-0.049015563,5,1,false,false,-0.79835004,2.3914611,10.091734,2.0224266,3
49.915726,0.981108,49.32705607831137,8.566296120796245,0,1,6070.023,-0.052655406,5,1,false,false,-0.883836,2.4006248,9.929515,2.0218709,3
49.954113,0.9812917,49.32706282193513,8.566291168459559,0,1,6071.6367,-0.05386869,5,1,false,false,-0.9221287,2.29764,10.0097475,2.0212007,3
49.991318,0.9814756,49.32706956555888,8.566286078418022,0,1,6076.751,-0.05265542,5,1,false,false,-1.153338,2.2470396,10.021188,2.0204594,3
50.028065,0.9816596,49.32707630918263,8.566280988376485,0,1,6082.879,-0.049258597,5,1,false,false,-1.3036859,2.2170632,9.896322,2.01966,3
50.0647,0.9818437,49.32708305280638,8.566275898334947,0,1,6088.8247,-0.045617804,5,1,false,false,-1.3668375,2.2372396,10.051175,2.0188143,3
50.101166,0.9820279,49.32708970670174,8.566270945998262,0,1,6095.0635,-0.042220984,5,1,false,false,-1.3622187,2.2161715,9.765772,2.0179482,3
50.138054,0.98221236,49.32709654005388,8.566265855117061,0,1,6101.4463,-0.039066255,5,1,false,false,-1.4999446,2.238295,9.713446,2.0170841,3
50.175346,0.9823969,49.32710328367763,8.566260765075523,0,1,6104.9287,-0.03663968,5,1,false,false,-1.5313559,2.285859,9.327607,2.0162356,3
50.21239,0.98258156,49.32711002730139,8.566255675033986,0,1,6107.2085,-0.03639759,5,1,false,false,-1.7077868,2.2420557,9.54186,2.0154226,3
50.248943,0.9827664,49.32711677092514,8.566250722697301,0,1,6113.401,-0.039066255,5,1,false,false,-1.7252287,2.2082765,9.879579,2.0146372,3
50.285133,0.9829513,49.32712351454889,8.566245632655763,0,1,6120.819,-0.04464755,5,1,false,false,-1.8840876,2.183049,9.700441,2.0138724,3
50.321056,0.98313636,49.32713034817543,8.566240542614226,0,1,6127.6147,-0.050471876,5,1,false,false,-2.1209579,2.197141,9.684843,2.0130982,3
50.357887,0.98332167,49.32713709179918,8.56623559027754,0,1,6134.436,-0.05750762,5,1,false,false,-2.3631892,2.2675982,10.074827,2.0122712,3
50.39557,0.983507,49.32714392542572,8.566230500236003,0,1,6134.408,-0.06357403,5,1,false,false,-2.4863863,2.304728,10.110758,2.011372,3
50.433167,0.98369247,49.32715066904947,8.566225410194466,0,1,6134.1,-0.066728756,5,1,false,false,-2.5502424,2.2854981,10.118743,2.0104082,3
50.470314,0.9838781,49.32715750240162,8.566220457018117,0,1,6138.152,-0.06599964,5,1,false,false,-2.734202,2.26107,10.4305,2.0093904,3
50.507023,0.9840638,49.327164336028154,8.566215366976579,0,1,6140.572,-0.061390504,5,1,false,false,-2.8339407,2.2466912,10.305943,2.0083263,3
50.54335,0.9842498,49.3271711696547,8.566210414639894,0,1,6142.526,-0.052169353,5,1,false,false,-2.7102158,2.2286434,10.558447,2.0072339,3
50.57956,0.9844358,49.32717800300684,8.566205324598355,0,1,6147.952,-0.038096,5,1,false,false,-2.5533528,2.2123773,10.005433,2.006167,3
50.61543,0.984622,49.327184836633386,8.56620037226167,0,1,6151.318,-0.021839116,5,1,false,false,-2.342022,2.1968787,9.845326,2.0051842,3
50.651424,0.98480827,49.32719167025993,8.566195282220134,0,1,6154.686,-0.007036673,5,1,false,false,-2.2250247,2.210289,9.931888,2.0043442,3
50.687023,0.98499465,49.327198503612074,8.566190329043785,0,1,6159.708,0.0048522,5,1,false,false,-1.9609623,2.1614454,9.550913,2.0036728,3
50.72182,0.9851812,49.32720533723861,8.566185239002246,0,1,6166.2876,0.014316379,5,1,false,false,-1.697797,2.127071,9.186992,2.0031912,3
50.756508,0.9853679,49.327212260867945,8.566180286665562,0,1,6176.1387,0.02086793,5,1,false,false,-1.5004977,2.1244535,9.308285,2.0028965,3
50.791546,0.98555475,49.32721909422009,8.566175334328875,0,1,6183.2896,0.025963161,5,1,false,false,-1.3942747,2.1492658,9.650148,2.002776,3
50.82678,0.9857416,49.327225927846634,8.566170244287338,0,1,6189.3696,0.031544454,5,1,false,false,-1.2367551,2.1638505,9.792557,2.002803,3
50.862408,0.9859288,49.327232851201565,8.56616529111099,0,1,6196.911,0.03712575,5,1,false,false,-0.9622555,2.1894667,8.804794,2.0029626,3
50.898987,0.986116,49.3272397748309,8.566160338774303,0,1,6200.325,0.042707045,5,1,false,false,-0.6698122,2.2580783,8.743676,2.0032673,3
50.936684,0.9863033,49.32724660818304,8.566155248732766,0,1,6199.024,0.048287403,5,1,false,false,-0.51774275,2.309327,9.198584,2.0037217,3
50.973408,0.9864908,49.327253531812374,8.566150296396081,0,1,6197.606,0.05216934,5,1,false,false,-0.32144344,2.1545057,8.705555,2.0043178,3
51.00778,0.98667836,49.327260455167306,8.566145206354543,0,1,6207.501,0.053382624,5,1,false,false,0.030559927,2.0529146,9.011489,2.0050402,3
51.041733,0.9868662,49.327267378522244,8.566140254017858,0,1,6223.059,0.052655417,5,1,false,false,0.28030536,2.0537813,8.906222,2.0058882,3
51.0762,0.98705405,49.32727421214879,8.566135163136657,0,1,6228.8286,0.050471872,5,1,false,false,0.32986462,2.1177912,9.829974,2.0068398,3
51.11296,0.98724204,49.32728113550372,8.56613021079997,0,1,6233.471,0.044162426,5,1,false,false,0.518882,2.2546341,8.801178,2.0078564,3
51.149635,0.98743016,49.32728805913305,8.566125120758434,0,1,6234.7446,0.036154553,5,1,false,false,0.6791348,2.2201,9.888176,2.0089233,3
51.18883,0.98761845,49.327294982487984,8.56612016842175,0,1,6234.247,0.029846046,5,1,false,false,0.63658273,2.403387,11.115665,2.0100136,3
51.22655,0.98780674,49.32730190584292,8.56611507838021,0,1,6224.9697,0.023294501,5,1,false,false,0.72097343,2.2212224,10.325636,2.0110376,3
51.26315,0.9879954,49.327308919475044,8.566109988338674,0,1,6229.7983,0.016742952,5,1,false,false,0.8983906,2.2252052,10.338332,2.0119662,3
51.299812,0.98818403,49.32731584282998,8.566104898297136,0,1,6233.9556,0.009948365,5,1,false,false,1.1387539,2.234418,10.986126,2.0127907,3
51.336037,0.9883729,49.32732276618491,8.566099945120786,0,1,6225.402,0.0041249795,5,1,false,false,0.9979087,2.1867015,10.438506,2.013501,3
51.371265,0.98856187,49.32732968981425,8.56609485507925,0,1,6230.1753,0.00024303189,5,1,false,false,1.0288413,2.0888557,10.802275,2.0140705,3
51.405148,0.98875093,49.32733661316918,8.566089765037713,0,1,6241.0444,-0.0019405042,5,1,false,false,0.9596929,2.0648775,10.740312,2.014509,3
51.43898,0.9889401,49.327343626526904,8.566084674996175,0,1,6245.3013,-0.0029126331,5,1,false,false,1.090732,2.067665,11.018966,2.0148304,3
51.473133,0.9891294,49.32735054988184,8.566079584954638,0,1,6250.426,-0.001940504,5,1,false,false,0.91591024,2.0972717,11.359703,2.0150824,3
51.507492,0.9893189,49.32735747351117,8.5660744949131,0,1,6256.4316,0.0014553785,5,1,false,false,0.94156164,2.1014335,10.639957,2.0152671,3
51.54247,0.9895084,49.327364486868895,8.56606926716671,0,1,6258.557,0.0063085146,5,1,false,false,0.9003959,2.1722515,9.647369,2.0153997,3
51.577766,0.9896981,49.32737141022383,8.566064177125174,0,1,6258.4175,0.011161653,5,1,false,false,0.8815881,2.1668983,8.371524,2.0154831,3
51.612106,0.9898881,49.32737842358156,8.566059087083636,0,1,6260.6304,0.016499918,5,1,false,false,0.85408974,2.0398612,8.578625,2.015526,3
51.644188,0.990078,49.32738534721089,8.566053859337247,0,1,6268.5747,0.021838183,5,1,false,false,0.88904077,1.8793988,9.469128,2.0155697,3
51.672607,0.99026805,49.327392360568616,8.56604876929571,0,1,6289.2075,0.02620619,5,1,false,false,0.92739797,1.6032624,10.107475,2.0156724,3
51.700348,0.9904582,49.32739928392355,8.566043679254172,0,1,6321.9595,0.02838973,5,1,false,false,0.9003786,1.827132,9.608841,2.0158944,3
51.735497,0.99064845,49.32740629728128,8.566038451507783,0,1,6334.5645,0.028389726,5,1,false,false,1.0227056,2.374715,10.137195,2.0162427,3
51.77817,0.9908389,49.327413310639,8.566033361466246,0,1,6306.5503,0.025235001,5,1,false,false,0.93569875,2.6969774,11.021693,2.0166779,3
51.82058,0.9910295,49.32742023413113,8.566028133719856,0,1,6278.5415,0.018198324,5,1,false,false,0.91483426,2.4389215,11.060332,2.0171466,3
51.856544,0.9912203,49.327427247488856,8.566022905973467,0,1,6279.1973,0.009220213,5,1,false,false,0.85076904,2.095056,10.988207,2.0176046,3
51.88913,0.9914111,49.32743426084659,8.56601781593193,0,1,6290.039,0.0009702523,5,1,false,false,0.5254998,1.9912257,10.6066475,2.0180125,3
51.92173,0.99160206,49.32744127420431,8.56601258818554,0,1,6291.908,-0.0060664224,5,1,false,false,0.32733846,2.0121427,9.889321,2.0183089,3
51.954105,0.9917932,49.327448287562035,8.566007360439151,0,1,6297.3706,-0.012861004,5,1,false,false,0.48853028,1.9587111,9.572247,2.0184598,3
51.98489,0.9919844,49.32745530091976,8.566002132692763,0,1,6310.8687,-0.015286629,5,1,false,false,0.24781224,1.85383,9.170003,2.0185223,3
52.01508,0.99217576,49.32746231427748,8.565996904946372,0,1,6325.186,-0.015044539,5,1,false,false,0.19439271,1.8460077,8.939604,2.018502,3
52.04455,0.9923671,49.327469327635214,8.565991677199984,0,1,6341.0557,-0.013346129,5,1,false,false,0.096590966,1.8559324,8.689101,2.018431,3
52.07682,0.99255866,49.32747634099294,8.565986587158445,0,1,6356.9946,-0.010677463,5,1,false,false,0.16196547,2.0111334,8.270626,2.0183356,3
52.111168,0.9927504,49.32748335435066,8.565981359412056,0,1,6356.919,-0.0075218007,5,1,false,false,0.040999368,2.1447012,8.363749,2.0182216,3
52.147026,0.99294215,49.327490367708386,8.565976131665668,0,1,6355.1235,-0.0053382637,5,1,false,false,0.04499063,2.187531,8.535487,2.0180836,3
52.18195,0.9931341,49.32749738120331,8.565970904758942,0,1,6356.8496,-0.0021835356,5,1,false,false,0.12148535,2.0759168,8.927148,2.0179336,3
52.215923,0.9933261,49.32750439456104,8.565965539307701,0,1,6361.7563,0.0007281583,5,1,false,false,-0.047895357,2.0589335,9.282783,2.0177932,3
52.25008,0.99351835,49.32751140791876,8.565960311561312,0,0.9967942,6367.531,0.0031547272,5,1,false,false,0.13128287,2.074196,9.9261265,2.0176628,3
52.28467,0.99371064,49.32751851114208,8.565955083814922,0,0.8981503,6365.806,0.005824327,5,1,false,false,0.0680325,2.1383252,10.186974,2.0175931,3
52.319866,0.99390304,49.327525524499805,8.565949856068533,0,0.8160298,6353.045,0.007036675,5,1,false,false,0.013952374,2.096378,10.189036,2.0175698,3
52.35228,0.9940957,49.32753262786032,8.565944628322145,0,0.7173858,6335.2524,0.0055812956,5,1,false,false,0.0012494624,1.8654978,10.667579,2.0175905,3
52.37868,0.9942883,49.327539641218046,8.565939400575754,0,0.6162763,6316.04,0.0016984098,5,1,false,false,-0.07380611,1.4057342,9.499799,2.0176542,3
52.396263,0.994481,49.32754665457577,8.565934035124513,0,0.50480896,6295.431,-0.003639853,5,1,false,false,-0.3874105,0.8327429,9.675931,2.0177379,3
52.403854,0.9946739,49.32755375779909,8.565928808217787,0,0.41652274,6286.2266,-0.011647717,5,1,false,false,-0.37263924,0.23568356,11.867168,2.0177767,3
52.402534,0.9948667,49.327560861159604,8.565923580471399,0,0.3859433,6296.146,-0.018683452,5,1,false,false,-0.62289083,-0.20523825,12.44062,2.0177693,3
52.39725,0.9950595,49.32756787451733,8.56591835272501,0,0.39136866,6309.564,-0.025234994,5,1,false,false,-0.5312873,-0.2854412,10.735014,2.0176604,3
52.39337,0.9952523,49.327574977740646,8.565912987273768,0,0.41578302,6314.7393,-0.030331172,5,1,false,false,-0.7869834,-0.10748556,11.366504,2.017452,3
52.39292,0.9954451,49.32758199109837,8.565907759527379,0,0.47422937,6318.9106,-0.03275774,5,1,false,false,-0.8821312,0.09341067,10.552558,2.017161,3
52.395985,0.9956378,49.32758909445889,8.56590253178099,0,0.575339,6334.299,-0.03324286,5,1,false,false,-1.0060313,0.4054415,10.749552,2.0167875,3
52.406082,0.99583066,49.32759610781661,8.5658973040346,0,0.7057953,6359.343,-0.03275774,5,1,false,false,-0.94125855,0.90217894,11.376127,2.0163393,3
52.42547,0.9960235,49.32760321103993,8.565892076288211,0,0.8007398,6363.694,-0.029846042,5,1,false,false,-0.9619162,1.3684134,10.40622,2.0158339,3
52.45149,0.9962164,49.32761022439765,8.56588671083697,0,0.8715165,6365.8687,-0.026206195,5,1,false,false,-0.94115806,1.7298002,9.0592375,2.0152895,3
52.48067,0.9964095,49.32761732775817,8.565881483930244,0,0.9109741,6378.997,-0.02013977,5,1,false,false,-0.76395327,1.8453405,9.062403,2.0147398,3
52.51125,0.99660265,49.32762443098149,8.565876256183856,0,0.9341556,6381.204,-0.013588218,5,1,false,false,-0.99374646,1.9115684,7.421644,2.0142248,3
52.541084,0.99679583,49.32763144433921,8.565871028437465,0,0.9371148,6386.6323,-0.00824996,5,1,false,false,-0.66681606,1.7468706,7.354797,2.0137534,3
52.569233,0.9969892,49.32763854769973,8.565865800691077,0,0.93785465,6408.278,-0.002426569,5,1,false,false,-0.6493342,1.7250757,7.433873,2.0133529,3
52.59684,0.99718267,49.327645650923046,8.565860435239836,0,0.94032073,6426.946,0.0012132847,5,1,false,false,-0.5983122,1.5441339,7.564571,2.0130146,3
52.625637,0.99737626,49.32765275428356,8.565855207493446,0,0.9445131,6444.1934,0.002426569,5,1,false,false,-0.5564631,1.8820511,8.186588,2.0127249,3
52.65915,0.99757,49.32765985750688,8.565849979747057,0,0.9561037,6453.141,1.1641532e-10,5,1,false,false,-0.8593099,2.1465566,9.602023,2.0125003,3
52.697453,0.9977638,49.32766696073019,8.565844752000668,0,0.96226877,6440.744,-0.004610105,5,1,false,false,-1.0475056,2.4149137,10.019337,2.012322,3
52.73747,0.9979577,49.32767406409071,8.56583938738909,0,0.97139335,6422.146,-0.009464181,5,1,false,false,-1.1371849,2.416527,10.405039,2.0121684,3
52.776173,0.9981519,49.327681167314026,8.565834159642701,0,0.98224413,6410.2827,-0.015044538,5,1,false,false,-1.2507862,2.319431,11.064611,2.0120113,3
52.812077,0.9983461,49.32768827067454,8.565828931896311,0,0.98890245,6400.8975,-0.020139772,5,1,false,false,-1.2560852,2.131765,11.289952,2.0118506,3
52.845284,0.99854046,49.32769546390065,8.56582356644507,0,0.997534,6400.1733,-0.023537524,5,1,false,false,-1.4107414,1.9688103,11.536507,2.0116851,3
52.876343,0.998735,49.327702567123964,8.565818338698682,0,1.0000001,6408.1235,-0.025234997,5,1,false,false,-1.4720564,1.8862169,10.52375,2.011498,3
52.906605,0.9989296,49.327709760350075,8.565813110952291,0,1,6415.877,-0.024264744,5,1,false,false,-1.3542017,1.8866835,11.049786,2.0112581,3
52.93769,0.9991244,49.32771686357339,8.565807883205903,0,1,6421.154,-0.022081207,5,1,false,false,-1.3123865,1.9213121,10.38684,2.0109797,3
52.968723,0.9993192,49.3277240567995,8.565802517754662,0,1,6424.8013,-0.01795623,5,1,false,false,-1.0830516,1.8718829,9.892204,2.010685,3
52.99954,0.99951416,49.32773116016001,8.565797290008272,0,1,6431.903,-0.01334613,5,1,false,false,-1.1448106,1.9001145,10.286963,2.0104046,3
53.030323,0.9997092,49.327738353248925,8.565792063101547,0,1,6438.3516,-0.0075217998,5,1,false,false,-1.272017,1.9068263,10.928762,2.0101357,3
53.06122,0.9999044,49.32774545660944,8.565786835355157,0,1,6444.385,-0.002426569,5,1,false,false,-0.73847806,1.9205667,8.230571,2.0098934,3
53.092293,9.9673925e-05,49.327752649835546,8.565781469903916,0,1,6451.697,0.0019414423,5,1,false,false,-0.6240581,1.8932998,7.2672677,2.0097322,3
