Speed,LapDistPct,Lat,Lon,Brake,Throttle,RPM,SteeringWheelAngle,Gear,Clutch,ABSActive,DRSActive,LatAccel,LongAccel,VertAccel,Yaw,YawRate,PositionType
52.710743,0.0003378414,49.327760382529604,8.565771839800586,0,1,6404.367,-0.018159844,5,1,false,false,-0.8753809,1.8143661,9.194816,2.0108635,-0.007751548,3
52.73575,0.000531835,49.32776757561851,8.565766612054196,0,1,6407.9336,-0.021065082,5,1,false,false,-1.0725297,1.3804554,9.150414,2.0106916,-0.010797361,3
52.75872,0.0007259124,49.327774678979026,8.565761384307807,0,1,6448.082,-0.02179163,5,1,false,false,-1.0068774,1.5177921,8.590028,2.0104795,-0.013740511,3
52.78736,0.00092009257,49.327781782202344,8.565756156561418,0,1,6466.919,-0.020822592,5,1,false,false,-1.0843084,1.9325248,8.592239,2.0102243,-0.017206926,3
52.822945,0.0011143887,49.32778888556286,8.565750928815028,0,1,6441.0454,-0.021549135,5,1,false,false,-0.98461694,2.274002,9.2958355,2.009924,-0.018690035,3
52.858803,0.0013088213,49.32779607865177,8.56574570106864,0,1,6424.018,-0.021791631,5,1,false,false,-1.0703068,2.0544355,9.207618,2.0096104,-0.019291287,3
52.890083,0.0015033759,49.32780318201229,8.565740474161913,0,1,6428.4487,-0.018401407,5,1,false,false,-0.8953723,1.8310596,10.242695,2.009303,-0.016743422,3
52.919632,0.0016980403,49.32781037523839,8.565735246415525,0,1,6432.986,-0.014043081,5,1,false,false,-0.98044956,1.7863579,9.931299,2.0090077,-0.017768491,3
52.94924,0.0018928201,49.32781747846171,8.565730018669136,0,1,6433.3086,-0.011622827,5,1,false,false,-0.9873489,1.7904453,10.309634,2.0087078,-0.017978612,3
52.978756,0.0020876997,49.32782467168782,8.565724790922745,0,1,6439.1177,-0.00678045,5,1,false,false,-0.8912394,1.8334637,9.833533,2.0084145,-0.0167381,3
53.00806,0.0022826993,49.327831864913925,8.565719563176357,0,1,6441.69,0.00048405025,5,1,false,false,-0.8981901,1.7863884,9.129115,2.008167,-0.01316724,3
53.03766,0.0024778028,49.327839058140036,8.565714335429968,0,1,6443.1494,0.00653702,5,1,false,false,-0.78576446,1.8103994,10.372455,2.0079672,-0.009987315,3
53.067055,0.002673018,49.327846161363354,8.565709107683578,0,1,6447.8105,0.009683817,5,1,false,false,-0.7241553,1.7671887,10.212988,2.0078342,-0.005986373,3
53.09565,0.002868334,49.32785335458946,8.565703879937189,0,1,6452.2095,0.014283699,5,1,false,false,-0.6078717,1.7050949,9.5012245,2.007787,-0.00037894238,3
53.124565,0.003063759,49.32786054781557,8.5656986521908,0,1,6458.1865,0.017916417,5,1,false,false,-0.4979211,1.8136839,9.691724,2.007818,0.004205648,3
53.154465,0.0032592956,49.32786774090447,8.565693286739558,0,1,6459.5557,0.01743237,5,1,false,false,-0.37885028,1.8104573,9.561383,2.0079231,0.008629689,3
53.18369,0.0034549388,49.327874934130584,8.565688059832834,0,1,6457.7046,0.017189873,5,1,false,false,-0.3605702,1.7325929,9.345608,2.0081017,0.013165257,3
53.212105,0.0036506848,49.32788212735669,8.565682832086443,0,1,6465.6494,0.016463332,5,1,false,false,-0.46523434,1.7007543,9.245691,2.008339,0.015362667,3
53.239956,0.0038465392,49.3278893205828,8.565677604340054,0,1,6473.9326,0.011863447,5,1,false,false,-0.20063746,1.6946657,9.835303,2.008606,0.01771635,3
53.26818,0.004042492,49.3278965138089,8.565672376593666,0,1,6478.281,0.0053254906,5,1,false,false,-0.20832083,1.7464062,11.188293,2.0089114,0.018865034,3
53.29733,0.0042385575,49.327903706897814,8.565667148847275,0,1,6482.822,0.0016946448,5,1,false,false,-0.26559263,1.7731006,9.622054,2.00923,0.017980449,3
53.327076,0.004434732,49.32791098998951,8.565661783396035,0,1,6484.085,-0.0021805675,5,1,false,false,-0.386002,1.8120867,9.248568,2.0095246,0.015549118,3
53.35795,0.004631018,49.32791818321562,8.565656555649646,0,1,6480.701,-0.005327363,5,1,false,false,-0.3848081,1.9125392,10.237398,2.0097682,0.012461591,3
53.387825,0.0048274123,49.327925376441726,8.565651327903256,0,1,6475.291,-0.007748551,5,1,false,false,-0.31209922,1.7668406,9.527735,2.0099447,0.008827569,3
53.415115,0.0050239093,49.32793265953343,8.565645962452015,0,1,6482.165,-0.00871665,5,1,false,false,-0.088908985,1.6502581,9.325309,2.010057,0.006700022,3
53.44222,0.0052205115,49.327939852759535,8.565640735545289,0,1,6496.4707,-0.0075069927,5,1,false,false,-0.15812923,1.6602237,9.914996,2.0101333,0.0033926016,3
53.46974,0.0054172147,49.327947045985646,8.5656355077989,0,1,6498.71,-0.005327364,5,1,false,false,-0.22136624,1.6474692,9.170722,2.0101478,-0.00032967917,3
53.497272,0.005614022,49.32795432907734,8.565630280052511,0,1,6505.059,-0.0031477322,5,1,false,false,-0.009137005,1.6660833,10.107398,2.0101311,-0.0013223883,3
53.525135,0.005810925,49.32796152230345,8.565624914601269,0,1,6515.4863,-9.3632843e-07,5,1,false,false,0.0018927753,1.7211348,10.35889,2.010116,-0.00070693303,3
53.5541,0.006007939,49.32796880539515,8.56561968685488,0,1,6516.121,0.0016946446,5,1,false,false,0.04335746,1.8100426,10.347708,2.0101151,-0.00030226112,3
53.584763,0.0062050596,49.32797608848685,8.56561432140364,0,1,6513.0327,0.002178695,5,1,false,false,0.031786665,1.8685625,10.172931,2.01014,0.0019634415,3
53.61515,0.0064022965,49.32798328171295,8.56560909365725,0,1,6508.686,0.0041148965,5,1,false,false,-0.032479867,1.8443351,10.259146,2.0101922,0.003043261,3
53.644653,0.0065996447,49.32799056480466,8.565603729045673,0,1,6506.3896,0.005083934,5,1,false,false,-0.12827213,1.7871062,8.910023,2.0102463,0.003025173,3
53.672535,0.0067970906,49.327997847896356,8.565598501299283,0,1,6508.169,0.0050839335,5,1,false,false,0.09530796,1.6638074,10.416688,2.0102742,0.0023997186,3
53.69946,0.006994645,49.32800504112246,8.565593135848042,0,1,6515.9717,0.005810477,5,1,false,false,-0.0026560575,1.614423,10.202316,2.010316,0.0031629489,3
53.72491,0.0071922946,49.328012324214164,8.565587908101653,0,1,6523.5234,0.00992631,5,1,false,false,0.049161494,1.4632698,9.660289,2.0103815,0.004813843,3
53.751507,0.007390038,49.32801960730586,8.565582542650413,0,1,6537.792,0.013799649,5,1,false,false,0.1748541,1.6937255,9.460791,2.0104709,0.0058773127,3
53.779568,0.007587881,49.32802689053476,8.565577314904022,0,1,6539.055,0.016463328,5,1,false,false,0.20764066,1.7519064,9.338512,2.0105953,0.00910117,3
53.80858,0.0077858334,49.328034173626456,8.565571950292446,0,1,6533.7446,0.021305703,5,1,false,false,0.1989093,1.7550601,9.578465,2.0107648,0.011311723,3
53.836544,0.007983891,49.32804145671816,8.565566584841203,0,1,6538.986,0.024936557,5,1,false,false,0.34897488,1.648217,9.613014,2.0109792,0.01499312,3
53.863266,0.008182044,49.32804873980986,8.565561357094815,0,1,6546.9297,0.027842727,5,1,false,false,0.38754106,1.632737,9.240727,2.01126,0.01892075,3
53.890484,0.0083802985,49.328056022901556,8.565555991643574,0,1,6551.9854,0.030747963,5,1,false,false,0.51608366,1.6751316,9.878933,2.0116045,0.022760767,3
53.918427,0.008578655,49.328063305993254,8.565550626192332,0,1,6554.1045,0.03195856,5,1,false,false,0.56710553,1.718521,10.04925,2.0120096,0.025436802,3
53.94649,0.0087771155,49.32807058908496,8.565545261580755,0,1,6556.617,0.031474512,5,1,false,false,0.6925487,1.6773486,9.693647,2.012475,0.029954722,3
53.974438,0.008975677,49.328077872313855,8.565539896129513,0,1,6559.626,0.031716064,5,1,false,false,0.6913692,1.7317411,10.0142565,2.0130064,0.033269808,3
54.002934,0.009174348,49.32808515540555,8.565534530678272,0,1,6559.7656,0.030021425,5,1,false,false,0.7456011,1.7359291,10.310874,2.0135732,0.034531884,3
54.030987,0.009373119,49.32809243849725,8.565529302931884,0,1,6558.0757,0.027358681,5,1,false,false,0.9301778,1.7006102,10.2801895,2.01416,0.035569254,3
54.058735,0.009571996,49.328099721588956,8.565523937480643,0,1,6561.72,0.027116183,5,1,false,false,0.92697066,1.6702172,10.276521,2.014757,0.035731763,3
54.085762,0.00977097,49.328107094683446,8.565518435164213,0,1,6565.1396,0.025905592,5,1,false,false,0.8960203,1.6453991,9.811808,2.0153496,0.034979437,3
54.112682,0.009970042,49.328114377775144,8.565513069712972,0,1,6568.3022,0.025179047,5,1,false,false,1.0204799,1.6558272,10.099622,2.0159285,0.034949962,3
54.13958,0.010169219,49.32812166086684,8.56550770426173,0,1,6571.502,0.024452504,5,1,false,false,1.1518875,1.6431111,10.363575,2.0165021,0.03427118,3
54.16612,0.010368494,49.32812894395854,8.565502339650154,0,1,6575.5957,0.023000354,5,1,false,false,1.1150899,1.6132679,10.24432,2.0170653,0.03304848,3
54.192986,0.010567862,49.32813631705303,8.565496974198911,0,1,6580.8584,0.022758797,5,1,false,false,1.2103897,1.6435293,10.38099,2.0176206,0.03304543,3
54.219982,0.010767337,49.32814360014473,8.56549160874767,0,1,6583.0645,0.02300035,5,1,false,false,1.1228524,1.6463828,9.41704,2.0181699,0.03187184,3
54.24675,0.0109669035,49.32815088323643,8.565486105591578,0,1,6584.05,0.023000352,5,1,false,false,1.0462643,1.6688713,8.863709,2.018684,0.029651258,3
54.273796,0.011166566,49.32815825619372,8.56548074098,0,1,6586.827,0.022758797,5,1,false,false,1.1958432,1.6506474,9.423428,2.019145,0.02697276,3
54.299698,0.011366328,49.32816553942262,8.565475237823907,0,1,6589.83,0.0225163,5,1,false,false,1.28259,1.5349543,9.895082,2.0195854,0.027577654,3
54.324368,0.0115661705,49.32817291237991,8.565469872372667,0,1,6600.8525,0.02300035,5,1,false,false,1.1338362,1.4801872,9.674208,2.020051,0.0285746,3
54.349243,0.011766109,49.32818019547161,8.565464370056237,0,1,6613.8447,0.02130571,5,1,false,false,1.222277,1.5756145,10.30879,2.0205286,0.02888704,3
54.37661,0.011966135,49.3281875685661,8.565459004604996,0,1,6616.271,0.017916422,5,1,false,false,1.1889848,1.7302117,10.081324,2.0210202,0.028973304,3
54.405243,0.012166247,49.3281948516578,8.565453501448903,0,1,6609.5156,0.015736789,5,1,false,false,1.1115267,1.7672716,9.803864,2.0215182,0.02883115,3
54.434032,0.012366459,49.32820222461509,8.565447999132473,0,1,6606.496,0.014526194,5,1,false,false,1.1184965,1.7255371,9.943844,2.0219784,0.025864637,3
54.461205,0.012566782,49.32820950784399,8.56544249597638,0,1,6604.7744,0.0113793975,5,1,false,false,1.0598313,1.6382012,9.785951,2.0223765,0.022149552,3
54.487156,0.012767203,49.32821688080128,8.56543713052514,0,1,6609.009,0.009683817,5,1,false,false,1.206068,1.5640203,9.3417845,2.0227187,0.020189889,3
54.512207,0.01296771,49.328224163892976,8.56543162820871,0,1,6616.3506,0.009441323,5,1,false,false,1.0483785,1.5301349,10.138737,2.0230215,0.017028222,3
54.537373,0.0131683145,49.32823153698747,8.565426125052618,0,1,6623.535,0.009199768,5,1,false,false,0.9180415,1.5304109,9.29228,2.023293,0.015282703,3
54.5627,0.013369013,49.32823890994476,8.565420622736188,0,1,6628.7935,0.010652853,5,1,false,false,0.91257787,1.5326415,9.076861,2.0235245,0.013327084,3
54.58872,0.013569812,49.328246193173655,8.565415119580095,0,1,6634.647,0.011620952,5,1,false,false,0.8976436,1.6185474,9.717811,2.0237384,0.012848236,3
54.614468,0.013770696,49.32825356613095,8.565409616424002,0,1,6638.238,0.012831547,5,1,false,false,0.9730377,1.5827676,9.366616,2.0239542,0.0138041675,3
54.64041,0.013971682,49.32826093922544,8.565404114107572,0,1,6642.544,0.01452619,5,1,false,false,0.85389155,1.5909381,9.856895,2.024192,0.01456162,3
54.667023,0.014172765,49.32826831218273,8.565398473246628,0,1,6646.715,0.015736787,5,1,false,false,0.87649447,1.6242374,9.740302,2.0244381,0.014945633,3
54.69406,0.014373947,49.32827559527443,8.565392970930198,0,1,6645.9087,0.017432367,5,1,false,false,0.93793976,1.6373541,9.240198,2.0246983,0.016090667,3
54.72112,0.01457523,49.32828296836892,8.565387467774105,0,1,6645.5435,0.019610122,5,1,false,false,1.0003492,1.651236,10.429187,2.0249672,0.016575761,3
54.74769,0.014776616,49.32829034132621,8.565381965457675,0,1,6647.2476,0.02203225,5,1,false,false,0.9918511,1.6021225,9.889327,2.0252573,0.01827982,3
54.77354,0.014978096,49.3282977144207,8.56537632459673,0,1,6649.899,0.025905587,5,1,false,false,0.94275314,1.5682313,9.555971,2.0255787,0.020232083,3
54.79956,0.01517967,49.32830508737799,8.565370821440638,0,1,6654.3613,0.029537369,5,1,false,false,1.0038737,1.5971723,10.207447,2.0259337,0.022230504,3
54.825375,0.015381343,49.32831246047248,8.565365181419356,0,1,6655.3496,0.031716064,5,1,false,false,1.163384,1.5561252,9.68121,2.0263147,0.024663601,3
54.850956,0.015583108,49.328319833429774,8.565359678263263,0,1,6658.628,0.03292666,5,1,false,false,1.0996485,1.5545522,9.886025,2.0267541,0.027955875,3
54.876377,0.015784966,49.32832711665867,8.565354038241983,0,1,6664.9233,0.034863796,5,1,false,false,1.1647769,1.5461575,9.979867,2.0272446,0.031206897,3
54.901733,0.015986923,49.32833448961596,8.565348535085889,0,1,6667.822,0.0338957,5,1,false,false,1.1289377,1.5505683,9.5203085,2.0277815,0.03301504,3
54.927326,0.01618897,49.32834186271045,8.565342895064608,0,1,6670.743,0.030747969,5,1,false,false,1.1433245,1.5640641,9.536946,2.0283458,0.034538686,3
54.95309,0.016391119,49.328349235667744,8.565337255043326,0,1,6673.6143,0.026874632,5,1,false,false,1.2246901,1.5774827,9.784664,2.0289278,0.035444602,3
54.97874,0.016593356,49.328356608762235,8.565331614182382,0,1,6675.273,0.022032257,5,1,false,false,1.1336704,1.539133,9.162789,2.029516,0.0351025,3
55.003925,0.016795686,49.32836407158511,8.56532611102629,0,1,6678.725,0.015979277,5,1,false,false,0.9626526,1.5352501,9.288236,2.030081,0.032187913,3
55.02923,0.016998116,49.328371444679604,8.565320471005007,0,1,6684.7627,0.010167867,5,1,false,false,1.0037193,1.5332046,9.9736395,2.0305853,0.028529309,3
55.054413,0.017200636,49.328378817636896,8.565314830983727,0,1,6687.195,0.0055679847,5,1,false,false,0.9639625,1.5414416,10.09783,2.0310361,0.025342714,3
55.07984,0.017403245,49.328386190731386,8.565309190122782,0,1,6691.256,0.0024211882,5,1,false,false,0.96260256,1.554756,10.078729,2.0314333,0.022068705,3
55.105495,0.017605957,49.32839356382588,8.5653035501015,0,1,6694.939,-0.00072748004,5,1,false,false,0.93275857,1.5794991,9.872895,2.0317707,0.018110085,3
55.131687,0.017808758,49.32840093678317,8.565297909240556,0,1,6693.923,-0.0033902249,5,1,false,false,1.0576316,1.6153351,10.308137,2.032036,0.014135484,3
55.157875,0.018011661,49.32840830987766,8.565292131514422,0,1,6691.72,-0.00508487,5,1,false,false,0.7575495,1.5564004,10.006075,2.032225,0.00839022,3
55.18312,0.018214662,49.32841577270054,8.565286491493142,0,1,6694.2153,-0.0065379567,5,1,false,false,0.5930354,1.5211961,9.881803,2.0323424,0.004602781,3
55.20767,0.01841775,49.32842314579503,8.565280850632197,0,1,6699.656,-0.0058114138,5,1,false,false,0.55887485,1.4930036,10.180332,2.0324016,0.0023549665,3
55.23222,0.018620934,49.32843051875232,8.565275210610915,0,1,6702.405,-0.0060539073,5,1,false,false,0.6062753,1.5154,10.58001,2.0324092,-6.900232e-05,3
55.256878,0.018824209,49.32843789184681,8.565269432045119,0,1,6705.569,-0.0075069936,5,1,false,false,0.7022143,1.458991,10.406718,2.032375,-0.0023681894,3
55.28129,0.019027572,49.328445354806895,8.565263792023837,0,1,6711.009,-0.0070220064,5,1,false,false,0.5725546,1.4886383,10.286878,2.0323243,-0.00423515,3
55.306175,0.019231029,49.32845272776419,8.565258152002556,0,1,6715.095,-0.0048433132,5,1,false,false,0.24984229,1.5317863,9.925828,2.0322597,-0.005478567,3
55.331272,0.019434579,49.32846010085868,8.56525237343676,0,1,6714.8135,-0.0024221246,5,1,false,false,0.14302061,1.5810398,9.841078,2.0321794,-0.0057387566,3
55.356388,0.019638224,49.328467563818755,8.565246733415478,0,1,6715.7515,-0.0004849868,5,1,false,false,0.21276735,1.5360535,10.164506,2.0320928,-0.0045069205,3
55.38097,0.019841962,49.32847493677605,8.565240955689346,0,1,6718.3413,0.00072560745,5,1,false,false,0.2671548,1.4904842,10.074334,2.0320132,-0.0035674935,3
55.405067,0.02004579,49.32848239973613,8.565235314828401,0,1,6722.7085,0.0009681008,5,1,false,false,0.079150185,1.4509231,9.774761,2.0319622,-0.0027709694,3
55.429096,0.020249719,49.32848977283062,8.565229537102267,0,1,6728.2114,0.0021786948,5,1,false,false,0.1296371,1.4596212,9.119574,2.031925,-0.0016986551,3
55.453136,0.020453729,49.3284972357907,8.565223896241323,0,1,6731.561,0.003388353,5,1,false,false,-0.11066833,1.468769,9.05223,2.031905,-0.0009743599,3
55.477634,0.020657832,49.32850460874799,8.565218118515189,0,1,6734.2637,0.0045998837,5,1,false,false,0.03005077,1.4814945,8.990336,2.031889,-6.9217e-05,3
55.501343,0.020862026,49.328512071708076,8.565212478493908,0,1,6738.677,0.0048414385,5,1,false,false,-0.037774414,1.4019897,8.643511,2.0318897,0.00092696946,3
55.524662,0.021066302,49.32851953466815,8.565206699928112,0,1,6747.7563,0.0067785787,5,1,false,false,0.10026294,1.4472735,9.162796,2.0319073,0.0025068827,3
55.548523,0.021270674,49.328526907625445,8.565200922201978,0,1,6753.5234,0.008473221,5,1,false,false,0.038889423,1.4544009,9.2307625,2.031952,0.0033641325,3
55.572853,0.021475134,49.32853437058553,8.565195282180698,0,1,6755.995,0.011379396,5,1,false,false,0.055865943,1.4775516,9.64093,2.0320148,0.0046481187,3
55.597607,0.021679686,49.328541833545614,8.5651895036149,0,1,6760.363,0.014768687,5,1,false,false,0.2696215,1.5093895,10.30283,2.0321105,0.007229976,3
55.622807,0.021884331,49.328549206640105,8.565183725888767,0,1,6760.951,0.018883584,5,1,false,false,0.3839426,1.5372622,10.957984,2.0322554,0.010205416,3
55.64884,0.022089083,49.32855666953159,8.565178085867485,0,1,6758.6475,0.023485336,5,1,false,false,0.39003092,1.6017414,10.511621,2.0324721,0.013645004,3
55.67488,0.022293927,49.328564132491664,8.565172307301689,0,1,6755.401,0.02977893,5,1,false,false,0.28856322,1.5923765,9.98182,2.0327535,0.016858451,3
55.70035,0.022498868,49.32857159545175,8.565166529575556,0,1,6752.548,0.035831895,5,1,false,false,0.5371852,1.561324,10.41762,2.0330975,0.023220798,3
55.72458,0.0227039,49.32857905834323,8.565160751849422,0,1,6750.4165,0.0428539,5,1,false,false,0.7877039,1.4502436,10.829133,2.0335248,0.02900594,3
55.74759,0.022909025,49.32858652130331,8.56515497412329,0,1,6752.3423,0.045516647,5,1,false,false,0.8383322,1.3570496,9.553194,2.0340288,0.03292914,3
55.770172,0.02311423,49.3285938943292,8.565149195557494,0,1,6762.464,0.04648475,5,1,false,false,0.8398516,1.3067598,8.633967,2.0345862,0.03487066,3
55.79117,0.023319518,49.32860135728929,8.56514341783136,0,1,6768.9478,0.049632482,5,1,false,false,1.0755903,1.2500485,8.603063,2.0351796,0.038728338,3
55.809494,0.02352488,49.328608820249364,8.565137640105227,0,1,6778.786,0.057621665,5,1,false,false,1.1914086,1.3112626,10.861313,2.0358899,0.04919521,3
55.82958,0.023730315,49.328616283140846,8.56513186153943,0,1,6792.866,0.063917115,5,1,false,false,1.8958161,1.0403123,10.411277,2.0367146,0.05519954,3
55.851677,0.02393583,49.32862374610093,8.565126083813297,0,1,6811.243,0.058105715,5,1,false,false,2.297721,1.4929235,13.109237,2.037797,0.071746826,3
55.88231,0.024141448,49.32863120906101,8.565120306087163,0,1,6803.699,0.055442967,5,1,false,false,2.0767956,1.2670436,9.088295,2.0390468,0.07469531,3
55.908314,0.024347166,49.32863867202109,8.565114390656179,0,1,6778.3647,0.040674273,5,1,false,false,1.2421077,1.9579213,7.9745364,2.0403333,0.07227185,3
55.938297,0.024552992,49.328646134912574,8.565108612090382,0,1,6778.0146,0.032442622,5,1,false,false,1.8044487,1.5747111,9.536813,2.0414546,0.063859075,3
55.957825,0.024758916,49.32865359787266,8.565102696659396,0,1,6763.102,0.032685105,5,1,false,false,1.748555,1.1054486,10.744396,2.0423853,0.05299101,3
55.975437,0.0249649,49.32866106083274,8.565096918933264,0,1,6800.098,0.028326783,5,1,false,false,1.8973985,1.0549692,10.570561,2.04326,0.05290987,3
55.99325,0.025170958,49.32866852379282,8.56509100350228,0,1,6827.211,0.023485335,5,1,false,false,2.0914376,1.1779372,10.154086,2.044193,0.05758008,3
56.019222,0.025377136,49.3286759866843,8.565085225776146,0,1,6822.6396,0.02300035,5,1,false,false,1.9350804,2.2038634,9.729377,2.04517,0.056328896,3
56.049927,0.025583427,49.32868344964439,8.565079310345162,0,1,6789.728,0.022516303,5,1,false,false,1.778047,1.648968,10.474841,2.0460525,0.047420368,3
56.074825,0.02578982,49.328691002538655,8.565073394074512,0,1,6780.6973,0.025421536,5,1,false,false,2.0380824,1.4533327,9.9105625,2.0467517,0.036852892,3
56.095287,0.025996305,49.328698465430136,8.565067478643527,0,1,6804.3896,0.025663095,5,1,false,false,1.8600917,1.2568963,9.637032,2.0473194,0.03075829,3
56.115772,0.026202861,49.32870592839022,8.565061563212543,0,1,6808.8784,0.030989528,5,1,false,false,2.032693,1.3616732,10.530295,2.0477996,0.028531194,3
56.137386,0.026409501,49.328713391350306,8.565055647781557,0,1,6806.7554,0.0355894,5,1,false,false,2.1561573,1.3749048,10.737147,2.0482728,0.030044865,3
56.159145,0.026616218,49.32872085431038,8.565049732350573,0,1,6819.4497,0.03680094,5,1,false,false,2.135971,1.2980121,9.457276,2.0488129,0.034709647,3
56.181236,0.026823007,49.32872831727047,8.565043816919587,0,1,6828.3223,0.036800936,5,1,false,false,1.9179219,1.3700736,8.991375,2.0494218,0.037646044,3
56.20453,0.027029883,49.32873578016195,8.565037901488603,0,1,6825.993,0.036800936,5,1,false,false,1.9482875,1.5021545,10.397667,2.0500805,0.04104023,3
56.2281,0.027236851,49.328743243122034,8.565031986057617,0,1,6824.557,0.03752748,5,1,false,false,1.8223416,1.4114039,9.437805,2.0507588,0.040442895,3
56.249535,0.027443893,49.32875070608211,8.565025932921781,0,1,6832.749,0.035589404,5,1,false,false,1.9559455,1.3367279,10.343337,2.0514388,0.041978292,3
56.272423,0.027651021,49.328758169042196,8.565020016651133,0,1,6842.748,0.035831902,5,1,false,false,2.8704574,1.4956951,14.2253475,2.0522063,0.05047944,3
56.297165,0.027858231,49.32876563193368,8.565013964354959,0,1,6832.31,0.03801153,5,1,false,false,1.8853843,1.5779967,9.306197,2.0531082,0.051719587,3
56.321774,0.02806553,49.328773094893755,8.56500804808431,0,1,6826.482,0.037042495,5,1,false,false,2.322001,1.5450096,9.247016,2.0539346,0.046929784,3
56.348286,0.028272925,49.32878055785384,8.565001994948474,0,1,6822.757,0.03776904,5,1,false,false,2.334849,1.5706052,13.002597,2.0547166,0.044034883,3
56.36853,0.028480405,49.32878811067951,8.564995941812636,0,1,6804.642,0.036558446,5,1,false,false,2.2523522,1.0897745,9.33778,2.0553966,0.040490095,3
56.385674,0.02868795,49.328795573639596,8.564989889516463,0,1,6838.0854,0.025663093,5,1,false,false,1.9666473,1.1271199,10.603982,2.0560737,0.0411088,3
56.407166,0.02889556,49.32880303659968,8.564983836380627,0,1,6855.872,0.019852616,5,1,false,false,2.0042386,1.4389973,12.411296,2.0567749,0.042003542,3
56.429554,0.029103253,49.32881049955976,8.56497778324479,0,1,6829.3223,0.017916422,5,1,false,false,1.6151768,1.406419,9.910802,2.0574114,0.034021605,3
56.451267,0.02931102,49.32881796245124,8.564971730108953,0,1,6845.6704,0.012105007,5,1,false,false,1.7205584,1.3498734,9.445379,2.057961,0.030375412,3
56.47245,0.02951887,49.328825425411324,8.564965676973117,0,1,6855.5,0.014042141,5,1,false,false,1.7453206,1.3738407,9.761778,2.0584238,0.02467614,3
56.49537,0.029726796,49.3288328883714,8.564959623837279,0,1,6836.9956,0.021305708,5,1,false,false,1.6850886,1.4624636,8.350145,2.0587902,0.019710198,3
56.516647,0.029934801,49.328840351331486,8.564953570701443,0,1,6842.6353,0.03147451,5,1,false,false,1.5276,1.2537638,6.8692656,2.0590777,0.016561894,3
56.535297,0.030142877,49.32884781422297,8.564947379860754,0,1,6862.4326,0.043337964,5,1,false,false,1.5511929,1.1629726,7.2240214,2.0593135,0.014607179,3
56.55289,0.030351017,49.32885536711724,8.564941326724917,0,1,6872.7876,0.05665356,5,1,false,false,1.6252451,0.9883626,6.9076314,2.0595694,0.019361934,3
56.567192,0.030559216,49.32886283007733,8.56493527358908,0,1,6895.6655,0.07093819,5,1,false,false,1.7592221,0.84993434,7.5422416,2.059957,0.03045517,3
56.584026,0.030767467,49.32887029296881,8.56492908274839,0,1,6932.34,0.08255819,5,1,false,false,2.2338958,1.134687,9.111367,2.060585,0.0468131,3
56.60584,0.030975785,49.328877755928886,8.564923029612554,0,1,6935.352,0.08788418,5,1,false,false,2.8794181,1.5337765,11.485637,2.0615726,0.07154926,3
56.636185,0.031184195,49.32888521888897,8.564916838771866,0,1,6916.898,0.087400116,5,1,false,false,2.9216678,2.198691,10.861904,2.0629528,0.09054803,3
56.671135,0.031392723,49.32889268184905,8.56491064877084,0,1,6880.2793,0.07820081,5,1,false,false,2.97149,2.1495183,10.448723,2.0645692,0.09804214,3
56.703636,0.031601377,49.32890023467473,8.564904457930153,0,1,6841.68,0.06730546,5,1,false,false,2.3991647,1.7617489,9.797665,2.0661461,0.084490515,3
56.726723,0.031810135,49.328907697634804,8.564898267089463,0,1,6835.1206,0.057380095,5,1,false,false,2.9304447,1.298731,10.534711,2.067414,0.068358794,3
56.74427,0.032018956,49.32891516059489,8.564892076248775,0,1,6858.028,0.052780222,5,1,false,false,3.0311964,1.0425322,10.576812,2.0684078,0.05434455,3
56.759064,0.032227833,49.32892262348637,8.564885885408087,0,1,6871.92,0.047211304,5,1,false,false,2.7088187,0.81030214,9.600052,2.0692754,0.05279856,3
56.77769,0.032436773,49.328930086446455,8.564879695407061,0,1,6893.004,0.046484753,5,1,false,false,2.6555688,1.1568867,8.463753,2.0701752,0.055587634,3
56.796574,0.03264577,49.32893754940653,8.564873504566371,0,1,6901.9644,0.046484753,5,1,false,false,2.5965726,1.1631702,8.99888,2.0711186,0.058249928,3
56.81728,0.032854836,49.32894501236662,8.564867176020831,0,1,6907.1245,0.04842189,5,1,false,false,2.766538,1.3065643,8.060337,2.072143,0.06451274,3
56.838585,0.03306398,49.3289524752581,8.564860985180143,0,1,6915.2646,0.050359026,5,1,false,false,2.9309237,1.4088184,8.82614,2.0732656,0.071351014,3
56.864662,0.033273205,49.32895993821818,8.564854657474266,0,1,6912.8076,0.049148437,5,1,false,false,2.7238493,1.8125159,8.597311,2.0744474,0.06862129,3
56.893078,0.033482525,49.32896749111245,8.564848466633578,0,1,6887.3525,0.043579523,5,1,false,false,2.6094239,1.6759257,8.012548,2.0755398,0.059638947,3
56.918556,0.03369195,49.32897495400393,8.564842138088036,0,1,6876.098,0.03849559,5,1,false,false,2.922933,1.527566,10.550767,2.0764737,0.052199453,3
56.939938,0.033901457,49.32898241696402,8.56483581038216,0,1,6885.595,0.031716075,5,1,false,false,2.895655,1.320542,11.707369,2.0772762,0.045567676,3
56.959793,0.034111023,49.3289898799241,8.564829481836618,0,1,6892.8306,0.020095117,5,1,false,false,2.7214007,1.31586,11.092125,2.0780125,0.043279786,3
56.984226,0.03432068,49.32899734288418,8.564823153291078,0,1,6892.9175,0.008473225,5,1,false,false,2.7268896,1.5544072,10.533099,2.0786314,0.0317341,3
57.008453,0.034530412,49.32900480577566,8.564816825585202,0,1,6874.7227,-0.00411677,5,1,false,false,2.323661,1.4083776,9.57519,2.078983,0.010928335,3
57.03045,0.034740232,49.329012268735745,8.56481049703966,0,1,6871.8193,-0.012590929,5,1,false,false,2.194801,1.2086716,9.346441,2.079043,-0.0039674547,3
57.04825,0.034950115,49.32901973169583,8.564804169333785,0,1,6886.673,-0.014043076,5,1,false,false,1.3782302,1.0735909,9.314068,2.0789235,-0.013150854,3
57.06528,0.035160054,49.32902719465591,8.564797840788243,0,1,6906.5713,-0.01234937,5,1,false,false,1.0418018,1.3097086,10.46255,2.0787044,-0.015846621,3
57.08519,0.035370067,49.32903465754739,8.564791374537851,0,1,6913.5938,-0.009927247,5,1,false,false,0.7829933,1.4542751,9.913099,2.0784209,-0.017346468,3
57.107838,0.03558015,49.32904221044166,8.564785046831974,0,1,6910.6416,-0.008232604,5,1,false,false,1.5493511,1.4257567,10.442617,2.0780764,-0.01845428,3
57.133034,0.03579033,49.32904967340175,8.564778718286433,0,1,6902.8433,-0.007506993,5,1,false,false,1.2315992,1.3701876,10.568879,2.0776954,-0.023731235,3
57.155476,0.036000587,49.32905713629323,8.564772252875704,0,1,6894.831,-0.009927246,5,1,false,false,1.0413128,1.1398332,10.656652,2.0772657,-0.026159588,3
57.17741,0.036210917,49.32906459925331,8.564765924330164,0,1,6904.709,-0.013559029,5,1,false,false,0.64235,1.3671315,10.5675535,2.0768316,-0.025887758,3
57.19738,0.03642132,49.32907206221339,8.564759458919434,0,1,6907.345,-0.017675795,5,1,false,false,0.20020007,1.4375931,10.668591,2.0763943,-0.027124211,3
57.218536,0.036631804,49.32907952517347,8.564753130373894,0,1,6904.1543,-0.02251817,5,1,false,false,0.04845445,1.2615414,10.674911,2.0759056,-0.03070332,3
57.239098,0.036842354,49.32908707799915,8.564746664123502,0,1,6908.053,-0.027603038,5,1,false,false,-0.13468374,1.1959493,9.319467,2.0753548,-0.03556007,3
57.258587,0.03705298,49.329094540959225,8.564740336417625,0,1,6917.4243,-0.02953924,5,1,false,false,-0.58017296,1.2621042,8.802963,2.074774,-0.037444197,3
57.277782,0.03726367,49.32910200391931,8.564733870167233,0,1,6922.514,-0.027603047,5,1,false,false,-0.69082075,1.2891912,9.789532,2.0741713,-0.036694795,3
57.297253,0.037474435,49.32910955674498,8.564727542461355,0,1,6927.842,-0.028571142,5,1,false,false,-0.83783954,1.407039,10.009849,2.0735548,-0.037878577,3
57.31722,0.03768527,49.329117019705066,8.564721076210963,0,1,6931.6006,-0.03510816,5,1,false,false,-0.8645948,1.161249,9.803436,2.0729244,-0.036484413,3
57.340065,0.03789618,49.32912457253074,8.564714748505086,0,1,6933.8906,-0.04358325,5,1,false,false,-0.9778541,1.3410645,10.036866,2.0722716,-0.03911851,3
57.361897,0.038107164,49.32913203549082,8.564708282254694,0,1,6926.4087,-0.057626344,5,1,false,false,-1.3418608,1.3062598,10.081772,2.0715647,-0.044431455,3
57.383034,0.038318235,49.32913958835079,8.564701953709154,0,1,6928.238,-0.06876417,5,1,false,false,-1.559403,1.3217295,10.013844,2.070754,-0.051954422,3
57.40345,0.038529374,49.329147051310876,8.564695626003276,0,1,6932.708,-0.07990295,5,1,false,false,-1.9970386,1.2711023,9.27014,2.069825,-0.06075068,3
57.422894,0.038740586,49.329154604170846,8.564689159752884,0,1,6933.9766,-0.09249293,5,1,false,false,-2.0884843,1.2869608,9.582951,2.0687692,-0.06699511,3
57.441746,0.038951866,49.32916215703082,8.564682832047007,0,1,6937.6885,-0.10242208,5,1,false,false,-2.1764755,1.1031696,9.263562,2.0676212,-0.07186743,3
57.45757,0.039163213,49.32916970989079,8.564676365796615,0,1,6947.205,-0.112349324,5,1,false,false,-2.480432,0.9691649,8.458316,2.0663986,-0.07835872,3
57.472813,0.03937461,49.32917726275077,8.564670038090737,0,1,6962.38,-0.123488076,5,1,false,false,-2.5338523,0.9971114,8.729354,2.0650613,-0.08460376,3
57.49001,0.039586063,49.32918472567655,8.564663709545197,0,1,6970.344,-0.13607901,5,1,false,false,-3.083503,1.0875942,9.309274,2.0635898,-0.094988585,3
57.50802,0.03979758,49.329192278536524,8.564657380999657,0,1,6977.415,-0.14794528,5,1,false,false,-3.4394116,1.0412229,9.015526,2.0619068,-0.10781798,3
57.52394,0.040009152,49.32919992133069,8.56465105329378,0,1,6991.2856,-0.157631,5,1,false,false,-3.7384248,1.1730818,9.427111,2.0600069,-0.11960501,3
57.544315,0.040220793,49.32920747415636,8.56464472474824,0,1,6996.436,-0.16538042,5,1,false,false,-4.1119804,1.3414172,10.013164,2.0579274,-0.12813917,3
57.56445,0.040432516,49.32921502701633,8.564638396202698,0,1,6981.5625,-0.1658645,5,1,false,false,-4.199667,1.2241174,9.806393,2.0557458,-0.13153183,3
57.58344,0.0406443,49.32922257987631,8.564632068496822,0,1,6982.669,-0.1605371,5,1,false,false,-4.8120904,1.1957781,11.348404,2.0535393,-0.1340962,3
57.601524,0.040856145,49.329230222670475,8.564625877656132,0.00023829383,0.9395809,6989.8623,-0.14842929,5,1,false,false,-5.1536055,1.1465151,11.177638,2.0512605,-0.13874626,3
57.61935,0.041068062,49.329237775530444,8.564619549110592,0.012867866,0.8774351,6982.887,-0.13535248,5,1,false,false,-5.150596,1.1474099,9.990981,2.048913,-0.14061128,3
57.631504,0.041280035,49.32924541829031,8.564613358269904,0.026569763,0.8022196,6974.0166,-0.122519985,5,1,false,false,-4.5606456,0.6955701,10.371584,2.0466335,-0.13183808,3
57.640503,0.041492037,49.32925306108447,8.564607030564027,0.041939713,0.70702827,6970.8467,-0.11234932,5,1,false,false,-4.503985,0.5117623,10.523597,2.0444934,-0.12269362,3
57.641537,0.041704062,49.32926061391015,8.564600839723338,0.06255213,0.59975326,6944.894,-0.11138121,5,1,false,false,-4.8738728,-0.15261775,9.305395,2.0425732,-0.10882959,3
57.629078,0.0419161,49.32926825670431,8.564594648882649,0.07518171,0.5314429,6930.8433,-0.11840323,5,1,false,false,-4.5727963,-0.9884469,9.34055,2.0408785,-0.09393338,3
57.603363,0.042128067,49.32927589946418,8.56458845804196,0.09591325,0.43279892,6914.9985,-0.13438532,5,1,false,false,-5.5081844,-1.7108587,10.282249,2.039386,-0.09021354,3
57.566486,0.042339914,49.329283542258345,8.564582268040935,0.11366613,0.34599254,6881.42,-0.15327261,5,1,false,false,-5.9438534,-2.3571887,10.131378,2.0378704,-0.09507572,3
57.516613,0.042551685,49.32929118501821,8.564576214905099,0.13404027,0.23945741,6854.437,-0.17458206,5,1,false,false,-5.9550548,-3.1250074,11.239289,2.0361629,-0.11102845,3
57.452908,0.042763267,49.32929882777807,8.56457002406441,0.14893368,0.1721332,6840.732,-0.19468096,5,1,false,false,-6.6007056,-4.055733,10.237991,2.0341134,-0.1338537,3
57.379166,0.04297459,49.329306470572234,8.564563970928573,0.16263552,0.10480885,6796.2275,-0.21139048,5,1,false,false,-6.5543456,-4.4292054,10.548008,2.0317621,-0.14682545,3
57.301918,0.04318527,49.32931402343221,8.564557917792737,0.17621824,0.062145486,6719.2344,-0.22955318,5,1,false,false,-6.489858,-4.492081,9.757836,2.0292187,-0.15592541,3
57.220272,0.04339546,49.32932166619207,8.564551864656899,0.18932444,0.026633788,6621.158,-0.25425473,5,1,false,false,-7.641451,-4.9213114,9.595404,2.026532,-0.17220512,3
57.125843,0.04360534,49.32932930898624,8.564545949225915,0.20481357,-1.8626451e-09,6689.3076,-0.2847695,5,1,false,false,-7.2534456,-6.4893317,9.051245,2.0234568,-0.19704059,3
57.007706,0.0438146,49.3293369517461,8.564540033794929,0.21720481,0,6808.8833,-0.31891802,5,1,false,false,-7.5091534,-6.9079566,9.395391,2.0199928,-0.22278784,3
56.89831,0.044023223,49.32934459450597,8.564534118363945,0.2264983,0,6697.8296,-0.35621613,5,1,false,false,-9.1873455,-6.243514,10.022663,2.0159993,-0.26208517,3
56.790535,0.044231452,49.32935214736594,8.564528202932959,0.23293218,0,6644.3975,-0.3935151,5,1,false,false,-9.946424,-6.461659,9.904043,2.0113425,-0.2942001,3
56.669563,0.044439174,49.329359790160105,8.564522424367162,0.23614916,0,6687.646,-0.4233063,5,1,false,false,-10.789466,-7.198681,8.816717,2.0061054,-0.33133125,3
56.546627,0.044646222,49.32936734302008,8.56451664664103,0.23841296,0,6654.252,-0.44316822,5,1,false,false,-11.900892,-7.046373,10.0122795,2.0003328,-0.36233556,3
56.42419,0.044852834,49.32937498577994,8.564511006619748,0.23543428,0,6614.045,-0.4489815,5,1,false,false,-12.730933,-7.045637,9.98913,1.9939988,-0.39926884,3
56.300217,0.045058973,49.32938253863992,8.564505365758803,0.22947693,0,6606.2637,-0.4451063,5,1,false,false,-13.027894,-7.0239496,10.006267,1.987008,-0.44170174,3
56.180977,0.04526449,49.32939018139978,8.564499725737523,0.21934946,0,6572.854,-0.43783897,5,1,false,false,-13.2934065,-6.5359454,8.856151,1.9792764,-0.485038,3
56.067078,0.04546959,49.32939773425976,8.564494222581429,0.21148576,0,6524.5474,-0.43154174,5,1,false,false,-13.460675,-6.252457,7.7274933,1.9709948,-0.5068175,3
55.957348,0.045674287,49.32940537705392,8.564488719425336,0.20088172,0,6503.507,-0.42815048,5,1,false,false,-12.233184,-5.9375143,6.8994756,1.9625618,-0.5047234,3
55.842525,0.045878503,49.32941292991389,8.564483217108906,0.18837124,0,6476.1807,-0.42790806,5,1,false,false,-16.37726,-6.698598,10.998376,1.9541106,-0.5258323,3
55.728695,0.046082288,49.32942048275672,8.564477851657665,0.17669488,0,6435.1133,-0.43105677,5,1,false,false,-16.891506,-5.6041512,9.109325,1.9446869,-0.6044871,3
55.625145,0.04628569,49.32942812553373,8.564472623911277,0.1621589,0,6381.9136,-0.43347982,5,1,false,false,-16.615347,-5.215336,8.541414,1.9340619,-0.66808987,3
55.515533,0.046488717,49.3294356783937,8.564467396164888,0.1473847,0,6341.498,-0.43057364,5,1,false,false,-18.976984,-5.7899823,10.149586,1.922596,-0.67725754,3
55.404778,0.046691325,49.329443321170714,8.564462168418498,0.1282021,0,6335.3804,-0.42039907,5,1,false,false,-19.105835,-5.1977196,9.282582,1.9119087,-0.608537,3
55.29558,0.04689356,49.32945087403069,8.564457078376961,0.11712141,0,6304.0405,-0.4058673,5,1,false,false,-22.710958,-5.491793,12.4663315,1.901926,-0.6181161,3
55.175426,0.04709541,49.329458516807705,8.564452126040274,0.094364345,0,6286.0737,-0.38673282,5,1,false,false,-21.538054,-5.7008443,11.559803,1.8904414,-0.76035947,3
55.05677,0.047296867,49.32946606966768,8.56444717370359,0.08483259,0,6328.725,-0.36517718,5,1,false,false,-20.638996,-5.2768717,12.500588,1.8768959,-0.8633876,3
54.93567,0.047497902,49.32947371242754,8.564442358232093,0.07422853,0,6364.8994,-0.3462851,5,1,false,false,-22.198574,-5.2555966,12.042531,1.8622801,-0.87264866,3
54.81697,0.047698528,49.32948135520456,8.56443768130511,0.07196474,0,6390.46,-0.33780813,5,1,false,false,-23.655043,-4.697827,10.38997,1.8483815,-0.8018257,3
54.69561,0.047898844,49.32948899798157,8.564433003538465,0.06290955,0,6413.8984,-0.3368392,5,1,false,false,-26.48964,-4.6541586,12.978958,1.8360549,-0.66712385,3
54.581055,0.04809873,49.32949655084155,8.564428464316336,0.06064578,0,6415.772,-0.34047282,5,1,false,false,-25.53717,-3.7314992,12.135938,1.8262217,-0.52012897,3
54.48568,0.048298262,49.32950419361856,8.564423924254541,0.05147146,0,6395.363,-0.34071526,5,1,false,false,-20.885777,-3.002952,9.347211,1.8180833,-0.47347805,3
54.402542,0.048497632,49.32951183637842,8.564419659602452,0.048016198,0,6361.5444,-0.33369148,5,1,false,false,-18.801765,-2.80497,6.927314,1.8098465,-0.51033473,3
54.30833,0.048696768,49.32951947915544,8.56441525724551,0.038722754,0,6341.6084,-0.31504184,5,1,false,false,-21.579313,-3.9730113,7.365355,1.8008937,-0.568879,3
54.204754,0.048895575,49.32952712193245,8.564411130298272,0.036220647,0,6332.653,-0.2811368,5,1,false,false,-20.848116,-3.6607468,8.904863,1.7908337,-0.6349901,3
54.10517,0.049094137,49.32953485462651,8.56440700251137,0.028118666,0,6320.359,-0.2230152,5,1,false,false,-21.449331,-3.3863916,10.160799,1.7797872,-0.68896085,3
54.008556,0.049292486,49.32954249738638,8.564402875564133,0.021684743,0,6303.8896,-0.15181956,5,1,false,false,-21.156052,-2.9799185,10.259763,1.7679762,-0.7248931,3
53.91433,0.04949053,49.32955014016339,8.564398886321747,0.011795545,0,6293.721,-0.08280818,5,1,false,false,-21.460585,-2.857567,9.368971,1.7558379,-0.7280296,3
53.816925,0.049688306,49.329557782940405,8.56439503394455,-9.313226e-10,0,6285.628,-0.02566497,5,1,false,false,-22.42611,-2.8265555,9.89953,1.743985,-0.69194984,3
53.71915,0.04988592,49.32956542571742,8.564391182407014,0,0.022934651,6286.3086,0.013074042,5,1,false,false,-22.312193,-2.6276217,9.584303,1.7330011,-0.62258524,3
53.623924,0.050083227,49.3295731584029,8.564387467734669,0,0.051541302,6289.886,0.030262979,5,1,false,false,-22.312109,-2.407849,9.897334,1.7232856,-0.5429203,3
53.530735,0.05028026,49.32958080117134,8.564383890767175,0,0.08162764,6286.48,0.030747969,5,1,false,false,-22.378471,-2.1577592,10.497777,1.714754,-0.48482713,3
53.44334,0.050477132,49.32958844394835,8.564380314639344,0,0.12059185,6286.0312,0.020821659,5,1,false,false,-21.936031,-1.9127591,9.857727,1.7068608,-0.46709782,3
53.359844,0.05067377,49.32959608672537,8.564376875376702,0,0.16744757,6290.2827,0.0045998814,5,1,false,false,-21.845278,-1.695853,9.749496,1.69894,-0.48865175,3
53.276287,0.050870176,49.32960381941085,8.56437343611406,0,0.22145495,6305.8823,-0.017675795,5,1,false,false,-22.803839,-1.6918545,10.54851,1.6905055,-0.52713364,3
53.190506,0.05106638,49.32961146218786,8.564370133716606,0,0.26066583,6353.4287,-0.045519456,5,1,false,false,-23.496967,-1.6139346,10.367817,1.6813669,-0.5686136,3
53.104202,0.051262356,49.329619194873345,8.564366969863668,0,0.29765725,6426.1157,-0.07723833,5,1,false,false,-22.851835,-1.5956392,9.792063,1.6717803,-0.5781112,3
53.0192,0.051458076,49.32962683764178,8.564363806010729,0,0.33045632,6463.3887,-0.106053844,5,1,false,false,-22.705406,-1.3387182,10.596015,1.6624069,-0.5397943,3
52.94652,0.051653586,49.32963457033584,8.564360779022978,0,0.35462397,6258.3843,-0.12348811,5,1,false,false,-23.92356,-0.11168141,11.340253,1.6538668,-0.4863849,3
52.878925,0.05184889,49.32964221310857,8.564357752874892,0,0.38051796,6313.807,-0.12300404,5,1,false,false,-23.060583,-0.63240254,10.611311,1.6461504,-0.44143492,3
52.805496,0.052043978,49.329649945794046,8.564355001296846,0,0.38988897,6383.7485,-0.09854685,5,1,false,false,-21.570976,-0.77000535,9.799932,1.6389701,-0.42518947,3
52.742294,0.05223888,49.32965758857106,8.564352112013948,0,0.3950678,6320.57,-0.052298963,5,1,false,false,-20.583277,-0.2228531,8.72584,1.6318198,-0.42980862,3
52.68485,0.05243374,49.32966532125654,8.564349498140752,0,0.39901352,6335.7607,0.020579167,5,1,false,false,-19.413305,-0.23534726,8.097463,1.6247241,-0.4160609,3
52.626408,0.052628476,49.32967305394631,8.564346884267557,0,0.40295926,6358.3193,0.1021688,5,1,false,false,-20.767118,-0.27268326,9.668508,1.6180184,-0.39312923,3
52.56512,0.052823037,49.32968069671904,8.564344270394363,0,0.41652286,6333.432,0.16874258,5,1,false,false,-21.565691,0.008510448,9.9342375,1.6113125,-0.41556358,3
52.51412,0.05301741,49.32968842940774,8.56434179422602,0,0.43452525,6342.478,0.2372488,5,1,false,false,-16.74059,0.035941288,6.8776913,1.6044086,-0.40195778,3
52.470165,0.053211484,49.32969616209643,8.56433945576253,0,0.4737361,6358.4985,0.28130394,5,1,false,false,-17.344217,0.33175865,7.286761,1.5981451,-0.3435356,3
52.428234,0.053405423,49.329703804869965,8.564336979594186,0,0.5124538,6341.9033,0.2914699,5,1,false,false,-17.782228,0.5000896,8.480378,1.5931526,-0.25395173,3
52.388176,0.053599257,49.32971153755839,8.564334777995883,0,0.5432799,6337.4644,0.27815673,5,1,false,false,-15.727862,0.1551239,7.19703,1.5894237,-0.205872,3
52.34925,0.053792667,49.32971927024655,8.564332577237245,0,0.56325525,6385.0493,0.25128812,5,1,false,false,-14.847785,0.12867153,5.895828,1.585941,-0.2130338,3
52.313942,0.05398585,49.32972700293418,8.564330376478607,0,0.58051795,6423.47,0.22417763,5,1,false,false,-14.337436,0.323083,5.3343763,1.5822817,-0.22298452,3
52.28404,0.054178935,49.329734735623944,8.564328312585156,0,0.5839704,6429.786,0.20287566,5,1,false,false,-13.79668,0.58215195,5.5510283,1.578525,-0.22479066,3
52.25981,0.05437184,49.32974246831157,8.564326248691705,0,0.5765722,6439.2876,0.18302487,5,1,false,false,-14.162692,0.8728632,5.6649327,1.5748677,-0.21115722,3
52.237614,0.054564442,49.329750111084294,8.564324323342769,0,0.5709002,6436.7188,0.15494385,5,1,false,false,-14.482477,0.9669928,6.552628,1.5715075,-0.19234292,3
52.21528,0.054756958,49.32975784377407,8.564322259449318,0,0.56572133,6425.298,0.1065262,5,1,false,false,-15.449597,1.0398388,7.231454,1.5684116,-0.18110378,3
52.192448,0.054949407,49.329765576463835,8.564320470965571,0,0.56029606,6417.9404,0.025179043,5,1,false,false,-15.676875,1.0013157,7.0536366,1.5654961,-0.16810398,3
52.16474,0.055141542,49.32977330914932,8.564318682481824,0,0.5568434,6407.741,-0.068037644,5,1,false,false,-18.645958,0.83887094,9.089327,1.5627164,-0.17699361,3
52.128857,0.055333506,49.3297810418348,8.564316893998077,0,0.54821205,6396.742,-0.15763095,5,1,false,false,-21.61007,0.94838035,11.326576,1.5593754,-0.22456954,3
52.09377,0.055525336,49.32978877452885,8.564315243219182,0,0.53810126,6378.8057,-0.2334284,5,1,false,false,-19.704624,0.7788049,10.097036,1.5553887,-0.24642752,3
52.057785,0.05571697,49.32979650721433,8.564313592440287,0,0.5316892,6365.695,-0.2913085,5,1,false,false,-19.543783,0.49403706,9.014643,1.5512624,-0.25022435,3
52.019382,0.055908345,49.32980423990839,8.564312079366244,0,0.5277436,6368.812,-0.33030117,5,1,false,false,-20.835575,0.5600366,10.287792,1.547033,-0.2580101,3
51.97822,0.05609956,49.32981197259387,8.564310703157389,0,0.5316892,6359.048,-0.35621616,5,1,false,false,-21.194433,0.39985663,10.914701,1.5425572,-0.28279606,3
51.936295,0.056290623,49.32981970527935,8.564309327788198,0,0.5425401,6354.662,-0.37292665,5,1,false,false,-21.731182,0.4225026,11.278488,1.5375785,-0.31304845,3
51.895447,0.05648143,49.32982743797341,8.564308090123857,0,0.56004953,6357.842,-0.38600636,5,1,false,false,-21.525808,0.5311234,10.275138,1.5321457,-0.33653256,3
51.85929,0.056672063,49.32983517065889,8.564306851619854,0,0.59210855,6349.7856,-0.39520985,5,1,false,false,-21.0627,0.72274303,10.701126,1.5265754,-0.32788053,3
51.825752,0.056862563,49.32984290334437,8.564305750820703,0,0.6313195,6338.035,-0.39956912,5,1,false,false,-21.877874,0.9030509,10.984203,1.5213063,-0.30254912,3
51.79257,0.05705293,49.32985063603842,8.564304650861216,0,0.68557334,6332.698,-0.40174955,5,1,false,false,-22.643816,0.9464673,11.429605,1.5164878,-0.28007394,3
51.762714,0.05724314,49.32985836871533,8.564303824632104,0,0.75709003,6344.2905,-0.40417182,5,1,false,false,-19.282625,0.97543794,9.747184,1.5118887,-0.26649645,3
51.73995,0.057433233,49.32986610140939,8.564302862377469,0,0.844883,6367.7437,-0.40877444,5,1,false,false,-19.606665,1.0734465,8.844401,1.5076933,-0.23915581,3
51.713577,0.057623234,49.329873834103445,8.564302173853209,0,0.91639954,6376.745,-0.419916,5,1,false,false,-24.712915,1.1332157,12.698948,1.5035841,-0.2669234,3
51.692177,0.057813164,49.32988156678035,8.564301348463761,0,0.9782985,6383.1987,-0.43178323,5,1,false,false,-18.431732,1.5630957,11.227774,1.4986771,-0.30254462,3
51.672832,0.058002997,49.3298892994744,8.564300798484018,0,1,6408.8115,-0.43759647,5,1,false,false,-18.632175,0.7210372,8.387651,1.4936012,-0.31500578,3
51.64305,0.058192715,49.32989703216846,8.564300248504274,0,1,6464.536,-0.44195673,5,1,false,false,-14.425939,0.60214436,7.7283115,1.4877634,-0.3677349,3
51.63455,0.058382414,49.32990476484537,8.564299697684866,0,1,6515.23,-0.44801244,5,1,false,false,-15.017097,1.4666418,6.8475943,1.4817137,-0.35456192,3
51.64794,0.058572117,49.329912497539425,8.564299285409975,0,1,6447.905,-0.45649043,5,1,false,false,-17.954685,3.4721048,10.447876,1.4761835,-0.29251415,3
51.65736,0.058761843,49.329920230233476,8.564299010000271,0,1,6338.9126,-0.46593732,5,1,false,false,-23.831549,2.5518596,12.781365,1.4718659,-0.2409457,3
51.634895,0.058951538,49.32992805282743,8.564298734590567,0,1,6352.4,-0.47223464,5,1,false,false,-25.055962,1.2155023,15.618045,1.4672668,-0.32219613,3
51.60714,0.059141263,49.32993578552148,8.56429859772538,0,1,6414.4175,-0.46666393,5,1,false,false,-28.901024,1.8860675,15.933169,1.4611274,-0.4003737,3
51.580635,0.059330855,49.329943518215536,8.564298460020527,0,1,6352.787,-0.4535833,5,1,false,false,-28.64003,1.8514335,16.452702,1.4539455,-0.4605512,3
51.559628,0.05952034,49.32995125089244,8.564298460020527,0,1,6321.6187,-0.43759662,5,1,false,false,-27.928288,1.9038701,15.676501,1.4459151,-0.49643576,3
51.536705,0.05970987,49.329958893669456,8.564298734590567,0,1,6340.531,-0.426455,5,1,false,false,-27.605972,1.7260844,14.792955,1.4376512,-0.49286208,3
51.519337,0.059899386,49.329966626363515,8.564298872295419,0,1,6314.957,-0.42815048,5,1,false,false,-24.272108,2.003538,12.793656,1.4297125,-0.45196098,3
51.51071,0.06008883,49.32997435904042,8.564299285409975,0,1,6292.6494,-0.44195676,5,1,false,false,-21.648369,1.9522598,10.767573,1.4228544,-0.37007174,3
51.501427,0.060278248,49.32998209173448,8.564299697684866,0,1,6301.7026,-0.46787456,5,1,false,false,-20.122494,1.7061363,9.821863,1.4173466,-0.29207218,3
51.49216,0.060467858,49.32998982442853,8.564300248504274,0,1,6308.55,-0.5046941,5,1,false,false,-18.824919,1.4922559,9.208662,1.4130539,-0.22784291,3
51.481842,0.060657393,49.329997467205544,8.564300798484018,0,1,6321.679,-0.5410288,5,1,false,false,-16.509514,1.1525486,7.8655167,1.4095085,-0.20341963,3
51.47021,0.060846858,49.3300051998996,8.564301486168613,0,1,6366.592,-0.57324755,5,1,false,false,-14.890772,0.88155437,6.7074084,1.4060869,-0.21178387,3
51.456272,0.061036427,49.330012932559356,8.564302173853209,0,1,6412.5776,-0.6023171,5,1,false,false,-17.331419,0.9373657,7.7491565,1.4022347,-0.26089504,3
51.44433,0.061226014,49.33002057535352,8.564302999242656,0,1,6430.7754,-0.620002,5,1,false,false,-17.722063,1.2216017,8.416319,1.3972789,-0.33534083,3
51.440117,0.061415516,49.33002830804758,8.564303824632104,0,1,6436.7593,-0.61443025,5,1,false,false,-17.558748,1.8361768,9.163838,1.3911648,-0.39167443,3
51.44536,0.061605014,49.33003595080744,8.564304650861216,0,1,6418.722,-0.58971936,5,1,false,false,-16.851885,2.2048926,9.008826,1.3844887,-0.39959013,3
51.452354,0.061794784,49.3300436835015,8.56430561311585,0,1,6381.417,-0.5531405,5,1,false,false,-17.343626,2.1949785,9.869535,1.3780164,-0.3750354,3
51.45453,0.061984494,49.33005132626136,8.564306713915002,0,1,6367.521,-0.5216491,5,1,false,false,-18.27993,1.9481797,9.451482,1.3719256,-0.3582871,3
51.45503,0.062174145,49.33005896905553,8.564307814714153,0,1,6365.106,-0.4945187,5,1,false,false,-16.54181,1.8063341,8.273473,1.3661202,-0.3352244,3
51.455875,0.062363714,49.33006670174959,8.564308915513305,0,1,6360.125,-0.46811602,5,1,false,false,-16.55358,1.7256241,8.427454,1.3607842,-0.3067326,3
51.453434,0.06255318,49.33007434450945,8.564310153177646,0,1,6364.7974,-0.4475276,5,1,false,false,-17.685411,1.7054977,9.34097,1.3557299,-0.30247036,3
51.44855,0.06274257,49.33008198726932,8.5643115293865,0,1,6368.875,-0.42621255,5,1,false,false,-17.617205,1.3780133,9.586143,1.3506389,-0.31463385,3
51.438087,0.062931865,49.330089630063476,8.564312904755692,0,1,6387.1274,-0.4056249,5,1,false,false,-19.234324,1.412141,11.313701,1.3450148,-0.36698893,3
51.43475,0.06312086,49.330097362757535,8.564314280124883,0,1,6404.485,-0.3763178,5,1,false,false,-19.270046,1.834359,11.291397,1.3386382,-0.3939977,3
51.43447,0.063309774,49.330105005517396,8.56431579403859,0,1,6375.0493,-0.3409568,5,1,false,false,-18.29948,2.0310605,9.59621,1.3319141,-0.40746176,3
51.438107,0.06349867,49.33011255837737,8.564317307112633,0,1,6364.1943,-0.3147994,5,1,false,false,-17.76337,2.37149,9.681828,1.3251451,-0.39492372,3
51.44554,0.06368744,49.330120201137234,8.564318957891528,0,1,6350.7427,-0.2968783,5,1,false,false,-16.357294,2.1654627,7.804863,1.3191181,-0.32759196,3
51.450195,0.06387612,49.3301278439314,8.564320746375275,0,1,6330.1333,-0.2898554,5,1,false,false,-16.550924,1.9074366,8.976736,1.314187,-0.26998892,3
51.447685,0.06406474,49.33013548669127,8.564322534859022,0,1,6344.797,-0.2949412,5,1,false,false,-17.786734,1.5012711,10.036741,1.3098215,-0.26347455,3
51.439064,0.06425329,49.33014312948543,8.564324323342769,0,1,6374.8145,-0.30487034,5,1,false,false,-17.195679,1.1899722,9.567331,1.305159,-0.30222353,3
51.43168,0.064441636,49.3301506823111,8.564326248691705,0,1,6403.6064,-0.30826148,5,1,false,false,-17.775087,1.5381004,10.509258,1.2997068,-0.35042346,3
51.43064,0.0646299,49.330158325105266,8.564328174880304,0,1,6407.136,-0.30656594,5,1,false,false,-18.59319,2.027564,10.196185,1.2935591,-0.38255656,3
51.43582,0.06481814,49.33016587796524,8.564330238773755,0,1,6377.822,-0.30317557,5,1,false,false,-19.128595,2.4168632,11.115691,1.2870958,-0.38670543,3
51.44105,0.06500628,49.330173520725104,8.564332439532393,0,1,6348.0327,-0.29978442,5,1,false,false,-19.885567,2.3375018,11.52682,1.2807319,-0.37627202,3
51.4449,0.065194346,49.33018107358508,8.564334503425844,0,1,6334.037,-0.2988155,5,1,false,false,-19.035784,2.1674354,10.670396,1.2746675,-0.3466104,3
51.44533,0.06538238,49.33018862644505,8.564336841889334,0,1,6323.438,-0.3034181,5,1,false,false,-19.011848,1.9212418,9.848407,1.2691598,-0.31799158,3
51.445713,0.06557037,49.33019617930503,8.564339180352826,0,1,6324.1216,-0.31576845,5,1,false,false,-18.015766,1.8904964,9.830853,1.2641176,-0.2858912,3
51.444317,0.06575822,49.330203732164996,8.564341519655981,0,1,6327.8657,-0.33272234,5,1,false,false,-18.24166,1.6372595,9.813639,1.259554,-0.26643983,3
51.440826,0.06594601,49.33021128502497,8.564343995824323,0,1,6336.2495,-0.35040277,5,1,false,false,-18.22428,1.5986228,9.646874,1.2550721,-0.274031,3
51.437874,0.06613377,49.33021874798505,8.564346609697518,0,1,6350.6763,-0.36566123,5,1,false,false,-18.4826,1.6165435,10.598643,1.2504205,-0.2881572,3
51.436337,0.06632143,49.33022630081073,8.564349223570712,0,1,6358.496,-0.3763178,5,1,false,false,-16.988197,1.765621,9.693374,1.2454339,-0.30537486,3
51.44074,0.066509016,49.3302338536707,8.564351837443906,0,1,6357.6465,-0.38091958,5,1,false,false,-17.524961,2.022568,9.776222,1.2403928,-0.29726082,3
51.44922,0.06669659,49.33024131663078,8.56435458818229,0,1,6342.718,-0.38285756,5,1,false,false,-14.915031,1.9915254,8.333113,1.235736,-0.2576212,3
51.456448,0.06688415,49.33024877955656,8.564357339760337,0,1,6337.4253,-0.3867329,5,1,false,false,-15.256303,1.7552389,7.525254,1.2317408,-0.22503008,3
51.454144,0.06707165,49.33025633241654,8.564360229043235,0,1,6354.2856,-0.39520988,5,1,false,false,-15.412286,1.1005507,8.5378895,1.2280326,-0.2341059,3
51.446808,0.067259066,49.33026379537662,8.564363118326133,0,1,6404.5845,-0.39932755,5,1,false,false,-16.561377,1.5296,8.415353,1.2235401,-0.3077342,3
51.450684,0.06744643,49.3302712583024,8.564366144474219,0,1,6409.3945,-0.39181966,5,1,false,false,-15.893604,1.6334432,9.43072,1.2182306,-0.31907964,3
51.46959,0.06763379,49.33027872126248,8.564369170622307,0,1,6369.5996,-0.36929387,5,1,false,false,-9.721109,2.5257103,4.2608237,1.2135973,-0.22929932,3
51.487846,0.06782118,49.330286094288375,8.564372197610057,0,1,6354.804,-0.3474958,5,1,false,false,-12.8447895,0.4105037,3.479698,1.2110139,-0.09340197,3
51.431274,0.068008445,49.33029355724845,8.564375361462995,0,1,6428.6553,-0.33877712,5,1,false,false,-31.82943,-1.7217371,20.11217,1.2076578,-0.37588626,3
51.398922,0.06819549,49.33030102020854,8.564378526155597,0,1,6615.1855,-0.3327224,5,1,false,false,-35.633446,3.8729794,26.08898,1.1979896,-0.7298744,3
51.42595,0.06838259,49.330308393234425,8.564381827713387,0,1,6391.321,-0.3198862,5,1,false,false,-33.59889,5.2299447,22.675514,1.1865333,-0.60862774,3
51.450542,0.06856978,49.33031576626032,8.56438526697603,0,1,6124.29,-0.30317563,5,1,false,false,-28.373108,3.6075273,17.691526,1.177924,-0.43792832,3
51.450096,0.068757005,49.33032304935202,8.564388843943524,0,1,6225.77,-0.2917925,5,1,false,false,-19.512014,1.0092698,9.864068,1.1722434,-0.24483442,3
51.435493,0.06894421,49.330330422377905,8.564392557776205,0,1,6309.762,-0.30922955,5,1,false,false,-14.233161,0.74448687,6.987036,1.169056,-0.17008863,3
51.44552,0.06913141,49.33033770546961,8.564396272448553,0,1,6293.2173,-0.3574258,5,1,false,false,-6.5411263,1.7328593,2.9065003,1.1667558,-0.087107025,3
51.4443,0.06931862,49.3303450784955,8.564399987120899,0,1,6331.1685,-0.43081427,5,1,false,false,-5.2103763,-0.35372558,-0.7502197,1.1659545,-0.046399854,3
51.44817,0.06950578,49.3303523616558,8.56440370095358,0,1,6476.461,-0.5347305,5,1,false,false,-3.5740688,1.3448863,0.26833063,1.1652163,-0.03455528,3
51.440975,0.06969301,49.330359644747496,8.564407415625926,0,1,6495.495,-0.6233933,5,1,false,false,-4.578092,-1.5540847,-0.1580891,1.1650275,-0.027037013,3
51.405003,0.0698801,49.330366927839194,8.564411268003123,0,1,6623.554,-0.7069758,5,1,false,false,-9.334288,0.18075137,8.098747,1.1632152,-0.19367172,3
51.437206,0.07006715,49.330374210999494,8.564415119540659,0,1,6727.4434,-0.7418648,5,1,false,false,-12.671299,2.1448894,7.750515,1.1596004,-0.25130218,3
51.444874,0.070254296,49.33038149409119,8.564418971917856,0,1,6525.5864,-0.70915616,5,1,false,false,-17.557514,1.5694778,12.282318,1.1545836,-0.36086142,3
51.445133,0.07044154,49.33038877718289,8.56442282345539,0,1,6596.806,-0.6350218,5,1,false,false,-15.340614,0.61512434,8.394966,1.1476313,-0.44009414,3
51.43013,0.070628695,49.33039606034319,8.564426812697777,0,1,6701.322,-0.5422394,5,1,false,false,-26.786362,4.2889686,16.679989,1.1397573,-0.52718097,3
51.510063,0.070816,49.3304032535007,8.564430940484678,0,1,6415.8325,-0.47126567,5,1,false,false,-36.084373,6.568175,26.510223,1.1302142,-0.5588919,3
51.53812,0.07100366,49.330410536592396,8.564435205136768,0,1,6049.3164,-0.37534967,5,1,false,false,-28.039137,2.6269526,23.837603,1.1216419,-0.45749736,3
51.505028,0.071191356,49.33041763988432,8.564439607493709,0,1,6267.459,-0.3063234,5,1,false,false,-30.718168,-1.1394091,22.82878,1.1144643,-0.4121175,3
51.45638,0.07137886,49.33042483311042,8.564444009010987,0,1,6464.371,-0.24481063,5,1,false,false,-25.054281,-0.109619394,15.788396,1.1080548,-0.34842628,3
51.441845,0.07156631,49.33043193640234,8.56444854907278,0,1,6389.0874,-0.20146233,5,1,false,false,-17.10818,0.8096746,10.163218,1.10258,-0.32253975,3
51.467842,0.071753964,49.330439039694255,8.564453089134574,0,1,6439.583,-0.17216,5,1,false,false,-7.118955,3.1586478,3.8866038,1.0976915,-0.22608812,3
51.4871,0.0719417,49.330446142986176,8.564457766061556,0,1,6424.656,-0.19492343,5,1,false,false,-2.3146112,0.45327407,-1.7838693,1.0949562,-0.12685886,3
51.508137,0.072129495,49.33045324620949,8.56446230612335,0,1,6448.1846,-0.2898554,5,1,false,false,-3.9488876,2.6084545,-1.2600139,1.093334,-0.070206866,3
51.519608,0.07231756,49.33046034950141,8.564466983889995,0,1,6492.967,-0.38261616,5,1,false,false,-0.94591266,-0.723291,-0.6546139,1.0928222,-0.020341089,3
51.503017,0.07250567,49.33046745279332,8.564471660816977,0,1,6596.4546,-0.47344533,5,1,false,false,-4.7585626,0.21714598,0.92318314,1.0925541,-0.03575014,3
51.52917,0.07269374,49.33047455608524,8.564476338583622,0,1,6705.5674,-0.53909075,5,1,false,false,-7.4424953,2.2781808,3.6097536,1.091962,-0.044395294,3
51.532825,0.07288189,49.330481659377156,8.564481015510605,0,1,6584.5977,-0.5560473,5,1,false,false,-21.516117,1.9191436,13.81174,1.0901895,-0.21268682,3
51.578373,0.073070236,49.33048867273488,8.564485830982102,0,1,6570.495,-0.518743,5,1,false,false,-20.711304,3.612699,14.053996,1.0851915,-0.34049428,3
51.590748,0.073258705,49.330495776026794,8.564490645613935,0,1,6464.042,-0.44098863,5,1,false,false,-22.444773,1.52217,16.526554,1.0793253,-0.37864578,3
51.623615,0.073447235,49.330502789384525,8.564495597950621,0,1,6447.8604,-0.33926228,5,1,false,false,-19.890553,4.3899035,14.381844,1.0724702,-0.4078987,3
51.660503,0.07363596,49.33050980274225,8.56450055112697,0,1,6343.433,-0.23318586,5,1,false,false,-16.519375,2.446199,11.591105,1.0664485,-0.32517603,3
51.67951,0.07382479,49.33051681609997,8.564505641168507,0,1,6289.8286,-0.15496731,5,1,false,false,-18.070614,2.63314,13.470328,1.0608938,-0.3402671,3
51.69908,0.074013695,49.33052373959211,8.564510731210044,0,1,6336.151,-0.10629636,5,1,false,false,-13.935239,1.64287,9.555072,1.0557888,-0.2596163,3
51.705215,0.07420265,49.330530752949834,8.564515958956434,0,1,6321.069,-0.07263846,5,1,false,false,-16.358706,1.6894212,13.860699,1.0516168,-0.26225752,3
51.727356,0.0743917,49.33053767637337,8.564521186702823,0,1,6334.601,-0.06876418,5,1,false,false,-13.409476,2.3305233,9.833728,1.0473163,-0.22422235,3
51.738552,0.07458081,49.3305445998655,8.564526551314401,0,1,6319.0815,-0.075302154,5,1,false,false,-14.911524,1.1786399,12.202981,1.0439999,-0.20108563,3
51.757954,0.07476997,49.33055152328903,8.564531916765642,0,1,6344.8,-0.09346199,5,1,false,false,-14.829128,2.5528638,11.566717,1.0403104,-0.21759377,3
51.777817,0.07495925,49.33055844678117,8.564537282216882,0,1,6324.656,-0.100968994,5,1,false,false,-12.372018,1.3184906,8.942532,1.0372589,-0.16290542,3
51.792637,0.07514858,49.3305653702047,8.564542785372977,0,1,6335.4194,-0.10460077,5,1,false,false,-14.819149,2.4805331,11.44556,1.034202,-0.19933479,3
51.820354,0.07533801,49.33057220376264,8.564548287689405,0,1,6344.1973,-0.10242209,5,1,false,false,-11.724685,1.8822061,7.6315856,1.0313387,-0.13539796,3
51.832455,0.07552752,49.33057903732058,8.564553790845498,0,1,6315.2183,-0.09418853,5,1,false,false,-14.186884,1.8316444,12.174825,1.029031,-0.16224693,3
51.863068,0.07571713,49.330585960744116,8.56455943086678,0,1,6353.841,-0.089346156,5,1,false,false,-11.268787,2.4023685,8.536922,1.0263306,-0.13429295,3
51.87993,0.07590684,49.33059279430206,8.564565071727724,0,1,6315.4766,-0.07433311,5,1,false,false,-12.737036,1.3961774,11.052134,1.0243893,-0.1204013,3
51.90464,0.07609661,49.33059962786,8.564570711749006,0,1,6332.1597,-0.07021725,5,1,false,false,-12.203243,2.5942588,10.542261,1.0221056,-0.12934576,3
51.929314,0.07628652,49.33060646134935,8.564576489475138,0,1,6322.1167,-0.056173254,5,1,false,false,-9.425497,1.4098217,8.369252,1.0205629,-0.068084,3
51.949787,0.076476514,49.3306132049731,8.564582130336083,0,1,6327.3066,-0.046245992,5,1,false,false,-9.72158,2.304258,8.475808,1.0193566,-0.07080127,3
51.98041,0.07666662,49.33062003853104,8.564588045767069,0,1,6331.385,-0.04551946,5,1,false,false,-7.9327965,1.6922927,6.3197103,1.0188094,-0.00028445557,3
52.001835,0.07685682,49.330626872088985,8.564593823493201,0,1,6327.5156,-0.050604325,5,1,false,false,-8.614508,2.1411781,8.084657,1.0190696,0.015966864,3
52.03249,0.07704716,49.330633615712735,8.564599738924187,0,1,6351.2363,-0.07021727,5,1,false,false,-7.677818,1.7579257,7.587206,1.0195922,0.048473183,3
52.037888,0.07723756,49.330640359336485,8.564605654355171,0,1,6353.23,-0.091040775,5,1,false,false,-11.087904,0.47194168,14.225573,1.0204307,0.01022202,3
52.06004,0.07742801,49.33064719282583,8.56461157062582,0,1,6450.697,-0.11695013,5,1,false,false,-11.668754,2.2299058,14.679413,1.0195891,-0.09689342,3
52.07935,0.077618584,49.33065393644958,8.564617486056806,0,1,6429.2637,-0.1087166,5,1,false,false,-10.130529,0.9113097,14.768143,1.0173807,-0.16566394,3
52.11221,0.07780922,49.33066068007333,8.564623539192642,0,1,6437.3623,-0.08813462,5,1,false,false,-8.676038,4.3443737,13.382191,1.0137571,-0.21877818,3
52.16978,0.07800008,49.33066742369708,8.56462959232848,0,1,6371.7197,-0.05980598,5,1,false,false,-9.350239,2.7746372,9.035837,1.01048,-0.15373726,3
52.215702,0.07819112,49.33067416732083,8.564635645464316,0,1,6248.3564,-0.03462412,5,1,false,false,-8.481014,3.300034,13.519156,1.0082672,-0.094224446,3
52.24711,0.078382336,49.33068082107899,8.564641835465341,0,1,6262.5376,-0.019127943,5,1,false,false,-6.803804,1.3493975,10.595447,1.007399,-0.0039127115,3
52.2605,0.078573644,49.33068756470274,8.56464802630603,0,1,6309.24,0.00024155714,5,1,false,false,-6.1735463,1.2257282,15.065697,1.0078186,0.034535255,3
52.286552,0.07876502,49.33069430832649,8.564654079441866,0,1,6334.945,0.005810477,5,1,false,false,-4.907703,2.0380778,11.713232,1.0084475,0.04366435,3
52.30777,0.07895652,49.33070096201605,8.564660270282555,0,1,6317.641,0.007990108,5,1,false,false,-3.873986,1.2067591,12.827556,1.0092365,0.042982366,3
52.33764,0.079148136,49.3307077056398,8.564666598828095,0,1,6359.732,-9.359792e-07,5,1,false,false,-3.2262416,2.342677,11.53048,1.0098392,0.034476046,3
52.36553,0.07933986,49.33071435932936,8.564672788829121,0,1,6350.352,-0.006053906,5,1,false,false,-2.3358636,1.4161081,9.214488,1.0104055,0.035370696,3
52.39252,0.079531714,49.33072110295311,8.564678979669809,0,1,6353.7188,-0.015738659,5,1,false,false,-1.6908796,2.459526,7.348137,1.0109215,0.029364664,3
52.425697,0.07972373,49.33072784657687,8.56468530821535,0,1,6365.3936,-0.024696868,5,1,false,false,-1.8531969,1.7703632,6.8611736,1.0114292,0.029411867,3
52.450497,0.07991586,49.330734500335026,8.564691499056039,0,1,6347.487,-0.033413522,5,1,false,false,-1.4377681,1.7452095,6.2343335,1.0118862,0.022377448,3
52.475178,0.0801081,49.33074124395878,8.564697826761915,0,1,6385.7817,-0.04382483,5,1,false,false,-1.4238503,1.2871445,4.8583846,1.0122169,0.013422433,3
52.491623,0.08030046,49.33074789764834,8.564704155307457,0,1,6421.5103,-0.05133087,5,1,false,false,-1.2611612,1.2499968,6.828447,1.0123341,-0.0014087266,3
52.514397,0.08049292,49.33075464127209,8.564710346148145,0,1,6446.456,-0.05423705,5,1,false,false,-1.7376186,1.1309636,9.481082,1.0121704,-0.020479614,3
52.53133,0.08068546,49.33076138489584,8.564716673854022,0,1,6474.4204,-0.05375206,5,1,false,false,-1.6113881,1.2404345,12.441873,1.0116854,-0.036540885,3
52.562588,0.08087811,49.3307680385854,8.564723002399562,0,1,6501.6685,-0.052541472,5,1,false,false,-2.6774807,2.9002018,17.726105,1.0109737,-0.053050306,3
52.617897,0.08107097,49.33077478220915,8.564729330945102,0,1,6419.054,-0.05326801,5,1,false,false,-2.0404418,3.5209346,13.158448,1.0099648,-0.061425608,3
52.66634,0.08126402,49.330781525832904,8.56473565865098,0,1,6327.5737,-0.0661005,5,1,false,false,-2.6433358,3.2887268,13.007151,1.0090383,-0.052558333,3
52.703106,0.08145725,49.330788179522465,8.56474198719652,0,1,6329.68,-0.08450282,5,1,false,false,-2.6510184,1.4835238,13.031972,1.0082852,-0.02987066,3
52.716064,0.08165063,49.330794923146215,8.564748314902397,0,1,6336.2275,-0.11041217,5,1,false,false,-3.8613176,0.8634259,12.555217,1.0079929,-0.014414749,3
52.7327,0.08184406,49.330801666769965,8.564754643447937,0,1,6387.368,-0.1443135,5,1,false,false,-3.572385,1.2612982,10.989476,1.0075451,-0.043895382,3
52.748394,0.08203755,49.33080832052812,8.564761109698331,0,1,6413.099,-0.17651922,5,1,false,false,-3.66449,1.1021172,9.639165,1.0066584,-0.068917036,3
52.76779,0.08223117,49.33081506415188,8.564767437404207,0,1,6437.485,-0.18717492,5,1,false,false,-3.6896625,1.6286001,8.839727,1.00524,-0.10376131,3
52.79104,0.08242492,49.33082180777563,8.5647739036546,0,1,6459.634,-0.18765804,5,1,false,false,-3.5162294,1.1158911,10.08221,1.0032793,-0.1312285,3
52.80983,0.08261873,49.33082846146519,8.564780231360476,0,1,6488.7837,-0.17555113,5,1,false,false,-3.5920126,1.7145869,7.4885235,1.0007981,-0.16478969,3
52.839207,0.08281266,49.33083520508894,8.564786697610868,0,1,6516.4326,-0.16247429,5,1,false,false,-3.4294639,1.9305699,7.507012,0.9979124,-0.1782425,3
52.873856,0.0830068,49.3308418587785,8.564793163021598,0,1,6485.8384,-0.14576563,5,1,false,false,-3.8019724,2.647748,8.343159,0.99487257,-0.18347977,3
52.914474,0.08320109,49.33084860240225,8.56479962927199,0,1,6449.913,-0.13462688,5,1,false,false,-4.392785,2.5179033,9.229482,0.9918502,-0.17663202,3
52.948242,0.083395526,49.33085525609181,8.56480609468272,0,1,6429.989,-0.1261518,5,1,false,false,-5.0415106,2.0685096,10.015706,0.9889589,-0.17017406,3
52.97613,0.08359005,49.33086199971556,8.564812698637963,0,1,6436.246,-0.12276155,5,1,false,false,-5.4202237,1.8378975,11.165401,0.986189,-0.16245137,3
53.00202,0.08378467,49.330868653473715,8.564819164048693,0,1,6441.3228,-0.12082441,5,1,false,false,-6.0305533,1.8097899,11.87514,0.98351663,-0.15889303,3
53.028183,0.08397938,49.33087539709747,8.564825767164272,0,1,6440.2217,-0.11888633,5,1,false,false,-6.4544306,1.8578138,11.775489,0.9808656,-0.15843834,3
53.054462,0.08417415,49.33088205071843,8.564832371119518,0,1,6442.5034,-0.115254536,5,1,false,false,-6.3543196,1.8381867,11.307438,0.9782117,-0.15733066,3
53.080585,0.084368914,49.330888704476585,8.564838974235098,0,1,6444.582,-0.10944314,5,1,false,false,-6.389672,1.8668469,11.505983,0.97561884,-0.15155284,3
53.106552,0.08456378,49.33089544810034,8.56484557735068,0,1,6443.999,-0.100968964,5,1,false,false,-6.2456455,1.8318197,11.032031,0.9731556,-0.14175326,3
53.13199,0.08475874,49.3309021018585,8.564852181305923,0,1,6445.3555,-0.0932195,5,1,false,false,-6.5462875,1.7947314,11.380295,0.9708816,-0.1315219,3
53.156616,0.08495377,49.33090875547946,8.564858922126355,0,1,6451.127,-0.08692497,5,1,false,false,-6.393786,1.7526858,11.750048,0.96875817,-0.122699484,3
53.18122,0.0851489,49.33091540923762,8.564865662946788,0,1,6456.1914,-0.08353474,5,1,false,false,-6.188996,1.7679868,10.965035,0.9667542,-0.11575824,3
53.206356,0.08534411,49.33092206299578,8.56487226606237,0,1,6458.3633,-0.08353474,5,1,false,false,-6.058514,1.8125268,10.310059,0.96488106,-0.107661605,3
53.231903,0.085539415,49.33092871661674,8.564879144587653,0,1,6460.132,-0.085714385,5,1,false,false,-5.8277087,1.8430551,10.399504,0.96317047,-0.09738549,3
53.257065,0.08573481,49.33093528050931,8.564885885408087,0,1,6460.3584,-0.0895877,5,1,false,false,-5.8311825,1.7492927,9.452973,0.9616411,-0.087538995,3
53.281166,0.08593029,49.330941934130266,8.564892627068183,0,1,6465.875,-0.093219504,5,1,false,false,-5.646289,1.70805,9.886019,0.96024865,-0.081828564,3
53.30463,0.08612587,49.33094858788843,8.564899505593466,0,1,6476.8325,-0.096368134,5,1,false,false,-5.123497,1.6972754,9.876579,0.9588974,-0.08039655,3
53.327946,0.086321525,49.330955241646585,8.5649062464139,0,1,6485.0317,-0.09854687,5,1,false,false,-5.3045955,1.630012,9.99324,0.9575612,-0.08087354,3
53.351357,0.08651727,49.330961805401955,8.564913124939183,0,1,6494.0054,-0.09951589,5,1,false,false,-5.2662888,1.7196155,11.765812,0.9561085,-0.091513954,3
53.37619,0.0867131,49.33096845902291,8.564920003464469,0,1,6502.3574,-0.09733718,5,1,false,false,-4.8860207,1.82473,10.009051,0.9544896,-0.0992416,3
53.40229,0.08690902,49.33097502291548,8.564926881989752,0,1,6509.4297,-0.09515755,5,1,false,false,-5.0196886,2.4447672,9.873077,0.9527596,-0.106201455,3
53.431927,0.08710506,49.330981676536446,8.56493389821989,0,1,6496.1553,-0.094188526,5,1,false,false,-5.2101126,2.1528502,9.979869,0.95100814,-0.103120565,3
53.458668,0.0873012,49.33098824042901,8.564940776745173,0,1,6482.71,-0.09176734,5,1,false,false,-5.112867,1.8428957,10.551717,0.9493429,-0.098395936,3
53.483654,0.08749744,49.33099480418438,8.564947792135646,0,1,6498.8726,-0.08837712,5,1,false,false,-5.4658847,1.6374959,9.86998,0.94769555,-0.09958939,3
53.508392,0.087693766,49.33100145794254,8.56495467066093,0,1,6503.905,-0.08716653,5,1,false,false,-4.9870577,1.7697613,9.041521,0.9460619,-0.095190205,3
53.53406,0.0878902,49.331008021697905,8.564961686891067,0,1,6498.4395,-0.08571437,5,1,false,false,-4.986602,1.8283783,10.330097,0.9445136,-0.09077157,3
53.559288,0.088086724,49.331014585453275,8.564968703121203,0,1,6502.8213,-0.08522938,5,1,false,false,-5.090144,1.7015069,9.520812,0.94303834,-0.087891385,3
53.582222,0.08828334,49.331021149208645,8.564975857056192,0,1,6512.813,-0.08426128,5,1,false,false,-4.9329877,1.5946732,10.405608,0.9415713,-0.08962371,3
53.60653,0.08848003,49.331027713101214,8.564982873286327,0,1,6523.9863,-0.08450286,5,1,false,false,-5.107823,1.7559117,10.432206,0.94003433,-0.09439632,3
53.63181,0.08867684,49.331034276856585,8.564989889516463,0,1,6522.8735,-0.08426127,5,1,false,false,-5.0215316,1.7952433,10.094606,0.93843216,-0.097010426,3
53.65857,0.08887373,49.33104084061195,8.564997042611788,0,1,6521.0527,-0.083776295,5,1,false,false,-5.098884,1.9230914,10.60289,0.9367849,-0.09898136,3
53.685543,0.08907072,49.33104740450452,8.565004196546775,0,1,6517.692,-0.08426128,5,1,false,false,-5.081358,1.8642457,10.169958,0.9351509,-0.095267184,3
53.711464,0.08926783,49.33105396825989,8.565011212776913,0,1,6512.3423,-0.08450286,5,1,false,false,-5.2171454,1.7938625,10.158551,0.93361515,-0.08970457,3
53.736122,0.08946502,49.33106053201526,8.56501850357709,0,1,6516.6357,-0.085714385,5,1,false,false,-5.183235,1.7147676,10.581155,0.9321492,-0.086792335,3
53.75968,0.089662306,49.33106709577062,8.565025657512077,0,1,6522.763,-0.08789304,5,1,false,false,-5.1187286,1.6552339,9.554056,0.93070865,-0.086199276,3
53.783123,0.08985969,49.33107365966319,8.565032811447065,0,1,6527.49,-0.09176733,5,1,false,false,-4.687465,1.6872011,9.209488,0.92928684,-0.084349155,3
53.807327,0.09005716,49.331080133552966,8.56503996454239,0,1,6532.928,-0.0980628,5,1,false,false,-4.8222017,1.6775986,8.822669,0.9278953,-0.083329946,3
53.830845,0.09025473,49.331086697308336,8.565047256182229,0,1,6535.225,-0.107991,5,1,false,false,-4.6180315,1.596079,8.723834,0.92651933,-0.083407685,3
53.853424,0.09045239,49.33109326106371,8.565054546982406,0,1,6544.9917,-0.11937133,5,1,false,false,-4.603759,1.5365661,8.0386505,0.92510223,-0.0880086,3
53.875393,0.09065014,49.33109973495348,8.565061838622245,0,1,6558.3887,-0.13293222,5,1,false,false,-4.459279,1.52967,7.546372,0.92360044,-0.093633935,3
53.89808,0.090847984,49.33110629870885,8.565069129422422,0,1,6567.479,-0.14504007,5,1,false,false,-4.4618926,1.5770392,7.750746,0.9219848,-0.100934125,3
53.92081,0.09104592,49.33111277259863,8.565076421062262,0,1,6574.013,-0.15932655,5,1,false,false,-5.108948,1.5539834,8.485197,0.92021537,-0.113990955,3
53.943256,0.091243945,49.331119336354,8.565083711862439,0,1,6585.2095,-0.17143439,5,1,false,false,-5.582544,1.5604863,9.664687,0.9181447,-0.13558623,3
53.96591,0.09144207,49.331125810243776,8.56509100350228,0,1,6595.399,-0.17845638,5,1,false,false,-6.251423,1.6869653,9.291733,0.9156668,-0.16161847,3
53.992504,0.091640286,49.33113228413355,8.565098432007307,0,1,6596.641,-0.17845637,5,1,false,false,-6.4217415,1.9762928,10.0402355,0.91278595,-0.18152802,3
54.022335,0.091838606,49.33113875802333,8.565105861351999,0,1,6578.382,-0.17288649,5,1,false,false,-6.9380426,2.081764,9.84002,0.9096694,-0.18920359,3
54.05067,0.092037044,49.331145231913105,8.565113289857027,0,1,6561.4336,-0.16295831,5,1,false,false,-7.245504,1.9029772,9.95674,0.90651065,-0.18817466,3
54.075455,0.092235595,49.331151795668475,8.565120718362056,0,1,6562.161,-0.14818686,5,1,false,false,-7.810114,1.713433,11.392032,0.90343595,-0.18187566,3
54.097664,0.09243423,49.33115817969266,8.565128147706748,0,1,6566.6333,-0.13268974,5,1,false,false,-7.5515623,1.6077082,10.197442,0.90042955,-0.17829171,3
54.119755,0.09263295,49.331164653582434,8.565135576211777,0,1,6568.688,-0.11646609,5,1,false,false,-7.2380996,1.6398346,10.397868,0.8975409,-0.1687973,3
54.14276,0.09283175,49.33117112747221,8.565143142421656,0,1,6572.701,-0.09975744,5,1,false,false,-6.537219,1.7353423,9.275188,0.89485055,-0.1518643,3
54.165363,0.093030654,49.33117760136199,8.565150708631537,0,1,6572.1655,-0.08765058,5,1,false,false,-6.168531,1.5969719,8.812172,0.8925252,-0.12825042,3
54.186794,0.09322965,49.33118398524898,8.56515827568108,0,1,6578.38,-0.079660445,5,1,false,false,-6.089483,1.5583857,10.017133,0.89053977,-0.112171635,3
54.20595,0.09342873,49.33119045913875,8.56516584189096,0,1,6595.0957,-0.07844989,5,1,false,false,-6.4852595,1.4093398,9.36727,0.88869506,-0.112653255,3
54.22565,0.0936279,49.331196843162935,8.56517340810084,0,1,6612.018,-0.080387,5,1,false,false,-6.28018,1.5331182,9.53275,0.88678336,-0.11737259,3
54.24877,0.09382714,49.33120331705272,8.565181112015573,0,1,6620.312,-0.083534755,5,1,false,false,-6.5626693,1.8496171,9.570195,0.8847631,-0.123925656,3
54.27666,0.09402649,49.3312097009397,8.565188815930304,0,1,6608.3315,-0.085714385,5,1,false,false,-5.7784834,1.9959103,7.6690626,0.88273764,-0.11445746,3
54.303772,0.094225965,49.331216084963884,8.565196382140185,0,1,6593.7236,-0.08692494,5,1,false,false,-5.5098543,1.8410947,7.885832,0.88100183,-0.09423472,3
54.32898,0.094425544,49.331222468850875,8.565204086054916,0,1,6596.3486,-0.08861959,5,1,false,false,-5.983176,1.6467184,9.211144,0.8795748,-0.07914284,3
54.348873,0.09462521,49.33122885287506,8.5652119276745,0,1,6601.146,-0.09079926,5,1,false,false,-5.73213,1.2816265,9.382647,0.87831795,-0.07619338,3
54.366817,0.09482498,49.331235236899246,8.565219631589233,0,1,6628.0625,-0.09225232,5,1,false,false,-5.599285,1.3991032,8.173489,0.87696016,-0.087486126,3
54.389053,0.09502482,49.33124162078623,8.565227335503964,0,1,6645.2905,-0.09249292,5,1,false,false,-5.489677,1.7007881,8.4792185,0.87545013,-0.0933125,3
54.41481,0.09522477,49.33124800481042,8.565235177123549,0,1,6630.727,-0.092252344,5,1,false,false,-5.710109,1.8595436,8.455792,0.8738621,-0.09723963,3
54.440968,0.09542483,49.3312543886974,8.565243018743132,0,1,6626.934,-0.09128329,5,1,false,false,-5.632737,1.7513847,9.182733,0.87223345,-0.099138565,3
54.464836,0.09562503,49.3312606827188,8.565250860362717,0,1,6635.7188,-0.090314254,5,1,false,false,-5.7536654,1.6357932,9.354591,0.8705447,-0.10424661,3
54.48931,0.09582532,49.33126706674298,8.5652587019823,0,1,6637.6895,-0.08861959,5,1,false,false,-5.57491,1.7172296,9.622282,0.8687825,-0.10611111,3
54.515152,0.0960257,49.33127336076438,8.565266543601885,0,1,6632.4937,-0.08619842,5,1,false,false,-5.519176,1.83874,10.168006,0.86701214,-0.104068376,3
54.541653,0.09622617,49.33127974478856,8.565274385221468,0,1,6627.1367,-0.08498785,5,1,false,false,-6.240895,1.7917038,9.854061,0.8653098,-0.099414624,3
54.566494,0.096426725,49.33128603880996,8.56528236370624,0,1,6624.449,-0.085471876,5,1,false,false,-6.051053,1.7272185,11.155684,0.86368287,-0.095092304,3
54.590187,0.09662738,49.33129242269694,8.565290205325823,0,1,6627.0967,-0.086198404,5,1,false,false,-6.465574,1.6396232,10.79006,0.8621196,-0.093302205,3
54.61343,0.0968281,49.331298716855535,8.56529818465026,0,1,6630.905,-0.08522938,5,1,false,false,-6.058461,1.6617891,10.018431,0.8605691,-0.09244912,3
54.63722,0.097028896,49.33130501087693,8.565306163974695,0,1,6630.985,-0.083292246,5,1,false,false,-5.595199,1.6697876,9.749343,0.8590645,-0.08712765,3
54.661304,0.097229786,49.33131130489833,8.565314142459467,0,1,6628.4736,-0.08111353,5,1,false,false,-5.262969,1.6282198,8.9544,0.85769343,-0.077222064,3
54.684006,0.09743075,49.33131759891972,8.565322259488754,0,1,6631.5156,-0.079417944,5,1,false,false,-4.9205675,1.5431056,9.089582,0.856492,-0.06823071,3
54.70477,0.0976318,49.331323892941114,8.565330238813191,0,1,6643.314,-0.07844987,5,1,false,false,-4.917096,1.4080505,8.600008,0.8553944,-0.065893546,3
54.72471,0.09783292,49.33133018709971,8.565338355002815,0,1,6659.1055,-0.07820739,5,1,false,false,-4.6776924,1.3824196,8.156607,0.85427403,-0.070898056,3
54.74561,0.09803411,49.3313364811211,8.56534633432725,0,1,6673.1787,-0.0769968,5,1,false,false,-4.4001565,1.4518507,9.061248,0.85304874,-0.07760599,3
54.768116,0.09823539,49.331342775142495,8.565354451356539,0,1,6681.398,-0.07481807,5,1,false,false,-4.597464,1.6425353,9.190971,0.8516889,-0.08639952,3
54.79384,0.098436765,49.3313489792983,8.565362567546162,0,1,6681.8706,-0.07118629,5,1,false,false,-4.2198515,1.7108599,8.7807045,0.8502117,-0.08874181,3
54.820347,0.09863825,49.331355273319694,8.56537068457545,0,1,6676.4263,-0.06731109,5,1,false,false,-4.520506,1.8687297,9.351715,0.84872824,-0.08842476,3
54.848236,0.09883983,49.33136156734109,8.565378800765073,0,1,6671.255,-0.06416428,5,1,false,false,-4.5886264,1.8026326,8.914264,0.8472917,-0.08304447,3
54.873734,0.09904152,49.33136777149689,8.565387055499214,0,1,6664.277,-0.06271121,5,1,false,false,-4.381832,1.6819047,9.718651,0.84597117,-0.07667935,3
54.89819,0.099243306,49.33137406551828,8.565395171688838,0,1,6669.952,-0.06222622,5,1,false,false,-4.6352196,1.6290776,10.74935,0.84473777,-0.07223147,3
54.921345,0.09944519,49.33138026967409,8.565403426422977,0,1,6673.6963,-0.061258122,5,1,false,false,-5.025947,1.576645,11.951385,0.8435166,-0.07478742,3
54.945366,0.09964715,49.33138656369548,8.565411542612601,0,1,6675.933,-0.06174217,5,1,false,false,-4.9906898,1.6678119,10.876578,0.84222156,-0.07936598,3
54.97018,0.09984922,49.331392767851284,8.56541979734674,0,1,6675.643,-0.059805974,5,1,false,false,-4.516547,1.7021165,10.003989,0.84089744,-0.077267684,3
54.996567,0.100051396,49.33139897200709,8.565428051241216,0,1,6671.125,-0.05714229,5,1,false,false,-3.8466954,1.7884392,7.925973,0.8397166,-0.06312826,3
55.020657,0.10025369,49.33140526602848,8.565436305135691,0,1,6665.491,-0.054478608,5,1,false,false,-4.2884436,1.5425222,10.287236,0.8387988,-0.05161068,3
55.04245,0.10045605,49.331411470184285,8.565444559869832,0,1,6674.0264,-0.053268015,5,1,false,false,-4.197366,1.369789,9.356393,0.8379695,-0.05051476,3
55.057495,0.10065851,49.33141767434009,8.56545295146916,0,1,6699.4624,-0.050604332,5,1,false,false,-3.1167018,1.0469141,6.837316,0.8371277,-0.05260651,3
55.07962,0.10086106,49.33142387849589,8.565461205363635,0,1,6732.865,-0.049152184,5,1,false,false,-3.1553452,1.6713204,6.8693013,0.83625436,-0.05184056,3
55.104893,0.101063706,49.33143008265169,8.565469460097775,0,1,6714.597,-0.051088378,5,1,false,false,-3.4486597,1.6353426,9.326396,0.8354389,-0.049627014,3
55.127556,0.101266466,49.3314362866703,8.565477851697102,0,1,6714.076,-0.05423705,5,1,false,false,-3.1723137,1.4350487,8.599743,0.83455545,-0.057079136,3
55.14844,0.101469316,49.3314424908261,8.56548624329643,0,1,6751.693,-0.055930752,5,1,false,false,-3.3445323,1.4374247,7.558588,0.83353496,-0.06462458,3
55.17719,0.101672284,49.33144869498191,8.565494498030569,0,1,6749.876,-0.05714229,5,1,false,false,-3.7190003,2.1550953,10.188861,0.8324168,-0.06811604,3
55.210915,0.10187537,49.33145489913771,8.565502889629897,0,1,6703.904,-0.057142287,5,1,false,false,-3.9165518,2.0210278,10.060505,0.8312934,-0.06578958,3
55.238556,0.10207861,49.33146110329351,8.565511281229226,0,1,6697.2607,-0.054478608,5,1,false,false,-3.824822,1.7089534,9.57635,0.8302015,-0.06519229,3
55.263287,0.102281965,49.331467307449316,8.565519672828552,0,1,6717.676,-0.050119348,5,1,false,false,-3.7774756,1.6001287,10.25951,0.82914704,-0.060115263,3
55.288284,0.10248542,49.33147351146792,8.565528202132732,0,1,6703.6704,-0.044792924,5,1,false,false,-3.6973271,1.6841426,10.639772,0.8281903,-0.054192767,3
55.313374,0.102688976,49.33147971562372,8.565536594571723,0,1,6698.2144,-0.04067709,5,1,false,false,-3.5624971,1.5618409,10.090703,0.8273359,-0.048942603,3
55.335766,0.10289266,49.331485919779524,8.565544986171052,0,1,6714.623,-0.03607627,5,1,false,false,-3.2655385,1.4395508,9.89333,0.82655966,-0.044634108,3
55.3579,0.10309644,49.33149203406973,8.56555351547523,0,1,6722.9336,-0.032202933,5,1,false,false,-3.2042112,1.4878197,10.154152,0.8258487,-0.041943092,3
55.381336,0.10330031,49.33149823808834,8.56556204477941,0,1,6724.711,-0.029539246,5,1,false,false,-2.9976954,1.5673815,9.786033,0.82515985,-0.040696867,3
55.405224,0.10350431,49.33150444224414,8.565570436378739,0,1,6730.875,-0.028571146,5,1,false,false,-2.6798794,1.5521207,8.292797,0.82450503,-0.03731891,3
55.429447,0.103708416,49.331510556534354,8.565578965682917,0,1,6734.266,-0.028571144,5,1,false,false,-2.6103096,1.5721993,8.695461,0.8239339,-0.03217325,3
55.45373,0.10391262,49.33151676069016,8.565587494987097,0,1,6734.477,-0.030023292,5,1,false,false,-2.558876,1.5322658,10.240255,0.82342803,-0.029862124,3
55.47661,0.10411696,49.33152287484317,8.56559602513094,0,1,6740.928,-0.031718876,5,1,false,false,-2.663445,1.443929,9.234395,0.8229234,-0.031358037,3
55.49923,0.1043214,49.33152907899897,8.56560455443512,0,1,6754.333,-0.031718876,5,1,false,false,-2.5403461,1.5056982,9.433812,0.8223769,-0.034390874,3
55.52477,0.10452594,49.33153528315477,8.565613083739299,0,1,6757.2485,-0.030749839,5,1,false,false,-2.3163025,1.7073148,9.164771,0.8217909,-0.03491162,3
55.551308,0.104730606,49.33154139730779,8.56562161304348,0,1,6745.153,-0.028571147,5,1,false,false,-2.3433342,1.6751595,9.564105,0.8212246,-0.032974616,3
55.577103,0.1049354,49.33154760146359,8.565630280052511,0,1,6745.209,-0.025423415,5,1,false,false,-2.1863325,1.5908033,8.950579,0.82070225,-0.02974359,3
55.600735,0.10514029,49.3315537157538,8.56563880935669,0,1,6751.9805,-0.021791633,5,1,false,false,-2.0845666,1.49897,9.554195,0.82023233,-0.027507143,3
55.624363,0.10534531,49.3315599197724,8.56564733866087,0,1,6757.3237,-0.019370444,5,1,false,false,-2.0785468,1.528114,10.534847,0.8197934,-0.025905643,3
55.647606,0.10555044,49.33156603406261,8.5656560056699,0,1,6761.9067,-0.016706763,5,1,false,false,-1.8477583,1.4978496,8.650874,0.8193618,-0.025041338,3
55.671726,0.105755664,49.33157223821842,8.565664672678933,0,1,6768.5195,-0.015253674,5,1,false,false,-1.6061784,1.589229,7.6117687,0.81897134,-0.021925187,3
55.697292,0.105960995,49.33157835237143,8.565673201983113,0,1,6767.429,-0.013316537,5,1,false,false,-1.6273785,1.6147557,8.27129,0.8186633,-0.01640597,3
55.721363,0.10616647,49.33158455652723,8.565681868992144,0,1,6762.564,-0.01234937,5,1,false,false,-1.7093208,1.4320742,9.170125,0.81842726,-0.014835574,3
55.74192,0.10637203,49.33159067081744,8.565690536001176,0,1,6779.835,-0.014285574,5,1,false,false,-1.452132,1.2023804,9.365025,0.8181895,-0.015549507,3
55.763313,0.10657768,49.33159678497046,8.565699065305354,0,1,6804.1235,-0.0135590285,5,1,false,false,-1.3721743,1.4314836,9.15361,0.8179161,-0.01689687,3
55.78944,0.10678346,49.33160298912626,8.565707732314387,0,1,6799.7554,-0.009443196,5,1,false,false,-1.4372602,1.7651007,10.733282,0.81762105,-0.017622255,3
55.819187,0.106989354,49.33160910327927,8.565716399323419,0,1,6783.019,-0.007022009,5,1,false,false,-1.330704,1.9128124,9.439303,0.8173092,-0.016713079,3
55.847813,0.10719537,49.33161530743507,8.565725065492785,0,1,6771.4453,-0.0075069955,5,1,false,false,-1.1283424,1.7187679,8.179308,0.81706166,-0.011652292,3
55.873825,0.107401505,49.33162142172529,8.565733732501817,0,1,6767.7827,-0.0065379567,5,1,false,false,-1.1233301,1.5885398,9.435769,0.8169197,-0.0061281556,3
55.896908,0.107607745,49.33162762574389,8.565742537215701,0,1,6768.359,-0.004116769,5,1,false,false,-1.0757931,1.335097,8.319061,0.8168619,-0.003497452,3
55.916134,0.10781407,49.3316337400341,8.565751204224732,0,1,6783.4326,-0.0021805675,5,1,false,false,-0.79901546,1.1605654,7.8251047,0.81684,-0.0015630113,3
55.9358,0.10802042,49.3316399441899,8.565759871233764,0,1,6809.6914,-9.360374e-07,5,1,false,false,-0.7425339,1.2780322,8.303288,0.8168344,-0.0014037063,3
55.956642,0.10822674,49.33164605834291,8.565768538242795,0,1,6817.782,0.00024155708,5,1,false,false,-0.5521034,1.2987275,7.5323615,0.81684023,0.00015214291,3
55.978195,0.108433135,49.331652262498714,8.565777342956679,0,1,6827.9443,0.00024155706,5,1,false,false,-0.46344322,1.3837591,7.7094646,0.8168629,0.0010114089,3
56.002163,0.108639605,49.33165837678893,8.56578600996571,0,1,6843.169,-9.362848e-07,5,1,false,false,-0.6083381,1.5532851,10.699227,0.81688786,0.0009497921,3
56.02886,0.10884616,49.331664580807534,8.565794676974742,0,1,6836.17,-0.00048498664,5,1,false,false,-0.660984,1.6935176,11.948241,0.81687456,-0.0011540637,3
56.05729,0.1090528,49.33167069509774,8.565803480848961,0,1,6825.713,-0.00072748,5,1,false,false,-0.54521906,1.8293452,9.7635355,0.8168289,-0.0014333631,3
56.089478,0.10925954,49.331676899253544,8.565812147857992,0,1,6814.5806,0.0009681008,5,1,false,false,-0.30979878,2.0902514,10.434659,0.81677693,-0.00063543534,3
56.11991,0.10946638,49.33168310340935,8.565820952571876,0,1,6779.3633,0.0016946442,5,1,false,false,-0.3247765,1.7272431,11.146488,0.8167749,0.0014035809,3
56.144016,0.10967332,49.331689217562364,8.565829619580906,0,1,6771.6763,0.0016946445,5,1,false,false,-0.5116957,1.3130974,10.263365,0.8168147,0.0022478795,3
56.162754,0.10988033,49.331695421718166,8.56583842429479,0,1,6801.2397,0.00048405037,5,1,false,false,-0.16403492,1.1430851,9.429316,0.81686383,0.0024993673,3
56.18173,0.11008738,49.33170162587397,8.56584722816901,0,1,6815.2427,-0.00072748,5,1,false,false,0.038037732,1.2419894,9.720798,0.81693625,0.0039509,3
56.20276,0.11029449,49.33170774002698,8.565855895178041,0,1,6817.823,0.00072560745,5,1,false,false,-0.15842219,1.3306143,11.207889,0.81699973,0.002771849,3
56.22422,0.110501684,49.33171394418278,8.565864699891925,0,1,6831.9995,-9.362702e-07,5,1,false,false,0.0051586926,1.271441,9.668539,0.8170295,0.0020658153,3
56.246365,0.11070892,49.33172014833858,8.56587350460581,0,1,6843.486,-0.0019380744,5,1,false,false,-0.08124277,1.475877,7.951636,0.81706405,0.0027828882,3
56.272182,0.11091623,49.3317262624916,8.56588217161484,0,1,6837.8755,0.00024155728,5,1,false,false,-0.079440236,1.6499976,7.5035515,0.8171136,0.002654988,3
56.297623,0.11112364,49.3317324666474,8.565890976328724,0,1,6825.8857,-9.362848e-07,5,1,false,false,0.05303672,1.474552,8.381515,0.8171637,0.0015473383,3
56.318764,0.111331105,49.331738670803205,8.565899780202942,0,1,6836.4185,-0.0036317825,5,1,false,false,0.05859913,1.1797552,9.293412,0.81721807,0.002767055,3
56.336502,0.111538626,49.33174487495901,8.565908584916826,0,1,6863.337,-0.0036317823,5,1,false,false,0.16196331,1.1247151,8.889782,0.81726754,0.0023768423,3
56.357994,0.11174619,49.33175107911481,8.56591738963071,0,1,6880.345,-0.0031477315,5,1,false,false,0.06382935,1.5030081,9.379935,0.81730306,0.001814981,3
56.386288,0.111953855,49.33175728327061,8.565926194344593,0,1,6868.163,-0.003147732,5,1,false,false,-0.04314764,1.8469608,9.323764,0.81731373,0.0007467454,3
56.4156,0.11216158,49.33176339742362,8.565934998218813,0,1,6844.899,-0.004358326,5,1,false,false,0.11036876,1.7532529,10.164335,0.8173154,0.00013935259,3
56.441643,0.112369396,49.331769601579424,8.565943802932695,0,1,6841.839,-0.0050848695,5,1,false,false,-0.02117829,1.4988239,10.508697,0.817313,-0.00040107872,3
56.4646,0.1125773,49.33177580573523,8.56595260764658,0,1,6847.739,-0.004843312,5,1,false,false,0.12756951,1.3764901,10.235479,0.8172974,-0.0014889792,3
56.48731,0.11278526,49.33178200989103,8.565961412360462,0,1,6850.9165,-0.0041167694,5,1,false,false,0.18979225,1.4232606,9.946506,0.8172632,-0.0015200106,3
56.51084,0.112993285,49.33178821390963,8.565970216234682,0,1,6850.2217,-0.0019380747,5,1,false,false,-0.10914908,1.4562662,9.227555,0.81722015,-0.0042514796,3
56.533478,0.11320138,49.33179441806544,8.565979020948566,0,1,6849.9546,-0.00072748004,5,1,false,false,0.19787982,1.3362437,8.7856045,0.81715214,-0.0055384208,3
56.55463,0.11340954,49.331800622221245,8.565987825662448,0,1,6859.2383,0.0019362015,5,1,false,false,0.4014036,1.2695074,9.6300535,0.8170666,-0.005058078,3
56.574894,0.11361776,49.331806916242634,8.565996630376333,0,1,6870.974,0.005325491,5,1,false,false,0.03457977,1.2057467,9.192619,0.81701,-0.0038291668,3
56.595146,0.11382605,49.33181312039844,8.566005434250552,0,1,6882.8267,0.009199766,5,1,false,false,0.39529783,1.3059467,10.387706,0.8169689,-0.0008440966,3
56.618347,0.114034384,49.33181932455424,8.566014238964435,0,1,6891.3506,0.011379397,5,1,false,false,0.3402716,1.4828334,8.154746,0.81697553,0.002387464,3
56.64326,0.11424279,49.33182552871004,8.566023181383171,0,1,6883.8877,0.0133165335,5,1,false,false,0.22194308,1.5621206,8.450062,0.81703395,0.0045666313,3
56.669754,0.11445131,49.33183173286585,8.566031986097054,0,1,6874.831,0.013799647,5,1,false,false,0.3441915,1.5536065,10.65901,0.8171297,0.0065342,3
56.691986,0.114659876,49.331837936884455,8.566040789971273,0,1,6873.449,0.011863446,5,1,false,false,0.3580244,1.2003117,9.742634,0.8172663,0.008616553,3
56.711903,0.1148685,49.33184423104304,8.566049594685158,0,1,6894.292,0.011379398,5,1,false,false,0.30527782,1.3004433,9.420231,0.81743634,0.011201534,3
56.73499,0.1150772,49.331850435198845,8.566058537103892,0,1,6902.5645,0.0113793975,5,1,false,false,0.33120957,1.4825864,10.063059,0.8176187,0.011532368,3
56.7604,0.115285985,49.33185663921745,8.566067340978112,0,1,6884.6436,0.007990108,5,1,false,false,0.30902225,1.5709554,10.006849,0.8178116,0.011298698,3
56.78482,0.115494825,49.331862933376044,8.566076145691996,0,1,6882.5938,0.0067785764,5,1,false,false,0.5049573,1.4169873,8.238437,0.81800085,0.011563442,3
56.80689,0.115703754,49.33186913739465,8.56608508811073,0,1,6892.876,0.007021072,5,1,false,false,0.36000296,1.3592958,9.439154,0.81819844,0.011031807,3
56.828903,0.11591275,49.33187543155324,8.566093892824615,0,1,6893.1484,0.0055679847,5,1,false,false,0.3427663,1.299663,10.7048855,0.81836975,0.0083787525,3
56.849014,0.116121806,49.33188163557185,8.566102834403685,0,1,6898.1777,0.0031467956,5,1,false,false,0.4680773,1.1584643,9.271637,0.8185226,0.009577209,3
56.869507,0.116330944,49.33188792973044,8.566111639117569,0,1,6920.0537,0.00532549,5,1,false,false,0.17881183,1.3590286,9.796316,0.81868744,0.00930838,3
56.894436,0.11654016,49.331894133749046,8.566120443831451,0,1,6916.419,0.0055679847,5,1,false,false,0.3849062,1.5962659,9.28005,0.8188291,0.008083603,3
56.919903,0.11674945,49.33190042790764,8.566129385410523,0,1,6896.999,0.0016946447,5,1,false,false,0.67799973,1.5261508,9.493464,0.81895167,0.007859321,3
56.94355,0.11695881,49.33190663206344,8.566138190124407,0,1,6901.0054,0.00048405037,5,1,false,false,0.3602224,1.3606588,10.82219,0.81909424,0.008252735,3
56.9645,0.11716827,49.33191292608483,8.566147132543142,0,1,6910.86,0.0014521511,5,1,false,false,0.51988477,1.2551421,10.023174,0.81920433,0.006153063,3
56.98588,0.117377795,49.331919130240635,8.566155936417362,0,1,6914.534,-0.002180568,5,1,false,false,0.4965878,1.3587384,9.65123,0.8192926,0.0050416514,3
57.008907,0.1175874,49.33192542426203,8.566164878836098,0,1,6916.3794,-0.0026636808,5,1,false,false,0.43612546,1.4181814,9.788447,0.819366,0.0034142071,3
57.03165,0.11779708,49.33193171828343,8.566173821254832,0,1,6912.5664,-0.0012115308,5,1,false,false,0.42972362,1.3868794,10.826907,0.8193878,3.253724e-05,3
57.053547,0.11800683,49.331938012304825,8.566182625129052,0,1,6917.0303,-0.003147732,5,1,false,false,0.53260493,1.3120246,10.180037,0.8193835,-0.00036506762,3
57.074703,0.11821666,49.33194421646063,8.566191567547786,0,1,6925.0654,-0.0026636813,5,1,false,false,0.42538294,1.3353684,10.302194,0.81937814,-0.00025510942,3
57.097046,0.118426576,49.33195051048202,8.56620037226167,0,1,6926.0435,-0.0026636815,5,1,false,false,0.22093944,1.3747294,11.165354,0.81935483,-0.0020832338,3
57.11942,0.11863658,49.33195680450341,8.566209313840742,0,1,6924.712,-0.0055698557,5,1,false,false,0.2829427,1.3492328,9.781724,0.8193172,-0.002188819,3
57.141487,0.11884667,49.33196309866201,8.566218256259477,0,1,6927.429,-0.006053906,5,1,false,false,0.29842895,1.3983351,10.227719,0.8192766,-0.002655735,3
57.16401,0.11905683,49.331969392683405,8.566227060973361,0,1,6928.5264,-0.0075069936,5,1,false,false,0.12899774,1.3438121,9.445634,0.81920636,-0.0052814577,3
57.185337,0.11926706,49.331975686704794,8.566236002552433,0,1,6926.4634,-0.010896283,5,1,false,false,0.20681496,1.2868414,9.480195,0.8191061,-0.0066948673,3
57.205933,0.1194774,49.33198198072619,8.566244944971167,0,1,6935.7446,-0.012590926,5,1,false,false,0.070138946,1.2577028,10.327764,0.81898814,-0.008840634,3
57.225994,0.11968781,49.33198827474759,8.56625388655024,0,1,6944.474,-0.012349373,5,1,false,false,0.029481918,1.2358154,9.839137,0.818837,-0.009876855,3
57.2466,0.11989829,49.33199456890618,8.566262691264123,0,1,6949.422,-0.012590926,5,1,false,false,-0.12025863,1.307376,11.064667,0.818652,-0.012611081,3
57.26878,0.120108865,49.33200086292757,8.566271633682858,0,1,6954.1807,-0.014043076,5,1,false,false,0.00454998,1.368312,9.578647,0.8184272,-0.01325116,3
57.291008,0.12031952,49.33200715681177,8.56628057526193,0,1,6952.648,-0.013316535,5,1,false,false,-0.22619562,1.3952289,9.264764,0.8182126,-0.013426497,3
57.31437,0.12053029,49.332013450970365,8.566289517680664,0,1,6950.8667,-0.01307498,5,1,false,false,-0.17823924,1.4299549,11.288567,0.81798077,-0.013968881,3
57.33656,0.12074112,49.33201974512895,8.5662984600994,0,1,6947.1777,-0.017191745,5,1,false,false,-0.29113865,1.318539,11.365087,0.817736,-0.015397184,3
57.357487,0.12095206,49.33202603901315,8.566307401678472,0,1,6953.615,-0.020822588,5,1,false,false,-0.37134528,1.3262411,10.945239,0.817471,-0.015395034,3
57.379032,0.12116307,49.332032333171746,8.566316344097206,0,1,6959.312,-0.02348721,5,1,false,false,-0.6976918,1.355178,11.630171,0.81717056,-0.019183446,3
57.401577,0.12137418,49.33203871705873,8.566325285676278,0,1,6951.6333,-0.029539246,5,1,false,false,-0.64323884,1.4430685,11.040795,0.8168192,-0.021972133,3
57.42388,0.12158538,49.332045011217325,8.566334228095013,0,1,6947.1304,-0.033656012,5,1,false,false,-0.6278584,1.3720388,10.797635,0.81642413,-0.024424413,3
57.44444,0.121796645,49.33205130510152,8.566343170513749,0,1,6950.689,-0.03607626,5,1,false,false,-0.9799155,1.259558,10.312766,0.81598693,-0.02773086,3
57.46406,0.12200799,49.33205759926012,8.56635211209282,0,1,6955.13,-0.039224934,5,1,false,false,-0.9072999,1.2204919,9.518391,0.81550837,-0.030424422,3
57.483334,0.12221941,49.332063893418706,8.566361054511555,0,1,6960.4253,-0.04067708,5,1,false,false,-0.9365661,1.1991236,9.1104965,0.8149867,-0.032926016,3
57.502045,0.122430906,49.332070187302904,8.566370133795479,0,1,6969.3726,-0.040193036,5,1,false,false,-1.1730369,1.1640403,8.320266,0.8144248,-0.03585499,3
57.520355,0.122642465,49.33207657118989,8.566379076214213,0,1,6980.22,-0.039224938,5,1,false,false,-0.927354,1.1178373,7.553027,0.81382775,-0.03754572,3
57.538734,0.12285409,49.33208286534848,8.566388017793285,0,1,6991.368,-0.037045304,5,1,false,false,-0.83618826,1.1386808,6.3386235,0.8132108,-0.03820794,3
57.55708,0.1230658,49.33208915950708,8.566397097916873,0,1,7003.6074,-0.03365602,5,1,false,false,-0.79144853,1.1033567,5.078093,0.8126097,-0.03648069,3
57.574596,0.123277575,49.332095453391275,8.566406039495945,0,1,7018.019,-0.03244542,5,1,false,false,-0.8856865,1.021953,6.5288177,0.8120474,-0.035151135,3
57.58955,0.1234894,49.33210174754986,8.566415119619531,0,1,7036.6807,-0.033656012,5,1,false,false,-1.3131689,0.7898248,10.5732565,0.8114697,-0.0386019,3
57.60537,0.1237013,49.33210804143406,8.566424061198603,0,1,7064.4155,-0.035350654,5,1,false,false,-1.5192052,1.1185361,10.915552,0.81073517,-0.048482124,3
57.633347,0.12391327,49.33211442559545,8.56643314132219,0,1,7069.6035,-0.035108164,5,1,false,false,-1.8531221,2.2383208,12.080854,0.80983484,-0.054513227,3
57.675377,0.124125384,49.33212071947964,8.566442083740926,0,1,7003.18,-0.031960435,5,1,false,false,-2.0553696,2.5810292,12.163625,0.8088442,-0.05479538,3
57.708523,0.12433764,49.332127013638235,8.566451163024848,0,1,6932.1104,-0.03341352,5,1,false,false,-2.0224543,1.71444,10.672458,0.80798244,-0.04431859,3
57.72817,0.124550015,49.33213330779683,8.566460242308771,0,1,6952.218,-0.03486567,5,1,false,false,-2.117333,1.003025,14.349501,0.80734295,-0.032081287,3
57.740967,0.12476241,49.33213960168102,8.56646932243236,0,1,6978.6978,-0.03486567,5,1,false,false,-2.1352394,0.79538643,11.495763,0.80685085,-0.02937004,3
57.72502,0.12497483,49.332145895839616,8.566478401716282,0,1,7097.6714,-0.035592213,0,1,false,false,-1.9570148,-1.52213,10.354598,0.8063777,-0.0305794,3
57.716278,0.12518719,49.332152189723814,8.56648748183987,0,1,6441.697,-0.03462412,6,1,false,false,-1.7536318,2.2659867,9.050297,0.80585575,-0.03270628,3
57.774498,0.12539965,49.33215848388241,8.566496561123794,0,1,5873.6606,-0.036076263,6,1,false,false,-1.071009,2.284302,8.151326,0.80530584,-0.033784017,3
57.770607,0.12561223,49.332164778041,8.56650564124738,0,1,6352.266,-0.035108168,6,1,false,false,-1.5156082,-1.0129929,8.696144,0.8047954,-0.031258997,3
57.772694,0.12582478,49.332171071925195,8.566514720531304,0,1,6193.8423,-0.029296756,6,1,false,false,-1.5292423,1.1929504,8.545522,0.8042423,-0.03778585,3
57.805916,0.1260374,49.33217736608379,8.566523799815227,0,1,6144.021,-0.030749839,6,1,false,false,-1.3125439,1.9284183,8.50369,0.8035839,-0.039860882,3
57.827187,0.12625015,49.33218365996799,8.566532879938814,0,1,6263.4937,-0.027844604,6,1,false,false,-1.6588316,1.1325705,8.606769,0.80290294,-0.04059114,3
57.853363,0.12646295,49.33218995412658,8.56654209692759,0,1,6165.4165,-0.02300223,6,1,false,false,-1.3715588,1.8675635,9.003722,0.8022342,-0.03873462,3
57.88088,0.12667587,49.33219624828517,8.566551177051176,0,1,6167.1597,-0.019612001,6,1,false,false,-1.4459959,1.4460396,9.942407,0.80161744,-0.034407057,3
57.8998,0.12688887,49.33220254216937,8.5665602563351,0,1,6200.315,-0.014528062,6,1,false,false,-1.7723733,1.1637535,9.296413,0.80106497,-0.032422286,3
57.92145,0.12710196,49.332208836327965,8.566569473323876,0,1,6175.0107,-0.011137842,6,1,false,false,-1.3062432,1.4182583,9.670029,0.80057156,-0.027454156,3
57.943493,0.12731513,49.332215130212155,8.566578553447462,0,1,6181.688,-0.006780451,6,1,false,false,-1.3107829,1.2338189,8.666751,0.8001645,-0.022366846,3
57.96257,0.12752837,49.33222142437075,8.566587770436238,0,1,6192.667,-0.003147733,6,1,false,false,-1.3474469,1.1666883,9.72806,0.79983807,-0.019147614,3
57.98255,0.12774168,49.332227718529346,8.566596987425013,0,1,6194.4824,-0.0019380739,6,1,false,false,-1.1000899,1.2836809,9.322546,0.7995536,-0.015260927,3
58.00277,0.12795506,49.33223401241354,8.5666060675486,0,1,6200.9766,-0.0004849867,6,1,false,false,-0.9802107,1.211571,9.529673,0.7993441,-0.011699106,3
58.02393,0.12816852,49.33224030657213,8.566615284537376,0,1,6206.502,0.0019362015,6,1,false,false,-0.91761804,1.3367904,8.473864,0.799159,-0.009333807,3
58.04561,0.12838209,49.33224660045633,8.566624501526151,0,1,6203.682,0.0019362016,6,1,false,false,-1.002429,1.2885532,8.889145,0.7990342,-0.007127346,3
58.067974,0.1285957,49.332252894614925,8.56663371935459,0,1,6205.544,0.00096810085,6,1,false,false,-0.63863903,1.345301,9.094254,0.7989503,-0.0031779152,3
58.08878,0.12880939,49.33225918877351,8.566642936343365,0,1,6205.6523,0.0009681008,6,1,false,false,-0.93791634,1.2163746,9.753418,0.7989127,-0.0016632372,3
58.109562,0.12902318,49.33226548265771,8.56665215333214,0,1,6212.839,0.00072560745,6,1,false,false,-0.8616138,1.3141651,10.336804,0.79888844,-0.001311193,3
58.13192,0.12923704,49.332271776816306,8.566661370320915,0,1,6211.869,-0.00048498664,6,1,false,false,-0.544694,1.3699701,9.520896,0.79885805,-0.0006192815,3
58.154778,0.12945098,49.332278070700504,8.566670588149355,0,1,6204.9326,-0.0012115304,6,1,false,false,-0.6355387,1.3753552,9.953388,0.79883873,0.00035608275,3
58.177227,0.129665,49.33228436485909,8.56667980513813,0,1,6204.6606,-9.362411e-07,6,1,false,false,-0.39778474,1.3106781,11.001085,0.7988669,0.0029578567,3
58.198112,0.12987912,49.33229065901769,8.566689022126905,0,1,6203.0273,0.0014521511,6,1,false,false,-0.5076102,1.2606958,10.715157,0.7988845,0.00083599146,3
58.218575,0.13009329,49.332296952901885,8.566698239955343,0,1,6207.207,-0.00096903706,6,1,false,false,-0.49064076,1.2323052,9.442057,0.79889345,0.0015252426,3
58.239162,0.13030756,49.33230324706048,8.566707456944119,0,1,6209.5073,-0.0004849867,6,1,false,false,-0.08751023,1.2516001,10.577248,0.79893833,0.0037549157,3
58.25947,0.13052188,49.33230954094467,8.566716673932895,0,1,6206.37,0.00072560745,6,1,false,false,-0.5157806,1.1816071,12.61554,0.79899657,0.0024059194,3
58.278545,0.13073629,49.332315835103266,8.566726028626523,0,1,6214.1323,-0.0009690372,6,1,false,false,-0.24616513,1.1641018,10.01566,0.79901505,0.001471877,3
58.29818,0.13095076,49.33232212926186,8.56673524645496,0,1,6222.8657,-0.003390225,6,1,false,false,-0.030765712,1.2951753,10.02301,0.7990407,0.0025001431,3
58.319992,0.13116531,49.33232842314605,8.566744463443737,0,1,6215.736,-0.0029052384,6,1,false,false,-0.21643189,1.3030463,9.517944,0.799074,0.0016466473,3
58.339886,0.13137995,49.33233471730465,8.566753818137363,0,1,6212.0107,-0.004116769,6,1,false,false,-0.14051655,1.1444969,11.156976,0.7991079,0.0009751293,3
58.357952,0.13159464,49.332341011188845,8.566763035126138,0,1,6228.49,-0.006780451,6,1,false,false,-0.26501903,1.0581548,11.51957,0.79911375,-0.00077296724,3
58.376266,0.1318094,49.33234730534744,8.566772389819766,0,1,6236.467,-0.008474159,6,1,false,false,-0.21317428,1.2270465,9.8164425,0.7990794,-0.002357365,3
58.39781,0.13202424,49.332353599506035,8.566781607648204,0,1,6234.2217,-0.009200702,6,1,false,false,0.009616256,1.343982,9.783292,0.7990142,-0.0035704835,3
58.41999,0.13223916,49.33235998339302,8.566790962341832,0,1,6226.7812,-0.008232604,6,1,false,false,-0.058640182,1.354577,9.276016,0.79893637,-0.00494817,3
58.440105,0.13245416,49.33236627727721,8.566800179330608,0,1,6227.5093,-0.0070220074,6,1,false,false,-0.07720646,1.1756961,8.97405,0.7988459,-0.0063728844,3
58.4587,0.13266923,49.332372571435805,8.566809534024234,0,1,6235.852,-0.0070220074,6,1,false,false,-0.09680399,1.1198158,9.3870125,0.79874146,-0.007574754,3
58.476734,0.13288435,49.3323788655944,8.56681875101301,0,1,6242.7314,-0.0067804493,6,1,false,false,-0.0098306835,1.0779494,8.674909,0.798624,-0.007915818,3
58.49496,0.13309956,49.3323851594786,8.5668281065463,0,1,6252.398,-0.00460082,6,1,false,false,0.03881073,1.1645025,9.296817,0.79850096,-0.007866654,3
58.51468,0.13331482,49.33239154336558,8.566837323535076,0,1,6258.825,-0.0016955805,6,1,false,false,0.015098721,1.2481191,9.414714,0.79836667,-0.0080006085,3
58.535793,0.13353017,49.33239783752418,8.566846678228703,0,1,6258.406,-9.360374e-07,6,1,false,false,0.030355304,1.3430598,10.05057,0.7982343,-0.007044798,3
58.5578,0.1337456,49.33240413168277,8.56685603292233,0,1,6256.697,0.0019362015,6,1,false,false,-0.071634084,1.3283011,9.839291,0.7981275,-0.0055931294,3
58.579678,0.1339611,49.33241042556696,8.566865387615957,0,1,6253.646,0.00484144,6,1,false,false,0.061999753,1.3318253,8.729585,0.7980578,-0.0028131308,3
58.60109,0.13417667,49.33241680972835,8.566874604604733,0,1,6251.4395,0.0065370207,6,1,false,false,0.1181865,1.2844251,10.234213,0.79802984,-0.00041223093,3
58.6214,0.13439235,49.33242310361255,8.566883960138023,0,1,6251.116,0.00484144,6,1,false,false,-0.005711198,1.2184528,11.058318,0.79804385,0.0013562485,3
58.640697,0.13460806,49.332429397771136,8.56689331483165,0,1,6256.95,0.0026627458,6,1,false,false,0.27519077,1.1813432,9.411176,0.79808205,0.004169067,3
58.660458,0.13482389,49.33243578165813,8.566902669525279,0,1,6261.1304,0.0024211886,6,1,false,false,-0.042680025,1.2417939,10.669219,0.7981396,0.0037286698,3
58.681362,0.13503976,49.33244207581672,8.566912024218905,0,1,6256.9897,0.0029043015,6,1,false,false,0.16959414,1.297337,9.284745,0.79820263,0.00397564,3
58.701458,0.13525574,49.332448459703706,8.566921378912532,0,1,6255.886,0.004599883,6,1,false,false,0.33894095,1.2172778,9.331425,0.7982803,0.0052030156,3
58.72075,0.13547176,49.332454753587896,8.566930595901308,0,1,6260.5103,0.005810476,6,1,false,false,0.16997811,1.1635703,10.1959715,0.79836285,0.0040776925,3
58.738823,0.13568789,49.33246104774649,8.566939950594934,0,1,6264.4785,0.0043573906,6,1,false,false,0.3880742,1.0735555,10.137446,0.7984571,0.0052216486,3
58.756615,0.13590403,49.33246743163348,8.566949306128226,0,1,6275.1514,0.005567983,6,1,false,false,0.4129649,1.1512742,11.7139845,0.7985512,0.0074215047,3
58.775955,0.13612027,49.33247372579207,8.566958660821852,0,1,6280.4585,0.0072635645,6,1,false,false,0.35215038,1.2633959,10.097814,0.79865086,0.006588754,3
58.79832,0.13633658,49.33248010967906,8.56696801551548,0,1,6274.1514,0.006537021,6,1,false,false,0.2910359,1.4322437,10.153465,0.79875916,0.0077392054,3
58.820618,0.13655297,49.33248649384044,8.566977370209107,0,1,6262.3403,0.0067785787,6,1,false,false,0.53007585,1.2734221,10.051309,0.7988768,0.008119067,3
58.83981,0.13676943,49.33249278772464,8.566986724902733,0,1,6263.1064,0.0062945285,6,1,false,false,0.4647867,1.1319116,9.760537,0.7990128,0.0074208877,3
58.85747,0.13698596,49.33249917161162,8.566996079596361,0,1,6273.067,0.006778577,6,1,false,false,0.5167384,1.1060948,9.583749,0.79914933,0.008489477,3
58.87508,0.13720255,49.33250546577022,8.56700557199484,0,1,6276.0967,0.007990109,6,1,false,false,0.41615078,1.1186593,9.069485,0.799289,0.007219627,3
58.89328,0.13741921,49.33251184965721,8.567014926688467,0,1,6281.897,0.0072635645,6,1,false,false,0.49949127,1.1325344,10.085324,0.79941547,0.007219165,3
58.91149,0.13763593,49.33251823381859,8.567024281382094,0,1,6287.3857,0.008473223,6,1,false,false,0.8589016,1.0909321,10.208257,0.7995442,0.008568819,3
58.92981,0.13785271,49.33252461770557,8.567033636915387,0,1,6293.167,0.0123475,6,1,false,false,0.5349524,1.2016842,10.892199,0.79969084,0.010119468,3
58.949535,0.13806958,49.33253091158977,8.567042991609013,0,1,6297.697,0.017432366,6,1,false,false,0.6659204,1.3375196,10.589777,0.79984665,0.0110236285,3
58.97162,0.13828649,49.33253729575116,8.56705234630264,0,1,6287.522,0.02227381,6,1,false,false,0.85698795,1.3492085,8.250598,0.8000461,0.013719909,3
58.99256,0.13850352,49.33254367963814,8.567061700996268,0,1,6279.48,0.029778931,6,1,false,false,0.82533085,1.2146734,8.820763,0.8002847,0.014401053,3
59.010864,0.1387206,49.332550063525126,8.567071193394746,0,1,6284.4033,0.035831895,6,1,false,false,1.0276074,1.0424945,8.383099,0.8005611,0.015647959,3
59.025143,0.13893774,49.332556447686514,8.567080548088374,0,1,6294.705,0.03922212,6,1,false,false,1.3334451,0.8094872,10.079328,0.8008928,0.022205982,3
59.039387,0.13915491,49.3325628315735,8.567089902782001,0,1,6320.5073,0.04212736,6,1,false,false,1.1889889,0.9823873,9.750404,0.80134815,0.030576743,3
59.05758,0.13937217,49.33256921546049,8.567099257475627,0,1,6326.7812,0.042127363,6,1,false,false,1.4700081,1.2157395,9.198982,0.80191684,0.038843714,3
59.082268,0.1395895,49.33257559934747,8.567108612169255,0,1,6312.838,0.03825309,6,1,false,false,1.4412146,1.5677334,11.133657,0.80258226,0.042906158,3
59.105305,0.13980693,49.33258198350886,8.567117966862883,0,1,6297.2407,0.03462131,6,1,false,false,1.4683996,1.3745289,11.393202,0.80330735,0.044432167,3
59.125507,0.14002441,49.33258836739584,8.56712745926136,0,1,6299.48,0.03268511,6,1,false,false,1.6793333,1.1964028,10.508458,0.8040402,0.04477198,3
59.14398,0.14024198,49.33259475128283,8.567136814794653,0,1,6299.5796,0.029053327,6,1,false,false,1.7660346,1.1788279,11.557767,0.8047547,0.042347036,3
59.163086,0.14045961,49.332601135444214,8.567146169488279,0,1,6296.858,0.024452506,6,1,false,false,1.7983508,1.1908435,10.515806,0.805434,0.039295364,3
59.18044,0.14067732,49.3326075193312,8.567155524181906,0,1,6297.7725,0.022032255,6,1,false,false,1.7633892,1.0570697,11.428759,0.80604637,0.034869023,3
59.197273,0.1408951,49.332613993220974,8.567164878875534,0,1,6305.8755,0.019368572,6,1,false,false,1.7722085,1.0532166,10.589849,0.80659866,0.03184573,3
59.21426,0.14111292,49.332620377107965,8.56717423356916,0,1,6310.242,0.017673926,6,1,false,false,1.7635703,1.1239597,9.627277,0.8070957,0.028540365,3
59.232025,0.14133081,49.33262685099774,8.56718372596764,0,1,6312.3896,0.017189875,6,1,false,false,1.692361,1.1197293,8.875354,0.8075434,0.024554983,3
59.249523,0.14154877,49.332633234884725,8.567193080661268,0,1,6314.286,0.017916419,6,1,false,false,1.4971956,1.0561159,8.445431,0.8079266,0.020079443,3
59.26616,0.14176679,49.3326397087745,8.567202435354893,0,1,6320.672,0.019610122,6,1,false,false,1.6189582,1.0445676,8.843957,0.808255,0.017938767,3
59.28155,0.14198488,49.33264609293589,8.567211790048521,0,1,6332.294,0.021305706,6,1,false,false,1.4312795,0.9094141,7.576912,0.8085812,0.018444663,3
59.297382,0.14220302,49.33265256655127,8.567221144742149,0,1,6344.7573,0.023968447,6,1,false,false,1.4349551,1.0694401,7.7029085,0.8089197,0.020737393,3
59.315907,0.14242122,49.33265895071265,8.56723050027544,0,1,6349.898,0.024210947,6,1,false,false,1.4409572,1.1605753,8.747122,0.8092911,0.02152703,3
59.334774,0.14263947,49.332665424602425,8.567239854969067,0,1,6347.7583,0.024210945,6,1,false,false,1.8694903,1.1611242,9.095468,0.8096875,0.02614154,3
59.354095,0.14285782,49.3326718984922,8.567249209662695,0,1,6355.653,0.027600229,6,1,false,false,1.4534429,1.2330006,9.205085,0.8101333,0.028125573,3
59.37552,0.14307623,49.332678372381984,8.56725856435632,0,1,6352.7397,0.029778926,6,1,false,false,1.6319716,1.3884656,8.498583,0.81060505,0.029454421,3
59.398396,0.14329472,49.33268475626897,8.567267919049948,0,1,6336.781,0.030989522,6,1,false,false,1.9642031,1.378864,10.037659,0.8110851,0.028696643,3
59.41898,0.1435133,49.332691230158744,8.567277411448428,0,1,6330.2207,0.031716067,6,1,false,false,2.0450246,1.1924547,12.055022,0.811566,0.0299845,3
59.43654,0.14373197,49.33269770404852,8.567286766142054,0,1,6338.082,0.031716067,6,1,false,false,2.2028136,1.0461638,9.63447,0.81209713,0.034022395,3
59.45445,0.14395069,49.3327041779383,8.567296120835682,0,1,6341.934,0.030989524,6,1,false,false,1.7213984,1.226246,9.6343775,0.8126652,0.033382673,3
59.474457,0.14416948,49.33271065182807,8.56730547552931,0,1,6334.0156,0.028085217,6,1,false,false,2.0295312,1.2287145,11.279463,0.8131975,0.029531473,3
59.491257,0.14438833,49.332717215446245,8.567314830222935,0,1,6331.9805,0.02324285,6,1,false,false,2.284681,0.9490839,11.357261,0.8137035,0.03160242,3
59.506763,0.14460723,49.33272368933602,8.567324185756227,0,1,6350.7085,0.019610127,6,1,false,false,1.8237598,0.98783576,11.131313,0.8142201,0.031477008,3
59.524887,0.14482622,49.3327301632258,8.567333540449853,0,1,6352.0195,0.011863448,6,1,false,false,2.0338907,1.2517792,10.313489,0.8147269,0.0309811,3
59.54497,0.14504527,49.33273663711557,8.567342895143481,0,1,6339.279,0.0038733373,6,1,false,false,1.7027739,1.2214192,10.373601,0.8151861,0.0257816,3
59.563175,0.14526439,49.33274320100814,8.567352249837109,0,1,6338.8936,-0.004600819,6,1,false,false,1.6263038,1.0952874,10.767313,0.8155367,0.017149374,3
59.57942,0.14548358,49.33274967489792,8.567361604530735,0,1,6344.5493,-0.012833422,6,1,false,false,1.2903426,1.0010955,10.283704,0.81575674,0.008439962,3
59.595207,0.14570282,49.332756148787695,8.567370821939342,0,1,6349.8037,-0.017675795,6,1,false,false,1.355868,1.0161548,10.0315075,0.81583494,0.0014108742,3
59.611588,0.14592212,49.33276271240587,8.56738017663297,0,1,6356.7725,-0.019127944,6,1,false,false,0.8810878,1.0230395,8.920641,0.81579286,-0.0068109427,3
59.628605,0.14614148,49.33276918629564,8.567389531326597,0,1,6358.7153,-0.0176758,6,1,false,false,0.92558885,1.0759269,10.715138,0.8156366,-0.012278445,3
59.645508,0.14636092,49.33277575018821,8.567398886020223,0,1,6363.4644,-0.013316536,6,1,false,false,0.9804665,1.0282388,9.385103,0.81540245,-0.014967357,3
59.6622,0.1465804,49.33278222407799,8.567408241133684,0,1,6370.097,-0.0053273635,6,1,false,false,0.7583884,1.107245,9.192464,0.81514704,-0.015457333,3
59.680706,0.14679995,49.33278878797056,8.56741759582731,0,1,6370.658,0.005083933,6,1,false,false,0.9480932,1.1684203,9.7187395,0.81488717,-0.015378808,3
59.699226,0.1470196,49.33279535158873,8.567426950520938,0,1,6365.0356,0.013799649,6,1,false,false,0.9193102,1.1505854,10.392249,0.8146585,-0.011874148,3
59.716755,0.14723927,49.332801825478505,8.567436305214565,0,1,6370.6855,0.024210945,6,1,false,false,1.1906464,1.0549238,10.551244,0.8145103,-0.0048195454,3
59.734005,0.14745905,49.332808389371074,8.567445660328024,0,1,6374.968,0.034138195,6,1,false,false,1.083106,1.1138867,8.91363,0.8144846,0.0030101659,3
59.752663,0.14767885,49.332814953263636,8.56745501502165,0,1,6371.96,0.040190235,6,1,false,false,1.0300497,1.223342,8.509005,0.8145785,0.008213598,3
59.77136,0.14789875,49.33282142715342,8.567464369715278,0,1,6366.373,0.044306055,6,1,false,false,1.1858404,1.109845,9.006886,0.8147776,0.013963029,3
59.787037,0.1481187,49.332827990771584,8.567473724408906,0,1,6370.4707,0.0469688,6,1,false,false,1.371515,0.89096594,9.655028,0.815096,0.022017807,3
59.80038,0.1483387,49.33283455466415,8.567483079522365,0,1,6389.114,0.046968803,6,1,false,false,1.0918783,0.8197906,9.585313,0.8155641,0.03094878,3
59.815876,0.14855877,49.332841118282325,8.56749243421599,0,1,6401.246,0.042853914,6,1,false,false,1.4445858,1.0815252,11.480285,0.81615067,0.03984305,3
59.83546,0.14877889,49.332847682174894,8.567501788909619,0,1,6397.0186,0.03558941,6,1,false,false,1.4010478,1.3162106,9.577694,0.81684786,0.04516515,3
59.856834,0.1489991,49.332854246067456,8.567511143603246,0,1,6385.8477,0.029537369,6,1,false,false,1.2414201,1.3477044,10.127972,0.8175989,0.04571434,3
59.877075,0.14921936,49.33286080968563,8.567520498716705,0,1,6376.8467,0.023485336,6,1,false,false,1.5457456,1.1941774,10.93158,0.81832695,0.042186245,3
59.894466,0.1494397,49.332867373578196,8.567529853410331,0,1,6375.5054,0.018400472,6,1,false,false,1.4380689,1.0700328,9.393102,0.81900245,0.038198106,3
59.910313,0.1496601,49.332873937470765,8.567539208103959,0,1,6382.6147,0.018158913,6,1,false,false,1.672759,0.99374974,9.291884,0.8196065,0.033758964,3
59.92626,0.14988056,49.33288050108893,8.567548562797587,0,1,6385.514,0.019368565,6,1,false,false,1.550164,1.0164723,9.58688,0.82014185,0.028958023,3
59.941956,0.15010108,49.3328870649815,8.567557917491213,0,1,6389.0903,0.021789754,6,1,false,false,1.6794217,0.9672283,9.708941,0.8206199,0.027200177,3
59.95706,0.15032165,49.33289371860246,8.567567272604672,0,1,6399.592,0.02493655,6,1,false,false,1.7943368,0.9675789,10.498514,0.82109016,0.02871588,3
59.973213,0.15054227,49.33290028249503,8.5675766272983,0,1,6406.558,0.02856927,6,1,false,false,1.571024,1.0445468,9.317991,0.82159334,0.03212019,3
59.99125,0.15076298,49.3329068461132,8.567585981991927,0,1,6404.38,0.03050547,6,1,false,false,2.2245276,1.1916609,10.260503,0.8221188,0.033035006,3
60.010384,0.15098374,49.33291350000856,8.567595336685555,0,1,6398.6953,0.02977893,6,1,false,false,1.8115416,1.19236,11.10502,0.82267386,0.034248855,3
60.028255,0.15120456,49.33292006362672,8.567604691799014,0,1,6394.9634,0.03147451,6,1,false,false,2.200343,1.1337092,9.876667,0.8232428,0.03555048,3
60.045544,0.15142547,49.33292662751929,8.56761404649264,0,1,6396.4766,0.030021422,6,1,false,false,2.1045835,1.0761211,10.645704,0.8238299,0.03470189,3
60.06183,0.1516464,49.33293328114026,8.567623401186268,0,1,6395.1787,0.028326781,6,1,false,false,1.9701576,1.0141017,10.674912,0.8243953,0.03331422,3
60.07723,0.15186743,49.33293993503561,8.567632755879895,0,1,6399.173,0.025905592,6,1,false,false,2.2966545,1.0056561,11.524363,0.82494634,0.033304833,3
60.092606,0.1520885,49.33294649865378,8.567642110993354,0,1,6406.116,0.023968454,6,1,false,false,1.8958008,1.0184869,11.3540325,0.82549375,0.033404835,3
60.108738,0.15230961,49.332953152549145,8.56765146568698,0,1,6407.07,0.022516305,6,1,false,false,2.164849,1.0829376,13.75539,0.8260342,0.03428195,3
60.12572,0.15253079,49.3329598061701,8.567660682675756,0,1,6405.8096,0.020095116,6,1,false,false,2.1859574,1.1532881,11.477534,0.8265488,0.03253289,3
60.142864,0.15275204,49.33296637006267,8.567670037789215,0,1,6402.264,0.017916422,6,1,false,false,2.199338,1.1458659,10.890326,0.82700974,0.028366197,3
60.160206,0.15297334,49.33297302368363,8.567679392482843,0,1,6396.498,0.021789752,6,1,false,false,2.1391184,1.1130424,10.326777,0.82740664,0.02209467,3
60.173847,0.15319471,49.33297967730459,8.567688747176469,0,1,6390.8804,0.028326781,6,1,false,false,2.1345294,0.8829671,12.439785,0.82770896,0.013878867,3
60.185623,0.15341613,49.33298633119995,8.567697964585077,0,1,6407.4873,0.030747963,6,1,false,false,2.1073704,0.7526668,10.628429,0.8279663,0.015798176,3
60.19668,0.15363756,49.33299298482091,8.567707319278703,0,1,6425.1655,0.03413819,6,1,false,false,2.1244788,0.89991796,7.9962482,0.8282886,0.023399753,3
60.2122,0.15385906,49.33299963844187,8.567716673972331,0,1,6427.6616,0.037042487,6,1,false,false,1.8748608,1.074461,9.958158,0.82872033,0.02641271,3
60.22823,0.1540806,49.33300629233723,8.567726028665959,0,1,6419.596,0.037527483,6,1,false,false,1.8108819,1.0026982,10.567498,0.8291857,0.027786767,3
60.240925,0.15430221,49.33301303596098,8.567735246074566,0,1,6433.5547,0.03534785,6,1,false,false,1.9946142,0.8171046,9.728527,0.8296824,0.033123307,3
60.256214,0.15452386,49.33301968958194,8.567744600768192,0,1,6450.376,0.032926664,6,1,false,false,1.9488093,1.1706779,11.885185,0.830261,0.03751888,3
60.275562,0.15474558,49.3330263432029,8.567753818176799,0,1,6430.9453,0.032685105,6,1,false,false,2.1469314,1.3271312,11.7204895,0.8308929,0.039682504,3
60.29447,0.15496737,49.33303299709826,8.567763172870427,0,1,6418.8916,0.032201055,6,1,false,false,2.2766552,1.2082382,13.553312,0.83151555,0.03830609,3
60.31068,0.15518922,49.33303974072201,8.567772527564054,0.013106161,1,6422.302,0.029053327,6,1,false,false,2.8658571,1.1059799,13.39767,0.8321095,0.037668232,3
60.323734,0.15541112,49.33304639434297,8.567781744972661,0.045633264,1,6414.9106,0.02687463,6,1,false,false,2.548421,0.8863083,15.270872,0.8327201,0.037871316,3
60.32978,0.15563305,49.33305313796672,8.56779109966629,0.077683784,1,6407.2656,0.026874628,6,1,false,false,2.5567617,0.3223085,13.87696,0.8332983,0.035927687,3
60.325985,0.15585497,49.33305979158768,8.567800317074896,0.12200644,1,6397.111,0.02324285,6,1,false,false,2.3886104,-0.2899758,12.024732,0.8338033,0.027525434,3
60.309303,0.15607685,49.33306653521143,8.567809671768522,0.16835456,1,6390.5874,0.019126078,6,1,false,false,2.3569486,-1.1241874,12.412189,0.83421737,0.022597244,3
60.277416,0.15629865,49.333073188832394,8.567818888757298,0.21303464,0.9972874,6383.123,0.01670583,6,1,false,false,1.9548693,-2.0435908,11.619836,0.8345433,0.016597861,3
60.23306,0.15652029,49.333079932456144,8.567828106165905,0.26307636,0.8786682,6374.192,0.010652854,6,1,false,false,1.6907576,-2.7591658,9.9654255,0.8348034,0.01396796,3
60.175632,0.15674175,49.333086586351506,8.567837323574512,0.30251396,0.7398275,6348.5293,0.006294526,6,1,false,false,1.1855044,-3.635366,9.19371,0.83504254,0.012064598,3
60.099148,0.15696298,49.333093329975256,8.56784667826814,0.34636006,0.60147977,6312.1177,0.002662745,6,1,false,false,1.0109897,-4.9442706,10.190637,0.8351981,0.004709718,3
60.00161,0.15718387,49.33309998359621,8.567855895256915,0.39127848,0.45844638,6277.6445,-0.0031477322,6,1,false,false,1.2885249,-6.2106886,9.519375,0.8352563,0.002217611,3
59.882362,0.15740436,49.33310663721717,8.56786497496067,0.43464798,0.35413063,6241.736,-0.0058114138,6,1,false,false,0.87164986,-7.502918,10.161345,0.8353048,0.0032688007,3
59.741116,0.15762438,49.33311338084093,8.567874192369278,0.4761111,0.24833542,6194.1304,-0.0058114133,6,1,false,false,0.97916126,-8.745413,9.406315,0.8353437,0.0014924774,3
59.579975,0.15784384,49.33311994473349,8.567883409358052,0.5139997,0.18495683,6162.8394,-0.007748552,6,1,false,false,0.7483566,-10.107754,9.630949,0.8353175,-0.0045348085,3
59.396786,0.15806267,49.333126598354454,8.567892489061808,0.54974395,0.11960545,6129.2637,-0.009200704,6,1,false,false,0.8053114,-11.185546,9.868395,0.83522314,-0.0073214904,3
59.202915,0.15828079,49.33313325224981,8.567901568765564,0.59192175,0.06831073,6079.8584,-0.010653789,6,1,false,false,0.21449724,-11.6461935,8.71891,0.8350577,-0.013564912,3
58.994114,0.15849818,49.33313981586798,8.567910648469319,0.6218278,0.041430328,6005.0454,-0.015980216,6,1,false,false,0.44621032,-12.88157,10.373967,0.83483607,-0.014270951,3
58.77374,0.15871479,49.33314637976055,8.567919590468222,0.64792097,0.017509252,5918.025,-0.021791626,6,1,false,false,-0.20121679,-13.381487,10.663409,0.83453465,-0.024834875,3
58.540573,0.15893054,49.33315294365312,8.567928670171977,0.67139274,0.77,6150.4795,-0.027844604,0,1,false,false,-0.04274237,-14.154144,11.121395,0.83407354,-0.029242508,3
58.296528,0.15914543,49.333159417542895,8.56793761217088,0.69188595,0,6332.943,-0.03365601,0,1,false,false,-0.14130896,-14.562188,9.679863,0.8335322,-0.033271622,3
58.04297,0.15935941,49.33316589143267,8.567946554169783,0.7130941,0,6511.0303,-0.03607626,5,1,false,false,-0.58876216,-16.628637,8.340356,0.83294445,-0.03865562,3
57.74246,0.15957236,49.33317236532245,8.567955358883667,0.72465134,0,6799.879,-0.036076266,5,1,false,false,-0.95966613,-17.925657,9.727357,0.8322045,-0.05136691,3
57.459145,0.15978423,49.33317874920943,8.56796416359755,0.7313238,0,6675.597,-0.034865674,5,1,false,false,-0.72937,-16.244787,11.046828,0.83125734,-0.062645786,3
57.194714,0.1599951,49.33318513309642,8.567972967891603,0.7362089,0,6564.5854,-0.03268698,5,1,false,false,-0.59519184,-15.396771,9.785355,0.8302488,-0.058396786,3
56.938553,0.160205,49.333191516983405,8.567981772605485,0.73966414,0,6456.081,-0.028571144,5,1,false,false,-1.0178171,-15.416943,9.561661,0.82932085,-0.05562382,3
56.672264,0.16041397,49.333197811142,8.567990439194684,0.73728114,0,6366.0405,-0.023727834,5,1,false,false,-1.2724296,-16.274357,10.778756,0.82831836,-0.06524809,3
56.38815,0.1606219,49.333204105300595,8.567999243908568,0.7306088,0,6466.315,-0.020096052,5,1,false,false,-0.87679124,-17.184029,10.653659,0.82723266,-0.060573876,3
56.10675,0.16082881,49.333210309182,8.568007773212747,0.7221495,0,6435.432,-0.015980221,5,1,false,false,-1.4480913,-16.310768,9.350913,0.82626504,-0.056021973,3
55.833157,0.16103469,49.333216603340595,8.568016440221779,0.72274524,0,6361.6406,-0.012349371,5,1,false,false,-1.578125,-16.37151,10.374593,0.82529795,-0.05901966,3
55.552822,0.16123955,49.333222717493605,8.56802496952596,0.7229833,0,6403.945,-0.011137839,5,1,false,false,-1.0394566,-16.85174,10.734866,0.8243197,-0.05383119,3
55.277138,0.16144337,49.33322892164941,8.568033498830138,0.7236983,0,6402.573,-0.0082326,5,1,false,false,-1.5780126,-15.89507,11.135168,0.8235102,-0.044739444,3
55.014034,0.16164622,49.33323503580242,8.568042028134318,0.71976656,0,6321.751,-0.0048433123,5,1,false,false,-1.5901207,-15.623976,10.806447,0.82276875,-0.044189528,3
54.74948,0.16184804,49.33324115022983,8.568050420153478,0.7211963,0,6287.561,-0.0041167694,5,1,false,false,-1.7569448,-16.014395,11.641475,0.82201594,-0.047800872,3
54.478565,0.1620489,49.33324717438005,8.568058949457658,0.7142858,0,6269.8604,-0.0036317818,5,1,false,false,-1.7635721,-16.210827,12.210853,0.82121336,-0.046587072,3
54.213192,0.16224876,49.33325319880467,8.568067341056985,0.7152388,0,6231.0825,-0.0036317823,5,1,false,false,-1.9189775,-15.74177,11.221143,0.82042986,-0.0452344,3
53.94627,0.16244765,49.333259222954894,8.568075595371292,0.714524,0,6206.092,-0.002905239,5,1,false,false,-1.2825409,-15.585325,10.674915,0.81970066,-0.035657175,3
53.686867,0.16264556,49.33326515737672,8.568083987390452,0.71583474,0,6206.3643,0.001452151,5,1,false,false,-1.7314011,-15.710515,10.269506,0.8192302,-0.02327654,3
53.420464,0.16284251,49.33327109179855,8.56809224170476,0.71106887,0,6192.8545,0.008957273,5,1,false,false,-1.8375382,-15.826327,11.822839,0.8188737,-0.02011865,3
53.155666,0.16303848,49.33327693621759,8.568100495599236,0.71333253,0,6152.4814,0.008957272,5,1,false,false,-1.6741554,-15.281793,11.194876,0.8184944,-0.024356367,3
52.907047,0.1632335,49.333282870639415,8.568108749913543,0.7052305,0,6103.8604,0.0072635636,5,1,false,false,-1.4121951,-14.670493,10.026962,0.818156,-0.017789071,3
52.6587,0.16342762,49.33328862533006,8.568116866522999,0.7046347,0,6038.7026,0.0048414404,5,1,false,false,-1.671664,-14.652497,8.809905,0.81781673,-0.023265282,3
52.411873,0.16362083,49.3332944697491,8.568124983132455,0.70046484,0,6020.337,-0.002180568,5,1,false,false,-1.580879,-14.668316,8.192915,0.817383,-0.028527347,3
52.159584,0.16381311,49.33330022416535,8.568133100161743,0.7009414,0,5994.303,-0.012106877,5,1,false,false,-1.8634948,-15.239299,9.848447,0.81687355,-0.036820207,3
51.913418,0.16400449,49.33330597885599,8.568141216771199,0.6955797,0,5933.8496,-0.020096049,5,1,false,false,-1.3688244,-14.516437,9.071116,0.81621474,-0.043220125,3
51.667778,0.16419497,49.333311643543844,8.568149195675803,0.69700944,0,5866.4834,-0.024696864,5,1,false,false,-1.2792557,-14.571336,10.498086,0.8155219,-0.041410014,3
51.41361,0.16438453,49.333317397960094,8.568157175000238,0.6928394,0,5792.947,-0.019127954,5,1,false,false,-1.8197334,-15.507451,9.876835,0.814806,-0.045149244,3
51.16744,0.16457316,49.333322972919554,8.568165153904841,0.6960561,0,5787.92,-0.00968569,5,1,false,false,-1.5589813,-14.045095,7.2240953,0.8139255,-0.056798983,3
50.925163,0.16476092,49.33332863733301,8.568173132809445,0.6905756,0,5794.8945,0.0014521508,5,1,false,false,-1.0467436,-14.735113,6.068492,0.8130564,-0.04415604,3
50.674488,0.16494775,49.33333421229248,8.568181112133882,0.6891457,0,5802.803,0.012589991,5,1,false,false,-0.94130754,-15.055496,7.317191,0.8124711,-0.029587716,3
50.426483,0.16513367,49.33333978697754,8.568188953753465,0.6817586,0,5806.77,0.021547262,5,1,false,false,-0.9511129,-14.501477,9.255156,0.8121565,-0.01673487,3
50.18706,0.16531871,49.33334527165981,8.568196794953218,0.6815204,0,5724.003,0.029053325,5,1,false,false,-1.4270965,-13.979916,10.877635,0.8118881,-0.025501283,3
49.957657,0.16550288,49.33335084634488,8.56820449886795,0.6741332,0,5633.9224,0.03050547,5,1,false,false,-1.4142617,-14.349127,11.922155,0.81132156,-0.042130683,3
49.7024,0.16568616,49.33335624129876,8.568212340487534,0.6723461,0,5546.3145,0.020579165,5,1,false,false,-1.4714882,-15.49128,12.528675,0.81047904,-0.05105759,3
49.44157,0.16586848,49.333361726255426,8.568220044402265,0.66841424,0,5459.532,0.01089441,5,1,false,false,-1.829834,-15.569032,9.276054,0.8096167,-0.044117577,3
49.192833,0.16604987,49.33336712093491,8.568227748316998,0.6718695,0,5507.112,0.0029043015,5,1,false,false,-1.3549578,-14.713696,7.5922484,0.80893004,-0.028794855,3
48.907345,0.16623029,49.33337251588879,8.568235452231729,0.6706778,0,5789.1514,-0.0036317823,5,1,false,false,-2.2927637,-17.320784,10.703426,0.8086036,-0.015200137,3
48.640648,0.16640967,49.33337782083988,8.568243018861441,0.6794949,0,5745.7466,-0.007990109,5,1,false,false,-2.0351546,-14.54149,12.530749,0.80833185,-0.020299075,3
48.405636,0.16658816,49.33338321579376,8.568250585071322,0.6785417,0,5655.8745,-0.011137842,5,1,false,false,-1.5601281,-13.585455,11.784815,0.8080647,-0.01569233,3
48.18306,0.1667658,49.33338843101646,8.568258151701034,0.68938386,0,5567.769,-0.0070220074,5,1,false,false,-1.4465817,-13.098708,10.354393,0.8077934,-0.018399423,3
47.9579,0.1669426,49.33339373596755,8.568265717910913,0.69093287,0,5481.8354,-0.0026636804,5,1,false,false,-1.255196,-13.490626,9.462649,0.8074506,-0.020329518,3
47.72704,0.16711856,49.33339895091584,8.568273284120794,0.69724756,0,5397.223,0.00048405083,5,1,false,false,-1.5488732,-13.747058,8.817437,0.80708534,-0.02321906,3
47.492947,0.1672937,49.33340416613854,8.568280713045654,0.69951147,0.77,5649.5635,0.00024155705,0,1,false,false,-1.2281104,-13.937963,8.684105,0.8066292,-0.028625553,3
47.259174,0.16746795,49.33340929108405,8.568288141970514,0.7071368,0.4644444,6072.4307,-0.003390225,0,1,false,false,-1.2057848,-13.892483,8.796714,0.806165,-0.027360905,3
47.025707,0.16764136,49.33341450630675,8.568295570895375,0.7145241,0,6017.691,-0.008232602,4,1,false,false,-1.3833554,-13.891941,8.695746,0.8057468,-0.026601285,3
46.776737,0.1678139,49.333419631252255,8.568302862115383,0.7234601,0,6288.492,-0.014285571,4,1,false,false,-1.2149935,-15.789471,7.7984343,0.80529976,-0.030919334,3
46.50927,0.16798548,49.333424666743774,8.56831029062041,0.7269154,0,6417.3086,-0.020822594,4,1,false,false,-1.0992091,-15.688793,9.267156,0.80477476,-0.035077747,3
46.249313,0.16815607,49.33342970196089,8.568317581840418,0.7384724,0,6312.2637,-0.02614995,4,1,false,false,-1.2096927,-15.3530245,9.897263,0.8041848,-0.038316056,3
45.990437,0.16832574,49.333434737178,8.568324735775407,0.7387107,0,6203.654,-0.029055191,4,1,false,false,-1.677341,-15.387651,10.087668,0.80348486,-0.047886003,3
45.733704,0.16849445,49.33343977239512,8.568332026995416,0.74836177,0,6080.6562,-0.0297808,4,1,false,false,-1.5484945,-15.197405,10.173218,0.8025718,-0.0581902,3
45.475113,0.16866219,49.333444717609446,8.568339180510572,0.74788535,0,5983.366,-0.028571147,4,1,false,false,-1.6155338,-15.443911,9.754123,0.8015602,-0.059427265,3
45.214046,0.16882901,49.333449663098165,8.56834633444556,0.75300854,0,5907.71,-0.025423415,4,1,false,false,-1.7345135,-15.663513,10.562999,0.8005208,-0.061804716,3
44.93178,0.16899483,49.3334545183097,8.568353487960715,0.7465744,0,6121.9146,-0.021791633,4,1,false,false,-1.6472347,-17.669472,10.955651,0.7994881,-0.059778657,3
44.63316,0.16915956,49.333459373795634,8.568360504190853,0.7465745,0,6208.4375,-0.017191753,4,1,false,false,-2.1244643,-17.189724,12.023221,0.7985411,-0.055943254,3
44.36484,0.16932325,49.33346422928157,8.568367520001157,0.73799574,0,6109.548,-0.014769623,4,1,false,false,-1.9904412,-15.2416525,11.702359,0.7975983,-0.056099877,3
44.114483,0.16948597,49.333469084493096,8.568374536231293,0.7387108,0,6018.4585,-0.015012116,4,1,false,false,-1.7268207,-14.619038,10.728411,0.7966477,-0.05442374,3
43.865692,0.1696478,49.33347385025064,8.56838155246143,0.7281068,0,6022.1016,-0.01670676,4,1,false,false,-1.8258872,-15.104522,10.060357,0.79574174,-0.05341142,3
43.61069,0.1698087,49.33347852573099,8.568388430986714,0.7296556,0,6016.8955,-0.019127946,4,1,false,false,-2.1971273,-15.005437,10.716509,0.7948849,-0.05128626,3
43.369625,0.16996868,49.33348329121413,8.568395309511999,0.72346014,0,5955.705,-0.02300222,4,1,false,false,-1.8199192,-14.062125,8.790366,0.79396677,-0.057148434,3
43.132133,0.17012776,49.333487966694484,8.568402188037282,0.7229833,0,5901.4097,-0.029539248,4,1,false,false,-1.7673182,-13.950438,8.805413,0.7930337,-0.055948548,3
42.89406,0.170286,49.33349255244644,8.568409066562568,0.71654963,0,5857.717,-0.037045296,4,1,false,false,-1.8599651,-14.232279,9.433233,0.7921055,-0.057216015,3
42.647305,0.17044334,49.33349722792679,8.568415807383,0.7219111,0,5800.089,-0.04479291,4,1,false,false,-2.2515469,-14.471005,9.917651,0.79112786,-0.06224951,3
42.415634,0.17059979,49.33350181367875,8.568422685908285,0.71845573,0,5747.0894,-0.05205741,4,1,false,false,-1.9400814,-13.466094,8.204707,0.78996587,-0.07509321,3
42.18554,0.17075542,49.33350630942792,8.568429426728716,0.7288217,0,5675.597,-0.05859537,4,1,false,false,-1.8232932,-13.69827,8.135961,0.7887083,-0.07518017,3
41.948765,0.17091024,49.33351089517988,8.56843603026413,0.72512805,0,5631.478,-0.06295276,4,1,false,false,-2.0377574,-14.336186,7.7550936,0.78743637,-0.07750707,3
41.695183,0.1710644,49.333515390929044,8.568442771084563,0.7327534,0,5627.1597,-0.067796074,4,1,false,false,-2.5524466,-15.313792,9.579039,0.78612804,-0.082304135,3
41.436226,0.17121759,49.33351979667542,8.568449374619973,0.7292981,0,5623.3164,-0.07360749,4,1,false,false,-2.8301275,-15.0591135,10.365805,0.78466654,-0.095015965,3
41.185017,0.17136985,49.333524292424585,8.568455977735555,0.7362087,0,5563.1646,-0.08256571,4,1,false,false,-3.0679967,-14.79155,10.51025,0.78296804,-0.108175024,3
40.940136,0.17152117,49.33352869817096,8.568462581270968,0.732277,0,5497.254,-0.09370447,4,1,false,false,-3.4650517,-14.29169,9.70542,0.7810207,-0.124107614,3
40.69278,0.17167132,49.333533014188944,8.56846918480638,0.73871064,0,5476.591,-0.10629633,4,1,false,false,-3.7192345,-14.855651,9.27907,0.778815,-0.13745862,3
40.434902,0.17182048,49.33353733020693,8.568475650636941,0.73477906,0,5487.73,-0.117919154,4,1,false,false,-3.9480643,-15.436627,9.474957,0.7764534,-0.14319031,3
40.175316,0.1719687,49.33354164595052,8.568482116467502,0.73942566,0,5499.895,-0.12954107,4,1,false,false,-4.1573453,-15.146479,9.188963,0.7740571,-0.14375284,3
39.92239,0.17211595,49.3335459619685,8.568488582298063,0.7331108,0,5485.4277,-0.13825957,4,1,false,false,-4.4852414,-14.825547,10.058816,0.7716757,-0.14494713,3
39.67652,0.17226206,49.3335501879837,8.568495048128623,0.7394259,0,5437.0205,-0.14576566,4,1,false,false,-4.9146495,-14.424229,10.696342,0.76923555,-0.15215784,3
39.43509,0.17240703,49.3335543239961,8.568501376254332,0.7387108,0,5372.3506,-0.15496725,4,1,false,false,-5.3629017,-14.289883,10.525495,0.76658297,-0.16901138,3
39.195755,0.17255111,49.33355855001129,8.568507842084891,0.74443,0,5315.559,-0.16392738,4,1,false,false,-5.371914,-13.888394,9.47374,0.76357925,-0.19153458,3
38.9607,0.17269431,49.3335625962953,8.5685141702106,0.7391874,0,5262.4404,-0.172644,4,1,false,false,-5.354672,-14.007479,9.286456,0.7602214,-0.2103053,3
38.722336,0.17283665,49.3335667323077,8.568520498336309,0.7449066,0,5208.415,-0.17942536,4,1,false,false,-5.4954576,-14.148287,8.861003,0.75657225,-0.22600022,3
38.47995,0.17297788,49.333570778591714,8.56852682688185,0.73775756,0,5183.132,-0.1840262,4,1,false,false,-5.8166666,-14.464752,8.861754,0.7527312,-0.23536816,3
38.2296,0.17311819,49.33357482460132,8.56853315500756,0.7389493,0,5171.009,-0.18886957,4,1,false,false,-6.4010434,-14.981094,10.357875,0.7487422,-0.24598025,3
37.980434,0.17325757,49.33357878088254,8.568539345848247,0.73013216,0,5139.7085,-0.19322786,4,1,false,false,-6.578091,-14.507377,9.829118,0.7445227,-0.25995088,3
37.742413,0.17339608,49.33358273716376,8.568545536269104,0.73108536,0,5086.5474,-0.19710311,4,1,false,false,-6.7247515,-13.869762,9.170464,0.74009514,-0.27162552,3
37.512684,0.17353372,49.33358660344219,8.568551864394813,0.7182176,0,5035.51,-0.20073487,4,1,false,false,-6.625892,-13.539845,9.153022,0.73549336,-0.28026414,3
37.28328,0.17367046,49.33359046972062,8.568558055235501,0.7172645,0,4978.0747,-0.2048516,4,1,false,false,-7.095858,-13.686324,8.8742,0.7307348,-0.29242814,3
37.044758,0.17380637,49.33359433627344,8.56856424607619,0.7061837,0,4944.3564,-0.20969498,4,1,false,false,-7.6139054,-14.051157,9.0561285,0.7258076,-0.30072567,3
36.8119,0.17394143,49.33359811254908,8.568570299212027,0.6992733,0.77,5211.6387,-0.21502233,0,1,false,false,-8.057176,-13.3705435,9.547967,0.7207479,-0.31133112,3
36.585274,0.17407566,49.33360188909912,8.568576489632884,0.6871203,0.4644444,5652.8203,-0.22083464,0,1,false,false,-8.445966,-13.106232,8.904919,0.7154006,-0.33364075,3
36.359844,0.17420909,49.333605665374755,8.568582542768722,0.68175864,0,5609.0757,-0.22785854,3,1,false,false,-8.681619,-12.958684,9.479231,0.7096945,-0.34976864,3
36.121326,0.17434177,49.333609351922,8.56858873360941,0.67115456,0,5830.741,-0.23560707,3,1,false,false,-8.313575,-14.810274,8.691886,0.7037798,-0.35778448,3
35.866104,0.17447354,49.33361294846645,8.568594786745246,0.66698426,0,5976.5596,-0.24238843,3,1,false,false,-9.024376,-14.92505,9.200993,0.6976934,-0.37750676,3
35.61883,0.17460442,49.33361654528531,8.568600839881084,0.6526868,0,5883.3623,-0.24674678,3,1,false,false,-10.302413,-14.025775,10.10146,0.6911759,-0.40653273,3
35.389057,0.17473444,49.33362014182976,8.568606892597089,0.6388658,0,5789.976,-0.2484424,3,1,false,false,-10.606801,-12.854545,9.369901,0.6841454,-0.43546313,3
35.178223,0.17486371,49.33362364837143,8.568612945732925,0.61765766,0,5699.19,-0.24529462,3,1,false,false,-10.326648,-11.723191,8.804099,0.6768393,-0.43582413,3
34.978214,0.17499241,49.333627155187486,8.568618998868763,0.5919219,0,5659.076,-0.23754512,3,1,false,false,-10.425746,-11.660931,8.6356735,0.6696799,-0.42346534,3
34.764095,0.17512035,49.33363057200076,8.568625052004599,0.5759563,0,5721.5474,-0.22834258,3,1,false,false,-10.381572,-12.507506,8.43029,0.66268533,-0.4201745,3
34.54866,0.17524755,49.33363398881403,8.568630967435585,0.5641605,0,5719.5195,-0.21914001,3,1,false,false,-11.13677,-12.317101,9.660841,0.6557297,-0.42096457,3
34.34302,0.17537402,49.33363731562451,8.56863702057142,0.5492672,0,5648.988,-0.21453823,3,1,false,false,-11.606539,-11.163839,9.173922,0.64862955,-0.43622148,3
34.156975,0.17549978,49.33364064243499,8.568642936422238,0.524842,0,5574.9497,-0.21599129,3,1,false,false,-11.407272,-10.160275,9.034848,0.6412458,-0.45036522,3
33.979595,0.17562515,49.33364387924268,8.568648989558074,0.49624693,0,5509.4004,-0.22107716,3,1,false,false,-11.7500925,-10.201507,9.267623,0.6336313,-0.46434775,3
33.80371,0.17574987,49.33364711632477,8.56865490498906,0.45061356,0,5459.6733,-0.2295532,3,1,false,false,-11.857886,-9.757083,8.540171,0.62578714,-0.47823814,3
33.6295,0.17587401,49.333650353132455,8.568660958124896,0.4127249,0,5441.797,-0.23754518,3,1,false,false,-11.887335,-9.679165,8.038288,0.6177331,-0.48618865,3
33.454388,0.17599753,49.33365350021175,8.56866687355588,0.38019773,0,5460.0806,-0.2433566,3,1,false,false,-12.251244,-9.434299,7.7628098,0.6096274,-0.48746514,3
33.294743,0.17612049,49.33365664729105,8.568672926691718,0.3473132,0,5490.177,-0.24577773,3,1,false,false,-12.326762,-8.531629,8.2291975,0.601626,-0.4725414,3
33.14146,0.17624305,49.333659704367555,8.568678842122702,0.30549258,0,5487.948,-0.24674675,3,1,false,false,-13.222845,-8.316157,9.17005,0.5938348,-0.466586,3
32.991318,0.17636515,49.33366276144406,8.56868489525854,0.26915285,0,5475.5566,-0.24892734,3,1,false,false,-14.211182,-8.161247,9.639746,0.5860057,-0.47859696,3
32.84612,0.17648673,49.33366572879218,8.568690810689525,0.23126417,0,5485.4565,-0.25643343,3,1,false,false,-14.47926,-7.491144,9.137063,0.5779284,-0.49380234,3
32.711643,0.17660785,49.33366869586589,8.568696863825362,0.19552004,0,5508.812,-0.2707228,3,1,false,false,-14.571094,-6.714049,8.990537,0.56960994,-0.50720775,3
32.590027,0.17672853,49.333671663214005,8.568702779256347,0.17848206,0,5516.3555,-0.29058182,3,1,false,false,-15.185556,-6.1168594,9.366036,0.56100774,-0.5266742,3
32.47637,0.17684886,49.33367454028493,8.568708832392183,0.16740142,0,5506.0635,-0.3138322,3,1,false,false,-15.826158,-5.671499,9.288141,0.55204266,-0.5481436,3
32.36408,0.1769689,49.33367741763025,8.56871488552802,0.15894198,0,5505.778,-0.33853468,3,1,false,false,-16.210476,-5.5039725,9.268654,0.542826,-0.5553846,3
32.255566,0.17708859,49.33368020497279,8.568720938663857,0.15632074,0,5529.4004,-0.35766834,3,1,false,false,-16.230297,-5.2282243,8.880507,0.5336365,-0.54414946,3
32.153522,0.1772079,49.33368290258692,8.568726991799695,0.15179318,0,5545.621,-0.3690514,3,1,false,false,-16.32331,-4.865036,8.988513,0.52472705,-0.5260657,3
32.05488,0.17732689,49.33368568992945,8.56873304493553,0.15310378,0,5531.768,-0.3760763,3,1,false,false,-16.912363,-4.668231,9.257564,0.51608086,-0.5134278,3
31.95939,0.17744559,49.333688297266406,8.568739098071367,0.14809959,0,5510.8154,-0.3792239,3,1,false,false,-16.515875,-4.383992,8.9578495,0.50764126,-0.49855316,3
31.867523,0.17756414,49.33369099488054,8.568745288912057,0.14488265,0,5502.647,-0.38067806,3,1,false,false,-16.130428,-4.309951,8.474163,0.49951512,-0.47837868,3
31.779009,0.17768249,49.333693512489106,8.568751341628062,0.14095078,0,5498.331,-0.38576382,3,1,false,false,-15.816357,-4.2193255,8.415923,0.49175382,-0.45849073,3
31.688934,0.17780054,49.33369611982605,8.56875753246875,0.139521,0,5484.3877,-0.3966629,3,1,false,false,-16.349775,-4.454521,9.420681,0.48414528,-0.46140894,3
31.59427,0.1779183,49.333698637709006,8.56876372330944,0.1397593,0,5464.452,-0.41458684,3,1,false,false,-17.37941,-4.6307573,10.231136,0.47630277,-0.48405668,3
31.498795,0.17803578,49.33370106531478,8.568769913730296,0.14226145,0,5451.7715,-0.43662742,3,1,false,false,-17.143198,-4.3971233,9.863162,0.467982,-0.51228124,3
31.406794,0.178153,49.33370349292054,8.568776104570984,0.15179318,0,5440.0244,-0.45939657,3,1,false,false,-17.603315,-4.3184285,9.2769,0.45919168,-0.54418784,3
31.32116,0.17827018,49.33370583079792,8.568782294991841,0.15894197,0,5416.2075,-0.48047015,3,1,false,false,-16.61921,-4.0049987,8.819946,0.44993138,-0.56404036,3
31.234005,0.17838703,49.333708168675294,8.56878848583253,0.16787802,0,5384.683,-0.49669942,3,1,false,false,-16.956774,-4.2415032,8.888667,0.44044533,-0.57174414,3
31.139654,0.17850362,49.333710506278265,8.56879467667322,0.17621824,0,5370.204,-0.50881183,3,1,false,false,-17.399328,-4.706411,9.204203,0.43095273,-0.56434107,3
31.038307,0.1786199,49.33371275415285,8.568801004798928,0.18360543,0,5378.679,-0.5204383,3,1,false,false,-17.590073,-5.0305233,9.625146,0.4216724,-0.548453,3
30.93473,0.1787359,49.333714912299044,8.568807195219785,0.184916,0,5386.2285,-0.5294013,3,1,false,false,-18.016441,-5.0405464,9.861621,0.41270527,-0.5292758,3
30.835062,0.17885126,49.333717070170835,8.568813523765325,0.18729897,0,5374.235,-0.53933334,3,1,false,false,-17.490665,-4.606017,9.45672,0.40393355,-0.52549565,3
30.742268,0.17896545,49.333719228042625,8.568819714186182,0.18586914,0,5343.4604,-0.55047584,3,1,false,false,-17.386051,-4.485963,9.220761,0.39523834,-0.522514,3
30.649578,0.17907932,49.33372129618603,8.568826042731722,0.18658407,0,5309.8667,-0.5635564,3,1,false,false,-17.06123,-4.5922275,8.860426,0.38650936,-0.5277903,3
30.553102,0.1791929,49.33372327432664,8.56883237085743,0.18658406,0,5282.213,-0.57663876,3,1,false,false,-17.115747,-4.894238,9.045946,0.37764618,-0.539871,3
30.451887,0.17930616,49.33372525246725,8.56883869898314,0.18658406,0,5259.148,-0.5889938,3,1,false,false,-16.917213,-5.1237974,9.167289,0.3685335,-0.55534613,3
30.349579,0.17941916,49.33372714060506,8.568845027108848,0.18729895,0,5237.233,-0.5989259,3,1,false,false,-16.78066,-5.1258464,9.094985,0.3591642,-0.5699433,3
30.24874,0.17953166,49.33372902874289,8.56885135565439,0.18753721,0,5211.2207,-0.6091003,3,1,false,false,-16.8003,-5.0691743,8.923896,0.349527,-0.5897198,3
30.14903,0.17964359,49.3337309171551,8.568857546075247,0.18539256,0,5179.476,-0.618548,3,1,false,false,-16.209856,-4.7774367,8.888982,0.33953038,-0.609435,3
30.048706,0.17975517,49.33373271529013,8.568863874620787,0.18336707,0,5146.9863,-0.6263014,3,1,false,false,-16.775724,-5.192876,9.142101,0.32921416,-0.62782174,3
29.94777,0.1798664,49.333734513699554,8.568870202746496,0.18146075,0,5122.9775,-0.63187206,3,1,false,false,-17.174715,-5.062436,9.327607,0.31866953,-0.6392144,3
29.8456,0.17997731,49.33373622210619,8.568876668577056,0.17502683,0,5107.902,-0.6372014,3,1,false,false,-17.547632,-5.0926523,9.174417,0.3079395,-0.6490082,3
29.744827,0.18008794,49.33373784051004,8.568882996702765,0.16835454,0,5095.4507,-0.6425314,3,1,false,false,-17.651896,-4.865225,9.491183,0.29709032,-0.6529098,3
29.648445,0.1801984,49.33373945891388,8.568889324828474,0.16072915,0,5086.144,-0.6493149,3,1,false,false,-17.851982,-4.49379,9.504307,0.28618702,-0.6558455,3
29.547636,0.18030861,49.333741077317725,8.568895653374014,0.15310375,0,5080.9453,-0.65706813,3,1,false,false,-18.764147,-4.7174835,10.171928,0.2751348,-0.6721229,3
29.452011,0.18041843,49.33374260599318,8.568901981499723,0.14416774,0,5085.179,-0.6650627,3,1,false,false,-19.028873,-4.6227226,9.961973,0.263821,-0.6866297,3
29.346453,0.18052791,49.33374404466584,8.568908309625431,0.13725723,0,5091.512,-0.6725737,3,1,false,false,-20.3249,-5.374576,10.900079,0.2522324,-0.7065815,3
29.242071,0.18063705,49.333745483338504,8.568914638170973,0.12939353,0,5094.1113,-0.68177885,3,1,false,false,-19.235672,-4.576011,10.305769,0.24026003,-0.72485185,3
29.148487,0.1807459,49.33374683200837,8.568920966296682,0.12033838,0,5080.3394,-0.6921966,3,1,false,false,-19.470089,-4.144084,10.106285,0.22812366,-0.7286573,3
29.059628,0.18085484,49.33374818067824,8.568927432127241,0.11604908,0,5051.7773,-0.7033422,3,1,false,false,-19.469418,-3.8404,9.611884,0.21601027,-0.7230763,3
28.974297,0.18096383,49.33374943961972,8.56893376025295,0.1084237,0,5024.427,-0.71472895,3,1,false,false,-19.328966,-3.8052611,9.576311,0.20406848,-0.7136967,3
28.876945,0.18107246,49.3337506982868,8.568940088378659,0.1025855,0,4996.4766,-0.73071957,3,1,false,false,-20.449879,-4.5537887,10.55815,0.19210672,-0.72452444,3
28.776474,0.18118072,49.33375186722549,8.5689464169242,0.099606805,0,4981.0283,-0.7484056,3,1,false,false,-20.309404,-4.510052,10.534437,0.1798237,-0.7467054,3
28.678001,0.18128866,49.33375294616138,8.568952882754761,0.094364345,0,4971.5815,-0.76488113,3,1,false,false,-20.504484,-4.4049497,10.51594,0.16722652,-0.7618555,3
28.584745,0.18139632,49.33375402509728,8.56895921088047,0.09317287,0,4960.263,-0.7789344,3,1,false,false,-19.93594,-3.820873,10.148398,0.15447332,-0.7678008,3
28.499266,0.1815041,49.333755014304785,8.568965539006179,0.087453835,0,4942.731,-0.79226035,3,1,false,false,-19.622494,-3.514986,9.775345,0.14166138,-0.76859534,3
28.4186,0.18161225,49.33375600323789,8.568971867131888,0.084594324,0,4917.6895,-0.8051031,3,1,false,false,-19.31883,-3.2143576,9.132307,0.12888964,-0.76255155,3
28.339197,0.18172006,49.3337569024426,8.568978195677428,0.08137735,0,4895.1245,-0.8172174,3,1,false,false,-19.251802,-3.250243,9.461146,0.11621742,-0.75660515,3
28.256174,0.18182755,49.333757801647316,8.568984661507988,0.08161565,0,4884.7524,-0.82763624,3,1,false,false,-19.868605,-3.5141723,9.739786,0.10369163,-0.7464955,3
28.168045,0.18193474,49.33375861084924,8.568990989633697,0.077683784,0,4887.934,-0.8392667,3,1,false,false,-20.24183,-3.6900332,10.198923,0.09130807,-0.74091905,3
28.078465,0.18204167,49.33375942005116,8.568997317759406,0.07589658,0,4890.13,-0.8518679,3,1,false,false,-20.986706,-3.6854577,10.660996,0.07890685,-0.7501016,3
27.990644,0.18214859,49.33376013952469,8.569003646304946,0.0747051,0,4881.302,-0.8647095,3,1,false,false,-20.678095,-3.3504515,10.595612,0.06623936,-0.76771975,3
27.910292,0.18225613,49.33376076872103,8.569009974430655,0.07399021,0,4868.3535,-0.87731,3,1,false,false,-20.520985,-3.0942867,10.3234215,0.05336148,-0.77603984,3
27.82993,0.18236326,49.33376139819177,8.569016302556363,0.07196472,0,4856.622,-0.89088017,3,1,false,false,-20.758547,-3.111172,10.157496,0.040390536,-0.7803547,3
27.742672,0.18247004,49.333761937659716,8.569022630682072,0.07172646,0,4844.6055,-0.90420794,3,1,false,false,-21.79225,-3.5450232,11.07567,0.027268184,-0.7946604,3
27.646658,0.18257646,49.333762387399275,8.56902882152276,0.06755632,0,4833.0127,-0.9177772,3,1,false,false,-22.8162,-3.9313588,11.678591,0.013793568,-0.82290953,3
27.549786,0.18268256,49.33376283686443,8.56903514964847,0.067317985,0,4824.0044,-0.93158996,3,1,false,false,-22.480621,-3.7507672,10.822386,-0.00013141561,-0.84324527,3
27.462227,0.18278837,49.33376328632959,8.569041478194011,0.060407475,0,4813.671,-0.9473418,3,1,false,false,-20.717695,-3.0319445,10.076983,-0.0141838025,-0.8361532,3
27.381184,0.1828949,49.333763556063566,8.569047668614868,0.05838199,0,4793.0303,-0.9618812,3,1,false,false,-21.05401,-3.1281176,9.847129,-0.027986474,-0.8223802,3
27.294691,0.18300097,49.33376382607194,8.569053996740577,0.049565118,0.0022194823,4767.6094,-0.9756956,3,1,false,false,-21.847116,-3.5197759,10.694025,-0.04161634,-0.81603974,3
27.19955,0.18310659,49.33376409580591,8.569060187581265,0.048016205,0.02318126,4753.5303,-0.99023515,3,1,false,false,-22.433338,-3.6094587,11.559977,-0.055308323,-0.8259616,3
27.10885,0.18321179,49.33376427553709,8.569066378421955,0.038007855,0.045129463,4753.579,-1.0050178,3,1,false,false,-22.38052,-3.3390472,10.923488,-0.069089286,-0.82562196,3
27.024624,0.18331666,49.333764365539885,8.569072568842811,0.033956878,0.069050565,4754.467,-1.0217404,3,1,false,false,-21.787699,-2.86186,10.614721,-0.08284206,-0.8256826,3
26.949198,0.18342125,49.33376445526827,8.5690787596835,0.022399621,0.10258939,4757.508,-1.0384624,3,1,false,false,-20.742289,-2.3425574,10.169291,-0.09665012,-0.8306527,3
26.880676,0.183526,49.33376445526827,8.569084950104356,0.01572739,0.14451295,4772.932,-1.0556691,3,1,false,false,-21.090899,-2.1575906,10.064494,-0.11060745,-0.846332,3
26.812815,0.1836304,49.33376445526827,8.569091140945044,0.0057190526,0.1852035,4820.8223,-1.0728766,3,1,false,false,-20.869513,-2.06671,9.991252,-0.12491419,-0.86847377,3
26.748106,0.18373434,49.333764365539885,8.569097331785734,-1.1641532e-10,0.22293462,4898.2583,-1.0886301,3,1,false,false,-20.142662,-1.7480146,9.760815,-0.13936107,-0.8579019,3
26.690771,0.1838379,49.3337641855343,8.56910338492157,0,0.27570903,5009.654,-1.1051111,3,1,false,false,-19.404612,-1.4888139,9.427961,-0.15340321,-0.8268322,3
26.641861,0.18394116,49.33376400580312,8.569109575342427,0,0.3181258,5005.7773,-1.1196525,3,1,false,false,-19.48884,-0.42455974,9.949602,-0.16694519,-0.79975575,3
26.61901,0.18404423,49.333763736069145,8.569115628478263,0,0.35561034,4893.823,-1.1395288,3,1,false,false,-19.582035,1.2323648,9.779196,-0.18013428,-0.78399354,3
26.60602,0.18414676,49.33376346633517,8.569121681614101,0,0.39038217,4902.092,-1.16013,3,1,false,false,-19.960596,1.0692177,10.285677,-0.19305453,-0.7631118,3
26.584164,0.184248,49.333763106598404,8.569127734749937,0,0.42244142,4964.363,-1.1855798,3,1,false,false,-20.187292,0.6713686,10.609265,-0.20551416,-0.7315861,3
26.564175,0.18434891,49.33376274686164,8.569133787885775,0,0.4520344,4982.6606,-1.2129705,3,1,false,false,-20.731344,1.0869136,11.114406,-0.2174846,-0.7084901,3
26.551273,0.18444954,49.33376229739648,8.569139841021611,0,0.48088774,4972.815,-1.2389057,3,1,false,false,-21.008871,1.5106227,11.223195,-0.22927299,-0.7089585,3
26.543327,0.18454999,49.33376184793133,8.56914589415745,0,0.50875473,4979.895,-1.2604795,3,1,false,false,-21.157717,1.69863,10.987183,-0.2411716,-0.71728146,3
26.537416,0.1846503,49.33376130818898,8.569151947293285,0,0.5442664,5001.827,-1.2781748,3,1,false,false,-20.73535,1.7232131,10.539818,-0.25315705,-0.72028327,3
26.536425,0.18475054,49.33376067899264,8.56915800000929,0,0.56152904,5018.0513,-1.2864168,3,1,false,false,-19.6913,2.0369136,10.037699,-0.26517805,-0.719005,3
26.541641,0.18484989,49.3337600495219,8.569163915860107,0,0.5731197,5023.8213,-1.2912648,3,1,false,false,-19.012094,2.2654011,9.646248,-0.2771109,-0.71051186,3
26.55008,0.18494867,49.33375933032277,8.569169968995944,0,0.5832305,5030.044,-1.2961128,3,1,false,false,-18.953165,2.4370925,9.921656,-0.28883532,-0.6941843,3
26.562923,0.18504728,49.33375861084924,8.56917588442693,0,0.58791625,5038.158,-1.3041122,3,1,false,false,-18.816778,2.8370829,9.806604,-0.30021602,-0.6670164,3
26.574043,0.18514572,49.333757801647316,8.569181937562766,0,0.5997533,5030.241,-1.3179309,3,1,false,false,-21.345848,2.353249,11.872239,-0.31112087,-0.6520602,3
26.57727,0.18524405,49.333756992445394,8.56918785299375,0,0.6073984,5018.3,-1.333202,3,1,false,false,-21.956919,2.2276325,12.312812,-0.32220876,-0.6813864,3
26.578552,0.18534231,49.33375609324068,8.569193768424736,0,0.6135634,5035.547,-1.3378084,3,1,false,false,-22.43112,2.0278275,12.320406,-0.3339034,-0.7210894,3
26.58017,0.18544051,49.33375510430758,8.569199684275553,0,0.61602974,5064.2266,-1.3353845,3,1,false,false,-20.945755,2.1111465,11.294922,-0.34620705,-0.7485452,3
26.589294,0.185538,49.33375411510007,8.569205599706537,0,0.6197289,5082.921,-1.3261719,3,1,false,false,-20.018854,2.5237947,10.636011,-0.35873762,-0.74825215,3
26.607578,0.1856353,49.333753036164175,8.569211515137523,0,0.62219495,5080.1235,-1.3135667,3,1,false,false,-19.835999,3.1011372,10.445766,-0.37108347,-0.7285101,3
26.6298,0.18573245,49.33375195722828,8.569217430568507,0,0.6214549,5053.322,-1.3104153,3,1,false,false,-21.077826,3.1251848,11.531916,-0.38306153,-0.71175253,3
26.649618,0.18582954,49.33375078828959,8.569223208714472,0,0.621455,5024.7573,-1.3140515,3,1,false,false,-20.847214,3.0324306,11.371451,-0.39490542,-0.7065244,3
26.669754,0.18592654,49.333749619350904,8.569229124145457,0,0.6229345,5017.8096,-1.3174455,3,1,false,false,-20.789764,3.0125408,11.072397,-0.40658128,-0.68872184,3
26.68823,0.18602353,49.33374836068383,8.569234902291422,0,0.62293464,5016.97,-1.3189005,3,1,false,false,-19.961542,2.8821664,11.18061,-0.41781062,-0.65680856,3
26.702484,0.18612053,49.33374710174235,8.569240680017556,0,0.6251541,5020.467,-1.319143,3,1,false,false,-20.778881,2.472663,11.040101,-0.42864746,-0.6494793,3
26.718737,0.18621738,49.33374575307248,8.56924645816352,0,0.62515414,5040.3506,-1.3218088,3,1,false,false,-19.069138,2.7221255,9.892804,-0.43944892,-0.6409117,3
26.742004,0.18631406,49.333744314399816,8.569252098604633,0,0.6298398,5055.731,-1.3266567,3,1,false,false,-17.398287,2.9977963,9.073021,-0.44992188,-0.61122006,3
26.771336,0.18641064,49.333742875727154,8.569257876330767,0,0.6288534,5047.0312,-1.3402323,3,1,false,false,-17.191273,3.2018294,9.748982,-0.4597754,-0.57265085,3
26.798567,0.1865071,49.3337413473261,8.56926351677188,0,0.6308263,5030.932,-1.3635042,3,1,false,false,-19.22451,2.9466271,11.002084,-0.4691599,-0.5610475,3
26.820204,0.18660353,49.33373981865065,8.569269294917845,0,0.63255244,5028.26,-1.3870206,3,1,false,false,-20.169596,2.7511768,11.921622,-0.47861037,-0.5748717,3
26.838003,0.18669993,49.333738289975194,8.569274934939125,0,0.6399507,5037.6123,-1.3981729,3,1,false,false,-20.555857,2.4154546,11.708692,-0.48835066,-0.5945864,3
26.852802,0.18679649,49.33373667157135,8.569280575380239,0,0.6438964,5052.8037,-1.3940499,3,1,false,false,-19.98422,2.2967863,10.92801,-0.49849057,-0.62077004,3
26.869713,0.18689324,49.333734963164716,8.569286215821352,0,0.6567203,5081.4717,-1.3778088,3,1,false,false,-18.87384,2.390858,10.103221,-0.5090591,-0.6459294,3
26.892904,0.18698981,49.33373325475808,8.569291718557613,0,0.6636252,5110.039,-1.3562323,3,1,false,false,-17.923689,2.8681986,9.912005,-0.52006704,-0.6677411,3
26.924042,0.18708624,49.33373145662305,8.569297221713706,0,0.67176336,5109.0273,-1.3336868,3,1,false,false,-17.491829,3.194545,9.912464,-0.53119856,-0.66339874,3
26.960829,0.1871826,49.33372965821363,8.569302724449967,0,0.67916155,5087.977,-1.3135669,3,1,false,false,-17.513088,3.4901266,10.285139,-0.54214364,-0.64688355,3
26.999056,0.18727893,49.333727770075804,8.569308227186228,0,0.68458676,5073.4893,-1.2992644,3,1,false,false,-18.003136,3.4486263,10.711654,-0.55275106,-0.6257835,3
27.03394,0.18737526,49.33372588193799,8.56931372992249,0,0.6905057,5073.5796,-1.2917498,3,1,false,false,-18.362356,3.2167506,10.753115,-0.5630425,-0.61055,3
27.065023,0.18747208,49.33372399352577,8.569319232658751,0,0.7018495,5085.384,-1.2869018,3,1,false,false,-19.174198,3.023454,11.328607,-0.5731926,-0.6106344,3
27.094011,0.18756926,49.33372201538516,8.569324598109992,0,0.7186191,5103.264,-1.281084,3,1,false,false,-19.225727,2.949682,11.068266,-0.5834929,-0.62677544,3
27.12476,0.18766627,49.33371994751616,8.569329963141401,0,0.75117135,5127.1455,-1.2677515,3,1,false,false,-18.163267,3.07958,10.525913,-0.5941156,-0.64599955,3
27.161446,0.18776312,49.333717879372756,8.569335328592642,0,0.7926019,5155.441,-1.2454511,3,1,false,false,-17.00211,3.4385931,9.733666,-0.6049724,-0.6527893,3
27.205711,0.18785988,49.33371581122936,8.569340694043882,0,0.837238,5176.6836,-1.2166058,3,1,false,false,-16.211985,3.8125086,9.405122,-0.6157956,-0.6434389,3
27.25516,0.18795659,49.33371365335756,8.569346059075292,0,0.88902605,5188.0664,-1.1850946,3,1,false,false,-15.895166,4.1002083,9.182308,-0.62641776,-0.63113546,3
27.30955,0.1880533,49.33371149548577,8.569351286821682,0,0.9558569,5198.5537,-1.1497076,3,1,false,false,-16.136406,4.293887,9.60506,-0.6368105,-0.61641985,3
27.362963,0.18815057,49.33370924761119,8.56935651456807,0,1,5202.468,-1.1206225,3,1,false,false,-17.157576,4.289684,10.774136,-0.64704925,-0.6145228,3
27.415842,0.18824808,49.333706999736606,8.56936174231446,0,1,5203.4644,-1.0939621,3,1,false,false,-17.300743,4.1916947,10.924292,-0.65732753,-0.62143654,3
27.46843,0.1883455,49.33370466185923,8.569366969641017,0,1,5217.1763,-1.0595471,3,1,false,false,-16.452797,4.2009306,9.966261,-0.66778266,-0.6316234,3
27.520645,0.18844286,49.33370232398185,8.569372197387407,0,1,5243.598,-1.0229516,3,1,false,false,-15.778804,4.0959826,9.242604,-0.678362,-0.6375556,3
27.575134,0.18854019,49.33369989637609,8.569377287428944,0,1,5269.6084,-0.9914477,3,1,false,false,-14.906982,4.254397,8.585373,-0.6889475,-0.63098675,3
27.632185,0.18863748,49.333697468770325,8.569382515175333,0,1,5281.7144,-0.96745574,3,1,false,false,-14.711563,4.506589,8.964473,-0.69935113,-0.6169407,3
27.691498,0.18873478,49.333695040890156,8.569387605216871,0,1,5280.0405,-0.9529153,3,1,false,false,-14.971322,4.539353,9.670749,-0.70947784,-0.60062134,3
27.750937,0.1888322,49.3336925232816,8.569392695678241,0,1,5278.238,-0.9480692,3,1,false,false,-15.478701,4.5225773,9.96314,-0.7193622,-0.5891909,3
27.805227,0.1889296,49.33369000567304,8.569397785719778,0,1,5287.6875,-0.94709945,3,1,false,false,-16.354057,4.1630573,10.2740345,-0.7291922,-0.5966797,3
27.855705,0.18902698,49.333687488064484,8.569402738056462,0,1,5311.686,-0.9449178,3,1,false,false,-16.048409,3.988638,9.478578,-0.7392714,-0.61413825,3
27.904789,0.18912433,49.333684880453134,8.56940769081298,0,1,5342.723,-0.9359521,3,1,false,false,-15.3289585,3.931211,9.090805,-0.7496342,-0.6292602,3
27.95383,0.1892217,49.333682183113396,8.569412643149667,0,1,5372.5034,-0.9243199,3,1,false,false,-15.09892,3.9513257,9.147553,-0.76022285,-0.6412022,3
28.00484,0.18931904,49.33367948577365,8.569417595906183,0,1,5398.486,-0.90469193,3,1,false,false,-15.035536,4.177874,9.240759,-0.7709661,-0.64647335,3
28.060877,0.18941644,49.333676788159515,8.56942254824287,0,1,5414.3315,-0.8823986,3,1,false,false,-15.300913,4.6217785,9.702236,-0.7816923,-0.6389922,3
28.122849,0.18951382,49.33367409081977,8.569427500999385,0,1,5406.2285,-0.8562288,3,1,false,false,-15.680156,4.8515067,9.836353,-0.792202,-0.6234781,3
28.18527,0.18961124,49.33367130347724,8.56943231563122,0,1,5383.1406,-0.8278787,3,1,false,false,-15.612538,4.7658134,9.854756,-0.80246943,-0.6120289,3
28.243395,0.18970868,49.333668426131915,8.569437130682886,0,1,5382.0327,-0.7988029,3,1,false,false,-15.64741,4.4366403,9.696592,-0.8126595,-0.6139784,3
28.297731,0.18980612,49.333665638789384,8.569441945734551,0,1,5410.9126,-0.7721504,3,1,false,false,-15.342516,4.271843,9.591883,-0.8229206,-0.6174436,3
28.349785,0.1899036,49.33366267171567,8.569446623081364,0,1,5440.5093,-0.7433179,3,1,false,false,-15.356081,4.2280912,9.446083,-0.8332254,-0.61969197,3
28.403437,0.19000112,49.33365979437035,8.569451300428177,0,1,5455.247,-0.7219961,3,1,false,false,-15.477904,4.3623657,9.507088,-0.8435596,-0.62094456,3
28.458374,0.19009872,49.33365682702223,8.569456115479843,0,1,5461.203,-0.7120635,3,1,false,false,-15.54475,4.4443555,9.365373,-0.85392725,-0.62372404,3
28.514513,0.19019637,49.33365385994852,8.569460655121805,0,1,5470.47,-0.7086713,3,1,false,false,-14.719394,4.46862,8.874723,-0.8642958,-0.6185253,3
28.570972,0.19029403,49.333650802872015,8.56946533288845,0,1,5484.222,-0.71133596,3,1,false,false,-14.973659,4.5007668,9.193931,-0.87451255,-0.6080905,3
28.627064,0.1903917,49.3336477457955,8.569469872530412,0,1,5493.344,-0.72005916,3,1,false,false,-15.541744,4.517537,9.923877,-0.88455886,-0.5995192,3
28.681982,0.19048943,49.333644688719,8.569474412172374,0,1,5496.2354,-0.73144597,3,1,false,false,-16.358696,4.469977,10.454856,-0.89451575,-0.598081,3
28.735044,0.19058722,49.3336415416397,8.569478952234167,0,1,5502.0195,-0.7404107,3,1,false,false,-17.179905,4.4363065,10.874139,-0.90453345,-0.6058242,3
28.785778,0.1906851,49.3336383945604,8.56948349187613,0,1,5513.4053,-0.744772,3,1,false,false,-17.176096,4.218572,10.368355,-0.914727,-0.6182496,3
28.833715,0.19078311,49.33363515747832,8.56948789423307,0,1,5533.113,-0.7433178,3,1,false,false,-16.595945,4.109417,9.99113,-0.92515576,-0.6318988,3
28.883299,0.19088125,49.333631920670626,8.569492296590012,0,1,5561.747,-0.73604953,3,1,false,false,-16.3949,4.3183193,9.787858,-0.93577725,-0.6392357,3
28.936771,0.19097942,49.33362868358854,8.569496698946955,0,1,5574.7656,-0.72660077,3,1,false,false,-16.415806,4.5890546,9.961489,-0.94644266,-0.63754445,3
28.994255,0.19107768,49.333625356778064,8.569500963599044,0,1,5562.422,-0.718605,3,1,false,false,-16.12945,4.819504,9.811222,-0.95700383,-0.6266358,3
29.054436,0.191176,49.33362202996758,8.569505228251133,0,1,5546.6274,-0.7125483,3,1,false,false,-15.821099,4.881172,9.380795,-0.96727866,-0.603732,3
29.114304,0.19127443,49.33361861315431,8.569509492903224,0,1,5543.298,-0.70600593,3,1,false,false,-15.492167,4.755224,9.178686,-0.9770749,-0.5722072,3
29.171366,0.19137298,49.33361528634383,8.569513619850461,0,1,5551.6367,-0.6987384,3,1,false,false,-15.581492,4.596265,9.479047,-0.9863487,-0.5420008,3
29.225481,0.19147186,49.33361177980217,8.569517747217532,0,1,5560.678,-0.68953204,3,1,false,false,-16.378124,4.4362226,9.967769,-0.9951728,-0.52224827,3
29.277336,0.19157088,49.3336083629889,8.569521874164769,0,1,5569.184,-0.6725734,3,1,false,false,-16.22271,4.3550653,9.856762,-1.0038072,-0.5165919,3
29.328999,0.19166999,49.33360485617283,8.569526001112006,0,1,5582.9097,-0.63865536,3,1,false,false,-15.936753,4.251231,9.631104,-1.0123894,-0.515973,3
29.379005,0.19176915,49.333601349631174,8.569529990774225,0,1,5604.1675,-0.5965028,3,1,false,false,-15.406026,4.123952,9.33532,-1.0210104,-0.52061343,3
29.42917,0.1918684,49.333597753086714,8.569533980436443,0,1,5633.8037,-0.54102886,3,1,false,false,-14.711675,4.125093,8.984586,-1.0297278,-0.5255977,3
29.481544,0.19196771,49.333594156267864,8.569537970098661,0,1,5662.841,-0.48434538,3,1,false,false,-14.301942,4.2967396,8.890837,-1.03849,-0.52534556,3
29.537466,0.19206716,49.33359055972341,8.569541822056026,0,1,5678.203,-0.4312991,3,1,false,false,-14.809986,4.4882865,9.914632,-1.0472134,-0.5235024,3
29.594597,0.19216722,49.33358696317895,8.569545674013392,0,1,5678.023,-0.38745937,3,1,false,false,-15.130586,4.584287,10.171519,-1.0559943,-0.5305964,3
29.65299,0.19226739,49.33358327663171,8.569549525970759,0,1,5678.4883,-0.3547622,3,1,false,false,-15.252668,4.637242,10.390326,-1.0648952,-0.53683156,3
29.712273,0.19236763,49.33357959008446,8.569553240223273,0,1,5686.807,-0.33126935,3,1,false,false,-14.810033,4.741003,9.858409,-1.0738801,-0.5374156,3
29.773964,0.19246799,49.33357581380883,8.569556954475788,0,1,5693.2876,-0.31673744,3,1,false,false,-14.553915,4.771006,9.657737,-1.0827141,-0.5202919,3
29.83582,0.19256848,49.33357203725879,8.569560669148133,0,1,5692.69,-0.31334716,3,1,false,false,-15.139132,4.8923125,10.024608,-1.091253,-0.5037358,3
29.89961,0.19266912,49.33356826098316,8.569564383400646,0,1,5688.5254,-0.31988612,3,1,false,false,-15.086634,4.9861717,9.814078,-1.0994684,-0.47892126,3
29.963585,0.19277026,49.33356448443312,8.569567960368142,0,1,5680.109,-0.33393395,3,1,false,false,-15.276954,4.940859,10.093477,-1.1071944,-0.44890025,3
30.027075,0.19287196,49.33356061815469,8.569571537335635,0,1,5675.0093,-0.35379303,3,1,false,false,-14.960694,4.8228025,9.589477,-1.1144226,-0.4195131,3
30.088564,0.1929738,49.33355675160186,8.569574976598277,0,1,5681.0894,-0.37607616,3,1,false,false,-14.863439,4.6438913,9.727543,-1.121194,-0.39604366,3
30.148302,0.19307575,49.333552885323435,8.56957855314594,0,1,5697.2256,-0.4019921,3,1,false,false,-14.890683,4.573027,9.456285,-1.1276544,-0.3805115,3
30.207487,0.19317782,49.333548929042216,8.569581855123563,0,1,5711.6025,-0.42863542,3,1,false,false,-14.491343,4.45716,9.138947,-1.1338676,-0.36814493,3
30.267048,0.19328003,49.333544972761,8.569585294386204,0,1,5724.1353,-0.45309922,3,1,false,false,-13.8055935,4.434269,8.704798,-1.1399305,-0.36120352,3
30.327032,0.19338238,49.33354101647978,8.569588595943994,0,1,5741.587,-0.47877443,3,1,false,false,-13.357574,4.348164,8.531633,-1.1458905,-0.3568143,3
30.38593,0.1934858,49.33353697047016,8.569591897501784,0,1,5763.974,-0.5027552,3,1,false,false,-13.1907835,4.244936,8.531947,-1.1518315,-0.35957116,3
30.44505,0.19358936,49.33353292418615,8.569595199059576,0,1,5787.533,-0.5233456,3,1,false,false,-13.490743,4.2848916,9.037961,-1.1578876,-0.36961573,3
30.50551,0.19369304,49.333528878176544,8.569598501037197,0,1,5803.326,-0.54151374,3,1,false,false,-13.226821,4.3283668,8.7439995,-1.1641136,-0.37957692,3
30.566778,0.19379684,49.33352483189253,8.569601664890136,0,1,5815.2036,-0.5570166,3,1,false,false,-13.216255,4.3547597,8.819606,-1.1705388,-0.3934752,3
30.628265,0.1939008,49.33352069588013,8.569604829162905,0,1,5830.5405,-0.56670684,3,1,false,false,-13.017015,4.2774386,8.716858,-1.1772246,-0.41009426,3
30.689466,0.19400486,49.33351664959612,8.569607855730824,0,1,5849.286,-0.5703397,3,1,false,false,-13.323353,4.352878,8.973265,-1.1842115,-0.42887944,3
30.752522,0.1941095,49.33351242358093,8.569610882298743,0,1,5862.3833,-0.56743354,3,1,false,false,-13.6690855,4.465071,9.514844,-1.1915092,-0.44658437,3
30.817165,0.1942146,49.33350828756853,8.56961390886666,0,1,5861.089,-0.5606503,3,1,false,false,-14.102662,4.579572,9.7649765,-1.1990691,-0.4601247,3
30.882215,0.19431984,49.333504061553334,8.56961693543458,0,1,5855.0996,-0.55023426,3,1,false,false,-14.463988,4.5699654,9.965829,-1.2068403,-0.47191113,3
30.945831,0.19442526,49.33349992554093,8.569619824297646,0,1,5857.819,-0.5371525,3,1,false,false,-14.515477,4.4810624,9.908747,-1.2147884,-0.48054188,3
31.008276,0.19453086,49.33349560952295,8.569622713160713,0,1,5868.824,-0.5243145,3,1,false,false,-14.882516,4.4307027,10.052456,-1.2228423,-0.48531324,3
31.070404,0.19463661,49.33349138350775,8.569625602443612,0,1,5876.281,-0.5119606,3,1,false,false,-14.6875,4.461119,9.77858,-1.2309636,-0.48750448,3
31.134066,0.19474283,49.33348706748977,8.569628353601825,0,1,5878.7456,-0.5034826,3,1,false,false,-14.156025,4.5446873,9.379709,-1.2390417,-0.47982326,3
31.198902,0.19484991,49.33348275174618,8.569631105179873,0,1,5881.6997,-0.4983958,3,1,false,false,-14.1341,4.5227785,9.460158,-1.2468995,-0.46315083,3
31.261282,0.19495715,49.333478435728196,8.56963385675792,0,1,5887.936,-0.49815342,3,1,false,false,-14.59653,4.4089503,9.989114,-1.2545358,-0.4547242,3
31.322561,0.19506457,49.333474119984615,8.569636470211282,0,1,5899.5034,-0.5017862,3,1,false,false,-14.870403,4.3389187,10.134745,-1.2620707,-0.45097426,3
31.384401,0.19517218,49.33346971396384,8.569639084084477,0,1,5911.122,-0.50517714,3,1,false,false,-14.834081,4.403863,10.164568,-1.2695442,-0.44579244,3
31.443666,0.19527997,49.33346530821746,8.569641697957671,0,1,5918.8315,-0.50517726,3,1,false,false,-14.893081,4.1587143,10.067889,-1.2769992,-0.451824,3
31.502312,0.19538806,49.33346090247108,8.569644174545845,0,1,5938.051,-0.49936506,3,1,false,false,-14.413533,4.1900125,9.3415165,-1.2846047,-0.4601207,3
31.563164,0.19549718,49.33345649645031,8.569646650714189,0,1,5964.06,-0.48628342,3,1,false,false,-13.494265,4.316977,8.808729,-1.292253,-0.45419368,3
31.625578,0.19560647,49.33345200070114,8.56964898917768,0,1,5973.9727,-0.46835855,3,1,false,false,-13.294571,4.3321776,8.7801695,-1.299722,-0.44281656,3
31.690212,0.19571595,49.33344750495198,8.569651328061001,0,1,5975.171,-0.44873908,3,1,false,false,-13.199214,4.506932,8.897692,-1.3069966,-0.43007684,3
31.755959,0.19582564,49.33344300920281,8.569653666524493,0,1,5980.056,-0.43057352,3,1,false,false,-12.877402,4.4868517,8.755035,-1.3140224,-0.41277105,3
31.820345,0.19593553,49.333438513453636,8.569656005407815,0,1,5987.704,-0.41361773,3,1,false,false,-12.843369,4.3017406,9.111999,-1.3207363,-0.3955602,3
31.881956,0.1960457,49.33343392797608,8.569658206586286,0,1,6002.1694,-0.40126568,3,1,false,false,-13.604032,4.219418,9.8190365,-1.3272979,-0.3957307,3
31.941555,0.19615698,49.33342934222412,8.569660407764758,0,1,6023.432,-0.39278856,3,1,false,false,-13.95821,4.1120877,10.301172,-1.3339891,-0.40910867,3
32.000404,0.19626844,49.33342475647216,8.569662608943228,0,1,6043.9077,-0.38552126,3,1,false,false,-14.114977,4.090027,10.332808,-1.3409668,-0.42915383,3
32.06001,0.19638011,49.3334201709946,8.569664672416847,0,1,6061.8706,-0.3751072,3,1,false,false,-13.927585,4.1906357,9.677579,-1.3483167,-0.45099637,3
32.121983,0.19649197,49.33341558524265,8.569666735890467,0,1,6075.99,-0.363239,3,1,false,false,-13.191044,4.30711,9.090939,-1.3559262,-0.4590698,3
32.18764,0.19660406,49.33341090976229,8.569668662079065,0,1,6083.5034,-0.3506454,3,1,false,false,-12.930971,4.533416,9.167633,-1.3635223,-0.44871745,3
32.25604,0.19671655,49.33340632401033,8.569670587847831,0,1,6078.846,-0.34119844,3,1,false,false,-13.379899,4.7248316,9.699936,-1.3708408,-0.42735317,3
32.325867,0.19683014,49.33340164825559,8.56967251403643,0,1,6064.9688,-0.3373242,3,1,false,false,-13.750911,4.746089,10.040201,-1.3777335,-0.39884344,3
32.394394,0.19694397,49.33339688277245,8.569674439805198,0,1,6053.5923,-0.33805066,3,1,false,false,-14.049742,4.595902,10.236568,-1.3841411,-0.37126887,3
32.45895,0.19705804,49.33339220729209,8.569676228288944,0,1,6057.55,-0.34240997,3,1,false,false,-14.010529,4.301638,10.093307,-1.3901833,-0.35618797,3
32.519,0.19717233,49.33338744180895,8.569678016772691,0,1,6080.7656,-0.3472542,3,1,false,false,-13.669288,4.0454035,9.916903,-1.3960898,-0.3544531,3
32.578957,0.19728684,49.333382766328604,8.569679667551586,0,1,6111.67,-0.34943375,3,1,false,false,-13.518156,4.120073,9.634554,-1.4020106,-0.35505638,3
32.640873,0.19740196,49.333378000845464,8.569681318330483,0,1,6127.595,-0.34991875,3,1,false,false,-13.241874,4.221498,9.502257,-1.4079193,-0.35349512,3
32.705017,0.19751799,49.33337314535953,8.569682969109378,0,1,6129.8633,-0.34943387,3,1,false,false,-13.118817,4.3129773,9.744937,-1.4138013,-0.35267136,3
32.7699,0.19763428,49.33336837987639,8.569684482603252,0,1,6135.8535,-0.34846482,3,1,false,false,-13.174141,4.333932,9.866018,-1.4197015,-0.3554562,3
32.83512,0.1977508,49.33336361439325,8.569685995677295,0,1,6147.5776,-0.3465268,3,1,false,false,-12.954078,4.3169355,9.617368,-1.4256217,-0.3534798,3
32.900425,0.19786757,49.333358758907316,8.569687509171171,0,1,6155.4575,-0.34313643,3,1,false,false,-12.77329,4.2801857,9.603003,-1.4314554,-0.34602123,3
32.96555,0.19798456,49.33335390342138,8.569688884960193,0,1,6161.199,-0.33974618,3,1,false,false,-12.703277,4.290293,9.872125,-1.4371762,-0.34087032,3
33.030674,0.19810258,49.33334904820985,8.569690398034238,0,1,6172.3203,-0.33562854,3,1,false,false,-12.388995,4.256231,9.2034,-1.4428352,-0.33755144,3
33.096672,0.19822122,49.333344192723914,8.569691636118408,0,1,6185.0166,-0.3298162,3,1,false,false,-11.890995,4.28947,8.939096,-1.4483733,-0.32523018,3
33.162643,0.19834012,49.33333924750959,8.569693011907432,0,1,6191.787,-0.32279238,3,1,false,false,-12.000454,4.249213,9.728452,-1.4536713,-0.31197965,3
33.22785,0.19845924,49.33333439202366,8.569694249991603,0,1,6199.249,-0.3167375,3,1,false,false,-12.39902,4.20456,10.238298,-1.458853,-0.31126186,3
33.292824,0.1985786,49.33332944653493,8.569695488075775,0,1,6212.0654,-0.31044108,3,1,false,false,-12.623916,4.2120233,10.616549,-1.4640796,-0.31586224,3
33.357533,0.1986983,49.33332450132061,8.569696588874926,0,1,6222.6455,-0.300511,3,1,false,false,-12.617911,4.1283865,10.488641,-1.4693793,-0.3205362,3
33.421455,0.1988194,49.33331955610628,8.569697689254246,0,1,6233.0605,-0.28912792,3,1,false,false,-12.0573845,4.115798,9.779678,-1.4747919,-0.3287232,3
33.487415,0.19894071,49.33331461061756,8.569698790053398,0,1,6251.319,-0.27629352,3,1,false,false,-11.005476,4.261604,9.031757,-1.4802785,-0.32529986,3
33.556046,0.19906227,49.333309665403235,8.569699752727864,0,1,6261.3936,-0.2622457,3,1,false,false,-10.559622,4.3584003,8.595037,-1.4855248,-0.30192745,3
33.626633,0.19918406,49.33330463018612,8.569700853527015,0,1,6256.086,-0.25255907,3,1,false,false,-10.367765,4.4405055,8.977267,-1.4902982,-0.27052984,3
33.697453,0.1993061,49.3332996846974,8.569701816201484,0,1,6250.9043,-0.24819987,3,1,false,false,-10.632606,4.3913984,9.952417,-1.4945672,-0.24366045,3
33.765694,0.19942927,49.33329464948028,8.569702642010762,0,1,6256.9805,-0.24674684,3,1,false,false,-11.347362,4.14444,10.592479,-1.4985114,-0.23286703,3
33.829628,0.19955316,49.333289614263165,8.56970360468523,0,1,6274.242,-0.24456812,3,1,false,false,-10.991911,3.8989065,10.235802,-1.5024017,-0.23605677,3
33.891853,0.19967724,49.33328457904605,8.569704430074678,0,1,6303.34,-0.2365761,3,1,false,false,-10.263093,3.820543,9.438785,-1.5064244,-0.2462918,3
33.95468,0.19980152,49.333279453826144,8.569705118179106,0,1,6333.2324,-0.22277275,3,1,false,false,-9.881146,3.9111602,9.481878,-1.5106142,-0.2558207,3
34.02126,0.19992599,49.33327441860903,8.569705943568554,0,1,6351.2495,-0.20654723,3,1,false,false,-9.191818,4.2012563,8.974428,-1.5149015,-0.2555322,3
34.09304,0.20005117,49.333269383391915,8.56970663125315,0,1,6350.055,-0.18765801,3,1,false,false,-8.5866785,4.4105616,8.331759,-1.519031,-0.23704214,3
34.16638,0.20017757,49.33326425817201,8.569707319357576,0,1,6338.973,-0.17119183,3,1,false,false,-7.9955397,4.4104495,8.230774,-1.5227498,-0.2082011,3
34.238174,0.20030421,49.3332591332265,8.569708007042172,0,1,6339.1445,-0.15811501,3,1,false,false,-7.974799,4.236664,8.7468605,-1.5259995,-0.18350819,3
34.307312,0.20043103,49.33325400800659,8.569708557441748,0,1,6355.7905,-0.14891334,3,1,false,false,-8.383465,4.0389066,9.854958,-1.5289146,-0.1684666,3
34.37295,0.20055807,49.333248882786684,8.569709245126344,0,1,6375.521,-0.13995425,3,1,false,false,-8.674316,3.842898,10.823027,-1.5316978,-0.1683264,3
34.437035,0.20068553,49.33324375756678,8.569709795525918,0,1,6398.912,-0.12494021,3,1,false,false,-8.3904295,3.8001401,10.917311,-1.5346003,-0.18090075,3
34.502113,0.20081535,49.333238632621274,8.569710345925495,0,1,6428.4336,-0.103147656,3,1,false,false,-7.649895,3.9259095,9.969916,-1.5377277,-0.19229102,3
34.570835,0.20094532,49.333233417398574,8.569710895905239,0,1,6449.2744,-0.07118629,3,1,false,false,-6.8442583,4.168075,9.24069,-1.5409333,-0.18897343,3
34.645035,0.20107545,49.33322829217867,8.569711308599963,0,1,6448.0635,-0.037287787,3,1,false,false,-6.228084,4.497572,8.642221,-1.5439063,-0.16481878,3
34.723427,0.20120578,49.33322307723037,8.569711721294686,0,1,6428.2104,-0.0065379567,3,1,false,false,-6.0282683,4.6618624,9.70488,-1.5463437,-0.12597984,3
34.801746,0.20133631,49.33321786228207,8.569712271694263,0,1,6407.0615,0.022273809,3,1,false,false,-5.9901624,4.5288553,10.996894,-1.5481005,-0.08529502,3
34.876083,0.20146815,49.333212647059376,8.569712684388985,0,1,6402.709,0.05060058,3,1,false,false,-5.4217386,4.1995993,10.808184,-1.5492129,-0.04941462,3
34.945538,0.20160012,49.333207432111074,8.56971295979869,0,1,6421.4106,0.078200825,3,1,false,false,-4.446638,3.855554,9.608295,-1.5497861,-0.020093817,3
35.01101,0.2017322,49.333202216888374,8.569713372493414,0,1,6454.119,0.103378445,3,1,false,false,-3.405228,3.693172,8.686174,-1.5499058,0.004945967,3
35.07714,0.20186439,49.33319700194008,8.569713785188137,0,1,6487.5044,0.12492478,3,1,false,false,-2.7050529,3.8306932,9.00505,-1.5496416,0.026762841,3
35.146786,0.2019967,49.33319169698899,8.56971406017801,0,1,6504.5156,0.14671265,3,1,false,false,-2.0430412,4.0250535,9.88904,-1.5490072,0.049819574,3
35.218716,0.20212913,49.33318648176629,8.569714472872732,0,1,6504.9385,0.16971065,3,1,false,false,-1.2799178,4.085186,9.817836,-1.5479817,0.07324416,3
35.289963,0.20226169,49.3331811768152,8.569714747862605,0,1,6510.3687,0.19319181,3,1,false,false,-0.5196171,3.9326663,9.222625,-1.5465739,0.095281355,3
35.35836,0.20239438,49.333175871864114,8.569715160557328,0,1,6533.941,0.21885213,3,1,false,false,0.21837513,3.7720456,8.997496,-1.544814,0.11590406,3
35.426304,0.20252718,49.33317056691302,8.569715435967032,0,1,6564.2017,0.24378493,3,1,false,false,0.9752497,3.839534,9.201208,-1.5427089,0.13708115,3
35.496746,0.20266014,49.33316526196193,8.569715848661756,0,1,6578.594,0.26387578,3,1,false,false,1.6990534,4.0174294,9.345505,-1.540234,0.15961894,3
35.5693,0.20279327,49.33315995701084,8.56971626135648,0,1,6574.8125,0.28493437,3,1,false,false,2.4217162,4.0870442,9.707294,-1.5374005,0.18042792,3
35.64162,0.20292653,49.333154652059754,8.569716536346352,0,1,6573.9214,0.30526674,3,1,false,false,3.3141804,4.024553,10.309427,-1.5342095,0.20271866,3
35.711994,0.20305996,49.33314934683426,8.569716949041077,0,1,6587.0225,0.32245243,3,1,false,false,3.9807289,3.8878398,9.836108,-1.5306414,0.2245936,3
35.780464,0.20319355,49.333143952154785,8.5697173617358,0,1,6603.5728,0.3362483,3,1,false,false,4.67543,3.8132439,9.675141,-1.526728,0.24464983,3
35.84812,0.20332727,49.333138557200904,8.569717774430524,0,1,6615.778,0.34786645,3,1,false,false,5.1396422,3.7955022,9.179488,-1.5224996,0.26212072,3
35.91599,0.20346123,49.33313325224981,8.569718187125247,0,1,6627.0454,0.35609624,3,1,false,false,5.6133437,3.8415248,9.388541,-1.5180162,0.27503726,3
35.983696,0.20359533,49.33312785729593,8.569718599819971,0,1,6637.9634,0.36335704,3,1,false,false,6.445822,3.7736533,10.019847,-1.513337,0.28633693,3
36.049644,0.20372958,49.333122462342054,8.569719150219546,0,1,6648.4565,0.37086028,3,1,false,false,7.268837,3.7110894,10.626739,-1.5084431,0.3015148,3
36.114132,0.20386401,49.33311706738817,8.56971956291427,0,1,6664.457,0.3761854,3,1,false,false,7.8343863,3.6157434,10.314366,-1.5032734,0.31885237,3
36.17675,0.20399861,49.33311167270869,8.569720113313846,0,1,6684.8887,0.37787995,3,1,false,false,7.914257,3.5391927,9.375452,-1.4978222,0.33439356,3
36.23913,0.20413342,49.33310627775481,8.569720800998441,0,1,6706.4507,0.37618536,3,1,false,false,7.8925824,3.593149,8.718799,-1.4921623,0.3432076,3
36.30287,0.2042684,49.33310088280093,8.569721351398018,0,1,6721.6807,0.37400666,3,1,false,false,8.446187,3.7328272,9.578943,-1.4864163,0.3457158,3
36.368004,0.20440353,49.333095397844254,8.569722039082613,0,1,6725.3647,0.37255502,3,1,false,false,9.254851,3.8003628,9.949256,-1.480647,0.34653157,3
36.432808,0.20453884,49.33309000316477,8.569722589482188,0,1,6724.9014,0.37134475,3,1,false,false,9.328048,3.745921,9.568141,-1.4748789,0.34483665,3
36.4952,0.20467433,49.3330845182081,8.569723414871635,0,1,6733.7197,0.37086025,3,1,false,false,9.473232,3.5692835,9.462246,-1.4691441,0.34411913,3
36.554485,0.2048101,49.33307912325422,8.569724102976064,0,1,6756.8965,0.3713449,3,1,false,false,9.805158,3.4546463,9.733082,-1.4633656,0.34998593,3
36.613464,0.204946,49.333073638571946,8.569724928365511,0,1,6782.487,0.37279698,3,1,false,false,10.494662,3.520636,10.1172495,-1.4574615,0.35826576,3
36.67327,0.20508204,49.33306815361528,8.569725753754959,0,1,6793.041,0.37473264,3,1,false,false,10.794424,3.5780513,9.956594,-1.451434,0.364553,3
36.73364,0.20521826,49.333062668933,8.569726579144406,0,1,6795.8247,0.37594327,3,1,false,false,10.933045,3.6090512,9.968943,-1.4452984,0.37165338,3
36.79347,0.20535469,49.33305727397912,8.569727542238706,0,1,6807.311,0.37788004,3,1,false,false,11.392494,3.5739083,10.330395,-1.4390353,0.37991795,3
36.85248,0.20549136,49.33305178929685,8.569728504913174,0,1,6823.378,0.3805418,3,1,false,false,11.662379,3.5748749,9.77534,-1.432634,0.38630608,3
36.911392,0.2056282,49.33304630434018,8.569729468007473,0,1,6831.406,0.3839296,3,1,false,false,11.64652,3.5858915,9.959856,-1.4262002,0.38435063,3
36.9696,0.20576522,49.3330408196579,8.569730568806625,0,1,6834.6074,0.388287,3,1,false,false,13.34507,3.573049,11.582533,-1.4197329,0.39503503,3
37.02732,0.2059024,49.33303524497284,8.569731669185945,0,1,6842.583,0.39312756,3,1,false,false,13.530186,3.60646,11.176215,-1.4130305,0.40770093,3
37.085087,0.20603985,49.33302976001617,8.569732769565263,0,1,6849.6426,0.39409512,3,1,false,false,13.57013,3.5856595,10.462678,-1.406177,0.41189188,3
37.14104,0.20617753,49.3330242753339,8.569734008069267,0,1,6854.356,0.3953054,3,1,false,false,13.242221,3.4574523,9.773063,-1.3993239,0.41048265,3
37.197193,0.20631535,49.333018790377224,8.569735246153439,0,1,6868.046,0.39796802,3,1,false,false,12.993939,3.6578593,9.648626,-1.3925062,0.40431347,3
37.25524,0.20645335,49.333013305694955,8.56973662194246,0,1,6877.4443,0.4025666,3,1,false,false,13.121013,3.5994964,9.780156,-1.3859438,0.3821032,3
37.31241,0.20659153,49.33300773073549,8.569737997311654,0,1,6872.4644,0.41200542,3,1,false,false,13.387294,3.5986853,10.328203,-1.379759,0.36218396,3
37.36722,0.20672998,49.33300224605322,8.569739373100676,0,1,6875.8687,0.42217004,3,1,false,false,14.178753,3.406016,11.043054,-1.3737392,0.36394486,3
37.418648,0.20686863,49.332996761096545,8.569740886594552,0,1,6896.928,0.4311251,3,1,false,false,14.933598,3.2026124,11.494827,-1.367517,0.38468474,3
37.467865,0.20700744,49.33299118641148,8.569742399668595,0,1,6921.857,0.43499798,3,1,false,false,14.714614,3.1701088,10.713449,-1.3608978,0.40933514,3
37.518196,0.20714638,49.33298570172921,8.56974405044749,0,1,6940.3813,0.4308834,3,1,false,false,14.64526,3.3017254,10.745339,-1.3538989,0.42919564,3
37.570732,0.20728548,49.332980127044145,8.569745701226385,0,1,6949.3477,0.4214441,3,1,false,false,14.267364,3.464931,10.347914,-1.3466618,0.4373738,3
37.62696,0.20742488,49.33297464208747,8.569747352425113,0,1,6951.3706,0.4120055,3,1,false,false,12.635892,3.5848985,8.43735,-1.33953,0.41326687,3
37.680935,0.20756443,49.3329691574052,8.569749140489026,0,1,6953.2476,0.41079494,3,1,false,false,14.240403,3.3836932,9.916021,-1.3328427,0.39458057,3
37.73381,0.20770414,49.33296358272014,8.569750928972773,0,1,6962.021,0.42120194,3,1,false,false,13.388178,3.446642,9.597972,-1.3263283,0.38645238,3
37.784843,0.20784399,49.332958097763466,8.56975271745652,0,1,6976.088,0.43257725,3,1,false,false,13.747007,3.2497523,9.875925,-1.3199465,0.3817764,3
37.832424,0.207984,49.332952523078404,8.56975464364512,0,1,6993.315,0.44395244,3,1,false,false,15.347906,2.9846058,11.16434,-1.3134588,0.40231225,3
37.87931,0.20812428,49.33294703812173,8.569756707118739,0,1,7012.816,0.4533909,3,1,false,false,12.75823,3.2200105,9.183007,-1.3065249,0.42196378,3
37.92978,0.20826466,49.33294146343667,8.569758770592358,0,1,7036.237,0.45653766,3,1,false,false,14.118967,3.162542,8.701644,-1.2995414,0.4182357,3
37.974545,0.20840518,49.33293597875439,8.569760834065978,0,1,6782.9355,0.46355543,3,1,false,false,15.667449,2.9967465,11.132498,-1.292346,0.4455933,3
37.981285,0.20854577,49.332930493797726,8.569762897539595,0,1,6650.2515,0.46887952,0,1,false,false,13.58713,-0.38187364,8.655206,-1.2850606,0.4163031,3
37.977123,0.20868635,49.33292500911545,8.569765098718067,0,1,6163.4536,0.47105825,4,1,false,false,16.471312,2.3149185,11.727542,-1.2784357,0.39142257,3
38.057827,0.20882712,49.33291943443039,8.569767437601389,0,1,5373.973,0.47831848,4,1,false,false,15.870594,6.253362,11.3457155,-1.2713252,0.46545103,3
38.129864,0.20896816,49.33291394947371,8.56976977606488,0,1,5560.1133,0.48001227,4,1,false,false,14.851786,2.9006007,9.041646,-1.2633407,0.4708687,3
38.146427,0.20910929,49.332908464791444,8.569772114948202,0,1,5776.2866,0.47904417,4,1,false,false,16.183187,1.379679,11.25006,-1.255823,0.44216716,3
38.18581,0.20925051,49.33290297983477,8.569774591116547,0,1,5682.7324,0.48098037,4,1,false,false,15.618355,3.7833197,10.816579,-1.248343,0.45673928,3
38.252087,0.20939226,49.332897495152494,8.569777067284889,0,1,5604.0757,0.47807646,4,1,false,false,16.745754,4.0508003,10.011072,-1.2408347,0.4435882,3
38.294617,0.20953426,49.33289201019583,8.569779681158083,0,1,5634.9673,0.47638243,4,1,false,false,18.41713,2.593122,12.512709,-1.2334217,0.4535853,3
38.331215,0.20967636,49.33288652551355,8.569782295031278,0,1,5692.829,0.47541425,4,1,false,false,16.33267,3.2127519,10.683098,-1.2256862,0.4658927,3
38.37901,0.20981856,49.332881040556884,8.569784908904472,0,1,5684.578,0.4705743,4,1,false,false,17.11632,3.3609333,10.851059,-1.2181274,0.44433975,3
38.420826,0.20996088,49.3328756458774,8.569787797767539,0,1,5650.344,0.46767032,4,1,false,false,17.820984,3.1426744,12.223012,-1.2105651,0.46681294,3
38.466072,0.21010305,49.33287016092073,8.569790549345585,0,1,5683.611,0.46403956,4,1,false,false,16.718332,3.4935582,10.369474,-1.2027531,0.463251,3
38.511753,0.21024537,49.33286467623846,8.569793438208652,0,1,5694.1187,0.45895696,4,1,false,false,17.455614,3.1797273,11.111282,-1.1953014,0.4350237,3
38.55579,0.21038781,49.33285928128458,8.569796464776571,0,1,5667.937,0.45823103,4,1,false,false,16.347271,3.2798605,9.844512,-1.1881639,0.42468497,3
38.607906,0.21053036,49.3328537963279,8.569799491344488,0,1,5679.8125,0.45823094,4,1,false,false,16.001865,3.5070436,9.890544,-1.1813184,0.39081392,3
38.651028,0.21067296,49.33284840164842,8.569802517912407,0,1,5680.1494,0.46210387,4,1,false,false,17.204588,2.9802449,11.290441,-1.175082,0.3680073,3
38.69186,0.21081553,49.33284300669454,8.569805682185178,0,1,5690.4585,0.47202638,4,1,false,false,16.063677,3.2340286,10.811089,-1.1687322,0.38825634,3
38.73411,0.2109582,49.33283761174066,8.569808983742968,0,1,5711.127,0.47831848,4,1,false,false,15.540743,2.8873932,8.939805,-1.1622257,0.39374942,3
38.770683,0.21110097,49.33283221678678,8.569812148015739,0,1,5730.9346,0.48315904,4,1,false,false,15.762473,2.6419213,10.27988,-1.1554178,0.4262274,3
38.81233,0.21124385,49.332826821832896,8.56981558727838,0,1,5755.5596,0.4877571,4,1,false,false,15.563111,3.2042923,9.929385,-1.1480691,0.45199734,3
38.861256,0.21138671,49.33282142715342,8.56981888883617,0,1,5751.6797,0.48703104,4,1,false,false,15.673721,3.3480365,10.016715,-1.1405218,0.44662362,3
38.90531,0.21152964,49.33281603219954,8.569822465803664,0,1,5728.755,0.4865464,4,1,false,false,15.795471,3.167654,9.974518,-1.1330881,0.4487733,3
38.946564,0.21167266,49.33281072724844,8.569825905066306,0,1,5750.102,0.4882411,4,1,false,false,17.401278,2.9054952,11.999533,-1.1254388,0.46942192,3
38.983677,0.21181582,49.33280533229456,8.569829482033802,0,1,5766.7124,0.4882411,4,1,false,false,18.801107,2.8513956,13.3108225,-1.1174173,0.4938185,3
39.02419,0.2119591,49.332800027343474,8.569833196286316,0,1,5759.4316,0.48049632,4,1,false,false,19.61396,3.1677358,12.438543,-1.1090211,0.5094332,3
39.065952,0.21210235,49.332794722392386,8.569836910538829,0,1,5750.707,0.4683956,4,1,false,false,17.947115,3.1774404,11.700407,-1.1005926,0.49709114,3
39.106735,0.21224573,49.3327894171669,8.569840625211175,0,1,5763.0034,0.45581114,4,1,false,false,17.792551,3.0022862,10.771325,-1.0925169,0.4727223,3
39.147663,0.21238923,49.332784112215805,8.569844477168541,0,1,5780.776,0.4461305,4,1,false,false,16.873737,3.1541235,10.130321,-1.0848613,0.4440864,3
39.191856,0.21253286,49.33277880726472,8.569848466410928,0,1,5779.485,0.4432263,4,1,false,false,15.662996,3.2326481,9.419361,-1.0777191,0.41096956,3
39.234554,0.21267657,49.33277359231642,8.569852456073145,0,1,5778.6387,0.44830838,4,1,false,false,16.232874,2.9877625,9.63329,-1.0710493,0.3979834,3
39.273838,0.21282034,49.33276828736533,8.569856445735363,0,1,5801.918,0.46113577,4,1,false,false,16.16659,2.9726155,10.209895,-1.064306,0.4117025,3
39.312862,0.21296422,49.33276307214263,8.5698605726826,0,1,5817.053,0.47493014,4,1,false,false,16.97993,2.8360028,10.801605,-1.0572991,0.43127313,3
39.35048,0.2131082,49.33275785719433,8.56986470004967,0,1,5816.8403,0.48098037,4,1,false,false,16.633085,2.8824797,10.61782,-1.0498817,0.4600716,3
39.390553,0.21325232,49.33275264197164,8.56986896470176,0,1,5833.947,0.47662443,4,1,false,false,16.990839,3.0415125,10.610091,-1.0420076,0.4803541,3
39.432022,0.21339652,49.332747427023335,8.56987322935385,0,1,5839.011,0.46355557,4,1,false,false,17.477633,3.254796,11.376922,-1.0339494,0.48398915,3
39.475185,0.2135408,49.33274221180064,8.569877631710792,0,1,5823.7485,0.44298434,4,1,false,false,17.577982,3.2886987,10.963383,-1.0259145,0.47849783,3
39.5178,0.21368526,49.33273708685513,8.569882033647902,0,1,5818.773,0.4190243,4,1,false,false,17.307901,3.2068293,10.990499,-1.0180299,0.46573758,3
39.557957,0.21382983,49.33273187163243,8.569886436004843,0,1,5828.9355,0.39215943,4,1,false,false,17.280855,3.0689502,10.835729,-1.010395,0.4501403,3
39.59739,0.21397454,49.332726746412526,8.569890975646805,0,1,5837.1953,0.36698836,4,1,false,false,16.760777,3.0676785,10.673244,-1.0030379,0.4313759,3
39.637222,0.21411936,49.33272162146702,8.56989565341345,0,1,5841.9644,0.34593087,4,1,false,false,16.831831,3.0533028,10.812478,-0.99602175,0.41092387,3
39.67692,0.21426429,49.3327165862499,8.569900330760264,0,1,5849.7554,0.33116576,4,1,false,false,17.00289,3.096532,11.398129,-0.98927945,0.39981395,3
39.717377,0.21440934,49.33271146103,8.569905008107078,0,1,5858.472,0.3246312,4,1,false,false,16.448986,3.103266,10.992984,-0.9826765,0.39173487,3
39.75799,0.21455453,49.33270642581288,8.569909823158744,0,1,5864.32,0.32221037,4,1,false,false,16.123959,3.075253,11.109987,-0.9761941,0.38695008,3
39.798725,0.2146999,49.332701390595766,8.569914637790577,0,1,5874.7764,0.3214839,4,1,false,false,16.275375,3.112767,11.206573,-0.9697445,0.3869096,3
39.840675,0.21484537,49.33269635537865,8.569919590547094,0,1,5883.2197,0.32293656,4,1,false,false,16.721893,3.2206535,12.117617,-0.96330655,0.38425776,3
39.884014,0.21499099,49.33269132016154,8.56992454288378,0,1,5879.273,0.3243892,4,1,false,false,16.422626,3.2868164,11.07838,-0.9569443,0.3774125,3
39.929237,0.21513675,49.33268628467002,8.569929495640297,0,1,5876.0103,0.32608286,4,1,false,false,15.519202,3.373181,10.017291,-0.9507707,0.35963473,3
39.974487,0.21528271,49.332681339455696,8.569934585681835,0,1,5876.7183,0.32947206,4,1,false,false,15.531893,3.2690296,10.427383,-0.9449918,0.33409414,3
40.018314,0.21542884,49.33267630423858,8.569939675723372,0,1,5877.2305,0.33455473,4,1,false,false,16.503954,3.264472,12.4479,-0.93954325,0.32248777,3
40.06079,0.21557513,49.33267135902425,8.56994490346976,0,1,5878.162,0.34036377,4,1,false,false,16.784498,3.0887396,12.179954,-0.9342046,0.3193644,3
40.10013,0.21572153,49.332666413535534,8.569950131216151,0,1,5888.4805,0.34229952,4,1,false,false,16.150194,2.8750029,11.042872,-0.9288125,0.32972422,3
40.13988,0.21586807,49.3326615580496,8.56995549624756,0,1,5912.9146,0.3408482,4,1,false,false,15.053975,2.9623003,10.315492,-0.92317504,0.34512186,3
40.1843,0.21601486,49.33265661283527,8.569960861698801,0,1,5924.678,0.33576527,4,1,false,false,13.566118,3.2907438,9.574181,-0.91738665,0.34202275,3
40.23244,0.21616182,49.332651757349346,8.56996622673021,0,1,5911.8857,0.33286005,4,1,false,false,13.639126,3.3573177,9.674912,-0.91190827,0.31583,3
40.278885,0.21630894,49.33264690213781,8.569971592181451,0,1,5904.825,0.3347966,4,1,false,false,14.324393,3.186582,10.988297,-0.90678334,0.30276114,3
40.32175,0.21645617,49.33264204665188,8.569977094917713,0,1,5918.063,0.33987963,4,1,false,false,14.929853,2.962938,11.96959,-0.90172696,0.30695233,3
40.36159,0.21660362,49.332637191165944,8.569982735358826,0,1,5934.432,0.3422994,4,1,false,false,14.472149,2.781166,10.978947,-0.89648235,0.32429028,3
40.401287,0.2167513,49.3326324256828,8.569988375799939,0,1,5954.291,0.33842707,4,1,false,false,13.796759,2.9217172,10.346476,-0.8908681,0.34669766,3
40.445225,0.21689913,49.33262757019687,8.569994016241052,0,1,5971.5674,0.33068138,4,1,false,false,13.529613,3.2016563,10.178148,-0.88499546,0.35389262,3
40.492928,0.21704708,49.33262280471373,8.569999656682164,0,1,5963.296,0.32317847,4,1,false,false,13.692602,3.371612,10.941279,-0.87913257,0.34773815,3
40.54112,0.21719521,49.33261803923059,8.570005434408298,0,1,5948.5146,0.31979018,4,1,false,false,14.444844,3.3143933,12.045309,-0.87339383,0.3415831,3
40.58674,0.21734366,49.33261327374745,8.570011212554263,0,1,5952.2974,0.31930614,4,1,false,false,13.946227,3.1158974,10.915869,-0.8677477,0.3346856,3
40.629547,0.2174923,49.33260859826709,8.570017127985247,0,1,5967.963,0.31954825,4,1,false,false,13.938192,3.0141625,10.881824,-0.8621959,0.3317834,3
40.672565,0.21764107,49.33260383278395,8.570023043416233,0,1,5978.6226,0.32051572,4,1,false,false,13.9464245,3.0853124,10.893871,-0.85666794,0.3302821,3
40.717663,0.21779,49.332599157303605,8.570028959267049,0,1,5979.5103,0.32196793,4,1,false,false,13.856291,3.210864,10.630272,-0.8512039,0.32409963,3
40.76281,0.21793914,49.33259448154885,8.570034874698035,0,1,5978.43,0.32366255,4,1,false,false,13.293709,3.152,9.967013,-0.84588194,0.3141812,3
40.807777,0.21808858,49.332589806068505,8.57004092783387,0,1,5986.248,0.32632476,4,1,false,false,12.834578,3.094666,9.745255,-0.8407386,0.3023297,3
40.851673,0.21823819,49.33258513031375,8.570046980969709,0,1,5996.0366,0.32947215,4,1,false,false,12.733831,3.0079303,9.741426,-0.83579946,0.29219177,3
40.89477,0.21838792,49.3325805448362,8.570053171390565,0,1,6005.4116,0.33285993,4,1,false,false,12.396765,2.9788196,9.501935,-0.8309641,0.2897527,3
40.93724,0.2185378,49.332575869081445,8.570059362231254,0,1,6018.7446,0.3357652,4,1,false,false,12.173544,2.8881571,9.44578,-0.8261092,0.29472852,3
40.97876,0.21868788,49.33257128360388,8.57006555265211,0,1,6036.0146,0.33697492,4,1,false,false,12.43966,2.8610778,10.154307,-0.8211063,0.30818257,3
41.0202,0.21883811,49.33256669785193,8.5700717434928,0,1,6052.414,0.3338285,4,1,false,false,12.74562,2.9336655,10.418897,-0.8157512,0.33426294,3
41.06377,0.21898846,49.33256211209997,8.570078071618507,0,1,6061.119,0.3255983,4,1,false,false,12.09567,3.0346835,9.434701,-0.8100306,0.349583,3
41.108707,0.219139,49.332557616350805,8.570084400164049,0,1,6065.329,0.30938223,4,1,false,false,11.848059,3.1349232,9.494155,-0.8041386,0.35470665,3
41.155205,0.21928963,49.33255303087324,8.57009086599461,0,1,6068.752,0.2934071,4,1,false,false,12.195514,3.3027122,10.149221,-0.79824245,0.35043082,3
41.203438,0.21944043,49.332548535124076,8.570097194120319,0,1,6062.8823,0.27791464,4,1,false,false,12.791822,3.2968557,10.845723,-0.79253906,0.3322309,3
41.24862,0.21959138,49.33254403937491,8.57010365995088,0,1,6053.5806,0.26266524,4,1,false,false,13.1495285,3.1219864,11.31601,-0.78712183,0.32062918,3
41.29206,0.21974248,49.33253954362574,8.570110263066459,0,1,6066.5815,0.2522568,4,1,false,false,12.589746,3.0371475,10.392597,-0.78180015,0.31660762,3
41.33528,0.21989374,49.332535047876576,8.57011672889702,0,1,6083.181,0.24354286,4,1,false,false,12.178387,3.0676074,9.7489,-0.7766233,0.30390534,3
41.380173,0.22004512,49.33253055212741,8.570123332432432,0,1,6086.032,0.23870149,4,1,false,false,12.115846,3.1905687,9.563238,-0.7716997,0.28727466,3
41.426907,0.22019666,49.33252614610663,8.570130073252866,0,1,6083.557,0.24039607,4,1,false,false,12.141645,3.2610013,9.809941,-0.76707065,0.26835024,3
41.47204,0.22034837,49.33252174036026,8.570136676788277,0,1,6083.6084,0.24668926,4,1,false,false,12.064144,2.9623382,10.022276,-0.7627494,0.25286973,3
41.51372,0.22050023,49.332517334613875,8.57014341760871,0,1,6097.9814,0.25588807,4,1,false,false,11.982428,2.8785152,9.947959,-0.75851774,0.2571639,3
41.554817,0.22065221,49.332512928593104,8.570150158848975,0,1,6120.9575,0.26339126,4,1,false,false,11.998972,2.8711872,9.962159,-0.7541287,0.2698955,3
41.597298,0.22080432,49.332508612849516,8.570156899669406,0,1,6131.284,0.26823267,4,1,false,false,12.187879,3.005468,10.125852,-0.7495198,0.28298318,3
41.642075,0.22095658,49.332504206828744,8.570163778194692,0,1,6131.2935,0.26823273,4,1,false,false,12.227978,3.172796,10.162336,-0.74467754,0.29479283,3
41.688072,0.221109,49.332499891085156,8.570170656719975,0,1,6128.103,0.26387575,4,1,false,false,11.992979,3.1624365,10.565361,-0.73974437,0.29422113,3
41.73331,0.22126159,49.33249557506717,8.57017753524526,0,1,6128.325,0.25346738,4,1,false,false,12.243933,3.0890296,11.133789,-0.7348628,0.29112524,3
41.77769,0.22141433,49.33249125932359,8.570184551475396,0,1,6136.0854,0.239428,4,1,false,false,12.853075,3.137009,11.583152,-0.72999835,0.29172304,3
41.82254,0.2215672,49.33248703330839,8.5701915672857,0,1,6138.806,0.22103035,4,1,false,false,12.76914,3.1054854,11.454862,-0.7251764,0.2840432,3
41.867558,0.22172023,49.33248271729041,8.570198583515838,0,1,6134.987,0.20166504,4,1,false,false,11.851107,3.1319938,11.031629,-0.7205422,0.269663,3
41.913044,0.22187345,49.33247849127522,8.570205599745973,0,1,6140.563,0.18326688,4,1,false,false,11.437645,3.131063,10.542998,-0.7162007,0.24992186,3
41.958244,0.22202678,49.332474265260025,8.57021275326113,0,1,6148.089,0.16946864,4,1,false,false,11.27733,3.1085086,10.492111,-0.71222323,0.22666802,3
42.003765,0.22218028,49.332470039244825,8.570219906776286,0,1,6148.2593,0.16293211,4,1,false,false,10.725867,3.0953598,10.168386,-0.7086443,0.20277928,3
42.049004,0.22233395,49.332465903232425,8.570227197996294,0,1,6151.0615,0.16293211,4,1,false,false,10.244107,3.0153317,10.22775,-0.7054412,0.18381903,3
42.09274,0.22248778,49.33246167721723,8.570234351931283,0,1,6165.4307,0.16801606,4,1,false,false,10.015469,2.9023745,10.258167,-0.70246506,0.17596556,3
42.135983,0.22264175,49.33245754120483,8.570241643151292,0,1,6182.856,0.17503664,4,1,false,false,9.576636,2.9002767,9.663986,-0.6995388,0.1758692,3
42.180042,0.22279586,49.33245340491803,8.5702489343713,0,1,6193.5317,0.18302488,4,1,false,false,9.320744,2.937066,9.901013,-0.6965909,0.178857,3
42.225266,0.22295015,49.33244926890563,8.570256225591308,0,1,6202.887,0.19222414,4,1,false,false,8.873491,3.0002398,9.10353,-0.69355667,0.18409537,3
42.271553,0.22310458,49.33244513289323,8.570263516811316,0,1,6211.5146,0.20069647,4,1,false,false,8.737676,3.0417955,9.285732,-0.69047755,0.18525347,3
42.31797,0.22325921,49.33244099660642,8.570270945736176,0,1,6215.0444,0.20674852,4,1,false,false,8.833953,3.0272012,9.997856,-0.6873799,0.18751405,3
42.36466,0.22341397,49.332436950596815,8.570278374241203,0,1,6221.018,0.21062134,4,1,false,false,9.060576,3.0499215,9.76607,-0.6842006,0.19408102,3
42.410175,0.22356892,49.33243281458441,8.570285803166064,0,1,6228.6743,0.21134745,4,1,false,false,8.556721,2.9364011,8.828593,-0.6809319,0.1980588,3
42.45553,0.22372401,49.3324287683004,8.570293232090924,0,1,6239.2925,0.20989485,4,1,false,false,8.336206,2.970306,9.548075,-0.67761046,0.20045917,3
42.501965,0.2238793,49.33242472201639,8.570300798300805,0,1,6248.6377,0.20699053,4,1,false,false,8.908344,3.0464022,10.74138,-0.67423075,0.20562185,3
42.548744,0.22403473,49.33242067600678,8.570308364930517,0,1,6249.0127,0.20263363,4,1,false,false,9.1771965,3.0104828,9.834915,-0.67074174,0.21345751,3
42.59417,0.22419034,49.332416629722765,8.570315931140396,0,1,6253.477,0.19682358,4,1,false,false,8.428584,2.9435391,9.077779,-0.66714513,0.21708448,3
42.639317,0.2243461,49.33241258371316,8.570323497350277,0,1,6268.9375,0.1902875,4,1,false,false,8.547154,2.986934,10.30496,-0.66351604,0.21849188,3
42.686428,0.22450206,49.33240862743194,8.570331063979989,0,1,6275.8105,0.1844775,4,1,false,false,8.840834,3.1474218,10.359017,-0.65986973,0.21714589,3
42.73463,0.22465819,49.33240458114793,8.57033876789472,0,1,6265.257,0.17963609,4,1,false,false,9.157131,3.0697825,10.466756,-0.6563062,0.21140818,3
42.780804,0.2248145,49.33240062486671,8.570346471809453,0,1,6265.6743,0.17479458,4,1,false,false,8.905824,2.9788415,10.512504,-0.65277725,0.2118325,3
42.826168,0.22497097,49.33239666858549,8.570354175724185,0,1,6284.5215,0.17019516,4,1,false,false,8.9150505,2.9645617,10.789133,-0.6492472,0.20958024,3
42.871605,0.22512761,49.33239271230427,8.570361879638916,0,1,6290.4404,0.16511126,4,1,false,false,8.765465,3.0116723,9.964508,-0.6458019,0.20244972,3
42.91858,0.22528446,49.33238875602305,8.570369721258501,0,1,6286.4604,0.16269013,4,1,false,false,8.438173,3.0826917,9.826913,-0.64251715,0.190591,3
42.965324,0.22544149,49.332384889744624,8.570377425173232,0,1,6289.0337,0.16341661,4,1,false,false,8.452101,2.9997659,9.796998,-0.6394422,0.17898601,3
43.01091,0.22559868,49.332380933463405,8.570385266792817,0,1,6297.286,0.16850013,4,1,false,false,8.448678,2.9303164,10.115165,-0.636548,0.1696319,3
43.055237,0.22575602,49.33237706718497,8.570393107992569,0,1,6304.8467,0.17552069,4,1,false,false,8.001053,2.8396587,9.038898,-0.6337708,0.16449468,3
43.09881,0.22591358,49.33237311090375,8.570401087317004,0,1,6317.202,0.1861721,4,1,false,false,7.841955,2.8095078,9.111248,-0.63105583,0.16388507,3
43.14222,0.22607133,49.332369244625326,8.570408928936589,0,1,6333.8057,0.19803421,4,1,false,false,7.8741536,2.8132243,9.475394,-0.62829316,0.16933674,3
43.18644,0.22622924,49.3323653783469,8.570416907841192,0,1,6344.71,0.21255808,4,1,false,false,8.365005,2.8673997,9.780319,-0.6253864,0.18156177,3
43.230198,0.22638732,49.33236160179686,8.570424887165627,0,1,6351.3613,0.22345148,4,1,false,false,8.093845,2.7892318,9.3955965,-0.62224597,0.19603552,3
43.274307,0.22654556,49.332357735518436,8.570432866070231,0,1,6364.757,0.22877704,4,1,false,false,8.196697,2.88143,9.547608,-0.6188408,0.21204466,3
43.319485,0.22670408,49.33235386924001,8.570440844974836,0,1,6374.643,0.22950308,4,1,false,false,8.24052,2.9351735,9.072488,-0.6151899,0.22406495,3
43.36698,0.22686271,49.33235009268997,8.570448962004123,0,1,6370.7944,0.22466214,4,1,false,false,8.775221,3.0548882,9.635004,-0.61142147,0.22847064,3
43.41376,0.22702156,49.33234631613993,8.570456940908727,0,1,6364.182,0.21522029,4,1,false,false,8.387167,2.998163,9.56188,-0.6075993,0.22858556,3
43.459564,0.2271806,49.3323425398643,8.570465057518183,0,1,6370.9775,0.20287563,4,1,false,false,8.679571,2.919773,10.691863,-0.60382,0.2251845,3
43.503212,0.2273399,49.33233876331426,8.570473174127638,0,1,6380.68,0.18907692,4,1,false,false,8.808943,2.8352458,9.889716,-0.60005,0.22706193,3
43.547703,0.22749938,49.33233498703862,8.570481428441946,0,1,6386.7803,0.17527865,4,1,false,false,8.421849,2.8735998,9.72891,-0.5963169,0.21996008,3
43.59186,0.227659,49.33233121048859,8.570489545051402,0,1,6390.633,0.16123837,4,1,false,false,8.860299,2.8713322,10.471893,-0.5926935,0.21642633,3
43.636696,0.2278188,49.332327523941345,8.57049779936571,0,1,6399.249,0.15228063,4,1,false,false,8.794741,2.9504013,11.167928,-0.58910507,0.21215895,3
43.681538,0.22797893,49.3323238373941,8.570506053680017,0,1,6401.468,0.14283937,4,1,false,false,8.416009,2.917578,9.998329,-0.5856423,0.20204307,3
43.726562,0.22813922,49.33232015112125,8.570514307994324,0,1,6403.6543,0.13727134,4,1,false,false,7.808607,2.9450948,9.596316,-0.58237845,0.18784444,3
43.77161,0.22829969,49.332316464574006,8.5705225618888,0,1,6411.1157,0.13606079,4,1,false,false,7.9440265,2.8810403,9.238074,-0.5793816,0.17186339,3
43.815853,0.22846031,49.33231277802676,8.57053095390796,0,1,6415.6006,0.13848191,4,1,false,false,7.6303873,2.820185,9.465648,-0.5766546,0.15644015,3
43.858826,0.22862121,49.332309091479516,8.570539345507289,0,1,6422.2925,0.14429241,4,1,false,false,7.4543285,2.731595,9.50685,-0.5741507,0.14710402,3
43.900867,0.2287823,49.33230549493506,8.570547737526448,0,1,6439.7046,0.15107003,4,1,false,false,7.3005104,2.688634,9.294327,-0.5717311,0.14554603,3
43.9419,0.22894356,49.33230180838782,8.570556129125775,0,1,6457.572,0.15809065,4,1,false,false,7.2239723,2.6218553,8.8127365,-0.5692805,0.15054478,3
43.98359,0.22910495,49.33229821184336,8.570564521144934,0,1,6471.5884,0.16535373,4,1,false,false,6.8658686,2.7101548,8.599625,-0.5667289,0.15618761,3
44.027206,0.22926639,49.33229461502451,8.570572912744263,0,1,6482.304,0.1692266,4,1,false,false,6.963171,2.794489,8.95385,-0.56408584,0.16147333,3
44.071335,0.22942798,49.332291018480056,8.570581442048443,0,1,6487.694,0.17067923,4,1,false,false,7.266112,2.8558972,9.576199,-0.5613506,0.16792291,3
44.116524,0.22958972,49.332287421935604,8.570589834067603,0,1,6491.266,0.16801602,4,1,false,false,7.491121,2.873664,10.00324,-0.55849004,0.1756256,3
44.161533,0.22975163,49.332283825391144,8.570598363371781,0,1,6493.5415,0.16172153,4,1,false,false,7.2974296,2.8525424,9.8334675,-0.5555001,0.18159662,3
44.206516,0.22991373,49.33228031857509,8.570606892675961,0,1,6498.6973,0.15179662,4,1,false,false,7.312028,2.8372679,9.629182,-0.5524553,0.18262032,3
44.251755,0.23007601,49.33227672203063,8.570615559684994,0,1,6503.162,0.13993499,4,1,false,false,7.3731194,2.903095,10.190238,-0.54944134,0.17724125,3
44.29826,0.23023845,49.33227321548897,8.570624088989172,0,1,6500.015,0.12710397,4,1,false,false,7.3113556,2.9696589,10.279846,-0.54657155,0.16589803,3
44.34404,0.23040108,49.332269708672904,8.570632755998204,0,1,6495.99,0.11499897,4,1,false,false,7.0947423,2.8462472,10.2390175,-0.54390824,0.15349416,3
44.388077,0.23056391,49.332266202131244,8.570641423007235,0,1,6505.2153,0.106768236,4,1,false,false,7.128172,2.7730782,10.723077,-0.5414406,0.1435894,3
44.43102,0.23072687,49.33226269531518,8.570650090016267,0,1,6518.6416,0.09998916,4,1,false,false,7.1889486,2.7219887,11.127118,-0.53909415,0.1378373,3
44.474373,0.23089002,49.33225918877351,8.570658757025297,0,1,6524.3604,0.09563179,4,1,false,false,6.7639327,2.7965825,10.16693,-0.53684264,0.13124451,3
44.519085,0.23105332,49.332255681957456,8.570667423614498,0,1,6528.4023,0.09175845,4,1,false,false,6.245828,2.8343217,9.518339,-0.5347331,0.12045316,3
44.56424,0.23121682,49.332252265144184,8.570676090623529,0,1,6534.069,0.09030585,4,1,false,false,6.2640476,2.86554,9.919535,-0.53281724,0.109349415,3
44.60957,0.23138048,49.33224875860252,8.570684895337413,0,1,6536.165,0.092000455,4,1,false,false,6.25791,2.8186097,10.571237,-0.5310874,0.099024214,3
44.653492,0.2315443,49.332245341789246,8.570693699631464,0,1,6537.725,0.09442121,4,1,false,false,6.0685377,2.7297995,10.347372,-0.5295029,0.092819035,3
44.696472,0.23170829,49.332241924975975,8.570702504345348,0,1,6551.191,0.09563176,4,1,false,false,5.9035563,2.6878846,10.158527,-0.5279619,0.09289499,3
44.739548,0.23187245,49.33223850816271,8.5707113086394,0,1,6566.4043,0.09660034,4,1,false,false,5.643021,2.721186,9.709201,-0.52638906,0.09485655,3
44.784157,0.23203678,49.33223509134944,8.570720113353282,0,1,6569.8374,0.09684238,4,1,false,false,5.3335013,2.8269343,9.893422,-0.5248019,0.09420346,3
44.829865,0.23220128,49.33223167453617,8.570728917647333,0,1,6568.0005,0.096116304,4,1,false,false,5.274113,2.8381486,10.229518,-0.52326083,0.09104635,3
44.875122,0.23236597,49.33222825799729,8.57073786006607,0,1,6571.8965,0.09490524,4,1,false,false,5.200103,2.7904327,10.161915,-0.5217472,0.09012678,3
44.91929,0.2325308,49.33222493091242,8.570746802064972,0,1,6579.566,0.09417917,4,1,false,false,4.9285703,2.731904,9.575996,-0.5202516,0.089038014,3
44.963062,0.2326958,49.33222151437354,8.570755606359024,0,1,6587.4385,0.0934526,4,1,false,false,4.7415056,2.7105134,9.826443,-0.5187714,0.08866303,3
45.006935,0.23286098,49.33221818728866,8.570764548357927,0,1,6595.2134,0.09345262,4,1,false,false,4.713853,2.7358952,10.322034,-0.51729655,0.08833442,3
45.051163,0.23302634,49.33221477074979,8.570773490776663,0,1,6599.892,0.09345262,4,1,false,false,4.528552,2.736491,9.688154,-0.51582676,0.08776367,3
45.09515,0.23319185,49.33221144366491,8.570782570480418,0,1,6605.4995,0.0927261,4,1,false,false,4.355195,2.7222104,9.416885,-0.5143662,0.0875726,3
45.139137,0.2333575,49.33220811685443,8.570791512479321,0,1,6615.584,0.09224296,4,1,false,false,4.268362,2.71188,9.512442,-0.51290095,0.088169955,3
45.1832,0.23352334,49.33220470004116,8.570800454478224,0,1,6622.5386,0.09175846,4,1,false,false,4.275715,2.7165852,9.912245,-0.51143867,0.088075384,3
45.226933,0.23368938,49.33220137323068,8.57080953418198,0,1,6626.262,0.09030585,4,1,false,false,4.1151733,2.6755905,9.44495,-0.5099787,0.08791025,3
45.270325,0.23385555,49.3321980464202,8.570818613885736,0,1,6636.2954,0.08836869,4,1,false,false,4.1526904,2.6716444,10.404212,-0.5085008,0.089962274,3
45.31322,0.23402187,49.33219471960972,8.57082755588464,0,1,6647.5244,0.08667451,4,1,false,false,4.0817494,2.6209927,9.593127,-0.50695574,0.09422673,3
45.356964,0.23418838,49.33219139279924,8.570836635588394,0,1,6654.499,0.084737375,4,1,false,false,4.052536,2.7140841,9.928054,-0.5053764,0.09496865,3
45.40162,0.23435506,49.332188155717155,8.57084571529215,0,1,6657.29,0.08207461,4,1,false,false,4.0199757,2.7915964,9.883881,-0.503794,0.09455708,3
45.448116,0.2345219,49.33218482890667,8.570854932280925,0,1,6657.951,0.07771586,4,1,false,false,4.022293,2.8575664,9.874558,-0.50222176,0.09264135,3
45.49343,0.2346889,49.33218150209619,8.57086401198468,0,1,6654.233,0.07311594,4,1,false,false,3.880768,2.763086,9.302088,-0.5007011,0.08956404,3
45.537872,0.23485608,49.33217817528571,8.570873091688435,0,1,6658.912,0.06900104,4,1,false,false,3.7133172,2.6939683,9.349754,-0.4992565,0.08428422,3
45.581085,0.23502344,49.33217493820362,8.570882308887127,0,1,6669.383,0.064158686,4,1,false,false,3.709715,2.6018562,9.180406,-0.4979202,0.07799803,3
45.62289,0.23519094,49.33217161139314,8.570891526085818,0,1,6677.3667,0.061737493,4,1,false,false,3.8159359,2.5369968,11.467172,-0.49667007,0.074414745,3
45.664745,0.2353586,49.33216837458546,8.570900605789573,0,1,6688.5806,0.061494995,4,1,false,false,3.6965184,2.5907497,10.406183,-0.4953836,0.078751266,3
45.70672,0.23552643,49.33216513750337,8.570909822988265,0,1,6701.3,0.060527835,4,1,false,false,3.296687,2.5325787,8.622965,-0.4940827,0.076062344,3
45.74984,0.2356944,49.33216181069289,8.570919040186956,0,1,6710.9976,0.0583482,4,1,false,false,3.3393,2.7622356,9.15528,-0.4928287,0.07331614,3
45.79743,0.23586258,49.332158573885195,8.570928257385646,0,1,6707.594,0.059801288,4,1,false,false,3.3113515,2.860301,9.062606,-0.491663,0.065420575,3
45.84268,0.2360309,49.33215533680311,8.570937612289189,0,1,6690.905,0.059801288,4,1,false,false,3.2834208,2.6412868,8.925302,-0.49065405,0.059318297,3
45.883377,0.23619941,49.33215209999542,8.57094682948788,0,1,6704.7495,0.060285337,4,1,false,false,3.3465416,2.3885338,10.364494,-0.4897,0.059551165,3
45.92237,0.23636806,49.332148862913336,8.570956046686572,0,1,6740.1626,0.060042843,4,1,false,false,3.413056,2.339802,10.813937,-0.48866755,0.06541494,3
45.962444,0.23653686,49.33214562610564,8.5709654013802,0,1,6753.1694,0.05810571,4,1,false,false,2.9631689,2.529701,10.271682,-0.48750904,0.0708166,3
46.006485,0.23670584,49.33214238902356,8.570974756283743,0,1,6752.3076,0.054958917,4,1,false,false,3.1136394,2.8044498,9.455953,-0.4862905,0.07332378,3
46.055397,0.23687498,49.332139152215866,8.570983973482434,0,1,6747.1626,0.050117478,4,1,false,false,3.223613,2.9929912,10.6438,-0.48506218,0.070861846,3
46.10264,0.2370443,49.332135915133776,8.570993328385976,0,1,6729.2236,0.04745379,4,1,false,false,3.2197862,2.8234806,10.35857,-0.48392284,0.06446748,3
46.14732,0.2372138,49.33213267832609,8.571002683079604,0,1,6725.737,0.046484753,4,1,false,false,2.8686988,2.6086001,10.149534,-0.4828912,0.057928544,3
46.188446,0.2373835,49.332129441244,8.571012037773231,0,1,6742.935,0.046968803,4,1,false,false,2.7428539,2.4944808,9.160243,-0.48196852,0.05333916,3
46.228848,0.23755334,49.332126204436314,8.57102153017171,0,1,6757.6445,0.047211297,4,1,false,false,2.8166208,2.4657943,9.072693,-0.4811468,0.048008982,3
46.26984,0.23772332,49.332123057357016,8.571030885075253,0,1,6762.5513,0.04745379,4,1,false,false,2.5364509,2.4537945,8.96573,-0.4803897,0.044932086,3
46.31051,0.23789348,49.33211982054933,8.57104023976888,0,1,6772.8174,0.049148433,4,1,false,false,2.4593859,2.427226,8.828359,-0.47964972,0.046290703,3
46.349373,0.2380638,49.33211658346724,8.57104973216736,0,1,6792.4165,0.05084214,4,1,false,false,2.4762607,2.350595,8.419555,-0.47886834,0.050582983,3
46.38843,0.23823427,49.33211343638794,8.571059224565838,0,1,6812.42,0.052537724,4,1,false,false,2.4351346,2.3463397,9.331137,-0.47801057,0.054315217,3
46.42877,0.23840488,49.33211019958025,8.571068579259466,0,1,6824.4795,0.053264268,4,1,false,false,2.4191928,2.4398198,9.831562,-0.47706345,0.059125926,3
46.473343,0.23857568,49.33210705250096,8.571078071657945,0,1,6830.975,0.053264268,4,1,false,false,2.4642704,2.8340268,10.697818,-0.47601897,0.063218705,3
46.519352,0.23874667,49.33210381541887,8.571087564056423,0,1,6820.3745,0.05278022,4,1,false,false,2.822137,2.8222108,9.925256,-0.47490633,0.06844522,3
46.566776,0.23891784,49.33210066861397,8.571097056454903,0,1,6808.736,0.05278022,4,1,false,false,3.0591,2.8928301,10.769659,-0.473752,0.06828326,3
46.612816,0.23908916,49.332097431531885,8.57110654885338,0,1,6801.9053,0.053264268,4,1,false,false,2.7957952,2.6907983,11.424673,-0.47261468,0.064940676,3
46.657036,0.23926075,49.33209428445259,8.57111604125186,0,1,6799.8125,0.054717354,4,1,false,false,2.7499027,2.6492722,10.870858,-0.4715391,0.060936086,3
46.698586,0.23943245,49.33209113764769,8.571125671145277,0,1,6802.838,0.056411058,4,1,false,false,3.0524411,2.537413,11.267071,-0.47053906,0.05995134,3
46.739094,0.23960431,49.3320879005656,8.571135163543754,0,1,6812.034,0.05786415,4,1,false,false,3.0870895,2.4096494,11.025932,-0.4695525,0.059106827,3
46.778572,0.23977634,49.3320847534863,8.571144655942234,0,1,6821.639,0.05931724,4,1,false,false,2.940079,2.3691394,10.550107,-0.46855804,0.059666537,3
46.818142,0.23994856,49.332081606681406,8.571154285835648,0,1,6832.811,0.06052783,4,1,false,false,2.5911844,2.4752433,10.064713,-0.46754593,0.05994762,3
46.858112,0.24012089,49.33207845960211,8.571163915729064,0,1,6841.6885,0.062221535,4,1,false,false,2.6561599,2.448042,9.1219425,-0.4665588,0.05966909,3
46.898384,0.24029338,49.33207531252281,8.571173545622479,0,1,6847.928,0.06294808,4,1,false,false,2.5288801,2.4622085,8.972201,-0.46559042,0.057746112,3
46.93736,0.24046601,49.33207216544351,8.571183175515895,0,1,6855.995,0.06536927,4,1,false,false,2.5970302,2.3184779,10.337491,-0.4646547,0.05694935,3
46.975166,0.24063878,49.332069018364216,8.571192805619225,0,1,6871.8853,0.06948512,4,1,false,false,2.5622845,2.2465818,9.489801,-0.46365795,0.06298291,3
47.012486,0.24081166,49.332065871559315,8.57120243551264,0,1,6891.42,0.07263192,4,1,false,false,2.792201,2.3048291,9.124032,-0.46256617,0.0698287,3
47.051537,0.2409847,49.33206272448002,8.571212065406055,0,1,6904.5703,0.0726319,4,1,false,false,2.7076101,2.476443,9.388892,-0.46135575,0.07442212,3
47.0958,0.24115786,49.33205957740073,8.571221695299469,0,1,6902.779,0.0726319,4,1,false,false,2.879257,2.7001283,9.389043,-0.4600679,0.07803492,3
47.139385,0.24133117,49.33205643032143,8.571231325192885,0,1,6887.272,0.07214785,4,1,false,false,2.741038,2.652584,9.595147,-0.45874995,0.07911375,3
47.18119,0.24150467,49.33205328324213,8.571241092791151,0,1,6888.446,0.07045413,4,1,false,false,2.9820774,2.473175,10.20789,-0.4574486,0.078163154,3
47.221024,0.2416783,49.33205022616563,8.571250860179502,0,1,6903.616,0.06682144,4,1,false,false,2.8978298,2.405841,9.934201,-0.4561447,0.077288166,3
47.259903,0.24185209,49.33204707908633,8.571260490282834,0,1,6910.222,0.06343214,4,1,false,false,2.8391283,2.378756,9.15432,-0.45486584,0.07639525,3
47.29962,0.24202599,49.33204393228143,8.571270257671184,0,1,6914.83,0.06052784,4,1,false,false,2.8083103,2.4243934,9.790771,-0.45361707,0.07409532,3
47.33992,0.24220005,49.33204087493053,8.571280025269452,0,1,6922.071,0.057864152,4,1,false,false,3.0074413,2.421617,9.629529,-0.4523986,0.073251456,3
47.37901,0.24237427,49.33203772812563,8.571289792657803,0,1,6926.4834,0.057380103,4,1,false,false,3.0364132,2.372334,9.814851,-0.4512143,0.07038391,3
47.417423,0.2425486,49.33203467104912,8.571299560256069,0,1,6936.1646,0.05689511,4,1,false,false,2.9244945,2.3232257,10.563522,-0.45003015,0.07133902,3
47.45706,0.24272309,49.332031523969825,8.571309327644421,0,1,6948.5386,0.0583482,4,1,false,false,3.1283922,2.4493787,10.388602,-0.44882253,0.07276365,3
47.49736,0.24289772,49.33202846689332,8.571319095242687,0,1,6949.0215,0.058105707,4,1,false,false,3.1019466,2.5358276,10.036364,-0.4475924,0.07344265,3
47.538437,0.24307252,49.33202540981681,8.57132900033589,0,1,6945.7046,0.059074745,4,1,false,false,3.131814,2.5153265,9.823553,-0.4463802,0.071550995,3
47.579773,0.24324745,49.332022352465906,8.57133876772424,0,1,6946.888,0.059074745,4,1,false,false,3.1019332,2.4725583,9.886327,-0.44520068,0.06891327,3
47.619415,0.24342254,49.332019205661005,8.571348672817443,0,1,6948.6934,0.05931724,4,1,false,false,3.152371,2.391765,10.092263,-0.44408378,0.065939836,3
47.6579,0.24359779,49.3320161483101,8.571358577910647,0,1,6955.194,0.058590695,4,1,false,false,3.1076417,2.3233051,10.409731,-0.44299236,0.065302104,3
47.695568,0.24377313,49.3320130912336,8.571368345508914,0,1,6967.0435,0.058590695,4,1,false,false,3.0715048,2.2866313,9.61167,-0.44189698,0.066127434,3
47.73307,0.24394865,49.33201003415709,8.571378250602116,0,1,6977.6084,0.058105707,4,1,false,false,2.913622,2.2951715,8.9416065,-0.44080862,0.06482808,3
47.771698,0.24412431,49.33200697708059,8.571388155695319,0,1,6984.7256,0.057621658,4,1,false,false,2.7390428,2.391059,9.391173,-0.4397443,0.0625917,3
47.810738,0.24430011,49.33200392000408,8.571398060788523,0,1,6986.8525,0.058105707,4,1,false,false,2.8765433,2.3488204,9.967438,-0.43872643,0.06106803,3
47.848476,0.24447607,49.33200086292757,8.571407965881725,0,1,6992.3477,0.058590695,4,1,false,false,3.138164,2.2373354,9.65823,-0.4376888,0.06513036,3
47.885258,0.24465215,49.33199780585107,8.571418008469864,0,1,7008.5435,0.059074745,4,1,false,false,2.8866222,2.2393048,9.517919,-0.43657526,0.0676182,3
47.922535,0.24482839,49.331994838640156,8.571427913563067,0,1,7020.7134,0.058105707,4,1,false,false,2.7374895,2.3049388,9.885445,-0.4354101,0.070034176,3
47.96407,0.24500477,49.331991781426446,8.57143781865627,0,1,7020.4727,0.0583482,4,1,false,false,3.05812,2.6273224,10.350132,-0.43422985,0.07032036,3
48.005093,0.24518128,49.33198872434994,8.571447861244408,0,1,7006.035,0.056895114,4,1,false,false,3.1843731,2.4448879,10.522609,-0.43307573,0.0685859,3
48.045082,0.24535798,49.33198575713903,8.571457903832547,0,1,7007.5205,0.05568452,4,1,false,false,3.1401045,2.4086504,10.996149,-0.43193048,0.067297384,3
48.082874,0.24553482,49.33198270006252,8.57146780892575,0,1,7019.199,0.055201408,4,1,false,false,3.0109959,2.265541,9.7784,-0.43079692,0.06690273,3
48.12012,0.24571179,49.33197973285161,8.571477851513889,0,1,7023.5303,0.055684514,4,1,false,false,2.873321,2.2986252,9.951377,-0.42971998,0.062495884,3
48.158466,0.24588892,49.3319766757751,8.571487894311943,0,1,7025.9165,0.054474864,4,1,false,false,2.9874573,2.3526096,10.889759,-0.42870766,0.0591614,3
48.196136,0.24606618,49.331973708564185,8.571497936900082,0,1,7030.13,0.054717354,4,1,false,false,3.0888033,2.250257,10.162008,-0.42773885,0.057638492,3
48.225925,0.2462436,49.331970741353274,8.57150797948822,0,1,6886.2397,0.05495891,0,1,false,false,2.7880647,0.6899292,9.043068,-0.42678213,0.056989793,3
48.214314,0.24642105,49.33196768427677,8.571518022286275,0,1,6750.8677,0.05423237,0,1,false,false,2.8062665,-1.0846467,9.967722,-0.4258607,0.05414093,3
48.241196,0.24659848,49.33196471706585,8.57152820236935,0,1,5857.982,0.05326427,5,1,false,false,2.7465053,4.7861667,11.129549,-0.42496622,0.054875758,3
48.31727,0.24677618,49.33196174985494,8.57153824495749,0,1,5641.2817,0.052537724,5,1,false,false,2.7899835,2.8757722,8.290691,-0.42399952,0.060563743,3
48.324184,0.24695401,49.33195878264402,8.571548287755544,0,1,6043.2905,0.051568687,5,1,false,false,2.2337077,-0.08811447,8.784933,-0.4230144,0.055944365,3
48.350452,0.2471319,49.33195581543311,8.571558467838619,0,1,5933.278,0.050359033,5,1,false,false,2.2087858,2.8899746,9.307692,-0.4221389,0.050932236,3
48.40412,0.24730997,49.33195284835939,8.571568510636673,0,1,5808.9946,0.05035903,5,1,false,false,2.5009384,2.9080606,9.758158,-0.42131153,0.05129889,3
48.437874,0.24748822,49.33194988114848,8.571578690719749,0,1,5925.0273,0.05035903,5,1,false,false,2.6095424,1.6171194,10.215915,-0.4204346,0.054605007,3
48.467587,0.24766655,49.331946913937564,8.57158887101274,0,1,5950.183,0.051811177,5,1,false,false,2.6381118,2.1353607,9.77581,-0.41948682,0.0582871,3
48.50917,0.24784505,49.33194394672665,8.57159905130573,0,1,5899.931,0.052053675,5,1,false,false,2.416062,2.6884975,9.242599,-0.41846812,0.06135948,3
48.55145,0.2480237,49.331940979515736,8.571609231388804,0,1,5912.169,0.051084638,5,1,false,false,2.5496612,2.4274533,9.166602,-0.4174501,0.059695452,3
48.589493,0.24820253,49.331938012304825,8.571619411681795,0,1,5917.6904,0.047211304,5,1,false,false,2.5572023,2.2948804,9.710454,-0.41649225,0.055326074,3
48.627563,0.2483815,49.3319351350967,8.57162959176487,0,1,5904.6465,0.044548556,5,1,false,false,2.5983155,2.260716,9.483237,-0.41559878,0.053529333,3
48.66305,0.24856059,49.33193216788578,8.57163977205786,0,1,5918.4824,0.044791047,5,1,false,false,2.4570217,2.0813646,10.387614,-0.41472962,0.05249033,3
48.697186,0.24873985,49.33192920067487,8.571649952350851,0,1,5938.863,0.04430606,5,1,false,false,2.303321,2.114181,10.584682,-0.41385636,0.05220078,3
48.733303,0.24891926,49.33192632332955,8.571660270138779,0,1,5942.2383,0.04067428,5,1,false,false,2.360095,2.234309,9.523171,-0.4129775,0.05241409,3
48.771263,0.2490988,49.33192335611863,8.571670450221852,0,1,5943.7476,0.0370425,5,1,false,false,2.4010541,2.3509266,9.406782,-0.41209403,0.052755117,3
48.81065,0.24927849,49.33192047891051,8.571680768009779,0,1,5944.0576,0.036558446,5,1,false,false,2.3206794,2.394831,9.979754,-0.41123438,0.04938123,3
48.849083,0.24945831,49.331917511699594,8.57169094830277,0,1,5936.811,0.036800936,5,1,false,false,2.1679747,2.2862995,9.576732,-0.4104568,0.04377512,3
48.885235,0.2496383,49.33191463449147,8.571701266090697,0,1,5943.0015,0.037284985,5,1,false,false,2.2515652,2.1414702,10.086817,-0.40975505,0.041775003,3
48.920406,0.24981841,49.33191166728056,8.571711583878624,0,1,5959.009,0.03994773,5,1,false,false,2.25782,2.1361198,9.79234,-0.40906388,0.041463822,3
48.95627,0.2499987,49.331908789935234,8.57172190166655,0,1,5963.3306,0.04188487,5,1,false,false,2.1806107,2.200297,8.96119,-0.4083781,0.041190416,3
48.992992,0.25017914,49.33190591272711,8.571732219454477,0,1,5965.8257,0.04188487,5,1,false,false,2.147997,2.257514,9.944398,-0.4076913,0.041776363,3
49.030293,0.25035968,49.331903035381785,8.571742537242404,0,1,5972.024,0.04140082,5,1,false,false,2.23669,2.247933,10.202939,-0.40698525,0.043426447,3
49.066795,0.25054038,49.331900068170874,8.57175285503033,0,1,5973.2017,0.041642375,5,1,false,false,1.9612076,2.1719215,9.572645,-0.40624768,0.044429287,3
49.102688,0.25072122,49.33189719096275,8.571763172818256,0,1,5981.528,0.04236892,5,1,false,false,1.9848936,2.1960454,9.926048,-0.4054929,0.04583178,3
49.13965,0.2509022,49.331894313617425,8.571773490606184,0,1,5989.7617,0.040915836,5,1,false,false,2.0953345,2.2552872,9.682979,-0.40472642,0.045922093,3
49.176945,0.25108334,49.3318914364093,8.571783945889045,0,1,5985.842,0.03922213,5,1,false,false,2.1071806,2.265999,9.525488,-0.40396842,0.045133214,3
49.214443,0.25126463,49.33188855906398,8.571794263676972,0,1,5988.8213,0.03849558,5,1,false,false,2.0146418,2.2590547,10.198677,-0.40321407,0.044746038,3
49.25089,0.2514461,49.33188568185586,8.571804719169752,0,1,5994.3823,0.039222125,5,1,false,false,2.0112526,2.1920333,9.982891,-0.40247005,0.04459451,3
49.286995,0.25162762,49.331882804510535,8.571815036957677,0,1,5998.0435,0.03849558,5,1,false,false,1.9659681,2.1688309,9.545005,-0.40172756,0.04470802,3
49.323242,0.25180933,49.33187992730241,8.57182549224054,0,1,6004.924,0.03776904,5,1,false,false,2.0206997,2.1984637,10.0216875,-0.40098348,0.04491143,3
49.359837,0.25199118,49.331877049957086,8.571835947523402,0,1,6008.576,0.037042495,5,1,false,false,2.0011244,2.2299182,10.469033,-0.40023795,0.044652157,3
49.395683,0.25217316,49.33187417274896,8.57184626531133,0,1,6010.4844,0.03680094,5,1,false,false,2.014943,2.1600935,9.725097,-0.39949504,0.044489082,3
49.431755,0.25235525,49.331871295403644,8.571856720804108,0,1,6019.505,0.03752748,5,1,false,false,1.9269979,2.1910942,9.942062,-0.39873862,0.04506241,3
49.46853,0.25253746,49.33186841819552,8.57186717608697,0,1,6022.155,0.040431775,5,1,false,false,2.0587897,2.244791,10.528815,-0.3979773,0.045599308,3
49.505505,0.25271982,49.331865540850195,8.571877769074685,0,1,6019.201,0.043337956,5,1,false,false,2.1605368,2.2268143,10.626677,-0.39721066,0.04622682,3
49.541668,0.25290233,49.33186266350487,8.571888224357547,0,1,6023.8867,0.045516647,5,1,false,false,2.224243,2.1738672,10.710044,-0.39642787,0.047214184,3
49.577274,0.25308496,49.33185987616234,8.571898679850326,0,1,6030.9536,0.04648475,5,1,false,false,2.2101755,2.1721556,10.250947,-0.3956202,0.048279688,3
49.613342,0.2532677,49.331856998954215,8.571909135133188,0,1,6032.3296,0.04793784,5,1,false,false,2.2324145,2.2068913,10.166257,-0.3947989,0.04940924,3
49.649406,0.2534506,49.33185412160889,8.571919728120903,0,1,6032.6387,0.04890594,5,1,false,false,2.1748328,2.1805758,10.647535,-0.39396945,0.049608994,3
49.684902,0.25363362,49.33185133426636,8.571930183403765,0,1,6037.633,0.04769535,5,1,false,false,2.2812915,2.1263797,10.671348,-0.3931376,0.050193056,3
49.719532,0.25381675,49.331848457058236,8.57194077639148,0,1,6043.522,0.046000704,5,1,false,false,2.2314181,2.1015313,9.958834,-0.39228934,0.051232353,3
49.754265,0.25400004,49.331845669578506,8.571951231674342,0,1,6050.657,0.045032606,5,1,false,false,2.0511482,2.134553,9.329366,-0.39142177,0.05200256,3
49.78933,0.2541834,49.33184279237038,8.571961824662058,0,1,6055.3735,0.044548552,5,1,false,false,2.04809,2.141204,9.077136,-0.3905709,0.05063762,3
49.824364,0.25436693,49.33184000502785,8.571972417649771,0,1,6057.901,0.043579515,5,1,false,false,1.9993016,2.1048224,9.152803,-0.38975668,0.048648726,3
49.858482,0.25455058,49.331837127682526,8.571983010427571,0,1,6065.6094,0.044064503,5,1,false,false,2.0207698,2.023325,9.036718,-0.3889736,0.047267515,3
49.891533,0.25473434,49.331834340339995,8.571993603415285,0,1,6078.855,0.045274157,5,1,false,false,1.9132919,1.9870994,9.0249405,-0.3881816,0.04860033,3
49.924786,0.25491822,49.33183146313188,8.572004196402998,0,1,6091.45,0.04745379,5,1,false,false,2.131323,2.0560732,9.589745,-0.38735282,0.05213529,3
49.959873,0.25510222,49.33182867565214,8.572014789180798,0,1,6098.167,0.048180334,5,1,false,false,2.0968328,2.154723,9.371665,-0.3864644,0.05447848,3
49.996727,0.25528637,49.33182588830961,8.572025382168512,0,1,6098.513,0.04745379,5,1,false,false,2.2164922,2.2734287,9.612112,-0.38553652,0.05626863,3
50.034256,0.2554706,49.33182310096708,8.572036112651162,0,1,6096.1465,0.046968803,5,1,false,false,2.2962646,2.3209572,9.688166,-0.38458437,0.057440948,3
50.07146,0.25565502,49.33182022375895,8.572046705638877,0,1,6093.4517,0.046484753,5,1,false,false,2.273465,2.2271607,9.756987,-0.38363355,0.05645486,3
50.10768,0.25583953,49.33181743627922,8.572057298626591,0,1,6094.657,0.045516655,5,1,false,false,2.2867184,2.1745393,9.871946,-0.3826958,0.055738587,3
50.142902,0.2560242,49.33181464893669,8.572068029109243,0,1,6098.602,0.045274157,5,1,false,false,2.3107936,2.0983744,9.891163,-0.38178813,0.05381662,3
50.177876,0.25620896,49.33181186159416,8.572078759591893,0,1,6103.0996,0.04479105,5,1,false,false,2.2491353,2.098126,9.706883,-0.38089952,0.052562375,3
50.212643,0.25639388,49.33180907425163,8.572089352579606,0,1,6108.6006,0.0450326,5,1,false,false,2.3703923,2.0980937,10.389417,-0.3800251,0.05252033,3
50.247494,0.25657892,49.3318062869091,8.572100083062258,0,1,6113.036,0.04551665,5,1,false,false,2.420938,2.1038048,10.22228,-0.37913847,0.053621557,3
50.282436,0.25676405,49.33180349956656,8.572110813544908,0,1,6116.725,0.045274157,5,1,false,false,2.3081496,2.099767,9.705755,-0.3782477,0.052720275,3
50.317593,0.25694934,49.33180071208683,8.572121544027558,0,1,6120.4766,0.044306062,5,1,false,false,2.48092,2.1760857,10.407257,-0.37736416,0.053068817,3
50.35316,0.25713474,49.33179801474709,8.572132274510208,0,1,6121.253,0.044548552,5,1,false,false,2.4329057,2.1545568,10.374839,-0.37647972,0.052345082,3
50.38798,0.25732026,49.331795227267364,8.57214300499286,0,1,6121.9062,0.0450326,5,1,false,false,2.4248934,2.1223216,10.375663,-0.37560564,0.052036203,3
50.42223,0.2575059,49.331792439924826,8.57215373547551,0,1,6129.949,0.0450326,5,1,false,false,2.3902698,2.0931284,9.925161,-0.37473622,0.051503118,3
50.456554,0.25769168,49.331789652582295,8.57216446595816,0,1,6134.0347,0.044548552,5,1,false,false,2.3919902,2.0925217,9.833385,-0.37388605,0.0504835,3
50.4915,0.25787756,49.33178695510536,8.572175334145662,0,1,6133.723,0.044064503,5,1,false,false,2.27377,2.1277165,9.337898,-0.3730578,0.048752297,3
50.525337,0.25806358,49.33178416776283,8.572186064628312,0,1,6138.0054,0.043579515,5,1,false,false,2.333351,2.0234752,9.767063,-0.37225947,0.048038375,3
50.558342,0.25824973,49.33178147028588,8.5721969326059,0,1,6147.5454,0.044548552,5,1,false,false,2.2329495,1.9783124,9.197963,-0.3714659,0.047969226,3
50.591488,0.25843596,49.33177868294335,8.57220766308855,0,1,6156.321,0.044548552,5,1,false,false,2.2588742,2.0040038,9.14022,-0.37066826,0.04833922,3
50.624702,0.25862235,49.331775985466415,8.572218531276052,0,1,6163.165,0.044548552,5,1,false,false,2.3226507,2.0798297,9.214831,-0.3698593,0.049178794,3
50.658833,0.25880882,49.331773198123884,8.572229399253638,0,1,6168.97,0.0450326,5,1,false,false,2.122918,2.0625691,9.1490345,-0.3690201,0.050505903,3
50.694,0.25899544,49.33177050078414,8.572240129736288,0,1,6170.6836,0.0469688,5,1,false,false,2.399953,2.142139,10.141801,-0.3681735,0.051882964,3
50.72824,0.25918218,49.33176771330441,8.57225099792379,0,1,6171.6587,0.047211297,5,1,false,false,2.341585,2.1206083,10.033195,-0.36729226,0.053809334,3
50.76174,0.25936905,49.33176501596467,8.572261865901378,0,1,6179.2085,0.046968803,5,1,false,false,2.404387,2.0134695,9.534617,-0.36638552,0.055330962,3
50.795925,0.259556,49.331762318487726,8.572272733878965,0,1,6185.885,0.046000704,5,1,false,false,2.4310622,2.1175866,10.895093,-0.36544573,0.056919977,3
50.831444,0.2597431,49.33175962101079,8.572283602066467,0,1,6182.9,0.045032606,5,1,false,false,2.600016,2.1528769,10.792417,-0.36448586,0.058016963,3
50.866158,0.25993034,49.331756923533845,8.572294607748905,0,1,6180.092,0.043095466,5,1,false,false,2.447282,2.0839646,9.559858,-0.36351436,0.057805546,3
50.90026,0.26011768,49.33175422605691,8.572305475726491,0,1,6187.8423,0.042368922,5,1,false,false,2.5811458,2.0833895,10.090283,-0.36256558,0.056317326,3
50.934086,0.26030517,49.33175143871438,8.572316343913993,0,1,6189.43,0.042368922,5,1,false,false,2.5407882,2.0719,10.282901,-0.36165684,0.052904557,3
50.967426,0.26049277,49.331748831240226,8.572327349386516,0,1,6189.0234,0.04333796,5,1,false,false,2.4656305,1.9596803,9.380828,-0.36080453,0.049784295,3
50.999542,0.2606805,49.33174613376328,8.572338217574018,0,1,6200.2617,0.044306055,5,1,false,false,2.5486581,1.9388793,9.669565,-0.3599948,0.048600025,3
51.031414,0.2608683,49.331743436286345,8.572349223256456,0,1,6211.0264,0.044791047,5,1,false,false,2.5987682,1.9668896,10.338009,-0.35917705,0.050618485,3
51.064404,0.26105624,49.3317407388094,8.572360228728979,0,1,6213.3647,0.04551665,5,1,false,false,2.654725,1.9900233,10.048196,-0.3583137,0.05365937,3
51.097324,0.2612443,49.33173804146966,8.57237109691648,0,1,6218.667,0.0450326,5,1,false,false,2.4619634,2.0301714,9.817034,-0.357408,0.054432575,3
51.13076,0.2614325,49.331735343992726,8.572382102598919,0,1,6226.3633,0.044064503,5,1,false,false,2.3799582,2.0574985,9.392119,-0.35649356,0.05399383,3
51.165104,0.2616208,49.331732736381376,8.572393108071442,0,1,6223.968,0.04333796,5,1,false,false,2.315106,2.1024039,9.310376,-0.35561597,0.050905507,3
51.199287,0.26180926,49.33173003904163,8.57240411375388,0,1,6222.77,0.043095462,5,1,false,false,2.3627865,2.0388463,9.290063,-0.35479316,0.048554357,3
51.231503,0.26199782,49.331727341564694,8.572415119436318,0,1,6230.2056,0.043579515,5,1,false,false,2.2602673,1.9069929,9.408955,-0.35402033,0.045680124,3
51.26285,0.26218647,49.331724733953344,8.572426125118756,0,1,6241.5537,0.043579515,5,1,false,false,2.369103,1.8914442,9.952309,-0.35327134,0.045879595,3
51.294674,0.26237524,49.33172203647641,8.572437268296131,0,1,6251.2007,0.044548552,5,1,false,false,2.4218884,1.9424369,9.893066,-0.3524899,0.048271663,3
51.326603,0.26256415,49.331719429002256,8.57244827397857,0,1,6258.0728,0.04648475,5,1,false,false,2.2846854,1.9797686,8.717475,-0.3516463,0.052162223,3
51.36131,0.2627532,49.331716821528104,8.572459279661008,0,1,6262.8716,0.047695346,5,1,false,false,2.2192261,2.1268485,9.202943,-0.3507757,0.051246386,3
51.396767,0.2629423,49.33171412405117,8.57247042283838,0,1,6255.074,0.046968803,5,1,false,false,2.3766484,2.1420581,9.49682,-0.3499299,0.05034885,3
51.431213,0.26313162,49.33171151643982,8.572481428310903,0,1,6252.1255,0.046968803,5,1,false,false,2.4727988,1.9794939,9.699544,-0.34908813,0.051205806,3
51.463203,0.26332104,49.331708908965666,8.572492571698193,0,1,6262.654,0.046968803,5,1,false,false,2.3828425,1.9261187,10.337298,-0.34822658,0.05235561,3
51.49548,0.26351056,49.331706301354316,8.572503577170716,0,1,6272.466,0.044306062,5,1,false,false,2.3487353,1.9580431,10.475998,-0.34734115,0.053040177,3
51.52873,0.2637002,49.33170360401458,8.572514720558006,0,1,6272.2485,0.04164238,5,1,false,false,2.5109873,2.0476909,10.075101,-0.34644592,0.053589307,3
51.56295,0.26389,49.33170099640323,8.57252586373538,0,1,6273.145,0.038495585,5,1,false,false,2.352356,2.0925272,9.936612,-0.3455473,0.052559044,3
51.59702,0.26407987,49.33169838892908,8.572537006912755,0,1,6272.022,0.036558446,5,1,false,false,2.4435976,2.0329852,10.72058,-0.34469816,0.049117137,3
51.63052,0.26426992,49.33169578131773,8.572548150090128,0,1,6271.6313,0.03437975,5,1,false,false,2.4200592,2.0224607,11.270438,-0.3438967,0.04631277,3
51.66291,0.26446006,49.33169317384358,8.572559293267503,0,1,6276.4937,0.03268511,5,1,false,false,2.2924895,1.9449658,9.563208,-0.3431246,0.045033105,3
51.69512,0.26465032,49.33169056623223,8.572570436444877,0,1,6282.7466,0.031716067,5,1,false,false,2.226024,1.9737451,9.354725,-0.3423932,0.042378824,3
51.727837,0.2648407,49.331688048623676,8.572581579832168,0,1,6284.5513,0.030505475,5,1,false,false,2.0991116,2.0039268,10.296555,-0.34171507,0.038951088,3
51.760197,0.2650312,49.331685441149524,8.572592860504477,0,1,6285.02,0.030262979,5,1,false,false,2.1730552,1.8952464,10.420773,-0.3410929,0.03676819,3
51.790905,0.2652218,49.33168283367537,8.572604003681851,0,1,6295.02,0.030021425,5,1,false,false,1.9568868,1.8326759,9.029784,-0.34048423,0.036146227,3
51.821613,0.2654125,49.33168022606402,8.572615146859226,0,1,6308.892,0.02977893,5,1,false,false,1.974895,1.8937861,9.528633,-0.33987477,0.036886632,3
51.854122,0.26560333,49.331677708455466,8.572626427741453,0,1,6310.5312,0.030021423,5,1,false,false,2.0126426,2.012367,9.733565,-0.3392654,0.036379546,3
51.887203,0.26579428,49.33167510098132,8.572637570918825,0,1,6307.095,0.030262979,5,1,false,false,1.8821496,1.9386415,9.667191,-0.33866158,0.035909396,3
51.91957,0.26598534,49.33167249336997,8.572648851696094,0,1,6314.272,0.030989524,5,1,false,false,1.9056051,1.9420601,9.621216,-0.33806428,0.03545319,3
51.95145,0.2661765,49.331669975761415,8.572660132473363,0,1,6319.9893,0.030989524,5,1,false,false,1.9533195,1.9407701,10.215886,-0.33746848,0.035958055,3
51.98393,0.2663678,49.33166736828726,8.57267141325063,0,1,6321.067,0.03195856,5,1,false,false,1.9843668,1.977609,10.331267,-0.336861,0.03651902,3
52.016434,0.26655918,49.331664850678706,8.572682556532962,0,1,6323.0913,0.03195856,5,1,false,false,2.0249798,1.950488,10.741878,-0.3362393,0.037547983,3
52.048904,0.2667507,49.331662243067356,8.572693837310231,0,1,6326.761,0.03195856,5,1,false,false,1.944262,1.9766717,10.484237,-0.3356002,0.03786388,3
52.081264,0.26694232,49.3316597254588,8.5727051180875,0,1,6327.6426,0.030989524,5,1,false,false,1.9274138,1.9720765,10.355019,-0.33496082,0.037804812,3
52.113743,0.2671341,49.33165720785024,8.572716398864767,0,1,6327.5815,0.029778931,5,1,false,false,1.8747056,1.9683936,9.924713,-0.33433482,0.0366853,3
52.14547,0.26732597,49.33165460023889,8.572727817136972,0,1,6330.1094,0.028326781,5,1,false,false,1.8594353,1.8968014,9.860832,-0.3337364,0.03538943,3
52.176434,0.26751795,49.331652082630335,8.572739097914239,0,1,6334.691,0.028085222,5,1,false,false,1.7877839,1.8664483,10.154095,-0.33315808,0.034549013,3
52.206802,0.26771003,49.33164956502178,8.572750378796465,0,1,6342.0796,0.02808522,5,1,false,false,1.6738919,1.8233198,10.026344,-0.3326007,0.032878183,3
52.236816,0.26790223,49.331646957547626,8.572761659573734,0,1,6350.1934,0.027842727,5,1,false,false,1.6751113,1.8235297,9.6102495,-0.33205968,0.032433342,3
52.267517,0.26809454,49.33164443993907,8.572773077845937,0,1,6357.835,0.02953737,5,1,false,false,1.6942161,1.8823879,10.023872,-0.3315135,0.03275338,3
52.29894,0.26828694,49.33164192233051,8.572784358623206,0,1,6360.657,0.031716064,5,1,false,false,1.7434102,1.9191983,9.362803,-0.33095652,0.033982728,3
52.330418,0.26847947,49.331639404721955,8.572795777000367,0,1,6362.5464,0.033411648,5,1,false,false,1.5777518,1.9014299,8.953062,-0.3303923,0.03326057,3
52.36177,0.2686721,49.3316368871134,8.572807057777636,0,1,6367.349,0.0355894,5,1,false,false,1.6729991,1.896403,8.771891,-0.3298384,0.034072697,3
52.392704,0.26886487,49.33163436936764,8.572818476154799,0,1,6371.5483,0.037527483,5,1,false,false,1.659186,1.841625,9.190972,-0.3292825,0.034238603,3
52.42276,0.26905772,49.331631851759084,8.57282989453196,0,1,6377.842,0.038495578,5,1,false,false,1.789889,1.7929449,10.358506,-0.3287013,0.03729617,3
52.45253,0.2692507,49.33162933415052,8.572841312804165,0,1,6390.219,0.039706174,5,1,false,false,1.8195685,1.8015019,10.814389,-0.3280519,0.04085099,3
52.483425,0.26944378,49.33162681654196,8.572852593581432,0,1,6397.6006,0.039706174,5,1,false,false,1.8351711,1.9167981,9.594695,-0.32731906,0.045359388,3
52.51699,0.26963696,49.331624298933406,8.572864011958595,0,1,6395.574,0.039706174,5,1,false,false,1.8102314,2.112028,10.238213,-0.32652694,0.046817843,3
52.55179,0.26983026,49.33162178132485,8.572875430335756,0,1,6383.7627,0.03849558,5,1,false,false,1.9982146,2.102661,11.0689745,-0.32573846,0.046839315,3
52.58511,0.2700237,49.33161926371629,8.572886848712919,0,1,6377.7305,0.03728499,5,1,false,false,2.0007596,1.9375952,10.198725,-0.32495686,0.046173785,3
52.615574,0.27021724,49.33161683597333,8.572898404585017,0,1,6383.961,0.03680094,5,1,false,false,1.874185,1.8156481,10.27317,-0.32419243,0.045044914,3
52.64537,0.27041093,49.33161431836477,8.57290982296218,0,1,6391.5903,0.035105355,5,1,false,false,1.942694,1.8346709,10.421957,-0.32346365,0.04252335,3
52.675343,0.27060467,49.331611800756214,8.57292124133934,0,1,6394.428,0.03341165,5,1,false,false,1.9547502,1.8021178,9.5902605,-0.32276735,0.041617196,3
52.704647,0.27079856,49.33160928314765,8.572932659611546,0,1,6399.9414,0.034379747,5,1,false,false,1.7566205,1.7793944,9.739079,-0.32208276,0.040859476,3
52.734066,0.27099252,49.33160685540469,8.5729442155886,0,1,6410.6157,0.034138195,5,1,false,false,1.7613454,1.7875127,9.636274,-0.32142642,0.03875765,3
52.76345,0.27118662,49.33160433779613,8.572955633965764,0,1,6415.763,0.03292666,5,1,false,false,1.9512314,1.776248,9.979595,-0.32078177,0.039941896,3
52.793144,0.2713808,49.331601910190365,8.572967189837861,0,1,6423.2104,0.033895697,5,1,false,false,1.8395611,1.8171144,9.105389,-0.32009283,0.04223259,3
52.823246,0.2715751,49.3315993924446,8.572978608215022,0,1,6430.2344,0.033895697,5,1,false,false,1.7807176,1.8431138,9.817046,-0.3193876,0.042408198,3
52.854614,0.2717695,49.33159696483884,8.572990164087122,0,1,6431.017,0.031474512,5,1,false,false,1.8770142,1.9393836,11.427533,-0.31866944,0.043064356,3
52.886333,0.27196404,49.33159444723028,8.573001720064177,0,1,6429.502,0.031716064,5,1,false,false,1.975652,1.8957981,10.080375,-0.3179278,0.044738207,3
52.917233,0.27215868,49.33159201948732,8.573013275936274,0,1,6431.905,0.03244261,5,1,false,false,1.8101885,1.8939396,10.119136,-0.31717572,0.043326445,3
52.94892,0.27235344,49.33158959174435,8.573024831913331,0,1,6433.609,0.030989524,5,1,false,false,2.0016663,1.9892519,10.714975,-0.316471,0.040191095,3
52.980804,0.2725483,49.33158707413579,8.573036387785429,0,1,6425.3774,0.031474512,5,1,false,false,2.167002,1.9082196,10.768035,-0.31581682,0.038418725,3
53.010998,0.27274325,49.33158464639283,8.573047943762486,0,1,6426.23,0.03316915,5,1,false,false,2.0176797,1.7906035,9.561062,-0.3151849,0.037318185,3
53.039448,0.27293834,49.331582218787055,8.573059499634583,0,1,6438.033,0.033895697,5,1,false,false,1.8441826,1.7289945,9.781048,-0.31458107,0.03539677,3
53.06814,0.27313355,49.33157979104409,8.573071055611639,0,1,6443.948,0.033895697,5,1,false,false,1.94483,1.7593852,9.872049,-0.31401196,0.03458225,3
53.096138,0.27332884,49.33157736330112,8.573082611483738,0,1,6447.7593,0.034379747,5,1,false,false,1.7618083,1.6862564,10.143953,-0.31343544,0.03537325,3
53.124325,0.27352422,49.331574845692565,8.573094167460793,0,1,6461.4067,0.035105355,5,1,false,false,1.8404826,1.7356538,9.832988,-0.3128304,0.03733347,3
53.153328,0.27371973,49.3315724179496,8.573105860932785,0,1,6469.6543,0.035105355,5,1,false,false,1.6559107,1.8066013,8.3651495,-0.31220776,0.036473643,3
53.18374,0.27391535,49.33156999034383,8.573117416804882,0,1,6468.294,0.036800936,5,1,false,false,1.7731249,1.886021,8.985498,-0.31160167,0.036761016,3
53.214752,0.27411106,49.33156756260087,8.573128972781939,0,1,6468.334,0.039947726,5,1,false,false,1.8274455,1.8400065,10.3581085,-0.31100184,0.036216777,3
53.243458,0.27430686,49.331565134857904,8.57314066625393,0,1,6472.2705,0.040674277,5,1,false,false,1.9384937,1.7105963,8.879833,-0.31038696,0.03907369,3
53.271786,0.2745028,49.331562797117726,8.573152359725922,0,1,6485.8115,0.040431783,5,1,false,false,1.7491293,1.7268487,9.081754,-0.30971965,0.041195188,3
53.30181,0.27469885,49.331560369374756,8.57316391570298,0,1,6490.7505,0.03922213,5,1,false,false,1.9253957,1.8973093,10.038053,-0.30900028,0.045064505,3
53.333195,0.274895,49.33155794163179,8.573175609174971,0,1,6483.8247,0.03897963,5,1,false,false,1.8199489,1.833837,9.508825,-0.3082422,0.045511115,3
53.363148,0.27509126,49.33155551402603,8.573187302646962,0,1,6485.9644,0.03728499,5,1,false,false,1.71123,1.810972,9.8716545,-0.30747718,0.045498423,3
53.393276,0.27528763,49.33155308628306,8.573198996118954,0,1,6495.5938,0.035589408,5,1,false,false,1.8736778,1.8319358,10.125748,-0.3067328,0.04353731,3
53.423702,0.2754841,49.33155074854289,8.573210689695905,0,1,6490.21,0.03462131,5,1,false,false,2.0079143,1.8726723,9.699059,-0.30600247,0.04384989,3
53.454227,0.27568075,49.33154832079992,8.573222245568003,0,1,6488.742,0.03534785,5,1,false,false,1.9670682,1.8231434,9.728472,-0.30527535,0.043245506,3
53.483418,0.27587745,49.331545893056955,8.573234076639888,0,1,6495.403,0.035589404,5,1,false,false,1.8337374,1.7657045,9.980926,-0.30456495,0.04188623,3
53.512127,0.27607423,49.33154355531678,8.57324577011188,0,1,6498.845,0.035589408,5,1,false,false,1.913339,1.7287203,9.702689,-0.3038832,0.040503167,3
53.540867,0.27627116,49.331541127573814,8.573257463583872,0,1,6503.0996,0.035589408,5,1,false,false,2.058513,1.7406493,10.124373,-0.3032093,0.041032143,3
53.5696,0.2764682,49.33153878983364,8.573269157160823,0,1,6510.087,0.037042495,5,1,false,false,1.9689918,1.7390549,9.083434,-0.3025077,0.042889394,3
53.598347,0.27666533,49.33153636209067,8.573280850632814,0,1,6513.25,0.03849558,5,1,false,false,1.8081931,1.7565516,8.752972,-0.30180565,0.04150111,3
53.62754,0.2768626,49.331534024350496,8.5732926817047,0,1,6517.2856,0.03897963,5,1,false,false,2.034405,1.773286,10.036613,-0.30112445,0.0416454,3
53.65623,0.27705994,49.33153168647312,8.573304375176692,0,1,6520.8755,0.040190224,5,1,false,false,2.0263085,1.7014581,9.630935,-0.30043757,0.04236039,3
53.683964,0.27725738,49.331529258867356,8.573316206248577,0,1,6528.596,0.040915832,5,1,false,false,1.9712404,1.6786544,10.188275,-0.29969484,0.04662032,3
53.712933,0.27745494,49.33152692098998,8.573327899720569,0,1,6538.223,0.04236892,5,1,false,false,2.1534047,1.8067873,10.066701,-0.29889056,0.049144667,3
53.742897,0.27765262,49.3315245832498,8.573339730792455,0,1,6535.226,0.041400824,5,1,false,false,2.058682,1.864684,10.145449,-0.29803345,0.05086672,3
53.77476,0.27785042,49.331522245509625,8.57335156186434,0,1,6530.194,0.041642375,5,1,false,false,2.4680998,1.9166471,10.802168,-0.29716808,0.052174706,3
53.80513,0.2780483,49.331519907632256,8.573363255336334,0,1,6525.0977,0.040915832,5,1,false,false,2.2498398,1.824104,10.339064,-0.29629475,0.05108814,3
53.83423,0.2782463,49.33151756989208,8.57337508640822,0,1,6527.5835,0.040190227,5,1,false,false,2.3629136,1.7145123,10.802482,-0.29545003,0.050734125,3
53.862167,0.2784444,49.3315152321519,8.573386917480105,0,1,6532.74,0.038495585,5,1,false,false,2.288919,1.7251263,10.713346,-0.29462522,0.048280854,3
53.890007,0.27864262,49.331512894274525,8.573398748551991,0,1,6536.532,0.036074396,5,1,false,false,2.2840178,1.6963743,10.249103,-0.29381332,0.048568666,3
53.917862,0.27884093,49.331510556534354,8.573410579623877,0,1,6541.14,0.036074392,5,1,false,false,2.383861,1.7443882,11.037836,-0.29301357,0.04734481,3
53.945988,0.27903932,49.33150821865698,8.573422410695763,0,1,6545.2944,0.036074392,5,1,false,false,2.18974,1.7178109,10.151301,-0.29221937,0.04645285,3
53.9738,0.27923784,49.3315058809168,8.57343424166269,0,1,6546.831,0.037769035,5,1,false,false,2.2227042,1.6976973,9.740893,-0.29146567,0.04378663,3
54.001854,0.27943644,49.33150363304222,8.57344621033447,0,1,6551.974,0.03994773,5,1,false,false,2.2590635,1.7336487,9.802934,-0.29074135,0.043102484,3
54.029457,0.27963513,49.33150129530204,8.573458041406356,0,1,6554.3687,0.043337956,5,1,false,false,2.1644275,1.6470722,8.66492,-0.2900411,0.041631903,3
54.05585,0.27983394,49.33149895742467,8.573469872478242,0,1,6560.038,0.046000697,5,1,false,false,2.374747,1.6029388,10.235828,-0.28934804,0.04356765,3
54.082474,0.2800328,49.33149670955009,8.573481841150022,0,1,6573.2393,0.049874976,5,1,false,false,2.4226274,1.6141312,9.960059,-0.2885864,0.04810144,3
54.10867,0.2802318,49.33149437180991,8.573493672221908,0,1,6577.954,0.051084634,5,1,false,false,2.2786286,1.6247861,9.622356,-0.28774628,0.05226118,3
54.13708,0.28043088,49.33149212393533,8.57350564078873,0,1,6585.2515,0.051084638,5,1,false,false,2.4431505,1.8323015,9.738718,-0.28682235,0.057543427,3
54.16738,0.28063008,49.33148978619515,8.573517471860615,0,1,6580.5356,0.052053675,5,1,false,false,2.4573689,1.83405,9.440945,-0.2858507,0.058239203,3
54.196583,0.28082937,49.331487538320566,8.573529440479916,0,1,6570.452,0.051568687,5,1,false,false,2.271421,1.774367,9.756616,-0.2848973,0.0555673,3
54.22425,0.28102875,49.33148529044598,8.573541409151696,0,1,6579.1777,0.048421897,5,1,false,false,2.788027,1.6253452,10.599643,-0.283983,0.05591399,3
54.250668,0.28122824,49.33148295256861,8.573553240223582,0,1,6587.032,0.046727248,5,1,false,false,2.5598142,1.6040666,9.49119,-0.28301644,0.05892784,3
54.277187,0.28142783,49.33148070469402,8.573565208842883,0,1,6589.639,0.04527416,5,1,false,false,2.3657799,1.6565933,8.680947,-0.28203854,0.058588672,3
54.304752,0.28162754,49.33147845681944,8.573577177462184,0,1,6597.0454,0.041400827,5,1,false,false,2.377006,1.6952696,9.078568,-0.28110355,0.054421157,3
54.332188,0.2818273,49.331476208944856,8.573589146081483,0,1,6596.9717,0.040431783,5,1,false,false,2.3466465,1.6389874,9.215568,-0.28022477,0.051865105,3
54.35829,0.28202716,49.33147396107027,8.573601114753263,0,1,6600.889,0.04357951,5,1,false,false,2.3026333,1.5247377,9.072117,-0.27940032,0.048433825,3
54.38321,0.28222713,49.33147171319569,8.573613083372564,0,1,6619.1074,0.0460007,5,1,false,false,2.5154238,1.5406195,8.914856,-0.2785889,0.050016716,3
54.409935,0.2824272,49.331469465321106,8.573625189591759,0,1,6627.5645,0.050842136,5,1,false,false,2.584251,1.6688462,8.871792,-0.27773792,0.052631956,3
54.4381,0.28262737,49.33146721744652,8.57363715821106,0,1,6622.814,0.05592701,5,1,false,false,2.7800272,1.7330619,10.190063,-0.27684435,0.055632003,3
54.466743,0.28282762,49.33146505957473,8.573649126830361,0,1,6625.8174,0.05859069,5,1,false,false,3.0928144,1.7450776,11.186645,-0.27584797,0.063776016,3
54.49525,0.28302798,49.33146281170015,8.573661233049556,0,1,6627.1987,0.058590695,5,1,false,false,3.0856006,1.7372901,9.36674,-0.27473074,0.06946354,3
54.524223,0.28322846,49.331460563825566,8.573673201668855,0,1,6625.039,0.05350583,5,1,false,false,2.7614307,1.8341291,9.774417,-0.27354175,0.07043,3
54.554768,0.28342903,49.33145840581657,8.573685170288156,0,1,6617.461,0.051568687,5,1,false,false,2.8904953,1.8395396,10.137431,-0.27239427,0.06618646,3
54.582615,0.28362972,49.331456157941986,8.573697276507351,0,1,6609.4946,0.049390934,5,1,false,false,2.8932247,1.5958607,10.071737,-0.2713428,0.060081966,3
54.6074,0.28383052,49.331453999933,8.573709382726546,0,1,6623.488,0.047695346,5,1,false,false,3.2710693,1.4994143,11.740396,-0.2703554,0.060717188,3
54.632023,0.28403136,49.3314518420612,8.573721351345847,0,1,6638.3916,0.04575821,5,1,false,false,3.0502815,1.5165269,10.37883,-0.26931494,0.062859505,3
54.65824,0.28423235,49.331449594186616,8.573733457565043,0,1,6638.0015,0.043337964,5,1,false,false,3.1078572,1.6998539,10.042557,-0.26824242,0.065653585,3
54.687416,0.2844334,49.331447436177626,8.573745563784236,0,1,6637.939,0.04188487,5,1,false,false,2.8724203,1.8213235,9.967656,-0.26716048,0.061975908,3
54.715454,0.28463456,49.33144527816864,8.573757669950952,0,1,6629.119,0.04140082,5,1,false,false,2.9086351,1.6675247,9.589281,-0.2661805,0.055917535,3
54.741753,0.28483582,49.33144312029684,8.573769776170147,0,1,6633.7534,0.043095462,5,1,false,false,2.902601,1.5853264,9.207821,-0.2653246,0.048347954,3
54.766026,0.2850372,49.33144096228785,8.573781882389342,0,1,6646.5674,0.0450326,5,1,false,false,2.8723974,1.4460196,9.843451,-0.26454797,0.046064626,3
54.790245,0.28523862,49.33143880441606,8.573793988556057,0,1,6656.271,0.051811174,5,1,false,false,3.1793718,1.5312811,10.331657,-0.26375142,0.0509717,3
54.815487,0.28544018,49.33143664640706,8.573806094775252,0,1,6662.0894,0.05592701,5,1,false,false,3.0510666,1.5386,10.434566,-0.2628522,0.056647938,3
54.84217,0.2856418,49.33143457840087,8.573818338541862,0,1,6668.206,0.055684518,5,1,false,false,3.037619,1.7196004,9.411303,-0.26184016,0.0630499,3
54.870815,0.28584355,49.33143242039187,8.573830444761056,0,1,6664.758,0.056653555,5,1,false,false,3.0759048,1.7526401,9.7061,-0.26076028,0.06524996,3
54.899136,0.28604534,49.33143035238567,8.57384255098025,0,1,6654.896,0.05641106,5,1,false,false,2.7673526,1.7280785,8.734794,-0.25968954,0.0625304,3
54.92514,0.2862473,49.33142819437668,8.573854794746861,0,1,6659.274,0.053505827,5,1,false,false,3.1641464,1.5303259,10.454229,-0.25869966,0.059390146,3
54.949657,0.2864493,49.331426126370474,8.573866900966056,0,1,6670.9775,0.051568687,5,1,false,false,3.1175518,1.4963361,10.907527,-0.25769457,0.061311606,3
54.973854,0.28665146,49.331423968361484,8.573879144732665,0,1,6676.436,0.049874984,5,1,false,false,3.1530557,1.4895732,9.446409,-0.25664377,0.06472353,3
55.000248,0.28685364,49.33142190035528,8.573891388499275,0,1,6684.641,0.048421893,5,1,false,false,2.96664,1.7066067,8.996586,-0.25554997,0.064817026,3
55.02771,0.28705594,49.331419832349084,8.57390349471847,0,1,6679.561,0.049148433,5,1,false,false,2.8762217,1.7026141,10.075929,-0.25449255,0.06144278,3
55.05468,0.28725836,49.33141776420568,8.573915738485079,0,1,6673.884,0.04987498,5,1,false,false,3.1113784,1.5817425,9.998689,-0.25350994,0.057962563,3
55.07878,0.2874609,49.33141560633389,8.57392798225169,0,1,6685.308,0.04987498,5,1,false,false,3.0139787,1.4546217,9.7912655,-0.25253987,0.05902577,3
55.103123,0.28766346,49.33141362819328,8.573940226018298,0,1,6699.3247,0.051568683,5,1,false,false,3.160387,1.5540668,10.624585,-0.2515333,0.061773777,3
55.129246,0.28786615,49.33141156004988,8.573952469784908,0,1,6697.724,0.05229523,5,1,false,false,3.035291,1.6526608,9.05692,-0.25049037,0.06212372,3
55.15579,0.28806892,49.331409492043676,8.573964713577757,0,1,6694.939,0.053264268,5,1,false,false,3.1417627,1.6507819,10.947432,-0.24945533,0.062093344,3
55.182335,0.28827178,49.33140742403748,8.573976957344367,0,1,6699.103,0.054717354,5,1,false,false,3.618043,1.5952882,11.16896,-0.24840972,0.06369406,3
55.207314,0.28847477,49.331405356031276,8.573989201110976,0,1,6699.7266,0.05495891,5,1,false,false,3.3493977,1.5341059,9.892021,-0.24731748,0.06598369,3
55.233543,0.2886778,49.331403377890666,8.574001444903825,0,1,6705.2227,0.055442963,5,1,false,false,3.1153164,1.6674209,8.863004,-0.24618857,0.06680513,3
55.260494,0.28888097,49.331401309747264,8.574013688670435,0,1,6700.942,0.055201408,5,1,false,false,3.0932372,1.6385263,9.061353,-0.24515103,0.057849295,3
55.285778,0.28908426,49.331399331606654,8.5740260700107,0,1,6696.2056,0.055201404,5,1,false,false,3.5213957,1.521668,11.072721,-0.24421117,0.057922322,3
55.30808,0.28928763,49.33139735360324,8.574038313803548,0,1,6709.2104,0.056895107,5,1,false,false,3.158966,1.2111523,9.195619,-0.24323887,0.06002596,3
55.328358,0.28949103,49.33139528545984,8.574050695143812,0,1,6733.578,0.054958917,5,1,false,false,2.8436728,1.4120406,8.256481,-0.2422004,0.0645116,3
55.3546,0.28969455,49.33139330731923,8.574062938910423,0,1,6742.7397,0.054474864,5,1,false,false,3.192462,1.6913711,10.091513,-0.24110946,0.06584236,3
55.381817,0.28989813,49.33139132917862,8.574075320250687,0,1,6722.7627,0.053505823,5,1,false,false,3.3521183,1.6721599,10.709727,-0.24000172,0.06782064,3
55.40763,0.29010183,49.33138935117522,8.574087564043536,0,1,6728.7915,0.05181118,5,1,false,false,3.3178124,1.5481404,9.92296,-0.23884007,0.07076759,3
55.432735,0.29030564,49.3313873730346,8.5740999453838,0,1,6743.2246,0.04963249,5,1,false,false,3.4239109,1.6019402,10.411856,-0.23763184,0.07285389,3
55.460194,0.29050955,49.33138539489399,8.574112326724064,0,1,6731.6704,0.04769535,5,1,false,false,3.0757973,1.7465683,9.102407,-0.23644732,0.06697859,3
55.48756,0.29071352,49.33138341675338,8.574124708064328,0,1,6720.6978,0.046000704,5,1,false,false,2.9689355,1.6435851,8.67032,-0.23541725,0.056915253,3
55.512856,0.29091763,49.33138152847837,8.57413708940459,0,1,6728.54,0.047211297,5,1,false,false,2.4111414,1.4427301,7.238674,-0.23459616,0.041025337,3
55.5329,0.2911218,49.33137955033776,8.574149470744855,0,1,6737.3706,0.05278021,5,1,false,false,3.8562255,1.0919039,10.56767,-0.23395872,0.044376772,3
55.55214,0.29132605,49.33137766219994,8.57416185211136,0,1,6761.0723,0.06440118,5,1,false,false,3.3786588,1.2472105,11.461854,-0.23313881,0.055106137,3
55.568016,0.2915304,49.33137568405933,8.574174233451624,0,1,6788.5923,0.06415869,5,1,false,false,3.7143097,1.159425,10.56668,-0.23202157,0.080160506,3
55.600193,0.29173487,49.33137379578431,8.574186614791888,0,1,6806.459,0.06415868,5,1,false,false,3.5676162,2.3248332,9.69493,-0.23059459,0.084733985,3
55.63689,0.29193947,49.3313718176437,8.574198996132152,0,1,6740.2617,0.062221542,5,1,false,false,3.395681,2.1460688,10.143159,-0.22917701,0.07991906,3
55.66841,0.29214415,49.33136992950588,8.57421151505919,0,1,6712.9375,0.061737493,5,1,false,false,3.9380708,1.7310314,10.627198,-0.22795814,0.067109704,3
55.690147,0.29234898,49.33136804123087,8.574223896399454,0,1,6742.5366,0.054232378,5,1,false,false,3.436632,1.1851889,10.309941,-0.22688599,0.060843647,3
55.71024,0.29255384,49.33136615309305,8.574236277739718,0,1,6754.849,0.052295234,5,1,false,false,3.4658809,1.3876785,10.532226,-0.22592925,0.056281663,3
55.733177,0.29275876,49.33136426481803,8.574248796653636,0,1,6754.7476,0.046727255,5,1,false,false,3.2988727,1.4466575,10.697542,-0.22498335,0.057226717,3
55.75632,0.29296377,49.331362466545805,8.57426117800702,0,1,6764.318,0.044064507,5,1,false,false,3.2181923,1.4248637,11.037593,-0.22403072,0.057417955,3
55.780037,0.29316884,49.33136057827078,8.574273696920939,0,1,6772.892,0.04164238,5,1,false,false,3.1288872,1.4739395,9.815799,-0.22306022,0.057411976,3
55.804596,0.29337403,49.331358690132966,8.574286215834857,0,1,6771.129,0.042127363,5,1,false,false,3.082318,1.5534713,10.426762,-0.22211264,0.05553702,3
55.8298,0.2935793,49.331356891860736,8.57429859718168,0,1,6770.795,0.0440645,5,1,false,false,3.009961,1.5522083,9.398639,-0.22120677,0.052508872,3
55.853844,0.29378462,49.33135500358572,8.574311116095599,0,1,6773.0073,0.04818033,5,1,false,false,2.8632343,1.459517,7.820656,-0.22037658,0.047725048,3
55.877087,0.29399005,49.33135320531349,8.574323635016079,0,1,6778.4893,0.054474853,5,1,false,false,3.1129627,1.4280427,10.095378,-0.2196107,0.04677825,3
55.89941,0.29419556,49.331351317038475,8.574336153929996,0,1,6785.03,0.061979994,5,1,false,false,3.305263,1.325492,10.425111,-0.21882054,0.05063211,3
55.919914,0.29440114,49.331349518766245,8.574348672843914,0,1,6798.691,0.06585426,5,1,false,false,3.3338163,1.2633408,10.098517,-0.21789345,0.061457187,3
55.944004,0.29460678,49.33134772049402,8.574361191761113,0,1,6815.2676,0.07021164,5,1,false,false,3.448154,1.6271237,9.854106,-0.21675564,0.07245145,3
55.971294,0.2948125,49.33134592222179,8.574373710676673,0,1,6800.665,0.07335846,5,1,false,false,3.1118994,1.7297047,8.659763,-0.21552117,0.07340365,3
55.998928,0.29501832,49.331344123812364,8.57438622959141,0,1,6784.791,0.07408497,5,1,false,false,3.6412587,1.6681486,11.533044,-0.2143248,0.07140939,3
56.02301,0.29522425,49.33134232554014,8.57439874850738,0,1,6791.1636,0.07481152,5,1,false,false,4.185298,1.4045823,10.747054,-0.213082,0.07881258,3
56.04465,0.29543024,49.33134052726791,8.574411404993722,0,1,6800.586,0.07577963,5,1,false,false,3.2375052,1.3523093,7.849071,-0.2117336,0.08066102,3
56.06837,0.2956363,49.331338818861276,8.57442392391092,0,1,6807.836,0.07481153,5,1,false,false,3.2357543,1.5949944,8.923852,-0.21042693,0.075816914,3
56.093174,0.29584247,49.331337020589054,8.574436442824839,0,1,6799.463,0.0760221,5,1,false,false,3.9026823,1.400023,10.209447,-0.20921564,0.07256157,3
56.112713,0.29604873,49.331335222316824,8.574449099309131,0,1,6803.2773,0.07941096,5,1,false,false,3.9344068,1.1207281,11.167871,-0.20794699,0.08231906,3
56.131783,0.29625502,49.33133351391019,8.57446161822961,0,1,6840.2744,0.08207464,5,1,false,false,4.106166,1.2836822,11.591596,-0.20645876,0.09592184,3
56.156116,0.2964614,49.33133180550355,8.574474274710623,0,1,6844.195,0.078926876,5,1,false,false,4.1431575,1.7205414,9.94634,-0.20473512,0.10602176,3
56.1859,0.29666787,49.33133000723132,8.5744867936311,0,1,6813.786,0.07723179,5,1,false,false,4.190994,1.8998234,9.427088,-0.20296119,0.10332052,3
56.213863,0.29687446,49.33132829882469,8.574499450112114,0,1,6798.328,0.07577964,5,1,false,false,4.224502,1.6006761,9.678396,-0.20134044,0.09025541,3
56.23603,0.29708114,49.33132659041805,8.574512106606248,0,1,6804.941,0.07505311,5,1,false,false,3.892794,1.282331,8.717566,-0.19995649,0.0768461,3
56.25497,0.29728785,49.33132497201421,8.57452476309382,0,1,6819.8867,0.076506175,5,1,false,false,4.10684,1.1597961,9.535606,-0.19874689,0.07262527,3
56.273926,0.29749465,49.33132326360757,8.574537419568273,0,1,6837.333,0.07771585,5,1,false,false,4.187538,1.1702167,9.348733,-0.19750762,0.07814436,3
56.29325,0.29770154,49.33132155520094,8.574550076055846,0,1,6850.2305,0.078442365,5,1,false,false,4.2259774,1.221441,10.514612,-0.19613849,0.088270225,3
56.31578,0.29790848,49.331319936797094,8.57456273254342,0,1,6862.1445,0.07698929,5,1,false,false,4.516246,1.5686175,10.320625,-0.19455372,0.10047542,3
56.34195,0.29811552,49.33131822839046,8.574575389030992,0,1,6855.349,0.07360095,5,1,false,false,4.421007,1.6919155,9.150277,-0.19282289,0.10418554,3
56.36991,0.29832265,49.33131660984942,8.574588045518565,0,1,6837.1396,0.07045413,5,1,false,false,4.186613,1.7670339,9.302848,-0.19111328,0.097471565,3
56.39608,0.2985299,49.33131499144557,8.574600702006139,0,1,6828.0854,0.06609582,5,1,false,false,4.3253446,1.522357,9.237613,-0.18961516,0.08239092,3
56.41792,0.2987372,49.331313372904525,8.57461335849371,0,1,6830.268,0.06270559,5,1,false,false,4.390331,1.2950782,10.315567,-0.18834387,0.07290814,3
56.437366,0.2989446,49.33131175450068,8.574626014968164,0,1,6846.7153,0.062464017,5,1,false,false,4.381202,1.1956372,9.592025,-0.18714437,0.0726574,3
56.456722,0.29915208,49.33131013595964,8.574638809029391,0,1,6860.8413,0.061979983,5,1,false,false,4.146078,1.2866085,9.639229,-0.18592319,0.07459843,3
56.479183,0.2993596,49.33130851755579,8.574651465516965,0,1,6866.634,0.061494995,5,1,false,false,4.3927383,1.5002378,9.9343815,-0.18465444,0.07740374,3
56.503235,0.29956722,49.33130698901754,8.574664259578192,0,1,6861.54,0.061979983,5,1,false,false,4.248534,1.4780447,9.776665,-0.18336353,0.076924905,3
56.527073,0.29977494,49.3313053704765,8.574676916065764,0,1,6859.438,0.062464032,5,1,false,false,4.290753,1.5229928,10.214261,-0.18208979,0.07584071,3
56.55045,0.29998273,49.331303841938244,8.574689710126991,0,1,6863.205,0.061979983,5,1,false,false,4.460862,1.441053,11.283922,-0.18082839,0.0746579,3
56.573097,0.3001906,49.3313022235344,8.574702504188219,0,1,6861.6123,0.061494995,5,1,false,false,4.577243,1.4341877,11.33616,-0.17956355,0.07638901,3
56.596,0.3003986,49.331300694996145,8.574715160675792,0,1,6863.6865,0.05980129,5,1,false,false,4.383843,1.4554371,10.97143,-0.17827936,0.07578455,3
56.6188,0.30060664,49.33129916632069,8.57472795471078,0,1,6863.7124,0.055927016,5,1,false,false,4.40427,1.443117,10.760084,-0.17702107,0.073387876,3
56.64141,0.30081478,49.33129763778244,8.574740748772008,0,1,6860.737,0.053021777,5,1,false,false,4.325564,1.4367046,12.473663,-0.1758291,0.06894357,3
56.663406,0.30102298,49.33129619924698,8.574753542833236,0,1,6861.855,0.050117478,5,1,false,false,4.549226,1.3693047,11.820102,-0.1746834,0.067839146,3
56.68417,0.3012313,49.33129467057152,8.574766336894463,0,1,6867.746,0.046968803,5,1,false,false,4.279627,1.3502773,11.706501,-0.17355694,0.06613288,3
56.705944,0.30143964,49.331293142033275,8.57477913095569,0,1,6872.023,0.044064507,5,1,false,false,4.048988,1.4610802,11.1956,-0.17247738,0.06193829,3
56.728188,0.3016481,49.33129170349781,8.574791925016918,0,1,6867.41,0.041400824,5,1,false,false,3.760436,1.4103825,10.269522,-0.17148922,0.054878574,3
56.74991,0.30185664,49.33129026482515,8.574804719051905,0,1,6866.5376,0.04236892,5,1,false,false,3.4975812,1.3538849,9.050217,-0.17064928,0.0462777,3
56.76959,0.30206525,49.33128873628689,8.574817513113132,0,1,6875.8804,0.04430606,5,1,false,false,3.1783414,1.2371148,8.990872,-0.16996615,0.037424706,3
56.788376,0.30227396,49.33128729761423,8.574830444748013,0,1,6886.3994,0.050117467,5,1,false,false,3.4616232,1.1567596,9.634427,-0.16936295,0.038324222,3
56.80618,0.30248272,49.33128585894158,8.57484323880924,0,1,6897.748,0.05834821,5,1,false,false,3.2292922,1.1233069,8.393007,-0.16870521,0.04300993,3
56.825073,0.30269155,49.331284420268915,8.574856032870468,0,1,6918.99,0.06415867,5,1,false,false,2.7800558,1.3170851,6.8394465,-0.1679254,0.04981809,3
56.847763,0.30290046,49.33128298173345,8.57486896447911,0,1,6922.0146,0.07360095,5,1,false,false,2.8395152,1.4129817,7.2354183,-0.16708957,0.05154741,3
56.870937,0.30310944,49.33128154306079,8.574881758540338,0,1,6911.1777,0.08352677,5,1,false,false,2.9006786,1.4003137,7.7858114,-0.16623633,0.05304494,3
56.89058,0.30331853,49.33128019439092,8.57489469014898,0,1,6924.0645,0.09224298,5,1,false,false,2.8428125,1.1045593,6.468069,-0.16530344,0.060592882,3
56.909416,0.30352768,49.33127875571826,8.574907484210208,0,1,6948.728,0.101684295,5,1,false,false,3.1921442,1.2502724,7.623844,-0.16423666,0.07032423,3
56.931946,0.3037369,49.3312773170456,8.574920415871329,0,1,6950.5835,0.110399544,5,1,false,false,3.3984444,1.4189868,7.1904545,-0.16298014,0.08109527,3
56.95455,0.30394623,49.33127596837573,8.574933209932556,0,1,6943.4634,0.118146695,5,1,false,false,3.5107691,1.3622563,7.8319416,-0.16156395,0.09117883,3
56.979042,0.30415562,49.33127461956865,8.574946141541199,0,1,6953.939,0.12250406,5,1,false,false,4.3992453,1.5498656,9.318328,-0.15992641,0.10658384,3
57.003822,0.3043651,49.33127318089599,8.574959073149842,0,1,6946.0405,0.12250407,5,1,false,false,4.118684,1.4774648,7.1981564,-0.15805651,0.11726819,3
57.02802,0.30457467,49.33127183222612,8.574972004810963,0,1,6938.718,0.11984086,5,1,false,false,4.95378,1.5339403,10.920118,-0.15600666,0.13025737,3
57.053394,0.30478436,49.33127048355625,8.57498479887219,0,1,6938.7227,0.11524096,5,1,false,false,5.7256765,1.5168096,12.0229025,-0.15374222,0.14105721,3
57.07527,0.30499414,49.331269134749185,8.574997730480831,0,1,6928.1377,0.099989176,5,1,false,false,5.28427,1.3861785,9.362348,-0.15126577,0.15224734,3
57.101387,0.30520397,49.331267786079316,8.575010662089474,0,1,6932.19,0.08546394,5,1,false,false,5.470574,1.6499587,11.586387,-0.14875641,0.14444645,3
57.125916,0.30541393,49.331266527275034,8.575023593750595,0,1,6910.7285,0.07166378,5,1,false,false,5.863682,1.4879158,12.58509,-0.14648364,0.12579232,3
57.147194,0.30562398,49.331265178467966,8.575036662906653,0,1,6904.0156,0.058348194,5,1,false,false,5.738679,1.2220614,10.335591,-0.14452745,0.10978476,3
57.16543,0.30583408,49.331263919663684,8.575049594567774,0,1,6926.895,0.048180327,5,1,false,false,5.2094913,1.2097303,11.106774,-0.14279518,0.09657513,3
57.185024,0.30604428,49.33126266085941,8.575062526176417,0,1,6929.2915,0.041642383,5,1,false,false,5.1087294,1.2886138,10.835438,-0.14132926,0.079204924,3
57.20564,0.30625457,49.33126140205513,8.575075457785058,0,1,6920.374,0.03825309,5,1,false,false,5.062641,1.3010064,11.312005,-0.14012314,0.06740307,3
57.22526,0.3064649,49.33126014325085,8.575088526993595,0,1,6933.745,0.03994773,5,1,false,false,5.0783377,1.2163401,11.288594,-0.13904625,0.06262288,3
57.244484,0.30667531,49.33125888444657,8.575101458654716,0,1,6943.8247,0.043095462,5,1,false,false,4.5832214,1.293783,10.225135,-0.13803001,0.058205962,3
57.265537,0.30688584,49.33125771564508,8.575114390263359,0,1,6941.7007,0.0469688,5,1,false,false,4.551342,1.377456,10.707569,-0.13709962,0.053236086,3
57.287045,0.30709642,49.331256456703606,8.575127459471895,0,1,6939.7617,0.050842136,5,1,false,false,4.4886193,1.3364089,10.079354,-0.13623448,0.04977028,3
57.30764,0.30730706,49.33125528790212,8.57514052868043,0,1,6942.1357,0.0571376,5,1,false,false,4.0512037,1.2964469,9.713141,-0.13541812,0.04735792,3
57.32749,0.30751783,49.33125411896343,8.575153460289073,0,1,6947.265,0.059801288,5,1,false,false,4.0780983,1.2283531,9.31376,-0.1346369,0.047183543,3
57.34686,0.30772865,49.33125295002474,8.57516652949761,0,1,6955.5957,0.061737485,5,1,false,false,4.5346575,1.2726551,10.770185,-0.13383088,0.051660422,3
57.36692,0.30793953,49.33125178122325,8.575179461106252,0,1,6960.589,0.06440119,5,1,false,false,3.5594282,1.2148819,8.718534,-0.13290979,0.055783883,3
57.387196,0.3081505,49.33125061228456,8.575192530314787,0,1,6964.399,0.06585426,5,1,false,false,3.5952902,1.3141904,8.2912655,-0.13200249,0.054132044,3
57.409954,0.30836156,49.331249443345875,8.575205599523324,0,1,6964.653,0.06657895,5,1,false,false,3.9420755,1.3919576,11.055306,-0.1310976,0.054571204,3
57.429317,0.3085727,49.33124827454439,8.575218668679382,0,1,6959.935,0.069727585,5,1,false,false,4.2294407,1.1776464,10.453373,-0.1301153,0.06467871,3
57.448082,0.30878392,49.33124719547129,8.575231737887917,0,1,6977.191,0.07142222,5,1,false,false,3.8413393,1.1996913,10.147465,-0.12896255,0.07290532,3
57.4697,0.30899525,49.3312460266698,8.575244807096453,0,1,6984.5303,0.069001056,5,1,false,false,3.7477863,1.4750051,9.563084,-0.12769464,0.07602452,3
57.493298,0.30920663,49.33124494759671,8.57525787630499,0,1,6965.3076,0.06827453,5,1,false,false,3.837661,1.4690286,9.461647,-0.1264575,0.07257801,3
57.515274,0.30941808,49.33124386866081,8.575270945513527,0,1,6960.5645,0.06779046,5,1,false,false,3.7335103,1.2884568,10.569779,-0.12528394,0.06872403,3
57.53378,0.30962962,49.33124278972492,8.575284014669583,0,1,6975.724,0.06754799,5,1,false,false,3.8765895,1.1062537,9.980111,-0.12415898,0.068353415,3
57.551777,0.30984125,49.331241710651824,8.575297083930598,0,1,6986.9033,0.06706392,5,1,false,false,3.7449124,1.1944871,10.309848,-0.12298465,0.07232375,3
57.572155,0.31005296,49.33124063171593,8.575310153086656,0,1,6990.7227,0.06754797,5,1,false,false,3.8173199,1.3265083,9.825265,-0.12174168,0.07587889,3
57.593426,0.31026474,49.331239552780026,8.575323359842606,0,1,6987.276,0.06754797,5,1,false,false,3.8300617,1.3435191,9.912635,-0.12047217,0.07585735,3
57.614902,0.3104766,49.33123847370693,8.575336429103622,0,1,6986.775,0.06803202,5,1,false,false,3.8569436,1.3401028,9.632599,-0.119194,0.07700935,3
57.60602,0.3106885,49.33123748477383,8.57534949825968,0,1,7106.0503,0.069727615,0,1,false,false,3.5955474,-1.3535565,8.442901,-0.11795517,0.07106797,3
57.597004,0.31090033,49.33123640570073,8.575362567415736,0,1,6440.6943,0.06924261,6,1,false,false,3.931811,2.1545835,12.332354,-0.11684084,0.06669753,3
57.656895,0.31111228,49.33123541663043,8.575375774171688,0,1,5874.7837,0.06779046,6,1,false,false,4.415069,2.4921732,9.226076,-0.11563064,0.07871669,3
57.65307,0.31132436,49.33123442756012,8.575388843432703,0,1,6341.817,0.06754799,6,1,false,false,3.492867,-0.99225056,9.132593,-0.114260234,0.08189696,3
57.665432,0.31153637,49.331233348624224,8.575402050188654,0,1,6160.701,0.06609582,6,1,false,false,3.9882042,2.2614675,11.370904,-0.11292646,0.07911945,3
57.703114,0.3117485,49.33123235955392,8.575415119344711,0,1,6074.7715,0.06004284,6,1,false,false,4.140609,1.6847163,10.178529,-0.111564785,0.0826916,3
57.715996,0.31196076,49.331231370483614,8.575428326100662,0,1,6214.9775,0.057380106,6,1,false,false,4.1884847,0.6634948,10.087686,-0.1101853,0.08144789,3
57.735188,0.31217304,49.3312304712789,8.575441395361677,0,1,6156.5674,0.05471736,6,1,false,false,3.9063823,1.6354849,9.3321295,-0.1088698,0.074982814,3
57.761223,0.31238538,49.3312294822086,8.57545460211763,0,1,6132.3926,0.054717354,6,1,false,false,3.8017225,1.4199369,8.955178,-0.10768984,0.06707652,3
57.778625,0.31259784,49.331228493275496,8.57546780887358,0,1,6175.1304,0.0571376,6,1,false,false,3.4892828,0.9691174,8.250074,-0.106675915,0.055475503,3
57.795135,0.31281033,49.33122759407078,8.575480878029637,0,1,6167.115,0.061010942,6,1,false,false,3.932835,1.1119395,9.643264,-0.105797455,0.055065546,3
57.813328,0.31302288,49.331226605000474,8.575494084890545,0,1,6179.7305,0.06754798,6,1,false,false,4.0244637,1.1401112,10.5385895,-0.10482549,0.06335205,3
57.831287,0.3132355,49.33122570579576,8.575507291646497,0,1,6198.74,0.07045414,6,1,false,false,4.108768,1.1668749,10.070454,-0.1036502,0.077466674,3
57.854446,0.31344822,49.33122480672825,8.57552049840245,0,1,6192.185,0.07287439,6,1,false,false,4.073979,1.5948241,10.095126,-0.10226488,0.08522382,3
57.87997,0.31366098,49.33122390752354,8.5755337051584,0,1,6176.3315,0.073115975,6,1,false,false,3.8810434,1.5929196,8.959723,-0.10082142,0.08356304,3
57.90313,0.31387383,49.33122300845602,8.575546911914351,0,1,6166.8223,0.07408499,6,1,false,false,4.035104,1.3518405,9.086972,-0.09950883,0.07419864,3
57.92275,0.3140868,49.33122210925131,8.575560118670301,0,1,6168.225,0.07432747,6,1,false,false,3.9628632,1.1741879,9.856006,-0.09836394,0.065315664,3
57.939297,0.3142998,49.33122121004659,8.575573325426253,0,1,6179.714,0.07529558,6,1,false,false,4.386374,0.98448765,10.476638,-0.09728242,0.068714306,3
57.955677,0.31451285,49.33122040084467,8.575586532182204,0,1,6197.1353,0.07771583,6,1,false,false,4.1706257,1.0908532,10.324919,-0.09605741,0.07814216,3
57.974834,0.31472597,49.331219501777156,8.575599739043113,0,1,6204.087,0.078200825,6,1,false,false,4.0427747,1.305676,9.6678095,-0.0946646,0.087034315,3
57.997322,0.31493917,49.331218692438036,8.575612945799064,0,1,6198.187,0.077958345,6,1,false,false,4.3203363,1.479166,10.381246,-0.09317298,0.09061187,3
58.020077,0.31515247,49.331217883236114,8.575626290049952,0,1,6188.47,0.076748654,6,1,false,false,4.3577304,1.37216,10.221091,-0.091651134,0.090380654,3
58.04066,0.31536582,49.33121707403419,8.57563949691086,0,1,6189.014,0.0755381,6,1,false,false,4.3649845,1.2622479,9.764419,-0.09014785,0.08982896,3
58.060123,0.31557924,49.33121626483227,8.575652703666812,0,1,6193.429,0.07408499,6,1,false,false,4.2746162,1.2228749,9.340849,-0.08869556,0.0847721,3
58.079353,0.31579277,49.33121545549315,8.575666048022656,0,1,6192.905,0.071663804,6,1,false,false,4.293286,1.2256737,10.337505,-0.087331384,0.07941028,3
58.098053,0.31600633,49.33121464629122,8.575679254778608,0,1,6198.753,0.072147846,6,1,false,false,4.5597043,1.1670963,10.210445,-0.086011015,0.080583975,3
58.116146,0.31622,49.3312138370893,8.575692461534558,0,1,6205.609,0.07360094,6,1,false,false,4.3121448,1.1463944,9.2964525,-0.08465704,0.081681825,3
58.135864,0.31643367,49.331213117752974,8.575705805890404,0,1,6209.8403,0.07408499,6,1,false,false,4.3060665,1.3008889,9.503608,-0.08329641,0.08128371,3
58.156166,0.31664747,49.33121230855105,8.575719012646354,0,1,6207.827,0.07432747,6,1,false,false,4.3552384,1.2676278,9.028987,-0.081949174,0.08046191,3
58.17582,0.31686133,49.33121158921472,8.5757323570022,0,1,6209.6665,0.07650615,6,1,false,false,4.2350993,1.2319528,9.342628,-0.080619745,0.07951448,3
58.19464,0.31707528,49.33121086987839,8.575745701253087,0,1,6215.3574,0.07795832,6,1,false,false,4.336969,1.1670368,9.799807,-0.07930359,0.07964102,3
58.21337,0.31728926,49.331210150542056,8.575758908113997,0,1,6221.1284,0.07795833,6,1,false,false,4.4698257,1.1898756,9.577153,-0.07795281,0.08352701,3
58.23284,0.3175033,49.33120943120573,8.575772252364883,0,1,6225.336,0.0782008,6,1,false,false,4.5432577,1.2884789,10.736823,-0.07649906,0.090022,3
58.25381,0.3177175,49.331208711869394,8.575785596720728,0,1,6224.4004,0.077958345,6,1,false,false,4.7675505,1.3296944,10.6938095,-0.074950345,0.0942179,3
58.27475,0.31793168,49.33120808253586,8.575798941076574,0,1,6219.8413,0.075538084,6,1,false,false,4.843904,1.349193,10.192001,-0.07335068,0.0960217,3
58.29579,0.31814602,49.331207363199525,8.575812147832524,0,1,6218.109,0.07287438,6,1,false,false,4.7311425,1.3049841,10.878226,-0.07176935,0.091487914,3
58.315765,0.3183604,49.331206733728784,8.57582549218837,0,1,6213.783,0.0692426,6,1,false,false,5.2548003,1.2671746,11.320316,-0.07027424,0.08879404,3
58.334667,0.31857485,49.33120610439525,8.575838836544214,0,1,6216.5767,0.0651277,6,1,false,false,4.6478486,1.1722724,9.510613,-0.06882625,0.082977645,3
58.35312,0.3187894,49.33120547492451,8.57585218090006,0,1,6220.633,0.061494984,6,1,false,false,4.357982,1.2145109,9.81209,-0.06749039,0.076683775,3
58.371914,0.31900397,49.33120484559097,8.575865525255905,0,1,6222.824,0.059558798,6,1,false,false,4.3181534,1.1318338,8.899215,-0.06629609,0.06747832,3
58.388866,0.3192186,49.33120421612023,8.575878869506791,0,1,6225.842,0.059074745,6,1,false,false,4.2841163,1.0573521,10.288638,-0.065217994,0.06490559,3
58.405952,0.31943336,49.33120358678669,8.575892213862637,0,1,6242.425,0.06149499,6,1,false,false,4.2170467,1.0676421,8.804772,-0.064116016,0.06734278,3
58.423523,0.31964815,49.33120295731595,8.575905695818376,0,1,6247.1064,0.063432135,6,1,false,false,4.1346307,1.1958953,9.212634,-0.06296696,0.071393736,3
58.444633,0.31986305,49.331202417848004,8.575919040174222,0,1,6248.19,0.06682142,6,1,false,false,4.3431206,1.3769027,10.435151,-0.061747503,0.073316686,3
58.46532,0.320078,49.33120187838006,8.575932384425109,0,1,6240.0127,0.06948513,6,1,false,false,4.4485817,1.2819992,10.052461,-0.060487624,0.07703654,3
58.48538,0.32029304,49.331201248909316,8.575945728780953,0,1,6243.723,0.07093819,6,1,false,false,4.634662,1.2735277,10.542076,-0.059183687,0.07912314,3
58.505424,0.32050812,49.33120070944137,8.575959210736693,0,1,6243.3643,0.069001056,6,1,false,false,4.4670606,1.2874439,10.192075,-0.05784332,0.07970534,3
58.525593,0.32072333,49.33120016997342,8.575972555092537,0,1,6236.385,0.06754797,6,1,false,false,4.290692,1.2705903,9.149614,-0.056549203,0.07526818,3
58.54453,0.32093862,49.33119972037106,8.575985899448382,0,1,6239.4917,0.06440116,6,1,false,false,4.290437,1.1380353,9.423179,-0.05537409,0.06743273,3
58.56201,0.32115394,49.33119918090311,8.575999381299164,0,1,6245.9634,0.063190594,6,1,false,false,4.129185,1.09746,8.907378,-0.05428819,0.064389326,3
58.578987,0.32136932,49.331198641435165,8.576012725655008,0,1,6252.388,0.065611765,6,1,false,false,3.993221,1.0669942,9.607773,-0.053247012,0.06316681,3
58.59625,0.32158482,49.33119819183281,8.57602620750579,0,1,6263.014,0.065127715,6,1,false,false,4.07111,1.0976957,10.066586,-0.052161083,0.067834035,3
58.614475,0.32180035,49.331197652364864,8.576039551861635,0,1,6270.2075,0.06682144,6,1,false,false,4.1207647,1.2347927,8.937118,-0.050957534,0.0759422,3
58.63499,0.32201597,49.3311972027625,8.576053033817374,0,1,6268.0156,0.06827451,6,1,false,false,3.8072252,1.3096857,9.855756,-0.04965916,0.077413544,3
58.656513,0.32223168,49.33119675316015,8.576066378173218,0,1,6261.4937,0.06657891,6,1,false,false,4.3573437,1.3620653,10.297391,-0.048372786,0.077654526,3
58.676548,0.32244745,49.33119630369499,8.576079860024,0,1,6258.3423,0.06343212,6,1,false,false,4.3782687,1.19484,10.291151,-0.047078826,0.07734753,3
58.695595,0.3226633,49.331195854092634,8.576093341979739,0,1,6262.8994,0.06222155,6,1,false,false,4.136746,1.2285265,10.481426,-0.04577439,0.077957936,3
58.71476,0.32287925,49.33119540449028,8.576106686335583,0,1,6261.626,0.05834821,6,1,false,false,4.2857256,1.205573,10.483262,-0.044528753,0.07231485,3
58.733932,0.32309526,49.33119504489071,8.576120168186364,0,1,6260.1157,0.05084215,6,1,false,false,4.30346,1.2034928,11.463748,-0.043338407,0.070230186,3
58.752014,0.32331136,49.33119459528835,8.576133650142104,0,1,6265.3423,0.04914844,6,1,false,false,4.298077,1.15439,11.838712,-0.042174503,0.069245726,3
58.7702,0.32352751,49.33119423555159,8.576147131992885,0,1,6268.704,0.046000708,6,1,false,false,4.1917076,1.188841,11.610261,-0.041022893,0.06732699,3
58.78922,0.32374373,49.33119378608643,8.576160613948623,0,1,6267.5137,0.044548556,6,1,false,false,4.083083,1.2276019,11.308445,-0.039901156,0.064501725,3
58.808537,0.32396004,49.33119342634967,8.576174095799404,0,1,6263.5815,0.04551665,6,1,false,false,3.8602722,1.2254213,9.796596,-0.03887254,0.056884397,3
58.82689,0.32417646,49.3311930667501,8.576187577650186,0,1,6262.713,0.045758206,6,1,false,false,3.9102902,1.1349989,10.111549,-0.038005766,0.048483234,3
58.843994,0.32439288,49.33119270701334,8.576201059710883,0,1,6266.802,0.049148433,6,1,false,false,3.73649,1.0591531,9.600145,-0.03723964,0.045401618,3
58.859306,0.32460943,49.33119234741377,8.576214541561663,0,1,6275.425,0.05302177,6,1,false,false,3.3022795,0.9614362,8.975092,-0.036513448,0.043466378,3
58.87561,0.324826,49.331192077679795,8.576228023412444,0,1,6289.7876,0.056411058,6,1,false,false,3.2608469,1.105492,9.58657,-0.0357805,0.04535807,3
58.893063,0.32504267,49.331191717943035,8.576241505473142,0,1,6292.6426,0.06173748,6,1,false,false,3.3374817,1.0942546,8.815455,-0.03498348,0.050686736,3
58.910984,0.3252594,49.33119144820906,8.576254987323923,0,1,6296.719,0.06803201,6,1,false,false,3.1871085,1.1684529,9.450529,-0.034096077,0.055892628,3
58.930305,0.32547623,49.33119108860949,8.576268469174703,0,1,6302.216,0.07166381,6,1,false,false,3.5498283,1.2139281,8.608052,-0.03311083,0.06336262,3
58.9498,0.3256931,49.33119081887552,8.576281951025484,0,1,6298.614,0.07408498,6,1,false,false,3.4353738,1.2017751,8.057432,-0.032006387,0.069095805,3
58.969776,0.32591006,49.331190549141546,8.576295433086182,0,1,6299.777,0.07771585,6,1,false,false,3.2215004,1.2965473,9.195991,-0.030832654,0.071165055,3
58.98937,0.32612708,49.33119018940478,8.576309052431899,0,1,6297.259,0.07771584,6,1,false,false,3.888632,1.1535121,9.129926,-0.029646315,0.07379592,3
59.007217,0.3263442,49.331189919670805,8.576322534492595,0,1,6301.66,0.077958316,6,1,false,false,3.739576,1.1178865,9.562451,-0.02835962,0.08057524,3
59.025475,0.32656133,49.33118964993683,8.576336016343376,0,1,6310.279,0.079410926,6,1,false,false,3.7806807,1.1869135,9.583301,-0.026976096,0.08489012,3
59.045048,0.32677853,49.33118947006845,8.57634963589901,0,1,6305.314,0.078442395,6,1,false,false,4.130327,1.2320304,9.733667,-0.025535502,0.08821956,3
59.064564,0.32699582,49.33118920033447,8.576363117749791,0,1,6303.309,0.078926876,6,1,false,false,4.327009,1.2143872,11.490828,-0.02403134,0.0920368,3
59.083344,0.32721317,49.3311889306005,8.576376599600572,0,1,6306.508,0.078442395,6,1,false,false,4.5551925,1.1838683,11.20122,-0.022449274,0.09648918,3
59.102177,0.32743058,49.33118875073212,8.576390219156204,0,1,6305.1973,0.0782008,6,1,false,false,4.5008883,1.2402189,9.45741,-0.020796834,0.09902392,3
59.12166,0.327648,49.331188571000936,8.576403701006985,0,1,6301.2305,0.07941094,6,1,false,false,4.271298,1.2481271,9.767288,-0.01918784,0.09184325,3
59.140182,0.32786557,49.33118830126696,8.576417320562618,0,1,6296.7944,0.08062201,6,1,false,false,4.6961474,1.1249585,9.793112,-0.0177428,0.0834779,3
59.155766,0.32808316,49.331188121398576,8.5764308024134,0,1,6302.6978,0.08328428,6,1,false,false,4.5506682,0.9228399,9.777129,-0.01639007,0.08158645,3
59.170807,0.32830077,49.331187941530196,8.576444421969033,0,1,6318.2793,0.08594799,6,1,false,false,4.8284793,1.0047295,9.809351,-0.014987832,0.08888695,3
59.187336,0.32851848,49.3311878516646,8.57645804131475,0,1,6324.813,0.08764214,6,1,false,false,4.310244,1.073971,8.1180525,-0.013458212,0.09312939,3
59.205772,0.32873622,49.33118767179622,8.57647152316553,0,1,6325.233,0.09054787,6,1,false,false,4.637682,1.2902906,9.639962,-0.011882455,0.096642345,3
59.22529,0.32895404,49.33118749192784,8.576485142721163,0,1,6322.0854,0.09321058,6,1,false,false,4.709686,1.1617881,9.532563,-0.010280769,0.09541854,3
59.24245,0.32917193,49.33118740206225,8.576498762276795,0,1,6322.474,0.09393667,6,1,false,false,4.9660807,1.097899,9.477416,-0.008652526,0.10167418,3
59.2605,0.32938987,49.331187312196654,8.576512244127578,0,1,6334.6396,0.0946632,6,1,false,false,5.3496456,1.1729854,10.698403,-0.006900329,0.108292334,3
59.27922,0.32960787,49.33118722219386,8.57652586368321,0,1,6325.718,0.0934526,6,1,false,false,5.4328914,1.262426,11.238904,-0.005034384,0.114225514,3
59.29841,0.32982597,49.331187132328274,8.576539483028927,0,1,6323.04,0.09006333,6,1,false,false,5.3560305,1.1824107,9.7403555,-0.00310795,0.11407216,3
59.316864,0.33004412,49.33118704246268,8.57655310258456,0,1,6324.0005,0.084252864,6,1,false,false,5.6970115,1.2294117,11.955935,-0.0012292418,0.1108021,3
59.334755,0.3302623,49.33118695245989,8.576566722140193,0,1,6317.5786,0.07965345,6,1,false,false,5.688819,1.1530105,11.037384,0.0005873663,0.105089225,3
59.350838,0.3304806,49.33118695245989,8.57658034148591,0,1,6320.0767,0.075538084,6,1,false,false,5.355217,1.0186896,9.575248,0.0022787969,0.098054215,3
59.367188,0.33069894,49.3311868625943,8.576593961041542,0,1,6329.838,0.07214785,6,1,false,false,5.4890757,1.0858321,10.862589,0.0038661992,0.09241947,3
59.383522,0.33091733,49.3311868625943,8.576607442892323,0,1,6326.476,0.07142223,6,1,false,false,5.462299,1.080409,11.347012,0.0053512156,0.086989015,3
59.399536,0.3311358,49.3311868625943,8.576621062447957,0,1,6331.5146,0.069969155,6,1,false,false,5.3647366,1.0409434,11.205433,0.006801571,0.087618865,3
59.415592,0.33135432,49.3311868625943,8.576634681793674,0,1,6341.8057,0.06851701,6,1,false,false,5.4754558,1.0413717,10.365166,0.008299422,0.090730585,3
59.433487,0.3315729,49.33118695245989,8.576648438844241,0,1,6337.2905,0.06730546,6,1,false,false,5.1759734,1.245965,10.707743,0.0098549025,0.09190244,3
59.452007,0.33179155,49.33118695245989,8.576662058399876,0,1,6332.4146,0.06440118,6,1,false,false,5.23288,1.197401,10.441528,0.011335501,0.084783055,3
59.4693,0.33201027,49.33118704246268,8.576675677955508,0,1,6332.168,0.06101095,6,1,false,false,4.9538727,1.1455917,9.95466,0.012692262,0.07687614,3
59.485275,0.33222908,49.331187132328274,8.576689297301225,0,1,6332.8706,0.06076939,6,1,false,false,4.6354623,1.0211473,9.09199,0.0138557805,0.064364105,3
59.50069,0.33244792,49.33118722219386,8.576702916856858,0,1,6339.7856,0.061010946,6,1,false,false,4.787134,1.0084888,10.343717,0.01486041,0.05923253,3
59.51534,0.3326668,49.331187312196654,8.57671653641249,0,1,6349.372,0.06512772,6,1,false,false,4.5438766,0.95044905,9.469768,0.015858868,0.061528992,3
59.53044,0.3328858,49.33118740206225,8.576730155758208,0,1,6358.8057,0.071422234,6,1,false,false,4.6258554,1.0704411,10.400239,0.016924366,0.0673254,3
59.548138,0.33310485,49.33118749192784,8.576743912808777,0,1,6361.934,0.07650619,6,1,false,false,4.7269187,1.1713009,9.83732,0.018101018,0.073145986,3
59.566433,0.33332393,49.33118758193063,8.57675753236441,0,1,6355.2705,0.082315706,6,1,false,false,4.6172333,1.1856836,9.162732,0.019370113,0.07800611,3
59.58517,0.33354312,49.331187761661816,8.576771151920042,0,1,6356.7944,0.087884165,6,1,false,false,4.4416056,1.196394,9.025195,0.020689903,0.078251444,3
59.602863,0.33376238,49.331187941530196,8.576784771265759,0,1,6353.339,0.09296811,6,1,false,false,4.541198,1.1222126,8.582308,0.021969104,0.07649509,3
59.61905,0.33398172,49.331188121398576,8.576798528316328,0,1,6356.1016,0.09829452,6,1,false,false,4.299956,0.9742418,8.0662985,0.023225391,0.075467065,3
59.633915,0.3342011,49.33118821126417,8.57681214787196,0,1,6367.6777,0.10192633,6,1,false,false,4.448155,0.96596885,8.036367,0.024498567,0.08053065,3
59.648872,0.33442056,49.331188480998144,8.576825767217677,0,1,6377.06,0.10337846,6,1,false,false,4.364513,0.9318403,7.986105,0.025868401,0.086105324,3
59.663685,0.33464006,49.33118866086652,8.576839524268246,0,1,6386.316,0.104589075,6,1,false,false,4.637353,1.014021,8.735182,0.027409397,0.10057476,3
59.680473,0.33485964,49.33118884073491,8.57685314382388,0,1,6394.3203,0.10507356,6,1,false,false,4.5853767,1.0712016,8.516443,0.029151602,0.10875042,3
59.6989,0.33507928,49.331189110468884,8.57686690087445,0,1,6392.9795,0.10047368,6,1,false,false,4.898365,1.2890391,9.655538,0.031058092,0.119389005,3
59.720276,0.33529902,49.331189290337264,8.576880520430082,0,1,6388.328,0.09805251,6,1,false,false,5.1531663,1.3298732,8.3044815,0.033103228,0.1238618,3
59.740395,0.3355188,49.33118956007124,8.576894277480651,0,1,6376.0703,0.09490524,6,1,false,false,5.0874195,1.2778805,9.747102,0.035145245,0.1199037,3
59.759773,0.33573872,49.33118982980521,8.576907896826368,0,1,6375.8936,0.091516405,6,1,false,false,5.959527,1.1973721,11.426019,0.03710786,0.11655362,3
59.776356,0.33595866,49.331190099539185,8.576921653876937,0,1,6373.887,0.08740012,6,1,false,false,6.1871715,1.0726085,10.789269,0.039080556,0.12009991,3
59.793365,0.3361787,49.33119036927316,8.57693527343257,0,1,6377.2026,0.08304225,6,1,false,false,6.139267,1.167906,11.032963,0.041087866,0.11934564,3
59.81118,0.3363988,49.33119072887273,8.576949030483139,0,1,6374.124,0.07408498,6,1,false,false,5.96545,1.1767843,10.201126,0.04304692,0.11248795,3
59.828377,0.336619,49.3311909986067,8.576962787533708,0,1,6366.7085,0.06851699,6,1,false,false,5.9341974,1.0987393,10.7652855,0.044818446,0.10056483,3
59.84404,0.33683923,49.33119135834347,8.57697640708934,0,1,6371.8735,0.064158686,6,1,false,false,5.9737015,0.99296266,12.084422,0.046396576,0.089636005,3
59.85836,0.33705953,49.331191717943035,8.57699016413991,0,1,6378.676,0.06052783,6,1,false,false,5.795955,0.94071746,10.09168,0.04785825,0.086326435,3
59.873592,0.3372799,49.331192077679795,8.577003921190478,0,1,6385.3184,0.057380103,6,1,false,false,5.563016,1.0929884,9.661294,0.049287524,0.084124476,3
59.89081,0.33750033,49.33119243727936,8.577017540536195,0,1,6383.1836,0.05641106,6,1,false,false,5.0586915,1.1437836,10.185126,0.050626308,0.074439704,3
59.907642,0.33772084,49.331192886881716,8.577031297586764,0,1,6377.2495,0.0573801,6,1,false,false,5.2241783,1.0819694,10.646581,0.05179177,0.06712459,3
59.9225,0.3379414,49.331193246481284,8.577045054637333,0,1,6388.8096,0.060769383,6,1,false,false,5.3371596,0.9079051,11.350804,0.052879807,0.064680785,3
59.937687,0.33816203,49.331193696083645,8.577058811687902,0,1,6397.2295,0.066095814,6,1,false,false,4.7119646,1.1054456,9.125998,0.054004192,0.0670059,3
59.95513,0.33838275,49.331194145686,8.577072431243534,0,1,6394.3643,0.071905345,6,1,false,false,5.0402703,1.1608895,8.657359,0.055095375,0.065004446,3
59.97307,0.3386035,49.33119459528835,8.577086188294103,0,1,6390.028,0.07771583,6,1,false,false,4.9548273,1.1135031,9.759713,0.05617875,0.06383365,3
59.98831,0.33882436,49.33119504489071,8.577099945344672,0,1,6392.0723,0.087642156,6,1,false,false,4.89973,0.936887,9.3595705,0.057237778,0.06570492,3
60.002785,0.3390453,49.33119549435587,8.577113702395241,0,1,6405.3545,0.0944212,6,1,false,false,5.061474,0.97283345,10.832525,0.058390874,0.07423668,3
60.018703,0.3392662,49.331196033961014,8.57712745944581,0,1,6409.903,0.09998919,6,1,false,false,4.922976,1.0531566,8.7592125,0.05972372,0.08399567,3
60.035675,0.33948725,49.331196483426176,8.577141216496377,0,1,6407.612,0.10337846,6,1,false,false,5.0280495,1.1385889,9.727368,0.061190374,0.09178233,3
60.05382,0.33970836,49.33119702303132,8.577154973546946,0,1,6406.562,0.10434705,6,1,false,false,5.295001,1.1333175,10.673051,0.06275546,0.095639855,3
60.070053,0.33992952,49.33119756249927,8.577168730597515,0,1,6403.6245,0.10168427,6,1,false,false,5.4907904,1.0508087,9.820509,0.064393826,0.10274198,3
60.086372,0.34015077,49.33119810196722,8.577182487648084,0,1,6413.285,0.0992631,6,1,false,false,5.3018064,1.0375507,10.155634,0.06617814,0.10935557,3
60.10329,0.3403721,49.331198641435165,8.577196107203717,0,1,6409.6865,0.09538977,6,1,false,false,5.3158054,1.1562655,10.568969,0.067997724,0.108494304,3
60.12067,0.3405935,49.33119918090311,8.577209864254286,0,1,6404.9097,0.08788418,6,1,false,false,5.6504765,1.063782,10.299375,0.06979202,0.10708362,3
60.136143,0.34081492,49.33119981037385,8.577223621304855,0,1,6410.5005,0.08401083,6,1,false,false,5.3063216,1.0133547,10.082733,0.071593724,0.10794703,3
60.151917,0.34103644,49.331200439707395,8.57723751585036,0,1,6411.931,0.080621995,6,1,false,false,5.2086716,1.0713053,10.487055,0.07334156,0.10151478,3
60.167862,0.341258,49.33120097917534,8.577251272900929,0,1,6410.478,0.074569024,6,1,false,false,5.550484,1.0208392,9.443729,0.074986435,0.09737276,3
60.18282,0.3414796,49.33120160864608,8.577265029951498,0,1,6415.93,0.07432747,6,1,false,false,4.88072,0.98567885,9.150379,0.07657365,0.09203139,3
60.1984,0.34170124,49.33120232798241,8.577278787002067,0,1,6419.5977,0.07674867,6,1,false,false,5.1527047,1.0648087,10.743947,0.07804163,0.08567148,3
60.21353,0.3419229,49.33120295731595,8.577292544052636,0,1,6420.408,0.07892689,6,1,false,false,5.4905457,0.9157449,10.6340275,0.07945745,0.0856332,3
60.22792,0.3421446,49.33120358678669,8.577306301103205,0,1,6431.1855,0.08304226,6,1,false,false,5.5192723,1.048469,10.355344,0.08097661,0.09583418,3
60.24492,0.3423664,49.33120430612302,8.577320058153774,0,1,6432.3667,0.08643249,6,1,false,false,5.382254,1.1324586,9.352837,0.082607545,0.09722163,3
60.262825,0.34258822,49.331205025459354,8.577333815204343,0,1,6419.858,0.08788419,6,1,false,false,5.351021,1.1857251,10.155783,0.08421561,0.09447533,3
60.279133,0.34281012,49.33120565479289,8.577347572254912,0,1,6420.042,0.09078989,6,1,false,false,5.3707724,0.98812115,10.490951,0.08572829,0.08781253,3
60.29277,0.34303203,49.33120637412922,8.57736132930548,0,1,6426.6636,0.09393669,6,1,false,false,5.6337843,0.9072475,9.964913,0.08720379,0.09111649,3
60.30707,0.343254,49.331207183331145,8.577375223850984,0,1,6435.3135,0.09756892,6,1,false,false,5.370568,0.99415946,9.204316,0.08875973,0.09507748,3
60.32277,0.343476,49.33120790266747,8.577388980901553,0,1,6436.096,0.100715734,6,1,false,false,4.9341793,1.0577226,8.648654,0.09035008,0.09403409,3
60.339043,0.34369808,49.331208711869394,8.577402737952122,0,1,6435.9775,0.10555764,6,1,false,false,5.374159,1.0483203,8.58638,0.09190425,0.09427485,3
60.353626,0.34392014,49.33120943120573,8.57741649500269,0,1,6438.714,0.11161012,6,1,false,false,5.3336964,0.8876349,9.542307,0.09347873,0.09702431,3
60.367085,0.34414232,49.33121024040765,8.57743025205326,0,1,6450.9116,0.11499897,6,1,false,false,5.6275907,0.92619723,9.917608,0.09519147,0.10977579,3
60.382217,0.3443645,49.33121104974677,8.57744414680868,0,1,6459.4263,0.11693609,6,1,false,false,5.418358,1.0716745,7.851466,0.09713334,0.12123376,3
60.400192,0.34458676,49.33121185894869,8.57745790385925,0,1,6452.2275,0.11766261,6,1,false,false,5.4947286,1.2065896,9.289463,0.09916385,0.1213804,3
60.41825,0.34480906,49.331212758153406,8.577471660909818,0,1,6446.238,0.11838916,6,1,false,false,6.2174096,1.101158,9.94221,0.10119646,0.123355895,3
60.432896,0.3450314,49.33121356735533,8.577485417960387,0,1,6448.8057,0.11790468,6,1,false,false,6.393453,0.9608364,10.262975,0.10329859,0.13081355,3
60.448185,0.3452538,49.33121446642284,8.577499312505893,0,1,6458.414,0.11499894,6,1,false,false,6.659768,1.0989323,10.978555,0.10558268,0.14116332,3
60.46492,0.34547624,49.33121536562756,8.577513069556462,0,1,6449.5493,0.11064157,6,1,false,false,6.708731,1.1781087,10.58193,0.107957534,0.14151622,3
60.48202,0.34569874,49.33121626483227,8.57752682660703,0,1,6441.1455,0.10458907,6,1,false,false,6.7275496,1.1211436,9.833224,0.11028458,0.13548277,3
60.496796,0.3459213,49.33121716389979,8.5775405836576,0,1,6444.714,0.09998916,6,1,false,false,6.9033704,0.97391474,10.79054,0.112449184,0.12514032,3
60.510456,0.34614393,49.331218063104494,8.577554478203103,0,1,6446.8145,0.09538977,6,1,false,false,6.79517,0.968811,10.646691,0.11447433,0.11853994,3
60.523705,0.34636655,49.3312190521748,8.577568235253672,0,1,6452.868,0.0932106,6,1,false,false,6.8922834,0.91150004,10.2443285,0.11643395,0.11764803,3
60.53769,0.34658927,49.3312200412451,8.577581992304241,0,1,6457.339,0.09393667,6,1,false,false,6.225992,1.0072858,9.675914,0.11837837,0.11347051,3
60.552776,0.346812,49.33122103031541,8.577595887059662,0,1,6456.2856,0.09538976,6,1,false,false,6.446908,1.0431528,9.880446,0.12019561,0.105603576,3
60.56757,0.34703478,49.33122201938571,8.57760964411023,0,1,6458.333,0.09998917,6,1,false,false,6.4954615,0.96596575,8.5742445,0.12193272,0.103351556,3
60.58112,0.34725764,49.331223098321615,8.5776234011608,0,1,6463.6963,0.10725273,6,1,false,false,6.180461,0.9540504,9.144362,0.12361501,0.09965932,3
60.595814,0.3474805,49.33122408739192,8.577637295706305,0,1,6468.373,0.11306276,6,1,false,false,6.31531,1.0037589,8.648191,0.12527229,0.10010742,3
60.60924,0.34770346,49.33122516632781,8.577651052756874,0,1,6470.0044,0.11863119,6,1,false,false,6.4692864,0.94728965,9.190018,0.12696739,0.10623671,3
60.623856,0.34792647,49.331226245400906,8.577664809807443,0,1,6478.239,0.12492478,6,1,false,false,6.164387,0.97927815,9.38128,0.12881444,0.11326398,3
60.638416,0.34814948,49.33122732433681,8.577678566858012,0,1,6479.7075,0.1268619,6,1,false,false,6.7772775,1.0204711,10.027143,0.13077708,0.12400765,3
60.654465,0.34837258,49.3312284032727,8.577692461403515,0,1,6481.284,0.12492483,6,1,false,false,7.170429,1.129373,11.112433,0.13295762,0.13596277,3
60.670662,0.3485957,49.33122957221139,8.577706218454084,0,1,6475.866,0.12153596,6,1,false,false,7.2972784,1.1225857,10.832519,0.1353206,0.14431328,3
60.687607,0.34881893,49.33123074115008,8.577719975504653,0,1,6471.373,0.11669405,6,1,false,false,7.6452684,1.1851863,11.0538435,0.1377456,0.14505106,3
60.70362,0.3490422,49.33123190995156,8.577733870260074,0,1,6464.4565,0.109915,6,1,false,false,7.299718,1.0904539,9.6950035,0.14011577,0.1360351,3
60.71803,0.34926555,49.33123307889025,8.577747627310643,0,1,6462.351,0.104589045,6,1,false,false,7.1600113,0.98449665,10.354082,0.14224653,0.12012304,3
60.730896,0.34948894,49.33123424782894,8.577761384361212,0,1,6465.859,0.1004737,6,1,false,false,7.5995083,0.87285393,11.630038,0.14415085,0.111725286,3
60.742004,0.34971234,49.33123550663322,8.577775278906717,0,1,6472.6895,0.10023167,6,1,false,false,7.594104,0.8189663,11.626386,0.14605902,0.119259134,3
60.754074,0.34993583,49.331236765437495,8.577789035957286,0,1,6484.863,0.09950514,6,1,false,false,7.118417,0.9562379,10.265811,0.14812255,0.12538779,3
60.769527,0.35015932,49.33123802424178,8.577802793007855,0,1,6481.2993,0.09563179,6,1,false,false,7.201821,1.1471264,10.118572,0.1502169,0.12352488,3
60.785408,0.3503829,49.33123928304605,8.577816687553359,0,1,6468.6855,0.09442121,6,1,false,false,6.8590274,0.9744606,8.92095,0.15216398,0.10912582,3
60.798985,0.35060653,49.331240541850335,8.577830444603928,0,1,6473.723,0.095147714,6,1,false,false,6.5395226,0.92233115,10.271368,0.15385796,0.095223434,3
60.810783,0.35083023,49.331241890520204,8.577844201654496,0,1,6482.7227,0.09781095,6,1,false,false,6.80037,0.7764155,9.367011,0.15538447,0.09200226,3
60.822166,0.35105395,49.33124323932727,8.577857958705065,0,1,6490.603,0.10095776,6,1,false,false,6.406981,0.8590343,9.321561,0.15693806,0.09555565,3
60.83598,0.35127774,49.33124458799715,8.577871853460486,0,1,6499.3105,0.104105,6,1,false,false,6.995328,1.039702,11.534008,0.15861255,0.10619447,3
60.850887,0.35150158,49.33124593666702,8.577885610511055,0,1,6494.923,0.10652619,6,1,false,false,6.6941633,1.0157257,8.655766,0.16045909,0.113414794,3
60.866116,0.35172546,49.331247285474085,8.577899367561624,0,1,6494.908,0.1060417,6,1,false,false,6.3976727,1.1225998,10.053638,0.16237912,0.11458497,3
60.882774,0.35194945,49.33124872414675,8.57791326210713,0,1,6490.8716,0.1048311,6,1,false,false,7.1121445,1.052334,10.541248,0.16423856,0.109468386,3
60.89644,0.35217348,49.331250072816616,8.577927019367614,0,1,6484.326,0.10241084,6,1,false,false,6.470392,0.9119393,9.338692,0.16607139,0.11008684,3
60.909863,0.35239753,49.33125151148928,8.577940776418183,0,1,6500.4893,0.10071572,6,1,false,false,6.236329,0.91796845,9.370167,0.16788094,0.10629773,3
60.924126,0.35262167,49.33125295002474,8.577954533468752,0,1,6497.9473,0.099747166,6,1,false,false,6.320948,1.0196202,9.321782,0.16960433,0.10086379,3
60.93816,0.35284585,49.331254478700195,8.57796842780434,0,1,6493.1875,0.10095772,6,1,false,false,6.330671,0.89277756,9.673511,0.17125605,0.098937884,3
60.950893,0.35307008,49.33125591723565,8.577982184854909,0,1,6508.0723,0.103378445,6,1,false,false,6.3051686,0.91345453,9.259803,0.17294772,0.10390842,3
60.964985,0.3532944,49.33125744577391,8.577995941905478,0,1,6509.7036,0.10604167,6,1,false,false,6.293583,0.983059,8.111851,0.17468545,0.10559504,3
60.9805,0.35351875,49.33125897444936,8.578009698956047,0,1,6505.5186,0.11039955,6,1,false,false,6.1604757,1.0564733,9.337388,0.17643523,0.104031555,3
60.994522,0.35374323,49.33126050298761,8.578023456006616,0,1,6508.0093,0.11524097,6,1,false,false,6.5696354,0.82689935,10.255278,0.1781768,0.10711099,3
61.007168,0.3539677,49.33126203152587,8.578037350762036,0,1,6516.7544,0.119356334,6,1,false,false,7.6449184,0.9850798,11.688566,0.18009572,0.12523314,3
61.021458,0.35419223,49.331263560064116,8.578051107812605,0,1,6517.4263,0.11935634,6,1,false,false,7.2339187,1.0194435,11.35097,0.18236335,0.14194152,3
61.038055,0.35441682,49.331265178467966,8.578064864863174,0,1,6508.345,0.11354726,6,1,false,false,7.455369,1.2273514,10.707448,0.18482476,0.14896685,3
61.054752,0.35464153,49.33126679700901,8.578078621913743,0,1,6497.1035,0.10265285,6,1,false,false,7.5397863,1.0697492,10.603733,0.18722421,0.13614903,3
61.068752,0.35486624,49.33126841541285,8.578092378964312,0,1,6490.6616,0.09200046,6,1,false,false,6.674585,0.9238614,10.753055,0.1893454,0.11674321,3
61.07981,0.35509104,49.3312700339539,8.578106136014881,0,1,6499.0024,0.083284274,6,1,false,false,6.982538,0.7407723,11.31124,0.19112425,0.10144402,3
61.09022,0.3553159,49.331271742360535,8.578120030770302,0,1,6511.2754,0.0752956,6,1,false,false,6.8586574,0.784176,10.544536,0.19278513,0.0993298,3
61.10218,0.35554078,49.33127336076438,8.578133787820871,0,1,6518.525,0.07360096,6,1,false,false,5.719114,0.91489583,8.441603,0.19442853,0.09558012,3
61.11635,0.35576573,49.331275069171014,8.57814754487144,0,1,6519.0127,0.076022126,6,1,false,false,5.6416793,0.978571,8.319567,0.19590655,0.08225747,3
61.1306,0.3559907,49.33127677757765,8.578161301922009,0,1,6515.6367,0.083284296,6,1,false,false,5.987257,0.895491,8.975078,0.19717695,0.07326721,3
61.14179,0.35621575,49.331278485984285,8.578175058972578,0,1,6524.7686,0.09684236,6,1,false,false,5.7149305,0.7635401,8.85646,0.19841617,0.07777382,3
61.153137,0.35644078,49.33128019439092,8.578188816023147,0,1,6541.918,0.11015749,6,1,false,false,5.932942,0.82712114,8.373692,0.19980334,0.090482585,3
61.167988,0.35666585,49.33128199266314,8.578202573073714,0,1,6541.2603,0.121778004,6,1,false,false,6.090135,1.0591693,9.40946,0.20139442,0.10049699,3
61.183937,0.356891,49.33128370106978,8.578216330124283,0,1,6533.498,0.12807252,6,1,false,false,6.799367,1.0315902,10.518782,0.20318805,0.115515135,3
61.19945,0.35711616,49.33128549934201,8.578230087174852,0,1,6535.9165,0.13170333,6,1,false,false,6.986047,1.0472826,9.764469,0.20523246,0.12852061,3
61.215065,0.3573414,49.33128729761423,8.57824384422542,0,1,6531.171,0.12758797,6,1,false,false,6.5533323,1.1132295,10.334224,0.2074509,0.13359763,3
61.230953,0.35756668,49.331289185889254,8.57825760127599,0,1,6523.022,0.120082885,6,1,false,false,7.434021,1.021245,10.99563,0.20966098,0.13216433,3
61.244637,0.357792,49.33129098416148,8.578271358326559,0,1,6520.756,0.11257869,6,1,false,false,7.179359,0.8838282,9.984028,0.211869,0.13095783,3
61.256485,0.35801736,49.3312928722993,8.578285115377128,0,1,6527.1074,0.10604166,6,1,false,false,7.0092998,0.8347886,11.701293,0.21403646,0.1286888,3
61.26913,0.35824275,49.33129467057152,8.578298872427697,0,1,6531.051,0.09829452,6,1,false,false,7.4750805,0.9308037,10.715572,0.21617942,0.12852773,3
61.281925,0.35846815,49.331296558846546,8.578312629478265,0,1,6528.1763,0.09054786,6,1,false,false,6.6115746,0.9100658,8.958756,0.21830128,0.12362478,3
61.295643,0.35869363,49.331298536987156,8.578326386528834,0,1,6530.8677,0.0874001,6,1,false,false,5.7904873,0.92368865,9.053979,0.22024514,0.10679069,3
61.30838,0.35891914,49.33130042526217,8.578340143579403,0,1,6528.9224,0.087400116,6,1,false,false,6.9197206,0.8202057,10.028195,0.22187212,0.09433918,3
61.31838,0.3591447,49.33130240326558,8.578353900629972,0,1,6538.8647,0.09151641,6,1,false,false,6.4014883,0.6861177,9.670877,0.22347163,0.09869155,3
61.328987,0.35937026,49.3313042915406,8.578367657680541,0,1,6556.496,0.09732689,6,1,false,false,6.4743304,0.9077606,9.925072,0.22520494,0.10975838,3
61.344765,0.35959587,49.33130626968121,8.578381277026258,0,1,6553.4297,0.101442255,6,1,false,false,6.4494705,1.1087481,8.585674,0.22706021,0.110017635,3
61.360676,0.35982153,49.33130833768741,8.578395034076827,0,1,6536.899,0.106768236,6,1,false,false,6.2854156,1.0468292,9.4697485,0.22885732,0.10494122,3
61.37457,0.36004722,49.33131031582802,8.578408791127396,0,1,6543.035,0.11306274,6,1,false,false,7.161965,0.84651625,11.243438,0.23057102,0.1038814,3
61.385796,0.360273,49.33131229396863,8.578422548177965,0,1,6548.068,0.11693608,6,1,false,false,6.9978304,0.8117372,10.374721,0.23239633,0.11492796,3
61.398956,0.3604988,49.33131436197483,8.578436305228534,0,1,6552.8306,0.118389174,6,1,false,false,7.088094,0.97808385,10.088288,0.2344129,0.12538986,3
61.413822,0.3607246,49.33131643011823,8.578449924574251,0,1,6547.3013,0.11572547,6,1,false,false,7.182831,1.0308497,11.109619,0.23651652,0.124853045,3
61.428104,0.3609505,49.33131849812443,8.57846368162482,0,1,6538.1206,0.111125596,6,1,false,false,7.211043,0.9597293,10.424186,0.23858958,0.12276306,3
61.44025,0.36117643,49.33132065599622,8.578477438675389,0,1,6544.876,0.10604166,6,1,false,false,6.8689647,0.8182596,9.096786,0.24058695,0.11716137,3
61.45217,0.3614024,49.331322724139625,8.578491058440937,0,1,6548.181,0.10192632,6,1,false,false,6.986797,0.90176684,11.278645,0.24248351,0.11153372,3
61.4641,0.36162838,49.331324882011415,8.578504815491506,0,1,6546.0283,0.09708488,6,1,false,false,6.7172956,0.80002254,10.1877,0.24431317,0.109078534,3
61.474922,0.36185443,49.33132704002041,8.578518572542075,0,1,6557.249,0.09248497,6,1,false,false,6.2033,0.78900564,9.074224,0.24617335,0.11249745,3
61.487976,0.36208048,49.3313291980294,8.578532191887792,0,1,6562.7534,0.089094765,6,1,false,false,6.90606,0.9416574,10.267548,0.2480324,0.11190881,3
61.501614,0.36230662,49.3313313559012,8.57854594893836,0,1,6553.6763,0.08570593,6,1,false,false,6.338133,0.9267317,9.549605,0.24986537,0.10716063,3
61.51457,0.36253276,49.33133360377578,8.578559568284078,0,1,6561.1685,0.084979415,6,1,false,false,6.2694774,0.9687765,9.3453865,0.25163847,0.10500145,3
61.52797,0.362759,49.33133576178477,8.578573325334647,0,1,6562.643,0.085947946,6,1,false,false,6.2768106,0.8862169,9.338678,0.2533043,0.09530298,3
61.541363,0.36298525,49.331338009659355,8.578586944680364,0,1,6556.2705,0.08909478,6,1,false,false,6.397594,0.88872635,9.234348,0.25485626,0.092424124,3
61.553402,0.36321154,49.33134025753394,8.578600701730933,0,1,6565.6914,0.09393669,6,1,false,false,6.253706,0.78570366,9.7604685,0.25636783,0.09046883,3
61.565495,0.3634379,49.33134250540852,8.578614321496481,0,1,6572.1616,0.099263094,6,1,false,false,6.281037,0.874061,10.336231,0.25793302,0.09715066,3
61.5787,0.3636643,49.3313448431487,8.57862807854705,0,1,6571.1904,0.103620484,6,1,false,false,6.7077017,0.9104612,9.937062,0.25963074,0.10659911,3
61.593147,0.36389074,49.33134709102328,8.578641697892767,0,1,6571.431,0.10434705,6,1,false,false,6.0620813,0.99906754,8.911853,0.2614427,0.10712518,3
61.607533,0.3641172,49.33134942890066,8.578655454943336,0,1,6567.5537,0.10410501,6,1,false,false,6.604982,1.0216187,10.786526,0.2632175,0.10591986,3
61.621452,0.36434373,49.33135176664083,8.578669074289053,0,1,6561.3364,0.10555764,6,1,false,false,6.7687945,0.8537957,10.476342,0.26496404,0.10478393,3
61.63226,0.36457035,49.331354104381006,8.578682694054601,0,1,6569.405,0.104589075,6,1,false,false,6.514668,0.8101446,9.762646,0.26673076,0.10791489,3
61.644894,0.36479697,49.33135644225838,8.57869645110517,0,1,6579.6245,0.10265286,6,1,false,false,6.303676,0.8962818,9.73689,0.26855516,0.10839163,3
61.658527,0.36502364,49.33135886986415,8.578710070450887,0,1,6568.434,0.103378475,6,1,false,false,6.593943,0.95054525,10.155292,0.27034542,0.10695887,3
61.671577,0.36525038,49.33136120774152,8.578723689796604,0,1,6570.679,0.10507357,6,1,false,false,6.1477113,0.83557516,9.109898,0.27209887,0.10245427,3
61.683083,0.36547714,49.331363635484486,8.578737309562152,0,1,6579.45,0.106768206,6,1,false,false,6.495204,0.84952796,9.421883,0.2737891,0.10238646,3
61.69574,0.36570397,49.33136606309026,8.578751066612721,0,1,6580.58,0.10991503,6,1,false,false,5.7408786,0.8547425,7.6901765,0.2754784,0.09852734,3
61.707653,0.36593083,49.33136849083322,8.578764685958438,0,1,6580.771,0.11475694,6,1,false,false,5.7118015,0.8042539,7.9337497,0.27707538,0.09624429,3
61.719715,0.36615777,49.33137100844178,8.578778305304155,0,1,6591.3877,0.1205674,6,1,false,false,6.2530527,0.6990706,9.612621,0.27868643,0.09970665,3
61.729053,0.36638469,49.33137343618475,8.578791925069705,0,1,6598.624,0.12444029,6,1,false,false,6.775755,0.7279472,10.491554,0.2805311,0.12481655,3
61.74196,0.36661172,49.331375953793305,8.578805544415422,0,1,6611.537,0.12468275,6,1,false,false,6.7237577,0.98990244,8.912258,0.28278345,0.14283973,3
61.75922,0.36683875,49.33137847140186,8.578819163761139,0,1,6598.0283,0.117662616,6,1,false,false,6.6552873,1.346781,10.02974,0.28523564,0.14579432,3
61.77697,0.36706588,49.33138098901042,8.578832783526687,0,1,6575.5933,0.11064155,6,1,false,false,7.6926045,1.0468842,12.238586,0.2875968,0.13815232,3
61.789467,0.36729306,49.33138350661898,8.578846402872404,0,1,6578.088,0.10265287,6,1,false,false,7.5056033,0.8048369,11.837836,0.28988782,0.13575141,3
61.800064,0.3675203,49.33138611423033,8.578860022218121,0,1,6589.7373,0.09393666,6,1,false,false,7.4006243,0.8297721,10.974711,0.29215345,0.13438407,3
61.81277,0.36774758,49.33138872170448,8.57887364198367,0,1,6583.4355,0.08401085,6,1,false,false,7.191268,0.9323905,10.150504,0.29431993,0.122877754,3
61.825592,0.36797494,49.33139132917862,8.578887261329387,0,1,6576.897,0.074811526,6,1,false,false,6.832732,0.8942774,10.370353,0.29623845,0.10687208,3
61.83666,0.3682023,49.33139393678997,8.578900880675103,0,1,6582.6914,0.06948511,6,1,false,false,6.575805,0.7260563,9.820383,0.29785287,0.08951389,3
61.84637,0.36842972,49.33139654426412,8.578914500440654,0,1,6591.354,0.06657893,6,1,false,false,6.488766,0.7173601,10.740227,0.29927343,0.08460194,3
61.85711,0.3686572,49.33139915187547,8.57892811978637,0,1,6601.5054,0.06730546,6,1,false,false,5.789505,0.7800596,8.356682,0.30068105,0.082894325,3
61.86971,0.36888474,49.33140184935241,8.578941601847067,0,1,6604.4624,0.07021165,6,1,false,false,5.93955,0.96334994,10.525369,0.3020248,0.07919354,3
61.883686,0.36911234,49.331404546692156,8.578955221192784,0,1,6599.9775,0.07505308,6,1,false,false,6.9916277,0.91715884,11.309788,0.3033691,0.08423109,3
61.896156,0.36933997,49.33140724416909,8.5789688405385,0,1,6600.022,0.08037951,6,1,false,false,6.075458,0.8906432,9.109099,0.30484578,0.08993307,3
61.91059,0.36956766,49.33140994164604,8.578982322599197,0,1,6605.7607,0.08304228,6,1,false,false,5.88008,1.0704958,9.941339,0.30636042,0.087466784,3
61.925827,0.36979547,49.33141272898857,8.578995941944914,0,1,6587.9795,0.08401081,6,1,false,false,6.3826675,0.99937487,10.270202,0.30771792,0.076838635,3
61.9373,0.37002328,49.331415426465504,8.579009561290631,0,1,6586.641,0.0832843,6,1,false,false,5.6688476,0.6899276,10.285129,0.3089424,0.07138775,3
61.946903,0.37025115,49.331418213808035,8.579023043351329,0,1,6610.7544,0.08328429,6,1,false,false,6.0271087,0.7381186,9.994738,0.31016654,0.07808749,3
61.95807,0.37047908,49.33142100115057,8.579036662697046,0,1,6610.0215,0.08207461,6,1,false,false,5.4133906,0.8277091,9.492647,0.3114738,0.07821715,3
61.971848,0.37070706,49.331423788493105,8.579050144757742,0,1,6608.5063,0.07989547,6,1,false,false,5.566943,0.97030926,10.3735075,0.31282017,0.08300003,3
61.985035,0.3709351,49.331426575972834,8.57906376410346,0,1,6610.576,0.07892692,6,1,false,false,5.6260333,0.82307464,8.677833,0.31418693,0.08291206,3
61.997917,0.3711632,49.331429363315365,8.579077246164156,0,1,6610.605,0.077958345,6,1,false,false,4.5984654,0.9157573,8.720498,0.31554562,0.077605404,3
62.01128,0.37139133,49.33143224052349,8.579090865509873,0,1,6613.2427,0.07989547,6,1,false,false,5.1918755,0.8537673,8.525409,0.31678662,0.07403885,3
62.022903,0.3716195,49.33143502786602,8.57910434757057,0,1,6613.954,0.082558185,6,1,false,false,5.3641376,0.7222483,8.856511,0.3179917,0.074763864,3
62.03434,0.37184766,49.331437905211345,8.579117829631267,0,1,6626.501,0.08449534,6,1,false,false,5.327618,0.83480483,11.024167,0.31931862,0.08427563,3
62.04751,0.3720759,49.33144078241946,8.579131448976984,0,1,6630.0127,0.084737375,6,1,false,false,5.864328,0.9599148,10.362833,0.32084292,0.09836945,3
62.063232,0.37230417,49.33144365976479,8.579144931037682,0,1,6620.838,0.0823157,6,1,false,false,5.293225,1.0853958,9.209499,0.3225402,0.101207934,3
62.07986,0.37253255,49.33144653697291,8.579158412678547,0,1,6610.745,0.07602214,6,1,false,false,5.4597435,1.0341657,10.750856,0.32415387,0.091004774,3
62.093502,0.37276092,49.33144950418383,8.579172032444095,0,1,6604.978,0.07045413,6,1,false,false,5.433634,0.79319316,9.54261,0.32558984,0.0816561,3
62.103947,0.37298936,49.33145238152915,8.57918551408496,0,1,6611.8584,0.06803202,6,1,false,false,5.214923,0.6961943,10.756167,0.32687512,0.07495858,3
62.114777,0.37321788,49.331455348740064,8.579198996145657,0,1,6624.55,0.06319059,6,1,false,false,5.6642995,0.7382607,11.261855,0.32811534,0.07575197,3
62.12616,0.3734464,49.33145831595098,8.579212477786522,0,1,6624.7915,0.060527835,6,1,false,false,5.082647,0.84225386,9.603104,0.32942507,0.07945796,3
62.14006,0.37367496,49.33146128316189,8.57922595984722,0,1,6626.7607,0.060285337,6,1,false,false,4.746326,0.9392389,9.921534,0.33075112,0.076139316,3
62.154285,0.3739036,49.331464250235605,8.579239579192937,0,1,6619.529,0.060285337,6,1,false,false,5.2382517,0.9110306,9.787781,0.3319472,0.06942717,3
62.16662,0.37413225,49.33146721744652,8.579253061253633,0,1,6617.9707,0.06197998,6,1,false,false,4.241835,0.7686002,7.9456744,0.33303037,0.05941921,3
62.178055,0.374361,49.33147027466023,8.57926654331433,0,1,6629.796,0.067790456,6,1,false,false,4.227655,0.7946419,9.082625,0.33397296,0.054814465,3
62.189346,0.37458977,49.331473241733946,8.579280024955194,0,1,6630.705,0.072147846,6,1,false,false,4.5160317,0.6451607,8.823588,0.33484614,0.0543839,3
62.199192,0.37481856,49.33147629894765,8.579293507015892,0,1,6642.6245,0.07408499,6,1,false,false,4.493239,0.72029257,9.9349575,0.33581945,0.06428724,3
62.211487,0.37504742,49.331479356024154,8.579306989076589,0,1,6657.857,0.07577962,6,1,false,false,4.15128,0.87090474,10.4887295,0.33702314,0.076208845,3
62.22678,0.37527627,49.33148232323507,8.579320470717454,0,1,6646.7974,0.07408501,6,1,false,false,4.5143366,1.078365,10.209802,0.3383733,0.08503829,3
62.24425,0.37550527,49.331485470177164,8.579333952778152,0,1,6637.95,0.067063905,6,1,false,false,4.826601,1.103017,10.735396,0.339807,0.0851392,3
62.259335,0.37573424,49.331488527390874,8.579347434419017,0,1,6630.9453,0.058348205,6,1,false,false,4.599984,0.90855145,9.803759,0.34123942,0.083141774,3
62.272892,0.37596333,49.33149158446738,8.579360916479713,0,1,6628.402,0.052295238,6,1,false,false,4.4615054,0.86209536,10.907294,0.34254304,0.073717535,3
62.28531,0.37619242,49.331494641543884,8.57937439854041,0,1,6631.1006,0.045032613,6,1,false,false,4.191849,0.7683428,9.362877,0.343695,0.06351517,3
62.296448,0.3764216,49.33149778862318,8.579387880181274,0,1,6634.5376,0.042127367,6,1,false,false,4.1583133,0.739107,10.142599,0.344689,0.057014458,3
62.308422,0.37665078,49.33150093556528,8.57940122453712,0,1,6642.6797,0.042611413,6,1,false,false,4.2169237,0.82784915,9.7677555,0.34561616,0.05428662,3
62.320152,0.37688002,49.33150408264458,8.579414706597817,0,1,6640.9917,0.044306055,6,1,false,false,3.8841105,0.77793443,8.862834,0.3464829,0.05049931,3
62.33323,0.37710932,49.33150722958667,8.579428188658515,0,1,6645.9316,0.047211293,6,1,false,false,3.9901268,0.82334995,10.2985115,0.34729856,0.04805022,3
62.345097,0.37733865,49.33151037666597,8.57944167029938,0,1,6648.2627,0.049632482,6,1,false,false,3.93244,0.76265955,10.006195,0.3481323,0.051472455,3
62.358147,0.377568,49.331513523745265,8.579455152360076,0,1,6652.108,0.05205367,6,1,false,false,4.0361586,0.9055916,9.233187,0.3490219,0.055200104,3
62.37227,0.37779742,49.331516670687364,8.57946849671592,0,1,6649.3716,0.051084638,6,1,false,false,3.7677004,0.9345862,9.582188,0.3499227,0.051934015,3
62.386078,0.3780269,49.33151981776666,8.579481978776618,0,1,6643.6655,0.050359033,6,1,false,false,3.4743493,0.8264211,9.345625,0.35076988,0.048771866,3
62.39798,0.37825644,49.331523054711546,8.579495460417483,0,1,6650.5947,0.049148437,6,1,false,false,3.5354867,0.7447187,9.601712,0.3515717,0.048551973,3
62.40972,0.37848598,49.33152629165644,8.57950894247818,0,1,6658.0625,0.0472113,6,1,false,false,3.7853918,0.752154,11.117521,0.35239545,0.05167398,3
62.42232,0.3787156,49.33152943859854,8.579522286834026,0,1,6658.727,0.044548556,6,1,false,false,3.3418975,0.8286648,8.882785,0.35328507,0.053177837,3
62.435886,0.37894526,49.33153267554342,8.57953576847489,0,1,6661.0156,0.04164238,6,1,false,false,3.599169,0.93320686,11.233907,0.3541916,0.05533755,3
62.450516,0.37917495,49.33153591248831,8.579549250535587,0,1,6654.749,0.03825309,6,1,false,false,3.603171,0.8902566,12.6295185,0.3551037,0.053418476,3
62.463493,0.37940472,49.331539149433205,8.579562594891431,0,1,6652.5527,0.030747974,6,1,false,false,3.4393458,0.84554434,10.482623,0.3560193,0.05443659,3
62.477154,0.37963453,49.33154238637809,8.57957607695213,0,1,6659.9775,0.024694992,6,1,false,false,3.0116682,0.90434134,11.4266205,0.35691276,0.048330896,3
62.49131,0.37986436,49.33154562332298,8.579589558592994,0,1,6645.423,0.017432367,6,1,false,false,2.8243399,0.9340569,10.701361,0.3576432,0.036957715,3
62.5032,0.38009426,49.33154895013346,8.579602902948839,0,1,6642.2334,0.0113793975,6,1,false,false,2.8924515,0.6969127,9.7561035,0.35813937,0.025674045,3
62.51316,0.3803242,49.331552187078344,8.579616385009537,0,1,6658.021,0.0067785764,6,1,false,false,2.4029737,0.6490572,10.60332,0.35847607,0.015607398,3
62.523006,0.3805542,49.33155551402603,8.579629867070233,0,1,6663.617,0.0058104764,6,1,false,false,2.1577756,0.6782018,9.882025,0.35871002,0.012352959,3
62.53431,0.38078424,49.33155875097091,8.579643211006246,0,1,6671.006,0.007990108,6,1,false,false,2.2092068,0.7475437,7.8355184,0.35888258,0.010328671,3
62.546707,0.3810143,49.33156207778139,8.579656693066942,0,1,6677.3237,0.00823073,6,1,false,false,1.7432598,0.8208117,6.6263433,0.35901722,0.005217512,3
62.559948,0.3812444,49.331565314726284,8.579670037422789,0,1,6675.3594,0.012105007,6,1,false,false,1.6841435,0.83017284,7.348775,0.3590647,0.0018627847,3
62.570934,0.38147455,49.33156864153676,8.579683519483485,0,1,6680.708,0.018883584,6,1,false,false,1.7446445,0.606061,8.0664625,0.35906664,0.0021038763,3
62.578724,0.38170475,49.33157196848444,8.579696863839331,0,1,6702.509,0.021789756,6,1,false,false,1.798813,0.4918897,9.903985,0.35914248,0.009107764,3
62.591564,0.38193497,49.331575295294925,8.579710345480196,0,1,6719.5303,0.023242844,6,1,false,false,1.6557281,0.9856677,7.903656,0.3593891,0.017470866,3
62.61269,0.38216525,49.331578622105404,8.579723827540892,0,1,6699.962,0.025905587,6,1,false,false,1.732421,1.5740055,7.856566,0.35971454,0.01961345,3
62.635357,0.38239565,49.33158194905308,8.579737171896737,0,1,6662.344,0.024694998,6,1,false,false,1.7705675,1.1140773,9.476382,0.36002055,0.017091084,3
62.648434,0.3826261,49.33158527586356,8.579750653957435,0,1,6662.34,0.020095117,6,1,false,false,2.2153516,0.6054661,10.901109,0.36029342,0.019258048,3
62.657806,0.38285658,49.331588602674046,8.5797641355983,0,1,6690.4907,0.017916422,6,1,false,false,1.5812194,0.61174023,9.861202,0.36064032,0.021499712,3
62.67105,0.38308713,49.33159192962172,8.579777479954144,0,1,6687.4956,0.01743237,6,1,false,false,1.3436487,1.0058274,10.073784,0.361015,0.021471757,3
62.687298,0.38331768,49.3315952564322,8.579790962014842,0,1,6671.063,0.014768688,6,1,false,false,1.5618205,0.90139765,10.547322,0.3613558,0.020009963,3
62.7003,0.38354835,49.33159858324268,8.579804306370686,0,1,6674.1167,0.00992631,6,1,false,false,1.3953314,0.7221193,9.345837,0.3616703,0.017914984,3
62.712032,0.38377902,49.331601910190365,8.579817788011551,0,1,6683.2295,0.007990107,6,1,false,false,1.074359,0.77183425,10.858737,0.36194986,0.015172542,3
62.72476,0.38400975,49.33160532686643,8.57983127007225,0,1,6680.0366,0.0070210705,6,1,false,false,1.1857996,0.7580604,9.593897,0.36218446,0.0136053385,3
62.736767,0.38424054,49.331608653814115,8.579844614428094,0,1,6682.9663,0.0048414413,6,1,false,false,1.005352,0.72310513,10.512349,0.36239097,0.011798255,3
62.74911,0.3844714,49.33161207049019,8.57985809648879,0,1,6692.548,0.0021786946,6,1,false,false,0.8167983,0.759787,9.500193,0.36257374,0.009318499,3
62.761917,0.38470227,49.331615397437865,8.579871578129655,0,1,6689.5205,0.0007256074,6,1,false,false,0.83306485,0.85051876,10.185155,0.36271483,0.007616943,3
62.77534,0.3849332,49.331618724248344,8.579884922485501,0,1,6689.8965,0.0009681008,6,1,false,false,0.8307245,0.793559,10.448323,0.3628253,0.005717152,3
62.78796,0.38516417,49.331622141061615,8.579898404546197,0,1,6692.4277,0.0014521509,6,1,false,false,0.9428977,0.77700496,9.603857,0.3628978,0.004307615,3
62.800728,0.3853952,49.33162555773769,8.579911886606894,0,1,6695.911,0.00048405037,6,1,false,false,0.6188734,0.80652255,10.679136,0.36297512,0.0034504656,3
62.813927,0.3856263,49.331628884685365,8.579925230542909,0,1,6694.7383,0.0009681008,6,1,false,false,0.64689016,0.83638316,11.88687,0.3630242,0.0028552639,3
62.82704,0.38585743,49.33163230136144,8.579938712603605,0,1,6694.3877,-0.0009690372,6,1,false,false,0.6392964,0.8056953,8.979263,0.363077,0.0021445365,3
62.840534,0.3860886,49.331635628309115,8.579952194664301,0,1,6695.076,-0.0029052387,6,1,false,false,0.36692804,0.89105153,10.31679,0.36311093,0.0009237447,3
62.85352,0.38631988,49.33163904498519,8.579965676305166,0,1,6690.7417,-0.004600819,6,1,false,false,0.48205894,0.7670638,11.667475,0.36308748,-0.0028291221,3
62.86497,0.38655117,49.33164246179846,8.579979020661012,0,1,6694.802,-0.0072645014,6,1,false,false,0.12861837,0.69753873,9.799104,0.36306053,-0.0021364263,3
62.876446,0.3867825,49.33164578860894,8.579992502721709,0,1,6705.702,-0.006053908,6,1,false,false,0.100280255,0.7708596,10.240675,0.36300126,-0.0055280067,3
62.889603,0.38701388,49.33164920542221,8.580005984782407,0,1,6700.6406,-0.0094431965,6,1,false,false,0.27377737,0.8343424,9.368035,0.36290932,-0.0063548367,3
62.90283,0.3872453,49.33165262223548,8.580019466423272,0,1,6698.9136,-0.010653788,6,1,false,false,-0.16599977,0.8042276,10.165169,0.36281037,-0.0062825107,3
62.915134,0.3874768,49.331656038911554,8.580032810779116,0,1,6703.5464,-0.009685691,6,1,false,false,0.1256562,0.7921229,10.503808,0.36266333,-0.009461763,3
62.927116,0.3877083,49.33165936585923,8.580046292839812,0,1,6704.8706,-0.012349369,6,1,false,false,0.04556921,0.7852101,7.1423497,0.3624934,-0.010600624,3
62.939003,0.38793984,49.331662782535304,8.580059774480677,0,1,6707.9033,-0.009443197,6,1,false,false,-0.3146189,0.71717036,9.643025,0.3623135,-0.010960163,3
62.950863,0.38817143,49.331666199348575,8.580073256541375,0,1,6710.753,-0.0050848685,6,1,false,false,-0.1094293,0.68085134,10.386816,0.36209527,-0.012534174,3
62.959892,0.3884031,49.33166961616185,8.580086738602072,0,1,6721.2803,-0.005569855,6,1,false,false,-0.07765353,0.68494046,7.239728,0.36189836,-0.011051077,3
62.97319,0.38863477,49.331672942972325,8.580100220242937,0,1,6733.8184,-0.0021805665,6,1,false,false,-0.20015638,0.8815142,8.065167,0.36172107,-0.010289525,3
62.98812,0.3888665,49.3316763597856,8.580113702303635,0,1,6716.064,0.0014521515,6,1,false,false,-0.27779922,0.90417504,9.630457,0.36154446,-0.009830546,3
62.99953,0.38909826,49.33167977646167,8.580127184364331,0,1,6720.02,0.0024211884,6,1,false,false,-0.08278185,0.58337,7.922557,0.36139348,-0.0065364107,3
63.01062,0.38933006,49.33168319327494,8.580140666005196,0,1,6743.078,0.003873339,6,1,false,false,-0.23842712,0.7580844,7.8988895,0.3612914,-0.0054208566,3
63.024326,0.38956192,49.33168661008821,8.580154148065892,0,1,6732.4673,0.003146796,6,1,false,false,-0.083011106,0.8014259,10.982723,0.3612134,-0.0022884097,3
63.038845,0.38979384,49.331690026764285,8.58016763012659,0,1,6729.579,0.0021786941,6,1,false,false,-0.44987348,1.0030922,12.363289,0.3611832,-0.003162769,3
63.054882,0.39002582,49.33169335371196,8.580181111767455,0,1,6729.361,-0.0004849867,6,1,false,false,-0.3882721,1.0929403,11.514816,0.36117706,-0.0010468548,3
63.071545,0.39025787,49.331696770388035,8.580194593828152,0,1,6707.758,-0.0016955808,6,1,false,false,-0.2374948,0.9727363,12.0947695,0.361184,0.0012607004,3
63.08471,0.39048997,49.33170018720131,8.580208075888848,0,1,6701.7847,-0.0024221241,6,1,false,false,-0.65969896,0.7360913,11.615212,0.3612155,-7.914097e-06,3
63.094784,0.3907221,49.33170360401458,8.580221557529713,0,1,6710.4966,-0.004116769,6,1,false,false,-0.37261266,0.61914223,10.127151,0.3612138,0.00012037658,3
63.104607,0.39095426,49.33170702069065,8.580235039590411,0,1,6712.7617,-0.0048433123,6,1,false,false,-0.4907955,0.6342758,10.775925,0.36120537,-0.00032637137,3
63.114784,0.39118645,49.33171043750392,8.580248521231276,0,1,6716.3086,-0.005811414,6,1,false,false,-0.39413702,0.6271634,9.728186,0.3611803,-0.0013068855,3
63.124115,0.3914187,49.331713854317194,8.580262003291972,0,1,6728.0483,-0.007990108,6,1,false,false,-0.3252995,0.59772587,7.951358,0.36114106,-0.0017461285,3
63.134556,0.39165094,49.33171718112767,8.58027562263769,0,1,6735.8584,-0.008716651,6,1,false,false,-0.4784075,0.6839878,8.591253,0.3610873,-0.0041680257,3
63.14592,0.39188328,49.331720597940944,8.580289104698387,0,1,6736.918,-0.010896282,6,1,false,false,-0.3389795,0.67494905,8.699435,0.36099336,-0.0049269786,3
63.156647,0.39211562,49.331724014617016,8.580302586759084,0,1,6745.311,-0.011864382,6,1,false,false,-0.30522916,0.6910314,7.9919314,0.36087722,-0.007832269,3
63.16918,0.39234802,49.33172743143028,8.580316068399949,0,1,6752.654,-0.012349372,6,1,false,false,-0.7195461,0.80477595,8.479188,0.36074486,-0.0100867795,3
63.183014,0.39258048,49.33173084824355,8.580329550460645,0,1,6745.0522,-0.0116228275,6,1,false,false,-0.42929363,0.86866933,10.963314,0.36056477,-0.010352445,3
63.196518,0.39281297,49.331734264919625,8.580343169806362,0,1,6744.845,-0.012590926,6,1,false,false,-0.5773908,0.79607564,10.391262,0.3603897,-0.012013186,3
63.21045,0.3930455,49.33173759186731,8.58035665186706,0,1,6747.767,-0.013316533,6,1,false,false,-0.86733973,0.94107336,10.145863,0.36019188,-0.014675198,3
63.2265,0.39327812,49.331741008543375,8.580370133927756,0,1,6732.7383,-0.014285573,6,1,false,false,-0.80318284,0.955506,10.761206,0.35995626,-0.014986793,3
63.2401,0.3935108,49.331744425356646,8.580383753273473,0,1,6720.437,-0.014285572,6,1,false,false,-1.0116512,0.71805125,10.72824,0.359727,-0.013897603,3
63.250732,0.39374346,49.33174784216992,8.580397235334171,0,1,6731.5024,-0.0135590285,6,1,false,false,-0.7346493,0.6472093,10.997668,0.35948142,-0.014961689,3
63.260567,0.3939762,49.33175125884599,8.580410716975036,0,1,6735.4346,-0.015980214,6,1,false,false,-0.76036525,0.64454085,9.342718,0.35922882,-0.015162128,3
63.27188,0.394209,49.33175467565926,8.580424336320753,0,1,6735.1133,-0.01573866,6,1,false,false,-1.414602,0.7279607,11.29583,0.35897565,-0.01691392,3
63.282787,0.3944418,49.33175800246974,8.58043781838145,0,1,6740.5444,-0.014769621,6,1,false,false,-0.73021865,0.650958,8.211814,0.3586927,-0.015758721,3
63.29329,0.39467466,49.33176141928301,8.580451437727167,0,1,6744.497,-0.0154961655,6,1,false,false,-0.92417717,0.728738,8.310967,0.35842472,-0.016333524,3
63.304943,0.39490756,49.33176483609628,8.580464919787863,0,1,6746.405,-0.016949253,6,1,false,false,-0.88076353,0.6807218,9.178544,0.35813278,-0.016952422,3
63.314198,0.3951405,49.331768252909555,8.58047853913358,0,1,6750.284,-0.01622271,6,1,false,false,-1.1849487,0.56305206,9.231039,0.35784692,-0.017582098,3
63.324318,0.39537346,49.33177166958563,8.580492021194278,0,1,6767.918,-0.013074981,6,1,false,false,-1.2016937,0.66447663,9.757497,0.3575373,-0.020179387,3
63.337376,0.3956065,49.331774996533305,8.580505640539995,0,1,6765.4663,-0.014285571,6,1,false,false,-0.71023476,0.94114804,9.09883,0.3571934,-0.020121375,3
63.351685,0.39583954,49.33177841320938,8.580519260305543,0,1,6753.613,-0.014528066,6,1,false,false,-0.9995723,0.8320738,7.8862333,0.3568643,-0.01992138,3
63.365524,0.3960727,49.33178183002265,8.580532741946408,0,1,6754.9814,-0.0133165335,6,1,false,false,-1.3789113,0.7719665,9.541387,0.35655734,-0.017999925,3
63.37688,0.39630583,49.33178524683592,8.580546361711956,0,1,6753.4253,-0.014043079,6,1,false,false,-1.0298655,0.68429816,11.033284,0.3562443,-0.01733473,3
63.387756,0.396539,49.3317885736464,8.580559843352821,0,1,6761.0923,-0.017191747,6,1,false,false,-0.9986055,0.7156742,9.873111,0.3559463,-0.018416254,3
63.40005,0.3967723,49.33179199045967,8.580573463118371,0,1,6764.856,-0.01622271,6,1,false,false,-1.4388839,0.82236457,9.9770775,0.35563302,-0.020529682,3
63.41386,0.3970056,49.33179540713574,8.580587082464088,0,1,6753.3813,-0.015496166,6,1,false,false,-1.3498877,0.8376504,10.027922,0.35530707,-0.0193003,3
63.42621,0.3972389,49.33179873408342,8.580600701809805,0,1,6750.5845,-0.01573866,6,1,false,false,-1.1940308,0.7171736,10.058143,0.35499904,-0.016697137,3
63.436924,0.3974723,49.33180215075949,8.580614321575354,0,1,6758.272,-0.017191745,6,1,false,false,-1.1252263,0.67975634,10.297725,0.35470536,-0.017460328,3
63.4474,0.39770573,49.331805567572765,8.580627803216219,0,1,6760.757,-0.018401401,6,1,false,false,-1.5278091,0.6673778,10.218709,0.354424,-0.017838722,3
63.458927,0.39793918,49.331808894383244,8.580641422981767,0,1,6762.816,-0.015738662,6,1,false,false,-1.5736907,0.72530496,9.770542,0.3541457,-0.017299548,3
63.470806,0.39817268,49.331812311196515,8.580655042327484,0,1,6763.0015,-0.016706757,6,1,false,false,-1.1463968,0.77248055,10.052807,0.35383227,-0.0178674,3
63.482624,0.39840624,49.331815638006994,8.5806686616732,0,1,6762.1206,-0.02203412,6,1,false,false,-1.3676413,0.73995024,10.562864,0.3535401,-0.018644057,3
63.493896,0.39863983,49.331819054820265,8.580682281018918,0,1,6763.8696,-0.020096049,6,1,false,false,-1.5369688,0.6791495,10.1269045,0.3532424,-0.018466491,3
63.504883,0.39887345,49.33182238163075,8.580695900784468,0,1,6767.069,-0.016706765,6,1,false,false,-1.6266363,0.7396603,11.459761,0.35291466,-0.022022495,3
63.51694,0.39910713,49.33182579844402,8.580709520130185,0,1,6765.7954,-0.018401403,6,1,false,false,-1.3681581,0.7784822,10.9099865,0.3525772,-0.020585313,3
63.52841,0.39934087,49.3318291252545,8.580723139475902,0,1,6763.228,-0.014769625,6,1,false,false,-1.1384957,0.7111641,8.259451,0.3522451,-0.019108899,3
63.539936,0.39957464,49.33183254206777,8.58073675924145,0,1,6765.3296,-0.010896283,6,1,false,false,-1.1967335,0.6514408,8.535111,0.35194996,-0.016404351,3
63.55048,0.3998084,49.33183586887825,8.580750378587167,0,1,6764.54,-0.0094431965,6,1,false,false,-0.9998178,0.5932675,9.130498,0.35169598,-0.011404888,3
63.5587,0.40004224,49.33183919582593,8.580763997932884,0,1,6775.2847,-0.008474158,6,1,false,false,-1.076597,0.48731503,9.067808,0.35148895,-0.011169904,3
63.567524,0.40027612,49.331842612502,8.580777617698432,0,1,6792.3345,-0.009927246,6,1,false,false,-1.3391796,0.59629345,10.031316,0.35129046,-0.013632058,3
63.579533,0.40051,49.33184593944968,8.58079123704415,0,1,6792.6406,-0.0096856905,6,1,false,false,-1.2485331,0.8402287,9.244943,0.35107502,-0.0129572265,3
63.593876,0.400744,49.331849266260164,8.580804994094718,0,1,6783.291,-0.007990108,6,1,false,false,-1.1446354,0.9191334,9.308524,0.35084322,-0.0140985,3
63.608036,0.40097797,49.33185268307343,8.580818613440435,0,1,6775.7705,-0.010653788,6,1,false,false,-1.0109451,0.8069189,10.296793,0.35061425,-0.013490208,3
63.619953,0.40121207,49.331856009883914,8.580832233205985,0,1,6773.8755,-0.00847416,6,1,false,false,-1.2369714,0.6670044,9.187077,0.35042226,-0.010484805,3
63.63101,0.40144613,49.33185933669439,8.580845852551702,0,1,6778.123,-0.0026636813,6,1,false,false,-0.9541391,0.6696984,10.442193,0.35024798,-0.009376948,3
63.641964,0.4016803,49.331862753507664,8.580859609602271,0,1,6777.9863,-0.0024221248,6,1,false,false,-0.88931775,0.6369207,8.7537565,0.35010442,-0.006592824,3
63.6523,0.40191445,49.33186608031814,8.580873228947988,0,1,6781.0864,-0.00072747964,6,1,false,false,-1.0221125,0.6767703,9.085338,0.34999973,-0.0055051073,3
63.663002,0.40214866,49.33186940712862,8.580886848713536,0,1,6787.7866,0.00048405043,6,1,false,false,-0.7550417,0.6244845,9.849206,0.34992316,-0.0032695415,3
63.673412,0.4023829,49.331872734076306,8.580900605764105,0,1,6787.118,0.00072560745,6,1,false,false,-1.0675682,0.6533978,10.182416,0.3498879,-0.0013721033,3
63.684967,0.40261722,49.33187615075237,8.580914225109822,0,1,6793.0474,-0.0016955808,6,1,false,false,-0.8386301,0.73872316,10.006079,0.34985268,-0.002387682,3
63.696705,0.40285155,49.331879477700056,8.58092784445554,0,1,6791.351,-0.007990108,6,1,false,false,-1.0497204,0.7641543,11.405169,0.3498221,-0.0034281802,3
63.71021,0.40308592,49.331882804510535,8.580941601506108,0,1,6785.096,-0.010169738,6,1,false,false,-1.0496064,0.8333891,11.238773,0.3497935,-0.00284229,3
63.722355,0.40332037,49.33188613132101,8.580955221271656,0,1,6780.769,-0.011622827,6,1,false,false,-0.86362827,0.73925066,10.270097,0.34973612,-0.004462498,3
63.733604,0.40355486,49.33188945826869,8.580968978322225,0,1,6781.0273,-0.017433306,6,1,false,false,-0.7510596,0.7200715,11.889127,0.34963748,-0.0073612835,3
63.743866,0.40378937,49.331892874944764,8.580982597667942,0,1,6779.2344,-0.021791626,6,1,false,false,-1.0293633,0.59644747,9.855475,0.34952408,-0.008218193,3
63.753555,0.40402395,49.33189620189244,8.580996354718511,0,1,6782.09,-0.019854493,6,1,false,false,-1.2827219,0.65154725,11.171697,0.34937078,-0.011322059,3
63.763096,0.40425855,49.33189952870293,8.581009974064228,0,1,6787.509,-0.022275677,6,1,false,false,-0.7361185,0.5739266,11.297206,0.349137,-0.014531624,3
63.772156,0.4044932,49.331902855513405,8.581023731114797,0,1,6788.7173,-0.022760669,6,1,false,false,-1.1558636,0.6225066,10.041448,0.3488849,-0.017317973,3
63.78262,0.40472788,49.33190618246108,8.581037488165366,0,1,6794.9526,-0.017433308,6,1,false,false,-1.2652234,0.6820858,10.076806,0.34857458,-0.021260113,3
63.793373,0.40496257,49.33190950927156,8.581051107930914,0,1,6789.774,-0.0135590285,6,1,false,false,-0.7640321,0.6821897,9.5631695,0.34822744,-0.018623995,3
63.80366,0.40519732,49.33191283608205,8.581064864981483,0,1,6790.55,-0.009443196,6,1,false,false,-0.8085319,0.6475946,9.577573,0.34791246,-0.017957592,3
63.812634,0.40543208,49.331916163029724,8.581078622032052,0,1,6797.4546,-0.0050848685,6,1,false,false,-1.087697,0.5652695,9.215132,0.34763277,-0.015805863,3
63.82163,0.4056669,49.3319195797058,8.58109224137777,0,1,6803.3735,0.0021786946,6,1,false,false,-0.77672315,0.60688543,9.789842,0.3473842,-0.012802063,3
63.831722,0.40590173,49.331922906653475,8.581105998428338,0,1,6808.435,0.007990108,6,1,false,false,-0.64471555,0.6548911,8.627083,0.34719953,-0.008699531,3
63.842506,0.40613663,49.33192623346395,8.581119755478907,0,1,6809.039,0.01283155,6,1,false,false,-0.40121067,0.7080034,8.962429,0.34707347,-0.004695031,3
63.85362,0.40637156,49.33192956027443,8.581133374824624,0,1,6808.7,0.01646333,6,1,false,false,-0.7000069,0.6711145,9.584025,0.34703174,-0.0014332755,3
63.86442,0.40660653,49.331932887222116,8.581147131875193,0,1,6809.783,0.021305703,6,1,false,false,-0.35303223,0.69269323,9.593507,0.34707513,0.006743822,3
63.875366,0.40684152,49.331936214032595,8.581160888925762,0,1,6813.44,0.02469499,6,1,false,false,-0.074036315,0.7036152,9.661795,0.34721467,0.01160806,3
63.8868,0.40707657,49.331939540843074,8.581174645976331,0,1,6811.5376,0.02082166,6,1,false,false,-0.24292989,0.77537316,10.840475,0.34744626,0.015256291,3
63.898354,0.40731168,49.33194286779075,8.5811884030269,0,1,6809.996,0.017916422,6,1,false,false,-0.11577433,0.69622123,10.511553,0.34774798,0.01983368,3
63.909866,0.4075468,49.33194619460124,8.581202160077469,0,1,6809.612,0.016705826,6,1,false,false,-0.21794316,0.75390637,10.602298,0.34811515,0.02222039,3
63.921658,0.40778193,49.331949521411715,8.581215779423186,0,1,6806.6797,0.013074041,6,1,false,false,-0.40567204,0.75826937,10.91711,0.34850693,0.0227002,3
63.932655,0.40801716,49.33195284835939,8.581229536473755,0,1,6802.1396,0.00847322,6,1,false,false,0.14132902,0.6988254,10.288301,0.34888893,0.022616623,3
63.94264,0.40825242,49.33195617516987,8.581243293524324,0,1,6804.0986,0.004114895,6,1,false,false,-0.13554066,0.64185274,11.051717,0.34926698,0.02063816,3
63.952396,0.4084877,49.33195950198036,8.581257050574893,0,1,6805.135,0.0038733387,6,1,false,false,-0.08013937,0.59069633,11.738082,0.34960714,0.01912069,3
63.961784,0.40872303,49.331962828928035,8.581270807625462,0,1,6808.8647,0.0043573887,6,1,false,false,0.036506355,0.6613034,11.171721,0.34991345,0.016232435,3
63.97164,0.40895835,49.33196624560411,8.581284564676029,0,1,6811.853,0.0031467956,6,1,false,false,-0.18145539,0.71710575,11.874254,0.3501859,0.013605956,3
63.982094,0.40919375,49.331969572551785,8.581298321726598,0,1,6807.815,0.004114897,6,1,false,false,0.39326596,0.72954273,11.225169,0.35040963,0.012836081,3
63.992134,0.40942916,49.33197289936226,8.581312078777167,0,1,6804.8003,0.0070210705,6,1,false,false,-0.07660037,0.6751256,10.891477,0.35063034,0.010671803,3
64.0014,0.40966463,49.33197622617274,8.581325835827736,0,1,6806.492,0.01089441,6,1,false,false,0.3151901,0.62279314,10.181996,0.35080346,0.009882675,3
64.00953,0.40990013,49.33197955298323,8.581339592878305,0,1,6809.8413,0.012831546,6,1,false,false,0.61629105,0.56994283,9.841245,0.3509686,0.011873671,3
64.01808,0.41013566,49.331982879930905,8.581353349928873,0,1,6815.1562,0.015979283,6,1,false,false,0.32185686,0.5725465,9.222236,0.35117266,0.012024101,3
64.02655,0.4103712,49.33198629660698,8.581367106979442,0,1,6817.981,0.01815891,6,1,false,false,0.5155139,0.58191264,11.031632,0.35137445,0.013479034,3
64.03537,0.4106068,49.331989623554655,8.581380864030011,0,1,6824.2603,0.01815891,6,1,false,false,0.79637563,0.58286196,10.356244,0.35161898,0.016956048,3
64.04466,0.41084242,49.331992950365134,8.58139462108058,0,1,6829.8003,0.017916417,6,1,false,false,0.6101513,0.6885755,8.823899,0.35192642,0.018348845,3
64.05589,0.41107807,49.331996367178405,8.58140837813115,0,1,6826.354,0.017673925,6,1,false,false,0.48659658,0.76257265,10.11443,0.35225028,0.018608358,3
64.067116,0.41131377,49.331999693988884,8.581422135181718,0,1,6817.4277,0.016463332,6,1,false,false,0.7211162,0.70946515,8.980083,0.35256305,0.019718992,3
64.076096,0.4115495,49.33200302079937,8.581435892232287,0,1,6822.338,0.012831547,6,1,false,false,0.7817303,0.62650836,10.058707,0.35289082,0.020219607,3
64.08504,0.41178527,49.332006437612634,8.581449649702687,0,1,6829.3447,0.008473221,6,1,false,false,0.46891847,0.6444248,11.266209,0.35322455,0.018278243,3
64.094696,0.41202107,49.33200976442312,8.581463406753256,0,1,6826.2886,0.004114895,6,1,false,false,0.59503937,0.69317937,9.755058,0.3535416,0.018920537,3
64.104706,0.4122569,49.33201318123639,8.581477163803825,0,1,6827.5684,-0.00048498705,6,1,false,false,0.5979997,0.7101108,9.751183,0.35382542,0.01540606,3
64.114784,0.41249278,49.33201650804687,8.581490920854394,0,1,6826.175,-0.008474159,6,1,false,false,0.5374441,0.7077161,10.355218,0.35402828,0.00928621,3
64.12401,0.41272873,49.33201992486014,8.581504677904963,0,1,6824.0884,-0.013316535,6,1,false,false,0.10097872,0.6507919,10.923641,0.35415193,0.00424353,3
64.13303,0.41296467,49.33202325167062,8.581518434955532,0,1,6830.337,-0.010412234,6,1,false,false,0.34764642,0.61955535,9.997212,0.3541854,5.2042964e-05,3
64.14193,0.41320062,49.33202666848389,8.581532192006101,0,1,6831.853,-0.009443196,6,1,false,false,0.58226115,0.6680366,10.883437,0.35413513,-0.0044069593,3
64.15202,0.41343662,49.33202999529437,8.58154594905667,0,1,6830.1025,-0.0075069927,6,1,false,false,-0.009932965,0.7038976,9.875226,0.35404754,-0.008774981,3
64.161476,0.41367272,49.33203341210764,8.581559706107239,0,1,6828.767,0.00024155714,6,1,false,false,0.44858956,0.6868558,10.92584,0.35390422,-0.008001703,3
64.17087,0.4139088,49.33203673891812,8.58157360086266,0,1,6830.97,0.011620954,6,1,false,false,0.56384444,0.61866075,10.162319,0.35378498,-0.0052977586,3
64.1793,0.4141449,49.33204015573139,8.581587357913229,0,1,6830.6533,0.01936857,6,1,false,false,0.6821465,0.65955245,10.315066,0.3537082,-0.0024409154,3
64.1879,0.41438106,49.33204357254466,8.581601114963798,0,1,6835.5884,0.025421543,6,1,false,false,0.3475831,0.5993123,10.130349,0.35371247,0.0023766325,3
64.196754,0.4146172,49.33204689935514,8.581614872014367,0,1,6834.82,0.03413819,6,1,false,false,0.5740781,0.654968,11.120934,0.3538113,0.009376246,3
64.2057,0.41485345,49.33205031616841,8.581628629064934,0,1,6837.7256,0.03946461,6,1,false,false,1.0280713,0.62910783,10.687681,0.3540417,0.018702397,3
64.21461,0.4150897,49.332053732981684,8.581642386115503,0,1,6838.9043,0.04261141,6,1,false,false,0.7015709,0.6996626,8.977934,0.35441914,0.025628462,3
64.22407,0.41532597,49.332057149794956,8.581656143166072,0,1,6837.125,0.04188487,6,1,false,false,0.78086126,0.7010297,11.315713,0.35487548,0.028744625,3
64.2331,0.41556227,49.332060476605434,8.58167003708183,0,1,6834.35,0.039464623,6,1,false,false,1.1049209,0.58523595,10.517773,0.35542965,0.037101623,3
64.24049,0.4157986,49.332063893418706,8.581683794132399,0,1,6839.3643,0.04091583,6,1,false,false,1.0449862,0.5623296,9.228385,0.35607672,0.04141853,3
64.249214,0.416035,49.33206730995758,8.581697551182968,0,1,6846.4575,0.0360744,6,1,false,false,0.96036834,0.66561127,10.575714,0.35676855,0.04148402,3
64.25789,0.41627142,49.33207072677085,8.581711308233535,0,1,6839.827,0.03171607,6,1,false,false,0.98688734,0.64056706,9.931251,0.35748878,0.043913,3
64.266396,0.41650784,49.33207414358412,8.581725065284104,0,1,6844.184,0.03292666,6,1,false,false,1.0795126,0.5852687,8.350447,0.35822824,0.044702284,3
64.27449,0.41674432,49.332077560397394,8.581738822334673,0,1,6848.6953,0.031474512,6,1,false,false,1.4594381,0.6114158,10.403642,0.35893837,0.04285378,3
64.28273,0.41698083,49.332080977210666,8.581752717090094,0,1,6848.6133,0.029537372,6,1,false,false,1.7007887,0.57909983,10.301506,0.35965234,0.04450985,3
64.2907,0.41721734,49.33208439402394,8.581766474140663,0,1,6855.545,0.0326851,6,1,false,false,1.4210825,0.63987637,9.327475,0.3604069,0.044169303,3
64.30075,0.4174539,49.33208781056281,8.581780231191232,0,1,6855.705,0.034621302,6,1,false,false,1.7311465,0.78353906,12.595817,0.3611475,0.04391379,3
64.31118,0.41769052,49.33209122737608,8.5817939882418,0,1,6843.5854,0.035589404,6,1,false,false,2.367072,0.7190851,10.38115,0.3618824,0.046067543,3
64.32002,0.41792715,49.33209464418935,8.58180774529237,0,1,6846.1064,0.038253088,6,1,false,false,1.8710058,0.6588649,9.129105,0.36264348,0.044542905,3
64.32864,0.4181638,49.33209815100541,8.581821502342939,0,1,6846.441,0.040190224,6,1,false,false,1.9945079,0.61389595,11.799811,0.3633372,0.039055355,3
64.33595,0.4184005,49.332101567544285,8.581835259393507,0,1,6841.994,0.040915832,6,1,false,false,2.3721397,0.49204046,11.781986,0.36402148,0.04434253,3
64.34265,0.41863722,49.33210498435756,8.581849154148928,0,1,6856.911,0.047453783,6,1,false,false,2.1151063,0.54808074,8.93127,0.3647996,0.048627295,3
64.3513,0.41887397,49.33210849117362,8.581862911199497,0,1,6857.4136,0.04527416,6,1,false,false,2.2913423,0.74076486,11.618822,0.36558878,0.046001293,3
64.36067,0.41911072,49.332111907986885,8.581876668250066,0,1,6845.1265,0.03946463,6,1,false,false,2.3083336,0.6321689,10.816622,0.36639875,0.049515862,3
64.367905,0.41934755,49.33211541452855,8.581890425300635,0,1,6853.2095,0.043579508,6,1,false,false,1.9730147,0.5542029,10.54457,0.36724195,0.049612276,3
64.376144,0.41958436,49.332118921344616,8.581904182351204,0,1,6858.247,0.040915836,6,1,false,false,2.6650007,0.67451304,11.739527,0.3680613,0.049608286,3
64.38452,0.41982123,49.33212233815789,8.581917939401773,0,1,6848.3853,0.0360744,6,1,false,false,2.5128522,0.65201765,9.851844,0.3688744,0.048206728,3
64.392395,0.4200581,49.33212584469955,8.581931696452342,0,1,6853.184,0.035589404,6,1,false,false,2.2661352,0.58675337,10.465425,0.36967337,0.045811437,3
64.40005,0.42029503,49.33212935151561,8.581945453502911,0,1,6854.796,0.035589408,6,1,false,false,2.3826907,0.59604156,10.88701,0.37041187,0.04289069,3
64.40761,0.42053196,49.33213285805727,8.581959210553478,0,1,6851.2886,0.03510536,6,1,false,false,2.4152575,0.58579123,10.053868,0.37111497,0.041679725,3
64.414566,0.42076892,49.332136364873335,8.581972967604047,0,1,6859.1387,0.034138195,6,1,false,false,2.5187497,0.6058957,10.633529,0.3717785,0.039975308,3
64.42185,0.4210059,49.332139871414995,8.581986724654616,0,1,6860.6704,0.030505475,6,1,false,false,2.2559822,0.60440814,12.217762,0.37244186,0.038448937,3
64.42958,0.42124292,49.332143467959455,8.582000481705185,0,1,6860.9854,0.030262979,6,1,false,false,2.0903234,0.6086191,9.833747,0.37313086,0.04054756,3
64.43791,0.42148,49.33214697477551,8.582014238755754,0,1,6862.7793,0.030505475,6,1,false,false,2.454325,0.6456349,10.915356,0.37377602,0.03761441,3
64.446625,0.42171702,49.33215048131718,8.582027995806323,0,1,6855.153,0.0256631,6,1,false,false,2.651963,0.66638464,12.51805,0.37436393,0.033410266,3
64.453445,0.42195415,49.33215407813603,8.582041752856892,0,1,6855.9067,0.024452504,6,1,false,false,2.1581652,0.51189005,10.143657,0.37493172,0.03279878,3
64.46052,0.42219123,49.332157584677695,8.58205550990746,0,1,6866.1826,0.025663095,6,1,false,false,2.0315928,0.57968926,9.488987,0.3754884,0.03139742,3
64.46886,0.4224284,49.33216118122215,8.582069129253178,0,1,6857.295,0.024452504,6,1,false,false,1.8247901,0.6845654,9.902011,0.37596852,0.025079014,3
64.475365,0.42266557,49.33216468803821,8.582082886303747,0,1,6854.758,0.019368565,6,1,false,false,2.5710657,0.5069751,10.20752,0.37633422,0.022983553,3
64.480545,0.42290276,49.332168284582664,8.582096643354316,0,1,6870.2197,0.017673926,6,1,false,false,1.6565701,0.43896997,8.397508,0.37672883,0.022958353,3
64.48625,0.42313996,49.33217179139873,8.582110400404884,0,1,6875.464,0.019852616,6,1,false,false,1.3269306,0.52223444,8.469397,0.3771177,0.022918444,3
64.49441,0.4233772,49.33217538794318,8.582124157455453,0,1,6875.8945,0.015979286,6,1,false,false,1.6322427,0.63576597,10.246559,0.37744364,0.019329648,3
64.50179,0.42361447,49.33217898448763,8.582137914506022,0,1,6878.766,0.005810478,6,1,false,false,1.6592569,0.75130177,10.7087145,0.37778294,0.021602556,3
64.51031,0.42385176,49.332182581032086,8.582151671556591,0,1,6882.9146,0.0058104773,6,1,false,false,1.2320338,0.64734924,10.397733,0.37815243,0.020360386,3
64.52129,0.4240891,49.332186177576546,8.582165290902308,0,1,6875.2354,0.0029043017,6,1,false,false,1.5764602,0.8556969,9.74497,0.3784464,0.015080777,3
64.53185,0.42432645,49.332189774395395,8.582179047952877,0,1,6863.155,-0.0075069936,6,1,false,false,1.2339213,0.7093791,10.460437,0.37865287,0.008030421,3
64.53985,0.42456385,49.33219337093985,8.582192805003446,0,1,6859.5166,-0.009927246,6,1,false,false,0.9410959,0.55436033,10.308053,0.3787585,0.003467679,3
64.54564,0.4248013,49.33219696748431,8.582206562054015,0,1,6870.391,-0.010653789,6,1,false,false,1.0558872,0.5247711,12.069501,0.37875617,-0.00258276,3
64.5525,0.42503873,49.33220056402876,8.582220319104584,0,1,6872.5483,-0.018401407,6,1,false,false,0.8180619,0.630259,12.996335,0.3786754,-0.00817854,3
64.56034,0.4252762,49.33220416057321,8.582234076155153,0,1,6868.9575,-0.022518171,6,1,false,false,0.5285835,0.6593395,11.065958,0.378508,-0.013879585,3
64.568115,0.42551368,49.33220775739206,8.582247696340533,0,1,6867.1914,-0.021549135,6,1,false,false,0.22384724,0.5755769,9.690689,0.3782577,-0.01860554,3
64.57552,0.4257512,49.33221135393652,8.582261453391101,0,1,6863.9,-0.021791631,6,1,false,false,0.25685304,0.60722995,11.35741,0.3778913,-0.02421198,3
64.58111,0.42598876,49.332214950480974,8.58227521044167,0,1,6863.9717,-0.02445437,6,1,false,false,0.17458037,0.44232607,11.227816,0.37744382,-0.027440272,3
64.58584,0.42622635,49.33221863702822,8.58228896749224,0,1,6876.275,-0.023244722,6,1,false,false,-0.3158387,0.5020808,10.14048,0.37697324,-0.030177005,3
64.59193,0.42646396,49.33222223357267,8.582302724542808,0.022637913,1,6881.457,-0.02227568,6,1,false,false,-0.53627515,0.5859302,9.812745,0.3764621,-0.032052867,3
64.59657,0.42670158,49.332225830117125,8.582316481593377,0.05325868,1,6876.1636,-0.024454372,6,1,false,false,-0.35294724,0.3545432,10.508057,0.37591615,-0.032408535,3
64.59461,0.4269392,49.332229426661584,8.582330238643946,0.094602644,1,6870.193,-0.026149957,6,1,false,false,-0.8534157,-0.11708549,11.678779,0.3753804,-0.033343963,3
64.58308,0.4271768,49.332233023480434,8.582343857989663,0.1683546,1,6858.948,-0.029296748,6,1,false,false,-1.0425956,-0.6531043,9.329281,0.37479153,-0.0386262,3
64.557526,0.42741436,49.33223662002489,8.582357615040232,0.2334088,0.9960543,6840.074,-0.036561247,6,1,false,false,-1.0455215,-1.7436726,7.476186,0.37415808,-0.0372862,3
64.50886,0.42765176,49.332240216569346,8.582371372090801,0.2926248,0.8762021,6812.3237,-0.037287794,6,1,false,false,-1.303823,-3.3863266,10.324761,0.3735253,-0.035792686,3
64.43376,0.42788896,49.3322438131138,8.58238512914137,0.34493035,0.7033292,6775.943,-0.038255896,6,1,false,false,-1.3575985,-4.7595854,9.263346,0.3728327,-0.04548037,3
64.3396,0.42812586,49.33224740965825,8.582398748487087,0.39389974,0.5538841,6745.065,-0.03995054,6,1,false,false,-1.4793918,-5.9370527,9.140411,0.37203622,-0.04980034,3
64.2244,0.42836234,49.3322510064771,8.582412505537656,0.43786484,0.41233045,6698.156,-0.034140073,6,1,false,false,-1.3260511,-7.334944,9.748537,0.37120077,-0.049178787,3
64.08643,0.42859837,49.33225460302156,8.582426124883373,0.4844513,0.2796548,6646.3213,-0.028087094,6,1,false,false,-1.4979407,-8.639407,8.978477,0.37037474,-0.04926495,3
63.91977,0.4288339,49.33225819956601,8.58243974422909,0.5190039,0.18890256,6611.6147,-0.025180921,6,1,false,false,-2.0799174,-10.578876,11.080742,0.36955115,-0.05076203,3
63.731766,0.4290687,49.33226170638208,8.582453363574807,0.55010116,0.11541309,6569.955,-0.023487214,6,1,false,false,-1.8948257,-11.424098,9.850029,0.3686785,-0.052142765,3
63.530895,0.42930284,49.33226521292374,8.582466846055334,0.5773858,0.070530236,6506.612,-0.022275679,6,1,false,false,-2.0397,-12.214483,11.186288,0.36783034,-0.050737854,3
63.321194,0.4295362,49.3322687197398,8.582480465401051,0.60336006,0.037977807,6419.5913,-0.019370446,6,1,false,false,-2.2920666,-12.297916,8.106371,0.36696297,-0.054520316,3
63.107178,0.4297688,49.33227222628146,8.582493947041916,0.6250447,0.009124542,6319.9053,-0.017918294,6,1,false,false,-1.5821776,-13.149391,9.998513,0.36606136,-0.048616525,3
62.868416,0.43000057,49.332275733097525,8.582507291817594,0.64768255,-1.1641532e-09,6415.9497,-0.01670676,6,1,false,false,-1.936492,-15.032697,10.458081,0.36531687,-0.039927796,3
62.61953,0.43023145,49.332279239639185,8.582520635753607,0.6647207,0,6441.0103,-0.008474156,6,1,false,false,-1.995374,-14.752656,11.504898,0.36460412,-0.04679487,3
62.36623,0.4304614,49.332282656452456,8.582533980529284,0.6799713,0,6335.598,-0.002905239,6,1,false,false,-1.611363,-15.302831,10.875589,0.3637976,-0.04722594,3
62.110596,0.4306904,49.33228607326573,8.582547324465297,0.6962946,0,6232.3374,0.0033883525,6,1,false,false,-2.0617085,-14.832339,8.5430355,0.3630468,-0.04468463,3
61.85709,0.43091848,49.332289490079,8.582560531536123,0.7054688,0,6194.0156,0.010652853,6,1,false,false,-2.0205803,-15.596451,9.86848,0.36233646,-0.039342873,3
61.590054,0.4311456,49.33229290689227,8.582573600902096,0.71631134,0.77,6413.2363,0.014042143,0,1,false,false,-1.9071615,-15.933623,11.851875,0.36175978,-0.02791887,3
61.327854,0.4313717,49.33229623370275,8.582586807133257,0.72393656,0.15888888,6741.1675,0.015494291,0,1,false,false,-1.9920373,-15.199044,10.995063,0.36131293,-0.027802777,3
61.06968,0.43159682,49.33229965051602,8.58259987649923,0.7292982,0,6691.0366,0.015252738,5,1,false,false,-1.931059,-15.796709,9.925667,0.36082995,-0.030829964,3
60.7712,0.43182096,49.332302977326506,8.582612808160352,0.72906005,0,7083.9,0.01258999,5,1,false,false,-1.9749582,-18.7717,10.287548,0.36035213,-0.026792143,3
60.47056,0.4320439,49.332306304136985,8.582625739821472,0.7322768,0,7031.9575,0.010410361,5,1,false,false,-2.1985893,-17.007303,10.797271,0.35992113,-0.024916852,3
60.194798,0.43226585,49.33230954094467,8.582638671482593,0.7322769,0,6911.249,0.0067785764,5,1,false,false,-2.0608356,-16.163612,11.111047,0.3594835,-0.026796268,3
59.92368,0.43248677,49.33231286775515,8.582651465438863,0.7375194,0,6793.8213,0.0043573896,5,1,false,false,-2.0907235,-16.041803,10.936017,0.3590343,-0.0278008,3
59.65268,0.43270665,49.33231610483724,8.582664259395132,0.73847246,0,6799.943,0.004841439,5,1,false,false,-1.9429237,-16.530397,9.75347,0.35861334,-0.023406738,3
59.36626,0.43292558,49.33231934164493,8.58267691564655,0.74955326,0,6857.5796,0.007747614,5,1,false,false,-2.2335327,-17.106155,10.106585,0.3582279,-0.024375979,3
59.08045,0.4331434,49.332322578727016,8.582689572737632,0.7483616,0,6775.031,0.010167867,5,1,false,false,-2.096153,-16.659492,10.663243,0.35782063,-0.023671415,3
58.80222,0.4333602,49.33232581553471,8.58270222898905,0.75527215,0,6752.5923,0.01089441,5,1,false,false,-1.9845349,-16.610111,10.751116,0.35745218,-0.020898419,3
58.521618,0.43357596,49.33232896261401,8.582714747535615,0.7515787,0,6736.0947,0.010652855,5,1,false,false,-2.1393247,-16.670397,11.170942,0.35711738,-0.020795222,3
58.242542,0.43379068,49.3323321096933,8.582727129216991,0.75479555,0,6671.674,0.008230729,5,1,false,false,-1.9747919,-16.363617,10.29516,0.35675272,-0.022881709,3
57.96597,0.4340044,49.332335256772595,8.582739647763557,0.7532468,0,6639.363,0.0038733406,5,1,false,false,-2.0568752,-16.512314,10.095651,0.35634878,-0.025981942,3
57.686886,0.4342171,49.33233840385189,8.582752029444935,0.76313585,0,6624.7124,-0.00048498716,5,1,false,false,-2.1476316,-16.731634,10.529251,0.35589117,-0.029435407,3
57.404625,0.43442875,49.3323414609284,8.58276427342146,0.7617062,0,6594.305,-0.00508487,5,1,false,false,-2.2019742,-16.60478,10.457038,0.35538456,-0.031224797,3
57.124897,0.4346394,49.332344608007695,8.582776516558322,0.7700464,0,6552.9316,-0.008716653,5,1,false,false,-2.1088932,-16.64397,11.81697,0.3548247,-0.036342025,3
56.84911,0.43484896,49.3323476650842,8.582788760534848,0.76730597,0,6504.268,-0.010896282,5,1,false,false,-2.2296588,-16.389797,9.929452,0.35416293,-0.04333503,3
56.56947,0.43505755,49.33235072216071,8.582800866806522,0.77278674,0,6462.2637,-0.0111378385,5,1,false,false,-1.952941,-16.61151,10.813719,0.35342872,-0.043199327,3
56.287945,0.43526506,49.332353689234424,8.582812973078195,0.7683784,0,6438.4307,-0.009443197,5,1,false,false,-2.1813953,-17.078577,10.773297,0.352654,-0.04910667,3
56.010086,0.43547162,49.33235674631093,8.582824941645017,0.76885486,0,6415.7256,-0.007022009,5,1,false,false,-2.2582438,-16.243591,9.223739,0.35180318,-0.05380291,3
55.731186,0.43567708,49.332359713659045,8.582836910211839,0.760872,0,6369.946,-0.00411677,5,1,false,false,-2.225163,-16.559145,9.777063,0.3509046,-0.05236141,3
55.458294,0.43588156,49.33236268073276,8.58284887877866,0.7663528,0,6331.609,-0.0016955808,5,1,false,false,-2.1715333,-16.376328,10.070143,0.3500234,-0.05339284,3
55.184326,0.43608502,49.332365648080874,8.582860710480295,0.7584894,0,6293.5664,0.00048405063,5,1,false,false,-2.5026867,-16.090631,9.889218,0.34913367,-0.05589472,3
54.91124,0.43628746,49.3323685251518,8.582872541342264,0.7612297,0,6242.832,0.0009681008,5,1,false,false,-1.9976774,-16.182425,10.094613,0.34818733,-0.055031262,3
54.642654,0.43648893,49.33237149249991,8.582884234499382,0.75431913,0,6214.168,0.0021786948,5,1,false,false,-2.42715,-16.022593,9.420968,0.34724802,-0.058507074,3
54.36545,0.43668938,49.33237436984523,8.582895928496164,0.75527215,0,6189.6143,0.0041148965,5,1,false,false,-2.5291388,-16.45312,10.125695,0.3462913,-0.05634882,3
54.090134,0.4368888,49.33237724691616,8.58290748394843,0.74681294,0,6169.0825,0.0055679833,5,1,false,false,-2.2681031,-16.349108,10.283902,0.34532863,-0.057187583,3
53.822582,0.43708727,49.33238003425869,8.582919177945213,0.75324655,0,6135.237,0.007747614,5,1,false,false,-2.3959062,-15.720024,9.78891,0.3444153,-0.054360997,3
53.555424,0.4372847,49.332382911604014,8.582930595692627,0.7518169,0,6093.53,0.010652855,5,1,false,false,-2.4122963,-15.854744,9.337473,0.34352392,-0.051249925,3
53.28734,0.4374812,49.332385698946545,8.582942151984556,0.7594423,0,6076.259,0.013316533,5,1,false,false,-2.335091,-15.962485,9.907343,0.34269208,-0.048944127,3
53.01596,0.43767667,49.33238848628908,8.582953570571634,0.7562255,0,6048.7793,0.017189877,5,1,false,false,-2.4488385,-16.024246,10.068871,0.34187615,-0.050185915,3
52.749245,0.43787113,49.33239127363161,8.582964850614196,0.764089,0,6000.231,0.019852616,5,1,false,false,-2.300855,-15.614744,9.750755,0.34102875,-0.05042479,3
52.48454,0.43806466,49.332394061248536,8.582976131496423,0.7626593,0,5954.631,0.021789756,5,1,false,false,-2.3594193,-15.93455,10.821069,0.34022143,-0.046501197,3
52.209927,0.4382572,49.33239675858828,8.58298741237865,0.76909316,0,5925.2393,0.023485338,5,1,false,false,-2.611739,-16.310987,10.013755,0.33941916,-0.050337516,3
51.93718,0.43844867,49.33239945592802,8.582998555556022,0.764089,0,5915.9854,0.023242844,5,1,false,false,-2.2699502,-16.072996,9.529797,0.33861724,-0.04360696,3
51.66877,0.4386392,49.33240215354216,8.583009698733397,0.7720721,0,5886.8325,0.024210943,5,1,false,false,-2.4746027,-16.02594,10.194261,0.33792815,-0.04005341,3
51.39446,0.4388287,49.3324048508819,8.583020841910772,0.77302504,0,5854.876,0.024694994,5,1,false,false,-2.5195353,-16.215443,10.3749485,0.337296,-0.036787592,3
51.123173,0.4390172,49.33240745849325,8.583031848222957,0.7783867,0,5837.6533,0.024694996,5,1,false,false,-2.1374316,-16.086386,10.869572,0.33669126,-0.034336757,3
50.85202,0.43920472,49.33241015583299,8.58304285369548,0.7776719,0,5788.165,0.02542154,5,1,false,false,-2.3520083,-15.973697,10.690662,0.3361407,-0.0329701,3
50.58427,0.43939123,49.33241276344434,8.58305372146315,0.7852972,0.77,6025.8467,0.026389638,0,1,false,false,-2.157366,-15.6453905,10.036723,0.33557492,-0.032366224,3
50.32134,0.43957677,49.33241537105569,8.58306458923082,0.7850591,0.77,6444.4478,0.026632134,0,1,false,false,-2.3032773,-15.5846815,9.46316,0.33505964,-0.030220155,3
50.057793,0.43976134,49.332417888664246,8.583075457838154,0.79101634,0,6446.3184,0.027842727,4,1,false,false,-2.1674492,-15.605234,9.383655,0.3345775,-0.027180003,3
49.77808,0.4399449,49.3324204960012,8.583086187900973,0.7949481,0,6690.6104,0.028326778,4,1,false,false,-1.8481512,-17.613667,8.944276,0.33416596,-0.023871014,3
49.47738,0.4401274,49.332423013609755,8.583096918803456,0.79721195,0,6857.27,0.03002142,4,1,false,false,-1.8619115,-17.495075,10.001685,0.3338062,-0.021976205,3
49.19642,0.4403088,49.33242553121831,8.583107512001087,0.7954249,0,6734.4033,0.031716067,4,1,false,false,-1.7041228,-16.196848,10.329079,0.33342847,-0.02404472,3
48.92385,0.44048923,49.33242804910127,8.583118104359054,0.7979267,0,6621.4727,0.03195856,4,1,false,false,-1.6130303,-16.24511,10.5834465,0.33301464,-0.025020001,3
48.656227,0.44066867,49.332430566709824,8.583128559851831,0.7988799,0,6511.2773,0.032201055,4,1,false,false,-1.4783379,-15.704431,8.820503,0.3325791,-0.02456965,3
48.387497,0.4408471,49.332432994315596,8.58313901534461,0.79721206,0,6403.945,0.03195856,4,1,false,false,-1.7774073,-15.940738,9.178189,0.33221427,-0.02073537,3
48.11959,0.44102454,49.33243542192136,8.58314947083739,0.79471,0,6322.0933,0.031474512,4,1,false,false,-1.55533,-16.087244,9.27815,0.3318718,-0.019002484,3
47.830677,0.441201,49.33243784980152,8.583159788625315,0.7979267,0,6505.408,0.029778928,4,1,false,false,-1.5345709,-17.473795,9.327604,0.33160034,-0.014507021,3
47.544193,0.44137642,49.332440277407294,8.583170106413242,0.79792684,0,6517.5522,0.029537374,4,1,false,false,-1.0862443,-16.791763,10.278437,0.3313988,-0.008575134,3
47.27417,0.4415508,49.33244270501306,8.583180286496317,0.79911846,0,6409.577,0.029294878,4,1,false,false,-1.4166045,-15.664787,9.789911,0.3312511,-0.011334366,3
47.00897,0.44172418,49.332445042890434,8.583190466579392,0.80042905,0,6304.3604,0.029294878,4,1,false,false,-1.1699495,-16.022366,10.224216,0.33101815,-0.014805373,3
46.7416,0.4418966,49.3324474704962,8.583200646662466,0.80090564,0,6212.504,0.029294878,4,1,false,false,-1.0497727,-15.711147,9.815169,0.33079696,-0.01128602,3
46.470245,0.442068,49.332449808373575,8.583210689880353,0.8023353,0,6261.3403,0.029778928,4,1,false,false,-1.0620577,-16.395693,9.664194,0.33065358,-0.006242713,3
46.195957,0.44223845,49.33245214625095,8.583220732258576,0.8020971,0,6255.3223,0.030021423,4,1,false,false,-1.0672756,-16.087845,9.0995865,0.3305895,-0.002612831,3
45.923603,0.44240788,49.332454394125534,8.583230636931946,0.80281186,0,6167.4385,0.029537374,4,1,false,false,-1.1107259,-16.13809,10.157633,0.330529,-0.004869149,3
45.653206,0.44257626,49.33245673172851,8.583240542444981,0.80483747,0,6139.062,0.029294878,4,1,false,false,-0.8573478,-16.059284,9.4455385,0.3304236,-0.007582858,3
45.380013,0.4427437,49.332458979603096,8.5832503094135,0.8073393,0,6132.4634,0.028569274,4,1,false,false,-0.6190654,-16.070595,9.7921,0.33028343,-0.0076208515,3
45.11284,0.4429101,49.332461317480465,8.583260077221682,0.80710125,0,6073.5854,0.029778926,4,1,false,false,-0.7786594,-15.83075,9.305777,0.33020714,-0.002943023,3
44.84514,0.44307554,49.33246356535505,8.583269845029866,0.8124627,0,6007.8213,0.030505473,4,1,false,false,-0.6618222,-15.78264,8.928182,0.33017576,-0.001033245,3
44.57803,0.44324,49.33246581322963,8.583279475133196,0.81377345,0,5988.897,0.030747967,4,1,false,false,-0.709858,-15.9654045,8.718577,0.33018762,0.0012612247,3
44.30649,0.44340345,49.33246797110143,8.583289104396863,0.81710935,0,5959.3115,0.030505473,4,1,false,false,-0.59285045,-16.183777,9.644745,0.33019605,-0.00078633474,3
44.034733,0.44356593,49.33247021897601,8.583298596795343,0.81401175,0,5907.1187,0.030262979,4,1,false,false,-0.46490607,-16.108452,9.617266,0.33019084,0.00012586788,3
43.763798,0.44372737,49.3324723771222,8.583308089193823,0.8240199,0,5865.381,0.028326783,4,1,false,false,-0.3828706,-16.048025,9.991219,0.33021566,0.0025509223,3
43.494854,0.44388786,49.332474624996784,8.5833175815923,0.82187533,0,5824.138,0.026389642,4,1,false,false,-0.5045054,-15.999987,9.591611,0.33028388,0.004662486,3
43.22247,0.44404733,49.33247678286858,8.583326936285928,0.8290243,0,5770.8735,0.0227588,4,1,false,false,-0.44079804,-16.424,10.46095,0.33032894,0.0014194073,3
42.943874,0.4442058,49.33247894074037,8.583336290979556,0.82509243,0,5747.935,0.018158907,4,1,false,false,-0.56077313,-16.570993,10.346451,0.33029637,-0.0042897896,3
42.663887,0.44436324,49.332481008883775,8.583345508807994,0.83295584,0,5743.8335,0.014042145,4,1,false,false,-0.7047435,-16.457302,9.25542,0.33017048,-0.010365691,3
42.390198,0.44451964,49.332483166755566,8.58335472579677,0.83069223,0,5740.11,0.007990107,4,1,false,false,-0.69288373,-15.941953,8.628682,0.32996285,-0.014386232,3
42.121643,0.44467506,49.33248523489897,8.583363805080694,0.8396283,0,5700.866,0.0019362005,4,1,false,false,-0.8355819,-16.603928,10.800438,0.3296692,-0.021545563,3
41.817375,0.4448294,49.33248730304237,8.58337288520428,0.8343858,0,5646.6987,-0.003147732,4,1,false,false,-0.6823101,-18.20329,15.0785885,0.3292735,-0.023586914,3
41.53648,0.44498268,49.33248937091137,8.583381964488204,0.83784115,0,5622.864,-0.007022007,4,1,false,false,-0.89674217,-15.534912,11.235971,0.3288959,-0.021029757,3
41.29442,0.44513497,49.33249143905477,8.583390906906939,0.8309306,0,5578.0444,-0.00024249242,4,1,false,false,-0.34695017,-13.681288,7.4093194,0.32852444,-0.018492315,3
41.04906,0.4452864,49.33249350719817,8.583399711620823,0.837841,0,5502.283,0.00532549,4,1,false,false,-0.5135679,-15.871403,8.302419,0.32826823,-0.013142968,3
40.76409,0.44543684,49.33249548533878,8.583408653199895,0.8336711,0,5497.732,0.012589991,4,1,false,false,-0.74041384,-16.55291,7.3522286,0.32799247,-0.020099781,3
40.49058,0.44558623,49.33249755320778,8.583417457913777,0.840105,0.77,5746.876,0.015010243,0,1,false,false,0.0019161701,-15.425123,9.339272,0.3277666,-0.0066346154,3
40.25653,0.4457347,49.33249953134839,8.58342612492281,0.83319443,0.4644444,6164.9175,0.012347497,0,1,false,false,-0.14530452,-13.115591,7.8557267,0.32772762,-0.0017530775,3
40.019337,0.44588235,49.332501509489,8.58343479193184,0.8368879,0,6108.08,0.015736787,3,1,false,false,-0.16038749,-15.604042,9.530516,0.32778183,0.0051185093,3
39.777626,0.44602904,49.33250348762961,8.583443458940872,0.8312881,0,6225.9624,0.011379398,3,1,false,false,-0.9266149,-12.441688,5.870709,0.3277678,-0.015200724,3
39.513786,0.4461749,49.33250546577022,8.583451988245052,0.83319414,0,6259.53,0.0067785764,3,1,false,false,0.49196285,-17.27773,10.599777,0.32753503,-0.006066178,3
39.242393,0.44631973,49.332507353908035,8.58346051754923,0.82676053,0,6158.717,-0.0026636824,3,1,false,false,-0.18066335,-15.568253,9.427568,0.327602,0.010730993,3
38.97093,0.44646356,49.332509332048645,8.583469046853411,0.83319414,0,5993.9116,-0.002180568,3,1,false,false,-0.68615115,-17.56099,9.708804,0.32774597,0.0064413263,3
38.68077,0.44660634,49.332511220460866,8.583477438452737,0.82878584,0,5847.4673,-0.006537956,3,1,false,false,-1.3367823,-15.924763,10.016806,0.32764027,-0.023643631,3
38.38284,0.44674805,49.33251310859868,8.58348583089173,0.83617306,0,5779.917,-0.01283342,3,1,false,false,0.23832858,-18.849218,10.139951,0.32717156,-0.021514013,3
38.046978,0.44688863,49.3325149967365,8.583494084786205,0.8327176,0,6140.484,-0.01815985,3,1,false,false,-0.42423135,-20.247244,9.567253,0.32697394,-0.004032573,3
37.711414,0.44702795,49.33251688487432,8.583502200975829,0.8386751,0,6464.609,-0.024938427,3,1,false,false,-1.4970473,-19.535383,10.067349,0.3268404,-0.01870486,3
37.39992,0.44716606,49.332518683283745,8.58351045570997,0.8373644,0,6390.4604,-0.034865666,3,1,false,false,-1.0374438,-18.043634,12.034493,0.3263362,-0.03900823,3
37.11748,0.44730306,49.33252057142157,8.583518435034405,0.84427494,0,6285.646,-0.045761965,3,1,false,false,-0.9831829,-15.929136,11.008538,0.32561353,-0.04746455,3
36.856026,0.44743907,49.33252236983099,8.583526413519177,0.84236884,0,6183.624,-0.05423704,3,1,false,false,-0.95298827,-15.477855,10.668986,0.32480288,-0.04901867,3
36.599964,0.44757414,49.33252416796602,8.583534392843612,0.8511856,0,6084.0093,-0.06198466,3,1,false,false,-1.669492,-14.829822,9.97334,0.32397854,-0.054296285,3
36.35349,0.44770828,49.33252596637545,8.583542372168049,0.8524962,0,6048.789,-0.06706955,3,1,false,false,-1.3954632,-14.86682,8.293968,0.32294226,-0.06834745,3
36.089325,0.4478415,49.332527674782085,8.583550213787632,0.85464084,0,6021.8774,-0.07215439,3,1,false,false,-1.1660824,-15.890449,9.404212,0.32179445,-0.06765945,3
35.82992,0.44797373,49.33252947319151,8.583558055407217,0.849041,0,5943.839,-0.075544626,3,1,false,false,-1.7288456,-14.839636,7.888994,0.32059696,-0.07913698,3
35.572624,0.44810504,49.332531181323745,8.583565759321948,0.8522577,0,5855.964,-0.07699678,3,1,false,false,-1.0441067,-15.969208,8.838492,0.31922963,-0.079756744,3
35.31092,0.44823536,49.33253288973038,8.58357346323668,0.8484452,0,5823.186,-0.08377629,3,1,false,false,-1.7252858,-15.225938,7.9969068,0.31792137,-0.08218653,3
35.059464,0.44836473,49.332534598137016,8.58358102944656,0.85618955,0,5784.925,-0.08692494,3,1,false,false,-1.6135563,-15.005345,7.855468,0.31643236,-0.098079726,3
34.78915,0.44849324,49.33253630654365,8.58358859565644,0.8544026,0,5695.2285,-0.093462,3,1,false,false,-1.5967308,-16.136293,8.594105,0.31486982,-0.08909703,3
34.533657,0.44862077,49.332537924947495,8.583596161866321,0.8578579,0,5620.503,-0.10121053,3,1,false,false,-2.410379,-14.773432,8.505979,0.31336308,-0.099394634,3
34.270996,0.44874734,49.33253963335413,8.583603591211013,0.8495175,0,5559.5513,-0.109928116,3,1,false,false,-2.2708561,-15.867152,9.855425,0.3115932,-0.11212329,3
34.003036,0.44887292,49.33254125203238,8.583611019716042,0.8527343,0,5490.852,-0.12203499,3,1,false,false,-3.0177321,-15.764537,9.851342,0.30959824,-0.13089423,3
33.739223,0.4489975,49.33254287043622,8.583618448221069,0.8467771,0,5425.2563,-0.13341625,3,1,false,false,-3.0542023,-15.974152,9.313954,0.30721116,-0.15339912,3
33.46571,0.4491209,49.33254439883727,8.583625739860908,0.84558547,0,5384.1997,-0.14770278,3,1,false,false,-3.5097184,-16.176004,10.4373865,0.30460712,-0.15901442,3
33.193096,0.44924322,49.33254601751552,8.583633030661085,0.83915186,0,5376.889,-0.15787345,3,1,false,false,-4.124594,-16.265705,10.212046,0.3017881,-0.17883244,3
32.91422,0.4493645,49.33254754591657,8.583640184596074,0.8396284,0,5360.8726,-0.1636849,3,1,false,false,-4.3821883,-16.844276,9.967463,0.29860106,-0.19949433,3
32.630745,0.44948477,49.33254907459202,8.583647338531062,0.83414763,0,5361.3867,-0.16755915,3,1,false,false,-5.0151067,-16.773819,10.755133,0.29519686,-0.20871717,3
32.35171,0.44960397,49.332550513264685,8.583654491626387,0.82973903,0,5381.9546,-0.16901219,3,1,false,false,-5.1003966,-16.395288,10.764279,0.29160765,-0.22054039,3
32.07783,0.4497221,49.332552041665735,8.583661507856522,0.81937325,0,5372.943,-0.16780166,3,1,false,false,-5.058072,-16.055864,10.102138,0.28784102,-0.2273974,3
31.817776,0.44983917,49.3325534803384,8.583668386381808,0.80972236,0,5340.3984,-0.16489643,3,1,false,false,-5.043288,-15.058352,9.144245,0.28406137,-0.2256783,3
31.569181,0.44995528,49.33255491901106,8.583675402611943,0.7907781,0,5306.9155,-0.16271585,3,1,false,false,-4.896889,-14.501997,9.391701,0.28037477,-0.21890739,3
31.323925,0.4500705,49.33255626768093,8.583682281137227,0.7617061,0,5255.759,-0.16247426,3,1,false,false,-5.1008635,-14.512152,9.448203,0.27675352,-0.21651417,3
31.08535,0.45018482,49.33255770635359,8.58368902195766,0.7409745,0,5196.5933,-0.16441137,3,1,false,false,-5.412999,-14.058254,9.490324,0.27313632,-0.22114822,3
30.851568,0.45029828,49.33255905502347,8.583695900482944,0.7103538,0,5152.2827,-0.16828568,3,1,false,false,-5.3967175,-13.443288,9.384508,0.2694378,-0.22505952,3
30.631304,0.450411,49.332560403693336,8.583702641303377,0.669129,0,5106.1255,-0.17506613,3,1,false,false,-5.52074,-12.66581,8.940561,0.26561043,-0.23827875,3
30.426935,0.45052296,49.33256166263481,8.583709382963473,0.61956394,0,5031.5674,-0.18160501,3,1,false,false,-5.467069,-11.854287,8.466424,0.26149338,-0.25660056,3
30.227978,0.4506342,49.33256292157629,8.583715986079055,0.56511366,0,4957.549,-0.18862705,3,1,false,false,-5.9906025,-11.493918,8.763184,0.25710797,-0.27019644,3
30.035198,0.45074478,49.33256427024616,8.583722589194634,0.5022042,0,4934.851,-0.19564995,3,1,false,false,-6.472774,-11.319628,8.664629,0.2524711,-0.28655535,3
29.845263,0.45085463,49.33256543918485,8.583729192310216,0.45287734,0,4964.6743,-0.19952425,3,1,false,false,-6.657624,-10.913024,8.575746,0.24758106,-0.29866812,3
29.663626,0.45096382,49.33256669785193,8.58373579626546,0.4050994,0,5001.0435,-0.2000083,3,1,false,false,-7.2699575,-10.340874,9.344767,0.24257584,-0.30117238,3
29.494709,0.45107254,49.33256786679061,8.58374226167619,0.35350883,0,5025.1055,-0.19879773,3,1,false,false,-8.245594,-9.454582,10.201434,0.23752762,-0.3063327,3
29.35378,0.45118088,49.3325690357293,8.583748865631433,0.3184796,0.77,5289.9985,-0.19855525,0,1,false,false,-8.544345,-7.334435,9.904953,0.23234424,-0.31312528,3
29.236546,0.45128876,49.33257020466799,8.583755331042163,0.28821632,0.77,5744.88,-0.20025082,0,1,false,false,-8.888636,-6.3907323,9.834618,0.227154,-0.30724064,3
29.131296,0.45139623,49.33257128360388,8.583761797292555,0.26569763,0,5857.069,-0.2029154,2,1,false,false,-8.980946,-5.6842513,9.589151,0.22212355,-0.29502878,3
29.023558,0.45150334,49.33257245254257,8.583768262703282,0.25187653,0,5899.9224,-0.21090643,2,1,false,false,-7.964795,-7.4571447,8.728094,0.21734266,-0.27436748,3
28.865818,0.45161,49.33257344147568,8.583774591248824,0.2550936,0,6162.541,-0.22446834,2,1,false,false,-7.7884293,-9.898388,9.121557,0.21303993,-0.24485649,3
28.697855,0.45171624,49.332574520411576,8.583781056659552,0.26796135,0,6327.158,-0.24505211,2,1,false,false,-8.98332,-9.20777,10.350216,0.20906824,-0.23849642,3
28.561012,0.45182225,49.332575509619076,8.583787385205094,0.2842846,0,6319.5464,-0.27096516,2,1,false,false,-9.615649,-6.8831825,10.53586,0.20499426,-0.25362805,3
28.453398,0.45192784,49.332576498552186,8.583793850615821,0.30227572,0,6232.881,-0.29494113,2,1,false,false,-9.628813,-5.798764,10.307594,0.20060991,-0.27215722,3
28.350733,0.45203307,49.332577487759686,8.583800179161363,0.32717735,0,6156.751,-0.31843302,2,1,false,false,-9.33338,-6.016262,9.607695,0.19597131,-0.2832562,3
28.238274,0.45213795,49.33257838669,8.583806507706903,0.3500536,0,6116.082,-0.3392622,2,1,false,false,-8.930215,-6.7674894,8.9693775,0.19119626,-0.28881297,3
28.11299,0.45224246,49.33257937589751,8.58381283541278,0.37245327,0,6091.1035,-0.3581523,2,1,false,false,-8.885412,-7.497339,8.957,0.18634315,-0.29380676,3
27.978127,0.45234653,49.33258018509943,8.583819026253469,0.39473364,0,6062.9243,-0.37922394,2,1,false,false,-9.005354,-7.9511003,9.126036,0.18140168,-0.30021057,3
27.83785,0.45245066,49.332581084304145,8.583825354799009,0.41093764,0,6027.6553,-0.4017497,2,1,false,false,-9.162304,-8.241851,9.3460455,0.17632851,-0.31075653,3
27.693459,0.45255426,49.33258189350607,8.583831544800034,0.4230906,0,5985.6055,-0.42500278,2,1,false,false,-9.383392,-8.448712,9.5436735,0.17102592,-0.32762992,3
27.547289,0.4526574,49.33258270270799,8.583837735640722,0.43810317,0,5939.225,-0.45019302,2,1,false,false,-9.572707,-8.532779,9.437781,0.16541144,-0.34750542,3
27.400688,0.45276004,49.33258351190991,8.583843926481412,0.44894555,0,5891.4766,-0.4727197,2,1,false,false,-9.621979,-8.566872,9.207383,0.1594681,-0.36662638,3
27.250313,0.45286217,49.33258423138344,8.5838501173221,0.4581198,0,5842.187,-0.49306655,2,1,false,false,-9.909398,-8.872207,9.284337,0.15318026,-0.3895104,3
27.093897,0.45296383,49.33258495058257,8.583856308162789,0.46419632,0,5793.62,-0.51220214,2,1,false,false,-10.274533,-9.233091,9.81374,0.14647588,-0.41624868,3
26.933552,0.45306525,49.332585670056105,8.583862361298626,0.46872392,0,5748.2417,-0.53158087,2,1,false,false,-10.659492,-9.38537,9.77512,0.13930696,-0.44429502,3
26.770882,0.45316625,49.33258629925244,8.583868414434463,0.46943882,0,5707.7363,-0.5485375,2,1,false,false,-10.889928,-9.472709,9.49077,0.13169526,-0.46829662,3
26.6079,0.4532667,49.33258692872318,8.5838744675703,0.46943882,0,5671.6816,-0.5628306,2,1,false,false,-10.998467,-9.429964,9.44009,0.123735964,-0.48626426,3
26.448084,0.45336664,49.33258755819392,8.583880519866472,0.46300492,0,5632.8457,-0.57397336,2,1,false,false,-11.051207,-9.167744,9.248467,0.115511045,-0.50080067,3
26.29033,0.45346597,49.33258809766187,8.58388643613712,0.45907313,0,5580.514,-0.58487415,2,1,false,false,-11.357193,-9.060296,9.07838,0.10703982,-0.5166006,3
26.132904,0.45356482,49.33258863712982,8.583892489272959,0.45561782,0,5525.9033,-0.59819907,2,1,false,false,-11.494009,-9.108174,9.148916,0.098317154,-0.5295174,3
25.974413,0.4536632,49.332589176597764,8.583898404703943,0.45359218,0,5485.988,-0.61152226,2,1,false,false,-11.76425,-9.18866,9.298813,0.08944815,-0.5356959,3
25.811708,0.45376188,49.33258962606292,8.583904182430077,0.44870725,0,5457.923,-0.62823856,2,1,false,false,-12.440052,-9.483891,9.766674,0.080467775,-0.54582316,3
25.645863,0.45386007,49.33259007580248,8.583910097861061,0.44453713,0,5427.683,-0.645681,2,1,false,false,-13.0316725,-9.502217,10.136355,0.07121443,-0.56748104,3
25.484798,0.45395768,49.332590435539245,8.583915875587195,0.43631595,0,5388.121,-0.6626405,2,1,false,false,-13.026132,-8.899237,9.459035,0.06155708,-0.5905366,3
25.335112,0.45405474,49.3325908850044,8.583921791018179,0.42726085,0,5341.0303,-0.6808099,2,1,false,false,-12.820786,-8.298309,8.938012,0.051598597,-0.60419726,3
25.190975,0.45415133,49.332591154738374,8.583927431879124,0.4159419,0,5290.7256,-0.69534636,2,1,false,false,-13.127199,-8.2694235,9.080504,0.041448586,-0.6161569,3
25.040934,0.45424744,49.33259151447514,8.583933209605258,0.41022286,0,5241.7646,-0.70915616,2,1,false,false,-13.676903,-8.585403,9.563147,0.031010244,-0.63838977,3
24.887913,0.45434326,49.332591784209114,8.58393898733139,0.40581432,0,5200.8716,-0.7217548,2,1,false,false,-13.936057,-8.671593,9.426895,0.020168569,-0.6622075,3
24.73562,0.45443964,49.332591963940295,8.583944628192336,0.40033355,0,5169.045,-0.73629224,2,1,false,false,-14.166576,-8.629133,9.482131,0.009009307,-0.67659813,3
24.582512,0.45453537,49.33259214394588,8.583950268213616,0.39425716,0,5143.2676,-0.7510711,2,1,false,false,-14.584532,-8.582855,9.654838,-0.0023293232,-0.6843368,3
24.431858,0.45463052,49.33259232367706,8.583955909074561,0.38281912,0,5117.1636,-0.764397,2,1,false,false,-14.79004,-8.294839,9.581432,-0.013810502,-0.69492877,3
24.28441,0.45472524,49.33259250340824,8.583961411390991,0.37352553,0,5077.7134,-0.77845037,2,1,false,false,-15.02112,-7.9382014,9.527555,-0.025511866,-0.7103478,3
24.139835,0.45481938,49.332592593411036,8.583967052251936,0.35279405,0,5026.9043,-0.7917763,2,1,false,false,-15.53944,-7.9660096,9.605698,-0.03748123,-0.7261278,3
23.996954,0.45491317,49.332592593411036,8.583972554568366,0.3392113,0,4985.514,-0.8048605,2,1,false,false,-15.468568,-7.7344594,9.438716,-0.049673766,-0.7353443,3
23.860542,0.4550063,49.332592593411036,8.583978057724458,0.32074353,0,4962.5796,-0.8179441,2,1,false,false,-14.922396,-6.9942784,8.814877,-0.061950658,-0.73790747,3
23.732933,0.45509788,49.332592593411036,8.583983423175699,0.30716076,0,4923.6533,-0.8310293,2,1,false,false,-15.593214,-6.816785,9.562921,-0.07425296,-0.74179393,3
23.606308,0.4551889,49.33259250340824,8.583988925492129,0.29012263,0,4853.5938,-0.8421755,2,1,false,false,-16.559906,-6.901052,9.902868,-0.08675964,-0.7609214,3
23.475113,0.4552795,49.332592413679855,8.58399429094337,0.2795187,0,4787.9995,-0.85283685,2,1,false,false,-17.282614,-7.0110245,10.118423,-0.099638104,-0.7849478,3
23.340984,0.45536956,49.33259223367427,8.58399965639461,0.260336,0,4766.074,-0.8642255,2,1,false,false,-17.693296,-7.125997,10.380391,-0.112879574,-0.8030583,3
23.207218,0.4554592,49.33259205394309,8.584005021845853,0.24746817,0,4772.7686,-0.87682486,2,1,false,false,-17.96283,-6.9481115,10.056019,-0.1263783,-0.8156614,3
23.078072,0.4555484,49.3325918739375,8.584010249592241,0.2282855,0,4771.7915,-0.8930609,2,1,false,false,-17.923468,-6.5712514,9.834775,-0.14007835,-0.82768005,3
22.95713,0.45563716,49.33259160420353,8.58401547733863,0.21815799,0,4750.5547,-0.9107505,2,1,false,false,-17.760298,-5.92967,9.579096,-0.15396436,-0.83933324,3
22.844772,0.4557258,49.33259124474117,8.584020704245356,0.20409866,0,4721.5293,-0.9308636,2,1,false,false,-17.757753,-5.6115136,9.465349,-0.16801512,-0.8449457,3
22.734652,0.45581388,49.3325908850044,8.584025931991745,0.1974264,0,4696.04,-0.95194644,2,1,false,false,-18.035604,-5.499149,9.527632,-0.1821217,-0.8481853,3
22.623178,0.4559016,49.33259052526763,8.584031159738135,0.18563087,0,4680.487,-0.9739984,2,1,false,false,-18.32898,-5.6382737,9.732592,-0.19626626,-0.8499519,3
22.509464,0.4559888,49.33259007580248,8.584036249779672,0.17502677,0,4674.774,-0.9967785,2,1,false,false,-18.807526,-5.656075,10.163088,-0.21045493,-0.851382,3
22.396408,0.4560756,49.33258953633453,8.584041339821209,0.16096747,0,4673.113,-1.0193164,2,1,false,false,-19.332159,-5.4383807,10.131372,-0.22469845,-0.8586825,3
22.287111,0.45616207,49.33258899686658,8.58404643070241,0.15179315,0,4667.5845,-1.0423405,2,1,false,false,-19.360592,-5.310133,9.776986,-0.23905542,-0.86386096,3
22.17581,0.45624825,49.332588457398636,8.584051383039096,0.13832955,0,4663.7417,-1.0643938,2,1,false,false,-19.827038,-5.4788833,10.400483,-0.2535456,-0.87668866,3
22.068367,0.45633432,49.332587827927895,8.584056473080633,0.1309424,0,4665.457,-1.0864496,2,1,false,false,-19.099394,-4.8840933,9.6940365,-0.26827398,-0.88812923,3
21.972006,0.4564211,49.332587198457155,8.584061287712467,0.120576695,0,4664.5073,-1.1131102,2,1,false,false,-18.419996,-4.4345045,9.11981,-0.28306085,-0.88475305,3
21.880026,0.45650744,49.332586479258026,8.584066240049152,0.117836304,0,4653.6265,-1.1375889,2,1,false,false,-18.587437,-4.2930593,9.327225,-0.29775465,-0.878981,3
21.7874,0.45659336,49.332585670056105,8.584071193225501,0.11187893,0,4642.0513,-1.1632806,2,1,false,false,-18.799314,-4.3503423,9.422018,-0.31236365,-0.87413603,3
21.693531,0.45667896,49.33258495058257,8.584076007857336,0.11187895,0,4639.453,-1.1863077,2,1,false,false,-18.93156,-4.366344,9.450197,-0.32686713,-0.8660547,3
21.59811,0.45676422,49.33258405137786,8.584080823328833,0.10770883,0,4642.587,-1.2100602,2,1,false,false,-19.15636,-4.5711064,9.717951,-0.341274,-0.86592627,3
21.50144,0.45684922,49.332583242175936,8.584085500255814,0.107708804,0,4639.0474,-1.2355121,2,1,false,false,-19.41152,-4.4486923,9.954171,-0.3557698,-0.87394,3
21.408281,0.4569339,49.33258234297122,8.584090314887648,0.10627905,0,4630.3965,-1.261691,2,1,false,false,-19.465729,-4.171187,9.918149,-0.3703928,-0.88040584,3
21.323027,0.45701942,49.33258135403812,8.584094992654293,0.10723221,0,4620.4077,-1.2885981,2,1,false,false,-19.29587,-3.8113356,9.72354,-0.38510746,-0.88715124,3
21.237572,0.45710564,49.33258036483061,8.584099532716087,0.105206706,0,4605.3193,-1.3184159,2,1,false,false,-19.751848,-3.9739566,9.990258,-0.40000606,-0.9023262,3
21.145988,0.4571914,49.33257928589472,8.584104209643069,0.10651734,0,4586.288,-1.346777,2,1,false,false,-20.061934,-4.21696,9.980398,-0.41523978,-0.92525774,3
21.05887,0.45727676,49.33257820695882,8.584108749704862,0.10520672,0,4569.126,-1.379505,2,1,false,false,-19.017168,-3.6958425,9.095713,-0.43078107,-0.9362329,3
20.976254,0.45736182,49.332577128022926,8.584113152061803,0.107232235,0,4552.8594,-1.4144161,2,1,false,false,-18.243496,-3.8443654,8.56684,-0.4463496,-0.92928815,3
20.885925,0.45744655,49.33257595908424,8.584117692123597,0.10627905,0,4536.418,-1.4481151,2,1,false,false,-17.693695,-4.3150682,8.600155,-0.46175447,-0.917545,3
20.79792,0.45753106,49.33257479014555,8.58412209448054,0.10794711,0,4519.7715,-1.4815724,2,1,false,false,-14.573331,-4.2904024,7.5525703,-0.47668487,-0.8707483,3
20.697376,0.4576153,49.33257353147847,8.584126495997817,0.10627903,0,4493.0454,-1.5147896,2,1,false,false,-21.147657,-5.239629,11.837199,-0.4910154,-0.87157494,3
20.582022,0.45770094,49.33257227253699,8.584130760649908,0.10699394,0,4444.0093,-1.5642514,2,1,false,false,-26.05946,-5.098237,13.559073,-0.5063322,-0.97448784,3
20.477657,0.45778665,49.33257101386991,8.584135025301997,0.10520672,0,4378.7515,-1.6049874,2,1,false,false,-24.238832,-4.4163647,11.597996,-0.52339613,-1.0635747,3
20.380543,0.4578718,49.33256966520004,8.58413929079375,0.106755614,0,4314.341,-1.6479079,2,1,false,false,-22.460304,-4.353112,10.559258,-0.5415174,-1.1037815,3
20.281141,0.45795646,49.33256822652738,8.584143417740988,0.10604073,0,4275.578,-1.679432,2,1,false,false,-21.652578,-4.8931746,10.202039,-0.56002444,-1.1137598,3
20.174253,0.4580407,49.33256678785472,8.584147406983375,0.10580248,0,4277.487,-1.7102288,2,1,false,false,-20.732304,-5.073667,9.941655,-0.57860756,-1.1163204,3
20.07246,0.45812452,49.332565349182055,8.584151533930612,0.103062086,0,4283.424,-1.7320547,2,1,false,false,-18.80394,-4.6365027,9.007816,-0.59744954,-1.1543223,3
19.975134,0.4582081,49.33256382050661,8.58415538630781,0.10198973,0,4254.061,-1.7468472,2,1,false,false,-18.634272,-4.558867,8.846556,-0.61718404,-1.2086887,3
19.878292,0.45829138,49.33256229210555,8.584159375550195,0.0996068,0,4216.3027,-1.755335,2,1,false,false,-19.390709,-4.104476,9.408388,-0.6373739,-1.1990844,3
19.780567,0.45837724,49.33256067370171,8.584163227927395,0.0975813,0,4210.34,-1.7643087,2,1,false,false,-20.202303,-4.3199024,9.822632,-0.6568441,-1.1314425,3
19.673162,0.45846283,49.33255905502347,8.584166941760076,0.09686642,0,4222.7705,-1.7735238,2,1,false,false,-21.74788,-5.1112995,10.759318,-0.67511225,-1.06846,3
19.555172,0.45854756,49.33255743661962,8.584170794137274,0.091743104,0,4223.088,-1.7875896,2,1,false,false,-22.627623,-5.1862407,11.516812,-0.6927129,-1.0506727,3
19.44215,0.45863163,49.33255572821298,8.584174371104767,0.087692134,0,4199.108,-1.8028688,2,1,false,false,-22.579233,-4.7535334,11.093463,-0.7102748,-1.0568717,3
19.33891,0.4587151,49.332554019806345,8.584177948072263,0.083998546,0,4162.263,-1.8254235,2,1,false,false,-21.729906,-4.2341957,10.511035,-0.72789425,-1.0563284,3
19.240318,0.4587981,49.33255231139971,8.584181524200092,0.08090075,0,4130.076,-1.8508899,2,1,false,false,-21.27917,-4.2316027,10.076377,-0.7454686,-1.0524619,3
19.150879,0.4588808,49.332550513264685,8.584184963462734,0.07792207,0,4110.089,-1.8809648,2,1,false,false,-19.630838,-3.755557,9.403046,-0.7628211,-1.0284188,3
19.060652,0.45896327,49.33254871485526,8.584188402725378,0.07661146,0,4097.601,-1.9100697,2,1,false,false,-19.911404,-4.208887,9.448365,-0.7797914,-1.0136548,3
18.955894,0.45904207,49.33254682671744,8.58419170512283,0.073990226,0,4083.1218,-1.9449967,2,1,false,false,-20.201994,-4.6188912,10.189453,-0.79687387,-1.0384372,3
18.864098,0.45911995,49.33254502830801,8.584195006680622,0.07267962,0,4068.5432,-1.9741042,2,1,false,false,-18.769194,-3.8740747,9.259716,-0.81424546,-1.0422254,3
18.774687,0.45919716,49.332543140170195,8.58419817053356,0.07172645,0,4055.4905,-2.0003014,2,1,false,false,-18.5479,-3.8733432,9.157354,-0.8315601,-1.0342014,3
18.684374,0.45927376,49.332541162029585,8.584201334386497,0.06970093,0,4045.6326,-2.0315936,2,1,false,false,-18.48414,-3.91538,9.169875,-0.84868306,-1.0194876,3
18.594135,0.4593497,49.33253927389177,8.584204361374248,0.068032876,0,4039.254,-2.0609457,2,1,false,false,-18.425165,-3.8948596,9.493355,-0.86552715,-1.0021788,3
18.503141,0.4594252,49.33253729575116,8.584207387522335,0.06636482,0,4031.8586,-2.0912678,2,1,false,false,-18.954319,-3.933038,10.102651,-0.88212484,-0.99132526,3
18.39563,0.45950025,49.33253531761055,8.584210276805234,0.06505421,0,4019.589,-2.1191673,2,1,false,false,-22.682627,-5.8131514,12.48409,-0.89872974,-1.016703,3
18.263132,0.45957473,49.33253333946994,8.584213166088132,0.06255212,0,4002.5054,-2.1441536,2,1,false,false,-24.57513,-5.8753524,13.615689,-0.9162969,-1.0903966,3
18.140312,0.45964828,49.33253127132654,8.584216054531366,0.0596926,0,3987.2212,-2.1599226,2,1,false,false,-24.520906,-5.1220427,13.028908,-0.9349525,-1.1407961,3
18.039745,0.45971993,49.33252920345753,8.584218668404562,0.05647563,0,3968.2417,-2.1705985,2,1,false,false,-21.744202,-3.8485737,11.38157,-0.9539694,-1.1300952,3
17.955725,0.45979097,49.33252713531414,8.584221282277756,0.050994877,0,3936.0679,-2.1752071,2,1,false,false,-19.8737,-3.236811,9.821554,-0.9725388,-1.099312,3
17.884481,0.4598614,49.33252497744234,8.58422389615095,0.04753961,0,3887.582,-2.1769054,2,1,false,false,-17.335342,-2.7041361,8.320713,-0.9906023,-1.0707136,3
17.821175,0.4599314,49.33252290929894,8.584226372319293,0.04062909,0,3834.6753,-2.184184,2,1,false,false,-15.376376,-2.8340783,6.8799477,-1.0082886,-1.0574527,3
17.745213,0.46000093,49.33252075142715,8.584228710782783,0.03205052,0,3790.764,-2.2052906,2,1,false,false,-15.312491,-3.5715585,7.1914797,-1.0260615,-1.0739548,3
17.661392,0.4600701,49.33251859328096,8.58423118779079,0.02442512,0,3777.5479,-2.2365875,2,1,false,false,-15.601655,-3.7787595,7.882585,-1.0439694,-1.068761,3
17.574707,0.46013877,49.33251643540916,8.58423352625428,0.015250799,0,3796.5059,-2.264975,2,1,false,false,-16.139404,-3.6943338,8.828959,-1.061514,-1.0320219,3
17.49342,0.46020705,49.33251427753737,8.58423572701292,0.0041701403,0.018249078,3817.5254,-2.2865694,2,1,false,false,-16.254547,-3.3013582,8.867659,-1.0782295,-0.97271115,3
17.411785,0.46027505,49.33251211939118,8.584237928611223,-3.4924597e-10,0.041676942,3824.4392,-2.3047686,2,1,false,false,-18.5188,-3.256174,10.028951,-1.0941005,-0.93892103,3
17.332281,0.46034297,49.3325098715166,8.58423999166501,0,0.07866831,3833.5205,-2.3266048,2,1,false,false,-18.799974,-2.904722,10.313373,-1.109651,-0.9276736,3
17.259754,0.4604104,49.33250762364201,8.58424205555846,0,0.11467326,3858.2185,-2.3370388,2,1,false,false,-18.630308,-2.5453703,10.032067,-1.1250119,-0.91437876,3
17.1922,0.4604773,49.33250546577022,8.584244119451911,0,0.16202219,3912.818,-2.340679,2,1,false,false,-20.18955,-2.6229727,10.866477,-1.1400462,-0.89686245,3
17.117287,0.4605437,49.332503217895635,8.584246044800848,0,0.20764488,4004.317,-2.3438313,2,1,false,false,-21.689432,-2.8101115,11.962981,-1.1551559,-0.9183706,3
17.044142,0.46060964,49.33250097002105,8.584247833284595,0,0.25474724,4131.6865,-2.344075,2,1,false,false,-21.25341,-2.7151375,11.463591,-1.1706649,-0.9409352,3
16.982063,0.46067524,49.332498632143675,8.584249621768341,0,0.30850798,4204.6104,-2.3406792,2,1,false,false,-20.725586,-1.530746,11.363966,-1.1864165,-0.9471231,3
16.958643,0.46074057,49.33249638426909,8.584251272547236,0,0.3578299,4122.3594,-2.337766,2,1,false,false,-19.575102,1.0947385,10.83772,-1.2021861,-0.94387627,3
16.968653,0.46080583,49.33249404666612,8.584252923326131,0,0.4103575,4064.5425,-2.337039,2,1,false,false,-19.000237,1.981778,10.428551,-1.2178448,-0.9326637,3
16.979483,0.46087122,49.332491708788744,8.584254437239839,0,0.44241676,4067.2686,-2.3401926,2,1,false,false,-18.535776,1.6248933,10.0799675,-1.2332007,-0.9094749,3
16.987371,0.46093667,49.33248937091137,8.584255950313882,0,0.47324285,4099.4185,-2.3496554,2,1,false,false,-18.096918,1.5033449,9.997822,-1.2481811,-0.8896789,3
16.997366,0.4610036,49.33248703330839,8.584257325683073,0,0.50258946,4135.932,-2.3620307,2,1,false,false,-17.84066,1.6895453,9.8696375,-1.2629437,-0.8843838,3
17.014162,0.46107075,49.33248460542823,8.584258701891928,0,0.5213316,4162.585,-2.3729515,2,1,false,false,-16.723564,2.139242,9.428439,-1.2777175,-0.88826066,3
17.041063,0.46113768,49.33248217782246,8.584260077261119,0,0.5299631,4177.245,-2.383385,2,1,false,false,-15.748711,2.5564914,8.941273,-1.2924775,-0.88153934,3
17.072016,0.4612044,49.33247975021669,8.584261315765122,0,0.529963,4182.6177,-2.396003,2,1,false,false,-16.270208,2.719838,9.2229,-1.3071097,-0.8761975,3
17.103447,0.46127108,49.33247732233653,8.584262415724611,0,0.52799034,4183.4775,-2.4129884,2,1,false,false,-16.551271,2.6798227,9.478952,-1.3217582,-0.8836188,3
17.13573,0.4613377,49.33247489473076,8.584263516523762,0,0.5196056,4181.4683,-2.4285195,2,1,false,false,-16.620573,2.7309825,9.598472,-1.3365799,-0.89396083,3
17.167606,0.46140426,49.3324723771222,8.584264617322914,0,0.50752157,4174.4287,-2.4391966,2,1,false,false,-16.368496,2.6650136,9.621367,-1.3515375,-0.8998124,3
17.200369,0.46147087,49.33246994924204,8.5842657172824,0,0.5003698,4167.712,-2.4462345,2,1,false,false,-16.34703,2.665728,9.815591,-1.3665118,-0.8955533,3
17.23081,0.4615376,49.33246743163348,8.584266542671848,0,0.49445134,4162.2217,-2.4537559,2,1,false,false,-16.62896,2.5224648,10.011221,-1.3813788,-0.887782,3
17.258938,0.4616044,49.332464914024925,8.584267505766148,0,0.492725,4158.653,-2.460308,2,1,false,false,-16.994484,2.2430696,10.180494,-1.3961045,-0.8805991,3
17.283386,0.461672,49.33246239641636,8.584268331155595,0,0.492725,4161.993,-2.4649189,2,1,false,false,-17.186464,2.1352863,10.109746,-1.4108026,-0.8842885,3
17.307186,0.4617394,49.332459789079415,8.584269019679855,0,0.492725,4173.845,-2.4658906,2,1,false,false,-17.048061,2.0832365,9.936204,-1.4255948,-0.8899708,3
17.331371,0.46180654,49.33245727147086,8.584269845069302,0,0.492725,4185.6133,-2.4658904,2,1,false,false,-16.987204,2.1219685,9.984049,-1.4404569,-0.8928015,3
17.357014,0.46187344,49.33245466385951,8.584270395049046,0,0.492725,4190.1626,-2.4658904,2,1,false,false,-17.394648,2.1653442,10.498426,-1.4553373,-0.89285445,3
17.383379,0.46194023,49.33245214625095,8.58427094502879,0,0.492725,4186.911,-2.4658904,2,1,false,false,-17.54131,2.196996,10.437531,-1.4702452,-0.89601785,3
17.410734,0.46200684,49.3324495386396,8.584271495848197,0,0.492725,4183.4214,-2.465404,2,1,false,false,-17.541662,2.19042,10.421525,-1.4852031,-0.89908266,3
17.437572,0.4620734,49.33244693102825,8.584271908123089,0,0.492725,4184.9624,-2.4649193,2,1,false,false,-17.602638,2.1033576,10.466641,-1.5002208,-0.9026836,3
17.464052,0.4621399,49.332444323691305,8.584272321237645,0,0.49075216,4189.8423,-2.4646761,2,1,false,false,-17.199926,2.1145067,10.022586,-1.5152938,-0.90426224,3
17.491615,0.46220645,49.332441716079956,8.584272595807684,0,0.4872996,4194.8696,-2.4639492,2,1,false,false,-16.63291,2.1248252,9.869204,-1.5303165,-0.8979948,3
17.519533,0.46227303,49.332439108468606,8.584272871217388,0,0.48162764,4199.1914,-2.4646754,2,1,false,false,-16.786903,2.1189551,10.101517,-1.5452534,-0.89467895,3
17.546663,0.46233857,49.332436500857256,8.58427300892224,0,0.4764488,4200.9937,-2.4675884,2,1,false,false,-16.774292,2.039845,10.063283,-1.5601608,-0.8942122,3
17.573332,0.46240395,49.3324338935203,8.584273146627092,0,0.46633777,4200.1523,-2.470258,2,1,false,false,-16.644,1.9994084,9.93492,-1.5750654,-0.89402956,3
17.599066,0.46246916,49.33243119590617,8.584273284331944,0,0.4626387,4200.8784,-2.4712293,2,1,false,false,-16.499641,1.9343116,9.932222,-1.5899714,-0.8943485,3
17.623938,0.46253428,49.332428588569215,8.584273146627092,0,0.45696673,4204.8374,-2.4729283,2,1,false,false,-16.705019,1.8333853,10.156581,-1.604868,-0.8927743,3
17.646944,0.46259928,49.332425980957865,8.584273146627092,0,0.4515413,4206.9204,-2.474868,2,1,false,false,-16.870876,1.7323741,10.266922,-1.619751,-0.8932202,3
17.669329,0.46266428,49.33242328334373,8.58427300892224,0,0.44586933,4208.2935,-2.4753544,2,1,false,false,-16.885784,1.7169667,10.213065,-1.63466,-0.8959266,3
17.692574,0.46272916,49.33242067600678,8.584272733512536,0,0.44364986,4210.342,-2.4743829,2,1,false,false,-16.676115,1.7496624,10.03556,-1.6495916,-0.89381146,3
17.714787,0.4627941,49.33241797839264,8.584272458942497,0,0.4421701,4211.0195,-2.472685,2,1,false,false,-16.555847,1.6066827,10.0825405,-1.6644415,-0.8895265,3
17.736238,0.46285906,49.33241537105569,8.584272183532793,0,0.44217014,4216.355,-2.4722,2,1,false,false,-16.459127,1.6119063,9.880491,-1.6792891,-0.8919641,3
17.757647,0.46292406,49.332412673441546,8.584271770418237,0,0.44217014,4226.611,-2.4707434,2,1,false,false,-16.112131,1.5911077,9.592277,-1.6941555,-0.89148927,3
17.778868,0.46298847,49.3324100661046,8.584271358143345,0,0.44364983,4237.749,-2.4692867,2,1,false,false,-16.50996,1.5464644,10.029285,-1.7090229,-0.8939073,3
17.800022,0.4630526,49.33240745849325,8.584270808163602,0,0.4503083,4248.206,-2.468074,2,1,false,false,-16.253662,1.6011093,9.714943,-1.7239802,-0.9007254,3
17.822668,0.46311668,49.33240476087911,8.584270257344194,0,0.48384714,4268.594,-2.4661334,2,1,false,false,-16.147713,1.6795671,9.900376,-1.7390424,-0.90652865,3
17.847784,0.46318066,49.33240215354216,8.584269569659599,0,0.5326758,4303.653,-2.4637067,2,1,false,false,-16.350111,1.8927634,10.02448,-1.7542078,-0.912968,3
17.877295,0.46324468,49.33239945592802,8.584268881975003,0,0.5903822,4343.7095,-2.4612794,2,1,false,false,-16.625294,2.220124,10.268452,-1.7694919,-0.92248756,3
17.914993,0.46330872,49.332396848591074,8.584268056585556,0,0.6387178,4378.1216,-2.4583669,2,1,false,false,-16.439543,2.7543998,9.997749,-1.7849827,-0.9363595,3
17.960655,0.4633728,49.332394240979724,8.584267231196108,0,0.67718875,4402.4673,-2.4532704,2,1,false,false,-16.092972,3.2237377,9.946751,-1.8007284,-0.9533578,3
18.01382,0.46343705,49.332391633368374,8.58426640580666,0,0.7055486,4422.3735,-2.4462337,2,1,false,false,-15.841762,3.6590972,9.70981,-1.8167657,-0.9698444,3
18.070934,0.46350145,49.33238893602863,8.584265442712361,0,0.74180037,4443.151,-2.4401674,2,1,false,false,-15.552934,3.8013499,9.865958,-1.8330246,-0.98076093,3
18.130865,0.46356606,49.332386328417286,8.58426434191321,0,0.7810112,4470.116,-2.4343424,2,1,false,false,-15.534459,4.021069,9.779405,-1.8494527,-0.9893381,3
18.192461,0.46363065,49.332383720805936,8.584263241114058,0,0.8143034,4498.1436,-2.4294906,2,1,false,false,-15.836561,4.131221,9.903913,-1.8660066,-0.99792075,3
18.256018,0.4636951,49.33238111346898,8.58426214115457,0,0.8389643,4523.7534,-2.422452,2,1,false,false,-15.730506,4.3278823,10.072183,-1.882724,-1.0071841,3
18.321362,0.46375972,49.33237850585763,8.584260902650566,0,0.8614058,4547.1616,-2.4120178,2,1,false,false,-15.983283,4.420774,10.075363,-1.8995862,-1.0161263,3
18.388777,0.4638245,49.3323758082435,8.584259664146565,0,0.87595576,4568.535,-2.397944,2,1,false,false,-15.9695425,4.616275,10.072525,-1.9165766,-1.020807,3
18.457289,0.4638894,49.332373200906545,8.584258288777372,0,0.8858201,4585.2944,-2.3780465,2,1,false,false,-15.827558,4.6904125,9.856538,-1.9335915,-1.0200263,3
18.526928,0.4639545,49.332370593295195,8.584256913408181,0,0.89987683,4602.053,-2.35087,2,1,false,false,-15.422293,4.8126817,9.56609,-1.9505647,-1.0152421,3
18.597874,0.46401983,49.332367985683845,8.584255537199326,0,0.9210851,4623.221,-2.3164132,2,1,false,false,-14.876046,4.861496,9.297114,-1.967381,-1.0020901,3
18.66784,0.46408543,49.3323653783469,8.584254024125283,0,0.9472256,4649.0176,-2.2695854,2,1,false,false,-15.345106,4.8296905,9.536604,-1.9840051,-0.9938814,3
18.736723,0.46415117,49.33236277073555,8.584252373346388,0,0.97139347,4674.8823,-2.211841,2,1,false,false,-15.186158,4.892363,9.719429,-2.000533,-0.98960847,3
18.806725,0.46421722,49.3323601631242,8.584250722567493,0,0.99408126,4699.103,-2.1363907,2,1,false,false,-15.397291,4.960179,9.87544,-2.0170128,-0.98756987,3
18.876984,0.46428356,49.33235755551285,8.584249071788598,0,1.0000001,4719.112,-2.0505137,2,1,false,false,-16.140299,5.0105424,10.5697975,-2.0334597,-0.98753303,3
18.946978,0.46435016,49.33235503790429,8.58424728330485,0,1,4735.4805,-1.954699,2,1,false,false,-16.304512,5.1103086,10.098302,-2.0499725,-0.99264276,3
19.018427,0.464417,49.33235243056735,8.584245494821102,0,1,4750.432,-1.85089,2,1,false,false,-15.956975,5.189102,10.034628,-2.0665076,-0.99041456,3
19.090601,0.46448404,49.332349822956,8.584243568632504,0,1,4767.5054,-1.7310838,2,1,false,false,-15.518612,5.184563,9.463894,-2.0829659,-0.98456514,3
19.163008,0.4645513,49.33234730534744,8.584241642443905,0,1,4791.9546,-1.611049,2,1,false,false,-14.740836,5.2741566,9.345678,-2.099305,-0.9749992,3
19.234694,0.46461874,49.33234469773609,8.584239579390118,0,1,4823.3984,-1.4975743,2,1,false,false,-14.281951,5.1762614,9.0388155,-2.1154463,-0.9635934,3
19.306013,0.46468642,49.33234218012753,8.584237515496667,0,1,4859.959,-1.3770809,2,1,false,false,-14.476093,5.2442136,9.796807,-2.1314502,-0.9575873,3
19.379143,0.4647544,49.332339662518976,8.584235314738029,0,1,4891.7476,-1.2544198,2,1,false,false,-14.737647,5.485507,9.8489,-2.147364,-0.9518498,3
19.45571,0.46482262,49.332337054907626,8.584233113139726,0,1,4909.391,-1.1412241,2,1,false,false,-15.142577,5.7496,10.449661,-2.163138,-0.940843,3
19.537472,0.46489114,49.33233453729907,8.584230912381086,0,1,4912.016,-1.0309496,2,1,false,false,-14.450636,6.093927,9.903532,-2.178645,-0.91706115,3
19.620016,0.46496046,49.33233201969051,8.584228573917596,0,1,4912.23,-0.92553234,2,1,false,false,-15.204023,5.9081907,10.347951,-2.1937163,-0.8948506,3
19.69735,0.46503055,49.33232959208474,8.584226234614441,0,1,4922.513,-0.8353905,2,1,false,false,-14.792378,5.8293138,10.441136,-2.2085428,-0.8831146,3
19.775185,0.4651009,49.33232707447618,8.584223758446099,0,1,4947.143,-0.75906587,2,1,false,false,-14.603493,5.7942452,10.11493,-2.2231383,-0.86847836,3
19.851797,0.46517152,49.332324556867626,8.584221282277756,0,1,4977.545,-0.6863824,2,1,false,false,-14.030292,5.767044,9.76585,-2.2374895,-0.8517852,3
19.932373,0.46524233,49.33232212926186,8.584218806109414,0,1,5005.006,-0.62944996,2,1,false,false,-13.2911215,6.2079988,9.354841,-2.2514863,-0.82371926,3
20.019535,0.4653134,49.33231961137891,8.584216192236218,0,1,5016.515,-0.58051395,2,1,false,false,-13.484564,6.365358,9.620274,-2.2648535,-0.77803564,3
20.106956,0.46538487,49.332317183773135,8.584213578363023,0,1,5008.9043,-0.54805356,2,1,false,false,-13.26942,6.6292763,9.511,-2.277459,-0.73485523,3
20.1974,0.46545663,49.33231475616737,8.584210826784977,0,1,5005.2324,-0.5291587,2,1,false,false,-13.631532,6.4667196,9.639291,-2.2893374,-0.69229615,3
20.283152,0.46552873,49.3323123282872,8.58420807520693,0,1,5012.606,-0.51583576,2,1,false,false,-13.030099,6.389025,9.206643,-2.3005872,-0.6591525,3
20.371784,0.46560138,49.33230990068144,8.584205186763697,0,1,5033.935,-0.5015446,2,1,false,false,-13.401684,6.412805,9.662368,-2.3112643,-0.6223598,3
20.457275,0.46567512,49.33230747307567,8.584202297480797,0,1,5046.3413,-0.48434532,2,1,false,false,-12.999265,6.2356844,9.326922,-2.3213255,-0.5881952,3
20.545498,0.46574923,49.332305045195504,8.584199409037563,0,1,5057.035,-0.4589126,2,1,false,false,-12.86719,6.388692,9.200057,-2.330873,-0.55976695,3
20.631178,0.46582356,49.33230261758974,8.584196382049813,0,1,5073.757,-0.4240338,2,1,false,false,-12.694763,6.0591125,9.472035,-2.340007,-0.54118174,3
20.715944,0.4658982,49.33230027971236,8.584193355901727,0,1,5102.501,-0.380678,2,1,false,false,-12.344691,6.076539,9.023153,-2.348942,-0.5322477,3
20.801193,0.46597317,49.332297942109385,8.584190328913976,0,1,5136.1045,-0.3286056,2,1,false,false,-11.741932,6.0398264,8.973467,-2.3577006,-0.5198719,3
20.88864,0.46604842,49.33229551422922,8.584187165061037,0,1,5162.8633,-0.29106596,2,1,false,false,-11.3323,6.1597166,8.776364,-2.3662202,-0.50374025,3
20.978685,0.46612403,49.332293176626244,8.584184000368435,0,1,5182.335,-0.25570783,2,1,false,false,-10.616212,6.233526,8.589014,-2.374444,-0.48448518,3
21.071651,0.46620002,49.33229083874887,8.584180836515497,0,1,5200.784,-0.23488152,2,1,false,false,-10.42702,6.382251,8.453528,-2.3823314,-0.4637311,3
21.166384,0.46627635,49.3322885008715,8.584177534957707,0,1,5218.305,-0.22446834,2,1,false,false,-10.093836,6.376205,8.429881,-2.3898401,-0.4393789,3
21.261152,0.4663531,49.33228616326852,8.584174233399915,0,1,5233.3916,-0.2234993,2,1,false,false,-10.196501,6.3828335,8.633702,-2.3969727,-0.41971076,3
21.35804,0.4664301,49.33228391539394,8.584170794137274,0,1,5248.814,-0.22979566,2,1,false,false,-10.377116,6.566759,9.262418,-2.403804,-0.40190488,3
21.45577,0.4665075,49.33228157751656,8.584167492579484,0,1,5257.7476,-0.2375451,2,1,false,false,-10.858605,6.480619,9.682526,-2.4103644,-0.38875592,3
21.553991,0.46658528,49.332279239639185,8.584164053316842,0,1,5262.6235,-0.24989547,2,1,false,false,-11.011635,6.587933,9.769402,-2.4167705,-0.38189244,3
21.652554,0.46666336,49.3322769917646,8.584160476349346,0,1,5270.933,-0.26515293,2,1,false,false,-11.052318,6.48135,9.841292,-2.4230871,-0.37757525,3
21.750708,0.46674186,49.33227465388723,8.584156899381853,0,1,5283.628,-0.27871466,2,1,false,false,-11.016028,6.4491816,9.689863,-2.4293468,-0.37421235,3
21.846899,0.46682075,49.33227240601265,8.584153322414359,0,1,5299.819,-0.29058188,2,1,false,false,-10.734816,6.2578325,9.446474,-2.435569,-0.373194,3
21.943954,0.4669,49.332270158138066,8.584149745446865,0,1,5322.03,-0.30438617,2,1,false,false,-10.323041,6.377248,9.304827,-2.441773,-0.36957726,3
22.042,0.46697965,49.332267910263475,8.584146031614182,0,1,5341.2803,-0.3162534,2,1,false,false,-10.064191,6.3223953,9.182887,-2.4478567,-0.3597346,3
22.142296,0.4670596,49.33226566238889,8.584142316941836,0,1,5352.676,-0.32933223,2,1,false,false,-10.074411,6.537893,9.453944,-2.4537592,-0.34773105,3
22.244633,0.46714,49.33226341451431,8.584138464564639,0,1,5356.156,-0.34531704,2,1,false,false,-10.319685,6.550966,9.85884,-2.459451,-0.33579707,3
22.348192,0.46722078,49.33226125664252,8.584134750731957,0,1,5356.3877,-0.36130193,2,1,false,false,-10.353489,6.6549134,10.006692,-2.4649715,-0.32597414,3
22.451225,0.4673019,49.332259008767934,8.58413089835476,0,1,5358.3975,-0.37559134,2,1,false,false,-10.180758,6.4486713,9.869859,-2.4703176,-0.3155704,3
22.553003,0.46738344,49.332256850896144,8.584126909112372,0,1,5366.6025,-0.3860063,2,1,false,false,-9.799538,6.404962,9.788596,-2.475482,-0.30386564,3
22.653034,0.46746537,49.33225460302156,8.584123056735175,0,1,5382.3105,-0.39060807,2,1,false,false,-9.309947,6.225136,9.142281,-2.4804423,-0.29194736,3
22.751831,0.46754766,49.33225244514976,8.58411906749279,0,1,5403.7314,-0.38842833,2,1,false,false,-9.138899,6.1035233,9.673046,-2.4852192,-0.2828094,3
22.849733,0.46763036,49.332250287003575,8.58411494054555,0,1,5427.8994,-0.37631774,2,1,false,false,-9.240953,6.0733724,9.788871,-2.4899187,-0.28301996,3
22.94734,0.46771336,49.332248129131784,8.5841109504635,0,1,5452.8267,-0.35306662,2,1,false,false,-8.574276,6.0571847,9.541211,-2.494641,-0.28323373,3
23.045437,0.46779677,49.33224597125999,8.584106823516263,0,1,5477.409,-0.31891808,2,1,false,false,-8.073866,5.970727,9.468047,-2.4993362,-0.28015494,3
23.143095,0.46788055,49.3322438131138,8.584102696569026,0,1,5502.942,-0.27653503,2,1,false,false,-6.992029,5.982211,8.728382,-2.5039437,-0.2715824,3
23.240065,0.46796462,49.332241655242,8.584098431916935,0,1,5531.8506,-0.23391247,2,1,false,false,-6.5930448,5.8425503,9.444557,-2.5083592,-0.25972003,3
23.337862,0.4680491,49.33223949737021,8.584094304969698,0,1,5565.536,-0.20000833,2,1,false,false,-6.2983294,5.9760704,9.725386,-2.5126119,-0.25054914,3
23.437466,0.46813408,49.33223733922402,8.584090040317609,0,1,5595.9727,-0.17095032,2,1,false,false,-6.46038,6.164002,11.131858,-2.516701,-0.24036263,3
23.543766,0.46821934,49.332235181352225,8.584085637960666,0,1,5610.078,-0.15278764,2,1,false,false,-5.818665,6.5220203,9.110937,-2.5205917,-0.22178167,3
23.650457,0.46830502,49.33223311320883,8.584081373308576,0,1,5601.5073,-0.14649215,2,1,false,false,-5.4788337,6.443113,8.718793,-2.5240333,-0.1930548,3
23.756968,0.46839115,49.33223095533703,8.584076970951635,0,1,5599.4517,-0.15303016,2,1,false,false,-5.3713236,6.3703713,9.382763,-2.527055,-0.17211649,3
23.857094,0.4684776,49.33222879746524,8.584072706299544,0,1,5622.673,-0.16610698,2,1,false,false,-5.754426,5.8932905,10.776413,-2.529848,-0.1662793,3
23.956314,0.46856448,49.33222672932184,8.584068303942603,0,1,5668.504,-0.18039352,2,1,false,false,-5.7056417,6.0779366,9.96152,-2.532644,-0.1676246,3
24.057022,0.46865168,49.33222457145005,8.58406376388081,0,1,5700.6836,-0.1939544,2,1,false,false,-4.9666424,6.096156,8.692552,-2.535343,-0.15378414,3
24.16417,0.46873933,49.332222503306646,8.584059361523869,0,1,5702.5156,-0.2065472,2,1,false,false,-5.6005282,6.6132874,10.065982,-2.5377884,-0.14157128,3
24.265491,0.4688274,49.332220345434855,8.584054822301738,0,1,5686.784,-0.21962404,2,1,false,false,-5.579675,5.9513197,10.918863,-2.5401173,-0.14173758,3
24.36553,0.46891585,49.33221827729145,8.584050282239945,0,1,5713.16,-0.22664697,2,1,false,false,-5.4506154,5.8813777,10.887412,-2.5426157,-0.15749042,3
24.46354,0.46900472,49.33221611941966,8.584045742178152,0,1,5770.8916,-0.22737351,2,1,false,false,-4.8101234,5.935983,9.340065,-2.5453334,-0.1645185,3
24.564812,0.46909392,49.33221405127626,8.584041065251169,0,1,5803.532,-0.2215612,2,1,false,false,-4.642935,6.1340437,9.049867,-2.5480113,-0.15445189,3
24.666744,0.4691835,49.33221189340447,8.584036525189376,0,1,5791.1587,-0.21405423,2,1,false,false,-4.254461,5.812986,8.796338,-2.550481,-0.14336558,3
24.763842,0.4692735,49.33220982526107,8.58403184742273,0,1,5796.0728,-0.20485163,2,1,false,false,-3.9616275,5.9031725,9.945204,-2.5528486,-0.14388664,3
24.862228,0.46936384,49.33220766738928,8.584027170495748,0,1,5850.5493,-0.19322783,2,1,false,false,-4.1480317,5.793707,10.256681,-2.5552905,-0.14865805,3
24.961882,0.46945456,49.332205599245874,8.584022355863915,0,1,5897.552,-0.17627764,2,1,false,false,-4.076176,6.071319,10.308755,-2.5577648,-0.14560583,3
25.065166,0.4695457,49.332203441374084,8.58401767809727,0,1,5893.9263,-0.16102216,2,1,false,false,-3.9447923,6.2248507,9.559626,-2.5600998,-0.13477112,3
25.167004,0.4696373,49.33220137323068,8.584012863465436,0,1,5874.635,-0.1469762,2,1,false,false,-3.1267588,5.8882,9.139647,-2.5622492,-0.12461297,3
25.264286,0.46972936,49.33219930536168,8.584008047993938,0,1,5903.0874,-0.1336588,2,1,false,false,-2.8471003,5.671483,9.747689,-2.564289,-0.12105072,3
25.357426,0.46982175,49.33219714721549,8.584003233362106,0,1,5970.4575,-0.12300405,2,1,false,false,-3.0746477,5.5916743,10.36897,-2.5662818,-0.11809327,3
25.453999,0.4699145,49.332195079346484,8.583998417890607,0,1,6016.9478,-0.1147705,2,1,false,false,-3.0465753,5.85092,9.512497,-2.5682046,-0.11034941,3
25.55514,0.47000763,49.332192921200296,8.583993603258774,0,1,6013.3345,-0.10992813,2,1,false,false,-2.8794098,6.0747714,8.905478,-2.569944,-0.09894258,3
25.659044,0.47010115,49.33219085333129,8.58398865092209,0,1,5998.206,-0.10750694,2,1,false,false,-2.525988,6.1254964,9.481149,-2.5715024,-0.08941833,3
25.757639,0.47019503,49.3321886951851,8.583983697745738,0,1,6013.314,-0.10435825,2,1,false,false,-2.3976908,5.7345243,10.6402855,-2.5729427,-0.08432557,3
25.854294,0.47028956,49.332186537313305,8.583978745409054,0,1,6060.5913,-0.10048399,2,1,false,false,-2.5568948,5.693276,10.101865,-2.5743346,-0.08206923,3
25.952305,0.47038454,49.33218446916991,8.583973793072369,0,1,6096.528,-0.095399104,2,1,false,false,-2.5307825,5.920559,9.705068,-2.5756564,-0.075321175,3
26.051693,0.47047988,49.33218231129811,8.583968840735682,0,1,6096.339,-0.0900727,2,1,false,false,-2.2166374,5.8086534,8.4814005,-2.5768332,-0.06630629,3
26.149374,0.47057554,49.33218024315472,8.583963750694146,0,1,6095.275,-0.083049774,2,1,false,false,-1.7667595,5.7214804,9.514229,-2.5778744,-0.060071655,3
26.244694,0.47067165,49.33217808528292,8.583958797517797,0,1,6129.3228,-0.07384906,2,1,false,false,-1.7893413,5.6460423,10.647679,-2.5788548,-0.05821339,3
26.340305,0.47076806,49.33217592741113,8.583953707476258,0,1,6176.7363,-0.06489083,2,1,false,false,-1.9535393,5.7815375,10.316905,-2.579814,-0.055887334,3
26.438944,0.4708648,49.33217376953934,8.583948617434721,0,1,6193.192,-0.057142295,2,1,false,false,-1.8511916,5.841195,8.832446,-2.5806994,-0.04985152,3
26.536741,0.4709622,49.33217161139314,8.583943527393185,0,1,6184.3804,-0.05181493,2,1,false,false,-1.3709235,5.746735,8.861018,-2.581472,-0.043829765,3
26.6299,0.47105998,49.332169543524145,8.583938299646794,0,1,6198.9727,-0.04794159,2,1,false,false,-0.9897027,5.3538923,10.303888,-2.5821438,-0.038114287,3
26.720888,0.47115812,49.33216738537795,8.583933209605258,0,1,6255.161,-0.042130176,2,1,false,false,-1.1750298,5.5188065,10.786185,-2.5827506,-0.035117645,3
26.81581,0.47125658,49.33216522750616,8.583927981858869,0,1,6302.6016,-0.0382559,2,1,false,false,-1.1070273,5.681979,9.244799,-2.5833101,-0.03019616,3
26.913055,0.47135538,49.33216306963436,8.58392289181733,0,1,6301.817,-0.038255896,2,1,false,false,-1.2191124,5.843189,8.601726,-2.5837665,-0.026037175,3
27.007343,0.47145462,49.332160911488174,8.583917664070942,0,1,6288.4907,-0.039224934,2,1,false,false,-0.65366733,5.3631673,9.79194,-2.5841482,-0.020275349,3
27.098553,0.4715541,49.33215866361359,8.583912436324551,0,1,6323.8145,-0.038255896,2,1,false,false,-0.71019757,5.448485,10.439392,-2.5844483,-0.016344707,3
27.192364,0.4716539,49.3321565057418,8.583907071712975,0,1,6384.3667,-0.038255896,2,1,false,false,-0.6585353,5.653578,9.473077,-2.584704,-0.012526147,3
27.289358,0.47175407,49.33215434787,8.583901843966586,0,1,6399.378,-0.040193032,2,1,false,false,-0.98505473,5.77574,9.131986,-2.584897,-0.011950122,3
27.384014,0.47185457,49.33215209999542,8.583896478515344,0,1,6373.0513,-0.039950542,2,1,false,false,-0.58299667,5.429491,9.477383,-2.5850916,-0.011530899,3
27.475708,0.47195542,49.33214994184923,8.583891250768955,0,1,6386.6597,-0.038498394,2,1,false,false,-0.36925024,5.395835,9.910709,-2.5852609,-0.009968579,3
27.567312,0.47205663,49.33214778397743,8.583885885317715,0,1,6448.9053,-0.03680281,2,1,false,false,-0.4354669,5.51741,9.093098,-2.5854292,-0.009932761,3
27.660294,0.47215813,49.33214553610285,8.583880519866472,0,1,6485.157,-0.03583471,2,1,false,false,-0.8059285,5.456607,9.358915,-2.5856125,-0.0136381835,3
27.751513,0.47226006,49.332143288228266,8.583875155254896,0,1,6473.045,-0.035350658,2,1,false,false,-0.5366491,5.4303803,9.115832,-2.585867,-0.01753716,3
27.842888,0.47236222,49.332141130356476,8.583869789803654,0,1,6477.813,-0.035108164,2,1,false,false,-0.1390889,5.2855134,8.7989855,-2.5861309,-0.015217584,3
27.933052,0.4724648,49.33213888248189,8.583864286647561,0,1,6525.6533,-0.032929473,2,1,false,false,-0.06795558,5.4307375,9.564079,-2.5863457,-0.011760316,3
28.023916,0.47256768,49.33213663460731,8.583858922035985,0,1,6566.5938,-0.030749839,2,1,false,false,-0.34892893,5.2125964,9.812181,-2.5865297,-0.011746662,3
28.113068,0.4726709,49.332134386732726,8.58385341887989,0,1,6570.979,-0.029780801,2,1,false,false,-0.33865583,5.294663,8.93941,-2.5867298,-0.013095321,3
28.204842,0.47277445,49.33213213885814,8.58384805342865,0,1,6577.399,-0.030023295,2,1,false,false,-0.027533606,5.292938,9.164375,-2.586917,-0.010137281,3
28.294048,0.47287837,49.33212989098356,8.58384255111222,0,1,6606.476,-0.028571147,2,1,false,false,-0.034567177,5.238223,10.397597,-2.5870678,-0.008734055,3
28.381985,0.47298253,49.332127643108976,8.583837047956127,0,1,6642.5586,-0.026876502,2,1,false,false,-0.2941426,5.159606,10.48197,-2.587214,-0.008741873,3
28.472647,0.4730871,49.33212539523439,8.583831544800034,0,1,6663.8115,-0.026634006,2,1,false,false,-0.2944206,5.404394,9.926775,-2.5873818,-0.010036779,3
28.565504,0.47319198,49.33212314735981,8.583825904778752,0,1,6665.1206,-0.026634006,2,1,false,false,-0.16490659,5.4834714,10.753465,-2.5875616,-0.01096404,3
28.657084,0.47329718,49.332120899485226,8.58382040162266,0,1,6664.596,-0.021549141,2,1,false,false,-0.07727508,5.3197126,10.904663,-2.5877979,-0.015276861,3
28.749456,0.47340277,49.33211856160785,8.58381476160138,0,1,6684.2275,-0.014043076,2,1,false,false,0.05094792,5.529235,9.192334,-2.5880675,-0.014434212,3
28.841438,0.4735087,49.332116313733266,8.583809258445285,0,1,6705.549,-0.00799011,2,1,false,false,-0.18652742,5.39532,7.931782,-2.5883179,-0.014234442,3
28.931896,0.4736149,49.33211397585589,8.583803618424005,0,1,6708.4507,-0.0053273616,2,1,false,false,-0.24598376,5.2548885,8.360138,-2.588556,-0.015361688,3
29.01752,0.4737215,49.33211172798131,8.58379797756306,0,1,6714.6714,-0.0026636808,2,1,false,false,0.3922314,4.9379287,9.357212,-2.5887458,-0.008136081,3
29.105677,0.4738284,49.33210939037833,8.583792337541778,0,1,6749.922,-9.361538e-07,2,1,false,false,0.6258632,5.226478,9.0650215,-2.5887744,0.0026420671,3
29.192057,0.4739356,49.33210705250096,8.583786697520498,0,1,6778.2954,-0.001695581,2,1,false,false,0.3459726,4.856119,9.936297,-2.5885775,0.014876061,3
29.271559,0.47404313,49.33210471462358,8.5837809189547,0,1,6792.7144,-0.0048433123,2,1,false,false,0.4003501,4.5405235,10.909518,-2.5882459,0.021665718,3
29.348854,0.47415093,49.332102466749,8.58377527893342,0,1,6835.8496,-0.0077485503,2,1,false,false,0.31127518,4.486785,11.906113,-2.5878255,0.026553968,3
29.427294,0.47425905,49.33210012914602,8.583769501207286,0,1,6902.626,-0.008232601,2,1,false,false,0.38416272,4.694488,10.2183485,-2.587372,0.030174784,3
29.512428,0.4743674,49.332097791268644,8.583763860346341,0,1,6939.737,-0.009927244,2,1,false,false,0.036097288,5.079587,9.849764,-2.5869198,0.025958901,3
29.598372,0.47447613,49.33209536366288,8.583758082620209,0,1,6926.591,-0.010412234,2,1,false,false,-0.052544415,5.167161,8.900663,-2.586603,0.016426109,3
29.692682,0.47458518,49.332093025785504,8.583752304894075,0,1,6914.189,-0.010896282,2,1,false,false,0.40144405,5.656455,9.380926,-2.586407,0.012204683,3
29.788342,0.47469458,49.33209068790813,8.583746526328278,0,1,6910.5356,-0.008716653,2,1,false,false,0.5942256,5.71976,10.122723,-2.5862284,0.011643901,3
29.883688,0.4748043,49.332088350305156,8.583740748602146,0,1,6895.991,-0.0053273626,2,1,false,false,0.68108225,5.4364853,10.229427,-2.5860906,0.0065999473,3
29.973642,0.47491443,49.33208592242499,8.583734970876012,0,1,6880.5933,-0.002905239,2,1,false,false,0.56657004,5.230028,10.738229,-2.5860126,0.0016359384,3
30.057432,0.4750248,49.33208358454762,8.583729055445028,0,1,6893.8345,0.001452151,2,1,false,false,0.80438733,4.685749,11.010218,-2.5859897,0.0017087619,3
30.13634,0.47513556,49.33208115694185,8.58372327687923,0,1,6940.729,0.0055679837,2,1,false,false,0.7308947,4.532427,10.503213,-2.5859392,0.003625515,3
30.212511,0.47524655,49.33207872933608,8.583717361448246,0,1,6990.004,0.0075051226,2,1,false,false,0.57352895,4.567898,10.179388,-2.5858583,0.005515799,3
30.28762,0.47535783,49.33207630145591,8.583711446017261,0,1,7017.993,0.0077476157,2,1,false,false,0.5600801,4.3111897,9.608778,-2.5857618,0.0061443727,3
30.366287,0.47546935,49.33207396385294,8.583705668291127,0,1,7042.5312,0.008473219,2,1,false,false,0.8238405,4.7490287,10.091823,-2.5856397,0.009055559,3
30.446789,0.47558123,49.33207153597277,8.583699752860143,0,1,7066.75,0.010167865,2,1,false,false,0.64187706,4.7340217,9.856447,-2.5854616,0.011868113,3
30.529324,0.4756934,49.33206910836701,8.583693837429157,0,1,7083.124,0.012347497,2,1,false,false,0.5549485,4.86388,9.657896,-2.5852592,0.012218476,3
30.610346,0.47580582,49.33206668076124,8.583687921158509,0,1,7089.23,0.012589992,2,1,false,false,0.50401336,4.798445,9.851147,-2.5850513,0.012412079,3
30.68961,0.4759186,49.33206416315268,8.583681868862335,0,1,6830.032,0.014042145,2,1,false,false,0.6772098,4.4437356,9.786002,-2.584844,0.013485007,3
30.727804,0.4760316,49.33206173527252,8.583675952591687,0,1,6610.8047,0.016463328,0,1,false,false,0.7754537,0.07271186,9.133897,-2.584621,0.013754501,3
30.7203,0.4761446,49.33205930766675,8.583670037160703,0,1,6482.414,0.017432367,3,1,false,false,0.5970888,-0.6802466,9.226987,-2.5843883,0.012772479,3
30.780533,0.4762577,49.33205688006098,8.583663984024865,0,1,5875.5083,0.017432367,3,1,false,false,0.6511291,6.1528983,10.781906,-2.5841672,0.013645039,3
30.899115,0.47637114,49.33205436217803,8.58365806859388,0,1,5631.2437,0.017432367,3,1,false,false,0.81099325,7.0823927,10.479544,-2.5839036,0.019009618,3
30.998165,0.47648504,49.33205193457226,8.583652015458043,0,1,5671.7363,0.017432367,3,1,false,false,0.7864201,4.8177547,9.66883,-2.5835671,0.022441924,3
31.066174,0.4765992,49.3320494169637,8.583645962322207,0,1,5770.852,0.015736787,3,1,false,false,0.7101051,3.7515645,9.38826,-2.5832026,0.021733696,3
31.13586,0.47671363,49.33204689935514,8.583640046891222,0,1,5802.758,0.0142837,3,1,false,false,0.7816025,4.385161,9.481315,-2.5828357,0.021880157,3
31.215843,0.4768283,49.33204447174938,8.583633993755384,0,1,5789.379,0.014526194,3,1,false,false,0.77097833,4.8536377,9.6108,-2.582467,0.021899888,3
31.298218,0.4769433,49.33204195414082,8.583627940619548,0,1,5786.731,0.014768687,3,1,false,false,0.8399943,4.7913685,9.681392,-2.5820842,0.023350872,3
31.377352,0.47705862,49.33203943653226,8.583621749778859,0,1,5806.49,0.014526192,3,1,false,false,0.8266958,4.5343204,9.553816,-2.5816863,0.023618441,3
31.45388,0.47717422,49.332036918923706,8.583615696643022,0,1,5830.9624,0.014768687,3,1,false,false,0.8319757,4.506763,9.943485,-2.581291,0.023349136,3
31.530651,0.47729003,49.33203440131515,8.583609644346849,0,1,5848.2983,0.015494291,3,1,false,false,0.924744,4.5330625,9.782223,-2.580899,0.023924874,3
31.608492,0.4774062,49.33203188343219,8.58360345350616,0,1,5860.239,0.016705824,3,1,false,false,0.89827585,4.601463,9.441253,-2.580494,0.024656152,3
31.686625,0.47752267,49.33202936582363,8.583597400370325,0,1,5872.55,0.017916417,3,1,false,false,0.9011282,4.5808625,9.467809,-2.5800838,0.024456473,3
31.764446,0.47763935,49.332026758486684,8.583591209529635,0,1,5886.8867,0.020336665,3,1,false,false,0.9936888,4.5622554,9.476502,-2.579672,0.02507718,3
31.842213,0.4777564,49.33202424087813,8.583585018688947,0,1,5901.169,0.023968449,3,1,false,false,1.0268269,4.583388,9.320484,-2.579245,0.025910977,3
31.92023,0.47787368,49.33202163326678,8.583578965553109,0,1,5912.4727,0.027842725,3,1,false,false,1.0581391,4.570438,9.503073,-2.5788,0.026731424,3
31.997616,0.47799128,49.33201911565822,8.58357277471242,0,1,5922.597,0.03147451,3,1,false,false,1.1905187,4.519217,9.893327,-2.5783315,0.028882109,3
32.074245,0.47810918,49.33201650804687,8.583566584711395,0,1,5938.2256,0.034379743,3,1,false,false,1.2355013,4.492013,9.945489,-2.5778215,0.03180064,3
32.1504,0.47822732,49.33201390043552,8.583560256165855,0,1,5957.0405,0.036800936,3,1,false,false,1.2905877,4.4556556,10.009005,-2.577266,0.034752738,3
32.22643,0.47834572,49.33201138282696,8.583554065325167,0,1,5972.7524,0.038495578,3,1,false,false,1.3634033,4.4587197,9.967732,-2.5766628,0.037930794,3
32.302822,0.4784644,49.33200877549001,8.583547874484477,0,1,5986.544,0.03897963,3,1,false,false,1.317159,4.5308633,9.812205,-2.5760136,0.040286805,3
32.38066,0.47858337,49.33200616787866,8.583541546778601,0,1,5998.893,0.03728499,3,1,false,false,1.3113619,4.5893774,9.934764,-2.5753505,0.040041115,3
32.45889,0.47870263,49.332003560404516,8.583535355937912,0,1,6005.018,0.034379754,3,1,false,false,1.3905239,4.6089826,9.771518,-2.5746968,0.039341,3
32.53705,0.4788221,49.33200086292757,8.583529027392371,0,1,6009.628,0.029778935,3,1,false,false,1.318284,4.585147,9.9176855,-2.5740652,0.036890022,3
32.61436,0.47894198,49.33199825531622,8.583522836551683,0,1,6018.6743,0.024936557,3,1,false,false,1.287867,4.5197487,9.77244,-2.5734823,0.0333161,3
32.690414,0.47906208,49.33199564784208,8.583516508845806,0,1,6032.1113,0.019610122,3,1,false,false,1.233654,4.4483542,9.985056,-2.5729585,0.029317213,3
32.7656,0.47918248,49.331992950365134,8.583510180300266,0,1,6046.8496,0.015494297,3,1,false,false,1.1399685,4.4070096,9.571773,-2.5724995,0.025143608,3
32.840202,0.4793031,49.33199034289098,8.583503852594388,0,1,6061.862,0.012347498,3,1,false,false,1.1425551,4.351552,9.709416,-2.572113,0.020847166,3
32.91401,0.47942403,49.331987645414046,8.583497524048848,0,1,6078.4956,0.0094413245,3,1,false,false,1.0849979,4.337511,10.151525,-2.5717819,0.018445842,3
32.987797,0.47954527,49.33198494793711,8.583491195503306,0,1,6096.839,0.007990109,3,1,false,false,1.0217878,4.315443,10.021324,-2.5714848,0.01676145,3
33.061687,0.47966674,49.331982250460165,8.583484730092579,0,1,6113.694,0.007747614,3,1,false,false,1.0660542,4.3512635,10.237083,-2.5712073,0.016620368,3
33.13538,0.47978848,49.33197955298323,8.583478401547037,0,1,6128.271,0.008230731,3,1,false,false,1.0625765,4.3232193,9.771037,-2.5709288,0.017504016,3
33.209515,0.47991052,49.33197685564348,8.583472073841161,0,1,6143.7256,0.008473223,3,1,false,false,0.9235866,4.3824162,9.820155,-2.570649,0.017014902,3
33.284637,0.4800328,49.331974158166545,8.58346560759077,0,1,6156.8843,0.008957271,3,1,false,false,0.91716564,4.4203916,9.64667,-2.5703793,0.01646345,3
33.35958,0.48015538,49.3319714606896,8.583459279045227,0,1,6164.0312,0.009199766,3,1,false,false,0.94039506,4.40661,9.9443245,-2.570119,0.015648155,3
33.434547,0.48027825,49.331968763212664,8.5834528136345,0,1,6172.3076,0.009199766,3,1,false,false,0.98314816,4.420634,9.81986,-2.5698614,0.015618189,3
33.508694,0.48040137,49.33196606573572,8.583446347384106,0,1,6184.56,0.009441322,3,1,false,false,0.98701185,4.317557,9.696248,-2.5695996,0.015667498,3
33.581852,0.48052478,49.33196327839319,8.583439881973378,0,1,6198.9404,0.010410361,3,1,false,false,0.8838463,4.2937226,10.061893,-2.5693421,0.014716997,3
33.654263,0.4806485,49.33196058105345,8.583433415722984,0,1,6214.4844,0.0113793975,3,1,false,false,0.93830645,4.216658,9.751542,-2.5690992,0.014348417,3
33.72639,0.48077238,49.33195779357372,8.583426950312257,0,1,6231.173,0.012347496,3,1,false,false,0.9180007,4.2646875,10.0669155,-2.5688572,0.014533303,3
33.79854,0.48089662,49.33195500623118,8.583420484901527,0,1,6246.423,0.013316535,3,1,false,false,0.9881797,4.2224193,10.243453,-2.568608,0.015589742,3
33.870705,0.4810211,49.331952308754246,8.583414018651135,0,1,6260.323,0.015010244,3,1,false,false,0.9859594,4.244976,9.799215,-2.5683367,0.017364828,3
33.943367,0.48114583,49.331949521411715,8.583407415535554,0,1,6274.146,0.01646333,3,1,false,false,0.9152509,4.2791424,9.939043,-2.5680442,0.018195983,3
34.01581,0.48127088,49.331946734069184,8.583400949285162,0,1,6285.752,0.01694738,3,1,false,false,0.93028694,4.2908297,9.861846,-2.567735,0.019442353,3
34.089104,0.48139614,49.33194394672665,8.583394346169582,0,1,6295.827,0.01743237,3,1,false,false,0.94321144,4.2721,9.566589,-2.5674129,0.019659353,3
34.161934,0.48152173,49.331941159384115,8.583387879919188,0,1,6304.5034,0.017432367,3,1,false,false,0.9168117,4.2968044,9.833411,-2.5670843,0.019554295,3
34.233994,0.48164758,49.331938372041584,8.583381276803609,0,1,6314.945,0.017673923,3,1,false,false,0.9614341,4.210624,9.946079,-2.5667498,0.02034831,3
34.30533,0.48177367,49.331935584561855,8.583374673688027,0,1,6329.232,0.017673925,3,1,false,false,0.9204717,4.1804447,9.979765,-2.5664082,0.020190725,3
34.375977,0.48190007,49.33193270735373,8.583368069732783,0,1,6345.381,0.017189875,3,1,false,false,0.99616826,4.1415553,10.066678,-2.5660596,0.02128789,3
34.44598,0.48202673,49.3319299200112,8.583361466617202,0,1,6360.45,0.016463332,3,1,false,false,1.0122561,4.086041,10.032177,-2.5656953,0.022526965,3
34.516,0.4821536,49.331927042665875,8.583354863501622,0,1,6377.034,0.014526194,3,1,false,false,0.9151405,4.1561227,9.9683075,-2.5653195,0.022897076,3
34.58674,0.4822808,49.331924255323344,8.58334826038604,0,1,6392.407,0.012105007,3,1,false,false,0.910897,4.178422,9.847324,-2.56495,0.02208375,3
34.657845,0.48240823,49.33192137811522,8.583341656430797,0,1,6401.456,0.0096838195,3,1,false,false,0.96393645,4.183368,10.080502,-2.5645957,0.021303486,3
34.72917,0.48253596,49.3319185007699,8.583334915610363,0,1,6409.9727,0.007747614,3,1,false,false,0.8972175,4.2226825,10.246213,-2.5642545,0.020224955,3
34.80053,0.4826639,49.331915713427364,8.583328312494784,0,1,6420.371,0.0055679847,3,1,false,false,0.8772382,4.189679,10.200662,-2.5639403,0.018384809,3
34.8712,0.48279214,49.33191283608205,8.58332157167435,0,1,6429.949,0.0021786941,3,1,false,false,0.8794219,4.146698,10.019239,-2.5636613,0.01609641,3
34.94128,0.48292068,49.33190995887392,8.583314967719106,0,1,6441.07,-0.0009690374,3,1,false,false,0.7943506,4.1418734,9.868898,-2.5634153,0.013927705,3
35.011147,0.48304942,49.3319070815286,8.583308226898675,0,1,6454.22,-0.003390225,3,1,false,false,0.83596754,4.1022396,9.668962,-2.5632098,0.011569721,3
35.08066,0.48317847,49.33190420432047,8.583301486078241,0,1,6465.951,-0.0067804507,3,1,false,false,0.74113,4.1023,10.292734,-2.563033,0.009548071,3
35.14998,0.4833077,49.33190132697515,8.58329474525781,0,1,6477.01,-0.009927246,3,1,false,false,0.66754395,4.0910125,10.5329275,-2.562894,0.0071271406,3
35.21884,0.48343727,49.33189835976424,8.583288004437376,0,1,6489.254,-0.012833419,3,1,false,false,0.67907906,4.0416,10.45795,-2.5627997,0.004876782,3
35.286877,0.483567,49.331895482556114,8.58328126277728,0,1,6503.9287,-0.015496167,3,1,false,false,0.5456914,3.987672,9.800513,-2.5627341,0.00344451,3
35.35431,0.48369694,49.33189260521079,8.583274521956847,0,1,6520.727,-0.017191747,3,1,false,false,0.4867517,4.0034246,9.94789,-2.5627103,0.00065245025,3
35.422714,0.4838271,49.33188963799988,8.583267781136415,0,1,6535.9507,-0.018159846,3,1,false,false,0.48631635,4.056569,10.092838,-2.562728,-0.0016532058,3
35.49187,0.4839576,49.331886760791754,8.58326090261113,0,1,6543.6665,-0.018159848,3,1,false,false,0.44866467,4.114672,10.351492,-2.56278,-0.0036754403,3
35.561447,0.4840883,49.331883793580836,8.583254161790698,0,1,6547.458,-0.016949255,3,1,false,false,0.4670044,4.088759,10.269851,-2.5628626,-0.005269488,3
35.629692,0.48421922,49.331880826369925,8.583247420970265,0,1,6556.0405,-0.015253672,3,1,false,false,0.38380942,4.016641,9.844044,-2.5629582,-0.0056592324,3
35.696907,0.48435044,49.3318779491618,8.583240542444981,0,1,6572.4277,-0.012590927,3,1,false,false,0.38906193,3.9512656,10.025312,-2.5630648,-0.0063916156,3
35.76349,0.4844819,49.33187498195089,8.583233663919696,0,1,6588.4683,-0.010412231,3,1,false,false,0.41439614,3.9428377,10.098604,-2.5631692,-0.0057699913,3
35.830452,0.48461357,49.33187201473997,8.583226785394412,0,1,6600.163,-0.007990109,3,1,false,false,0.38204852,3.9756765,9.7889805,-2.5632575,-0.0047964794,3
35.897522,0.48474556,49.33186904752906,8.583219906869127,0,1,6609.674,-0.0055698557,3,1,false,false,0.38463694,3.9479618,9.735852,-2.563329,-0.003852885,3
35.96374,0.48487774,49.33186608031814,8.583213028343843,0,1,6621.976,-0.0041167694,3,1,false,false,0.37165827,3.9006252,9.849673,-2.563381,-0.0026995256,3
36.029545,0.48501015,49.331863113107225,8.58320614981856,0,1,6638.8276,-0.0031477315,3,1,false,false,0.37465563,3.8874211,9.956779,-2.5634146,-0.0015884696,3
36.09517,0.48514286,49.331860145896314,8.583199271293275,0,1,6653.692,-0.003147732,3,1,false,false,0.40288273,3.8710477,10.160701,-2.5634308,-0.00035277253,3
36.160717,0.48527575,49.3318571788226,8.583192392767991,0,1,6665.0015,-0.0041167694,3,1,false,false,0.34710848,3.8861694,10.049488,-2.563427,0.00093449524,3
36.226498,0.48540893,49.331854211611684,8.583185514242706,0,1,6677.6265,-0.0053273616,3,1,false,false,0.33808464,3.8985443,9.867604,-2.5634131,0.0014749975,3
36.29257,0.48554233,49.331851244400774,8.58317849801257,0,1,6690.326,-0.007264502,3,1,false,false,0.33570656,3.916235,9.645703,-2.5633993,0.0011169303,3
36.358753,0.485676,49.33184818732426,8.583171619487285,0,1,6699.393,-0.008716653,3,1,false,false,0.30136198,3.9295988,9.3528805,-2.5633824,0.0011264246,3
36.42512,0.48580986,49.33184522011335,8.58316460325715,0,1,6706.2935,-0.010169739,3,1,false,false,0.2803019,3.9252522,10.019999,-2.5633745,-0.00019330083,3
36.49101,0.48594397,49.33184216289965,8.583157587027012,0,1,6714.5127,-0.012590926,3,1,false,false,0.2491594,3.8854077,10.249471,-2.5633821,-0.0013241124,3
36.555946,0.48607838,49.33183919582593,8.583150570796876,0,1,6725.997,-0.013559027,3,1,false,false,0.2353681,3.8076189,9.889352,-2.5634072,-0.0021210501,3
36.619553,0.48621297,49.331836138612225,8.583143555406403,0,1,6740.6016,-0.014769621,3,1,false,false,0.22105539,3.7267616,9.611679,-2.563452,-0.0032973788,3
36.68257,0.48634782,49.33183317140131,8.583136539176268,0,1,6758.4917,-0.015738659,3,1,false,false,0.17936939,3.7542374,9.574131,-2.563513,-0.004136416,3
36.746452,0.4864829,49.3318301143248,8.58312952294613,0,1,6774.6426,-0.015738659,3,1,false,false,0.20523527,3.799528,9.773848,-2.5635965,-0.005713139,3
36.8109,0.48661822,49.3318270572483,8.583122506715995,0,1,6782.795,-0.015496165,3,1,false,false,0.15297952,3.8081737,9.552909,-2.5636916,-0.0063570887,3
36.875282,0.48675376,49.33182409003739,8.583115490485858,0,1,6789.243,-0.014769623,3,1,false,false,0.09276265,3.7851026,9.566564,-2.5638025,-0.007390853,3
36.93902,0.48688954,49.331821032960875,8.583108474255722,0,1,6801.985,-0.014769622,3,1,false,false,0.12488359,3.7448325,9.828947,-2.563936,-0.0087551335,3
37.001904,0.4870256,49.33181797588437,8.583101321160397,0,1,6817.8125,-0.015012116,3,1,false,false,0.18672925,3.715478,10.510464,-2.5640845,-0.008896798,3
37.064808,0.48716182,49.331814918670666,8.583094304930261,0,1,6831.0957,-0.014285573,3,1,false,false,0.16663879,3.7183425,11.041007,-2.5642288,-0.007958235,3
37.1283,0.4872983,49.33181186159416,8.583087150995272,0,1,6841.0513,-0.013316534,3,1,false,false,0.08499113,3.7732632,10.89679,-2.564373,-0.007385687,3
37.19282,0.48743504,49.33180880451766,8.583079997899949,0,1,6849.695,-0.014528067,3,1,false,false,0.13587895,3.8569431,9.888054,-2.564519,-0.00661428,3
37.257294,0.48757198,49.331805747441145,8.58307284396496,0,1,6855.3125,-0.015496165,3,1,false,false,0.040419698,3.835961,9.855835,-2.5646431,-0.006237561,3
37.322456,0.4877092,49.331802600361854,8.583065827734824,0,1,6857.799,-0.015496166,3,1,false,false,0.16898382,3.8851848,10.294527,-2.5647495,-0.004637427,3
37.387386,0.48784664,49.33179954328534,8.583058673799837,0,1,6858.4062,-0.015253672,3,1,false,false,0.042169064,3.8386846,10.661876,-2.5648313,-0.004748763,3
37.451073,0.48798436,49.33179648620884,8.58305138299966,0,1,6861.731,-0.015012118,3,1,false,false,-0.0004900098,3.7100825,10.737691,-2.5649254,-0.006530326,3
37.51065,0.48812222,49.331793428995134,8.58304422906467,0,1,6875.507,-0.014769622,3,1,false,false,0.025722593,3.4881363,10.131505,-2.5650508,-0.00827265,3
37.569714,0.48826036,49.331790282053035,8.583037075129683,0,1,6903.135,-0.014528067,3,1,false,false,-0.0065430105,3.4896107,9.8534355,-2.5652003,-0.009514601,3
37.628647,0.4883987,49.33178722483933,8.583029922034358,0,1,6924.989,-0.0133165335,3,1,false,false,0.12363756,3.5469677,10.296042,-2.565358,-0.008756977,3
37.689644,0.48853722,49.33178407789723,8.583022630394519,0,1,6933.323,-0.011864382,3,1,false,false,0.12780622,3.673183,9.739706,-2.565499,-0.00800126,3
37.751328,0.48867607,49.33178102082073,8.583015477299194,0,1,6937.0527,-0.010653791,3,1,false,false,0.06719488,3.6560986,9.301589,-2.5656202,-0.006863403,3
37.811985,0.48881507,49.33177787374143,8.583008185659354,0,1,6947.0264,-0.009685691,3,1,false,false,0.11657897,3.5594873,10.178941,-2.5657291,-0.0066424604,3
37.871403,0.48895428,49.331774816664925,8.583000894859177,0,1,6964.325,-0.008474157,3,1,false,false,0.015249103,3.5275297,10.490593,-2.5658338,-0.006609979,3
37.930862,0.48909378,49.33177166958563,8.582993603219338,0,1,6980.6675,-0.00799011,3,1,false,false,0.0960421,3.5341337,9.821881,-2.5659368,-0.0054197554,3
37.9901,0.4892334,49.33176852264353,8.58298644928435,0,1,6991.358,-0.008232602,3,1,false,false,0.17466924,3.5064814,9.600726,-2.5660303,-0.0048032864,3
38.050064,0.48937333,49.33176537556423,8.582979158484173,0,1,7003.393,-0.009443195,3,1,false,false,0.18802214,3.6467361,10.050327,-2.5661037,-0.0031647221,3
38.111652,0.48951346,49.331762318487726,8.582971866844334,0,1,7012.8857,-0.00968569,3,1,false,false,0.21013376,3.6849952,10.323061,-2.5661464,-0.0010784918,3
38.17289,0.48965377,49.33175917140843,8.582964438339305,0,1,7012.3447,-0.009927244,3,1,false,false,0.14012775,3.6357036,10.270744,-2.5661738,-0.0012332925,3
38.234028,0.4897943,49.33175602446633,8.582957146699465,0,1,7015.1816,-0.010653789,3,1,false,false,0.05286646,3.6193397,10.222918,-2.5662053,-0.0018090367,3
38.2935,0.48993516,49.33175287738703,8.582949855899288,0,1,7026.6216,-0.010896284,3,1,false,false,0.036153436,3.528083,10.083872,-2.5662506,-0.0026863727,3
38.352116,0.49007615,49.33174973030774,8.58294242739426,0,1,7041.0806,-0.011622827,3,1,false,false,0.20365363,3.4925687,9.692596,-2.5663168,-0.0035945992,3
38.41085,0.49021736,49.33174658336564,8.58293513575442,0,1,7050.9087,-0.011864382,3,1,false,false,0.10418305,3.517163,9.9170065,-2.5663812,-0.0044757267,3
38.4691,0.4903588,49.331743436286345,8.582927707249391,0,1,7057.3276,-0.010412235,3,1,false,false,0.119660825,3.4691002,9.964702,-2.566454,-0.0049009537,3
38.52686,0.49050048,49.33174019934145,8.582920415609552,0,1,7069.447,-0.009443196,3,1,false,false,0.09381479,3.417356,10.124488,-2.5665414,-0.0061827023,3
38.584084,0.49064234,49.331737052399355,8.582912987104523,0,1,7085.3755,-0.0092007015,3,1,false,false,0.14961961,3.3555984,9.550793,-2.5666516,-0.0072611715,3
38.63935,0.4907844,49.331733905320064,8.582905557759831,0,1,7100.333,-0.00799011,3,1,false,false,0.052042395,3.3111851,9.406214,-2.5667725,-0.008138927,3
38.695667,0.4909267,49.33173075824077,8.582898129254803,0,1,7117.6484,-0.0077485526,3,1,false,false,0.13621545,3.3701184,9.741941,-2.5669065,-0.008230672,3
38.752777,0.4910692,49.331727521295875,8.582890700749775,0,1,7130.773,-0.007990107,3,1,false,false,0.19937935,3.4307954,9.986833,-2.5670362,-0.0073208334,3
38.810608,0.49121186,49.331724374353776,8.582883271405082,0,1,7136.1045,-0.0077485526,3,1,false,false,0.16815132,3.440828,10.143819,-2.5671523,-0.0065857824,3
38.86674,0.4913548,49.33172113740889,8.582875842900055,0,1,6879.8687,-0.007748551,3,1,false,false,0.024672866,3.120234,9.828781,-2.5672598,-0.0063440627,3
38.87639,0.49149784,49.331717990329594,8.582868414395026,0,1,6744.2563,-0.007506993,0,1,false,false,0.057095572,-0.5592902,9.653192,-2.5673816,-0.007888627,3
38.880787,0.4916409,49.3317147533847,8.582860985050335,0,1,6270.4087,-0.007748552,4,1,false,false,0.04651299,2.862052,10.49292,-2.5675144,-0.008057505,3
38.985657,0.49178416,49.33171160644261,8.582853418840454,0,1,5484.5703,-0.007264502,4,1,false,false,0.24037844,7.1306934,11.089926,-2.5676773,-0.009729985,3
39.067886,0.49192777,49.33170836949772,8.582845990335427,0,1,5606.969,-0.005569856,4,1,false,false,0.16237313,2.7559612,9.736663,-2.5678196,-0.0067922184,3
39.092297,0.49207157,49.33170513255283,8.582838423285882,0,1,5851.571,-0.0021805665,4,1,false,false,0.038010478,1.5143594,9.735645,-2.5679328,-0.006284928,3
39.139194,0.49221554,49.33170198547353,8.582830994780855,0,1,5810.6206,-0.0019380735,4,1,false,false,0.018032432,3.656223,10.468402,-2.568035,-0.006154192,3
39.208923,0.49235967,49.331698748528645,8.582823428570974,0,1,5712.409,-0.0031477322,4,1,false,false,0.022203237,4.3008466,10.617587,-2.5681224,-0.0042732703,3
39.270283,0.4925041,49.33169551158375,8.582816000065945,0,1,5738.4434,-0.002905238,4,1,false,false,0.27407536,3.250322,10.076566,-2.5681882,-0.0019890745,3
39.32013,0.49264872,49.33169227463887,8.582808433016401,0,1,5789.9766,-0.0029052387,4,1,false,false,0.1933884,2.9543839,10.174825,-2.56822,-0.0016283804,3
39.373142,0.49279347,49.33168912769677,8.582800866806522,0,1,5793.9375,-0.002663682,4,1,false,false,0.073222905,3.3685036,10.362108,-2.5682483,-0.0018160117,3
39.431095,0.49293852,49.33168589075188,8.582793300596641,0,1,5785.1064,-0.0016955805,4,1,false,false,0.09790361,3.4954777,9.480645,-2.5682933,-0.0029956764,3
39.48857,0.49308378,49.33168265380699,8.58278573438676,0,1,5791.432,-0.0026636817,4,1,false,false,0.16903037,3.3485525,9.67509,-2.5683458,-0.0032063697,3
39.543602,0.49322918,49.3316794168621,8.582778168176882,0,1,5803.5825,-0.0036317827,4,1,false,false,0.22390425,3.2890875,9.8215685,-2.568399,-0.003093986,3
39.59857,0.49337482,49.33167609005162,8.582770464262149,0,1,5812.707,-0.004116769,4,1,false,false,0.19466722,3.3102453,9.14217,-2.5684338,-0.0015997862,3
39.653156,0.49352065,49.33167285310674,8.582762897212605,0,1,5818.9673,-0.0046008183,4,1,false,false,0.12803224,3.2143319,9.900171,-2.568453,-0.0014221898,3
39.707283,0.4936667,49.33166961616185,8.582755331002724,0,1,5832.204,-0.007990109,4,1,false,false,0.09640303,3.232854,10.656391,-2.5684736,-0.0015890162,3
39.761658,0.49381295,49.33166637921696,8.582747627087993,0,1,5846.1646,-0.011622825,4,1,false,false,0.042866945,3.2741568,10.566164,-2.5685017,-0.0014511015,3
39.81557,0.49395937,49.33166314227207,8.582740060878113,0,1,5852.7915,-0.011622827,4,1,false,false,0.021858424,3.211785,9.445515,-2.5685472,-0.002868474,3
39.871304,0.49410602,49.33165981532439,8.582732356963382,0,1,5862.733,-0.01016974,4,1,false,false,-0.046111256,3.373621,9.738038,-2.568629,-0.00545399,3
39.928265,0.49425286,49.3316565783795,8.5827247907535,0,1,5866.559,-0.009200702,4,1,false,false,0.04245761,3.4572556,9.755742,-2.5687406,-0.006735607,3
39.985653,0.49439994,49.33165334143462,8.58271708683877,0,1,5859.993,-0.007022007,4,1,false,false,0.123090684,3.408284,9.813665,-2.5688658,-0.007986713,3
40.041187,0.4945472,49.33165001462413,8.582709382924037,0,1,5860.7417,-0.004358325,4,1,false,false,0.17087892,3.2467663,9.662752,-2.568994,-0.00789741,3
40.094143,0.49469465,49.331646777679246,8.582701679009306,0,1,5877.922,-0.0016955809,4,1,false,false,0.15354434,3.1380534,9.712673,-2.5691187,-0.007758059,3
40.146194,0.49484232,49.33164345086877,8.582693974254909,0,1,5896.1104,0.00048405063,4,1,false,false,0.18936354,3.1253595,9.909057,-2.569231,-0.006361439,3
40.19899,0.49499017,49.331640213923876,8.582686270340178,0,1,5905.8896,0.0019362018,4,1,false,false,0.13503331,3.1930048,9.624875,-2.569316,-0.0044710673,3
40.252743,0.49513823,49.3316368871134,8.582678566425445,0,1,5915.234,0.002662745,4,1,false,false,0.2060413,3.2288353,9.595772,-2.569376,-0.0027024448,3
40.30679,0.49528643,49.33163356016572,8.582670862510714,0,1,5925.4194,0.0026627453,4,1,false,false,0.16595444,3.2397828,9.613428,-2.56941,-0.0014636162,3
40.36158,0.49543485,49.33163032322083,8.582663020891129,0,1,5932.0054,0.002904302,4,1,false,false,0.16527835,3.2890651,9.888949,-2.569424,-0.00014663753,3
40.416233,0.4955835,49.33162699641035,8.582655316976398,0,1,5934.8867,0.0026627455,4,1,false,false,0.17306337,3.2671547,9.913201,-2.5694208,0.0006736418,3
40.47096,0.49573234,49.33162366959987,8.582647476196477,0,1,5941.624,0.0014521512,4,1,false,false,0.21191204,3.258975,9.823975,-2.5694072,0.0013265542,3
40.52501,0.4958814,49.33162034265219,8.582639772281745,0,1,5949.1646,0.00072560756,4,1,false,false,0.27871197,3.2369747,10.340485,-2.56938,0.0026740327,3
40.579105,0.4960306,49.33161701584171,8.582631930662162,0,1,5955.525,0.0019362015,4,1,false,false,0.18942729,3.2638543,10.481852,-2.5693357,0.0031340616,3
40.633274,0.49618006,49.33161368903123,8.582624226747429,0,1,5961.239,0.0029043017,4,1,false,false,0.24446931,3.2538476,10.507734,-2.5692883,0.0037493405,3
40.68736,0.49632967,49.33161036208355,8.582616385127846,0,1,5966.53,0.003388353,4,1,false,false,0.27859977,3.2277756,10.194968,-2.5692341,0.0040366813,3
40.741295,0.4964795,49.331607035273066,8.582608543508261,0,1,5972.3184,0.00435739,4,1,false,false,0.30470535,3.2558928,10.47405,-2.569172,0.0043146857,3
40.79501,0.49662954,49.33160370846259,8.582600701888678,0,1,5977.7944,0.005567983,4,1,false,false,0.35695186,3.2266078,10.2989,-2.5690947,0.0056169447,3
40.848305,0.49677977,49.33160038151491,8.582592860269093,0,1,5983.2393,0.0072635645,4,1,false,false,0.43189287,3.200398,10.47458,-2.5690026,0.006115949,3
40.90094,0.49693018,49.33159705470443,8.58258501864951,0,1,5990.738,0.007747614,4,1,false,false,0.4082275,3.1531649,10.710602,-2.568897,0.006846556,3
40.95314,0.49708077,49.33159363789116,8.582577177029926,0,1,6000.774,0.0075051207,4,1,false,false,0.420937,3.152438,10.930537,-2.5687857,0.0072352774,3
41.00523,0.49723157,49.33159031108068,8.582569335410343,0,1,6010.3594,0.0070210723,4,1,false,false,0.4928909,3.1514204,10.101138,-2.5686743,0.007585278,3
41.057354,0.4973826,49.331586984270196,8.58256135692557,0,1,6017.8916,0.006537022,4,1,false,false,0.44209778,3.1516175,9.926056,-2.5685568,0.0075044343,3
41.109737,0.49753377,49.331583567456924,8.582553515305985,0,1,6024.687,0.0058104773,4,1,false,false,0.39661473,3.1782284,9.909142,-2.5684397,0.007173866,3
41.16252,0.49768513,49.331580240646446,8.582545673686402,0,1,6030.569,0.0055679833,4,1,false,false,0.40537632,3.1862526,9.50871,-2.5683239,0.0066576507,3
41.2144,0.49783674,49.331576823833174,8.582537694361967,0,1,6035.18,0.005810478,4,1,false,false,0.41516694,3.086493,9.633608,-2.5682106,0.0061770882,3
41.26476,0.49798846,49.331573497022696,8.582529852742383,0,1,6047.233,0.0058104773,4,1,false,false,0.41207394,3.0309386,9.373494,-2.5681033,0.0057828305,3
41.314674,0.4981404,49.331570080209424,8.58252187425761,0,1,6065.5244,0.0062945266,4,1,false,false,0.4428376,3.0304148,9.318688,-2.567996,0.0058853473,3
41.364727,0.49829254,49.331566753398945,8.582513894933175,0,1,6076.994,0.006778577,4,1,false,false,0.48338628,3.0039802,9.238576,-2.567885,0.006611553,3
41.41566,0.49844486,49.331563336585674,8.582505915608738,0,1,6085.883,0.007021072,4,1,false,false,0.4146803,3.0703263,9.440369,-2.567768,0.0066065835,3
41.466587,0.49859732,49.3315599197724,8.582498073989155,0,1,6097.4185,0.006537022,4,1,false,false,0.45684242,3.0805438,9.021809,-2.567655,0.0065876194,3
41.518208,0.49875003,49.33155650309633,8.582490095504383,0,1,6108.066,0.0058104773,4,1,false,false,0.56072736,3.1257622,9.2576885,-2.5675392,0.00746394,3
41.570484,0.49890286,49.33155308628306,8.582482116179948,0,1,6112.2886,0.0055679833,4,1,false,false,0.48369095,3.1755273,9.569398,-2.5674112,0.007603828,3
41.623466,0.49905595,49.33154966946979,8.582474136855511,0,1,6115.343,0.0045998823,4,1,false,false,0.4287955,3.1914022,9.776038,-2.5672843,0.007230222,3
41.67609,0.49920923,49.331546252793714,8.582466157531076,0,1,6119.646,0.0029043024,4,1,false,false,0.48430997,3.1480103,10.122167,-2.5671666,0.0071902187,3
41.728443,0.49936268,49.33154283598045,8.582458041341452,0,1,6125.508,0.0014521515,4,1,false,false,0.5677653,3.1382647,10.39125,-2.5670507,0.007835822,3
41.78071,0.49951628,49.33153941916718,8.582450062017015,0,1,6130.5767,-9.3629933e-07,4,1,false,false,0.42620006,3.1625319,10.39854,-2.5669377,0.0064707473,3
41.83293,0.4996701,49.331536002491106,8.58244208269258,0,1,6133.6885,-0.0012115304,4,1,false,false,0.36938104,3.1915433,10.239406,-2.5668461,0.0053291456,3
41.885582,0.49982414,49.331532585677834,8.582434104207808,0,1,6136.2935,-0.0024221244,4,1,false,false,0.37491608,3.179082,10.584526,-2.566786,0.0029650638,3
41.93788,0.49997833,49.33152916886456,8.582425987178521,0,1,6137.847,-0.0031477318,4,1,false,false,0.48308507,3.1342287,10.339036,-2.566748,0.002352981,3
41.989086,0.50013274,49.3315256621857,8.582418007854084,0,1,6141.784,-0.002180568,4,1,false,false,0.38704434,3.0832248,10.63228,-2.5667222,0.0011988606,3
42.039288,0.50028735,49.331522245509625,8.582409891664462,0,1,6151.0747,-0.0012115301,4,1,false,false,0.38747692,3.021801,10.1161585,-2.5667155,2.3972732e-05,3
42.08904,0.50044215,49.33151882869635,8.582401774635173,0,1,6160.934,-9.362411e-07,4,1,false,false,0.33894512,3.0086453,9.857373,-2.5667171,-0.00041664927,3
42.138496,0.50059706,49.331515322017495,8.5823937961504,0,1,6168.971,0.0019362015,4,1,false,false,0.43216196,2.991918,9.822457,-2.566725,-0.00031953974,3
42.188145,0.5007523,49.33151190520422,8.582385679121113,0,1,6178.288,0.0031467956,4,1,false,false,0.44839883,3.006568,9.779378,-2.566725,8.023658e-05,3
42.237267,0.50090754,49.33150839852536,8.58237756293149,0,1,6188.081,0.004357389,4,1,false,false,0.38794616,2.9534965,9.530996,-2.566708,0.0012837324,3
42.28582,0.50106305,49.33150498171209,8.582369445902202,0,1,6199.4795,0.005325491,4,1,false,false,0.4611912,2.9391725,9.326965,-2.5666757,0.0023600636,3
42.334713,0.50121874,49.33150147503323,8.582361328872913,0,1,6212.588,0.0053254906,4,1,false,false,0.359929,2.9607797,9.674372,-2.5666177,0.0037781287,3
42.383987,0.5013746,49.33149796835436,8.58235321268329,0,1,6221.4053,0.0053254906,4,1,false,false,0.42619038,2.993426,9.988493,-2.5665438,0.0052795634,3
42.433895,0.50153065,49.331494461675504,8.582345095654002,0,1,6227.8613,0.0050839325,4,1,false,false,0.44415015,3.034736,9.526781,-2.5664485,0.0066775437,3
42.483944,0.5016868,49.33149104499943,8.582336979464378,0,1,6234.251,0.004114896,4,1,false,false,0.36305234,3.0379572,9.491771,-2.5663395,0.0065129464,3
42.53428,0.5018432,49.331487538320566,8.582328724730239,0,1,6240.413,0.0029043022,4,1,false,false,0.3758113,3.0468493,9.807974,-2.56623,0.006657226,3
42.585224,0.5019998,49.33148403164171,8.582320608540615,0,1,6243.7017,0.0029043022,4,1,false,false,0.4758099,3.0798264,10.028623,-2.5661254,0.0065482864,3
42.63551,0.50215656,49.33148052496284,8.582312491511328,0,1,6244.6636,0.0021786948,4,1,false,false,0.43307143,3.0243309,9.768691,-2.566023,0.005878486,3
42.685017,0.5023136,49.33147701828398,8.582304237616851,0,1,6252.1064,0.001936202,4,1,false,false,0.43987614,2.9820645,9.719107,-2.5659344,0.004742899,3
42.734028,0.5024707,49.33147351146792,8.582296120587564,0,1,6262.769,0.0024211882,4,1,false,false,0.3404532,2.940915,9.208236,-2.5658545,0.0040229233,3
42.782787,0.502628,49.331470004789054,8.582287866693088,0,1,6269.3804,0.0029043015,4,1,false,false,0.39980257,2.96303,9.520651,-2.5657837,0.0036897487,3
42.831524,0.50278556,49.331466498110196,8.582279749663801,0,1,6276.285,0.0029043022,4,1,false,false,0.42702627,2.9362783,9.704567,-2.5657213,0.0032193102,3
42.87991,0.5029433,49.33146299143133,8.582271495769325,0,1,6286.3115,0.0026627455,4,1,false,false,0.4527313,2.91627,9.73049,-2.5656629,0.0029712494,3
42.927742,0.5031011,49.33145939488688,8.582263241035186,0,1,6295.873,0.0021786946,4,1,false,false,0.35771286,2.892383,9.330535,-2.5656002,0.0035267177,3
42.976185,0.5032592,49.33145588820801,8.58225498714071,0,1,6305.763,0.0014521515,4,1,false,false,0.41860592,2.911783,9.498839,-2.565531,0.0045986944,3
43.02516,0.5034174,49.33145238152915,8.582246733246233,0,1,6312.7153,-9.3629933e-07,4,1,false,false,0.46855354,2.9768064,9.431089,-2.5654697,0.0039425837,3
43.07457,0.5035758,49.331448784847495,8.582238478512094,0,1,6316.347,-0.002905239,4,1,false,false,0.31504568,2.971217,9.975989,-2.5654078,0.0031458638,3
43.123672,0.5037344,49.33144527816864,8.582230224617618,0,1,6320.99,-0.004600819,4,1,false,false,0.42707014,2.9500692,10.20201,-2.5653777,0.00097051566,3
43.17302,0.5038932,49.33144168162418,8.582221969883479,0,1,6327.8325,-0.006537958,4,1,false,false,0.21999285,2.9594107,9.440693,-2.5653644,5.1538853e-05,3
43.221622,0.50405216,49.33143817494532,8.582213715989003,0,1,6331.6353,-0.0075069945,4,1,false,false,0.23935184,2.9279156,9.779897,-2.56538,-0.0016983585,3
43.270412,0.50421125,49.33143457840087,8.582205462094526,0,1,6337.97,-0.01016974,4,1,false,false,0.3473794,2.939428,10.580823,-2.5654333,-0.0032400817,3
43.318836,0.50437057,49.331431071722,8.582197069655535,0,1,6345.2773,-0.01234937,4,1,false,false,0.26344606,3.0295584,10.927722,-2.565505,-0.0049285023,3
43.367058,0.5045301,49.33142747504035,8.582188815761059,0,1,6348.555,-0.011864383,4,1,false,false,0.1871216,2.9009032,10.093869,-2.5656054,-0.006115382,3
43.415943,0.50468975,49.33142387849589,8.582180561866585,0,1,6352.646,-0.009685687,4,1,false,false,0.16196558,2.9311008,9.717645,-2.5657284,-0.0072729466,3
43.46426,0.50484955,49.33142037181703,8.582172169427592,0,1,6357.722,-0.0077485526,4,1,false,false,0.11385387,2.9231474,10.145982,-2.5658774,-0.009682171,3
43.51219,0.5050096,49.331416775135374,8.582163777828265,0,1,6363.3525,-0.0058114124,4,1,false,false,0.20119259,2.9128616,9.950763,-2.566039,-0.009700657,3
43.559357,0.5051698,49.33141317859092,8.582155523933789,0,1,6368.715,-0.00096903695,4,1,false,false,0.2584164,2.8467352,9.828251,-2.5661902,-0.009049268,3
43.605484,0.50533015,49.33140958204647,8.58214713233446,0,1,6378.1646,0.004114897,4,1,false,false,0.17623508,2.7541947,8.892839,-2.5663218,-0.00786017,3
43.65073,0.5054907,49.33140598536482,8.58213873989547,0,1,6393.0254,0.008230729,4,1,false,false,0.39255267,2.7123547,9.447334,-2.566427,-0.005166612,3
43.69579,0.50565135,49.33140238882036,8.582130348296142,0,1,6407.2896,0.013316533,4,1,false,false,0.31417173,2.7438278,9.619252,-2.5664902,-0.0031403021,3
43.74166,0.5058123,49.33139879213871,8.582121956696815,0,1,6418.429,0.016947383,4,1,false,false,0.37928998,2.8014417,9.386147,-2.566511,5.9220147e-05,3
43.78706,0.5059733,49.331395195594254,8.582113565097487,0,1,6427.813,0.017916419,4,1,false,false,0.35900736,2.6922638,8.829489,-2.5664735,0.0035388616,3
43.834755,0.5061345,49.3313915990498,8.582105172658496,0,1,6440.1753,0.018400468,4,1,false,false,0.5717871,2.9239156,9.30633,-2.566368,0.009016914,3
43.883335,0.50629586,49.33138800236814,8.582096781059168,0,1,6439.9575,0.018400468,4,1,false,false,0.312153,2.9092152,9.625587,-2.5661814,0.012121719,3
43.931705,0.50645745,49.33138440582369,8.58208838945984,0,1,6436.9097,0.015979283,4,1,false,false,0.4653746,2.9017687,9.923469,-2.5659726,0.01336012,3
43.978996,0.50661916,49.33138080914204,8.582079997860513,0,1,6445.8975,0.012105003,4,1,false,false,0.39116848,2.8279994,9.713894,-2.565741,0.014222092,3
44.02575,0.5067811,49.33137721259758,8.58207160542152,0,1,6456.103,0.0096838195,4,1,false,false,0.46233624,2.8433838,10.004739,-2.5655215,0.013125889,3
44.073494,0.50694317,49.331373526050335,8.582063076117342,0,1,6457.9546,0.006537021,4,1,false,false,0.40555894,2.8926482,9.782692,-2.565303,0.0126067335,3
44.121155,0.5071054,49.33136992950588,8.582054684518013,0,1,6457.807,0.0053254897,4,1,false,false,0.43676236,2.8249793,9.892604,-2.5651007,0.011543508,3
44.167713,0.50726783,49.33136633282423,8.582046155213833,0,1,6464.4697,0.004599883,4,1,false,false,0.5530347,2.8073242,10.312841,-2.5649233,0.010739138,3
44.213837,0.5074305,49.331362646414185,8.582037763614506,0,1,6474.9067,0.002421188,4,1,false,false,0.5296389,2.798029,10.054073,-2.5647686,0.008169375,3
44.2601,0.5075932,49.331359049732534,8.582029234310326,0,1,6479.8066,0.0019362015,4,1,false,false,0.5544332,2.8220563,9.840502,-2.5646355,0.0079026,3
44.306606,0.5077562,49.33135536318529,8.582020841871335,0,1,6483.0845,0.0031467956,4,1,false,false,0.3745458,2.7893858,10.027438,-2.5645115,0.0061942833,3
44.352715,0.50791925,49.33135167677524,8.582012312567155,0,1,6490.184,0.0033883522,4,1,false,false,0.47807944,2.7624826,10.317197,-2.5644078,0.00592132,3
44.398117,0.50808257,49.33134808009358,8.582003783262977,0,1,6498.604,0.0050839335,4,1,false,false,0.5156343,2.7417812,9.756225,-2.5643148,0.005718342,3
44.44336,0.508246,49.331344393683544,8.581995253958796,0,1,6506.7246,0.00653702,4,1,false,false,0.580016,2.7594938,9.70945,-2.5642257,0.0058082747,3
44.489197,0.5084096,49.3313407071363,8.581986724654616,0,1,6513.4497,0.0070210705,4,1,false,false,0.48171654,2.8370306,9.887856,-2.5641358,0.00505241,3
44.535507,0.5085734,49.33133711045464,8.581978195350437,0,1,6516.1123,0.0075051207,4,1,false,false,0.5049502,2.79177,10.134007,-2.5640438,0.0056403563,3
44.580986,0.5087373,49.331333424044594,8.581969666046257,0,1,6518.2393,0.0089572705,4,1,false,false,0.5882553,2.699892,9.742809,-2.5639422,0.0065155714,3
44.625557,0.5089015,49.33132973749735,8.581961136742079,0,1,6529.8193,0.009199766,4,1,false,false,0.67175764,2.6902196,9.429688,-2.563828,0.007492982,3
44.669636,0.50906575,49.3313260509501,8.581952607437898,0,1,6542.46,0.008957272,4,1,false,false,0.5657797,2.6673546,9.861265,-2.5637023,0.0072705117,3
44.714344,0.50923014,49.33132236440286,8.581944078133718,0,1,6548.876,0.008230729,4,1,false,false,0.493481,2.7268822,9.874991,-2.5635705,0.0076338216,3
44.759438,0.5093948,49.33131867799282,8.58193554882954,0,1,6553.5923,0.007505123,4,1,false,false,0.5654615,2.7368944,9.733022,-2.5634398,0.007809056,3
44.80405,0.5095596,49.33131499144557,8.581926881820507,0,1,6560.593,0.00653702,4,1,false,false,0.59157604,2.6625276,9.3372755,-2.563305,0.008030635,3
44.848568,0.5097245,49.33131130489833,8.581918352516329,0,1,6570.9844,0.0062945266,4,1,false,false,0.6099786,2.6875007,9.81111,-2.5631728,0.007910945,3
44.89323,0.50988954,49.33130761835108,8.581909685507297,0,1,6577.8066,0.005567984,4,1,false,false,0.56971896,2.707057,10.124806,-2.5630467,0.0074347854,3
44.938328,0.5100548,49.331303841938244,8.581901156203116,0,1,6581.501,0.0050839344,4,1,false,false,0.5375738,2.736791,9.771296,-2.5629346,0.006094693,3
44.98333,0.5102203,49.331300155391,8.581892489194086,0,1,6586.98,0.0048414394,4,1,false,false,0.5993031,2.7222908,9.881518,-2.5628333,0.0061796405,3
45.02834,0.5103859,49.33129646898095,8.581883959889906,0,1,6593.355,0.0058104773,4,1,false,false,0.49441293,2.716435,9.6620655,-2.5627286,0.0063313167,3
45.07345,0.51055163,49.33129269256811,8.581875292880875,0,1,6596.674,0.0058104773,4,1,false,false,0.51015544,2.7200847,9.784579,-2.5626261,0.005981556,3
45.118027,0.5107175,49.33128900602087,8.581866625871843,0,1,6600.306,0.0055679833,4,1,false,false,0.58426607,2.683088,9.705818,-2.5625303,0.0059022726,3
45.162224,0.5108836,49.33128531947362,8.581858096567663,0,1,6608.514,0.0055679837,4,1,false,false,0.56090105,2.669725,9.966805,-2.562435,0.0056232917,3
45.205936,0.51104987,49.33128154306079,8.581849429558632,0,1,6616.0806,0.0053254897,4,1,false,false,0.6046679,2.6721535,10.129084,-2.5623412,0.00571889,3
45.24978,0.5112163,49.33127776664795,8.5818407625496,0,1,6622.2197,0.004599883,4,1,false,false,0.51157176,2.6626923,9.980117,-2.5622442,0.0057341116,3
45.29367,0.5113828,49.331274080100705,8.58183209554057,0,1,6628.106,0.004357389,4,1,false,false,0.5499724,2.6373918,9.93778,-2.5621462,0.006438276,3
45.33749,0.5115496,49.33127030368787,8.581823428531537,0,1,6635.2056,0.00387334,4,1,false,false,0.4487234,2.6655805,9.875746,-2.562041,0.0061912085,3
45.38156,0.5117165,49.33126661714063,8.581814761522507,0,1,6641.043,0.003146796,4,1,false,false,0.5375385,2.6766644,9.855075,-2.5619476,0.0055182264,3
45.425625,0.51188356,49.33126284072779,8.581806094513475,0,1,6643.267,0.0026627448,4,1,false,false,0.5740057,2.6608903,9.7386,-2.56186,0.005199671,3
45.469315,0.51205075,49.33125906431495,8.581797427504442,0,1,6648.248,0.0026627453,4,1,false,false,0.56831664,2.6276286,9.744688,-2.5617857,0.004004759,3
45.511955,0.51221806,49.33125528790212,8.58178862279056,0,1,6657.1514,0.0026627453,4,1,false,false,0.43321544,2.5590374,9.4976425,-2.56171,0.0037131412,3
45.554363,0.51238567,49.33125151148928,8.581779956621192,0,1,6667.183,0.0033883527,4,1,false,false,0.49809596,2.5612142,9.86412,-2.5616496,0.003193513,3
45.59697,0.51255333,49.33124773507644,8.58177128961216,0,1,6675.2847,0.0033883527,4,1,false,false,0.51607347,2.5842059,9.783126,-2.561595,0.0036180217,3
45.63986,0.5127212,49.33124395852641,8.581762484898277,0,1,6681.7246,0.0038733394,4,1,false,false,0.52795476,2.592806,9.655829,-2.5615368,0.0035378318,3
45.68288,0.51288915,49.33124018211357,8.581753817889245,0,1,6687.78,0.0038733394,4,1,false,false,0.4843597,2.602549,9.595442,-2.561473,0.003788478,3
45.726086,0.5130573,49.33123640570073,8.581745013175363,0,1,6694.0312,0.0033883527,4,1,false,false,0.58458877,2.600869,9.620678,-2.5614169,0.0033347046,3
45.769035,0.5132256,49.331232629287896,8.58173634616633,0,1,6699.386,0.002904302,4,1,false,false,0.45581305,2.5926282,9.464181,-2.5613604,0.00320429,3
45.81194,0.5133941,49.33122885287506,8.58172754229211,0,1,6704.742,0.0024211886,4,1,false,false,0.387682,2.599463,9.771841,-2.561306,0.0028972328,3
45.854904,0.51356274,49.331225076462225,8.581718737578228,0,1,6710.72,0.00096810085,4,1,false,false,0.50126445,2.601676,9.93291,-2.5612602,0.0027409003,3
45.89772,0.51373154,49.331221300049386,8.581710070569196,0,1,6715.9536,0.00024155708,4,1,false,false,0.52635336,2.5885556,10.427068,-2.561213,0.0029071595,3
45.940414,0.51390046,49.33121743363376,8.581701265855314,0,1,6720.5464,0.00024155706,4,1,false,false,0.37634334,2.587167,9.621159,-2.5611708,0.002468889,3
45.983086,0.5140696,49.33121365722092,8.58169246114143,0,1,6726.076,-0.0002424933,4,1,false,false,0.33631492,2.5782611,9.408916,-2.561143,0.0011977575,3
46.025356,0.5142389,49.33120988080808,8.58168365726721,0,1,6731.5225,-0.000969037,4,1,false,false,0.50926924,2.554532,9.506112,-2.5611355,0.00019157524,3
46.067856,0.5144083,49.331206014529656,8.581674852553327,0,1,6737.231,-0.00096903706,4,1,false,false,0.28109393,2.5500607,9.919839,-2.5611265,-0.00026315823,3
46.109386,0.5145779,49.33120223797962,8.581666047839443,0,1,6742.049,-9.3629933e-07,4,1,false,false,0.26193592,2.5096853,10.072421,-2.5611293,-0.0008515097,3
46.15053,0.5147476,49.33119837170119,8.58165724312556,0,1,6751.781,0.00024155708,4,1,false,false,0.38003966,2.4531329,9.663688,-2.5611453,-0.00090597366,3
46.191704,0.5149175,49.33119459528835,8.58164843925134,0,1,6762.875,0.0014521512,4,1,false,false,0.47012663,2.509321,9.895154,-2.5611746,-0.0013644777,3
46.233692,0.51508754,49.33119072887273,8.581639634537456,0,1,6767.6836,0.0016946445,4,1,false,false,0.35145676,2.5799556,9.2421255,-2.561201,-0.0014641209,3
46.276203,0.5152577,49.33118695245989,8.581630692118722,0,1,6768.98,0.002421188,4,1,false,false,0.29741287,2.5735056,9.700681,-2.561221,-0.0017506462,3
46.318363,0.51542807,49.33118308618146,8.581621887404838,0,1,6772.362,0.0031467956,4,1,false,false,0.4299272,2.5296264,9.936069,-2.561234,-0.000113756614,3
46.359947,0.5155986,49.331179219765836,8.581613083530618,0,1,6779.5947,0.004114897,4,1,false,false,0.27367404,2.4853873,9.959382,-2.5612264,0.00038774204,3
46.399944,0.51576924,49.331175443353,8.581604141111884,0,1,6787.7593,0.0043573906,4,1,false,false,0.31405452,2.3817961,9.467952,-2.5612137,0.000941963,3
46.44102,0.51594007,49.33117157707457,8.581595336398,0,1,6798.904,0.0043573896,4,1,false,false,0.3374705,2.4789736,10.017661,-2.561195,0.001398039,3
46.482567,0.516111,49.33116771065894,8.58158639481893,0,1,6804.027,0.0043573896,4,1,false,false,0.4087966,2.5357416,9.989962,-2.5611773,0.0016531852,3
46.524754,0.51628214,49.33116384438051,8.581577590105045,0,1,6803.908,0.0043573896,4,1,false,false,0.32269877,2.5787084,10.331144,-2.5611436,0.002245201,3
46.56653,0.51645344,49.33115997796489,8.58156864768631,0,1,6807.5073,0.0045998837,4,1,false,false,0.29215235,2.529125,10.192131,-2.5611045,0.0026460404,3
46.60789,0.5166248,49.33115620155205,8.581559706107239,0,1,6813.315,0.0048414385,4,1,false,false,0.33245525,2.4766989,9.479859,-2.5610614,0.0034720586,3
46.64895,0.5167964,49.33115233527362,8.581550901393355,0,1,6816.948,0.005083934,4,1,false,false,0.3309373,2.4912446,9.736567,-2.5610049,0.0031766924,3
46.690224,0.51696813,49.331148468858,8.58154195897462,0,1,6821.05,0.0048414394,4,1,false,false,0.4958411,2.4700181,10.033135,-2.5609498,0.0034425373,3
46.730453,0.51714003,49.33114451257678,8.581533017395548,0,1,6826.379,0.0053254897,4,1,false,false,0.38893947,2.4001298,9.925388,-2.5608835,0.0038892592,3
46.769207,0.51731205,49.331140646298344,8.581524074976812,0,1,6837.3765,0.006294528,4,1,false,false,0.33880153,2.3421423,9.343208,-2.5608163,0.0037610456,3
46.80841,0.5174842,49.33113677988272,8.581515133397742,0,1,6851.5195,0.0065370216,4,1,false,false,0.35275507,2.4183958,9.7998905,-2.5607452,0.0037797233,3
46.848843,0.5176565,49.33113291360429,8.581506190979006,0,1,6856.5654,0.0067785787,4,1,false,false,0.35726225,2.461903,9.09718,-2.560673,0.0044686617,3
46.889717,0.517829,49.33112904718866,8.581497248560272,0,1,6856.1694,0.007505121,4,1,false,false,0.40385282,2.4579933,10.117044,-2.5605948,0.004872435,3
46.93036,0.5180016,49.331125180910234,8.5814883069812,0,1,6862.656,0.0072635636,4,1,false,false,0.46479508,2.4826264,10.087152,-2.560512,0.005100585,3
46.97011,0.51817435,49.331121224629015,8.581479364562464,0,1,6869.832,0.0067785764,4,1,false,false,0.51907736,2.3022199,9.255201,-2.560427,0.005913213,3
47.00952,0.51834726,49.33111735835059,8.581470285278542,0,1,6878.671,0.0065370197,4,1,false,false,0.44519132,2.474061,9.25346,-2.5603206,0.007259192,3
47.05043,0.5185203,49.33111349193496,8.581461342859805,0,1,6883.8193,0.0067785787,4,1,false,false,0.40504906,2.4874454,9.430658,-2.5602002,0.0067801103,3
47.091637,0.51869357,49.33110953565374,8.581452401280734,0,1,6879.9067,0.005325491,4,1,false,false,0.35090944,2.487475,10.110691,-2.5600822,0.0060415384,3
47.131733,0.51886696,49.33110566937531,8.581443321157147,0,1,6882.3467,0.0050839325,4,1,false,false,0.40737692,2.3592145,10.074464,-2.5599744,0.0061506573,3
47.17006,0.5190404,49.33110171309409,8.581434379158244,0,1,6895.6543,0.005567983,4,1,false,false,0.35059112,2.2875195,10.094488,-2.5598667,0.0061335624,3
47.208225,0.5192141,49.33109784667847,8.581425299454489,0,1,6908.83,0.0055679837,4,1,false,false,0.4331154,2.3216136,9.801242,-2.5597737,0.005190228,3
47.248093,0.51938784,49.33109389053445,8.581416357455584,0,1,6913.081,0.005810478,4,1,false,false,0.5575158,2.4321184,10.004286,-2.5597003,0.0046914443,3
47.28868,0.5195618,49.331090024118815,8.581407277751829,0,1,6911.542,0.0065370207,4,1,false,false,0.4825168,2.462466,9.571469,-2.5596228,0.0046071694,3
47.329075,0.51973593,49.331086067837596,8.581398335752926,0,1,6913.922,0.0070210705,4,1,false,false,0.5760819,2.4314177,9.95691,-2.5595436,0.005172,3
47.368423,0.5199101,49.33108211155638,8.581389256049171,0,1,6919.1636,0.006537022,4,1,false,false,0.44081777,2.3834064,10.252392,-2.5594451,0.00605447,3
47.40745,0.5200845,49.33107824527795,8.581380176345416,0,1,6924.6426,0.0062945266,4,1,false,false,0.5318216,2.3618681,10.174026,-2.5593417,0.0068888385,3
47.446175,0.520259,49.33107428899673,8.58137109664166,0,1,6930.622,0.0050839344,4,1,false,false,0.43177095,2.3363492,10.035023,-2.5592322,0.0062550586,3
47.485065,0.5204337,49.33107033271551,8.581362016937906,0,1,6937.253,0.004599884,4,1,false,false,0.48004395,2.3419242,9.908559,-2.5591424,0.0055044065,3
47.52409,0.5206085,49.33106637643429,8.581353074939003,0,1,6940.706,0.0033883525,4,1,false,false,0.42608193,2.3789644,10.110004,-2.5590644,0.004083442,3
47.56301,0.5207835,49.33106242029027,8.581343995235247,0,1,6943.7964,0.0024211886,4,1,false,false,0.5008019,2.3381028,10.078791,-2.5590105,0.0028083674,3
47.60093,0.52095854,49.331058464009054,8.58133491553149,0,1,6949.9453,0.0019362015,4,1,false,false,0.4155654,2.283173,9.938747,-2.55896,0.0026099803,3
47.638367,0.5211338,49.331054507727835,8.581325698542717,0,1,6959.906,0.0024211882,4,1,false,false,0.41887882,2.28549,9.779257,-2.55891,0.0029987886,3
47.675938,0.5213092,49.331050551446616,8.581316618838962,0,1,6967.6626,0.0021786941,4,1,false,false,0.41986907,2.2836056,9.711534,-2.55886,0.002686719,3
47.713497,0.52148473,49.3310465951654,8.581307539135205,0,1,6972.7417,0.0014521515,4,1,false,false,0.3907921,2.2651193,9.994618,-2.558808,0.002910472,3
47.75096,0.5216604,49.33104263888418,8.58129845943145,0,1,6979.8013,0.0016946445,4,1,false,false,0.41404706,2.2573845,10.046448,-2.5587535,0.0035730754,3
47.788532,0.52183616,49.33103868274016,8.581289379727695,0,1,6987.7144,0.0019362018,4,1,false,false,0.48928452,2.2779858,9.299267,-2.558695,0.0041957144,3
47.8265,0.5220121,49.33103472645894,8.58128016273892,0,1,6993.7456,0.0024211882,4,1,false,false,0.40632963,2.3201876,8.94163,-2.558647,0.002140433,3
47.86488,0.5221882,49.331030680312125,8.581271083035164,0,1,6995.861,0.0029043015,4,1,false,false,0.39343402,2.324099,9.784723,-2.558605,0.0016963232,3
47.9032,0.5223644,49.331026724030906,8.581262003331409,0,1,6997.723,0.005083933,4,1,false,false,0.4769012,2.3154032,10.371181,-2.558577,0.0010206104,3
47.940147,0.52254075,49.33102276774969,8.581252785922802,0,1,7003.6333,0.0053254915,4,1,false,false,0.5141884,2.2099955,9.606729,-2.5585501,0.0021836197,3
47.97602,0.52271724,49.33101881146847,8.581243706638878,0,1,7016.2285,0.0058104787,4,1,false,false,0.4888575,2.1780858,8.951432,-2.5584981,0.0036654896,3
48.013206,0.52289385,49.33101476532166,8.58123448923027,0,1,7026.9814,0.0067785787,4,1,false,false,0.45953023,2.3038745,9.430144,-2.5584154,0.0055108117,3
48.05138,0.52307063,49.33101080904044,8.581225409526516,0,1,7024.3022,0.0065370197,4,1,false,false,0.461343,2.2862773,9.475208,-2.5583081,0.0065272627,3
48.089012,0.52324754,49.33100676289363,8.581216192537742,0,1,7024.343,0.0053254897,4,1,false,false,0.5232733,2.2289848,9.371733,-2.5581868,0.0074100657,3
48.12498,0.52342457,49.33100280661241,8.581206975129135,0,1,7037.9126,0.004357389,4,1,false,false,0.45803434,2.1384254,9.080891,-2.5580513,0.008023238,3
48.160748,0.5236017,49.3309987604656,8.581197757720526,0,1,7051.4375,0.00387334,4,1,false,false,0.42967284,2.161967,9.238878,-2.5579147,0.007805922,3
48.19766,0.52377903,49.33099480418438,8.581188678436604,0,1,7054.1953,0.0026627453,4,1,false,false,0.45657822,2.2666974,9.265841,-2.5577831,0.0077694887,3
48.235382,0.5239565,49.33099075803757,8.581179461027997,0,1,7054.3687,0.0024211886,4,1,false,false,0.5106892,2.2754996,9.479262,-2.557652,0.0076644663,3
48.27262,0.5241341,49.33098671189076,8.58117024361939,0,1,7059.694,0.0029043015,4,1,false,false,0.47517958,2.2414968,9.782179,-2.55752,0.007587705,3
48.309483,0.52431184,49.33098275560954,8.581161026630614,0,1,7066.3896,0.0041148965,4,1,false,false,0.41464043,2.20178,9.563783,-2.5573945,0.0069534467,3
48.34596,0.5244897,49.33097870932553,8.581151809222007,0,1,7070.8965,0.0041148965,4,1,false,false,0.5356104,2.1800218,9.33629,-2.5572846,0.006483622,3
48.382843,0.5246677,49.330974663178715,8.581142592233231,0,1,7076.171,0.0041148965,4,1,false,false,0.5387279,2.216413,9.386437,-2.5571775,0.0067631127,3
48.41978,0.5248458,49.33097061703191,8.581133374824624,0,1,7079.2593,0.0041148965,4,1,false,false,0.45158872,2.2147143,10.290482,-2.5570526,0.0073357783,3
48.456654,0.52502406,49.33096666075069,8.581124157835848,0,1,7082.182,0.0038733387,4,1,false,false,0.5710463,2.205071,10.298035,-2.5569315,0.007444201,3
48.48737,0.52520245,49.33096261460388,8.581114940427241,0,1,6936.8804,0.0021786946,0,1,false,false,0.5070516,0.71663445,9.679233,-2.5568166,0.006871762,3
48.475838,0.52538097,49.33095856845706,8.581105585733614,0,1,6800.204,0.00096810074,0,1,false,false,0.54201466,-1.1328433,9.934889,-2.5567384,0.0033603222,3
48.50297,0.5255594,49.33095452231026,8.581096368325007,0,1,5893.78,-0.0009690372,5,1,false,false,0.56134254,4.847129,11.424252,-2.5566998,0.002254168,3
48.581223,0.52573824,49.330950476026246,8.581087151336233,0,1,5664.8193,-0.00072748004,5,1,false,false,0.74977815,2.9191737,10.309178,-2.5566633,0.0044596265,3
48.585358,0.5259171,49.33094642987943,8.581077933927626,0,1,6063.982,-9.362702e-07,5,1,false,false,0.24640349,-0.2759364,10.521092,-2.5565882,0.0035131185,3
48.610306,0.526096,49.330942383732626,8.581068579233998,0,1,5961.0356,-0.00072748,5,1,false,false,0.34879637,2.8530285,10.871329,-2.5565624,-0.0001439371,3
48.66415,0.5262751,49.33093833758581,8.58105936182539,0,1,5829.8135,-0.0029052384,5,1,false,false,0.51788545,2.9654653,10.564405,-2.5565624,0.000897917,3
48.69752,0.52645427,49.330934291439,8.581050144836615,0,1,5932.667,-0.002422124,5,1,false,false,0.5522225,1.5197904,10.048193,-2.5565379,0.0021769626,3
48.724815,0.5266336,49.330930245154995,8.581040790142987,0,1,5960.7793,-0.0019380738,5,1,false,false,0.4606319,1.9581814,10.236591,-2.5565102,0.0016160938,3
48.76287,0.5268131,49.33092610914259,8.58103157273438,0,1,5917.697,-0.0031477322,5,1,false,false,0.40298998,2.4079816,9.53143,-2.556497,0.0006306303,3
48.799515,0.5269927,49.33092206299578,8.581022218040754,0,1,5934.942,-0.0036317827,5,1,false,false,0.49068454,2.0682795,9.395154,-2.55649,0.0003762242,3
48.832592,0.5271724,49.33091801671177,8.581012862927295,0,1,5957.192,-0.0036317823,5,1,false,false,0.4543026,2.0507982,9.798102,-2.556478,0.0010382487,3
48.867775,0.52735215,49.33091397056496,8.58100364593852,0,1,5949.532,-0.0031477315,5,1,false,false,0.3599829,2.1986527,9.99597,-2.5564551,0.0012435082,3
48.903698,0.5275321,49.33090983455256,8.580994291244892,0,1,5953.234,-0.002905238,5,1,false,false,0.297736,2.1532118,9.414892,-2.5564337,0.001021102,3
48.938717,0.52771217,49.330905788405744,8.580984936131433,0,1,5965.702,-0.0033902253,5,1,false,false,0.16194692,2.1121588,9.27004,-2.5564218,-9.042345e-07,3
48.973927,0.52789235,49.330901652256145,8.580975719142659,0,1,5964.889,-0.0036317818,5,1,false,false,0.45865464,2.180631,9.485705,-2.5564106,0.0013502605,3
49.009926,0.52807266,49.33089760610933,8.580966364449031,0,1,5965.823,-0.0031477315,5,1,false,false,0.0012054294,2.1169531,9.102308,-2.5563698,0.00040897127,3
49.04421,0.5282531,49.33089355996252,8.580957009335572,0,1,5972.2456,-0.0050848704,5,1,false,false,0.4128167,2.0578032,11.091671,-2.5563803,-0.0008095915,3
49.07837,0.5284337,49.33088942381292,8.580947654641944,0,1,5984.613,-0.00968569,5,1,false,false,0.29253948,2.068369,9.545608,-2.5563927,-0.0011168201,3
49.111404,0.52861434,49.33088528766332,8.580938299948317,0,1,5990.5557,-0.009927244,5,1,false,false,0.24202523,1.9863887,9.270332,-2.5564165,-0.0010700381,3
49.150654,0.5287951,49.33088124151651,8.58092894525469,0,1,5994.304,-0.01234937,5,1,false,false,0.14213198,2.42678,10.2910595,-2.556469,-0.0042859893,3
49.189426,0.5289761,49.33087710550411,8.580919590141232,0,1,5976.429,-0.016949251,5,1,false,false,0.29409003,2.2716832,9.604983,-2.5565503,-0.004988329,3
49.22499,0.52915716,49.330873059220096,8.580910235447604,0,1,5974.551,-0.01791829,5,1,false,false,0.0072808266,2.099727,10.5486965,-2.556651,-0.007850504,3
49.25866,0.52933836,49.33086892320769,8.580900743049124,0,1,5994.0947,-0.018643895,5,1,false,false,-0.09903672,2.0398257,10.847673,-2.5568075,-0.011234759,3
49.292385,0.5295197,49.33086478705809,8.580891388355498,0,1,5996.076,-0.02082259,5,1,false,false,-0.04287827,2.0771477,10.634881,-2.5570138,-0.0133221755,3
49.32702,0.5297011,49.33086074091128,8.58088203366187,0,1,5998.34,-0.023244716,5,1,false,false,-0.1259065,2.1341436,9.665499,-2.5572577,-0.015343833,3
49.3618,0.52988267,49.33085660489888,8.580872678968243,0,1,6006.533,-0.025180915,5,1,false,false,-0.118222296,2.10759,9.989048,-2.5575328,-0.017364271,3
49.396847,0.53006434,49.33085246874928,8.580863186569765,0,1,6006.947,-0.02736055,5,1,false,false,-0.33385122,2.164293,10.385853,-2.5578392,-0.019795524,3
49.43118,0.53024614,49.330848332668275,8.580853831456306,0,1,6007.9966,-0.02953924,5,1,false,false,-0.35228252,2.024748,9.2798815,-2.5581942,-0.02242681,3
49.465023,0.53042805,49.33084428652146,8.580844339057826,0,1,6018.317,-0.03244542,5,1,false,false,-0.31061637,2.061166,9.218546,-2.5585942,-0.025191262,3
49.49903,0.53061014,49.33084015037186,8.580834984364198,0,1,6023.7676,-0.034381617,5,1,false,false,-0.42538476,2.1013787,9.378188,-2.5590272,-0.027280804,3
49.533302,0.5307923,49.33083601429086,8.58082549196572,0,1,6024.5093,-0.035592213,5,1,false,false,-0.6487463,2.042634,8.451577,-2.5595012,-0.030711945,3
49.566578,0.53097457,49.33083187820986,8.58081599956724,0,1,6033.2812,-0.03849839,5,1,false,false,-0.6384846,1.9900151,8.584109,-2.560018,-0.032717556,3
49.599194,0.53115696,49.330827742128854,8.580806507168761,0,1,6045.3174,-0.039708044,5,1,false,false,-0.9519468,1.995201,9.206677,-2.560563,-0.035679784,3
49.632446,0.5313395,49.33082360604785,8.580797152475135,0,1,6050.841,-0.038498394,5,1,false,false,-0.7527081,1.9931157,9.332894,-2.5611794,-0.03885468,3
49.6648,0.53152215,49.33081946996685,8.580787660076655,0,1,6059.7227,-0.03849839,5,1,false,false,-0.9348455,1.9661714,9.739808,-2.5618594,-0.04291594,3
49.700005,0.5317049,49.33081542375144,8.580778167678176,0,1,6072.714,-0.039467428,5,1,false,false,-1.0053375,2.1741688,11.2734165,-2.5625927,-0.043498028,3
49.73747,0.53188777,49.330811287670436,8.58076867569953,0,1,6062.525,-0.04334076,5,1,false,false,-1.4933534,2.3583412,11.153768,-2.5633416,-0.045592222,3
49.776012,0.5320708,49.33080715158943,8.580759183301051,0,1,6051.88,-0.05108837,5,1,false,false,-1.1373279,2.3339136,11.01272,-2.564102,-0.04196211,3
49.812553,0.532254,49.33080301550844,8.580749690902572,0,1,6050.7065,-0.05689979,5,1,false,false,-1.6499921,2.1603026,12.87095,-2.5648148,-0.041205965,3
49.847023,0.53243726,49.330798879427434,8.58074006079924,0,1,6047.322,-0.06489084,5,1,false,false,-2.8289409,2.1214664,14.565931,-2.5655925,-0.05220496,3
49.881775,0.53262067,49.33079474334643,8.580730568400762,0,1,6042.4473,-0.076271184,5,1,false,false,-2.3188002,2.0677605,12.058949,-2.566582,-0.059920352,3
49.91322,0.53280425,49.33079069713102,8.580721076002282,0,1,6044.1846,-0.08450283,5,1,false,false,-1.8696907,1.9849176,9.460955,-2.5676255,-0.060178895,3
49.94937,0.53298783,49.33078656105002,8.580711446318784,0,1,6047.613,-0.08474532,5,1,false,false,-2.2065012,1.9772837,9.719696,-2.5686111,-0.056021795,3
49.97947,0.53317165,49.330782424969016,8.580701816215452,0,1,6028.889,-0.086924985,5,1,false,false,-2.476892,1.7364751,9.328589,-2.5694947,-0.055380233,3
50.003944,0.5333555,49.33077828888801,8.580692323816972,0,1,6059.584,-0.095399134,5,1,false,false,-2.103998,1.352538,8.948773,-2.570384,-0.05837954,3
50.02399,0.5335394,49.3307742427412,8.580682694133474,0,1,6112.0625,-0.09830435,5,1,false,false,-2.0032434,1.297658,8.178236,-2.5713687,-0.06652854,3
50.049145,0.5337235,49.330770106660204,8.580673064030144,0,1,6140.944,-0.09685221,5,1,false,false,-1.9636862,1.7037596,7.4569316,-2.572526,-0.0762935,3
50.07897,0.5339076,49.3307659705106,8.580663433926812,0,1,6152.3306,-0.09636816,5,1,false,false,-1.960709,1.8671957,6.80093,-2.5738497,-0.0844292,3
50.111603,0.53409183,49.330761924363784,8.580653804243314,0,1,6164.3467,-0.09927339,5,1,false,false,-2.1305273,2.034882,7.4792933,-2.5753024,-0.09121371,3
50.147984,0.5342762,49.33075778828279,8.580644174139982,0,1,6165.302,-0.10290609,5,1,false,false,-2.3845065,2.2827358,7.973532,-2.5768604,-0.09609499,3
50.186302,0.5344607,49.330753742135975,8.580634544456483,0,1,6151.5786,-0.10556888,5,1,false,false,-2.8015504,2.3158975,8.208621,-2.578516,-0.10228972,3
50.22493,0.5346454,49.33074960598638,8.580624914353152,0,1,6144.1167,-0.109443136,5,1,false,false,-3.2474303,2.3608687,9.2181015,-2.5802686,-0.10758278,3
50.263325,0.53483015,49.33074555983956,8.580615284249822,0,1,6135.9824,-0.11259179,5,1,false,false,-3.557663,2.298343,9.71344,-2.5821023,-0.11111287,3
50.300453,0.5350151,49.33074142375856,8.58060551686147,0,1,6123.526,-0.11501299,5,1,false,false,-3.9001973,2.2280142,9.888493,-2.5839698,-0.11216736,3
50.33516,0.5352001,49.33073737761175,8.58059588675814,0,1,6121.8945,-0.115254566,5,1,false,false,-4.3091125,2.096067,10.775753,-2.5858543,-0.11447856,3
50.368275,0.5353853,49.33073333139634,8.580586119369789,0,1,6126.143,-0.11525455,5,1,false,false,-4.6129885,1.99721,10.798095,-2.5877757,-0.116566196,3
50.400337,0.5355706,49.330729285249525,8.580576351981437,0,1,6126.9497,-0.113318354,5,1,false,false,-4.636998,1.9780865,10.693806,-2.5897365,-0.11872387,3
50.432575,0.535756,49.330725239034116,8.580566584593086,0,1,6131.9795,-0.1111387,5,1,false,false,-4.6986156,2.008428,10.522251,-2.5917332,-0.120194316,3
50.464676,0.53594154,49.33072119288731,8.580556816784904,0,1,6136.283,-0.10944311,5,1,false,false,-4.807347,1.9874312,10.419457,-2.5937476,-0.12097689,3
50.496902,0.5361272,49.3307171467405,8.580547049396552,0,1,6138.116,-0.108959086,5,1,false,false,-4.708006,1.9998449,9.9210005,-2.595761,-0.11986004,3
50.52871,0.53631294,49.33071310052509,8.580537282008201,0,1,6142.2715,-0.109685615,5,1,false,false,-4.7729487,1.9704149,10.178865,-2.5977461,-0.11798879,3
50.56006,0.53649884,49.330709054378275,8.580527376914999,0,1,6148.223,-0.112107754,5,1,false,false,-4.899754,1.9601091,9.943457,-2.599699,-0.116451256,3
50.5914,0.5366848,49.330705098097056,8.580517609526648,0,1,6153.314,-0.11598109,5,1,false,false,-4.8564653,1.9374592,9.573928,-2.6016269,-0.11501017,3
50.62269,0.5368709,49.33070105195024,8.580507704433446,0,1,6158.383,-0.12106691,5,1,false,false,-5.1197753,1.9620407,9.92434,-2.6035447,-0.1163162,3
50.654095,0.53705716,49.330697095669024,8.580497936625262,0,1,6163.4077,-0.12711987,5,1,false,false,-5.3313556,1.9363896,10.111887,-2.6055086,-0.12007789,3
50.685097,0.5372435,49.33069304952222,8.58048803153206,0,1,6167.245,-0.13268974,5,1,false,false,-5.3357143,1.9278116,9.522548,-2.6075485,-0.1247792,3
50.71602,0.5374299,49.330689093241,8.580478126438857,0,1,6173.3184,-0.13729052,5,1,false,false,-5.3679748,1.9402,9.529939,-2.6096735,-0.12987152,3
50.747696,0.53761655,49.33068513695978,8.580468084060634,0,1,6176.9634,-0.14213292,5,1,false,false,-5.4045653,1.9892868,9.2036705,-2.611864,-0.13254178,3
50.77912,0.53780335,49.330681180747156,8.580458178967431,0,1,6176.3955,-0.1477028,5,1,false,false,-5.1125193,1.9660906,8.498483,-2.6140587,-0.13115527,3
50.809875,0.5379905,49.33067722446594,8.580448273874229,0,1,6183.1455,-0.15399918,5,1,false,false,-5.819131,1.9028116,9.750915,-2.61623,-0.13327567,3
50.839474,0.53817785,49.33067326818472,8.580438231076172,0,1,6192.0967,-0.16320077,5,1,false,false,-6.2459784,1.8510661,9.5256195,-2.6185277,-0.14405629,3
50.868813,0.5383653,49.33066940183769,8.58042832598297,0,1,6199.0835,-0.17191745,5,1,false,false,-6.182957,1.8122205,9.434771,-2.6210186,-0.15523879,3
50.898605,0.5385529,49.33066544562507,8.580418283604747,0,1,6209.4272,-0.17748734,5,1,false,false,-6.419878,2.0087576,9.268138,-2.6237361,-0.16930191,3
50.931408,0.5387405,49.33066157927804,8.580408240806692,0,1,6207.809,-0.18160506,5,1,false,false,-6.7717643,2.0592732,9.046953,-2.6266174,-0.1756436,3
50.963696,0.5389282,49.330657712931014,8.580398198008638,0,1,6197.4463,-0.1845103,5,1,false,false,-6.7297196,2.0176795,9.176366,-2.6295528,-0.17695321,3
50.994465,0.5391161,49.330653756649795,8.580388155630414,0,1,6203.433,-0.1852368,5,1,false,false,-6.8578067,1.8903013,8.95298,-2.632487,-0.17635728,3
51.023182,0.5393041,49.330649980236956,8.580377975127508,0,1,6212.514,-0.18378377,5,1,false,false,-7.2581224,1.8050168,10.011029,-2.6354373,-0.18003255,3
51.05171,0.5394921,49.330646113889934,8.580367932749287,0,1,6218.339,-0.18160506,5,1,false,false,-7.5661283,1.8434331,9.503138,-2.6385229,-0.19110195,3
51.080723,0.53968024,49.330642247542904,8.580357752246378,0,1,6225.178,-0.17724483,5,1,false,false,-7.6820583,1.8728781,9.816039,-2.6417778,-0.19963057,3
51.110603,0.5398685,49.330638471130065,8.580347572163305,0,1,6228.915,-0.17046529,5,1,false,false,-7.7301664,1.9735608,9.860077,-2.6451693,-0.20560344,3
51.14236,0.54005677,49.330634604783036,8.58033739208023,0,1,6225.1353,-0.16392735,5,1,false,false,-8.225745,2.0198152,10.389766,-2.6485581,-0.20047939,3
51.172916,0.54024523,49.3306308283016,8.580327211577323,0,1,6219.553,-0.1573885,5,1,false,false,-8.260496,1.9800929,10.623649,-2.6518772,-0.1965316,3
51.202755,0.5404338,49.33062705188877,8.580317031494248,0,1,6223.814,-0.15327261,5,1,false,false,-8.539334,1.8926246,10.0779915,-2.655077,-0.18707806,3
51.231262,0.5406225,49.33062327547593,8.580306851411173,0,1,6227.205,-0.15012488,5,1,false,false,-8.685501,1.9216448,11.028698,-2.6581466,-0.18071268,3
51.260704,0.54081124,49.330619588928684,8.580296533623248,0,1,6227.7817,-0.15060806,5,1,false,false,-8.683986,1.9276145,9.950909,-2.661116,-0.17378007,3
51.289062,0.5410001,49.330615812515845,8.58028621583532,0,1,6227.941,-0.15327261,5,1,false,false,-8.193956,1.8643417,9.508302,-2.6639333,-0.16356167,3
51.31768,0.5411891,49.3306121260372,8.580275898047393,0,1,6233.916,-0.15617791,5,1,false,false,-8.129247,1.8819555,9.328937,-2.6665561,-0.15217651,3
51.345707,0.5413782,49.33060843948996,8.580265580259466,0,1,6235.468,-0.15932652,5,1,false,false,-8.308059,1.7941455,9.924855,-2.6689892,-0.14321575,3
51.3725,0.5415673,49.33060475301131,8.58025526247154,0,1,6241.91,-0.16320081,5,1,false,false,-8.208546,1.7065642,9.413706,-2.6713836,-0.1462983,3
51.398304,0.54175663,49.33060115639826,8.580244806978762,0,1,6257.967,-0.16828565,5,1,false,false,-7.651589,1.6933364,8.911358,-2.6738837,-0.15365958,3
51.425163,0.54194605,49.330597469851014,8.580234489190834,0,1,6269.162,-0.172644,5,1,false,false,-7.821385,1.814328,9.329179,-2.6764984,-0.16123901,3
51.45428,0.54213554,49.33059387323796,8.580224033698057,0,1,6269.5874,-0.17772985,5,1,false,false,-7.900549,1.9169168,9.411929,-2.679257,-0.16892028,3
51.483772,0.54232514,49.330590276693506,8.58021357862511,0,1,6267.3296,-0.18281466,5,1,false,false,-8.573486,1.8682963,9.906749,-2.6821113,-0.17592274,3
51.512318,0.5425149,49.33058668008045,8.580203123132332,0,1,6272.7656,-0.18644837,5,1,false,false,-8.156474,1.8848617,9.332556,-2.6851208,-0.18369262,3
51.541523,0.54270476,49.330583083467396,8.580192667639553,0,1,6276.1323,-0.18838455,5,1,false,false,-8.589719,1.8470654,9.659889,-2.6881747,-0.18310702,3
51.570507,0.54289466,49.33057957678854,8.580182212566607,0,1,6273.1826,-0.18814208,5,1,false,false,-8.899432,1.9324603,10.23995,-2.6912465,-0.18563573,3
51.599094,0.54308474,49.33057598017548,8.580171757073828,0,1,6274.1943,-0.18693237,5,1,false,false,-9.231278,1.836476,10.430298,-2.6943886,-0.19111645,3
51.625954,0.543275,49.330572473496616,8.58016116429603,0,1,6279.8223,-0.18402623,5,1,false,false,-9.042712,1.8550757,10.558244,-2.6976469,-0.19906731,3
51.65395,0.54346526,49.33056896681776,8.580150571098399,0,1,6285.7217,-0.18039352,5,1,false,false,-9.457258,1.8708057,11.408138,-2.7010052,-0.20254248,3
51.68287,0.5436557,49.33056555007308,8.5801399783206,0,1,6280.3154,-0.17603518,5,1,false,false,-9.145042,1.904474,10.383293,-2.7043693,-0.19822307,3
51.711666,0.54384625,49.330562043394224,8.580129385542802,0,1,6277.8354,-0.173129,5,1,false,false,-9.105936,1.8551764,10.361655,-2.7076123,-0.1888668,3
51.73895,0.5440369,49.33055862658095,8.580118792345171,0,1,6281.6978,-0.17240247,5,1,false,false,-9.422761,1.8621178,10.883384,-2.7106938,-0.18192828,3
51.76531,0.5442277,49.33055520983628,8.580108199567373,0,1,6285.1626,-0.17312898,5,1,false,false,-9.444566,1.7526802,9.891655,-2.7136867,-0.17864218,3
51.7915,0.5444186,49.33055179309161,8.580097469084722,0,1,6290.8613,-0.1748246,5,1,false,false,-8.763276,1.7261772,9.5787945,-2.7166011,-0.17161013,3
51.818443,0.5446096,49.33054846621253,8.580086738602072,0,1,6298.027,-0.17845638,5,1,false,false,-9.241699,1.7938254,10.106158,-2.719447,-0.17128347,3
51.845554,0.54480076,49.33054504946786,8.580076008119422,0,1,6298.913,-0.18305716,5,1,false,false,-8.704399,1.7617022,9.486754,-2.7222989,-0.16986611,3
51.870834,0.54499197,49.33054172258878,8.580065277636772,0,1,6305.414,-0.18862706,5,1,false,false,-8.630127,1.7328254,9.087983,-2.7251642,-0.17613323,3
51.897854,0.54518336,49.330538395709695,8.58005454715412,0,1,6318.454,-0.19443849,5,1,false,false,-8.511623,1.7871863,9.51944,-2.7281115,-0.17640173,3
51.924786,0.5453749,49.330535068899216,8.58004381667147,0,1,6314.2954,-0.20073485,5,1,false,false,-8.78673,1.7753485,8.537932,-2.7310705,-0.18062936,3
51.952118,0.54556644,49.330531831954325,8.580032948483968,0,1,6318.5337,-0.20800024,5,1,false,false,-8.7195215,1.7834138,9.641275,-2.7340994,-0.18282492,3
51.97779,0.54575825,49.33052850507525,8.580022218001318,0,1,6326.9927,-0.21526478,5,1,false,false,-8.940711,1.7302729,8.846867,-2.7372482,-0.19479592,3
52.004215,0.5459501,49.33052526813036,8.580011349813814,0,1,6331.2676,-0.2230152,5,1,false,false,-9.139612,1.7350793,8.7069025,-2.740547,-0.2018568,3
52.030697,0.5461421,49.330522031185474,8.580000481626312,0,1,6333.693,-0.22810006,5,1,false,false,-9.169137,1.7953441,9.434183,-2.7439542,-0.20857126,3
52.057766,0.54633415,49.33051879424058,8.579989613858642,0,1,6336.7256,-0.23003726,5,1,false,false,-10.027444,1.7598683,10.237152,-2.7474961,-0.2171641,3
52.08345,0.54652643,49.33051564722989,8.57997874567114,0,1,6337.3354,-0.22955318,5,1,false,false,-9.984145,1.7393063,10.20537,-2.7512398,-0.23029205,3
52.10955,0.5467188,49.330512500219186,8.579967877483638,0,1,6344.2783,-0.22567792,5,1,false,false,-10.322471,1.8165792,9.846131,-2.7551463,-0.23745154,3
52.13632,0.54691124,49.33050935320849,8.579956872011115,0,1,6344.328,-0.21889842,5,1,false,false,-10.129612,1.8578794,9.9807625,-2.7590878,-0.23352933,3
52.163605,0.5471038,49.33050620612919,8.579945866118761,0,1,6337.55,-0.21453825,5,1,false,false,-10.654214,1.7949364,10.18472,-2.7629101,-0.22414802,3
52.18898,0.5472966,49.3305030591185,8.57993499835109,0,1,6339.1743,-0.2140542,5,1,false,false,-10.775508,1.7437774,10.002255,-2.766601,-0.21848093,3
52.21256,0.54748946,49.330500002041994,8.579923992458736,0,1,6347.4956,-0.21720284,5,1,false,false,-11.263295,1.6620331,10.529129,-2.7702394,-0.22056927,3
52.23643,0.5476824,49.330496944896886,8.579912986986214,0,1,6352.7866,-0.22059308,5,1,false,false,-10.722395,1.7195028,9.600976,-2.7739387,-0.2225913,3
52.26152,0.5478755,49.33049388782038,8.57990184380884,0,1,6354.2817,-0.22349927,5,1,false,false,-10.585783,1.7117232,9.727942,-2.7776198,-0.21885893,3
52.28683,0.54806876,49.33049092060946,8.579890837916485,0,1,6354.689,-0.22640446,5,1,false,false,-10.927437,1.7621462,9.997758,-2.7812376,-0.21569316,3
52.31106,0.54826206,49.33048795339855,8.57987969473911,0,1,6357.343,-0.2290691,5,1,false,false,-10.672119,1.6568829,9.597741,-2.784799,-0.21329528,3
52.334454,0.54845554,49.33048498625624,8.579868551561738,0,1,6366.3413,-0.2310063,5,1,false,false,-10.500286,1.655467,9.431303,-2.788368,-0.21592975,3
52.35831,0.54864913,49.33048201904532,8.579857546089215,0,1,6374.302,-0.23294336,5,1,false,false,-10.719331,1.7171565,9.7333555,-2.7920122,-0.2218394,3
52.38253,0.54884285,49.3304791417686,8.579846265206989,0,1,6375.457,-0.23512395,5,1,false,false,-10.842685,1.7081281,9.347991,-2.7957616,-0.2280322,3
52.40736,0.5490367,49.33047626449188,8.579835122029614,0,1,6378.5737,-0.23778668,5,1,false,false,-10.31044,1.7545248,8.881165,-2.7995803,-0.22898427,3
52.43225,0.54923064,49.33047338721515,8.579823978852241,0,1,6381.8564,-0.24117693,5,1,false,false,-10.624578,1.7618226,9.294945,-2.80338,-0.22592357,3
52.456974,0.5494247,49.33047050993843,8.579812697970015,0,1,6380.711,-0.24626276,5,1,false,false,-10.746522,1.7388123,9.088964,-2.807121,-0.22349042,3
52.480934,0.5496189,49.330467722527295,8.57980155479264,0,1,6384.2783,-0.25377065,5,1,false,false,-10.807951,1.6309122,8.991961,-2.8108048,-0.22036561,3
52.50381,0.5498133,49.330464935184764,8.579790273910413,0,1,6393.313,-0.2629732,5,1,false,false,-10.976289,1.6141922,9.44641,-2.8144867,-0.22380714,3
52.52653,0.55000776,49.33046214784223,8.57977899344802,0,1,6399.5864,-0.27387142,5,1,false,false,-11.4178,1.6309258,9.540464,-2.818301,-0.23452833,3
52.549152,0.5502023,49.33045945036529,8.579767712565793,0,1,6403.901,-0.2813794,5,1,false,false,-11.586888,1.6457357,9.204417,-2.8223035,-0.24782525,3
52.57232,0.550397,49.330456752956955,8.579756431683567,0,1,6410.389,-0.28404206,5,1,false,false,-11.596412,1.7069641,9.261106,-2.8265626,-0.26201907,3
52.596355,0.5505919,49.33045405548001,8.579745013516321,0,1,6409.291,-0.2838005,5,1,false,false,-11.87258,1.7321216,9.165287,-2.830998,-0.269824,3
52.620373,0.55078685,49.330451358003074,8.579733732634095,0,1,6407.402,-0.28016773,5,1,false,false,-11.526366,1.7643416,8.958458,-2.835509,-0.26976883,3
52.64377,0.55098194,49.33044875046032,8.579722314047018,0,1,6410.3877,-0.2738714,5,1,false,false,-11.858651,1.6696967,9.44549,-2.8399916,-0.2694251,3
52.6663,0.55117697,49.330446142986176,8.57971089587977,0,1,6413.053,-0.2704811,5,1,false,false,-12.389121,1.6438425,9.588448,-2.8445086,-0.27337062,3
52.68806,0.5513722,49.33044353544342,8.579699477712525,0,1,6416.966,-0.2683007,5,1,false,false,-12.4079485,1.6366812,10.187963,-2.8491096,-0.28010076,3
52.709652,0.5515674,49.330441017834865,8.579688059125447,0,1,6422.845,-0.26636443,5,1,false,false,-12.721827,1.6816007,10.158017,-2.85385,-0.28772223,3
52.732002,0.55176264,49.33043850015771,8.579676640958201,0,1,6423.1777,-0.26587945,5,1,false,false,-13.652284,1.7161078,11.006124,-2.858715,-0.29569933,3
52.754578,0.5519579,49.33043598254915,8.579665085086102,0,1,6418.424,-0.2661219,5,1,false,false,-13.262654,1.7782009,10.14523,-2.8636854,-0.29604876,3
52.77702,0.5521532,49.33043355487479,8.579653666499025,0,1,6417.9185,-0.26587945,5,1,false,false,-13.315756,1.7550031,9.836608,-2.868528,-0.2850533,3
52.79958,0.5523487,49.33043112713182,8.579642110626926,0,1,6418.0947,-0.26757404,5,1,false,false,-13.707401,1.7686763,10.801758,-2.8731337,-0.26654607,3
52.82029,0.552544,49.33042869945745,8.579630554754829,0,1,6414.3833,-0.27144933,5,1,false,false,-13.788991,1.6477803,9.554925,-2.8774638,-0.25423908,3
52.83994,0.55273944,49.33042636164868,8.579618998882731,0,1,6422.7334,-0.2782297,5,1,false,false,-13.293178,1.578501,9.707959,-2.8816233,-0.24618511,3
52.85883,0.55293494,49.3304240238399,8.579607443010632,0,1,6433.9307,-0.2862227,5,1,false,false,-13.864183,1.5668902,10.498846,-2.8857527,-0.25095046,3
52.877552,0.5531305,49.330421686099726,8.579595887138534,0,1,6434.764,-0.29566777,5,1,false,false,-14.4825,1.5484648,10.784459,-2.8900232,-0.26428086,3
52.896103,0.553326,49.33041943822514,8.579584193561585,0,1,6439.8813,-0.3029331,5,1,false,false,-14.505177,1.5764077,10.833028,-2.8946097,-0.28588262,3
52.915565,0.5535217,49.33041719035056,8.579572637689488,0,1,6446.1895,-0.3043862,5,1,false,false,-14.924841,1.646249,11.18698,-2.8995292,-0.30224547,3
52.936028,0.5537173,49.33041503234157,8.579560944112536,0,1,6439.9487,-0.30051097,5,1,false,false,-14.887817,1.7464862,10.578686,-2.904653,-0.3085639,3
52.957123,0.553913,49.330412874401176,8.579549250535587,0,1,6434.075,-0.2934872,5,1,false,false,-14.46034,1.714608,10.3768635,-2.9097261,-0.29783443,3
52.97714,0.55410874,49.33041071646078,8.579537556958638,0,1,6434.1123,-0.28549612,5,1,false,false,-13.70594,1.6782905,9.531103,-2.9145925,-0.28277734,3
52.99729,0.5543046,49.33040864838598,8.579525863381686,0,1,6436.4653,-0.28065184,5,1,false,false,-12.461143,1.549894,7.918532,-2.9189951,-0.24810775,3
53.016384,0.5545005,49.33040658037978,8.579514032519718,0,1,6445.393,-0.28113678,5,1,false,false,-11.560287,1.5121388,7.777658,-2.9228606,-0.21851535,3
53.03503,0.5546964,49.33040451230498,8.579502338942767,0,1,6460.386,-0.2896128,5,1,false,false,-11.020506,1.3345513,7.302331,-2.9263148,-0.20013432,3
53.05231,0.5548924,49.33040253416437,8.579490508080797,0,1,6478.7104,-0.30850402,5,1,false,false,-11.205087,1.3612957,6.8000717,-2.9296522,-0.20563604,3
53.06589,0.55508846,49.33040055609236,8.579478814503847,0,1,6498.4595,-0.3365976,5,1,false,false,-14.910252,1.2084647,11.249882,-2.9335,-0.26919568,3
53.080433,0.55528456,49.33039857795175,8.579466983222046,0,1,6513.557,-0.3586373,5,1,false,false,-16.867962,1.3690805,13.563511,-2.9387977,-0.36803877,3
53.09079,0.55548066,49.330396689745335,8.579455152360076,0,1,6520.1855,-0.36009037,5,1,false,false,-17.497692,0.9968649,13.47747,-2.9456966,-0.44696316,3
53.097237,0.5556769,49.33039480147031,8.579443321078275,0,1,6540.6733,-0.34846482,5,1,false,false,-17.016758,0.72672,11.482606,-2.9533417,-0.46352103,3
53.10578,0.555873,49.33039300319809,8.579431490216304,0,1,6571.8013,-0.32497293,5,1,false,false,-16.701946,2.0763958,10.986382,-2.96087,-0.43164948,3
53.15288,0.5560692,49.33039120492586,8.579419658934503,0,1,6515.886,-0.2939721,5,1,false,false,-17.387585,3.7925,12.229876,-2.9672632,-0.32933646,3
53.194717,0.55626565,49.330389496519224,8.579407690367681,0,1,6362.733,-0.268543,5,1,false,false,-14.878841,2.7542732,10.8968525,-2.9716547,-0.19496076,3
53.218086,0.5564623,49.33038778811259,8.579395859505711,0,1,6379.334,-0.25473973,5,1,false,false,-13.240857,1.3151526,8.690784,-2.9739347,-0.08457961,3
53.22555,0.5566589,49.330386079774556,8.579383890938889,0,1,6460.765,-0.25522375,5,1,false,false,-11.434995,0.7648211,7.4462824,-2.9747634,-0.021732429,3
53.236446,0.55685556,49.33038446130211,8.579371922372067,0,1,6470.682,-0.27556705,5,1,false,false,-9.667228,1.0834601,5.683868,-2.975001,-0.0103162555,3
53.24738,0.5570523,49.330382842829664,8.579359953385413,0,1,6496.8193,-0.31334716,5,1,false,false,-6.9732127,0.58251315,3.247282,-2.975335,-0.02991743,3
53.2535,0.55724907,49.33038122435722,8.579347984818591,0,1,6574.676,-0.37413824,5,1,false,false,-5.1617327,0.3613264,1.6146147,-2.976075,-0.058084328,3
53.25479,0.5574459,49.33037969581897,8.57933601625177,0,1,6636.288,-0.45043468,5,1,false,false,-8.272042,0.22176094,4.306672,-2.9774632,-0.11882456,3
53.256584,0.5576427,49.33037807734652,8.579324047684947,0,1,6677.85,-0.52164906,5,1,false,false,-9.465343,0.3807783,5.6231956,-2.9801753,-0.21034034,3
53.272705,0.5578396,49.33037654873967,8.579312079118127,0,1,6723.347,-0.56428397,5,1,false,false,-11.214331,1.8290267,7.088137,-2.9845464,-0.3126561,3
53.315388,0.55803657,49.330375020201416,8.579300110551305,0,1,6670.1895,-0.57373095,5,1,false,false,-14.616017,3.3372376,10.153183,-2.9905243,-0.39942488,3
53.36359,0.5582338,49.33037349166317,8.579288141564652,0,1,6533.857,-0.5524147,5,1,false,false,-17.244404,3.1380243,12.412308,-2.9976466,-0.448495,3
53.39749,0.55843115,49.330372052990505,8.579276035712809,0,1,6483.6895,-0.5080843,5,1,false,false,-18.02945,2.1427383,12.302745,-3.0053322,-0.4674549,3
53.416622,0.5586286,49.33037070432063,8.579264066726155,0,1,6491.8516,-0.4526143,5,1,false,false,-17.79642,1.557143,12.249304,-3.0130377,-0.44909993,3
53.430504,0.55882615,49.330369265647974,8.579251960874313,0,1,6475.034,-0.39617878,5,1,false,false,-19.517061,1.3845272,12.950983,-3.0201995,-0.41355783,3
53.440765,0.5590238,49.33036800684369,8.57923985460264,0,1,6466.0195,-0.3479808,5,1,false,false,-18.941553,1.2097492,12.896773,-3.0269008,-0.39205122,3
53.44982,0.5592215,49.33036674803941,8.579227748330966,0,1,6483.315,-0.31092513,5,1,false,false,-18.877605,1.2128937,13.249288,-3.0332716,-0.369795,3
53.46032,0.5594192,49.330365489235135,8.579215642059292,0,1,6487.3105,-0.27798814,5,1,false,false,-17.952055,1.3651874,12.063913,-3.0392277,-0.3434314,3
53.4728,0.5596171,49.33036432029645,8.579203535787618,0,1,6486.1465,-0.2588565,5,1,false,false,-16.073313,1.3696796,10.368582,-3.0447264,-0.31701598,3
53.48564,0.559815,49.33036315142636,8.579191429515944,0,1,6502.4272,-0.25038052,5,1,false,false,-14.8883705,1.3445013,9.341688,-3.0498176,-0.29516235,3
53.500122,0.56001306,49.33036207242186,8.579179185959251,0,1,6514.6943,-0.25328565,5,1,false,false,-14.433685,1.4205979,8.719017,-3.0545683,-0.27589795,3
53.51539,0.5602111,49.33036099348597,8.579167079687577,0,1,6513.781,-0.2653953,5,1,false,false,-14.272777,1.4258907,9.1336775,-3.059051,-0.26575676,3
53.530674,0.5604093,49.33036000441566,8.579154836130884,0,1,6523.4253,-0.2811369,5,1,false,false,-14.366676,1.414901,9.061112,-3.063515,-0.27189323,3
53.545727,0.5606077,49.33035901534536,8.57914272985921,0,1,6534.1055,-0.29615182,5,1,false,false,-14.052269,1.4353493,8.437353,-3.0681255,-0.28092378,3
53.56239,0.5608061,49.33035802627505,8.579130485882684,0,1,6535.33,-0.30535424,5,1,false,false,-14.497437,1.5660385,9.205693,-3.0728765,-0.28865457,3
53.57985,0.5610046,49.33035712713894,8.57911837961101,0,1,6531.4717,-0.30753496,5,1,false,false,-14.903794,1.5793239,10.004298,-3.0777228,-0.292122,3
53.596504,0.56120324,49.33035622800283,8.579106136054317,0,1,6529.556,-0.30293313,5,1,false,false,-14.768534,1.519534,9.014592,-3.0826113,-0.29351553,3
53.613365,0.561402,49.3303554187323,8.579093892077791,0,1,6533.4043,-0.29518265,5,1,false,false,-14.038258,1.532829,8.408465,-3.0874352,-0.28258204,3
53.630688,0.56160086,49.33035460953038,8.579081648521099,0,1,6533.4287,-0.28912792,5,1,false,false,-13.918826,1.556858,8.749165,-3.0919929,-0.2642496,3
53.64781,0.56179994,49.33035380025986,8.579069404544573,0,1,6531.493,-0.28767574,5,1,false,false,-13.763001,1.4706111,8.416215,-3.0962265,-0.24557927,3
53.66306,0.561999,49.33035308092353,8.579057160987878,0,1,6539.8755,-0.29058182,5,1,false,false,-13.069171,1.3147979,7.6669717,-3.1002212,-0.23647606,3
53.677483,0.5621983,49.3303523616558,8.579044917011354,0,1,6556.213,-0.29808977,5,1,false,false,-13.682346,1.3065023,9.055848,-3.1041598,-0.24037145,3
53.691948,0.56239766,49.33035173225366,8.579032673454659,0,1,6564.2593,-0.30632332,5,1,false,false,-14.535321,1.3959975,9.828917,-3.1083503,-0.26404062,3
53.70733,0.5625971,49.330351012917326,8.579020429478135,0,1,6566.622,-0.31286314,5,1,false,false,-14.820943,1.458135,9.569984,-3.1129925,-0.29311472,3
53.72503,0.5627968,49.33035047344938,8.579008048216588,0,1,6570.2544,-0.31358972,5,1,false,false,-15.337558,1.6775894,10.622901,-3.1180747,-0.31403813,3
53.74545,0.5629965,49.33034984397864,8.578995804240062,0,1,6555.9316,-0.3087464,5,1,false,false,-16.373861,1.8313721,10.793782,-3.1233742,-0.31715742,3
53.765175,0.5631964,49.33034939444488,8.578983560683369,0,1,6532.6426,-0.29978445,5,1,false,false,-16.569433,1.7500252,11.293947,-3.1285841,-0.30556646,3
53.78202,0.56339645,49.33034885497693,8.578971179421824,0,1,6530.638,-0.29106587,5,1,false,false,-16.315123,1.535871,10.856053,-3.1335413,-0.2869546,3
53.796207,0.5635966,49.33034840537458,8.578958935445298,0,1,6535.0396,-0.28283155,5,1,false,false,-16.922478,1.4374874,11.565215,-3.138169,-0.2703787,3
53.80994,0.5637969,49.330348045706415,8.578946554183752,0,1,6533.6187,-0.27508205,5,1,false,false,-16.98458,1.4040129,11.668155,3.1405668,-0.26505685,3
53.82343,0.5639973,49.330347686038245,8.578934310207227,0,1,6536.2134,-0.26660603,5,1,false,false,-16.408066,1.3814921,11.4227295,3.1361508,-0.26534465,3
53.837276,0.56419784,49.33034732637008,8.57892192894568,0,1,6543.505,-0.25788736,5,1,false,false,-16.481993,1.4168342,11.429197,3.131691,-0.26909631,3
53.85192,0.5643983,49.33034705663611,8.578909547684136,0,1,6542.944,-0.25086454,5,1,false,false,-16.166864,1.4549787,10.895002,3.127191,-0.26886904,3
53.867527,0.56459886,49.33034687683632,8.578897166422589,0,1,6540.7544,-0.24529463,5,1,false,false,-15.652064,1.4759547,10.988098,3.1227524,-0.26248664,3
53.88324,0.5647995,49.33034669696794,8.578884922446065,0,1,6542.803,-0.24117692,5,1,false,false,-15.220964,1.4534268,10.485246,3.1184545,-0.2519845,3
53.898857,0.5650002,49.33034651716816,8.578872541184518,0,1,6544.2617,-0.23996726,5,1,false,false,-14.839844,1.419818,10.815067,3.114374,-0.2382101,3
53.9146,0.56520087,49.33034642723397,8.578860159922973,0,1,6548.1104,-0.241661,5,1,false,false,-14.471214,1.4022526,10.224648,3.1104624,-0.2313044,3
53.930428,0.5654017,49.33034633729978,8.578847778661428,0,1,6554.032,-0.24553713,5,1,false,false,-14.177343,1.3750967,10.165169,3.1066616,-0.22562727,3
53.94621,0.56560254,49.330346247434186,8.578835397399882,0,1,6560.262,-0.25013793,5,1,false,false,-14.32723,1.4066346,10.948887,3.1028614,-0.23167461,3
53.961945,0.5658034,49.330346247434186,8.578823015718504,0,1,6563.9966,-0.25401217,5,1,false,false,-15.199356,1.3874592,12.288909,3.0989144,-0.24451044,3
53.977924,0.56600434,49.33034633729978,8.578810634456959,0,1,6566.67,-0.25498122,5,1,false,false,-14.988537,1.4646064,11.085099,3.0946212,-0.26693052,3
53.996185,0.5662054,49.33034633729978,8.578798253195414,0,1,6566.537,-0.25062287,5,1,false,false,-14.209683,1.5586411,10.585542,3.0901415,-0.2655653,3
54.015583,0.5664064,49.33034651716816,8.578785871933867,0,1,6559.748,-0.24238846,5,1,false,false,-14.572095,1.6396784,11.553404,3.085791,-0.2528862,3
54.034126,0.5666075,49.33034660710235,8.578773490672322,0,1,6550.9946,-0.23270184,5,1,false,false,-14.777323,1.4850049,11.679214,3.0817494,-0.23315533,3
54.050194,0.56680876,49.33034678690213,8.578761108990944,0,1,6556.0947,-0.22301522,5,1,false,false,-13.8981,1.3582768,11.13093,3.0779426,-0.22450377,3
54.06586,0.5670099,49.33034696670192,8.5787487277294,0,1,6569.889,-0.21381265,5,1,false,false,-13.785427,1.3651557,11.009936,3.074232,-0.22133243,3
54.083057,0.5672112,49.33034723650449,8.578736346467853,0,1,6571.0522,-0.20461006,5,1,false,false,-13.334316,1.4569033,10.854677,3.070571,-0.21699233,3
54.101376,0.56741256,49.33034750623847,8.578723965206308,0,1,6569.2036,-0.19613402,5,1,false,false,-13.156783,1.4745157,10.950648,3.0669787,-0.21444994,3
54.119896,0.56761396,49.33034786590663,8.578711583944763,0,1,6574.029,-0.18983763,5,1,false,false,-12.918082,1.4729416,10.973301,3.0634243,-0.21146864,3
54.13854,0.5678154,49.330348225574795,8.578699202263385,0,1,6576.209,-0.18402618,5,1,false,false,-12.5098295,1.4909807,10.703266,3.0599313,-0.2067853,3
54.157894,0.5680169,49.33034858517436,8.57868682100184,0,1,6576.165,-0.18112102,5,1,false,false,-12.160273,1.5206739,10.371103,3.0565348,-0.19914709,3
54.177612,0.5682185,49.33034903477672,8.578674439740293,0,1,6576.964,-0.18015197,5,1,false,false,-12.148109,1.5020299,10.890724,3.0533047,-0.18884592,3
54.19693,0.5684202,49.33034948437908,8.578661920773897,0,1,6577.9556,-0.18039352,5,1,false,false,-11.837274,1.4806582,10.500216,3.0502172,-0.18151657,3
54.21585,0.5686219,49.33034993391283,8.57864953951235,0,1,6581.464,-0.18160506,5,1,false,false,-11.604972,1.4045665,9.935867,3.0472527,-0.17481604,3
54.234947,0.5688237,49.33035038351519,8.578637158250805,0,1,6586.2886,-0.18329965,5,1,false,false,-11.226963,1.4632903,10.535057,3.0443654,-0.17129302,3
54.254467,0.5690255,49.330350922983136,8.578624776569427,0,1,6588.6523,-0.18451025,5,1,false,false,-11.391943,1.4317851,10.554999,3.0415342,-0.16995654,3
54.273243,0.5692274,49.330351462451084,8.578612395307882,0,1,6592.23,-0.18499522,5,1,false,false,-11.5538,1.437291,11.445531,3.0386357,-0.1790224,3
54.292545,0.5694294,49.33035209185322,8.578599876341485,0,1,6599.9585,-0.1854793,5,1,false,false,-11.310532,1.4372629,11.015499,3.0355422,-0.18934125,3
54.313614,0.56963146,49.33035272132396,8.578587495079939,0,1,6599.233,-0.18281472,5,1,false,false,-10.039647,1.5952711,9.216767,3.032404,-0.18212688,3
54.336212,0.5698335,49.3303533507261,8.578575113818394,0,1,6593.612,-0.17869884,5,1,false,false,-10.079207,1.5811889,9.089413,3.0295172,-0.16386957,3
54.357727,0.5700357,49.330353980128244,8.578562732556847,0,1,6589.12,-0.17845638,5,1,false,false,-9.522973,1.4447007,8.346689,3.0269597,-0.14333197,3
54.3758,0.570238,49.330354699395976,8.57855021359045,0,1,6597.6587,-0.18160501,5,1,false,false,-9.0702715,1.169217,8.792371,3.0246954,-0.13456695,3
54.39247,0.5704403,49.3303554187323,8.578537832328905,0,1,6621.93,-0.18644838,5,1,false,false,-9.339153,1.2394263,9.539808,3.0223706,-0.14871426,3
54.409943,0.57064265,49.33035613806863,8.578525451067359,0,1,6635.4497,-0.1905642,5,1,false,false,-9.5607195,1.2092613,9.585929,3.0197146,-0.17264876,3
54.430016,0.5708451,49.33035694727056,8.578512932100962,0,1,6640.9917,-0.19104913,5,1,false,false,-9.06832,1.5282487,8.753375,3.0166023,-0.19673438,3
54.45455,0.57104766,49.330357756541076,8.578500550419584,0,1,6640.498,-0.18741646,5,1,false,false,-9.003891,1.6890329,9.009503,3.013273,-0.19944492,3
54.479492,0.57125026,49.330358565743,8.578488169158039,0,1,6622.937,-0.17990948,5,1,false,false,-10.615769,1.7425561,11.479873,3.0099175,-0.20404027,3
54.502563,0.571453,49.33035937501352,8.57847565019164,0,1,6614.35,-0.17264405,5,1,false,false,-10.674383,1.4708632,11.272068,3.006485,-0.20672853,3
54.522045,0.57165575,49.33036027414963,8.578463268930095,0,1,6625.0317,-0.1600531,5,1,false,false,-10.487237,1.4795438,11.750536,3.0029845,-0.21220258,3
54.5444,0.5718586,49.33036117328575,8.57845088766855,0,1,6628.3003,-0.1474603,5,1,false,false,-10.867151,1.636174,11.682469,2.9994617,-0.20447183,3
54.566906,0.57206154,49.33036207242186,8.578438368702152,0,1,6608.325,-0.13607904,5,1,false,false,-10.829307,1.6094952,12.137864,2.9961991,-0.18549506,3
54.588413,0.5722646,49.33036297162658,8.578425987440607,0,1,6607.9453,-0.12929946,5,1,false,false,-10.891683,1.4729605,12.300043,2.993261,-0.16678524,3
54.607204,0.5724676,49.33036396069688,8.578413606179062,0,1,6617.1914,-0.12590928,5,1,false,false,-10.721054,1.3621651,11.627801,2.9905987,-0.15284264,3
54.6265,0.57267076,49.330364949698584,8.578401087212663,0,1,6619.1987,-0.12760487,5,1,false,false,-10.006737,1.4420348,11.13418,2.9881525,-0.13942562,3
54.646824,0.57287407,49.33036602870308,8.578388705951118,0,1,6619.207,-0.13244723,5,1,false,false,-9.896783,1.4364048,10.9704,2.9859264,-0.12831065,3
54.666756,0.5730773,49.33036710770758,8.57837632426974,0,1,6622.0547,-0.13947015,5,1,false,false,-9.5253105,1.3945043,11.192945,2.983846,-0.12184929,3
54.685886,0.5732807,49.330368186643476,8.578363805723175,0,1,6629.2334,-0.14770277,5,1,false,false,-10.441947,1.353058,11.897803,2.981801,-0.12790756,3
54.705563,0.5734842,49.330369265647974,8.578351424041797,0,1,6636.121,-0.15617785,5,1,false,false,-8.324459,1.4153346,9.239793,2.9795618,-0.13363346,3
54.726376,0.57368773,49.33037043451806,8.578339042780252,0,1,6639.859,-0.16465393,5,1,false,false,-7.327349,1.3995715,7.73034,2.9774415,-0.11931595,3
54.750156,0.57389134,49.33037151352256,8.578326523813855,0,1,6637.925,-0.17288649,5,1,false,false,-8.589658,1.5535451,10.702073,2.9755647,-0.10831288,3
54.7677,0.5740951,49.33037268239264,8.578314142552308,0,1,6630.64,-0.17845638,5,1,false,false,-8.681698,0.9756935,10.045454,2.9737086,-0.121821575,3
54.780876,0.5742989,49.33037394119692,8.578301761290763,0,1,6670.071,-0.18233064,5,1,false,false,-7.6731105,1.0246749,9.331113,2.971431,-0.15188302,3
54.801693,0.5745028,49.330375110135606,8.578289242324367,0,1,6697.1597,-0.1799095,5,1,false,false,-7.9527917,1.5843729,9.861073,2.9686909,-0.17254099,3
54.828133,0.5747068,49.33037636893989,8.57827686106282,0,1,6660.746,-0.17240249,5,1,false,false,-7.984041,1.8184454,9.377973,2.9657602,-0.17627558,3
54.85428,0.57491094,49.33037762774416,8.578264479801275,0,1,6647.797,-0.16029559,5,1,false,false,-7.2832828,1.6000113,8.095045,2.9628687,-0.16753706,3
54.875633,0.57511514,49.330378886548445,8.578251960834876,0,1,6662.8105,-0.15036738,5,1,false,false,-7.807545,1.3160156,9.616669,2.9602082,-0.15516435,3
54.893044,0.57531947,49.33038014535273,8.578239579573331,0,1,6666.1987,-0.14382853,5,1,false,false,-10.49938,1.1785979,15.370438,2.9575279,-0.17539102,3
54.91009,0.5755239,49.33038149409119,8.578227197891954,0,1,6675.551,-0.13898613,5,1,false,false,-9.656581,1.2651026,12.889781,2.9542136,-0.21637246,3
54.93168,0.57572836,49.330382842829664,8.578214678925557,0,1,6691.1406,-0.12106691,5,1,false,false,-7.7910843,1.7089324,9.634601,2.9504697,-0.2210958,3
54.96292,0.57593304,49.33038419149953,8.578202297664012,0,1,6666.8257,-0.10096897,5,1,false,false,-8.25765,2.253606,9.757624,2.9470832,-0.1726947,3
54.989365,0.5761378,49.330385540238005,8.578189916402465,0,1,6613.8833,-0.088861175,5,1,false,false,-8.729125,1.4856231,10.472911,2.944824,-0.10254806,3
55.00509,0.57634264,49.33038697891067,8.57817753514092,0,1,6636.1963,-0.08861959,5,1,false,false,-6.9988747,0.84751475,9.213009,2.9435055,-0.06487405,3
55.01619,0.5765476,49.330388417514726,8.578165016174522,0,1,6694.377,-0.092252344,5,1,false,false,-6.476824,0.85297304,9.094308,2.9425027,-0.06195364,3
55.032288,0.5767527,49.33038985618739,8.578152634912977,0,1,6704.3247,-0.100483984,5,1,false,false,-6.8175125,1.2331741,9.375072,2.9414039,-0.073850356,3
55.05297,0.5769579,49.330391294791454,8.578140253651432,0,1,6702.837,-0.10968562,5,1,false,false,-6.477137,1.3719621,8.601052,2.940023,-0.09201672,3
55.074627,0.57716316,49.330392823398306,8.578127734685033,0,1,6718.7656,-0.11864573,5,1,false,false,-6.345785,1.4278601,8.987756,2.9383554,-0.10749207,3
55.09857,0.57736856,49.330394262002365,8.578115353003657,0,1,6719.4546,-0.12445618,5,1,false,false,-6.3871136,1.6714637,9.522656,2.9364686,-0.11663093,3
55.12432,0.57757413,49.33039579054062,8.57810297174211,0,1,6703.048,-0.1254252,5,1,false,false,-7.056301,1.6479704,10.685094,2.934434,-0.1267355,3
55.149544,0.5777798,49.33039731914747,8.578090452775713,0,1,6698.859,-0.122035,5,1,false,false,-6.8180127,1.6075455,9.517595,2.9322739,-0.12994635,3
55.17298,0.5779856,49.33039884768572,8.578078071514167,0,1,6700.2773,-0.11307584,5,1,false,false,-6.6869435,1.5163794,9.855283,2.9301202,-0.12691526,3
55.197113,0.57819146,49.33040046615817,8.578065690252622,0,1,6693.9697,-0.10532731,5,1,false,false,-6.765885,1.5244583,10.193904,2.9280813,-0.11706039,3
55.21937,0.57839733,49.33040199469642,8.578053308991077,0,1,6690.1675,-0.098062806,5,1,false,false,-6.0770907,1.4029622,8.739771,2.9262383,-0.104400106,3
55.240086,0.57860327,49.33040361316887,8.578040790024678,0,1,6703.0737,-0.093704484,5,1,false,false,-6.0462685,1.3141853,9.402911,2.924592,-0.095670305,3
55.26032,0.5788093,49.33040523164131,8.578028408763133,0,1,6712.164,-0.09249292,5,1,false,false,-6.1789327,1.3192571,9.898894,2.9230335,-0.09381986,3
55.280643,0.5790153,49.330406850113754,8.578016027501588,0,1,6716.53,-0.09297793,5,1,false,false,-6.2696857,1.3021611,10.355023,2.9214358,-0.100515634,3
55.301815,0.5792214,49.33040855852039,8.57800350853519,0,1,6729.067,-0.093219504,5,1,false,false,-5.772883,1.4177278,8.711912,2.9196818,-0.10751543,3
55.325,0.57942754,49.330410176992835,8.577991126853814,0,1,6731.355,-0.09176734,5,1,false,false,-5.479495,1.5294169,8.796846,2.917898,-0.10490067,3
55.35045,0.5796337,49.33041188533087,8.577978745592267,0,1,6721.607,-0.09007268,5,1,false,false,-5.8281884,1.6250287,9.749601,2.9161928,-0.09955841,3
55.373917,0.57983994,49.330413593737504,8.57796622662587,0,1,6717.2124,-0.087408096,5,1,false,false,-5.6104083,1.3794594,9.077254,2.9145975,-0.09304448,3
55.394917,0.58004624,49.33041530214414,8.577953845364323,0,1,6730.318,-0.08353474,5,1,false,false,-5.399134,1.3358229,9.1633,2.9130778,-0.090660445,3
55.416718,0.5802526,49.33041701048218,8.577941464102778,0,1,6741.505,-0.07966047,5,1,false,false,-5.5484915,1.400625,9.89933,2.9115765,-0.0899856,3
55.439148,0.5804589,49.330418718888815,8.577928945136382,0,1,6737.782,-0.07530214,5,1,false,false,-5.8977027,1.4372271,11.393773,2.9100735,-0.09202869,3
55.46244,0.5806653,49.33042051716104,8.577916563874835,0,1,6741.2686,-0.0697332,5,1,false,false,-5.4030538,1.4932178,9.10509,2.9084985,-0.094042525,3
55.48611,0.5808717,49.33042222556767,8.577904182403374,0,1,6744.19,-0.06319524,5,1,false,false,-5.234262,1.5267303,10.279236,2.9069703,-0.08778274,3
55.5112,0.5810782,49.3304240238399,8.577891663646893,0,1,6736.6626,-0.0568998,5,1,false,false,-5.2693024,1.5767269,10.540807,2.9055707,-0.07837754,3
55.53449,0.58128464,49.33042582218073,8.57787928217543,0,1,6730.07,-0.050604336,5,1,false,false,-4.9213595,1.379589,8.958642,2.9043732,-0.066567525,3
55.556225,0.5814913,49.33042762045296,8.577866900913886,0,1,6744.314,-0.04455137,5,1,false,false,-4.4147243,1.3514088,9.240107,2.903351,-0.056433406,3
55.57747,0.58169776,49.33042950865937,8.577854381947487,0,1,6751.9272,-0.040434595,5,1,false,false,-4.775604,1.3361154,10.372977,2.9024794,-0.050869465,3
55.599243,0.58190435,49.330431307000204,8.577842000685942,0,1,6752.8345,-0.03874089,5,1,false,false,-4.381128,1.3616734,10.875212,2.9016294,-0.0513,3
55.621185,0.582111,49.330433195206616,8.577829481719546,0,1,6765.4614,-0.03535066,5,1,false,false,-4.103982,1.3996124,9.720528,2.9007542,-0.052422583,3
55.645695,0.5823176,49.330434993478846,8.577817100457999,0,1,6768.2124,-0.028087096,5,1,false,false,-3.9101453,1.550749,9.353034,2.8998892,-0.0489378,3
55.671864,0.58252424,49.330436881685266,8.577804718986538,0,1,6753.86,-0.021065082,5,1,false,false,-3.7009244,1.6217856,9.892967,2.8991394,-0.04062172,3
55.696617,0.58273095,49.33043876996028,8.57779220002014,0,1,6750.0254,-0.014043076,5,1,false,false,-3.3031723,1.4362826,10.422372,2.898556,-0.029755706,3
55.718727,0.5829377,49.3304406581667,8.577779818758595,0,1,6760.489,-0.006537956,5,1,false,false,-3.0913248,1.350243,9.926484,2.8981264,-0.02254434,3
55.740746,0.5831444,49.33044254637312,8.577767299792196,0,1,6769.537,0.00024155783,5,1,false,false,-2.70846,1.3780844,9.735376,2.8978121,-0.014599515,3
55.76438,0.5833512,49.33044443457954,8.577754918530651,0,1,6769.7056,0.007021072,5,1,false,false,-2.3677554,1.4669269,9.725104,2.8976216,-0.0076367273,3
55.788437,0.5835581,49.33044632278595,8.577742399564254,0,1,6769.968,0.013316534,5,1,false,false,-2.1296582,1.4366474,9.610948,2.8975666,0.0003278818,3
55.811943,0.5837648,49.33044830092656,8.577730018302708,0,1,6772.847,0.01936857,5,1,false,false,-1.7776709,1.4214218,10.610994,2.8976252,0.006728579,3
55.83526,0.58397174,49.33045018913298,8.57771749933631,0,1,6778.3716,0.024695,5,1,false,false,-1.2972456,1.4033864,11.147394,2.897781,0.012991105,3
55.85862,0.5841786,49.33045216727359,8.577705117864848,0,1,6782.716,0.031716067,5,1,false,false,-1.5589792,1.4540071,11.518613,2.8980505,0.018747792,3
55.88401,0.5843855,49.33045405548001,8.577692599108367,0,1,6781.7754,0.038495574,5,1,false,false,-0.8035185,1.5956447,9.603884,2.8983698,0.0246204,3
55.909737,0.58459246,49.33045603362062,8.577680217636907,0,1,6775.59,0.04212736,5,1,false,false,-0.48354638,1.636418,8.009202,2.8988218,0.031173168,3
55.936054,0.58479947,49.33045792182704,8.577667698880425,0,1,6766.91,0.054717362,5,1,false,false,-0.22937052,1.4910667,6.958244,2.8994431,0.04060478,3
55.95685,0.5850064,49.33045989996765,8.577655179914027,0,1,6766.311,0.06609582,5,1,false,false,0.27286875,1.0269899,7.2088556,2.9001703,0.042054415,3
55.971737,0.5852134,49.33046187810826,8.57764266094763,0,1,6798.501,0.071905345,5,1,false,false,1.0300025,0.7808057,10.759208,2.9010155,0.05438423,3
55.9836,0.5854204,49.33046376631468,8.577630279686083,0,1,6842.1465,0.084979385,5,1,false,false,1.4082904,0.7672836,9.609553,2.9020507,0.06887211,3
56.00339,0.5856274,49.33046574445529,8.577617760719686,0,1,6870.0117,0.09296809,5,1,false,false,1.4878759,1.6045835,8.398057,2.9033127,0.084191315,3
56.040318,0.5858344,49.33046763266171,8.57760524175329,0,1,6843.412,0.09781096,5,1,false,false,2.0052488,2.439528,10.285578,2.9047809,0.09524009,3
56.07691,0.5860415,49.330469610733715,8.577592722786891,0,1,6775.2266,0.101442255,5,1,false,false,2.5160613,1.9778116,10.121047,2.9063952,0.10026442,3
56.10382,0.58624864,49.33047149900873,8.57758020403041,0,1,6771.739,0.10555762,5,1,false,false,2.7776225,1.3928707,9.422623,2.9080806,0.10229377,3
56.12348,0.58645576,49.330473477080744,8.577567685064013,0,1,6801.3027,0.109672986,5,1,false,false,3.126775,1.1372241,10.358389,2.9097855,0.10157943,3
56.1435,0.586663,49.33047536535576,8.577555166097616,0,1,6799.0044,0.11161013,5,1,false,false,3.572591,1.2745266,10.318096,2.911505,0.10381852,3
56.16437,0.5868702,49.33047725356218,8.577542647131217,0,1,6801.3926,0.112578675,5,1,false,false,3.7628014,1.2396847,9.782901,2.913298,0.11044811,3
56.184124,0.5870774,49.33047923170279,8.577530128374736,0,1,6821.89,0.11354725,5,1,false,false,3.9067662,1.2162097,9.565814,2.9152124,0.11822651,3
56.20499,0.5872846,49.33048111990921,8.577517471703487,0,1,6827.2393,0.114030376,5,1,false,false,4.0283284,1.3328642,9.227894,2.9172297,0.12299007,3
56.22736,0.58749187,49.33048300811563,8.577504952947006,0,1,6824.522,0.11233666,5,1,false,false,4.3542194,1.3661574,8.83227,2.9193094,0.12625657,3
56.249424,0.58769906,49.33048489632204,8.577492433980607,0,1,6829.5903,0.11064156,5,1,false,false,4.401198,1.3318083,9.136247,2.921435,0.12744784,3
56.270905,0.5879063,49.33048669459427,8.577479777519274,0,1,6834.0713,0.1079788,5,1,false,false,4.6579547,1.3091528,9.319268,2.923563,0.12749997,3
56.292118,0.58811367,49.33048858280069,8.577467258552877,0,1,6838.4434,0.10434702,5,1,false,false,5.163239,1.3304468,10.7518,2.925707,0.13011348,3
56.313446,0.5883209,49.330490471075706,8.577454602091544,0,1,6844.3296,0.10071573,5,1,false,false,5.1954803,1.3616742,10.213764,2.927927,0.13540389,3
56.335762,0.58852816,49.330492269347936,8.577442083125145,0,1,6845.5854,0.09732688,5,1,false,false,5.3461223,1.4325358,9.523525,2.9301717,0.13441518,3
56.359337,0.5887356,49.330494067620165,8.577429426663812,0,1,6840.7783,0.09272606,5,1,false,false,5.753163,1.509164,11.540064,2.9323647,0.12898536,3
56.38217,0.5889429,49.33049586596099,8.577416770202479,0,1,6832.611,0.09078988,5,1,false,false,6.3507233,1.4052399,10.943744,2.9344718,0.12519576,3
56.40272,0.5891502,49.330497664233214,8.577404113741146,0,1,6833.7373,0.08715857,5,1,false,false,6.2160826,1.2882653,10.738573,2.9364884,0.11857759,3
56.423153,0.5893576,49.33049946257404,8.577391457279813,0,1,6842.643,0.08207461,5,1,false,false,6.39118,1.3734095,11.704998,2.9384174,0.11455707,3
56.444065,0.589565,49.33050126084627,8.57737880081848,0,1,6838.288,0.080379516,5,1,false,false,6.427521,1.3397909,11.939628,2.9402423,0.105767325,3
56.464417,0.5897724,49.3305030591185,8.577366144147229,0,1,6836.5083,0.08013749,5,1,false,false,6.2305074,1.3173021,10.180717,2.941942,0.09996407,3
56.48395,0.5899798,49.330504767525134,8.577353487685896,0,1,6846.1504,0.083526775,5,1,false,false,5.8309026,1.2645004,9.321395,2.9435155,0.0893014,3
56.503822,0.5901873,49.33050647593177,8.577340831224562,0,1,6845.2236,0.09030584,5,1,false,false,5.7943964,1.2887151,9.664756,2.9449081,0.07715584,3
56.52294,0.5903947,49.3305081842698,8.57732817476323,0,1,6844.924,0.099505134,5,1,false,false,5.8335295,1.177406,8.602846,2.946157,0.073010266,3
56.53967,0.59060216,49.33050989267644,8.577315518301896,0,1,6860.946,0.110399544,5,1,false,false,5.5045953,1.0325679,8.625428,2.94744,0.079641044,3
56.556767,0.59080964,49.330511601083074,8.577302724345627,0,1,6880.1333,0.12226205,5,1,false,false,5.531351,1.135265,8.787063,2.9488752,0.09157605,3
56.57541,0.59101707,49.33051330942111,8.577290067674378,0,1,6886.3125,0.13170335,5,1,false,false,5.5605555,1.215223,8.747979,2.9505203,0.10565809,3
56.59606,0.59122455,49.33051492789355,8.577277273718108,0,1,6891.1323,0.13702933,5,1,false,false,5.6631527,1.3694698,8.328016,2.952406,0.11969144,3
56.618073,0.59143215,49.330516546366,8.577264617256773,0,1,6890.948,0.13799787,5,1,false,false,5.9324813,1.4553432,8.695542,2.9544806,0.12877278,3
56.64093,0.5916401,49.330518254772635,8.577251823090588,0,1,6882.3647,0.1365453,5,1,false,false,6.4562817,1.4471931,9.715195,2.9566817,0.13551405,3
56.66261,0.5918481,49.33051987324508,8.577239166629255,0,1,6878.8735,0.13315648,5,1,false,false,6.673324,1.3604795,9.770791,2.9590013,0.14238127,3
56.68276,0.59205616,49.330521491717526,8.577226372672985,0,1,6882.2866,0.12661946,5,1,false,false,6.7176633,1.2928886,10.583936,2.9613962,0.14490664,3
56.70324,0.5922643,49.330523020255775,8.5772135785068,0,1,6884.0454,0.117178105,5,1,false,false,7.106909,1.3901523,10.828556,2.9638252,0.1469488,3
56.723736,0.5924725,49.33052463872822,8.57720078455053,0,1,6878.7173,0.10652621,5,1,false,false,7.2321486,1.3367419,10.301328,2.9662533,0.14495456,3
56.74382,0.59268075,49.33052616726647,8.577187990384346,0,1,6876.6387,0.09490526,5,1,false,false,6.860412,1.3301853,10.261592,2.9686053,0.13675648,3
56.76338,0.592889,49.330527785738916,8.577175196428076,0.0009531753,1,6879.2275,0.083526775,5,1,false,false,6.8841863,1.2758417,10.184065,2.9707766,0.12404353,3
56.781914,0.5930974,49.33052931434577,8.57716240226189,0.0327654,1,6879.5845,0.07335844,5,1,false,false,6.7273126,1.2205343,10.705888,2.9727416,0.111619934,3
56.795956,0.59330577,49.330530752949834,8.577149608305621,0.05576076,1,6880.6514,0.064885214,5,1,false,false,6.5305457,0.81869245,9.97446,2.9745204,0.102146044,3
56.8038,0.5935142,49.33053228148808,8.577136814139436,0.1000834,1,6878.708,0.05544295,5,1,false,false,6.0032296,0.46014127,8.986355,2.976126,0.0898384,3
56.802776,0.59372264,49.330533810094934,8.577124020183167,0.13725722,0.9536375,6870.274,0.04818034,5,1,false,false,5.6736703,-0.18650416,9.191411,2.9775236,0.07666646,3
56.790775,0.59393096,49.330535248699,8.577111088522045,0.17204817,0.8631319,6851.541,0.041884877,5,1,false,false,5.424892,-0.9166604,8.983824,2.9786844,0.061288286,3
56.764755,0.5941392,49.33053668737166,8.577098294565776,0.2052901,0.7504316,6828.093,0.0360744,5,1,false,false,5.2082357,-1.8583941,9.767312,2.979638,0.052551307,3
56.72183,0.5943474,49.33053812597572,8.57708550039959,0.2405576,0.6187423,6801.6973,0.032926664,5,1,false,false,5.310613,-2.903308,10.20297,2.980504,0.0514813,3
56.662918,0.5945554,49.33053956464838,8.577072706443321,0.2633147,0.52848345,6773.6265,0.028569277,5,1,false,false,4.9856095,-3.8569357,9.61948,2.981349,0.050942477,3
56.588516,0.59476304,49.33054100325244,8.577059912277136,0.28368872,0.43477187,6741.7397,0.024452506,5,1,false,false,4.638412,-4.7445273,9.51047,2.9821448,0.044589426,3
56.498413,0.59497046,49.330542441925104,8.577047118320866,0.3034672,0.36744753,6710.7856,0.02130571,5,1,false,false,4.6925755,-5.717351,10.228198,2.982818,0.036615252,3
56.394344,0.5951775,49.33054379059498,8.577034324154681,0.32515195,0.28384706,6681.787,0.01985262,5,1,false,false,4.2654185,-6.489742,10.214252,2.9833562,0.02714256,3
56.276844,0.59538406,49.33054522926764,8.577021530198412,0.34731323,0.21923554,6652.003,0.019610126,5,1,false,false,4.0820875,-7.318682,10.857973,2.9837637,0.021595417,3
56.146782,0.5955902,49.33054657800611,8.577008873737078,0.37149996,0.16448832,6625.5225,0.020336669,5,1,false,false,4.142954,-7.9767666,10.163112,2.984083,0.018225994,3
56.007896,0.5957958,49.33054792674458,8.57699621706583,0.39521024,0.12059188,6590.228,0.019610127,5,1,false,false,3.6703465,-8.474638,10.086635,2.9843893,0.018286128,3
55.859436,0.5960009,49.33054927541445,8.576983560604496,0.43143103,0.082367435,6530.812,0.019126076,5,1,false,false,3.5469809,-9.121958,10.560975,2.9846854,0.017568074,3
55.702408,0.5962054,49.33055062415292,8.576970904143163,0.4639581,0.058692977,6453.297,0.017673928,5,1,false,false,3.074732,-9.557106,9.882824,2.9849892,0.01828386,3
55.53755,0.5964093,49.33055197289139,8.57695824768183,0.49779573,0.035511713,6364.1084,0.017189875,5,1,false,false,2.9983594,-10.046169,9.764339,2.9852986,0.019028151,3
55.357735,0.59661263,49.33055323169567,8.576945728715431,0.53127617,0.013316894,6398.395,0.016705826,5,1,false,false,2.4951189,-11.565548,8.213693,2.9856324,0.017825833,3
55.154366,0.5968152,49.33055458043414,8.57693320995895,0.5630884,0,6485.8853,0.01815891,5,1,false,false,2.1801414,-12.277132,8.328118,2.9858963,0.012054969,3
54.952217,0.59701705,49.33055583923842,8.57692082848749,0.5959729,0,6378.032,0.019610122,5,1,false,false,2.2960532,-12.099011,9.349064,2.986094,0.011824072,3
54.749557,0.59721816,49.330557098042696,8.576908309521091,0.6349339,0,6274.0405,0.022273805,5,1,false,false,2.0705125,-12.13766,8.133632,2.9863985,0.022054559,3
54.533485,0.5974185,49.33055835684698,8.576895928259546,0.6630527,0,6258.7754,0.025179043,5,1,false,false,2.2990594,-13.850913,10.611062,2.9868522,0.031456556,3
54.28776,0.597618,49.33055970558544,8.576883684492936,0.687716,0,6213.9243,0.027842727,5,1,false,false,2.3034942,-14.903522,11.211875,2.987436,0.039204754,3
54.042683,0.5978166,49.330560874455536,8.57687130323139,0.7121412,0,6159.847,0.029778926,5,1,false,false,2.4704614,-14.480494,8.856294,2.9881482,0.048461914,3
53.792564,0.5980143,49.33056213325981,8.576859196959717,0.73203874,0,6156.8525,0.028326781,5,1,false,false,2.2226164,-15.802134,8.895884,2.988945,0.04748548,3
53.513027,0.59821093,49.33056339206409,8.576846953193106,0.755749,0,6174.3633,0.026389642,5,1,false,false,2.5211272,-16.957302,11.758622,2.9896884,0.040684823,3
53.236366,0.5984066,49.33056465086837,8.576834846921434,0.7700465,0,6179.3994,0.02324285,5,1,false,false,2.5762534,-16.209467,10.987408,2.9902983,0.03289891,3
52.977055,0.59860134,49.330565819807056,8.576822878354612,0.7848208,0,6100.4883,0.021547263,5,1,false,false,2.2350583,-15.336807,10.166142,2.990838,0.031056635,3
52.713436,0.59879506,49.33056698867715,8.57681090978779,0.792446,0,6012.4575,0.02033667,5,1,false,false,2.3722563,-16.259485,11.183033,2.9914,0.03692642,3
52.43508,0.59898776,49.33056824748142,8.576798941011052,0.80042905,0,5991.594,0.020579165,5,1,false,false,2.4197874,-16.862312,11.365918,2.9920616,0.0416742,3
52.153572,0.5991795,49.33056941642011,8.576787109939167,0.8030503,0,5968.1943,0.02203225,5,1,false,false,2.5812917,-16.856022,11.582152,2.992788,0.04777193,3
51.87074,0.5993702,49.3305705852902,8.57677527886728,0.80459905,0,5912.717,0.02300035,5,1,false,false,2.5469666,-16.970316,10.9561405,2.993622,0.053948138,3
51.58808,0.59955984,49.330571664294695,8.576763585500247,0.8013822,0,5901.292,0.022273809,5,1,false,false,2.3763063,-16.963957,10.073694,2.9944897,0.051103078,3
51.305687,0.59974843,49.33057283316478,8.576751891923296,0.80042905,0,5903.3716,0.018883586,5,1,false,false,2.5384624,-16.92301,10.670497,2.9952781,0.044859853,3
51.026302,0.599936,49.33057400203487,8.576740336051198,0.79745024,0,5874.835,0.015252733,5,1,false,false,2.528811,-16.482553,10.144122,2.9960084,0.04290345,3
50.758343,0.6001226,49.33057508103936,8.576728780179101,0.7949483,0,5833.99,0.0133165335,5,1,false,false,2.2207162,-15.770993,9.211632,2.9967105,0.039986704,3
50.495384,0.6003082,49.33057616004386,8.576717361801938,0.7910164,0,5773.7446,0.012589992,5,1,false,false,2.3320444,-15.901771,10.888401,2.9973743,0.03960803,3
50.229076,0.6004928,49.33057732891395,8.576705943424777,0.7811272,0,5705.957,0.012589991,5,1,false,false,2.407976,-15.8658695,9.776825,2.9980989,0.047288943,3
49.969364,0.6006765,49.330578407918445,8.576694525047614,0.77374,0,5664.662,0.0142837,5,1,false,false,2.2836053,-15.491761,9.103455,2.9989414,0.054252237,3
49.71158,0.60085917,49.33057948685434,8.576683244375305,0.7665911,0,5622.874,0.014526194,5,1,false,false,2.3645806,-15.581456,8.672515,2.999894,0.061240483,3
49.445267,0.6010409,49.33058056585884,8.576671963493078,0.7677828,0,5602.5366,0.01283155,5,1,false,false,2.111832,-15.955884,8.962821,3.0009334,0.061063383,3
49.18484,0.60122174,49.33058155492915,8.576660820315704,0.7603955,0,5610.26,0.011620956,5,1,false,false,2.0851126,-15.532978,8.902765,3.0018651,0.050330985,3
48.9281,0.60140157,49.33058263386504,8.57664967713833,0.764685,0,5563.3936,0.0058104782,5,1,false,false,2.345618,-15.205183,9.156163,3.0026808,0.048812386,3
48.67443,0.6015805,49.33058371286953,8.576638533960955,0.75324684,0,5504.256,0.000725607,5,1,false,false,2.2546213,-15.308104,9.648892,3.003554,0.055103984,3
48.41977,0.6017585,49.33058470193984,8.576627528278516,0.75455743,0,5467.939,-0.0043583266,5,1,false,false,2.076092,-15.011422,8.968217,3.0045085,0.057960644,3
48.166527,0.6019355,49.33058569101014,8.576616522596078,0.7500298,0,5424.3765,-0.010653789,5,1,false,false,2.1935997,-15.307958,9.636138,3.005499,0.061188724,3
47.908676,0.6021117,49.33058668008045,8.576605654408576,0.760872,0,5391.4434,-0.015980216,5,1,false,false,2.1105368,-15.571187,9.7101,3.006512,0.05949366,3
47.64781,0.60228705,49.33058766915075,8.57659478643099,0.75801253,0,5389.9365,-0.021065082,5,1,false,false,2.289052,-15.82063,9.300776,3.007451,0.0529968,3
47.38184,0.60246146,49.33058865822106,8.57658405594834,0.7693316,0,5386.6255,-0.025907457,5,1,false,false,2.4066586,-16.03726,10.928319,3.0082815,0.04727276,3
47.12627,0.60263485,49.33058964729136,8.57657332546569,0.7686167,0,5355.6094,-0.02953924,5,1,false,false,2.2234657,-14.905287,8.024262,3.0089993,0.03927885,3
46.876728,0.6028072,49.33059063636167,8.57656259498304,0.7792207,0,5332.061,-0.032202926,5,1,false,false,1.898819,-14.77664,8.449629,3.0095544,0.026806349,3
46.629414,0.6029787,49.330591625363375,8.576552001995324,0.7845823,0.77,5587.133,-0.032202926,0,1,false,false,1.9092697,-15.205699,9.2167,3.009931,0.01768605,3
46.376175,0.6031493,49.33059252456809,8.57654140900761,0.80042887,0.15888888,5960.6416,-0.031718876,0,1,false,false,1.6772183,-14.529324,8.038381,3.010178,0.009130066,3
46.144245,0.6033189,49.33059351363839,8.576530953724747,0.8057905,0,5896.5073,-0.030023295,4,1,false,false,1.496226,-14.305025,7.4960227,3.0103226,0.007279005,3
45.891407,0.6034877,49.33059441277451,8.576520498441885,0.81794345,0,6094.7183,-0.027844604,4,1,false,false,1.43756,-15.726997,7.7194815,3.010463,0.008167693,3
45.61923,0.60365546,49.33059531191062,8.576510042949106,0.8203264,0,6057.6387,-0.024938427,4,1,false,false,1.5584054,-16.760038,9.903525,3.0106268,0.01081554,3
45.34495,0.6038222,49.33059621104673,8.57649972516118,0.83390915,0,5960.918,-0.021549141,4,1,false,false,1.8412269,-16.232706,8.929281,3.0109172,0.024673821,3
45.074436,0.60398793,49.33059720011704,8.576489407373252,0.83367103,0,5866.1987,-0.017433308,4,1,false,false,1.7097632,-16.43688,8.79601,3.0114326,0.036449026,3
44.796776,0.6041527,49.33059809925315,8.576479227290179,0.84773034,0,5773.33,-0.013074979,4,1,false,false,1.6783164,-16.89819,9.275477,3.0120625,0.038712222,3
44.501442,0.6043163,49.330598908523676,8.576469046997188,0.8484452,0,5682.523,-0.010169738,4,1,false,false,2.2034035,-18.228218,10.343449,3.012713,0.039385818,3
44.20987,0.60447884,49.33059980765979,8.576459004409049,0.857143,0,5799.8794,-0.0075069936,4,1,false,false,1.7781067,-17.708818,8.451544,3.0133817,0.038087018,3
43.91042,0.6046403,49.3306007067959,8.576448961610994,0.85666615,0,6004.174,-0.00460082,4,1,false,false,1.6680058,-17.851965,9.068133,3.0139682,0.031772632,3
43.623253,0.6048007,49.33060151606642,8.576439056727708,0.8613129,0,5907.431,-0.0026636813,4,1,false,false,1.860881,-17.052973,9.634467,3.0144587,0.026666854,3
43.33947,0.60496,49.330602415202534,8.576429151634505,0.859645,0,5813.902,0.00024155731,4,1,false,false,2.383931,-16.648737,10.123971,3.0149126,0.029078273,3
43.073486,0.6051184,49.330603224404456,8.576419384036237,0.860598,0,5722.603,0.0045998837,4,1,false,false,2.0668442,-16.168116,10.551229,3.015546,0.044157002,3
42.80431,0.60527575,49.33060403367498,8.576409616647886,0.85618967,0,5632.924,0.012105006,4,1,false,false,2.1870155,-16.176016,10.248321,3.0163472,0.05226406,3
42.533787,0.6054321,49.3306048428769,8.57639984904962,0.853211,0,5545.1045,0.019610127,4,1,false,false,2.3607192,-16.380032,10.241417,3.0172915,0.061114892,3
42.2531,0.6055874,49.330605652147426,8.576390219156204,0.84975564,0,5574.653,0.028085224,4,1,false,false,2.7075112,-17.281376,10.364897,3.0183792,0.0711194,3
41.958225,0.6057417,49.33060646134935,8.576380726757725,0.8472538,0,5607.9463,0.03558941,4,1,false,false,2.8029175,-17.996483,10.780034,3.0196366,0.07893422,3
41.66478,0.60589486,49.33060727061987,8.57637109686431,0.8356966,0,5601.928,0.04261141,4,1,false,false,2.96613,-17.375153,10.511937,3.0209546,0.07925104,3
41.37877,0.606047,49.33060807982179,8.576361741960767,0.8299772,0,5616.957,0.04769534,4,1,false,false,3.1408749,-16.99054,10.921085,3.0222445,0.075526595,3
41.09846,0.6061981,49.33060879915812,8.57635238726714,0.81615645,0,5624.17,0.05156868,4,1,false,false,3.5227056,-16.609713,11.239954,3.0234761,0.07367278,3
40.830296,0.60634816,49.330609518494455,8.576343032363598,0.801382,0,5594.085,0.0571376,4,1,false,false,3.5636203,-15.746607,10.8049965,3.0247326,0.077382565,3
40.57509,0.6064972,49.33061023783078,8.576333815164906,0.7875612,0,5550.277,0.06536926,4,1,false,false,3.5629306,-14.967992,9.934506,3.0260632,0.08312609,3
40.32888,0.60664546,49.330610957098514,8.576324597966215,0.7789823,0,5505.3364,0.07505307,4,1,false,false,3.3923106,-14.647549,9.184764,3.0274906,0.08793135,3
40.086056,0.60679275,49.33061167643484,8.576315380767523,0.771238,0,5460.0864,0.0874001,4,1,false,false,3.461369,-14.515072,9.450068,3.0290077,0.09476924,3
39.84535,0.6069392,49.330612395771176,8.576306301063768,0.7612297,0,5408.989,0.102652855,4,1,false,false,3.6818218,-14.391504,9.572582,3.0306716,0.10548942,3
39.60623,0.60708475,49.330613115107504,8.576297221360013,0.7515786,0,5357.1494,0.11959883,4,1,false,false,4.069841,-14.259928,9.67324,3.0325532,0.12121279,3
39.37047,0.6072294,49.33061374450965,8.57628827936111,0.7357322,0,5312.677,0.13775587,4,1,false,false,4.371066,-14.106673,9.400971,3.034748,0.14288178,3
39.137882,0.6073732,49.330614373911786,8.576279337362205,0.7110687,0,5267.159,0.15252268,4,1,false,false,4.493128,-13.847922,8.782112,3.0373077,0.16333833,3
38.907417,0.60751617,49.33061500331392,8.576270395153387,0.67973304,0,5236.601,0.16825804,4,1,false,false,4.842369,-13.808112,8.970381,3.0401688,0.17949402,3
38.678043,0.6076583,49.33061563271607,8.57626159064942,0.66722256,0,5232.136,0.18060464,4,1,false,false,5.41406,-13.690906,9.409661,3.0432866,0.19501969,3
38.451492,0.6077996,49.330616262118205,8.576252786145451,0.65685683,0,5229.585,0.18980299,4,1,false,false,5.8904033,-13.423908,9.417819,3.0466697,0.21079656,3
38.232834,0.60794,49.33061689152034,8.576243981641484,0.6497079,0,5213.278,0.19512896,4,1,false,false,6.0443053,-12.78995,9.306862,3.0503,0.22419804,3
38.021946,0.6080797,49.33061743098829,8.576235314632452,0.6346956,0,5183.439,0.195613,4,1,false,false,6.479609,-12.551362,9.6102915,3.0541592,0.23977748,3
37.81192,0.60821855,49.33061797045624,8.576226647833337,0.6181342,0,5147.585,0.19198218,4,1,false,false,6.9576974,-12.462756,9.882611,3.0583093,0.25823146,3
37.604855,0.6083567,49.33061850999279,8.576218118319241,0.5826285,0,5125.2124,0.18520358,4,1,false,false,7.1991763,-12.202945,9.535837,3.0627735,0.2767234,3
37.40539,0.60849404,49.330619049460736,8.576209451520127,0.54068863,0,5109.5586,0.17697376,4,1,false,false,7.447575,-11.585482,9.634057,3.0674798,0.28775638,3
37.2168,0.6086307,49.330619588928684,8.57620092200603,0.4763493,0,5087.3457,0.16922668,4,1,false,false,7.9556913,-10.999767,10.115796,3.0723422,0.29577616,3
37.036488,0.6087666,49.33062003853104,8.576192530196787,0.4336947,0,5075.7266,0.16317458,4,1,false,false,8.824021,-10.444437,10.463658,3.0773504,0.30523032,3
36.86707,0.6089019,49.3306204881334,8.576184000892608,0.40081015,0,5096.14,0.16172156,4,1,false,false,9.012433,-9.666403,9.968688,3.0824642,0.30719474,3
36.711784,0.6090366,49.330620937667156,8.576175609083364,0.39044437,0,5112.4126,0.16414319,4,1,false,false,8.886332,-8.756992,9.477056,3.087548,0.3007033,3
36.57015,0.60917073,49.33062129733532,8.57616721727412,0.38949117,0,5101.428,0.16946861,4,1,false,false,8.797476,-8.012968,8.704603,3.0924287,0.28413945,3
36.435932,0.6093043,49.33062165700348,8.576158963169728,0.3875849,0,5077.0684,0.17527868,4,1,false,false,8.663179,-7.774651,8.146971,3.096988,0.2616663,3
36.301697,0.60943747,49.33062201667165,8.576150571255527,0.37841064,0,5057.361,0.18229926,4,1,false,false,8.881093,-7.913435,8.774476,3.1011527,0.23902184,3
36.16317,0.60957,49.33062237633982,8.576142317046177,0.3724532,0,5040.2236,0.19174011,4,1,false,false,9.752454,-8.208887,9.887862,3.1050646,0.23509024,3
36.03175,0.60970205,49.33062273600798,8.576134062836827,0.37376392,0.77,5305.243,0.20456931,0,1,false,false,9.784775,-7.380764,9.082594,3.109085,0.24926944,3
35.90338,0.60983366,49.330623005741955,8.576125808627477,0.37745744,0.4644444,5743.3887,0.22127235,0,1,false,false,10.220661,-7.408054,10.698012,3.1134675,0.27918923,3
35.77833,0.6099647,49.33062327547593,8.576117554418127,0.38162753,0,5697.0767,0.23313397,3,1,false,false,10.409992,-7.190038,10.277946,3.1184263,0.315265,3
35.631195,0.61009586,49.33062345527571,8.576109437703714,0.38734657,0,5881.2075,0.24257432,3,1,false,false,10.378531,-10.391164,9.491298,3.1238985,0.33795482,3
35.43396,0.61022633,49.33062363514409,8.576101321094258,0.3959252,0,6159.14,0.24789977,3,1,false,false,10.203538,-11.45049,9.254403,3.1296175,0.34752035,3
35.259136,0.6103563,49.33062381494388,8.576093204379845,0.40081018,0,6153.958,0.25128815,3,1,false,false,10.910916,-9.462942,9.842522,3.1355174,0.36135226,3
35.10811,0.6104856,49.33062399481226,8.57608508777039,0.4062909,0,6050.579,0.25346735,3,1,false,false,11.950829,-8.356824,10.305882,-3.1415818,0.36519498,3
34.96443,0.61061454,49.33062417461204,8.57607710865587,0.4129632,0,5997.5083,0.2570976,3,1,false,false,11.941383,-8.475591,10.163054,-3.1356087,0.3483417,3
34.807434,0.61074215,49.33062426454623,8.576069129541349,0.42201832,0,6033.09,0.26266524,3,1,false,false,12.044566,-9.400743,9.885008,-3.1299944,0.3266559,3
34.648026,0.6108691,49.33062426454623,8.57606115042683,0.43000114,0,6045.1035,0.27283168,3,1,false,false,11.810312,-8.99645,10.179708,-3.1246665,0.3159533,3
34.497723,0.6109956,49.33062435448043,8.576053171417268,0.4321459,0,5987.5273,0.28541893,3,1,false,false,11.899262,-8.460667,9.691179,-3.1193402,0.32608122,3
34.353436,0.6111217,49.33062435448043,8.576045329902641,0.43369472,0,5908.7144,0.30212045,3,1,false,false,11.609806,-8.270486,9.034645,-3.113742,0.34593487,3
34.207375,0.61124736,49.33062435448043,8.576037488283058,0.43166918,0,5860.2163,0.3212418,3,1,false,false,11.453545,-8.601434,8.980121,-3.1078053,0.36651325,3
34.056343,0.61137235,49.33062426454623,8.576029646768431,0.43023944,0,5834.812,0.34181547,3,1,false,false,11.619333,-8.821875,9.101349,-3.1015165,0.38936648,3
33.90282,0.6114967,49.33062417461204,8.576021805253806,0.4259501,0,5804.461,0.35972667,3,1,false,false,11.917147,-8.878992,8.989884,-3.0948236,0.41309345,3
33.750244,0.6116206,49.33062408467785,8.576014101339075,0.4238055,0,5769.528,0.37449062,3,1,false,false,12.112309,-8.749615,8.868923,-3.0877604,0.43403774,3
33.598213,0.61174405,49.33062399481226,8.576006397424342,0.41737166,0,5740.736,0.3848982,3,1,false,false,12.468606,-8.759072,9.237881,-3.0803673,0.45354545,3
33.443893,0.6118671,49.33062381494388,8.575998693404651,0.4124866,0,5715.613,0.38949662,3,1,false,false,13.150159,-8.885821,9.862812,-3.072632,0.47523087,3
33.286556,0.61198974,49.33062363514409,8.57599098948992,0.40057185,0,5691.205,0.3894967,3,1,false,false,14.154998,-9.028271,10.530965,-3.0645123,0.49961364,3
33.129215,0.61211216,49.33062336541012,8.575983423175082,0.39127842,0,5670.141,0.3858664,3,1,false,false,14.606586,-8.831054,10.162942,-3.0559797,0.5235073,3
32.97664,0.612234,49.33062309560755,8.575975856755285,0.37328726,0,5650.141,0.37957317,3,1,false,false,14.611134,-8.4534445,9.973532,-3.0471025,0.5407289,3
32.83137,0.6123555,49.330622825873576,8.57596829033549,0.35672587,0,5623.8667,0.3727969,3,1,false,false,14.646386,-7.96992,9.5868435,-3.0380094,0.5485896,3
32.691086,0.6124765,49.330622466205405,8.575960861515588,0.3297986,0,5596.092,0.36868158,3,1,false,false,14.900392,-7.7487426,9.704356,-3.0288603,0.547948,3
32.553406,0.6125972,49.330622106605844,8.575953432800643,0.30549264,0,5579.43,0.36795563,3,1,false,false,15.259132,-7.5534573,9.6429,-3.0197835,0.5403272,3
32.41901,0.61271816,49.33062174693767,8.575946003980741,0.2702252,0,5577.918,0.36989227,3,1,false,false,15.381286,-7.256391,9.600618,-3.0108657,0.5301286,3
32.291954,0.61283886,49.33062129733532,8.575938575160839,0.25318712,0,5578.571,0.37521675,3,1,false,false,15.519712,-6.7116146,9.756062,-3.0020914,0.5237154,3
32.172256,0.6129592,49.330620847732966,8.575931146340936,0.23174077,0,5569.7837,0.38320455,3,1,false,false,15.80353,-6.3098745,9.782762,-2.9933662,0.52514124,3
32.058483,0.6130792,49.33062030826501,8.575923855120928,0.21720478,0,5550.866,0.39482135,3,1,false,false,15.750221,-5.923448,9.526363,-2.9845397,0.5336226,3
31.949366,0.613199,49.330619768797064,8.57591656390092,0.20183486,0,5530.8965,0.4086171,3,1,false,false,16.03937,-5.7388124,9.471065,-2.9755738,0.54284817,3
31.843624,0.6133189,49.330619139394926,8.575909272575954,0.19552004,0,5513.7793,0.42313865,3,1,false,false,15.69084,-5.4199,8.913892,-2.9664495,0.5502158,3
31.742617,0.61343926,49.330618599858376,8.57590211895584,0.18706065,0,5494.5977,0.43790174,3,1,false,false,15.918792,-5.1837826,9.347653,-2.9572642,0.55224246,3
31.641071,0.6135593,49.33061788059065,8.575894965335726,0.18193735,0,5469.83,0.4570218,3,1,false,false,17.966627,-5.4007373,10.898522,-2.9479816,0.5674772,3
31.533735,0.6136791,49.33061725118851,8.575887811610654,0.17502679,0,5450.7383,0.47517225,3,1,false,false,18.976942,-5.4123116,10.739648,-2.9382265,0.60451305,3
31.43087,0.6137986,49.33061644191799,8.57588065799054,0.1750268,0,5445.8135,0.4952584,3,1,false,false,18.151136,-5.02891,9.842222,-2.9279041,0.6293199,3
31.33563,0.6139179,49.330615722581655,8.575873504265466,0.17478853,0,5444.043,0.51389337,3,1,false,false,16.692741,-4.519787,8.637408,-2.9174228,0.6235077,3
31.249979,0.61403805,49.33061482344554,8.575866488245246,0.17693312,0,5430.4204,0.5318009,3,1,false,false,16.240427,-4.0084915,8.228564,-2.9072096,0.600329,3
31.16513,0.61415815,49.33061401424362,8.575859472120069,0.17752887,0,5403.024,0.54898286,3,1,false,false,17.430172,-4.4530673,8.653831,-2.897419,0.5754487,3
31.063692,0.61427796,49.330613115107504,8.57585245599489,0.17824379,0,5384.0005,0.5608407,3,1,false,false,18.71836,-5.3496666,9.904349,-2.8879995,0.55490017,3
30.954657,0.61439747,49.330612215902796,8.575845439869711,0.17276303,0,5390.1396,0.5690683,3,1,false,false,19.094084,-5.5426598,10.548091,-2.878863,0.54476845,3
30.848303,0.6145166,49.33061122683249,8.575838561344428,0.16906944,0,5390.58,0.5729406,3,1,false,false,19.390123,-5.130428,10.742454,-2.8696787,0.56334317,3
30.750536,0.61463594,49.33061014789659,8.575831682819143,0.15977597,0,5356.954,0.5731827,3,1,false,false,19.326435,-4.620184,10.17772,-2.8599582,0.60436213,3
30.660429,0.6147558,49.330609068892095,8.575824804293859,0.15107831,0,5305.586,0.5722145,3,1,false,false,18.9506,-4.304025,9.807965,-2.8495219,0.64742994,3
30.569368,0.6148752,49.3306079899562,8.575817925768574,0.13975936,0,5268.111,0.5710043,3,1,false,false,20.245918,-4.6265426,11.4785795,-2.8383932,0.69113857,3
30.47493,0.61499435,49.33060682101751,8.575811184843184,0.12617661,0,5258.07,0.5710044,3,1,false,false,17.024498,-4.7180805,8.91032,-2.8265593,0.7126476,3
30.384052,0.6151131,49.330605652147426,8.575804443917793,0.112355515,0,5269.9487,0.57366586,3,1,false,false,16.876165,-4.4392333,8.464423,-2.8149424,0.6794371,3
30.293629,0.6152316,49.330604393343144,8.575797840487338,0.1007983,0,5285.1216,0.58165157,3,1,false,false,17.607792,-4.3074017,9.162598,-2.8039026,0.64621145,3
30.207094,0.6153505,49.33060313453887,8.575791099561947,0.08852615,0,5287.741,0.590847,3,1,false,false,18.367018,-3.8797064,9.706265,-2.793332,0.6256078,3
30.126392,0.61546904,49.33060187573459,8.575784496131494,0.07816039,0,5275.849,0.598107,3,1,false,false,19.12626,-3.5508,9.949123,-2.7830076,0.61222064,3
30.046152,0.61558723,49.330600526996115,8.575777892805997,0.06946264,0,5262.8228,0.6051247,3,1,false,false,19.82822,-3.520403,10.2958355,-2.772941,0.6002556,3
29.967272,0.615705,49.33059908832346,8.575771426975436,0.059930883,0,5258.8145,0.61262566,3,1,false,false,19.44313,-3.3679028,10.0900955,-2.7628791,0.60773486,3
29.893614,0.61582243,49.33059773958499,8.575764823649939,0.052543778,0,5255.631,0.6210957,3,1,false,false,19.241486,-3.1335194,9.575483,-2.7526672,0.61729836,3
29.824234,0.61593956,49.33059621104673,8.575758357819378,0.04908852,0,5244.471,0.6324675,3,1,false,false,18.905828,-2.9042647,9.375475,-2.742315,0.62351215,3
29.758324,0.61605567,49.33059468250848,8.575752029588712,0.047539618,0,5231.6484,0.648196,3,1,false,false,18.585047,-2.7445736,9.053579,-2.7319279,0.6223362,3
29.692814,0.6161713,49.33059315397023,8.57574556375815,0.04777791,0,5223,0.67069894,3,1,false,false,18.485743,-2.853928,8.966375,-2.7215662,0.6217969,3
29.629707,0.61628646,49.33059153549778,8.575739235527484,0.049088527,0,5215.541,0.6973152,3,1,false,false,18.166088,-2.6611574,9.027227,-2.711233,0.6182523,3
29.56621,0.61640126,49.330589917025335,8.57573290719186,0.051233176,0,5206.1895,0.72804344,3,1,false,false,18.530521,-2.7243807,9.259085,-2.7009313,0.61878633,3
29.501928,0.6165157,49.3305882985529,8.575726716561087,0.052305494,0,5196.9165,0.76022303,3,1,false,false,18.532434,-2.7670376,9.096306,-2.69057,0.6253468,3
29.43523,0.6166293,49.33058659014626,8.57572038833042,0.054450143,0,5188.086,0.7933699,3,1,false,false,18.64494,-2.874722,9.212307,-2.6800373,0.6386815,3
29.368502,0.6167416,49.33058479187403,8.575714197699648,0.055403303,0,5177.693,0.826999,3,1,false,false,18.828352,-2.8822854,9.338163,-2.6692803,0.65340376,3
29.300188,0.6168533,49.330583083467396,8.57570814456381,0.05540331,0,5164.643,0.8591749,3,1,false,false,19.1358,-3.0047119,9.421367,-2.6582348,0.6725381,3
29.22934,0.6169646,49.330581195260976,8.57570195382808,0.053496953,0,5150.3267,0.88506144,3,1,false,false,19.418491,-3.0993326,9.343222,-2.6468558,0.6925898,3
29.155275,0.6170754,49.33057939698875,8.575695900797202,0.050994884,0,5136.2046,0.9131226,3,1,false,false,19.90439,-3.2834566,9.93503,-2.6351469,0.7127831,3
29.079685,0.61718583,49.330577418848144,8.575689847661364,0.047063027,0,5121.5684,0.9402169,3,1,false,false,19.590857,-3.2830508,9.100937,-2.623085,0.73349893,3
29.004793,0.61729556,49.330575530641724,8.575683932125422,0.04289289,0.009371147,5104.6475,0.9675521,3,1,false,false,20.305952,-3.249879,10.082038,-2.610668,0.7590136,3
28.928354,0.6174042,49.330573552501114,8.575678016589478,0.03776958,0.026140565,5088.281,0.9922252,3,1,false,false,20.81801,-3.1992607,10.093928,-2.5977888,0.78486186,3
28.856047,0.61751235,49.330571484426315,8.57567223865343,0.03109735,0.045622684,5079.6914,1.0190752,3,1,false,false,19.69238,-2.9188251,8.848163,-2.5845861,0.7955321,3
28.785362,0.61762005,49.330569506285705,8.575666323117487,0.023114497,0.06609125,5078.7866,1.0439892,3,1,false,false,20.217958,-2.855481,9.469622,-2.571332,0.7964804,3
28.715355,0.6177273,49.33056734834531,8.575660545181437,0.012033837,0.08532675,5080.8667,1.0657586,3,1,false,false,20.798222,-2.7010012,9.991778,-2.5579886,0.8045235,3
28.649395,0.61783415,49.33056528033911,8.575654904740324,4.656613e-10,0.11491984,5089.0044,1.0860761,3,1,false,false,21.220125,-2.3609743,10.328245,-2.5444367,0.82477427,3
28.591228,0.6179406,49.330563032464525,8.57564926440417,0,0.14549938,5103.8667,1.1073607,3,1,false,false,20.09843,-1.8046927,9.20386,-2.5305595,0.8330343,3
28.538046,0.6180464,49.330560874455536,8.575643623963057,0,0.17780517,5138.045,1.1235656,3,1,false,false,19.731916,-1.6625283,8.923201,-2.516796,0.8168369,3
28.473812,0.6181517,49.33055862658095,8.575638121121838,0,0.2096178,5197.0474,1.1395288,3,1,false,false,25.736494,-2.5209866,12.701162,-2.5030184,0.86010754,3
28.401579,0.6182566,49.330556288840775,8.575632618385576,0,0.23896426,5279.288,1.1554916,3,1,false,false,25.119095,-2.1768615,13.012819,-2.4879203,0.94463867,3
28.337029,0.6183611,49.330553951032,8.575627115544357,0,0.2732429,5359.227,1.1683103,3,1,false,false,22.545155,-1.6819724,11.446366,-2.4718242,0.97422296,3
28.289091,0.61846536,49.33055161322322,8.575621750303032,0,0.3023427,5241.479,1.1801615,3,1,false,false,22.813627,-0.1357058,10.770401,-2.4557006,0.9595864,3
28.261282,0.6185693,49.33054918554886,8.575616522556642,0,0.32946974,5182.737,1.1910446,3,1,false,false,22.751678,0.08380557,9.915977,-2.4399142,0.9372955,3
28.219383,0.6186732,49.3305466678717,8.57561129491521,0,0.34673247,5251.437,1.1990249,3,1,false,false,21.387241,-0.8662837,9.682205,-2.424359,0.9352132,3
28.17755,0.6187767,49.330544150263144,8.57560606727378,0,0.3585697,5337.8003,1.2065225,3,1,false,false,20.909176,-0.040370815,9.453105,-2.408698,0.94171506,3
28.1571,0.61887985,49.33054163265459,8.575600839527391,0,0.36794075,5318.264,1.2145035,3,1,false,false,22.573334,1.1381128,11.402169,-2.3933027,0.9004068,3
28.14274,0.6189828,49.33053902511183,8.575595749485853,0,0.37533906,5205.8203,1.2236931,3,1,false,false,22.520012,1.4422847,11.736411,-2.378738,0.8503543,3
28.120604,0.61908555,49.330536417569085,8.575590796939252,0,0.38101104,5154.0874,1.2331262,3,1,false,false,24.523981,0.6371953,13.149141,-2.3646932,0.8433413,3
28.07708,0.6191882,49.330533720160744,8.57558584439265,0,0.3856967,5197.771,1.2403806,3,1,false,false,29.509373,-0.11537879,14.863249,-2.3504746,0.8738723,3
28.023752,0.6192908,49.33053093274962,8.575580891846048,0,0.3930949,5235.016,1.2457006,3,1,false,false,30.265211,-0.36043736,15.553605,-2.3355236,0.9150191,3
27.976086,0.61939347,49.33052814540708,8.575576076899342,0,0.40369913,5218.314,1.2490869,3,1,false,false,26.861782,-0.028236814,13.149092,-2.3200147,0.94109344,3
27.934595,0.6194957,49.33052535806455,8.57557139944757,0,0.41775587,5229.585,1.2498121,3,1,false,false,24.354675,0.56482697,11.106037,-2.3043225,0.93298894,3
27.923134,0.61959773,49.33052248078783,8.575566722100756,0,0.43329227,5262.1147,1.2493286,3,1,false,false,24.161753,1.6237262,11.268267,-2.289528,0.8276365,3
27.913671,0.61969966,49.33051960351111,8.575562182248879,0,0.45696664,5194.48,1.2498124,3,1,false,false,23.527073,1.9297104,12.214419,-2.2768362,0.7042941,3
27.90827,0.6198015,49.33051663630019,8.575557642397001,0,0.46683115,5127.1133,1.2539234,3,1,false,false,24.383211,1.8590778,12.389795,-2.2656815,0.64231807,3
27.89536,0.6199033,49.330513579223684,8.575553102545124,0,0.48113438,5134.256,1.259002,3,1,false,false,22.965075,1.0241907,11.026251,-2.2553027,0.605824,3
27.874313,0.6200058,49.33051061201277,8.57554870029314,0,0.49272507,5194.2095,1.2645645,3,1,false,false,21.23657,0.6026462,10.086149,-2.2453616,0.5904958,3
27.857897,0.620108,49.330507554867665,8.57554443564105,0,0.5075215,5254.686,1.2727861,3,1,false,false,19.49623,0.8910606,9.347273,-2.2355623,0.5883504,3
27.8515,0.62020993,49.330504407856964,8.57554017098896,0,0.525031,5283.894,1.2846358,3,1,false,false,18.151545,1.5154157,8.624562,-2.225658,0.6011142,3
27.859055,0.62031174,49.33050126084627,8.575535906231913,0,0.5454993,5288.62,1.3003552,3,1,false,false,17.49925,2.180127,8.605828,-2.215547,0.6107946,3
27.874517,0.62041354,49.330498113835574,8.575531779179716,0,0.57484597,5280.7246,1.3189752,3,1,false,false,16.873474,2.5820236,8.343816,-2.20532,0.61536264,3
27.894049,0.6205152,49.33049496682487,8.575527652022563,0,0.59704065,5271.2437,1.3346928,3,1,false,false,17.7509,2.674566,9.597038,-2.1950374,0.6193319,3
27.913036,0.6206174,49.33049172987999,8.575523524970366,0,0.6187423,5263.494,1.3438827,3,1,false,false,18.47412,2.7470202,10.021501,-2.1846313,0.6280165,3
27.934832,0.6207198,49.330488492935096,8.575519535413108,0,0.6330456,5257.57,1.3337266,3,1,false,false,19.251686,2.9144576,10.547047,-2.1741924,0.6212366,3
27.953974,0.62082195,49.33048516605602,8.575515545855847,0,0.6483353,5250.06,1.2981782,3,1,false,false,19.779877,2.6855032,10.668061,-2.1639416,0.60993063,3
27.971395,0.6209241,49.33048183917694,8.575511556298586,0,0.66066575,5258.4517,1.2340927,3,1,false,false,20.256725,2.6693046,10.593681,-2.153808,0.60608083,3
27.988554,0.62102616,49.33047851236646,8.575507704341222,0,0.6643652,5278.524,1.1518639,3,1,false,false,19.49213,2.599069,10.035409,-2.143715,0.60638285,3
28.010386,0.6211282,49.33047509555319,8.575503989878792,0,0.6683107,5296.7217,1.0415708,3,1,false,false,18.345997,2.810554,9.570219,-2.13362,0.6018875,3
28.035242,0.62123024,49.330471678808514,8.57550027552132,0,0.6675708,5306.9634,0.92787933,3,1,false,false,17.877398,3.003785,9.599964,-2.1236236,0.59823215,3
28.066591,0.62133193,49.330468262063846,8.575496561163847,0,0.6606658,5312.707,0.8313536,3,1,false,false,16.720385,3.2704728,8.959318,-2.1137443,0.58546656,3
28.10107,0.6214336,49.330464845250575,8.575492846701417,0,0.65425396,5311.3223,0.7607072,3,1,false,false,16.392809,3.351439,9.381718,-2.1041458,0.5674776,3
28.136381,0.6215353,49.33046133857171,8.575489269838881,0,0.6367449,5305.3447,0.72489864,3,1,false,false,16.9589,3.3639262,9.847712,-2.0948048,0.55680186,3
28.170422,0.621637,49.33045774195866,8.575485693081303,0,0.6273735,5299.236,0.72030175,3,1,false,false,16.841232,3.2604387,9.653263,-2.0855155,0.55886173,3
28.203144,0.6217386,49.330454235279795,8.57548225381866,0,0.6130703,5295.6743,0.7379638,3,1,false,false,16.493921,3.1432881,9.461273,-2.0761702,0.5630389,3
28.233612,0.62184036,49.33045063873534,8.575478814556018,0,0.60863143,5298.2676,0.7691751,3,1,false,false,16.359648,2.922978,9.282498,-2.0667708,0.5658938,3
28.261303,0.6219419,49.33044704212229,8.575475375293376,0,0.6086313,5311.619,0.8115148,3,1,false,false,16.199438,2.8283339,8.809792,-2.0572855,0.5722218,3
28.289387,0.6220434,49.33044344550923,8.575472073525669,0,0.6123306,5326.7715,0.8611105,3,1,false,false,16.0786,2.8947375,9.135568,-2.0477493,0.5712903,3
28.319143,0.6221447,49.33043975896199,8.575468771862921,0,0.6207151,5330.697,0.90586627,3,1,false,false,17.064999,3.069397,9.7877,-2.0382698,0.566312,3
28.350536,0.6222461,49.330436072483344,8.575465470200173,0,0.64932185,5327.3574,0.94868386,3,1,false,false,17.599228,3.1276264,10.058675,-2.0288641,0.56467044,3
28.382704,0.6223475,49.3304323859361,8.57546230603236,0,0.67299646,5328.323,0.9827913,3,1,false,false,17.560541,3.1868653,10.1947,-2.0194106,0.56950337,3
28.415642,0.62244886,49.33042860952326,8.575459279464441,0,0.69839716,5339.567,1.0060135,3,1,false,false,17.27522,3.1716244,9.39701,-2.0099037,0.5695012,3
28.449995,0.6225503,49.33042483311042,8.575456115401588,0,0.7270037,5359.1987,1.0265743,3,1,false,false,15.75412,3.2064047,8.723617,-2.000459,0.56226563,3
28.486942,0.6226516,49.33042105669759,8.575453088833669,0,0.75437725,5385.111,1.043022,3,1,false,false,16.388363,3.323408,9.409275,-1.9911456,0.5590159,3
28.524866,0.62275285,49.33041728021615,8.575450199865644,0,0.76843417,5406.882,1.0606791,3,1,false,false,17.041246,3.4441621,9.653023,-1.9817644,0.56784153,3
28.564608,0.6228541,49.330413503803314,8.575447310897621,0,0.78002477,5412.6553,1.0817225,3,1,false,false,17.564833,3.598715,10.295788,-1.9721327,0.5895357,3
28.606262,0.62295544,49.330409637456285,8.575444421929596,0,0.786683,5413.0693,1.0986533,3,1,false,false,17.64348,3.6719704,9.5982065,-1.962094,0.61429316,3
28.647636,0.6230568,49.33040568124367,8.575441532961571,0,0.79186195,5420.5083,1.109054,3,1,false,false,16.511164,3.5556417,8.906612,-1.9516913,0.63277,3
28.688963,0.62315834,49.33040181489664,8.575438781488483,0,0.79358816,5440.6055,1.111473,3,1,false,false,15.851849,3.48496,8.845107,-1.9410716,0.6395355,3
28.726404,0.6232599,49.33039785861542,8.575436167615289,0,0.79112196,5466.7915,1.1083286,3,1,false,false,16.879534,3.4036407,9.228858,-1.9303668,0.64645004,3
28.76788,0.62336135,49.33039399226839,8.575433553847052,0,0.7891494,5485.401,1.101798,3,1,false,false,17.03599,3.7907794,9.60092,-1.9195423,0.6500021,3
28.812578,0.6234629,49.33038994612158,8.575430939973856,0,0.78347725,5473.2573,1.0913972,3,1,false,false,17.005884,3.8682914,9.82475,-1.9087497,0.6449336,3
28.855515,0.6235645,49.33038598984036,8.575428463700556,0,0.77731204,5457.8657,1.0730153,3,1,false,false,17.388668,3.620218,9.778955,-1.8980002,0.6489804,3
28.89228,0.62366617,49.33038194362495,8.575425987427256,0,0.7733663,5474.984,1.0471344,3,1,false,false,17.628805,3.3504894,9.937138,-1.8869994,0.6726613,3
28.926922,0.6237679,49.33037789747814,8.575423511153955,0,0.76596797,5508.704,1.0050459,3,1,false,false,17.305527,3.3354857,9.876225,-1.8755915,0.6933882,3
28.963854,0.6238697,49.33037385133133,8.575421172480548,0,0.7610359,5521.9277,0.9397327,3,1,false,false,16.829338,3.5845494,9.475824,-1.863952,0.6998515,3
29.003605,0.62397164,49.33036980511592,8.575418971407036,0,0.76004946,5517.124,0.85554576,3,1,false,false,17.071623,3.6679785,9.4716215,-1.8522766,0.7016273,3
29.044088,0.6240736,49.33036566903492,8.57541663262867,0,0.7595562,5516.847,0.770143,3,1,false,false,16.942812,3.7778091,9.704484,-1.8405862,0.70005,3
29.086205,0.6241757,49.330361622888105,8.575414569050093,0,0.7622687,5524.403,0.6830394,3,1,false,false,17.225729,3.8806782,10.144752,-1.829014,0.68755615,3
29.1273,0.6242778,49.33035739687291,8.57541236797658,0,0.7639951,5522.849,0.6157719,3,1,false,false,18.18017,3.8237622,11.070712,-1.8176858,0.6740513,3
29.167007,0.62438,49.33035326079191,8.575410304398003,0,0.77903837,5519.5664,0.56664896,3,1,false,false,17.931288,3.9040825,10.719848,-1.8064715,0.66996753,3
29.20921,0.62448233,49.33034912471091,8.57540837841932,0,0.79112214,5528.4814,0.53276896,3,1,false,false,16.136347,3.9284523,9.119031,-1.7954274,0.65127856,3
29.253378,0.6245849,49.330344898695714,8.575406452440637,0,0.7982739,5547.891,0.5223628,3,1,false,false,15.602792,3.9247375,8.82553,-1.7848682,0.6165917,3
29.29667,0.6246877,49.33034067268052,8.575404526461954,0,0.8091245,5568.842,0.5366409,3,1,false,false,16.264032,3.8829665,9.551479,-1.7748684,0.58748794,3
29.33996,0.62479043,49.33033644666533,8.575402738083165,0,0.8293466,5585.9893,0.5751178,3,1,false,false,17.247398,4.1069107,10.209927,-1.7651738,0.5768629,3
29.386757,0.62489337,49.330332220650135,8.575401087199312,0,0.84069043,5586.8613,0.62157875,3,1,false,false,17.50483,4.3699045,10.346592,-1.7556295,0.5681406,3
29.434805,0.62499636,49.33032790476935,8.575399298820523,0,0.86535144,5577.8013,0.66053694,3,1,false,false,17.240429,4.2165666,10.059107,-1.746228,0.56129,3
29.476908,0.62509954,49.330323678754155,8.575397785536564,0,0.89050555,5590.1895,0.6902979,3,1,false,false,16.53946,3.569408,9.159933,-1.7368574,0.5671788,3
29.516672,0.6252029,49.33031936280477,8.575396134652712,0,0.924291,5648.769,0.70578325,3,1,false,false,16.207306,3.8750823,8.848493,-1.7273349,0.5707809,3
29.561758,0.62530667,49.330315046923985,8.575394621368751,0,0.95314443,5696.423,0.70239663,3,1,false,false,16.223755,4.1756635,9.212697,-1.717869,0.5628949,3
29.613205,0.6254106,49.3303107309746,8.575393245684687,0,0.98051786,5685.706,0.6772323,3,1,false,false,16.21274,4.5712266,9.472222,-1.7085469,0.5574396,3
29.669472,0.6255147,49.330306325159626,8.57539187000062,0,1,5662.9243,0.6261767,3,1,false,false,16.215246,4.7270327,9.635636,-1.6992474,0.55879563,3
29.724781,0.6256189,49.33030200921024,8.575390494211598,0,1,5666.9956,0.5562433,3,1,false,false,16.28122,4.545996,9.824102,-1.6899205,0.5602706,3
29.777122,0.62572324,49.330297603395266,8.575389256127426,0,1,5684.127,0.4809804,3,1,false,false,16.286016,4.415023,9.9934025,-1.680582,0.56011605,3
29.829557,0.6258277,49.33029319758029,8.575388018043256,0,1,5694.402,0.4182982,3,1,false,false,15.932813,4.5157185,9.749253,-1.6712648,0.556446,3
29.883839,0.62593293,49.33028879176531,8.57538691745402,0,1,5698.282,0.3677135,3,1,false,false,15.664866,4.5815487,9.603394,-1.6620419,0.5497355,3
29.939594,0.62603843,49.33028438588174,8.575385816864785,0,1,5704.5513,0.33237594,3,1,false,false,15.530365,4.651448,9.730305,-1.652957,0.5395844,3
29.996386,0.62614405,49.33027998006676,8.575384853875443,0,1,5710.7607,0.31591684,3,1,false,false,15.6399765,4.700282,9.911574,-1.6440847,0.5246973,3
30.054117,0.62624985,49.330275484317596,8.575383890886101,0,1,5711.453,0.31785357,3,1,false,false,15.681479,4.767755,9.905361,-1.6354967,0.50566775,3
30.112692,0.6263558,49.33027098856843,8.57538292789676,0,1,5709.319,0.33697498,3,1,false,false,15.754405,4.7878466,9.908219,-1.6272466,0.48460725,3
30.17039,0.626462,49.33026649281926,8.575382102507312,0,1,5710.086,0.37279707,3,1,false,false,15.8955345,4.6814713,10.001979,-1.6193305,0.46674272,3
30.225264,0.62656885,49.33026199707009,8.575381277012907,0,1,5718.9204,0.420718,3,1,false,false,16.458727,4.469771,10.412743,-1.611633,0.4602062,3
30.277191,0.62667644,49.33025750132092,8.575380589223354,0,1,5736.2007,0.46960568,3,1,false,false,17.021852,4.380316,10.548351,-1.603905,0.46842358,3
30.329021,0.6267842,49.330253005571755,8.57537990132884,0,1,5752.757,0.5134094,3,1,false,false,16.952705,4.402309,10.091258,-1.5960113,0.47809678,3
30.382921,0.62689215,49.33024850982259,8.575379351034224,0,1,5760.9253,0.5460794,3,1,false,false,16.242914,4.488694,9.461877,-1.5880064,0.48062554,3
30.439127,0.6270003,49.33024392417353,8.575378800739607,0,1,5765.845,0.56035674,3,1,false,false,15.708283,4.530745,9.102711,-1.5800372,0.4746975,3
30.495985,0.62710863,49.33023933849017,8.575378388044882,0,1,5773.624,0.55648506,3,1,false,false,15.576272,4.5604568,9.324289,-1.5721784,0.4671843,3
30.554594,0.6272172,49.33023484274101,8.575377975350158,0,1,5779.151,0.53083396,3,1,false,false,15.7627125,4.6394887,9.652003,-1.5644993,0.45385423,3
30.613365,0.627326,49.33023025709195,8.575377562655435,0,1,5775.729,0.48170644,3,1,false,false,15.814781,4.6139326,9.891443,-1.5570197,0.44410828,3
30.671785,0.6274351,49.330225671408584,8.575377287455646,0,1,5773.2227,0.42265457,3,1,false,false,15.190957,4.5128617,9.495761,-1.5496883,0.43622357,3
30.728983,0.62754434,49.330221085759526,8.575377012360818,0,1,5786.195,0.35198092,3,1,false,false,14.170255,4.339958,8.911387,-1.5424892,0.4275523,3
30.786076,0.6276538,49.33021641017628,8.575376874760924,0,1,5813.387,0.28517675,3,1,false,false,13.571153,4.3167214,9.015584,-1.5354816,0.4140351,3
30.843506,0.6277634,49.33021182452722,8.57537673716103,0,1,5836.293,0.2333759,3,1,false,false,13.137739,4.338584,9.095484,-1.5286791,0.40363812,3
30.90405,0.6278732,49.33020714894397,8.575376599666093,0,1,5848.8174,0.19730766,3,1,false,false,13.112606,4.550039,9.470681,-1.5220337,0.39402267,3
30.967442,0.6279831,49.33020256326061,8.575376599666093,0,1,5852.0454,0.18254039,3,1,false,false,12.81229,4.6540427,9.536516,-1.5155874,0.37987393,3
31.031921,0.6280932,49.330197887677365,8.57537673716103,0,1,5854.944,0.18665665,3,1,false,false,12.629126,4.648164,9.4063425,-1.509384,0.3657373,3
31.0958,0.62820345,49.330193212128414,8.57537673716103,0,1,5865.653,0.20916872,3,1,false,false,12.667456,4.600128,9.351664,-1.5033813,0.35613725,3
31.160158,0.628314,49.33018862644505,8.575376874760924,0,1,5879.5786,0.24354286,3,1,false,false,13.038902,4.645242,9.536749,-1.4975141,0.3485257,3
31.2252,0.62842476,49.3301839508618,8.575377012360818,0,1,5883.6655,0.29364815,3,1,false,false,13.388617,4.6894193,9.774292,-1.4917679,0.34198198,3
31.290907,0.62853575,49.33017927527855,8.575377287455646,0,1,5880.9263,0.34472066,3,1,false,false,13.721175,4.7104654,9.934921,-1.4860913,0.3403746,3
31.356167,0.62864685,49.33017450979541,8.575377562655435,0,1,5882.6167,0.4013564,3,1,false,false,13.963957,4.6321874,9.96989,-1.4804039,0.34276366,3
31.419607,0.62875813,49.330169834212164,8.575377975350158,0,1,5890.2075,0.45532712,3,1,false,false,14.484291,4.4941897,10.117937,-1.4746255,0.35198188,3
31.48123,0.6288696,49.33016515862891,8.575378388044882,0,1,5899.7935,0.5000985,3,1,false,false,14.935535,4.398547,10.371317,-1.4686332,0.36782578,3
31.541824,0.6289813,49.33016039314577,8.575378800739607,0,1,5909.151,0.52889717,3,1,false,false,15.205804,4.346852,10.418438,-1.4623266,0.38829526,3
31.602058,0.6290933,49.33015571756252,8.575379351034224,0,1,5918.669,0.5417235,3,1,false,false,15.20029,4.322353,10.48305,-1.4556746,0.40800917,3
31.662365,0.6292054,49.33015095207938,8.57537990132884,0,1,5928.2207,0.5424488,3,1,false,false,15.498397,4.3518367,10.589505,-1.4487032,0.42729357,3
31.72426,0.62931776,49.33014627649613,8.575380589223354,0,1,5935.803,0.53301096,3,1,false,false,14.6567745,4.4559093,9.708299,-1.4414775,0.43575367,3
31.788277,0.62943023,49.33014151101298,8.575381277012907,0,1,5938.4424,0.5172812,3,1,false,false,13.856089,4.5166636,9.660503,-1.4342515,0.4279815,3
31.85289,0.629543,49.330136745495544,8.575381964907418,0,1,5938.9185,0.49961528,3,1,false,false,14.08036,4.4811296,9.821864,-1.4272263,0.415528,3
31.916306,0.62965596,49.330132069912295,8.575382790296866,0,1,5943.7017,0.48001236,3,1,false,false,14.160206,4.381938,10.276709,-1.4203964,0.4053525,3
31.97867,0.62976915,49.330127304429155,8.575383615686313,0,1,5954.249,0.46331352,3,1,false,false,14.178898,4.3108788,10.478375,-1.4137053,0.39839372,3
32.03897,0.6298826,49.330122538946014,8.575384578780612,0,1,5967.345,0.44419432,3,1,false,false,13.900024,4.140885,10.1764,-1.4070917,0.39787862,3
32.097446,0.6299962,49.33011777342857,8.575385541769954,0,1,5988.798,0.42555946,3,1,false,false,13.2935095,4.024289,9.779857,-1.4004053,0.40610006,3
32.15631,0.63010997,49.33011300794543,8.575386642254232,0,1,6018.835,0.40692306,3,1,false,false,13.108779,4.059629,9.698912,-1.3935542,0.4153396,3
32.21628,0.63022405,49.33010824246229,8.575387742843468,0,1,6040.802,0.39119095,3,1,false,false,12.9663105,4.2161083,9.872985,-1.3865541,0.42295423,3
32.279537,0.6303383,49.33010347697915,8.575388843432703,0,1,6048.004,0.3805418,3,1,false,false,12.736083,4.3911395,9.789427,-1.3795005,0.4218234,3
32.344658,0.63045275,49.33009862156181,8.575389944021937,0,1,6048.7407,0.37618533,3,1,false,false,12.563496,4.4499087,9.718185,-1.3725164,0.4151488,3
32.409836,0.63056755,49.33009385604437,8.57539118210611,0,1,6053.5127,0.37860504,3,1,false,false,12.606018,4.4211254,9.7145815,-1.3656739,0.4057822,3
32.473984,0.6306826,49.33008909056123,8.575392557790174,0,1,6063.164,0.3851402,3,1,false,false,12.86273,4.365145,10.021059,-1.3589913,0.39682752,3
32.537315,0.6307978,49.33008432507809,8.57539393347424,0,1,6072.6123,0.39482126,3,1,false,false,13.163199,4.3258286,10.228057,-1.3524289,0.3913138,3
32.60023,0.63091326,49.33007946966075,8.575395309263264,0,1,6080.1553,0.40305063,3,1,false,false,13.073254,4.3231587,9.92723,-1.345933,0.38814616,3
32.663063,0.63102895,49.33007470417761,8.575396684947329,0,1,6089.3916,0.41055292,3,1,false,false,13.101897,4.286129,9.992915,-1.339489,0.38564205,3
32.72505,0.63114494,49.33006993866017,8.575398198231287,0,1,6101.23,0.4163615,3,1,false,false,13.105683,4.232888,10.007685,-1.3330673,0.38551533,3
32.786766,0.63126117,49.33006508327714,8.575399711515248,0,1,6114.886,0.4221701,3,1,false,false,12.987067,4.2515826,9.709342,-1.326628,0.38668716,3
32.848995,0.63137764,49.330060317759695,8.575401362294143,0,1,6126.4243,0.42749465,3,1,false,false,12.879521,4.253248,9.622888,-1.3201979,0.3846379,3
32.910896,0.63149434,49.33005546237666,8.575403013177995,0,1,6134.393,0.43354535,3,1,false,false,12.87507,4.207858,9.834423,-1.3138056,0.38370922,3
32.972374,0.6316113,49.330050696859225,8.575404801556784,0,1,6145.8706,0.44080657,3,1,false,false,13.175987,4.1921916,10.181573,-1.3073788,0.38858163,3
33.033176,0.6317285,49.330045841441894,8.575406452440637,0,1,6160.031,0.44903445,3,1,false,false,13.33951,4.1532598,10.217717,-1.3008413,0.3960558,3
33.09348,0.6318459,49.330041075958746,8.57540837841932,0,1,6172.067,0.45847297,3,1,false,false,13.38514,4.124387,9.996828,-1.2941693,0.40467614,3
33.153564,0.63196373,49.330036220541416,8.57541016679811,0,1,6183.786,0.46621776,3,1,false,false,13.229695,4.1094775,9.649674,-1.2873431,0.41396224,3
33.21378,0.6320817,49.330031455058275,8.57541209288175,0,1,6197.515,0.46984768,3,1,false,false,13.14526,4.124605,9.690015,-1.2803814,0.42088524,3
33.274513,0.63219994,49.330026599640945,8.57541415635537,0,1,6209.81,0.46621776,3,1,false,false,13.258101,4.1679883,9.943005,-1.273336,0.4236826,3
33.33532,0.63231844,49.330021834157805,8.575416082334053,0,1,6216.6533,0.45218033,3,1,false,false,13.534625,4.1876493,10.372505,-1.2662541,0.42588347,3
33.39616,0.6324371,49.33001697874047,8.575418283512523,0,1,6221.867,0.42410684,3,1,false,false,13.672627,4.174971,10.492058,-1.2591368,0.42797017,3
33.45634,0.63255614,49.330012213257326,8.5754203470911,0,1,6230.783,0.38320452,3,1,false,false,13.449017,4.1327906,10.344264,-1.2519884,0.42882368,3
33.516308,0.6326755,49.330007357839996,8.575422548164614,0,1,6244.0073,0.3398797,3,1,false,false,12.97462,4.126344,10.053154,-1.2448692,0.42365026,3
33.576767,0.63279516,49.330002592356855,8.575424749343084,0,1,6256.9805,0.30018386,3,1,false,false,12.577427,4.1844325,10.031872,-1.2378995,0.41117048,3
33.63827,0.632915,49.32999773693952,8.575427088016491,0,1,6265.6943,0.27016935,3,1,false,false,12.373505,4.2245684,10.326332,-1.2311931,0.3930163,3
33.700787,0.63303506,49.32999297145638,8.575429426689897,0,1,6271.431,0.25709775,3,1,false,false,12.466754,4.3117924,10.511897,-1.2247984,0.37425935,3
33.76371,0.6331554,49.32998811603905,8.575431902963198,0,1,6276.4478,0.2631493,3,1,false,false,12.572446,4.315716,10.490349,-1.2187105,0.35658062,3
33.826107,0.6332763,49.329983350538754,8.5754343792365,0,1,6281.971,0.28541893,3,1,false,false,12.7358055,4.230944,10.507267,-1.2128979,0.3426706,3
33.88746,0.6333973,49.32997858505561,8.5754368555098,0,1,6291.964,0.3195482,3,1,false,false,12.833897,4.202961,10.246689,-1.2072392,0.33718893,3
33.948383,0.6335186,49.32997372963828,8.5754393317831,0,1,6304.835,0.36142138,3,1,false,false,13.208762,4.1904216,10.423657,-1.2016264,0.3370992,3
34.009014,0.63364005,49.329968964155135,8.575441945656294,0,1,6314.289,0.40305063,3,1,false,false,13.0078,4.1580477,9.693926,-1.1959937,0.337848,3
34.06977,0.6337619,49.32996419865485,8.575444697024425,0,1,6319.9697,0.4403224,3,1,false,false,13.168183,4.137311,9.993839,-1.1903608,0.339518,3
34.13006,0.63388383,49.329959343254664,8.575447310897621,0,1,6328.165,0.46621776,3,1,false,false,13.702319,4.108235,10.415981,-1.184628,0.3491867,3
34.18918,0.634006,49.32995457775437,8.575450062265752,0,1,6338.449,0.47831845,3,1,false,false,13.804722,4.046676,10.559741,-1.1787059,0.36113515,3
34.247448,0.63412845,49.32994981225408,8.575452951233775,0,1,6348.522,0.47275242,3,1,false,false,13.956314,3.9606442,10.690556,-1.1725737,0.37474614,3
34.304226,0.63425106,49.32994504677094,8.5754558402018,0,1,6360.8696,0.45266485,3,1,false,false,13.781228,3.9044259,10.675522,-1.1661799,0.39257577,3
34.3614,0.6343739,49.32994019135361,8.575458729274782,0,1,6378.4243,0.41636148,3,1,false,false,13.467619,3.9395227,10.622599,-1.1595105,0.40576997,3
34.419155,0.6344971,49.329935425853314,8.575461755737743,0,1,6392.3604,0.38223594,3,1,false,false,13.2456665,3.9771037,10.611996,-1.1527038,0.4094194,3
34.47795,0.6346208,49.329930660370174,8.57546478230566,0,1,6399.194,0.35222292,3,1,false,false,13.085586,4.0693846,10.805377,-1.1458836,0.4080387,3
34.53829,0.63474476,49.32992589486988,8.57546780887358,0,1,6404.726,0.3343126,3,1,false,false,13.035478,4.1561475,11.023695,-1.1391416,0.39971122,3
34.598644,0.6348689,49.32992121928663,8.575470973041392,0,1,6409.307,0.32995617,3,1,false,false,13.17455,4.1266174,10.993634,-1.132578,0.38769475,3
34.658653,0.6349933,49.32991645380349,8.575474137104246,0,1,6414.748,0.33987963,3,1,false,false,13.233916,4.124423,10.841841,-1.1262205,0.37546024,3
34.717934,0.635118,49.3299116883032,8.575477438766995,0,1,6422.0566,0.36045274,3,1,false,false,13.322117,4.072234,10.89315,-1.1200511,0.36555585,3
34.77671,0.6352431,49.32990692282006,8.5754807405347,0,1,6430.682,0.3858663,3,1,false,false,13.494719,4.042624,10.806744,-1.1140195,0.35884202,3
34.83455,0.6353685,49.32990224723681,8.575484042197449,0,1,6439.5205,0.4100688,3,1,false,false,13.955642,3.9957106,11.173648,-1.1080593,0.35790023,3
34.891464,0.6354942,49.329897481736516,8.575487481460092,0,1,6448.918,0.4296733,3,1,false,false,14.1409445,3.9407065,10.95366,-1.1020546,0.3633709,3
34.9478,0.63562006,49.32989280615327,8.575490920722734,0,1,6459.769,0.435966,3,1,false,false,13.891895,3.8968523,10.611415,-1.0959362,0.37042794,3
35.00367,0.6357462,49.32988804067013,8.57549449758527,0,1,6472.2383,0.4274947,3,1,false,false,13.424652,3.879293,10.389526,-1.0897161,0.37513664,3
35.059673,0.6358726,49.32988336508688,8.575498074342848,0,1,6485.27,0.40474436,3,1,false,false,13.03554,3.8646321,10.326653,-1.0834513,0.37586874,3
35.116177,0.6359994,49.32987868950362,8.575501651205384,0,1,6497.1685,0.36626178,3,1,false,false,12.969619,3.9107895,10.831032,-1.0771993,0.37348774,3
35.172745,0.6361263,49.32987392402048,8.57550522806792,0,1,6505.557,0.32801944,3,1,false,false,12.853965,3.9170082,10.872606,-1.0710149,0.3687381,3
35.22978,0.6362535,49.329869248437234,8.575509080025286,0,1,6514.265,0.29340702,3,1,false,false,12.169705,3.9273365,10.374584,-1.0649333,0.35996675,3
35.286877,0.6363809,49.329864572853985,8.575512794487716,0,1,6525.998,0.26290715,3,1,false,false,11.422272,3.9180138,10.23459,-1.0590417,0.34597734,3
35.34419,0.63650864,49.32985989727074,8.575516646445083,0,1,6540.0376,0.24451101,3,1,false,false,11.19758,3.944258,10.1555195,-1.053409,0.33021027,3
35.40274,0.6366367,49.32985522170463,8.57552049840245,0,1,6551.72,0.23579621,3,1,false,false,10.766765,4.021343,9.666488,-1.0480676,0.3095551,3
35.4621,0.636765,49.32985063603842,8.575524350359814,0,1,6556.6143,0.23797539,3,1,false,false,10.772103,4.0293636,10.113893,-1.0431061,0.28665432,3
35.52114,0.63689345,49.329845960455174,8.57552820231718,0,1,6561.0083,0.24717328,3,1,false,false,10.611527,3.9898503,9.8359165,-1.0384743,0.27062908,3
35.579525,0.6370222,49.3298412848805,8.57553219187444,0,1,6573.4697,0.2578243,3,1,false,false,10.871034,3.9218466,10.522511,-1.0340453,0.26207113,3
35.636463,0.63715124,49.32983669921429,8.575536319031594,0,1,6588.8525,0.26823264,3,1,false,false,11.065666,3.8453968,10.464879,-1.0296887,0.26192138,3
35.69256,0.6372806,49.32983202363104,8.575540308588854,0,1,6602.769,0.27379975,3,1,false,false,11.06229,3.824045,10.78131,-1.025282,0.2682033,3
35.74944,0.63741016,49.32982743797341,8.57554443564105,0,1,6617.571,0.27234817,3,1,false,false,11.037009,3.8731718,10.618485,-1.0207158,0.27869153,3
35.806854,0.63754,49.32982276239016,8.575548562798204,0,1,6628.7393,0.26266515,3,1,false,false,10.744169,3.9245808,10.2409935,-1.0160229,0.28334016,3
35.865738,0.63767,49.32981817672395,8.575552827450293,0,1,6635.412,0.24572155,3,1,false,false,10.479282,4.006231,10.233114,-1.0112932,0.28217235,3
35.925465,0.6378002,49.32981359106631,8.575557092102382,0,1,6637.6963,0.22514519,3,1,false,false,10.182534,4.024781,10.4044695,-1.0066532,0.27329248,3
35.986237,0.6379308,49.32980891548306,8.575561356859431,0,1,6639.088,0.1987598,3,1,false,false,10.223315,4.084904,11.470762,-1.0022063,0.25973326,3
36.046307,0.63806164,49.32980432981685,8.57556562151152,0,1,6640.7056,0.17188987,3,1,false,false,9.975599,3.980978,11.284118,-0.9979981,0.24500155,3
36.105625,0.6381927,49.329799744159224,8.575570023763504,0,1,6647.4785,0.14114468,3,1,false,false,9.546678,3.9583418,11.1770525,-0.9940307,0.23031935,3
36.16423,0.638324,49.32979515849301,8.57557442601549,0,1,6660.0073,0.10071573,3,1,false,false,8.719398,3.9386191,10.724761,-0.9903226,0.21300256,3
36.223648,0.6384555,49.3297905728268,8.575578828267473,0,1,6671.951,0.059074737,3,1,false,false,7.5771103,3.9595606,10.030416,-0.9869983,0.18435083,3
36.28464,0.6385874,49.3297859871606,8.57558336811935,0,1,6679.0566,0.014526198,3,1,false,false,6.7553062,4.026262,9.949677,-0.9842162,0.14785592,3
36.346176,0.6387195,49.32978140150296,8.575587770371333,0,1,6681.1973,-0.01912795,3,1,false,false,6.2695794,4.0312223,10.766002,-0.98208714,0.108542986,3
36.407665,0.6388519,49.32977681583675,8.575592310223211,0,1,6685.753,-0.049878724,3,1,false,false,5.5967474,3.986504,11.14319,-0.9805641,0.07407722,3
36.467518,0.63898444,49.32977223017054,8.57559684997013,0,1,6696.335,-0.07796489,3,1,false,false,4.644838,3.8261085,10.411744,-0.97960377,0.0420403,3
36.526134,0.63911724,49.32976764450862,8.575601527421902,0,1,6715.3516,-0.11065466,3,1,false,false,3.8235586,3.7444515,10.447321,-0.97914654,0.01357465,3
36.584393,0.6392505,49.329763148759454,8.57560606727378,0,1,6737.7617,-0.1401958,3,1,false,false,2.842499,3.8072314,10.588619,-0.9791345,-0.012839711,3
36.64537,0.639384,49.32975856309324,8.5756106070207,0,1,6752.148,-0.16780162,3,1,false,false,2.1452017,3.9604783,10.433442,-0.9795922,-0.042478714,3
36.70796,0.6395177,49.329753887514286,8.575615284472471,0,1,6751.1987,-0.1958925,3,1,false,false,1.20216,4.0079713,10.42833,-0.9805592,-0.073690645,3
36.770687,0.63965166,49.32974930185236,8.575619961819285,0,1,6750.153,-0.22616297,3,1,false,false,0.2617518,3.9689107,10.45385,-0.9820394,-0.10396016,3
36.832226,0.6397859,49.329744716186156,8.575624639271057,0,1,6760.5684,-0.2622458,3,1,false,false,-0.57779473,3.8619518,10.101671,-0.984009,-0.13249332,3
36.891655,0.6399206,49.32974013052209,8.575629179122934,0,1,6774.19,-0.300027,3,1,false,false,-1.5165292,3.6993117,9.819804,-0.9864514,-0.16094449,3
36.949768,0.6400555,49.329735544858025,8.575633856469748,0,1,6788.0938,-0.3387772,3,1,false,false,-2.6546705,3.7045364,10.382753,-0.9893828,-0.1908382,3
37.00756,0.64019066,49.32973086927906,8.575638533921518,0,1,6803.533,-0.37438068,3,1,false,false,-3.913111,3.6417184,10.404041,-0.9928334,-0.22350727,3
37.064644,0.6403261,49.3297261937001,8.575643211268332,0,1,6818.2407,-0.40247625,3,1,false,false,-4.883378,3.6056042,10.813061,-0.9968317,-0.25591758,3
37.120193,0.6404618,49.32972160803603,8.575647888720104,0,1,6832.5522,-0.427908,3,1,false,false,-5.881945,3.5094712,10.692782,-1.0013753,-0.2894454,3
37.17526,0.64059794,49.329716932457075,8.575652428467023,0,1,6851.1606,-0.44510636,3,1,false,false,-6.3817716,3.5754519,9.881722,-1.0064703,-0.32046217,3
37.230774,0.64073426,49.32971225687811,8.575657105918795,0,1,6867.227,-0.4516461,3,1,false,false,-6.851851,3.5990343,9.90508,-1.0119836,-0.33940727,3
37.286404,0.64087087,49.32970749138425,8.575661645770673,0,1,6873.2275,-0.44849652,3,1,false,false,-7.712984,3.646716,10.002071,-1.0177773,-0.3550184,3
37.3427,0.6410077,49.329702815805284,8.575666185517592,0,1,6876.4844,-0.43687004,3,1,false,false,-7.9312797,3.6956108,9.772459,-1.0237771,-0.36230573,3
37.397713,0.6411449,49.32969805031143,8.575670862969364,0,1,6881.1704,-0.41773546,3,1,false,false,-8.015476,3.5700178,9.424909,-1.0298015,-0.35909078,3
37.44978,0.64128244,49.329693284817566,8.575675402821242,0,1,6893.332,-0.39666295,3,1,false,false,-8.161614,3.410088,9.221053,-1.0357455,-0.35467988,3
37.500645,0.6414203,49.32968851932263,8.575679942568161,0,1,6916.179,-0.37752944,3,1,false,false,-8.358709,3.3944092,9.029517,-1.041629,-0.35036382,3
37.55086,0.6415583,49.32968375382985,8.575684344820145,0,1,6935.405,-0.35912135,3,1,false,false,-8.59113,3.378868,9.286665,-1.047426,-0.34528574,3
37.600548,0.6416965,49.329678898421086,8.575688884672022,0,1,6948.53,-0.3455596,3,1,false,false,-8.587028,3.3693902,9.055395,-1.0531511,-0.34229475,3
37.65025,0.6418353,49.329674132925085,8.575693286924006,0,1,6966.3774,-0.33514452,3,1,false,false,-8.687212,3.3901079,8.8683405,-1.0588515,-0.34176865,3
37.699226,0.6419745,49.329669277516324,8.57569768917599,0,1,6986.7637,-0.3288472,3,1,false,false,-9.18969,3.338079,9.274341,-1.0645576,-0.3440367,3
37.74859,0.64211386,49.32966442210757,8.575702229027868,0,1,7003.3057,-0.3276366,3,1,false,false,-9.056581,3.4339905,8.570012,-1.0703107,-0.34525287,3
37.799213,0.6422534,49.329659476786055,8.575706493679958,0,1,7012.9453,-0.32933208,3,1,false,false,-9.464057,3.5395126,8.917914,-1.0760512,-0.34353054,3
37.850952,0.64239323,49.3296546213773,8.575710895931941,0,1,7016.5435,-0.33369145,3,1,false,false,-9.724658,3.5992694,8.807431,-1.0817336,-0.3383888,3
37.90283,0.642533,49.329649676051496,8.575715298183924,0,1,7018.898,-0.3382932,3,1,false,false,-10.060383,3.6420236,8.9379425,-1.0873286,-0.33295473,3
37.95466,0.6426729,49.3296447307257,8.575719562940973,0,1,7021.9253,-0.34192595,3,1,false,false,-10.3706045,3.5302024,9.083875,-1.0928104,-0.32483047,3
38.00415,0.64281297,49.32963978540419,8.575723827593063,0,1,7026.5347,-0.344832,3,1,false,false,-10.4515085,3.4756877,9.024077,-1.0981745,-0.31984046,3
38.052586,0.6429532,49.32963484007839,8.575728092245152,0,1,7039.084,-0.345317,3,1,false,false,-10.85771,3.3757095,9.491947,-1.1034921,-0.319874,3
38.09942,0.64309365,49.329629804844124,8.575732219402306,0,1,7053.9844,-0.34507456,3,1,false,false,-11.143613,3.3430188,9.282415,-1.1088581,-0.32488054,3
38.146294,0.643234,49.32962476960128,8.575736484054396,0,1,7066.695,-0.3438631,3,1,false,false,-11.114946,3.3782914,8.798747,-1.1143336,-0.33129144,3
38.193523,0.6433745,49.329619734358445,8.57574061121155,0,1,7074.8945,-0.3441055,3,1,false,false,-10.888856,3.3832994,8.749345,-1.1198577,-0.33138475,3
38.241863,0.6435152,49.32961469912418,8.575744738263746,0,1,7083.217,-0.34580106,3,1,false,false,-10.690704,3.4835627,8.446101,-1.1253612,-0.32769436,3
38.29068,0.6436561,49.329609663881335,8.5757488654209,0,1,7089.032,-0.34991884,3,1,false,false,-11.047056,3.4545007,8.827846,-1.1307435,-0.31902045,3
38.338554,0.64379716,49.32960453873003,8.575752854978159,0,1,7091.7935,-0.35597363,3,1,false,false,-11.266413,3.4047303,8.972927,-1.1360153,-0.3146884,3
38.384895,0.6439382,49.32959941357872,8.57575684453542,0,1,7099.8164,-0.3627541,3,1,false,false,-10.930355,3.2974932,8.414248,-1.1412507,-0.3145339,3
38.430332,0.6440794,49.32959428841884,8.57576083409268,0,1,7116.969,-0.3690514,3,1,false,false,-10.790582,3.1942668,8.24418,-1.1464778,-0.31378117,3
38.474255,0.6442208,49.329589163267535,8.575764823649939,0,1,7135.0957,-0.37389567,3,1,false,false,-11.403749,3.1826832,8.757283,-1.1517503,-0.32145393,3
38.518715,0.64436233,49.329583948199186,8.575768675607305,0,1,7148.766,-0.37438062,3,1,false,false,-11.720059,3.2693079,9.16281,-1.1572052,-0.33330107,3
38.563812,0.6445041,49.32957882304788,8.575772665164566,0,1,7155.4355,-0.3707479,3,1,false,false,-11.756187,3.2810838,9.029754,-1.162849,-0.3438995,3
38.608402,0.64464587,49.32957360797953,8.57577651712193,0,1,7162.216,-0.36396557,3,1,false,false,-12.082087,3.2653408,9.442226,-1.1686718,-0.3563755,3
38.653324,0.64478785,49.329568392911185,8.575780231479403,0,1,7174.044,-0.3579108,3,1,false,false,-12.129062,3.340402,9.050649,-1.1747295,-0.36854598,3
38.699722,0.64493,49.32956308792579,8.57578408343677,0,1,7180.417,-0.35306653,3,1,false,false,-11.832548,3.4011905,8.810621,-1.1808563,-0.36421517,3
38.74656,0.64507234,49.32955787285744,8.5757877978992,0,1,7176.7812,-0.3506454,3,1,false,false,-12.457472,3.42739,9.287519,-1.1868523,-0.35652566,3
38.793274,0.64521486,49.32955256787206,8.575791512256671,0,1,7174.5254,-0.3530665,3,1,false,false,-12.883431,3.466565,9.676677,-1.1927605,-0.35228416,3
38.83927,0.6453575,49.32954726288666,8.575795089119207,0,1,7176.3735,-0.35815236,3,1,false,false,-13.057446,3.359631,9.61854,-1.1985623,-0.34429,3
38.882656,0.6455004,49.32954195790128,8.575798665981743,0,1,7181.0786,-0.36348152,3,1,false,false,-12.29789,3.1706734,8.455687,-1.2042387,-0.33792984,3
38.923332,0.64564335,49.32953656299885,8.575802242739321,0,1,6937.4355,-0.3712321,3,1,false,false,-12.309457,2.8368504,8.638472,-1.2098328,-0.33370727,3
38.9232,0.64578646,49.32953125801345,8.575805819601857,0,1,6800.303,-0.3818886,0,1,false,false,-12.499251,-0.41579843,8.74268,-1.215225,-0.31087846,3
38.916073,0.64592963,49.329525863128175,8.575809258864501,0,1,6308.7153,-0.39303014,4,1,false,false,-13.258429,2.4132047,10.138886,-1.2202541,-0.30059242,3
38.99518,0.64607286,49.329520468225745,8.575812698127143,0,1,5514.929,-0.40199217,4,1,false,false,-12.671541,6.0710883,9.094014,-1.2256149,-0.3487303,3
39.05702,0.64621645,49.329515073323314,8.575816137389785,0,1,5716.84,-0.4075629,4,1,false,false,-11.109908,2.496553,6.9588294,-1.2316388,-0.36002505,3
39.073242,0.64636016,49.329509678420884,8.575819439052532,0,1,5967.226,-0.408047,4,1,false,false,-11.75005,1.7529032,7.627894,-1.2373785,-0.33086777,3
39.114414,0.64650404,49.32950419361856,8.575822878315176,0,1,5845.4116,-0.40998408,4,1,false,false,-12.549532,3.8787453,9.126596,-1.2428275,-0.32959127,3
39.173656,0.64664817,49.329498708799086,8.575826042482987,0,1,5741.1504,-0.41167963,4,1,false,false,-12.785645,4.020894,9.1237955,-1.2484642,-0.34804037,3
39.21829,0.64679253,49.32949322397962,8.575829344145736,0,1,5813.7993,-0.4119222,4,1,false,false,-12.781675,2.8136342,8.780471,-1.2543837,-0.36137915,3
39.253216,0.646937,49.329487739177296,8.575832508313548,0,1,5865.524,-0.4109532,4,1,false,false,-12.687003,2.8032289,8.469331,-1.2604874,-0.3715461,3
39.295525,0.6470817,49.32948225435782,8.575835672376403,0,1,5842.595,-0.40950102,4,1,false,false,-12.588839,3.3791416,8.444839,-1.2667596,-0.38018358,3
39.342827,0.6472267,49.32947667962131,8.575838836544214,0,1,5831.053,-0.40853202,4,1,false,false,-12.759362,3.4504535,8.745619,-1.2731056,-0.38003394,3
39.38676,0.6473718,49.329471194818986,8.575841863112133,0,1,5842.693,-0.40804702,4,1,false,false,-13.634814,3.1998901,9.130147,-1.2794182,-0.37925315,3
39.42865,0.6475171,49.32946562008247,8.575844889680052,0,1,5847.6816,-0.40853193,4,1,false,false,-13.431671,3.1745505,8.769934,-1.2857107,-0.37569842,3
39.470356,0.6476626,49.329460045363106,8.575847916143012,0,1,5847.9336,-0.4116798,4,1,false,false,-13.448938,3.1544929,8.826931,-1.2919478,-0.37421313,3
39.51046,0.6478083,49.32945438070956,8.575850805111036,0,1,5858.128,-0.41749296,4,1,false,false,-13.390685,3.02206,8.70986,-1.2981877,-0.37608182,3
39.550198,0.64795434,49.32944880599019,8.575853694184019,0,1,5874.454,-0.4250028,4,1,false,false,-14.151017,3.120489,9.348526,-1.3044792,-0.38048849,3
39.59023,0.64810044,49.32944314133663,8.57585644555215,0,1,5879.186,-0.4325108,4,1,false,false,-13.764372,3.0804665,8.615498,-1.3108542,-0.38550264,3
39.63097,0.6482467,49.32943747670023,8.575859334520175,0,1,5882.6836,-0.44147182,4,1,false,false,-13.750289,3.1571996,8.823829,-1.3173306,-0.39189813,3
39.6715,0.6483932,49.32943181204668,8.575862085993263,0,1,5892.214,-0.4526143,4,1,false,false,-14.228151,3.1131012,9.301401,-1.3239055,-0.39824367,3
39.71157,0.64854,49.32942614741027,8.5758646997615,0,1,5897.7944,-0.46375686,4,1,false,false,-14.632312,3.1568975,9.533342,-1.330603,-0.40502378,3
39.751804,0.64868695,49.32942048275672,8.575867313634694,0,1,5896.7896,-0.47344527,4,1,false,false,-15.256181,3.1387854,10.0345955,-1.3374002,-0.41076663,3
39.78998,0.6488341,49.32941472822042,8.575869927507888,0,1,5898.366,-0.4819241,4,1,false,false,-15.5629015,3.0543072,9.466664,-1.3443485,-0.42339796,3
39.82752,0.64898133,49.329409063566864,8.575872541276125,0,1,5908.4043,-0.48628342,4,1,false,false,-15.432345,3.0629015,9.230495,-1.3514957,-0.4323491,3
39.864796,0.64912885,49.329403309013415,8.575874879949533,0,1,5913.709,-0.4862834,4,1,false,false,-15.480249,3.0433054,9.042526,-1.3587201,-0.43432653,3
39.90288,0.6492766,49.32939755445997,8.575877356222833,0,1,5914.682,-0.48410368,4,1,false,false,-15.255558,3.116399,9.078839,-1.3659012,-0.42594343,3
39.940403,0.64942455,49.329391709972334,8.575879695001198,0,1,5915.9033,-0.48168153,4,1,false,false,-16.381083,3.0138502,10.104504,-1.3728924,-0.41525066,3
39.974583,0.64957255,49.329385955418886,8.575882033674604,0,1,5919.638,-0.48143914,4,1,false,false,-17.081514,2.8877552,10.844884,-1.379837,-0.42121026,3
40.006416,0.6497207,49.32938011093125,8.575884234748118,0,1,5933.3354,-0.48119667,4,1,false,false,-17.00722,2.797656,10.097961,-1.386993,-0.43814898,3
40.037273,0.6498692,49.32937426647791,8.575886435926588,0,1,5953.145,-0.47853196,4,1,false,false,-16.66089,2.6942286,10.524013,-1.3944213,-0.4538823,3
40.068855,0.6500178,49.329368421990274,8.575888499505165,0,1,5971.28,-0.47368777,4,1,false,false,-17.018917,2.9112947,10.528651,-1.4021407,-0.470287,3
40.105232,0.65016645,49.329362577502636,8.575890563083743,0,1,5973.856,-0.46932757,4,1,false,false,-17.539642,3.2387228,10.732531,-1.410031,-0.47390193,3
40.14427,0.6503153,49.3293567330493,8.57589262655736,0,1,5955.178,-0.4654523,4,1,false,false,-17.587736,3.342493,10.649507,-1.4178843,-0.46635556,3
40.18279,0.6504644,49.32935088856166,8.575894552536043,0,1,5942.815,-0.46399933,4,1,false,false,-17.607018,3.2481349,10.724738,-1.4255718,-0.45549247,3
40.218967,0.6506137,49.32934495417413,8.57589634101979,0,1,5946.9165,-0.46666396,4,1,false,false,-18.373857,3.1325557,11.464224,-1.4330504,-0.4416802,3
40.253735,0.65076315,49.3293390197866,8.57589812939858,0,1,5947.0557,-0.4719931,4,1,false,false,-18.167637,3.1312282,10.608404,-1.4403051,-0.4266758,3
40.290825,0.65091276,49.32933308539908,8.575899917882326,0,1,5942.1226,-0.48047015,4,1,false,false,-16.297728,3.1602972,9.143394,-1.4471458,-0.39093685,3
40.327106,0.65106255,49.32932715101155,8.575901568661223,0,1,5946.5024,-0.49161267,4,1,false,false,-16.322342,2.9935765,9.369733,-1.4533465,-0.35625443,3
40.360607,0.65121275,49.32932121662402,8.575903219545076,0,1,5959.2266,-0.5088117,4,1,false,false,-17.26856,2.900669,10.160334,-1.4591554,-0.34466738,3
40.392525,0.65136296,49.329315282236486,8.575904732829034,0,1,5965.3965,-0.5315809,4,1,false,false,-18.203377,2.7969377,11.114449,-1.4649181,-0.3529569,3
40.42103,0.65151334,49.329309257914765,8.575906246112995,0,1,5974.841,-0.5490228,4,1,false,false,-17.142523,2.5293105,9.817721,-1.4710488,-0.38524774,3
40.44945,0.6516638,49.32930323362735,8.57590762179706,0,1,6007.573,-0.5584698,4,1,false,false,-16.142023,2.5473392,9.1217,-1.4777377,-0.41505793,3
40.480724,0.65181404,49.32929729923982,8.575908997481125,0,1,6032.4854,-0.5604076,4,1,false,false,-16.389475,2.8063893,9.613343,-1.484834,-0.43512458,3
40.515495,0.6519643,49.329291274952396,8.575910235670253,0,1,6023.598,-0.55968106,4,1,false,false,-17.771347,3.2129316,11.489687,-1.4923985,-0.46759775,3
40.553734,0.6521147,49.329285250630676,8.575911473754426,0,1,6000.985,-0.558712,4,1,false,false,-17.573708,3.096262,10.372845,-1.5002216,-0.46864033,3
40.586704,0.65226525,49.32927922634326,8.575912574343661,0,1,6002.3657,-0.5579847,4,1,false,false,-17.585562,2.8264248,10.481507,-1.5080452,-0.4695322,3
40.619152,0.65241575,49.32927320202154,8.575913674932895,0,1,6027.605,-0.55871207,4,1,false,false,-15.26993,2.780112,8.550475,-1.5156963,-0.44302556,3
40.656498,0.65256613,49.32926708779993,8.575914637922237,0,1,6040.167,-0.56476784,4,1,false,false,-15.035594,3.2163444,8.082378,-1.5227164,-0.3966816,3
40.69158,0.6527167,49.329261063512504,8.575915600911578,0,1,6021.5723,-0.5834221,4,1,false,false,-18.252024,2.8609931,10.541805,-1.529119,-0.3873569,3
40.730377,0.6528673,49.32925494929089,8.57591656390092,0,1,6010.9136,-0.6059505,4,1,false,false,-18.584908,3.2528956,11.570496,-1.5357237,-0.40020144,3
40.759148,0.65301806,49.32924892496917,8.575917389290368,0,1,6008.5967,-0.6175791,4,1,false,false,-16.970516,2.2999947,10.234099,-1.5425266,-0.41701204,3
40.77591,0.6531687,49.32924281074756,8.57591807718488,0,1,6052.094,-0.61927557,4,1,false,false,-17.821459,1.4829643,10.36823,-1.5497224,-0.4505962,3
40.780014,0.6533192,49.329236696525946,8.575918902574328,0,1,6147.483,-0.61200714,4,1,false,false,-14.642551,0.99098104,7.6935635,-1.5575126,-0.47450364,3
40.79257,0.6534698,49.32923058233864,8.575919452868945,0,1,6249.2026,-0.6035286,4,1,false,false,-17.74031,3.0392268,9.249579,-1.5655195,-0.4880753,3
40.840134,0.6536205,49.329224468117026,8.575920003163564,0,1,6211.1235,-0.60159045,4,1,false,false,-16.57393,4.348135,10.334656,-1.5737593,-0.49411914,3
40.898254,0.6537712,49.32921835389541,8.57592055345818,0,1,6057.8467,-0.59892565,4,1,false,false,-17.106705,4.6142707,11.210747,-1.5819821,-0.49165955,3
40.943546,0.653922,49.3292122396738,8.575920966152903,0,1,6007.215,-0.59480697,4,1,false,false,-16.529741,2.6420052,9.829615,-1.58993,-0.46810552,3
40.97132,0.654073,49.32920612545219,8.575921378847628,0,1,6095.025,-0.5923849,4,1,false,false,-17.095749,3.0049078,9.287739,-1.5975187,-0.43287843,3
41.00485,0.65422404,49.32920001123058,8.575921653942459,0,1,6112.026,-0.59698766,4,1,false,false,-17.117722,2.9507601,9.388955,-1.6042801,-0.38279355,3
41.040424,0.6543752,49.32919380710908,8.575921929142245,0,1,6045.9976,-0.6095851,4,1,false,false,-16.960047,3.6954591,9.979243,-1.6105454,-0.37041506,3
41.080563,0.6545263,49.329187692887466,8.575922066637181,0,1,6045.2803,-0.62799585,4,1,false,false,-17.56508,2.9281912,10.207682,-1.6165724,-0.35600314,3
41.11028,0.6546776,49.32918157866585,8.575922204237076,0,1,6070.493,-0.64325804,4,1,false,false,-17.671816,3.0457103,10.235445,-1.6225518,-0.3594882,3
41.14704,0.65482897,49.32917537451005,8.575922204237076,0,1,6063.2,-0.65706784,4,1,false,false,-19.761362,2.8543441,11.906569,-1.6282432,-0.31536287,3
41.166424,0.6549805,49.329169170388546,8.575922204237076,0,1,6051.6006,-0.6636086,4,1,false,false,-17.406956,2.3298798,10.581875,-1.6336759,-0.34727338,3
41.17352,0.6551319,49.329163056166934,8.575922204237076,0,1,6139.8228,-0.6597327,4,1,false,false,-16.971231,0.7301105,9.836592,-1.6399748,-0.41672468,3
41.167767,0.65528333,49.32915685204543,8.575921929142245,0,1,6266.0615,-0.6466509,4,1,false,false,-17.09395,0.43381813,8.742832,-1.6476612,-0.5068223,3
41.17489,0.6554347,49.329150737823824,8.575921791542353,0,1,6354.331,-0.63550663,4,1,false,false,-14.579908,2.5672548,7.481734,-1.6566725,-0.56132126,3
41.21811,0.6555862,49.32914453370232,8.575921516447522,0,1,6338.5737,-0.632356,4,1,false,false,-12.989254,3.965242,6.4799075,-1.6660128,-0.55353177,3
41.279682,0.6557379,49.32913832954652,8.57592110364784,0,1,6228.593,-0.64737755,4,1,false,false,-16.208881,5.583618,10.305031,-1.6750424,-0.52217734,3
41.336826,0.65588975,49.32913212542501,8.575920690953117,0,1,6105.9653,-0.67693377,4,1,false,false,-26.576363,3.5910976,16.386358,-1.6833494,-0.4913437,3
41.353966,0.6560418,49.3291260112034,8.575920278258392,0,1,6047.077,-0.69825333,4,1,false,false,-32.77842,2.1785183,20.984257,-1.6918433,-0.5454725,3
41.345215,0.6561938,49.3291198070476,8.575919590363881,0,1,6098.5947,-0.7006764,4,1,false,false,-35.833782,0.9310871,23.566746,-1.7017823,-0.6543032,3
41.333134,0.6563458,49.32911360296039,8.575918902574328,0,1,6147.805,-0.6871092,4,1,false,false,-39.261208,1.4714826,25.369452,-1.7137221,-0.7728422,3
41.331642,0.65649784,49.329107488738785,8.575917939584986,0,1,6128.482,-0.6619131,4,1,false,false,-35.92138,1.7859128,21.807728,-1.7270167,-0.8237893,3
41.329144,0.6566499,49.32910128458298,8.575916976595645,0,1,6134.059,-0.6335676,4,1,false,false,-28.918028,1.9466155,16.436975,-1.7406173,-0.7992319,3
41.333855,0.6568019,49.32909517036137,8.575915738406515,0,1,6208.745,-0.60498244,4,1,false,false,-24.170406,0.79374886,12.4769535,-1.7528906,-0.6937165,3
41.329304,0.6569539,49.32908905613976,8.575914500322344,0,1,6273.0776,-0.58172554,4,1,false,false,-19.496878,0.9899893,8.721387,-1.7634046,-0.586755,3
41.326416,0.6571061,49.329082851983955,8.575913262133215,0,1,6362.5195,-0.5713086,4,1,false,false,-14.588875,0.89327776,5.549947,-1.7723975,-0.5086485,3
41.32848,0.65725833,49.32907673776234,8.575911886449148,0,1,6465.487,-0.58002985,4,1,false,false,-8.601655,1.0567261,2.6299489,-1.7801911,-0.43012127,3
41.336926,0.6574106,49.32907062354073,8.575910510765084,0,1,6548.3774,-0.61806405,4,1,false,false,-4.5697956,1.1449507,0.18754852,-1.7865102,-0.3306613,3
41.34642,0.65756303,49.32906450931912,8.575909135081018,0,1,6626.5728,-0.69243914,4,1,false,false,-3.3369582,0.98702025,-0.29405734,-1.7913566,-0.2558237,3
41.355286,0.6577156,49.32905839516611,8.57590762179706,0,1,6726.4624,-0.7971065,4,1,false,false,-2.8824017,0.99624074,0.22212067,-1.7952106,-0.20736775,3
41.36366,0.65786844,49.329052280944495,8.575906246112995,0,1,6825.404,-0.9187464,4,1,false,false,-2.5212643,0.93178153,0.28307912,-1.7983633,-0.17112984,3
41.37595,0.6580213,49.32904616672288,8.575904732829034,0,1,6909.1567,-1.0292522,4,1,false,false,-2.3115375,1.8262329,0.4488531,-1.80098,-0.14038299,3
41.47479,0.6581742,49.32903996256708,8.57590335714497,0,1,6900.4424,-1.12038,4,1,false,false,-4.17264,9.108341,3.7627895,-1.8026403,-0.049175162,3
41.604786,0.65832776,49.32903384834547,8.57590184386101,0,1,6492.144,-1.1984252,4,1,false,false,-30.78784,8.855901,18.326168,-1.8038751,-0.15840934,3
41.695656,0.65848196,49.329027734123855,8.575900192977157,0,1,6041.3315,-1.2255737,4,1,false,false,-38.246986,5.8404684,23.788847,-1.8086551,-0.42939755,3
41.684616,0.6586362,49.32902152996805,8.575898404598368,0,1,6050.2603,-1.1497077,4,1,false,false,-32.39667,-0.7883314,22.223627,-1.8177601,-0.6162854,3
41.622852,0.6587904,49.32901541574644,8.575896478619685,0,1,6383.5605,-1.0328885,4,1,false,false,-31.689938,-2.113801,16.827763,-1.8284439,-0.6596858,3
41.605667,0.65894437,49.32900930152483,8.575894552536043,0,1,6504.8223,-0.91462755,4,1,false,false,-26.548094,3.0943546,14.386293,-1.8394144,-0.6441648,3
41.669773,0.65909886,49.32900327723741,8.575892489062426,0,1,6269.589,-0.7799043,4,1,false,false,-19.245625,5.9298916,10.8301735,-1.8496066,-0.5746133,3
41.737545,0.65925366,49.3289971630158,8.575890287883954,0,1,6046.751,-0.6749957,4,1,false,false,-16.916254,4.331458,8.353784,-1.8586717,-0.5200644,3
41.77324,0.6594086,49.32899104879419,8.57588808681044,0,1,6107.3833,-0.60595053,4,1,false,false,-14.066248,2.2914732,6.513896,-1.8669518,-0.47358474,3
41.789246,0.6595638,49.328985024506764,8.575885748032077,0,1,6223.3164,-0.5528979,4,1,false,false,-12.604113,1.7739458,6.5182705,-1.8744588,-0.42961743,3
41.807446,0.65971905,49.32897891028515,8.575883409358669,0,1,6226.914,-0.5281897,4,1,false,false,-11.416568,2.1946793,6.026661,-1.8814719,-0.4181846,3
41.83546,0.6598745,49.328972885997736,8.575881070685263,0,1,6236.2456,-0.5228604,4,1,false,false,-11.704938,2.5787344,6.4651084,-1.888392,-0.41422167,3
41.858776,0.66003,49.32896677177612,8.575878594411963,0,1,6279.669,-0.5294012,4,1,false,false,-13.427177,2.3077714,7.8579597,-1.8954538,-0.43935284,3
41.882915,0.66018564,49.3289607474887,8.57587611813866,0,1,6303.5737,-0.5347307,4,1,false,false,-13.621746,2.6209497,7.7964025,-1.9030623,-0.47118163,3
41.912323,0.6603412,49.32895463326709,8.57587364186536,0,1,6296.317,-0.53279257,4,1,false,false,-13.996248,2.9458082,7.984947,-1.9110711,-0.4865768,3
41.94316,0.66049653,49.32894860891107,8.575871027992166,0,1,6286.6987,-0.5240721,4,1,false,false,-15.198179,3.1017194,9.129857,-1.9192923,-0.5007153,3
41.977005,0.66065204,49.32894258462365,8.57586841422393,0,1,6279.3613,-0.5032402,4,1,false,false,-15.21662,3.2872229,8.329037,-1.92761,-0.4879451,3
42.010983,0.6608076,49.32893656033623,8.575865800350735,0,1,6255.993,-0.47175062,4,1,false,false,-13.758512,3.1705678,6.90297,-1.9353315,-0.43503594,3
42.040783,0.6609633,49.32893053604881,8.575863048982605,0,1,6249.1,-0.44098857,4,1,false,false,-15.570316,2.8114707,8.79284,-1.9421693,-0.39453077,3
42.064823,0.66111875,49.32892451169279,8.575860159909622,0,1,6268.963,-0.41531342,4,1,false,false,-17.272848,2.7397215,10.597267,-1.9486405,-0.38579118,3
42.08159,0.66127425,49.32891848740537,8.575857270941597,0,1,6278.1406,-0.38939643,4,1,false,false,-18.730764,2.1985357,11.25929,-1.955228,-0.4131451,3
42.091805,0.6614298,49.328912463117945,8.575854381973572,0,1,6298.7944,-0.3576683,4,1,false,false,-17.940197,2.0924177,10.854231,-1.9626529,-0.48114935,3
42.110077,0.66158545,49.32890643883053,8.575851355405655,0,1,6348.603,-0.3227924,4,1,false,false,-17.854254,2.8809428,10.554428,-1.9711322,-0.52442324,3
42.13758,0.66174096,49.3289005044087,8.575848328942694,0,1,6334.0796,-0.29300407,4,1,false,false,-17.662022,3.4105215,10.040473,-1.9798436,-0.51474214,3
42.176132,0.66189647,49.32889448012128,8.575845164774881,0,1,6272.921,-0.27144927,4,1,false,false,-17.645733,3.9981232,9.88585,-1.9880655,-0.46406084,3
42.215588,0.66205215,49.32888854576805,8.575841863112133,0,1,6229.4546,-0.26176167,4,1,false,false,-16.666504,3.672718,9.070253,-1.9951292,-0.38049728,3
42.247337,0.662208,49.32888261134622,8.57583869894432,0,1,6223.3623,-0.27217585,4,1,false,false,-16.53401,3.1205418,9.190669,-2.000756,-0.29789382,3
42.27305,0.6623638,49.3288765870588,8.575835259681678,0,1,6237.9644,-0.29421374,4,1,false,false,-16.759985,2.7346797,9.066743,-2.0051572,-0.23657641,3
42.292877,0.6625196,49.32887065263697,8.57583195801893,0,1,6253.855,-0.3322383,4,1,false,false,-16.683445,2.4712267,9.609936,-2.0089123,-0.22203816,3
42.311264,0.6626754,49.32886480814933,8.575828381156395,0,1,6279.1,-0.36396563,4,1,false,false,-15.936114,2.2471263,9.043702,-2.0127351,-0.24195145,3
42.32992,0.6628313,49.32885887379611,8.575824941893751,0,1,6316.5796,-0.38818687,4,1,false,false,-15.255352,2.3504636,8.526357,-2.017047,-0.27371532,3
42.352608,0.66298723,49.32885293937428,8.575821365031215,0,1,6342.26,-0.4019922,4,1,false,false,-15.078557,2.6033583,8.425604,-2.021847,-0.30102563,3
42.382378,0.66314316,49.328847094955236,8.575817650673743,0,1,6339.9385,-0.40877455,4,1,false,false,-15.235348,3.0304747,9.156745,-2.0270302,-0.318913,3
42.41511,0.6632992,49.32884116053341,8.575814073811207,0,1,6321.741,-0.41192213,4,1,false,false,-15.74801,3.131139,9.305953,-2.0324829,-0.33477667,3
42.44842,0.6634553,49.32883531604577,8.575810221853843,0,1,6311.929,-0.4131338,4,1,false,false,-15.689998,3.0927331,9.066413,-2.0381281,-0.34031847,3
42.480934,0.6636116,49.32882947155814,8.57580650749637,0,1,6308.607,-0.41410273,4,1,false,false,-15.536395,3.0141275,9.141253,-2.0437562,-0.33324742,3
42.512936,0.6637678,49.328823627139094,8.575802655434046,0,1,6302.341,-0.41531333,4,1,false,false,-15.5550785,3.0244539,9.052262,-2.0492277,-0.3227052,3
42.545734,0.6639242,49.328817782651456,8.575798665981743,0,1,6295.3066,-0.41870457,4,1,false,false,-15.790078,2.9988894,9.605646,-2.0544558,-0.30446485,3
42.575916,0.6640807,49.328811938163824,8.575794676424485,0,1,6291.863,-0.42524445,4,1,false,false,-16.042448,2.8346305,9.709604,-2.0594506,-0.29608122,3
42.602154,0.66423726,49.328806183610375,8.575790686867224,0,1,6300.6978,-0.4344488,4,1,false,false,-17.282904,2.624299,10.843339,-2.0644689,-0.31089345,3
42.627678,0.66439396,49.328800339122736,8.57578655971007,0,1,6314.9136,-0.44534788,4,1,false,false,-17.029417,2.6026876,10.735829,-2.0698276,-0.3326182,3
42.654205,0.6645506,49.32879458456929,8.57578229505798,0,1,6322.4736,-0.4504346,4,1,false,false,-15.982676,2.7074897,10.11203,-2.0755599,-0.35166544,3
42.683876,0.6647075,49.328788830015846,8.575778167900827,0,1,6325.4443,-0.45285684,4,1,false,false,-16.232744,2.882348,9.625063,-2.0815084,-0.36113375,3
42.716587,0.66486436,49.3287830754624,8.575773903248736,0,1,6319.271,-0.4543098,4,1,false,false,-16.531372,3.0512412,9.971796,-2.0875282,-0.35818663,3
42.74984,0.6650214,49.328777320908955,8.575769500996753,0,1,6303.6143,-0.45455232,4,1,false,false,-16.425734,2.9790437,10.012169,-2.093384,-0.34539852,3
42.78119,0.6651786,49.328771656289696,8.57576509874477,0,1,6299.848,-0.45358333,4,1,false,false,-15.954358,2.7836022,9.469383,-2.0990322,-0.33309335,3
42.81068,0.66533583,49.32876590166765,8.575760558892892,0,1,6311.691,-0.45213026,4,1,false,false,-15.465517,2.6847289,9.08661,-2.1044714,-0.32016078,3
42.839767,0.66549325,49.32876023704839,8.575756156640908,0,1,6322.082,-0.45188862,4,1,false,false,-14.933807,2.6234572,8.842495,-2.1097033,-0.30882382,3
42.869118,0.6656508,49.32875457242914,8.575751479294095,0,1,6328.7866,-0.45309922,4,1,false,false,-14.690793,2.622516,8.839161,-2.1148076,-0.30465928,3
42.898285,0.66580844,49.32874881787569,8.575746939442217,0,1,6339.55,-0.4545523,4,1,false,false,-14.599619,2.5462096,9.088487,-2.1199064,-0.3096736,3
42.926296,0.6659662,49.328743243122034,8.575742261990445,0,1,6354.4795,-0.45624787,4,1,false,false,-15.31135,2.53317,10.17819,-2.125224,-0.3317144,3
42.95381,0.666124,49.328737578502775,8.575737447043737,0,1,6367.163,-0.45697534,4,1,false,false,-15.528913,2.5843287,9.708083,-2.131053,-0.36668095,3
42.983757,0.66628194,49.32873191381492,8.57573263209703,0,1,6373.0996,-0.45285678,4,1,false,false,-14.597856,2.7368414,9.117423,-2.137381,-0.38861355,3
43.01589,0.6664402,49.32872633912986,8.575727817150323,0,1,6373.421,-0.44437882,4,1,false,false,-14.631247,2.7971108,8.923448,-2.143941,-0.396612,3
43.050095,0.6665985,49.32872076437619,8.575723002203615,0,1,6369.0005,-0.4378391,4,1,false,false,-15.159016,2.9866211,9.284947,-2.1505213,-0.39101902,3
43.084938,0.6667569,49.32871509975694,8.575718049657013,0,1,6356.04,-0.43444872,4,1,false,false,-15.23062,2.9241366,9.406132,-2.1568844,-0.3724246,3
43.116867,0.6669154,49.328709614937466,8.575712959510518,0,1,6349.706,-0.43396387,4,1,false,false,-15.222229,2.7305892,9.967055,-2.162976,-0.36039096,3
43.145485,0.66707426,49.3287040401838,8.575707869364024,0,1,6364.1323,-0.43590182,4,1,false,false,-15.210014,2.6225088,9.590511,-2.1689355,-0.3541132,3
43.17224,0.66723317,49.328698465430136,8.575702779322485,0,1,6380.374,-0.4390506,4,1,false,false,-15.905769,2.542035,10.432391,-2.174845,-0.35787657,3
43.198753,0.6673922,49.328692980679264,8.57569768917599,0,1,6387.5347,-0.4414717,4,1,false,false,-16.050459,2.5795085,10.230758,-2.1809742,-0.37806758,3
43.227386,0.6675513,49.328687495859796,8.575692461534558,0,1,6394.3535,-0.4417142,4,1,false,false,-15.497571,2.6325183,9.530011,-2.187372,-0.38708615,3
43.25674,0.6677107,49.32868201104032,8.575687096293233,0,1,6398.3677,-0.4400196,4,1,false,false,-15.617244,2.6781042,9.599161,-2.1938663,-0.39231315,3
43.287712,0.6678703,49.32867652622085,8.575681731051908,0,1,6398.0176,-0.43905059,4,1,false,false,-15.857891,2.8270848,9.762562,-2.2004147,-0.391411,3
43.318466,0.6680299,49.32867104140138,8.575676365810583,0,1,6391.006,-0.44001955,4,1,false,false,-15.90741,2.7380087,9.629137,-2.2068436,-0.38092846,3
43.347225,0.66818964,49.3286656465161,8.5756710004643,0,1,6392.6177,-0.4421993,4,1,false,false,-15.56632,2.6349218,9.185808,-2.2131493,-0.3762653,3
43.375355,0.66834974,49.328660251630815,8.575665497728039,0,1,6405.247,-0.44655943,4,1,false,false,-15.634857,2.6295338,9.607767,-2.2193522,-0.3692383,3
43.403328,0.66850996,49.328654856676934,8.575659857286926,0,1,6410.832,-0.45067716,4,1,false,false,-15.719244,2.5879502,9.879655,-2.2254248,-0.36180973,3
43.430965,0.6686703,49.328649461791656,8.575654354445707,0,1,6414.442,-0.45334074,4,1,false,false,-15.912209,2.5815988,9.875794,-2.231475,-0.3648262,3
43.45862,0.66883075,49.32864406690637,8.575648576509657,0,1,6424.028,-0.45455226,4,1,false,false,-15.951357,2.5899,9.781762,-2.2376125,-0.37156639,3
43.486744,0.66899127,49.32863876188669,8.575642936173503,0,1,6430.885,-0.45406827,4,1,false,false,-15.670113,2.601226,9.539991,-2.2438567,-0.37655815,3
43.516018,0.6691519,49.32863345693559,8.575637158132496,0,1,6432.6494,-0.45067707,4,1,false,false,-15.404367,2.7034502,9.2811775,-2.2501285,-0.37420416,3
43.546085,0.66931266,49.32862815191591,8.575631380196446,0,1,6433.8315,-0.44631782,4,1,false,false,-15.641123,2.7730427,9.234592,-2.2563407,-0.37044066,3
43.57665,0.66947347,49.32862284696481,8.575625464660504,0,1,6431.6797,-0.44195676,4,1,false,false,-15.0766735,2.7407002,8.650277,-2.2624443,-0.36037955,3
43.60651,0.6696343,49.32861763187932,8.57561954912456,0,1,6430.819,-0.43711248,4,1,false,false,-14.842429,2.660343,8.824889,-2.2683299,-0.34700263,3
43.63379,0.6697951,49.32861232692823,8.575613496093682,0,1,6438.4463,-0.42960462,4,1,false,false,-15.475342,2.5041227,9.74277,-2.2740786,-0.34611398,3
43.658485,0.6699559,49.32860711184273,8.575607580557739,0,1,6450.7666,-0.41991606,4,1,false,false,-16.231817,2.3475118,10.392836,-2.279927,-0.35872012,3
43.6815,0.67011684,49.328601986691424,8.575601389822008,0,1,6462.7324,-0.40489838,4,1,false,false,-16.154028,2.2824523,9.972234,-2.2860727,-0.3802672,3
43.706184,0.67027783,49.32859677160592,8.57559533679113,0,1,6480.174,-0.38939658,4,1,false,false,-15.487551,2.4956517,9.624336,-2.2925782,-0.39725447,3
43.73478,0.67043877,49.32859164645462,8.575589146055398,0,1,6489.8228,-0.36856738,4,1,false,false,-15.439595,2.8215992,9.5180025,-2.2992435,-0.39863423,3
43.767757,0.6705999,49.32858643136912,8.575582817824731,0,1,6477.2363,-0.3516135,4,1,false,false,-15.448369,3.0254793,9.649601,-2.305767,-0.38172477,3
43.801613,0.6707611,49.328581396152,8.575576627193959,0,1,6459.019,-0.33877712,4,1,false,false,-15.553199,2.9302294,9.758267,-2.3119218,-0.3570431,3
43.831688,0.67092234,49.3285762710007,8.575570298858334,0,1,6458.881,-0.33247992,4,1,false,false,-15.811187,2.6887255,10.170936,-2.3177197,-0.3402496,3
43.85873,0.6710836,49.32857114584939,8.575563833132732,0,1,6472.361,-0.32933205,4,1,false,false,-16.204002,2.5392017,10.705005,-2.3232958,-0.33127597,3
43.88492,0.67124504,49.32856611063227,8.575557504902065,0,1,6481.735,-0.3278791,4,1,false,false,-16.199533,2.544427,10.042423,-2.328809,-0.331249,3
43.913277,0.6714065,49.328561075346556,8.57555090147161,0,1,6486.2505,-0.32618248,4,1,false,false,-15.622859,2.7053306,9.309277,-2.3343282,-0.329487,3
43.944603,0.6715681,49.32855613006364,8.57554443564105,0,1,6486.2373,-0.3237614,4,1,false,false,-14.845065,2.798375,8.975315,-2.3397174,-0.31504697,3
43.97734,0.6717297,49.32855109477792,8.575537832315554,0,1,6481.0405,-0.32303485,4,1,false,false,-14.62689,2.8348365,9.361731,-2.344807,-0.29431343,3
44.00893,0.67189133,49.328546149426394,8.575531228885099,0,1,6477.1396,-0.3242463,4,1,false,false,-15.10263,2.7186532,9.806579,-2.3495438,-0.2764068,3
44.037376,0.67205316,49.32854120421207,8.575524487959708,0,1,6483.4062,-0.327394,4,1,false,false,-15.31742,2.495706,9.951216,-2.3540928,-0.2733408,3
44.064323,0.67221504,49.328536258860545,8.57551774692936,0,1,6500.326,-0.32981628,4,1,false,false,-14.905762,2.4596345,9.869818,-2.358746,-0.2849956,3
44.093628,0.672377,49.32853140337461,8.57551100600397,0,1,6514.692,-0.32908967,4,1,false,false,-13.607666,2.6030738,8.9950075,-2.363555,-0.28782758,3
44.12645,0.672539,49.328526548025884,8.575504127478684,0,1,6517.276,-0.326425,4,1,false,false,-13.037382,2.7781665,7.8962226,-2.3682935,-0.2773451,3
44.161636,0.6727012,49.32852169267715,8.5754972489534,0,1,6511.3657,-0.32691,4,1,false,false,-13.756748,2.8956592,8.85518,-2.3728137,-0.2660904,3
44.195942,0.6728634,49.328516837191216,8.575490370428115,0,1,6504.8315,-0.33005875,4,1,false,false,-14.011415,2.730183,9.346203,-2.3771725,-0.25914466,3
44.226578,0.6730257,49.32851198184248,8.575483491902832,0,1,6510.42,-0.33296478,4,1,false,false,-13.769593,2.4706793,9.167093,-2.3815043,-0.26303738,3
44.254433,0.67318815,49.32850721635934,8.575476475777654,0,1,6532.6646,-0.33587006,4,1,false,false,-14.019792,2.394826,9.3729105,-2.3860018,-0.2798137,3
44.284435,0.6733507,49.328502450739,8.57546932215754,0,1,6549.8237,-0.33901975,4,1,false,false,-14.478907,2.600566,10.090638,-2.3908515,-0.3023142,3
44.31745,0.67351335,49.32849768525586,8.57546230603236,0,1,6542.3364,-0.3409568,4,1,false,false,-14.109603,2.742444,9.7639885,-2.3960328,-0.3170612,3
44.352264,0.6736761,49.32849291977272,8.575455152412246,0,1,6534.461,-0.34071526,4,1,false,false,-13.775525,2.814093,9.414926,-2.4013715,-0.3209249,3
44.38736,0.6738389,49.328488244292366,8.575447998687174,0,1,6537.03,-0.33998877,4,1,false,false,-13.92613,2.8224723,9.37762,-2.406688,-0.31383097,3
44.421627,0.6740019,49.328483478809225,8.575440707467166,0,1,6532.2134,-0.3414409,4,1,false,false,-14.496586,2.749874,9.4703865,-2.4118092,-0.3011298,3
44.45466,0.67416495,49.328478893057266,8.575433553847052,0,1,6526.4614,-0.34555954,4,1,false,false,-13.861486,2.6393309,9.109992,-2.4167202,-0.28843755,3
44.486156,0.67432815,49.32847421743972,8.575426262627044,0,1,6535.3203,-0.35016042,4,1,false,false,-13.899199,2.5025177,9.151431,-2.4214652,-0.28327298,3
44.516003,0.67449147,49.328469541959365,8.575418833807142,0,1,6549.6675,-0.35258257,4,1,false,false,-13.81057,2.442316,9.749821,-2.426203,-0.28595328,3
44.54521,0.6746549,49.328464956207405,8.57541140498724,0,1,6558.464,-0.35088786,4,1,false,false,-14.111703,2.4261856,10.2112055,-2.4310741,-0.2991156,3
44.575195,0.6748184,49.32846037059265,8.575403976167337,0,1,6567.4478,-0.34265238,4,1,false,false,-13.513172,2.4973078,9.415139,-2.4362361,-0.31756118,3
44.607086,0.6749821,49.32845578497789,8.575396547347435,0,1,6577.1055,-0.32569855,4,1,false,false,-12.948601,2.603943,9.38776,-2.4416015,-0.32362032,3
44.640476,0.67514586,49.328451289228724,8.575389118527532,0,1,6580.231,-0.30220664,4,1,false,false,-13.506079,2.7373943,9.556878,-2.4470117,-0.3241506,3
44.675343,0.6753098,49.32844679347956,8.575381552212695,0,1,6573.389,-0.27653503,4,1,false,false,-13.508435,2.7033396,9.501366,-2.4523373,-0.31278664,3
44.708794,0.6754738,49.32844229773039,8.575373848193005,0,1,6568.3633,-0.2450522,4,1,false,false,-13.842593,2.6580288,10.859916,-2.4574764,-0.30517587,3
44.741734,0.675638,49.328437801981224,8.575366281878166,0,1,6576.317,-0.21405421,4,1,false,false,-12.997766,2.611428,9.38689,-2.4624872,-0.29348254,3
44.775948,0.67580235,49.328433396097644,8.575358577858477,0,1,6583.2393,-0.18329963,4,1,false,false,-11.86636,2.6944976,8.258798,-2.4671745,-0.26596704,3
44.812668,0.6759668,49.32842890034848,8.575350873943744,0,1,6583.3804,-0.16731666,4,1,false,false,-10.148986,2.7510843,6.9539127,-2.4711812,-0.21466011,3
44.84909,0.67613137,49.328424494464905,8.575343170029013,0,1,6584.1304,-0.16295832,4,1,false,false,-11.934906,2.5722287,9.314363,-2.474383,-0.17834467,3
44.87762,0.6762962,49.328420088718524,8.575335328514386,0,1,6589.2905,-0.17022371,4,1,false,false,-15.694846,2.227452,14.8011465,-2.477452,-0.20579734,3
44.902195,0.6764611,49.32841577270054,8.575327486999761,0,1,6612.714,-0.1707078,4,1,false,false,-14.667109,1.9473222,12.57398,-2.481513,-0.2804707,3
44.929695,0.67662615,49.328411366954164,8.575319645485134,0,1,6656.352,-0.15617791,4,1,false,false,-9.823146,2.335585,8.292459,-2.486518,-0.30068824,3
44.97308,0.6767913,49.32840705107338,8.575311803970509,0,1,6670.2256,-0.14043832,4,1,false,false,-10.222525,3.6115377,7.3010015,-2.4912133,-0.25332153,3
45.02963,0.6769568,49.3284027350554,8.57530382485599,0,1,6591.6646,-0.13729052,4,1,false,false,-11.581962,3.8540747,9.658392,-2.494685,-0.15460205,3
45.07734,0.6771225,49.328398509040206,8.575295845741469,0,1,6512.2656,-0.14213292,4,1,false,false,-11.013507,2.8785894,9.68177,-2.4964247,-0.0681928,3
45.105824,0.6772883,49.32839419315942,8.57528786662695,0,1,6561.7417,-0.14963989,4,1,false,false,-10.924909,1.7065896,10.240784,-2.497432,-0.065626614,3
45.12699,0.6774542,49.328389967144226,8.575279750017494,0,1,6660.313,-0.15690441,4,1,false,false,-10.654161,1.7055986,9.707952,-2.4987428,-0.09504565,3
45.15598,0.67762035,49.32838574112903,8.575271770902974,0,1,6677.7964,-0.15811498,4,1,false,false,-9.4515295,2.322865,9.000896,-2.5005765,-0.12508577,3
45.19679,0.67778665,49.32838151511384,8.57526365424104,0,1,6656.34,-0.15617791,4,1,false,false,-8.841695,3.0701838,9.106344,-2.5028667,-0.14601608,3
45.241787,0.67795324,49.32837728909865,8.575255537579103,0,1,6648.2295,-0.1532726,4,1,false,false,-8.78148,2.8763475,9.390872,-2.5053353,-0.14868744,3
45.283417,0.67811984,49.328373063083454,8.575247283369754,0,1,6643.739,-0.15181959,4,1,false,false,-8.489125,2.6777642,9.423804,-2.5078015,-0.14652957,3
45.3237,0.6782869,49.32836892707105,8.575239166707819,0,1,6647.624,-0.15109302,4,1,false,false,-8.474874,2.679736,9.39555,-2.5102289,-0.14506087,3
45.362953,0.6784541,49.328364701055854,8.57523091249847,0,1,6654.884,-0.15181953,4,1,false,false,-8.390829,2.5853508,10.009324,-2.5126328,-0.14385347,3
45.402637,0.6786215,49.328360564906255,8.57522265823664,0,1,6658.763,-0.1532726,4,1,false,false,-8.575829,2.6560104,9.995695,-2.5150492,-0.1463317,3
45.442432,0.678789,49.32835642889385,8.57521440402729,0,1,6660.686,-0.15496725,4,1,false,false,-8.283999,2.6148024,10.407198,-2.5174906,-0.14676133,3
45.48207,0.6789566,49.32835229274425,8.575206149765462,0,1,6664.4077,-0.15520975,4,1,false,false,-8.404853,2.5955958,10.737257,-2.5199623,-0.15044305,3
45.522,0.6791243,49.32834815673185,8.575197895556112,0,1,6670.638,-0.15351418,4,1,false,false,-8.0798435,2.6172934,9.849195,-2.5225232,-0.15375274,3
45.56181,0.67929214,49.328344110585036,8.57518950374687,0,1,6672.836,-0.15133454,4,1,false,false,-7.9840937,2.5859413,9.910976,-2.5250666,-0.15162331,3
45.601795,0.6794601,49.32833997443544,8.575181111937626,0,1,6675.4136,-0.14867184,4,1,false,false,-7.8292427,2.6083257,10.081435,-2.5275688,-0.14850305,3
45.64235,0.67962825,49.328335928288624,8.575172720180861,0,1,6679.011,-0.1462497,4,1,false,false,-7.840815,2.6104999,9.926181,-2.530007,-0.14368512,3
45.681297,0.67979646,49.32833188214181,8.575164328371617,0,1,6681.325,-0.14504002,4,1,false,false,-7.413464,2.5419066,9.493305,-2.5323694,-0.14045547,3
45.72009,0.67996484,49.328327835857806,8.575155798962479,0,1,6691.551,-0.14504004,4,1,false,false,-7.0873075,2.5025659,9.239583,-2.5346835,-0.13723285,3
45.758854,0.6801333,49.32832378971099,8.575147407205716,0,1,6701.968,-0.14552319,4,1,false,false,-6.740153,2.4833412,8.784771,-2.5369086,-0.13092925,3
45.797543,0.68030196,49.32831974356418,8.575138877796578,0,1,6707.869,-0.14721875,4,1,false,false,-6.73584,2.475384,9.139656,-2.5390506,-0.12851925,3
45.83595,0.6804708,49.32831569741737,8.575130348439918,0,1,6716.559,-0.14939839,4,1,false,false,-6.6959476,2.4277704,8.918529,-2.5411928,-0.13057247,3
45.87326,0.68063974,49.328311741136154,8.575121819083261,0,1,6730.7246,-0.14867184,4,1,false,false,-6.56503,2.3060188,9.115272,-2.543416,-0.13775247,3
45.910324,0.68080884,49.32830769498934,8.575113289674123,0,1,6747.22,-0.14721876,4,1,false,false,-6.7132597,2.409826,9.571757,-2.545813,-0.15017913,3
45.950512,0.680978,49.32830373870812,8.57510462277005,0,1,6756.2046,-0.14334446,4,1,false,false,-6.5024467,2.604771,9.28215,-2.5483952,-0.1574451,3
45.99258,0.6811474,49.32829969256131,8.575096093360912,0,1,6750.1606,-0.13729052,4,1,false,false,-6.452625,2.7045197,9.179199,-2.5510175,-0.15604703,3
46.03548,0.6813169,49.32829573628009,8.575087426456838,0,1,6744.045,-0.13002606,4,1,false,false,-6.6522865,2.7479851,9.691671,-2.5535722,-0.15032044,3
46.077034,0.6814866,49.32829177999887,8.575078759500286,0,1,6743.817,-0.12130844,4,1,false,false,-6.54091,2.5866184,9.826534,-2.5560088,-0.14149894,3
46.1163,0.6816564,49.32828782371765,8.575070092543733,0,1,6747.8193,-0.11331833,4,1,false,false,-6.454371,2.4513063,9.877586,-2.558297,-0.13444191,3
46.155056,0.68182635,49.328283957439226,8.57506142563966,0,1,6759.1963,-0.10581137,4,1,false,false,-6.2030644,2.5031362,9.427221,-2.5604987,-0.12947027,3
46.193962,0.68199646,49.32828000115801,8.575052758683107,0,1,6766.458,-0.09854686,4,1,false,false,-6.023052,2.4523423,9.443695,-2.5625823,-0.12091972,3
46.23364,0.6821667,49.32827604487679,8.57504395417914,0,1,6770.385,-0.09418853,4,1,false,false,-5.8693933,2.5416262,9.791507,-2.5645623,-0.116465114,3
46.273586,0.682337,49.32827217859836,8.575035287222587,0,1,6775.2607,-0.090556726,4,1,false,false,-5.737545,2.4912975,9.307298,-2.566444,-0.11001222,3
46.312767,0.68250746,49.32826822231714,8.57502648271862,0,1,6781.7344,-0.087166525,4,1,false,false,-5.6551433,2.4600298,8.941531,-2.568222,-0.10475626,3
46.352077,0.6826781,49.32826435590151,8.575017678214653,0,1,6791.5977,-0.08498785,4,1,false,false,-5.4322705,2.465414,9.359878,-2.5699153,-0.0989366,3
46.39028,0.6828489,49.328260489623084,8.575008873710685,0,1,6797.857,-0.0842613,4,1,false,false,-5.250636,2.339823,9.637507,-2.5715098,-0.093610615,3
46.429264,0.6830197,49.32825662320745,8.575000069154239,0,1,6807.807,-0.08426128,4,1,false,false,-5.3155847,2.5041556,9.992118,-2.5730524,-0.09264834,3
46.46688,0.68319064,49.328252756929025,8.574991127102857,0,1,6816.4473,-0.08426128,4,1,false,false,-5.203777,2.3504736,9.970936,-2.5746117,-0.095330685,3
46.505863,0.6833618,49.3282488905134,8.574982322598888,0,1,6826.4746,-0.08135605,4,1,false,false,-4.9851866,2.4731572,10.248784,-2.5762403,-0.09893838,3
46.546467,0.6835331,49.328245024234974,8.574973380495027,0,1,6830.703,-0.07723832,4,1,false,false,-5.038349,2.5559237,10.136079,-2.5779135,-0.10032164,3
46.588615,0.68370444,49.32824115781934,8.574964438391167,0,1,6827.657,-0.07094382,4,1,false,false,-4.911481,2.643415,10.055462,-2.5795772,-0.09721017,3
46.630173,0.68387604,49.32823738140651,8.574955496339784,0,1,6822.5415,-0.0641643,4,1,false,false,-4.772469,2.544299,10.314197,-2.5811298,-0.088868216,3
46.670506,0.6840477,49.328233515128076,8.574946554235922,0,1,6825.992,-0.055930763,4,1,false,false,-4.385583,2.5033553,9.555247,-2.58254,-0.07938993,3
46.710014,0.6842195,49.328229738715244,8.57493761218454,0,1,6833.2593,-0.04818315,4,1,false,false,-4.134637,2.3917813,9.565697,-2.583758,-0.066996925,3
46.748722,0.68439144,49.32822587229961,8.574928670080679,0,1,6836.806,-0.04213018,4,1,false,false,-4.0644073,2.4160945,9.677771,-2.5847864,-0.0578312,3
46.78795,0.6845635,49.32822209588678,8.574919590429403,0,1,6844.9053,-0.039224938,4,1,false,false,-3.9153762,2.3842385,9.584682,-2.5856867,-0.051326893,3
46.82598,0.6847357,49.328218229608346,8.574910648325542,0,1,6854.6074,-0.037287798,4,1,false,false,-3.5476038,2.3293183,9.024673,-2.5864952,-0.046348352,3
46.86455,0.6849081,49.328214453058315,8.574901568674266,0,1,6866.807,-0.03680281,4,1,false,false,-3.5429204,2.391607,9.2081785,-2.587234,-0.043264117,3
46.90392,0.6850806,49.328210676645476,8.57489248902299,0,1,6873.867,-0.037045304,4,1,false,false,-3.5796824,2.4250998,9.855015,-2.587938,-0.04251196,3
46.943836,0.68525314,49.32820690023264,8.574883546971606,0,1,6875.54,-0.03801434,4,1,false,false,-3.340201,2.4438941,10.107829,-2.5886292,-0.040921323,3
46.983387,0.68542594,49.328203123819804,8.57487446732033,0,1,6880.6465,-0.036561254,4,1,false,false,-3.0976799,2.3897693,9.658907,-2.5893219,-0.041351892,3
47.023365,0.6855988,49.328199347406965,8.574865387669053,0,1,6889.176,-0.03438162,4,1,false,false,-2.9505022,2.4707873,10.074252,-2.5900283,-0.041832954,3
47.064278,0.68577176,49.328195570994126,8.574856170417883,0,1,6888.979,-0.030265793,4,1,false,false,-2.8665872,2.528172,9.662631,-2.5907018,-0.03906806,3
47.105995,0.68594503,49.32819179458129,8.574847090766607,0,1,6883.81,-0.021065086,4,1,false,false,-2.6318223,2.5238245,9.8551655,-2.5913103,-0.033295132,3
47.146626,0.6861183,49.328188018168454,8.57483801111533,0,1,6883.963,-0.013074975,4,1,false,false,-2.3822484,2.455509,10.056524,-2.5918024,-0.02606162,3
47.18562,0.6862918,49.32818424161842,8.5748287938904,0,1,6891.1294,-0.0070220088,4,1,false,false,-2.0671093,2.3180337,10.076101,-2.5922015,-0.021139808,3
47.223194,0.6864653,49.328180465205584,8.574819714239124,0,1,6900.6997,-0.0012115297,4,1,false,false,-1.8944112,2.2702339,9.784121,-2.5924933,-0.01423735,3
47.260952,0.68663913,49.328176688792745,8.574810497014193,0,1,6912.135,0.008230729,4,1,false,false,-1.631341,2.3142972,8.766348,-2.592687,-0.009036235,3
47.30064,0.686813,49.32817291237991,8.574801279789263,0,1,6920.097,0.014768686,4,1,false,false,-1.367074,2.4584467,8.778852,-2.5927706,-0.0012873457,3
47.339752,0.686987,49.32816913596707,8.574792062564331,0,1,6918.892,0.016463328,4,1,false,false,-1.1657507,2.3505292,9.243775,-2.592708,0.00688199,3
47.37765,0.68716115,49.328165359554234,8.574782982913055,0,1,6925.4487,0.017432367,4,1,false,false,-0.8355777,2.2245586,9.4254465,-2.592523,0.013645395,3
47.412945,0.6873354,49.3281615831414,8.574773765688125,0,1,6946.4316,0.019852616,4,1,false,false,-0.789255,2.0713701,8.898623,-2.5922728,0.014922706,3
47.448345,0.68750983,49.32815780672856,8.574764548463195,0,1,6969.265,0.020095114,4,1,false,false,-0.54924387,2.1806588,9.826237,-2.591997,0.017825952,3
47.488007,0.68768436,49.32815403031572,8.574755193690848,0,1,6977.3525,0.020336669,4,1,false,false,-0.36860594,2.4929771,11.499087,-2.5916884,0.0203374,3
47.53099,0.6878591,49.32815025376569,8.574745976465918,0,1,6964.777,0.021305708,4,1,false,false,-0.24548641,2.6283047,12.512668,-2.5913446,0.022799294,3
47.57474,0.688034,49.32814647735285,8.574736759240986,0,1,6951.875,0.022516299,4,1,false,false,-0.21580282,2.6743095,11.216157,-2.5909882,0.022854555,3
47.617783,0.688209,49.32814270094001,8.574727542016056,0,1,6947.635,0.020579165,4,1,false,false,-0.030482575,2.6179283,11.024622,-2.5906184,0.024363918,3
47.65948,0.68838423,49.32813892452718,8.57471818721747,0,1,6939.1562,0.019610126,4,1,false,false,0.15536696,2.518599,11.206634,-2.5902123,0.026384406,3
47.69941,0.6885596,49.32813514811434,8.57470896999254,0,1,6930.5557,0.021305706,4,1,false,false,0.26324993,2.3678622,11.857056,-2.5897775,0.026228445,3
47.736107,0.6887351,49.32813137170151,8.574699752767609,0,1,6937.3003,0.02203225,4,1,false,false,0.42359102,2.1433163,11.727659,-2.58934,0.025816273,3
47.770252,0.6889108,49.32812759528867,8.574690397969025,0,1,6958.0205,0.022273807,4,1,false,false,0.60032374,2.0612977,10.422794,-2.588911,0.025895745,3
47.80392,0.6890865,49.32812381887583,8.57468104317044,0,1,6976.364,0.02396845,4,1,false,false,0.7246777,2.1074357,10.159252,-2.5884717,0.026677972,3
47.83984,0.68926245,49.3281200423258,8.574671825945508,0,1,6986.7104,0.027116181,4,1,false,false,0.6552272,2.2278748,8.752079,-2.5880282,0.02619802,3
47.876377,0.68943846,49.32811617604737,8.574662471173163,0,1,6991.258,0.028085222,4,1,false,false,0.57612544,2.2009957,8.006823,-2.5875752,0.026012797,3
47.91221,0.68961465,49.328112399634534,8.574653253948233,0,1,7000.2915,0.02905332,4,1,false,false,0.8563222,2.1431792,8.5337105,-2.587127,0.027263148,3
47.947227,0.689791,49.328108623221695,8.574643899149647,0,1,7015.6255,0.03098952,4,1,false,false,1.2476807,2.0680118,9.623549,-2.5866456,0.030580536,3
47.98176,0.68996745,49.32810475680607,8.574634544351062,0,1,7030.563,0.032201055,4,1,false,false,0.963961,2.103845,8.308052,-2.5861306,0.03092443,3
48.016193,0.69014406,49.32810098039323,8.574625189552478,0,1,7045.0874,0.029053327,4,1,false,false,1.0005884,2.1968012,7.992079,-2.5855944,0.03292744,3
48.055206,0.6903208,49.328097114114804,8.574615834753892,0,1,7055.0127,0.026389642,4,1,false,false,1.085962,2.5781856,7.8129997,-2.5850437,0.032856982,3
48.097355,0.6904977,49.328093337701965,8.57460661754208,0,1,7038.2666,0.026632134,4,1,false,false,1.1421274,2.4451566,9.20337,-2.5845046,0.030679822,3
48.13612,0.6906748,49.32808947128634,8.574597262743495,0,1,7025.6733,0.027600233,4,1,false,false,0.8816528,2.252292,6.841036,-2.5839934,0.02786982,3
48.17108,0.690852,49.328085605007914,8.574587907944911,0,1,7049.958,0.027116185,4,1,false,false,1.0891294,1.9043022,6.674511,-2.583533,0.026159238,3
48.203854,0.69102925,49.328081828457876,8.574578553159446,0,1,7077.537,0.02735868,4,1,false,false,1.0240529,2.0456445,8.057746,-2.5830765,0.025657723,3
48.2403,0.6912067,49.32807796217945,8.57456919836086,0,1,7081.976,0.027842727,4,1,false,false,1.3650503,2.0546453,8.833423,-2.5826223,0.027381292,3
48.27334,0.69138426,49.328074095901016,8.574559843562275,0,1,7085.18,0.02687463,4,1,false,false,1.1353285,2.0377126,8.306613,-2.582119,0.03121831,3
48.30992,0.69156194,49.32807022948539,8.574550351203156,0,1,7115.1406,0.025663096,4,1,false,false,1.510577,2.3178918,9.850056,-2.5815756,0.0346195,3
48.35061,0.69173974,49.328066363206965,8.57454099640457,0,1,7114.2134,0.025663096,4,1,false,false,1.4780037,2.6418576,11.190978,-2.5809925,0.035727438,3
48.39584,0.6919178,49.32806249679133,8.574531641619105,0,1,7078.109,0.025663096,4,1,false,false,1.6122532,2.6298625,10.432427,-2.5804327,0.034385283,3
48.43896,0.69209594,49.328058630512906,8.57452228682052,0,1,7060.6245,0.02057916,4,1,false,false,1.3934765,2.517284,8.981353,-2.579898,0.03059444,3
48.479446,0.6922743,49.32805476409728,8.574512932021934,0,1,7068.4614,0.015252733,4,1,false,false,1.6061182,2.2885013,9.116356,-2.5794387,0.025242256,3
48.516605,0.6924527,49.32805089781885,8.574503439662815,0,1,7064.01,0.015010242,4,1,false,false,1.425224,2.2013822,10.038759,-2.5790648,0.018292636,3
48.552418,0.69263124,49.32804694153763,8.574494084864229,0,1,7063.4976,0.01597928,4,1,false,false,1.4875802,2.0306277,10.8972225,-2.5787873,0.014108635,3
48.58299,0.69281,49.328043075122004,8.574484730072204,0,1,7086.489,0.013799651,4,1,false,false,1.2893556,1.7895672,10.720038,-2.5785422,0.013774101,3
48.61422,0.6929888,49.32803920884358,8.574475237706524,0,1,7122.032,0.010894408,4,1,false,false,1.2434587,1.9163061,9.271353,-2.578297,0.015712582,3
48.64899,0.69316775,49.32803525256236,8.574465882914499,0,1,7132.1455,0.009926312,4,1,false,false,1.1310681,2.2193553,8.777756,-2.5780282,0.016213004,3
48.68224,0.69334686,49.328031386283925,8.57445639054882,0,1,6975.9434,0.010652853,0,1,false,false,1.2710041,0.8506311,8.836816,-2.577777,0.015272142,3
48.67141,0.69352597,49.328027430002706,8.574447035753515,0,1,6838.411,0.011379397,0,1,false,false,1.0039194,-1.181629,8.809844,-2.5775528,0.0107249115,3
48.69812,0.6937051,49.32802347372149,8.574437680958209,0,1,5920.839,0.010167866,5,1,false,false,1.0938369,4.6710773,10.958071,-2.5774004,0.007900932,3
48.77397,0.69388443,49.32801960730586,8.574428188595808,0,1,5703.433,0.011379398,5,1,false,false,1.242892,2.989722,9.715138,-2.577248,0.011019633,3
48.780678,0.6940639,49.32801565116184,8.57441869623013,0,1,6108.778,0.01379965,5,1,false,false,1.0306332,-0.18696731,10.816939,-2.5770476,0.012480308,3
48.806957,0.69424343,49.32801169488062,8.574409341436464,0,1,5983.6797,0.013799649,5,1,false,false,0.97067755,2.9315531,11.486382,-2.5768564,0.01137586,3
48.862385,0.69442314,49.328007828465,8.574399849071195,0,1,5862.1816,0.011620957,5,1,false,false,1.0907223,3.0014997,10.167536,-2.576666,0.013749968,3
48.89748,0.69460297,49.32800387218378,8.57439049427712,0,1,5965.4663,0.010894411,5,1,false,false,0.895507,1.6340388,10.023246,-2.5764391,0.013703614,3
48.928596,0.694783,49.32799991603976,8.57438100191226,0,1,5973.7886,0.010652855,5,1,false,false,1.1839101,2.1743176,10.929846,-2.5762377,0.012627805,3
48.96941,0.6949631,49.32799595975854,8.574371509547401,0,1,5921.932,0.009683816,5,1,false,false,0.9613732,2.4756665,10.295335,-2.5760386,0.011671225,3
49.005173,0.6951433,49.32799200347732,8.57436201718336,0,1,5943.905,0.010894409,5,1,false,false,0.8812362,1.931665,9.952326,-2.5758648,0.009482985,3
49.03649,0.6953237,49.3279880471961,8.574352662388055,0,1,5973.6973,0.012105003,5,1,false,false,0.9698391,1.9665657,11.229607,-2.5757225,0.0076465616,3
49.071186,0.6955041,49.32798409091488,8.574343170025655,0,1,5966.8335,0.013074042,5,1,false,false,1.2064071,2.2035062,12.279666,-2.5755973,0.009025181,3
49.10633,0.6956848,49.32798013463366,8.574333677656696,0,1,5968.177,0.01597928,5,1,false,false,0.9053032,2.097866,10.725425,-2.5754278,0.011494389,3
49.141098,0.6958655,49.32797608848685,8.574324185297575,0,1,5986.0176,0.018883578,5,1,false,false,0.87751675,2.1149423,10.965369,-2.5752234,0.014560796,3
49.17902,0.6960464,49.32797213220563,8.574314692931896,0,1,5981.6606,0.019610126,5,1,false,false,1.2299808,2.3908594,12.440551,-2.5749893,0.017098654,3
49.217503,0.69622743,49.32796817592441,8.574305200566217,0,1,5960.687,0.016947385,5,1,false,false,1.1296275,2.301524,13.962022,-2.574719,0.01778405,3
49.25299,0.69640857,49.3279641297776,8.574295708200538,0,1,5965.403,0.010652851,5,1,false,false,1.0283002,2.1133761,11.018245,-2.5744338,0.018986495,3
49.285976,0.6965899,49.32796017349638,8.574286215834857,0,1,5978.8887,0.0048414394,5,1,false,false,1.0487475,2.0675712,10.562017,-2.5741527,0.017266776,3
49.320633,0.69677126,49.32795621735236,8.574276723475737,0,1,5975.1743,0.00024155725,5,1,false,false,0.75996387,2.1977446,10.419978,-2.5739002,0.012548681,3
49.353737,0.69695276,49.32795217106835,8.574267231103498,0,1,5971.6104,-0.0016955805,5,1,false,false,0.55082273,1.9178636,9.165329,-2.5737221,0.006535344,3
49.382164,0.6971345,49.32794812492154,8.574257738744377,0,1,5993.946,-0.00024249335,5,1,false,false,0.49472386,1.5943745,8.8153,-2.5736177,0.0031750475,3
49.409195,0.6973162,49.32794416864032,8.574248108811604,0,1,6026.984,0.0031467956,5,1,false,false,0.5819341,1.6452743,7.441123,-2.573548,0.002822005,3
49.43814,0.6974981,49.32794012249351,8.574238616439365,0,1,6045.2607,0.00532549,5,1,false,false,0.4614507,1.7940155,6.4253583,-2.573478,0.0026662452,3
49.469837,0.69768,49.32793616621229,8.574229124080244,0,1,6060.0103,0.0055679847,5,1,false,false,0.577207,1.9111036,6.0097923,-2.5734046,0.0038618122,3
49.50296,0.6978621,49.327932120065476,8.57421949414747,0,1,6071.6133,0.00823073,5,1,false,false,0.47331882,1.9703208,6.84579,-2.5733175,0.0038327056,3
49.535583,0.69804424,49.32792807391867,8.57421000177523,0,1,6080.094,0.011379397,5,1,false,false,0.6361702,1.9604723,8.281891,-2.5732238,0.005719902,3
49.56814,0.6982266,49.32792411763745,8.57420050941611,0,1,6096.2524,0.011620953,5,1,false,false,0.65130013,2.0474095,8.318106,-2.5730999,0.008843418,3
49.605286,0.698409,49.32792007149064,8.574190879483336,0,1,6104.61,0.0075051216,5,1,false,false,0.6302263,2.4957802,8.041201,-2.5729399,0.011314491,3
49.649666,0.6985916,49.327916025343825,8.574181387111096,0,1,6081.361,0.0048414394,5,1,false,false,0.5771474,2.7713077,9.146159,-2.5727532,0.011019559,3
49.69502,0.69877434,49.32791197905982,8.574171757178323,0,1,6046.063,0.0067785787,5,1,false,false,0.53811646,2.5649157,10.574294,-2.5725873,0.00881314,3
49.73372,0.69895726,49.32790793291301,8.574162264806082,0,1,6038.0894,0.009441324,5,1,false,false,0.57100606,2.1267023,10.270176,-2.5724633,0.006245725,3
49.76795,0.6991403,49.327903886766194,8.574152634886428,0,1,6053.0254,0.0075051207,5,1,false,false,0.8080908,1.993207,10.046025,-2.5723639,0.006719668,3
49.80194,0.69932353,49.32789984061939,8.574143004940534,0,1,6057.0493,0.0070210723,5,1,false,false,0.6926292,2.0712087,9.720357,-2.572251,0.0068706814,3
49.837566,0.6995068,49.327895794472575,8.57413337502088,0,1,6052.591,0.009683818,5,1,false,false,0.87600327,2.1219878,11.190661,-2.5721467,0.006601433,3
49.872005,0.6996902,49.32789174818856,8.57412388264864,0,1,6054.7905,0.010652854,5,1,false,false,0.5560777,2.0478473,10.641638,-2.5720356,0.0066645914,3
49.905052,0.69987375,49.32788770204176,8.574114252702746,0,1,6064.1943,0.011379397,5,1,false,false,0.6291617,1.9634767,11.221432,-2.571926,0.0072376016,3
49.938335,0.70005745,49.327883655894944,8.574104622783093,0,1,6071.7705,0.010894409,5,1,false,false,0.76084995,2.1030369,11.726356,-2.5717986,0.008292733,3
49.97185,0.7002412,49.32787951974534,8.574094992837198,0,1,6072.3154,0.009926312,5,1,false,false,0.756706,2.048089,11.129255,-2.5716653,0.009291271,3
50.00584,0.70042515,49.32787547359853,8.574085362891305,0,1,6076.7017,0.007990107,5,1,false,false,0.70209754,2.0864449,12.0578785,-2.5715122,0.010087743,3
50.04023,0.70060915,49.32787142745172,8.57407573297165,0,1,6080.3374,0.0072635645,5,1,false,false,0.6168971,2.1117158,9.280278,-2.571353,0.010155593,3
50.074482,0.7007933,49.32786729143932,8.574066103025755,0,1,6078.9907,0.0072635645,5,1,false,false,0.45948493,2.0241249,8.028903,-2.5711863,0.009377937,3
50.10794,0.7009777,49.32786324515531,8.5740564731061,0,1,6082.423,0.007747614,5,1,false,false,0.52073616,1.991291,9.684666,-2.5710347,0.007690921,3
50.139194,0.70116204,49.32785919900849,8.574046843160207,0,1,6088.722,0.0058104787,5,1,false,false,0.5189711,1.7462853,10.5684,-2.5709014,0.0066730073,3
50.16686,0.7013466,49.32785506299609,8.574037213214313,0,1,6108.652,0.00484144,5,1,false,false,0.55931413,1.584825,9.036947,-2.5707755,0.00749536,3
50.19619,0.7015312,49.32785101671208,8.574027583294658,0,1,6139.5073,0.0067785787,5,1,false,false,0.48698717,1.935806,8.34592,-2.5706522,0.008136813,3
50.233086,0.70171595,49.32784688069968,8.57401781577511,0,1,6137.0933,0.009683818,5,1,false,false,0.47300783,2.399623,8.368601,-2.570538,0.005727846,3
50.271694,0.7019008,49.32784274455008,8.574008185855456,0,1,6107.8433,0.0113793975,5,1,false,false,0.7104776,2.2332087,9.262594,-2.5704513,0.0043713525,3
50.30577,0.70208585,49.32783869840327,8.573998555909562,0,1,6113.965,0.0130740395,5,1,false,false,0.7012157,1.932389,9.929183,-2.570357,0.005534581,3
50.33501,0.7022709,49.32783456239087,8.573988925989907,0,1,6139.049,0.01597928,5,1,false,false,0.7810329,1.7573318,10.124125,-2.570234,0.008918981,3
50.36656,0.7024562,49.32783042624126,8.573979158470358,0,1,6150.0815,0.015736787,5,1,false,false,0.67699355,2.0324428,9.361255,-2.5700648,0.011522451,3
50.40262,0.70264155,49.32782638009446,8.573969528550704,0,1,6145.3994,0.012589991,5,1,false,false,0.5838791,2.1805472,9.2686825,-2.5698538,0.01344354,3
50.43934,0.70282704,49.32782224394485,8.573959761031155,0,1,6136.4814,0.01089441,5,1,false,false,0.5629898,2.1645958,8.926745,-2.5696254,0.013992544,3
50.47445,0.7030127,49.32781810793245,8.573950131111502,0,1,6135.458,0.010410361,5,1,false,false,0.4893433,2.0064654,9.1973295,-2.5694013,0.012113312,3
50.507664,0.70319843,49.327813971782845,8.573940363618192,0,1,6139.904,0.009199767,5,1,false,false,0.648432,1.9261522,9.301175,-2.5692043,0.010885965,3
50.539448,0.70338434,49.327809835770445,8.573930733672299,0,1,6147.641,0.007990107,5,1,false,false,0.61055064,1.884483,9.407696,-2.5690236,0.0100972885,3
50.571022,0.7035703,49.327805699620846,8.57392096612651,0,1,6158.325,0.00823073,5,1,false,false,0.840643,1.903768,11.036022,-2.5688474,0.011166092,3
50.603447,0.70375645,49.32780156347124,8.573911198633201,0,1,6164.6655,0.009441322,5,1,false,false,0.70380676,2.0002313,10.598259,-2.568662,0.011909093,3
50.636776,0.7039427,49.32779742745884,8.573901568687308,0,1,6167.4985,0.008230731,5,1,false,false,0.7443342,2.07589,10.054502,-2.5684779,0.012090556,3
50.6718,0.70412904,49.32779329130924,8.573891801193998,0,1,6166.956,0.005567983,5,1,false,false,0.7449933,2.1811442,10.649712,-2.568286,0.01219736,3
50.707447,0.70431554,49.327789155296834,8.57388203370069,0,1,6158.7705,0.0053254897,5,1,false,false,0.69932413,2.1333058,10.247587,-2.5681043,0.010006074,3
50.741154,0.70450217,49.327785019147235,8.573872266207381,0,1,6155.101,0.0067785773,5,1,false,false,0.5663605,1.9590465,10.396546,-2.5679493,0.007210749,3
50.77228,0.7046889,49.32778088313483,8.573862636261486,0,1,6165.5176,0.008957273,5,1,false,false,0.58508915,1.8374385,10.587867,-2.5678437,0.004881784,3
50.802437,0.70487577,49.327776657119635,8.573852868768178,0,1,6177.8994,0.008957272,5,1,false,false,0.8375617,1.8120472,11.026442,-2.5677552,0.006120586,3
50.833736,0.70506275,49.327772520970036,8.57384310122239,0,1,6183.657,0.0075051235,5,1,false,false,0.73628056,1.8960587,9.704889,-2.5676477,0.0077222954,3
50.86652,0.7052498,49.327768384957636,8.57383333372908,0,1,6187.7393,0.005810477,5,1,false,false,0.69967127,1.9898667,9.469016,-2.5675175,0.008927324,3
50.90079,0.70543706,49.32776415894244,8.573823566235772,0,1,6186.7866,0.005083934,5,1,false,false,0.61636925,2.0837057,9.474487,-2.5673864,0.0073740156,3
50.933887,0.70562434,49.32776002279284,8.573813798742464,0,1,6180.62,0.004599884,5,1,false,false,0.4232025,1.9491289,8.4526,-2.5672793,0.0048477985,3
50.964996,0.7058118,49.327755796777645,8.573804031249153,0,1,6189.131,0.0033883525,5,1,false,false,0.5988357,1.7908165,9.103966,-2.567217,0.0017676472,3
50.993885,0.7059994,49.327751660765244,8.573794126155951,0,1,6204.439,0.001694644,5,1,false,false,0.55706394,1.7597698,9.35935,-2.5671737,0.0018693503,3
51.022476,0.706187,49.32774743475005,8.573784358662643,0,1,6217.9443,0.0031467953,5,1,false,false,0.5675476,1.7185992,10.112925,-2.5671303,0.0022239888,3
51.051487,0.7063748,49.327743298600446,8.573774591116855,0,1,6233.047,0.005083934,5,1,false,false,0.4996112,1.8516668,10.374626,-2.5670772,0.0036426636,3
51.08404,0.7065627,49.32773907258525,8.573764823623545,0,1,6243.587,0.00653702,5,1,false,false,0.5122033,2.0922666,9.781814,-2.5670226,0.004330096,3
51.119953,0.70675075,49.32773493657285,8.573755056130237,0,1,6233.2573,0.007263564,5,1,false,false,0.6147895,2.236667,9.243963,-2.5669568,0.005093174,3
51.157127,0.70693886,49.32773071055766,8.573745151037034,0,1,6218.812,0.008957273,5,1,false,false,0.47511262,2.1969552,8.697655,-2.5668774,0.0048253876,3
51.19172,0.70712715,49.32772648454247,8.573735383543724,0,1,6214.4956,0.011620952,5,1,false,false,0.63791066,1.9528514,10.342656,-2.5667841,0.005661547,3
51.22295,0.70731556,49.32772234839286,8.573725616050416,0,1,6219.2383,0.017189875,5,1,false,false,0.6027282,1.8023834,9.276452,-2.5666504,0.009083933,3
51.252033,0.7075041,49.32771812237767,8.573715710957213,0,1,6231.533,0.023000356,5,1,false,false,0.7352019,1.6861324,9.761139,-2.5664892,0.010715275,3
51.281487,0.7076927,49.327713896362475,8.573705943463905,0,1,6246.5234,0.024210945,5,1,false,false,0.71631706,1.8581313,9.337753,-2.5662766,0.014707031,3
51.31596,0.70788145,49.32770967034728,8.5736960383707,0,1,6245.185,0.0244525,5,1,false,false,0.8349541,1.9596037,9.053886,-2.5660145,0.017028544,3
51.34829,0.7080703,49.32770544446929,8.573686270877392,0,1,6234.3916,0.025663095,5,1,false,false,0.78775716,1.9834955,9.0157385,-2.5657077,0.018943103,3
51.379864,0.70825934,49.327701218454095,8.57367636578419,0,1,6248.6157,0.026874628,5,1,false,false,0.8627775,1.8325285,8.972316,-2.565371,0.02126362,3
51.409767,0.7084484,49.3276969924389,8.573666460743466,0,1,6255.376,0.02638964,5,1,false,false,0.8918093,1.8046877,9.876177,-2.565003,0.02159668,3
51.440155,0.7086376,49.32769276642371,8.573656693197679,0,1,6259.5166,0.024452504,5,1,false,false,1.0969669,1.8269469,10.967802,-2.5646193,0.024435434,3
51.470467,0.7088269,49.327688540408516,8.573646788156953,0,1,6271.3667,0.024210947,5,1,false,false,1.1382473,1.866802,13.141323,-2.5642018,0.02604503,3
51.502083,0.7090163,49.32768431439332,8.57363688306375,0,1,6276.549,0.022758797,5,1,false,false,1.1083833,2.0513165,12.666679,-2.5637379,0.0307719,3
51.536407,0.7092059,49.32768008837813,8.573627115570442,0,1,6270.657,0.0225163,5,1,false,false,1.4159954,2.2150683,11.636548,-2.5632615,0.03116106,3
51.57307,0.7093956,49.32767586236294,8.57361721047724,0,1,6255.86,0.019126078,5,1,false,false,1.3632344,2.272666,13.031844,-2.5627744,0.029844254,3
51.607845,0.70958537,49.32767154648215,8.573607305384037,0,1,6237.9736,0.018158916,5,1,false,false,1.3930343,2.0121489,11.61972,-2.5623198,0.026118256,3
51.63752,0.7097753,49.32766732046696,8.573597400343312,0,1,6239.139,0.016705824,5,1,false,false,1.1373544,1.7398013,9.820841,-2.56192,0.021181362,3
51.664616,0.70996535,49.327663094451765,8.57358749525011,0,1,6257.343,0.014042145,5,1,false,false,0.9359611,1.6393416,8.801445,-2.5615895,0.017167462,3
51.691463,0.71015555,49.32765877857098,8.573577590156907,0,1,6265.8066,0.010167865,5,1,false,false,1.0015135,1.5917351,8.974421,-2.5613148,0.013639609,3
51.71731,0.71034575,49.327654552555785,8.573567822663598,0,1,6276.601,0.0070210714,5,1,false,false,0.66168463,1.509602,8.262484,-2.5610754,0.011341062,3
51.740135,0.71053606,49.327650236675005,8.573557917570396,0,1,6306.109,0.0050839325,5,1,false,false,0.73000014,1.2331012,7.3835626,-2.5608637,0.010580222,3
51.765144,0.71072644,49.32764592065702,8.57354801252967,0,1,6337.6826,0.004599884,5,1,false,false,0.59724605,1.5546199,6.1024766,-2.5606651,0.010177128,3
51.79234,0.710917,49.32764169464183,8.573538107436468,0,1,6345.924,0.0053254906,5,1,false,false,0.61144024,1.6646878,6.184159,-2.5604846,0.009279991,3
51.822155,0.71110755,49.32763737876104,8.573528202343265,0,1,6355.677,0.007990109,5,1,false,false,0.82506895,1.853971,8.01659,-2.56031,0.010299725,3
51.852535,0.7112983,49.32763306288025,8.573518297302542,0,1,6364.379,0.010894409,5,1,false,false,0.81665736,1.766669,8.127029,-2.5601177,0.012608609,3
51.885098,0.7114891,49.32762883686506,8.573508392261818,0,1,6369.1445,0.012589991,5,1,false,false,0.95591664,2.1274343,8.910806,-2.5598958,0.015858259,3
51.924965,0.71168005,49.32762452098428,8.573498349568721,0,1,6357.5146,0.012589991,5,1,false,false,0.95107484,2.5702853,9.875859,-2.5596344,0.017324334,3
51.967575,0.71187115,49.327620204966294,8.573488444475519,0,1,6316.6616,0.0142837,5,1,false,false,1.2415689,2.487819,11.413235,-2.5593727,0.01620761,3
52.00399,0.7120625,49.32761588908551,8.573478539382315,0,1,6294.5693,0.015736787,5,1,false,false,1.1914613,2.0240319,11.355701,-2.5591333,0.014024551,3
52.034008,0.71225387,49.32761157320472,8.573468634289112,0,1,6311.061,0.015494293,5,1,false,false,1.482225,1.7258956,11.313849,-2.5589206,0.013689482,3
52.062786,0.7124453,49.32760725718674,8.573458729300867,0,1,6319.4263,0.013799651,5,1,false,false,1.3197876,1.8211837,13.1158285,-2.5587018,0.01429262,3
52.09298,0.71263695,49.327602941305955,8.57344868660777,0,1,6315.155,0.01283155,5,1,false,false,1.4163358,1.8565654,12.725587,-2.5584712,0.01560742,3
52.12284,0.7128286,49.32759862542517,8.573438781514568,0,1,6319.3945,0.01186345,5,1,false,false,1.0720047,1.7974076,11.392633,-2.5582223,0.015684776,3
52.152325,0.71302044,49.32759430954438,8.573428876421366,0,1,6326.362,0.010167867,5,1,false,false,1.0198946,1.8356917,11.734274,-2.5579913,0.013522087,3
52.182617,0.7132124,49.3275899935264,8.573418833833227,0,1,6323.0737,0.006294528,5,1,false,false,1.0813675,1.8498522,11.318732,-2.5577962,0.011668585,3
52.21258,0.71340436,49.327585677645615,8.573408928740024,0,1,6321.21,0.0019362007,5,1,false,false,0.72666526,1.7822875,9.295355,-2.5575995,0.010808555,3
52.24031,0.7135965,49.32758127176204,8.573398886046927,0,1,6330.521,0.0007256075,5,1,false,false,0.61599827,1.6548042,8.111121,-2.5574458,0.0075872093,3
52.267765,0.71378875,49.327576955881256,8.573388981058681,0,1,6341.111,-0.0021805675,5,1,false,false,0.3714913,1.6390167,9.514072,-2.5573466,0.0013863322,3
52.293583,0.71398115,49.32757264000047,8.573379075965478,0,1,6347.7607,-0.0046008197,5,1,false,false,0.6314577,1.4252578,8.088257,-2.5573373,-0.0009682298,3
52.315937,0.71417356,49.327568234116896,8.573369033272382,0,1,6375.47,-0.00411677,5,1,false,false,0.40977162,1.3896481,6.9366117,-2.557359,-0.0033678792,3
52.34169,0.7143661,49.32756391823611,8.573358990684243,0,1,6406.394,-0.0026636822,5,1,false,false,0.42042226,1.6761897,6.6904507,-2.5573943,-0.003212765,3
52.372803,0.7145587,49.327559512352536,8.57334908559104,0,1,6399.15,0.0016946448,5,1,false,false,0.36983865,1.810721,7.026847,-2.5574348,-0.0037733184,3
52.402912,0.7147514,49.32755519647175,8.573339042897944,0,1,6394.6523,0.0065370207,5,1,false,false,0.37540585,1.7328153,6.036045,-2.5574796,-0.003811823,3
52.430588,0.71494424,49.32755079058817,8.573329137804741,0,1,6418.8857,0.01283155,5,1,false,false,0.39968818,1.592995,6.7233434,-2.5575206,-0.0032099776,3
52.460045,0.7151372,49.32754647470739,8.573319095216602,0,1,6429.209,0.018400468,5,1,false,false,0.4845568,1.857446,7.6159167,-2.5575545,-0.0025895042,3
52.489708,0.71533024,49.32754206882381,8.573309052523506,0,1,6424.007,0.021789752,5,1,false,false,0.87098575,1.740036,9.96306,-2.5575457,0.0029421202,3
52.522484,0.7155234,49.32753775294302,8.573299009935367,0,1,6435.03,0.028085217,5,1,false,false,0.98307943,2.1103992,12.346948,-2.5574334,0.010902396,3
52.55793,0.71571666,49.32753334719665,8.573289104842164,0,1,6424.289,0.032685105,5,1,false,false,0.9056034,2.2388163,10.955541,-2.557224,0.01679414,3
52.59805,0.71591014,49.327528941313076,8.573279062149068,0,1,6397.4683,0.029294882,5,1,false,false,0.84012264,2.5985672,10.910124,-2.55693,0.021086968,3
52.63679,0.71610373,49.32752462543229,8.573269019560929,0,1,6367.64,0.021789756,5,1,false,false,0.96560353,2.1362011,10.620193,-2.5565658,0.023316033,3
52.667435,0.7162974,49.32752021954872,8.573258976867832,0,1,6357.861,0.018883584,5,1,false,false,1.0436968,1.6734023,12.478066,-2.5561929,0.0221107,3
52.69351,0.7164912,49.32751581366514,8.573248934279693,0,1,6379.0474,0.015736792,5,1,false,false,0.80896604,1.5090426,12.998434,-2.5558245,0.020790225,3
52.718266,0.7166852,49.32751140791876,8.573238891586596,0,1,6394.4507,0.008230731,5,1,false,false,0.5362394,1.5084811,8.927381,-2.5555108,0.016552826,3
52.743946,0.7168791,49.32750700203518,8.573228848998458,0,1,6404.5776,-0.0009690381,5,1,false,false,0.7481233,1.6942306,13.768473,-2.5552497,0.015241527,3
52.77353,0.7170732,49.32750259615161,8.573218806305361,0,1,6411.125,-0.005327364,5,1,false,false,0.5263502,1.790933,13.594468,-2.5549974,0.014299398,3
52.801155,0.71726745,49.32749819040523,8.573208763612264,0,1,6403.583,-0.007748551,5,1,false,false,0.41029635,1.5741345,11.564224,-2.5548227,0.009376056,3
52.832188,0.71746176,49.32749378452166,8.573198721024125,0,1,6420.172,-0.015496167,5,1,false,false,0.50174046,2.1445644,11.515921,-2.5547414,0.0038085082,3
52.86441,0.71765614,49.32748937877528,8.573188678331029,0,1,6402.2905,-0.021065082,5,1,false,false,0.47350872,1.9056233,12.198006,-2.55474,-0.0019585364,3
52.89451,0.71785074,49.3274849728917,8.57317863574289,0,1,6379.8276,-0.020338543,5,1,false,false,0.28766176,1.7742593,12.058841,-2.5548267,-0.0072339517,3
52.919765,0.71804535,49.32748056700813,8.573168455554857,0,1,6402.9067,-0.01912795,5,1,false,false,0.11934993,1.4330153,9.633663,-2.5549984,-0.0126135135,3
52.943645,0.71824014,49.327476071258964,8.57315841286176,0,1,6420.8105,-0.018643899,5,1,false,false,-0.0051043034,1.5331835,8.512025,-2.5552356,-0.016466977,3
52.97033,0.71843493,49.32747166551258,8.573148370168663,0,1,6420.7256,-0.016706763,5,1,false,false,0.1543355,1.6294417,6.8941793,-2.5555174,-0.018476574,3
52.993874,0.71862984,49.32746725962901,8.573138327580525,0,1,6429.254,-0.011622824,5,1,false,false,0.04954035,1.2676703,6.412394,-2.555795,-0.01867277,3
53.01272,0.71882486,49.32746285374543,8.573128147392492,0,1,6465.1714,-0.00460082,5,1,false,false,0.2151171,1.0213535,8.873034,-2.556079,-0.017838335,3
53.027615,0.71901995,49.32745844799906,8.573118104699395,0,1,6508.2266,-9.3656126e-07,5,1,false,false,0.15806933,0.93415195,11.699231,-2.5563297,-0.014587509,3
53.04922,0.7192151,49.32745395224989,8.573107924511362,0,1,6547.3037,0.0019362015,5,1,false,false,0.17173131,1.6307259,9.461406,-2.5565646,-0.011156232,3
53.08793,0.71941036,49.32744954636632,8.573097881818265,0,1,6541.188,0.0007256075,5,1,false,false,-0.009241417,3.003667,7.8975177,-2.5567474,-0.007548243,3
53.14152,0.7196058,49.32744514048274,8.573087701630232,0,1,6456.7324,-0.00048498664,5,1,false,false,-0.12007743,3.0906603,9.548882,-2.5568721,-0.0044959034,3
53.182114,0.71980137,49.32744064473357,8.573077658937136,0,1,6390.223,-0.0031477318,5,1,false,false,-0.28169465,2.0288036,11.749387,-2.556929,-0.0030222575,3
53.205933,0.71999705,49.3274362389872,8.573067478749103,0,1,6428.3926,-0.0092007015,5,1,false,false,-0.15899469,1.1696409,9.804038,-2.556971,-0.0025701441,3
53.22551,0.72019285,49.32743174323803,8.573057436056006,0,1,6469.496,-0.014769622,5,1,false,false,-0.26239562,1.3321153,8.412991,-2.5570173,-0.0039807586,3
53.251583,0.7203887,49.32742733735445,8.573047255867973,0,1,6463.3286,-0.019612003,5,1,false,false,-0.17825854,1.7184451,7.762099,-2.5570855,-0.0054032723,3
53.279087,0.72058475,49.32742293147088,8.57303707567994,0,1,6460.5864,-0.023244716,5,1,false,false,-0.27495667,1.5201309,7.0933447,-2.557164,-0.007021797,3
53.300987,0.72078085,49.32741843572171,8.573026895491909,0,1,6485.5493,-0.024454372,5,1,false,false,-0.36167955,1.1615506,7.0814524,-2.5572817,-0.010724666,3
53.31945,0.72097695,49.32741402997533,8.573016852798812,0,1,6522.3433,-0.023727832,5,1,false,false,-0.32244867,1.0301038,7.281276,-2.5574691,-0.014441902,3
53.338753,0.7211732,49.32740953422616,8.573006672610779,0,1,6556.1865,-0.020581031,5,1,false,false,-0.3597199,1.2993865,8.49965,-2.5577207,-0.017535971,3
53.365665,0.7213695,49.32740512834259,8.572996492422746,0,1,6574.3257,-0.016222714,5,1,false,false,-0.27634937,1.8201255,8.690282,-2.5580363,-0.019619187,3
53.40278,0.7215659,49.327400632593424,8.572986312129755,0,1,6556.4185,-0.013316536,5,1,false,false,-0.32557455,2.3915696,9.434213,-2.5583718,-0.018942967,3
53.445427,0.72176254,49.32739622684704,8.572976131941722,0,1,6515.84,-0.0111378385,5,1,false,false,-0.28808218,2.6075466,11.151251,-2.5586953,-0.017212853,3
53.48367,0.72195923,49.327391731097876,8.57296595175369,0,1,6483.0156,-0.010169742,5,1,false,false,-0.30270267,2.0943115,11.447707,-2.5589862,-0.015210643,3
53.514736,0.7221561,49.327387325077105,8.572955771460698,0,1,6480.5166,-0.010653789,5,1,false,false,-0.48289546,1.7515677,12.681202,-2.5592496,-0.014771922,3
53.542233,0.7223531,49.32738282932793,8.572945591272665,0,1,6488.0464,-0.012590926,5,1,false,false,-0.48102954,1.6335247,12.386548,-2.5594978,-0.013978569,3
53.5695,0.7225501,49.327378333578764,8.57293527348474,0,1,6486.0996,-0.015496168,5,1,false,false,-0.5962199,1.657996,11.449627,-2.5597382,-0.013750828,3
53.596676,0.72274727,49.32737392783239,8.572925093296707,0,1,6486.5366,-0.018643895,5,1,false,false,-0.59174055,1.6094573,10.731386,-2.5599644,-0.013439305,3
53.62257,0.72294456,49.32736943208322,8.572914913108674,0,1,6493.6685,-0.021065084,5,1,false,false,-0.6150477,1.535393,10.431755,-2.56018,-0.013279822,3
53.647522,0.7231419,49.32736502633685,8.572904595320747,0,1,6502.3374,-0.022760667,5,1,false,false,-0.78607696,1.4894519,10.775048,-2.5604055,-0.015352031,3
53.672142,0.7233394,49.327360530587676,8.572894415027756,0,1,6513.3936,-0.024696864,5,1,false,false,-0.7065188,1.4936553,10.636736,-2.5606792,-0.017825084,3
53.696686,0.7235369,49.32735603483851,8.572884234839725,0,1,6526.6934,-0.025180917,5,1,false,false,-0.8387181,1.5082775,9.470237,-2.5609992,-0.020945737,3
53.723003,0.72373456,49.327351629092135,8.572873917051798,0,1,6535.735,-0.023727832,5,1,false,false,-0.65808976,1.6607394,9.597283,-2.5613577,-0.021135565,3
53.75141,0.7239323,49.32734713334297,8.57286359926387,0,1,6533.916,-0.021549141,5,1,false,false,-0.65449685,1.7257435,10.057415,-2.5617342,-0.023199748,3
53.779465,0.72413015,49.32734272732219,8.572853419075837,0,1,6530.6504,-0.017918287,5,1,false,false,-0.82327616,1.6809487,10.685155,-2.5621185,-0.023561988,3
53.806976,0.7243281,49.32733823157302,8.572843101287912,0,1,6537.7236,-0.013074981,5,1,false,false,-0.5992909,1.6485573,10.522518,-2.562523,-0.023754062,3
53.834118,0.7245262,49.327333735823856,8.572832783499985,0,1,6540.7227,-0.008232602,5,1,false,false,-0.6289731,1.6619145,9.396585,-2.5629048,-0.021476682,3
53.861942,0.72472435,49.32732933007748,8.572822603206994,0,1,6539.591,-0.0024221241,5,1,false,false,-0.50580716,1.7188407,10.147068,-2.5632277,-0.016903542,3
53.889874,0.7249226,49.327324834328316,8.572812285419067,0,1,6539.154,0.004114897,5,1,false,false,-0.46836346,1.654329,10.338346,-2.5634744,-0.01240043,3
53.916046,0.725121,49.32732033857915,8.572801967631142,0,1,6541.3193,0.008473223,5,1,false,false,-0.3891312,1.5404825,9.941619,-2.5636408,-0.007806056,3
53.941757,0.72531945,49.32731593283277,8.572791649948172,0,1,6552.847,0.012589989,5,1,false,false,-0.24274425,1.571543,9.485941,-2.5637255,-0.0021403425,3
53.967823,0.725518,49.3273114370836,8.572781332160245,0,1,6559.061,0.015736787,5,1,false,false,-0.23599762,1.6032768,8.543543,-2.5637252,0.0019211635,3
53.994644,0.72571665,49.327306941334434,8.57277101437232,0,1,6559.1245,0.01646333,5,1,false,false,-0.15103124,1.6329203,7.985067,-2.5636458,0.006586136,3
54.021217,0.72591543,49.32730253531366,8.572760696584393,0,1,6563.6963,0.01694738,5,1,false,false,-0.043905526,1.5588423,8.660709,-2.5634925,0.01042335,3
54.046253,0.7261144,49.32729803956449,8.572750378796465,0,1,6571.3623,0.016463332,5,1,false,false,-0.033210263,1.4410043,8.634028,-2.5632834,0.012936551,3
54.070198,0.7263134,49.32729354381532,8.572740061008538,0,1,6586.569,0.015252737,5,1,false,false,0.2022102,1.4139814,8.96391,-2.5630424,0.015762676,3
54.09557,0.72651255,49.327289048066156,8.572729743220613,0,1,6600.4614,0.014768687,5,1,false,false,0.18470103,1.6010541,9.520804,-2.5627625,0.0178387,3
54.123993,0.7267118,49.32728455231699,8.572719425432686,0,1,6599.125,0.014768686,5,1,false,false,0.21380572,1.7722889,9.393057,-2.562458,0.019529479,3
54.15458,0.7269111,49.327280146570615,8.572708970044864,0,1,6591.006,0.015010241,5,1,false,false,0.43328294,1.8806797,9.979797,-2.5621269,0.021394944,3
54.18611,0.7271106,49.32727565082145,8.572698652256939,0,1,6581.339,0.015736787,5,1,false,false,0.42818838,1.843209,10.111831,-2.5617735,0.02189356,3
54.215065,0.7273101,49.32727115507228,8.572688334469012,0,1,6571.4575,0.01597928,5,1,false,false,0.42434978,1.7041554,10.022908,-2.5614219,0.020468595,3
54.241898,0.7275098,49.327266659323115,8.572678016681085,0,1,6576.99,0.015494293,5,1,false,false,0.68169296,1.5769427,10.078395,-2.5610762,0.021505319,3
54.267166,0.7277095,49.32726216357394,8.572667561293265,0,1,6583.57,0.015010244,5,1,false,false,0.70514965,1.5271084,10.267027,-2.5607197,0.020884823,3
54.29257,0.72790927,49.327257667824775,8.572657243505338,0,1,6587.815,0.014042145,5,1,false,false,0.7167401,1.5410662,10.640699,-2.5603702,0.020759728,3
54.317886,0.7281091,49.32725317207561,8.572646788117517,0,1,6594.624,0.01283155,5,1,false,false,0.72166485,1.517637,10.308766,-2.5600312,0.019700658,3
54.343468,0.7283091,49.32724867632644,8.572636470329591,0,1,6601.122,0.01186345,5,1,false,false,0.7105508,1.5799608,9.723186,-2.5597048,0.019337513,3
54.369946,0.72850907,49.327244180577274,8.572626152541664,0,1,6603.326,0.011620954,5,1,false,false,0.7889375,1.6191826,10.039762,-2.5593941,0.018012753,3
54.39633,0.7287092,49.327239594825315,8.5726156972588,0,1,6603.5566,0.010167868,5,1,false,false,0.841534,1.6014391,10.834125,-2.5591,0.017644418,3
54.422432,0.7289094,49.32723509907615,8.572605241766023,0,1,6608.398,0.008473225,5,1,false,false,0.879571,1.5828704,10.357099,-2.5588157,0.017195757,3
54.448586,0.7291096,49.32723060332698,8.572594923978096,0,1,6612.059,0.00532549,5,1,false,false,0.84746605,1.6354884,10.222502,-2.5585444,0.016375856,3
54.475533,0.7293099,49.327226107577815,8.572584468695235,0,1,6611.4966,0.0009681012,5,1,false,false,0.75532866,1.6437619,9.960977,-2.558293,0.013902612,3
54.50242,0.72951037,49.32722152210025,8.572574150907307,0,1,6608.821,-0.0048433132,5,1,false,false,0.6165059,1.6405337,10.909728,-2.558086,0.01075635,3
54.528534,0.7297109,49.327217026351086,8.572563695624444,0,1,6611.163,-0.014285572,5,1,false,false,0.6565069,1.5508711,10.357104,-2.5579536,0.006069119,3
54.553543,0.7299115,49.32721253060192,8.572553240131667,0,1,6616.772,-0.02590746,5,1,false,false,0.28431782,1.5435426,9.813599,-2.5578985,0.0004995611,3
54.579014,0.73011214,49.32720794484996,8.57254292234374,0,1,6621.5576,-0.035350654,5,1,false,false,0.15872934,1.5977017,9.220676,-2.5579705,-0.008267687,3
54.604607,0.7303129,49.32720344910079,8.572532467060876,0,1,6621.7227,-0.046730064,5,1,false,false,-0.14871912,1.5586221,8.400829,-2.5581863,-0.018357232,3
54.629604,0.73051375,49.32719886334883,8.572522011778014,0,1,6625.3774,-0.055205144,5,1,false,false,-0.20363767,1.4629893,9.121429,-2.5585642,-0.02750597,3
54.652863,0.7307147,49.32719436759967,8.572511556285235,0,1,6635.4746,-0.060290016,5,1,false,false,-0.5216725,1.3801157,9.848621,-2.559098,-0.037819084,3
54.67501,0.73091567,49.32718978212211,8.57250123849731,0,1,6650.257,-0.06561738,5,1,false,false,-0.75037587,1.3394411,10.25314,-2.559808,-0.047520727,3
54.69886,0.73111665,49.32718528637294,8.572490783214446,0,1,6663.5347,-0.069490716,5,1,false,false,-0.95621586,1.5443383,10.355372,-2.5606823,-0.056030817,3
54.72627,0.7313178,49.32718079062377,8.572480327931585,0,1,6661.7847,-0.074333094,5,1,false,false,-1.1091936,1.7548449,9.70508,-2.5617046,-0.06411709,3
54.755703,0.7315191,49.32717620487182,8.572469872438806,0,1,6646.9624,-0.081839174,5,1,false,false,-1.5345322,1.8058829,9.590668,-2.562834,-0.070517294,3
54.78405,0.73172045,49.327171709122645,8.572459417155942,0,1,6637.2134,-0.092735454,5,1,false,false,-1.8886616,1.662248,10.447769,-2.5640604,-0.07617659,3
54.808937,0.73192185,49.32716712337069,8.57244896187308,0,1,6640.3086,-0.10823347,5,1,false,false,-2.395272,1.4207938,9.992807,-2.5653932,-0.08466999,3
54.83136,0.7321234,49.32716262762152,8.572438368885365,0,1,6651.814,-0.12687832,5,1,false,false,-2.783025,1.3770666,9.752878,-2.566893,-0.09562605,3
54.85452,0.73232496,49.327158041869566,8.572427913392588,0,1,6661.3647,-0.14552315,5,1,false,false,-3.2013602,1.4684353,9.188028,-2.5686085,-0.1105105,3
54.87841,0.7325266,49.3271535461204,8.572417458109724,0,1,6662.2437,-0.16683258,5,1,false,false,-3.684622,1.4933373,9.0855465,-2.5705688,-0.12510471,3
54.902092,0.73272836,49.327149050371226,8.57240686512201,0,1,6666.37,-0.1900801,5,1,false,false,-4.36448,1.4434283,9.522499,-2.572799,-0.14422426,3
54.924694,0.7329302,49.32714455462206,8.572396409839147,0,1,6675.214,-0.21139054,5,1,false,false,-5.083822,1.3652711,9.623717,-2.575353,-0.16375673,3
54.94744,0.7331321,49.32714005887289,8.572385816851433,0,1,6682.2656,-0.2312478,5,1,false,false,-5.658803,1.430398,9.211034,-2.578282,-0.1877068,3
54.971264,0.7333341,49.327135563123726,8.572375224073635,0,1,6685.175,-0.24723181,5,1,false,false,-6.1511273,1.5272777,8.869635,-2.5815992,-0.20863919,3
54.994953,0.7335362,49.32713106737456,8.57236463108592,0,1,6683.71,-0.26127863,5,1,false,false,-6.6903954,1.5336558,9.142002,-2.5852175,-0.22531374,3
55.01821,0.73373836,49.32712657162539,8.572354038098206,0,1,6684.085,-0.27508196,5,1,false,false,-7.388528,1.4580756,9.225533,-2.5890896,-0.23964581,3
55.03977,0.73394054,49.32712216587902,8.57234344511049,0,1,6687.2803,-0.28719163,5,1,false,false,-8.005547,1.379717,9.279152,-2.5931988,-0.25477517,3
55.06051,0.73414284,49.32711776013264,8.572332852332693,0,1,6694.5303,-0.29929954,5,1,false,false,-8.57984,1.3638481,9.077018,-2.5975626,-0.2695196,3
55.08058,0.7343452,49.32711326438347,8.572322121850043,0,1,6698.397,-0.31286326,5,1,false,false,-9.440192,1.3552679,9.768268,-2.602174,-0.28519252,3
55.100033,0.7345477,49.327108948365485,8.572311391367391,0,1,6701.6978,-0.32569847,5,1,false,false,-10.690937,1.3389001,11.004682,-2.6070802,-0.30571365,3
55.118534,0.73475015,49.32710454261911,8.572300660674825,0,1,6705.414,-0.333449,5,1,false,false,-11.69511,1.3750757,11.5432,-2.6123946,-0.33205056,3
55.13705,0.73495275,49.32710013687274,8.572289930192175,0.0044084354,1,6707.609,-0.33756664,5,1,false,false,-11.849821,1.4028126,10.77131,-2.618118,-0.35076,3
55.15528,0.73515534,49.32709582085475,8.572279199709524,0.012867866,0.9681876,6703.266,-0.3361125,5,1,false,false,-11.914918,1.4461268,9.6513405,-2.6239998,-0.35066503,3
55.17289,0.73535806,49.327091504836766,8.572268469226874,0.020731565,0.8998766,6691.54,-0.33175328,5,1,false,false,-11.424238,1.3378433,9.092576,-2.6296453,-0.32293198,3
55.18464,0.73556083,49.32708727882157,8.572257601249287,0.03252711,0.78446376,6672.1836,-0.32642505,5,1,false,false,-11.659237,0.8536161,9.186146,-2.6347656,-0.29545644,3
55.1867,0.73576355,49.327082963077984,8.572246733061785,0.041105684,0.67003703,6663.011,-0.32569852,5,1,false,false,-12.317985,0.22039448,9.066126,-2.6396224,-0.29388887,3
55.177773,0.73596627,49.32707873706279,8.572235865084199,0.050994877,0.5644882,6661.878,-0.32787913,5,1,false,false,-11.8494215,-0.40858355,9.09733,-2.644638,-0.3113141,3
55.161003,0.736169,49.3270745110476,8.572224996896697,0.058381993,0.45622683,6648.332,-0.3293321,5,1,false,false,-12.462293,-0.7980285,8.173455,-2.6500616,-0.34043002,3
55.136765,0.7363716,49.3270703747608,8.57221412891911,0.0657691,0.36720094,6620.4326,-0.33054182,5,1,false,false,-12.383872,-1.2741601,7.552952,-2.6558669,-0.35312337,3
55.1025,0.7365741,49.327066238748394,8.572203123236672,0.07101156,0.2562269,6584.983,-0.33126923,5,1,false,false,-12.687708,-1.894194,8.648029,-2.6617785,-0.35484275,3
55.055027,0.7367765,49.327062102735994,8.572192255259086,0.074705094,0.18742293,6561.1978,-0.33151087,5,1,false,false,-14.71266,-2.6428573,10.182168,-2.667691,-0.35599372,3
54.997013,0.7369786,49.32705796672359,8.572181249576648,0.07518169,0.12157828,6535.84,-0.3300587,5,1,false,false,-14.904645,-2.999784,10.084742,-2.673736,-0.36784244,3
54.935516,0.73718053,49.32705392043958,8.57217024389421,0.075658284,0.07472257,6476.3633,-0.3266675,5,1,false,false,-15.647258,-3.1037545,10.719044,-2.6799846,-0.37944484,3
54.869164,0.7373822,49.32704996415836,8.572159238211771,0.07422853,0.04217016,6393.4917,-0.32037026,5,1,false,false,-17.546366,-3.3802307,11.953692,-2.6863658,-0.3848325,3
54.800385,0.7375836,49.32704600787714,8.572148232739249,0.072441325,0.013810113,6320.0073,-0.31431627,5,1,false,false,-17.544052,-3.463836,11.0252495,-2.6927652,-0.38195622,3
54.708763,0.73778474,49.327042051595924,8.57213722705681,0.06660313,-1.3969839e-09,6518.168,-0.30850396,5,1,false,false,-17.35742,-5.3977976,11.7181,-2.6989508,-0.35817853,3
54.612892,0.7379855,49.3270381853175,8.572126221374372,0.06290954,0,6524.8438,-0.30511275,5,1,false,false,-19.369127,-4.2873173,12.857695,-2.7048264,-0.35115677,3
54.538258,0.738186,49.327034319039065,8.572115215691934,0.053258665,0,6420.874,-0.3058393,5,1,false,false,-18.740616,-3.323642,11.590064,-2.7107534,-0.35906392,3
54.4655,0.7383862,49.327030542489034,8.57210407251456,0.04634814,0,6447.047,-0.31116763,5,1,false,false,-16.744284,-3.8078952,9.710951,-2.7166665,-0.34429175,3
54.38906,0.73858637,49.32702685594179,8.572092929337185,0.039199345,0,6472.95,-0.32061276,5,1,false,false,-16.616386,-3.6761036,8.875342,-2.7220912,-0.30716762,3
54.31925,0.7387864,49.32702316939454,8.572081923654746,0.035744067,0,6436.381,-0.33490297,5,1,false,false,-16.999739,-3.3191652,9.122317,-2.7269027,-0.2769209,3
54.251358,0.73898625,49.327019483121695,8.572070780477373,0.03252712,0,6427.496,-0.35258245,5,1,false,false,-17.182653,-3.2945302,9.50368,-2.7315187,-0.28378293,3
54.181843,0.7391857,49.327015886302846,8.572059637299999,0.03133563,0,6430.8057,-0.37316915,5,1,false,false,-16.78116,-3.2976592,9.19573,-2.736458,-0.31070778,3
54.1154,0.7393847,49.327012289758386,8.572048494122624,0.030263312,0,6413.65,-0.38794437,5,1,false,false,-16.516901,-3.1338835,9.135521,-2.741918,-0.34200162,3
54.049026,0.7395835,49.327008783216726,8.572037350735334,0.031812225,0,6401.5103,-0.39327267,5,1,false,false,-16.12806,-3.2246141,8.385831,-2.7477403,-0.35140395,3
53.98273,0.7397821,49.32700527640066,8.57202620755796,0.030859051,0,6402.9404,-0.39278862,5,1,false,false,-15.809593,-3.213475,8.002694,-2.7534573,-0.33267307,3
53.9168,0.73998016,49.32700185958739,8.57201492688565,0.031335633,0,6395.8027,-0.3908506,5,1,false,false,-15.7635765,-3.1832602,8.720905,-2.758833,-0.3117189,3
53.851643,0.74017805,49.32699844304852,8.572003783708276,0.030263312,0,6383.8086,-0.39399838,5,1,false,false,-15.776613,-3.085254,8.373333,-2.7639327,-0.3027146,3
53.786247,0.74037576,49.326995026235245,8.571992502826049,0.031335637,0,6375.42,-0.4044133,5,1,false,false,-16.763649,-3.198965,9.655188,-2.7690496,-0.31477946,3
53.719193,0.7405731,49.32699169942477,8.571981359648674,0.031335637,0,6366.9023,-0.41846204,5,1,false,false,-17.592524,-3.2781675,9.809514,-2.7745147,-0.34323403,3
53.649693,0.7407702,49.32698837233989,8.57197007876645,0.034790903,0,6359.3154,-0.43154174,5,1,false,false,-17.816994,-3.280214,9.480805,-2.780503,-0.3743402,3
53.57936,0.7409671,49.3269851355322,8.571958798094139,0.038484454,0,6353.1733,-0.44389486,5,1,false,false,-17.804617,-3.3303018,9.816176,-2.7869277,-0.39028597,3
53.508156,0.7411638,49.32698198845291,8.571947654916764,0.04634815,0,6344.687,-0.45503742,5,1,false,false,-18.252445,-3.3228135,10.357937,-2.793408,-0.38407093,3
53.43312,0.7413601,49.32697884137361,8.57193637403454,0.056952216,0,6334.594,-0.46545234,5,1,false,false,-20.33409,-3.5997143,10.824202,-2.7998142,-0.38880306,3
53.356125,0.7415562,49.32697569429431,8.571925093362228,0.064577624,0,6326.911,-0.47853208,5,1,false,false,-19.328697,-3.585462,9.837827,-2.8063483,-0.39536238,3
53.280556,0.74175215,49.32697263721781,8.571913674985066,0.07339449,0,6312.6387,-0.49403572,5,1,false,false,-18.11967,-3.5244658,9.016368,-2.8129208,-0.39061996,3
53.203934,0.7419477,49.32696967014409,8.57190239410284,0.084832594,0,6292.385,-0.50978094,5,1,false,false,-18.604828,-3.761761,8.587508,-2.8193238,-0.37853754,3
53.122566,0.7421431,49.32696670279598,8.57189111343053,0.09591325,0,6277.9155,-0.5279473,5,1,false,false,-18.591208,-3.9654977,8.780168,-2.8255632,-0.37399486,3
53.039547,0.74233824,49.32696382572505,8.571879832548303,0.10794708,0,6261.9604,-0.5419971,5,1,false,false,-17.752398,-4.0382686,8.871647,-2.8319533,-0.39406475,3
52.955395,0.74253315,49.32696094837973,8.571868414171142,0.12081495,0,6234.357,-0.553867,5,1,false,false,-18.016705,-4.0888424,8.624333,-2.8387852,-0.42844465,3
52.86648,0.7427278,49.326958071034404,8.571857133498831,0.13010845,0,6205.525,-0.5635565,5,1,false,false,-18.92203,-4.510757,9.142792,-2.84623,-0.46565115,3
52.769436,0.7429222,49.32695528369187,8.57184571512167,0.13809124,0,6187.7617,-0.56985563,5,1,false,false,-19.730917,-4.8225827,9.223558,-2.8543315,-0.5052595,3
52.666504,0.74311626,49.326952586352135,8.571834434239443,0.13880616,0,6173.004,-0.5739733,5,1,false,false,-19.80857,-4.9356256,10.035536,-2.8629928,-0.531125,3
52.561924,0.7433101,49.32694988873799,8.571823153567133,0.14321461,0,6154.733,-0.5759113,5,1,false,false,-20.77865,-5.0926495,9.67816,-2.871911,-0.53591716,3
52.454334,0.74350363,49.32694728140104,8.571811735189971,0.13928273,0,6139.9673,-0.5780918,5,1,false,false,-21.338083,-5.166028,10.306698,-2.8807757,-0.5276974,3
52.345066,0.74369675,49.32694476379248,8.571800316812809,0.14392948,0,6129.5894,-0.5800299,5,1,false,false,-21.20711,-5.0608335,10.011935,-2.8895466,-0.5229951,3
52.232464,0.7438897,49.326942246183926,8.5717890361405,0.13654232,0,6115.3,-0.58075666,5,1,false,false,-22.6137,-5.276723,11.270617,-2.8983028,-0.53214717,3
52.11839,0.7440823,49.326939818303764,8.571777617763336,0.1404742,0,6098.1978,-0.57712305,5,1,false,false,-23.48888,-5.239124,10.882736,-2.9074204,-0.56198454,3
52.01005,0.7442745,49.32693739069799,8.571766336881112,0.13308713,0,6081.1143,-0.5698555,5,1,false,false,-21.342112,-4.5263567,9.232648,-2.9169161,-0.5716879,3
51.906902,0.7444665,49.32693505282062,8.571754918503949,0.13582751,0,6061.772,-0.5611352,5,1,false,false,-21.416847,-4.6152105,9.211102,-2.926316,-0.55472803,3
51.79686,0.7446583,49.32693280494604,8.571743637831638,0.12450855,0,6054.396,-0.5514456,5,1,false,false,-22.320995,-5.134702,9.389291,-2.9353254,-0.5267574,3
51.688168,0.74484974,49.32693055707145,8.571732219454477,0.1247468,0,6056.8423,-0.5383644,5,1,false,false,-21.137653,-4.5722394,9.636235,-2.9438674,-0.49991077,3
51.584282,0.7450409,49.32692839919966,8.571720801077314,0.10675563,0,6037.433,-0.52019674,5,1,false,false,-20.783169,-4.4467688,8.899441,-2.9521196,-0.49144822,3
51.482666,0.74523187,49.32692624105347,8.571709520405005,0.102347195,0,6010.972,-0.49451882,5,1,false,false,-20.436117,-4.3621497,8.539648,-2.96031,-0.49164695,3
51.384113,0.74542266,49.326924173184466,8.571698102027842,0.07518169,0,6001.8267,-0.457701,5,1,false,false,-19.799463,-4.341984,8.453262,-2.9685175,-0.49381518,3
51.284737,0.74561316,49.326922195043856,8.571686821145617,0.06433932,0,5988.985,-0.40344527,5,1,false,false,-19.975616,-4.136702,8.43753,-2.9767659,-0.49640042,3
51.189022,0.7458034,49.32692021690325,8.571675402768454,0.044084363,0,5983.1743,-0.34822318,5,1,false,false,-19.080845,-3.903557,8.126987,-2.9850764,-0.49921983,3
51.101692,0.7459936,49.32691832876543,8.571663984391293,0.030620761,0,5979.7754,-0.29130852,5,1,false,false,-18.62915,-3.4303749,8.189295,-2.993326,-0.4884932,3
51.0178,0.7461836,49.32691644035321,8.571652703718982,0.00810199,0,5975.487,-0.2435991,5,1,false,false,-18.832882,-3.271292,8.326698,-3.0013094,-0.4673856,3
50.93315,0.7463733,49.32691455221539,8.57164128534182,0,0,5978.234,-0.21332854,5,1,false,false,-19.710428,-3.263275,9.322522,-3.0089226,-0.4489376,3
50.85031,0.7465631,49.326912843808756,8.57163000466951,0,0,5984.6274,-0.1971031,5,1,false,false,-19.58947,-2.965019,8.917336,-3.0163333,-0.43798625,3
50.773735,0.7467526,49.32691113540212,8.571618586292347,0,0,5980.6,-0.1895961,5,1,false,false,-19.179358,-2.617643,8.959697,-3.0234532,-0.41590154,3
50.700943,0.746942,49.326909426995485,8.571607305410122,0,0,5972.2935,-0.19056417,5,1,false,false,-19.148687,-2.5001347,8.608255,-3.0301707,-0.38848743,3
50.62911,0.7471313,49.32690780859164,8.571596024737811,0,0,5967.7397,-0.19589247,5,1,false,false,-19.083084,-2.4305599,8.853328,-3.0363677,-0.35514906,3
50.55731,0.74732053,49.3269061901878,8.571584606360648,0,0.0019728735,5962.6523,-0.20388259,5,1,false,false,-19.393274,-2.4702492,8.8114,-3.0419977,-0.32211667,3
50.486767,0.74750966,49.326904661512344,8.571573325478424,0,0.020961776,5958.0654,-0.21478076,5,1,false,false,-19.034937,-2.3078644,9.007599,-3.0471828,-0.29947156,3
50.4194,0.74769855,49.32690322283968,8.57156190710126,0,0.039457463,5956.076,-0.23173283,5,1,false,false,-18.852762,-2.2966604,8.261368,-3.0519392,-0.27534944,3
50.35313,0.7478875,49.32690178444142,8.571550626428952,0,0.05524045,5952.696,-0.25885648,5,1,false,false,-18.873785,-2.3085823,8.550891,-3.056444,-0.2647313,3
50.285664,0.7480764,49.326900345768756,8.571539208051789,0,0.06855734,5949.5576,-0.29179257,5,1,false,false,-19.386238,-2.237345,9.388672,-3.060811,-0.25976282,3
50.21964,0.748265,49.32689908682728,8.571527927169562,0,0.0784217,5948.5684,-0.3317533,5,1,false,false,-19.44637,-2.3090253,8.688015,-3.065081,-0.25105536,3
50.155457,0.7484536,49.32689773815741,8.571516509002317,0,0.08557337,5946.5728,-0.38091964,5,1,false,false,-19.232325,-2.1319237,8.947448,-3.0691748,-0.24389341,3
50.093147,0.7486423,49.32689647921593,8.57150522812009,0,0.08902591,5942.602,-0.4254868,5,1,false,false,-18.915308,-2.137307,9.024853,-3.0731993,-0.23755608,3
50.033134,0.74883085,49.32689531055164,8.571493947447781,0,0.08976574,5937.5776,-0.46860102,5,1,false,false,-18.743341,-2.1415765,8.246004,-3.0770671,-0.22699118,3
49.97327,0.7490192,49.326894141612954,8.571482529070618,0,0.089272514,5931.9805,-0.50881183,5,1,false,false,-19.178251,-2.146107,9.131916,-3.080783,-0.22102211,3
49.912594,0.7492072,49.32689306267706,8.571471248188391,0,0.08557338,5926.0728,-0.54199684,5,1,false,false,-19.684114,-2.187633,9.505238,-3.084554,-0.23495711,3
49.851562,0.749395,49.32689207346956,8.571459967516082,0,0.08064119,5920.3833,-0.569613,5,1,false,false,-19.800564,-2.226758,9.7813225,-3.0886743,-0.26103657,3
49.790577,0.74958265,49.326890994533656,8.57144854913892,0,0.07127004,5912.9507,-0.5911734,5,1,false,false,-20.076674,-2.2556357,10.016679,-3.0932477,-0.28688902,3
49.729706,0.74977,49.32689009532895,8.571437268256695,0.0016680567,0.06485822,5906.4526,-0.60595065,5,1,false,false,-20.106234,-2.2869425,9.962932,-3.0981839,-0.30546972,3
49.66708,0.7499568,49.326889196124235,8.571425987584384,0,0.058199756,5899.154,-0.6192754,5,1,false,false,-20.385658,-2.4111764,9.845634,-3.1033983,-0.3150382,3
49.60479,0.75014335,49.32688838692231,8.571414706702157,0.0059573455,0.054747216,5893.0444,-0.63623315,5,1,false,false,-20.01977,-2.3860822,9.801363,-3.1085835,-0.30522913,3
49.543877,0.7503298,49.32688757772039,8.571403426029848,0.0011914681,0.053760797,5886.701,-0.6524652,5,1,false,false,-19.245611,-2.3927464,9.169711,-3.113498,-0.2846655,3
49.485348,0.7505158,49.32688676851846,8.571392145147621,0.006433933,0.054993846,5878.3623,-0.66990787,5,1,false,false,-18.232101,-2.330714,8.709945,-3.1180375,-0.2592203,3
49.428135,0.75070155,49.326886049319334,8.571380726770458,0.0014297629,0.06313193,5873.395,-0.6948625,5,1,false,false,-17.644007,-2.3831744,8.077689,-3.1221879,-0.24011655,3
49.37135,0.7508871,49.326885419848594,8.57136944609815,0.007863696,0.07768189,5872.078,-0.73386914,5,1,false,false,-18.41701,-2.341407,9.551737,-3.126133,-0.24336721,3
49.314434,0.75107247,49.326884790377854,8.571358302920775,0.0025020856,0.093958065,5869.883,-0.7743318,5,1,false,false,-18.337864,-2.3878577,8.347124,-3.1305044,-0.28182265,3
49.259567,0.75125736,49.326884250909906,8.571347022038548,0.0066722273,0.119852036,5869.472,-0.8104332,5,1,false,false,-18.33488,-2.2442725,8.608425,-3.1355155,-0.32370412,3
49.205017,0.7514422,49.32688371144196,8.571335741366239,0.00023829378,0.14870529,5873.9688,-0.8332088,5,1,false,false,-19.310919,-2.2717314,10.068179,-3.1413972,-0.37969875,3
49.149807,0.7516268,49.326883261702406,8.571324460484012,0.0016680567,0.18125767,5883.652,-0.8445976,5,1,false,false,-20.888424,-2.1758432,10.403205,3.1351488,-0.41409385,3
49.09552,0.7518111,49.326882812237244,8.571313179601786,0,0.21775587,5917.556,-0.84484017,5,1,false,false,-20.909023,-2.099036,10.692294,3.1280444,-0.4413766,3
49.04107,0.7519952,49.326882452500485,8.571302036424411,0,0.26559806,5982.4697,-0.841933,5,1,false,false,-21.365667,-2.0741806,11.580411,3.1204088,-0.473461,3
48.983532,0.7521791,49.32688218276651,8.571290755752102,0,0.3193588,6083.0938,-0.84047896,5,1,false,false,-23.740675,-2.2215776,13.222008,3.1122532,-0.50564086,3
48.942127,0.75236285,49.32688191303254,8.571279474869876,0,0.38002464,5890.668,-0.8443551,5,1,false,false,-24.109947,-0.18139978,12.330739,3.1036031,-0.533978,3
48.91645,0.7525464,49.326881643298556,8.571268331692501,0,0.41035756,5848.444,-0.85259426,5,1,false,false,-23.23092,-0.5503994,12.468192,3.094564,-0.5452304,3
48.875256,0.7527299,49.32688155357017,8.571257051020192,0,0.43181255,5952.889,-0.86398304,5,1,false,false,-23.103983,-1.1192455,11.780038,3.0856051,-0.5265641,3
48.84338,0.75291324,49.326881463567375,8.571245907632902,0,0.44660905,5918.0664,-0.87537104,5,1,false,false,-21.286215,-0.20207034,10.403998,3.0772216,-0.47959036,3
48.82147,0.7530966,49.326881463567375,8.571234764455527,0,0.45696673,5875.3057,-0.88821477,5,1,false,false,-20.299213,-0.0643728,9.67645,3.0695932,-0.43598595,3
48.795773,0.75327986,49.326881463567375,8.571223483783218,0,0.46140558,5904.0044,-0.9068735,5,1,false,false,-19.849012,-0.4964057,8.809567,3.0626967,-0.39346197,3
48.759777,0.753463,49.32688155357017,8.571212340605843,0,0.46263877,5907.6772,-0.9320752,5,1,false,false,-24.702724,-0.6875302,12.659554,3.055926,-0.43326095,3
48.725227,0.753646,49.326881643298556,8.571201197218553,0,0.45943275,5899.395,-0.9548535,5,1,false,false,-22.402868,-0.7665656,11.210316,3.0481634,-0.4963433,3
48.68457,0.7538291,49.32688182330414,8.571190054041178,0,0.44932175,5926.807,-0.9669707,5,1,false,false,-21.412035,-1.1746508,10.308228,3.0393178,-0.5627093,3
48.650764,0.75401205,49.326882093038115,8.571178910863804,0,0.4401973,5959.3228,-0.97157514,5,1,false,false,-18.831982,-0.616017,8.601395,3.0297813,-0.5699582,3
48.61881,0.75419486,49.32688236277209,8.571167767686429,0,0.42342776,5946.429,-0.9667283,5,1,false,false,-18.464249,-0.95706123,7.031265,3.0205371,-0.5477225,3
48.572712,0.7543776,49.32688263250606,8.571156624509056,0,0.40838477,5963.4717,-0.95727754,5,1,false,false,-23.067265,-1.262121,11.390958,3.011041,-0.60330844,3
48.5352,0.7545604,49.32688308197122,8.571145481331682,0,0.3916152,5994.1167,-0.9483118,5,1,false,false,-17.043232,-0.9137072,8.120864,3.0009136,-0.5956035,3
48.503338,0.75474304,49.326883441707984,8.571134338154307,0,0.374106,5980.0786,-0.9415258,5,1,false,false,-14.188404,-0.75182354,5.3734946,2.9918218,-0.4892554,3
48.47176,0.7549256,49.32688398117593,8.571123194767017,0,0.3556104,5993.475,-0.9417682,5,1,false,false,-13.558538,-0.9158101,4.509152,2.984499,-0.38999623,3
48.441437,0.75510824,49.326884430641094,8.571112189294494,0,0.34056726,6019.048,-0.9584891,5,1,false,false,-16.10945,-0.35089344,5.8238497,2.9785633,-0.32305416,3
48.416477,0.75529087,49.32688497010904,8.571101045907204,0,0.32675704,5973.232,-0.9931432,5,1,false,false,-17.317026,-0.09372501,7.760177,2.9731958,-0.3184954,3
48.392906,0.75547343,49.32688550957699,8.571090040434683,0,0.31664604,5918.996,-1.0256178,5,1,false,false,-15.207394,-0.18115027,7.079107,2.9677858,-0.3220575,3
48.37002,0.7556559,49.32688613904773,8.571079034752245,0,0.3048088,5918.044,-1.0452471,5,1,false,false,-17.90392,-0.16857904,7.193039,2.9624715,-0.30962086,3
48.340652,0.7558386,49.32688676851846,8.57106789157487,0,0.29568434,5858.3906,-1.0520337,5,1,false,false,-20.006428,-0.54451144,9.874818,2.9573348,-0.30557743,3
48.2977,0.7560211,49.3268874877176,8.571056885892432,0,0.28655982,5821.61,-1.040643,5,1,false,false,-18.70578,-1.3627068,9.785909,2.9517617,-0.35239893,3
48.249928,0.7562035,49.326888207191125,8.571045880209994,0,0.2811344,5866.8296,-1.0168934,5,1,false,false,-16.643597,-1.6558704,7.242456,2.9457233,-0.3649153,3
48.20822,0.7563858,49.32688901639305,8.571034874527555,0,0.2823675,5883.8086,-0.9984741,5,1,false,false,-13.5212345,-1.1408387,4.9934096,2.9396932,-0.35421833,3
48.182602,0.75656825,49.326889825594975,8.571024006549969,0,0.2897657,5859.9287,-0.99847424,5,1,false,false,-14.014403,-0.37734413,4.6896443,2.9341702,-0.2986088,3
48.15585,0.7567506,49.32689072479968,8.57101300086753,0,0.307275,5828.878,-1.0261024,5,1,false,false,-14.18022,-0.9634743,5.2354507,2.92956,-0.26678866,3
48.11726,0.75693274,49.32689153400161,8.571001995185092,0,0.32897654,5845.7505,-1.0687568,5,1,false,false,-17.9809,-1.1607683,7.829053,2.9246924,-0.32256696,3
48.07468,0.75711507,49.32689252293471,8.570991127207506,0,0.35487062,5863.0283,-1.1026881,5,1,false,false,-20.939026,-0.91664475,10.358718,2.9185596,-0.4052133,3
48.035564,0.7572973,49.32689351214222,8.570980121525068,0,0.38347718,5832.925,-1.1118972,5,1,false,false,-21.174889,-0.72667485,10.803177,2.9115932,-0.42221773,3
47.998245,0.7574793,49.32689450107532,8.570969253547482,0,0.40912446,5824.16,-1.0963864,5,1,false,false,-21.133148,-0.7843365,10.4552765,2.9048617,-0.38347444,3
47.956997,0.7576612,49.326895580285615,8.570958385359978,0,0.43551174,5840.197,-1.0636677,5,1,false,false,-23.471607,-0.726913,11.336439,2.8987317,-0.35479942,3
47.91836,0.75784343,49.32689665922151,8.570947517382391,0,0.45203447,5833.5576,-1.0234358,5,1,false,false,-21.000687,-0.55256754,10.482861,2.892975,-0.3346918,3
47.8833,0.7580254,49.326897917888594,8.57093664919489,0,0.47398266,5842.7275,-0.9890237,5,1,false,false,-18.780518,-0.9327463,8.635349,2.8875442,-0.3263261,3
47.85113,0.7582072,49.32689908682728,8.57092591871224,0,0.49889025,5884.322,-0.96503246,5,1,false,false,-19.528204,-0.23511834,9.837988,2.8820024,-0.33435923,3
47.83473,0.7583887,49.326900345768756,8.570915050734653,0,0.5240444,5865.298,-0.96163946,5,1,false,false,-18.674795,0.5650965,8.531162,2.8766668,-0.30167502,3
47.81958,0.7585696,49.32690169443863,8.570904320252003,0,0.5519111,5814.0674,-0.97714883,5,1,false,false,-22.363422,-0.0721506,10.3335,2.8718908,-0.29196286,3
47.79877,0.7587504,49.3269030431085,8.570893589769351,0,0.5812578,5842.863,-1.0018681,5,1,false,false,-16.830761,-0.19033606,8.600721,2.8666468,-0.32396877,3
47.776333,0.75893104,49.32690439177837,8.570882859076786,0,0.6041924,5898.234,-1.0229518,5,1,false,false,-16.702625,-0.061759084,7.475899,2.8611057,-0.33679104,3
47.76714,0.7591112,49.326905920453825,8.570872128594136,0,0.627867,5900.134,-1.0408856,5,1,false,false,-19.080637,0.9398871,7.3318014,2.8555727,-0.32952344,3
47.757782,0.75929123,49.32690735912649,8.570861398111486,0,0.65228105,5852.4097,-1.0588204,5,1,false,false,-23.757172,0.1590545,12.558749,2.8498356,-0.3813454,3
47.7415,0.7594712,49.32690888752754,8.570850667628834,0,0.68310726,5868.948,-1.0663333,5,1,false,false,-16.394228,0.5940174,8.729702,2.8428154,-0.43388024,3
47.735935,0.75965095,49.32691050593138,8.570840074851036,0,0.72946984,5935.412,-1.0610008,5,1,false,false,-15.676883,0.88615644,6.9486666,2.8359013,-0.38864335,3
47.74321,0.75983036,49.32691212460963,8.570829344368386,0,0.772873,5904.5337,-1.0626975,5,1,false,false,-15.886847,1.9175307,6.826244,2.8299265,-0.32644692,3
47.757816,0.7600097,49.32691374301347,8.570818751170755,0,0.823428,5869.481,-1.0731189,5,1,false,false,-16.823246,1.8439573,8.1353445,2.82487,-0.277156,3
47.751293,0.760189,49.326915451420106,8.570808020688105,0,0.8495683,5890.9194,-1.0879028,5,1,false,false,-17.80431,0.10547154,8.762623,2.8200634,-0.3125441,3
47.742043,0.7603681,49.32691715982674,8.570797427910307,0,0.8764488,5978.472,-1.0995371,5,1,false,false,-17.41393,1.1907327,8.170783,2.8142679,-0.3661647,3
47.74593,0.760547,49.326918957961766,8.570786835132507,0,0.89445114,5980.144,-1.0959011,5,1,false,false,-18.784563,1.4844162,8.858491,2.8079982,-0.39079693,3
47.756737,0.76072574,49.326920756371194,8.570776241934878,0,0.9025895,5932.6406,-1.0859649,5,1,false,false,-18.072115,2.1575277,9.303337,2.8011763,-0.41853654,3
47.772186,0.76090455,49.32692264450901,8.570765649157078,0,0.90530205,5928.869,-1.0706961,5,1,false,false,-20.295616,1.9198619,10.210227,2.794261,-0.41385844,3
47.781246,0.7610832,49.32692453292123,8.5707551936643,0,0.8976571,5906.732,-1.0537308,5,1,false,false,-17.293629,1.5574065,9.028303,2.7874584,-0.39654544,3
47.792645,0.76126176,49.32692651106184,8.570744600886501,0,0.87842184,5904.4,-1.0428245,5,1,false,false,-18.473093,1.7967788,8.55948,2.781142,-0.36235592,3
47.80266,0.7614402,49.326928488928054,8.570734007688872,0,0.85795325,5898.549,-1.045975,5,1,false,false,-17.420897,1.7371116,8.912363,2.7753775,-0.32821357,3
47.80809,0.7616187,49.32693055707145,8.570723552615924,0,0.8303329,5884.236,-1.0646366,5,1,false,false,-20.42707,1.4149492,10.574376,2.7699575,-0.3340503,3
47.812008,0.761797,49.32693262521485,8.570713097123146,0,0.8029594,5881.8584,-1.0835407,5,1,false,false,-19.491917,1.3068117,9.917112,2.7642646,-0.34916523,3
47.80436,0.7619752,49.32693478308665,8.570702641630367,0,0.7755858,5897.1562,-1.090812,5,1,false,false,-16.699377,0.39798594,8.4216385,2.7581997,-0.3790455,3
47.809452,0.7621533,49.32693694095844,8.570692186557421,0,0.73415524,5936.7393,-1.0934775,5,1,false,false,-17.880688,1.9605571,7.9597964,2.7519403,-0.36282006,3
47.822067,0.7623314,49.32693918883302,8.570681731064642,0,0.705302,5870.7964,-1.0973561,5,1,false,false,-17.79484,1.8067904,9.100684,2.746151,-0.3329375,3
47.83037,0.7625094,49.32694143670761,8.570671413276715,0,0.6868063,5817.9062,-1.1068077,5,1,false,false,-16.41276,1.5133518,9.169645,2.740708,-0.31527138,3
47.83186,0.7626873,49.32694377458498,8.570660957783938,0,0.6801481,5854.7344,-1.1165023,5,1,false,false,-16.443382,0.9346868,8.5229025,2.7357352,-0.28076664,3
47.830826,0.7628652,49.32694611246235,8.57065063999601,0,0.6717634,5850.457,-1.1327412,5,1,false,false,-16.21096,0.97373676,8.633629,2.731321,-0.25277206,3
47.836613,0.763043,49.32694845006533,8.570640184923064,0,0.67028344,5828.787,-1.1523732,5,1,false,false,-16.8152,1.5615503,9.293481,2.7272685,-0.22922453,3
47.83309,0.76322067,49.3269508779455,8.570629867135137,0,0.6680642,5824.375,-1.1751571,5,1,false,false,-15.617288,0.45649067,8.309479,2.723501,-0.23299375,3
47.82666,0.7633983,49.326953305551264,8.57061968663223,0,0.6720098,5861.659,-1.1996377,5,1,false,false,-15.642172,0.5751701,8.182576,2.719493,-0.24794854,3
47.826,0.7635757,49.32695582315982,8.570609368844304,0,0.6739826,5874.885,-1.2190299,5,1,false,false,-15.68791,1.1974902,8.07584,2.7152724,-0.25291136,3
47.82914,0.7637532,49.32695834076838,8.570599051056377,0,0.681381,5834.725,-1.2393911,5,1,false,false,-23.105457,1.1935585,12.684571,2.711006,-0.2717612,3
47.81611,0.76393056,49.32696094837973,8.570588870973303,0,0.68902606,5788.8955,-1.2483594,5,1,false,false,-29.031733,0.4039972,17.485168,2.7058842,-0.3465125,3
47.794136,0.7641079,49.32696355599108,8.570578690890228,0,0.72059196,5793.265,-1.2253311,5,1,false,false,-28.872957,0.049984306,19.156292,2.6993794,-0.42262346,3
47.774227,0.764285,49.326966253330816,8.570568510387321,0,0.75733674,5810.9766,-1.182186,5,1,false,false,-26.321806,0.23000133,15.7512,2.692153,-0.43403807,3
47.762726,0.76446223,49.32696904067335,8.570558468009098,0,0.79531455,5815.302,-1.1298327,5,1,false,false,-25.342295,0.5817318,14.191268,2.6849854,-0.426226,3
47.758224,0.7646394,49.32697191801867,8.570548425211044,0,0.8266337,5814.762,-1.0757858,5,1,false,false,-24.093697,0.88644624,13.580563,2.6778228,-0.4313361,3
47.757515,0.76481646,49.326974795363995,8.57053838283282,0,0.87521577,5819.9116,-1.0229518,5,1,false,false,-22.422514,0.9782976,12.479215,2.6704848,-0.44876018,3
47.760616,0.7649935,49.32697767243492,8.570528340034766,0,0.9210852,5831.3047,-0.99096274,5,1,false,false,-20.830467,1.1852206,11.532818,2.6627855,-0.4722681,3
47.76926,0.76517075,49.326980729785824,8.570518434941564,0,0.9667077,5836.6855,-0.97109026,5,1,false,false,-19.250097,1.4456999,10.637016,2.654837,-0.47510803,3
47.78018,0.76534784,49.326983696859536,8.570508529848361,0,1,5834.831,-0.96454775,5,1,false,false,-19.224691,1.5316906,11.361183,2.6469305,-0.47253418,3
47.788925,0.765525,49.32698684393883,8.570498624755157,0,1,5837.3086,-0.9672134,5,1,false,false,-21.02616,1.4072342,12.88769,2.6389563,-0.48848855,3
47.794907,0.7657022,49.326989901015345,8.570488719661954,0,1,5844.4194,-0.9725444,5,1,false,false,-20.615015,1.3344975,11.974449,2.6305532,-0.5177605,3
47.802444,0.7658795,49.32699313782303,8.570478952273604,0,1,5854.194,-0.97472584,5,1,false,false,-19.141592,1.3994786,10.695597,2.6217408,-0.53201437,3
47.812057,0.7660568,49.32699628490233,8.570469184465422,0,1,5858.453,-0.9730292,5,1,false,false,-20.485462,1.8316545,11.958347,2.6127844,-0.53529024,3
47.822937,0.76623404,49.32699961171281,8.57045941707707,0,1,5840.513,-0.9667282,5,1,false,false,-21.680912,1.7039223,13.547976,2.6039917,-0.51526135,3
47.828857,0.76641154,49.32700293879769,8.570449649688719,0,1,5827.6265,-0.955096,5,1,false,false,-22.312634,1.4012494,13.632828,2.595485,-0.5089938,3
47.830994,0.76658905,49.32700626560817,8.570440019585387,0,1,5848.96,-0.9369221,5,1,false,false,-21.713919,1.382596,12.487741,2.586868,-0.51889384,3
47.836285,0.7667665,49.327009682147036,8.570430389901889,0,1,5855.834,-0.9105081,5,1,false,false,-20.683987,1.60103,11.550802,2.5782816,-0.5044785,3
47.845318,0.7669439,49.3270131889631,8.570420759798559,0,1,5840.7354,-0.88288355,5,1,false,false,-20.389284,1.7856605,11.411049,2.5700667,-0.47699285,3
47.85434,0.7671216,49.327016695779164,8.570411130115058,0,1,5838.323,-0.85428977,5,1,false,false,-20.83236,1.658913,11.89917,2.5623736,-0.44775578,3
47.859962,0.7672993,49.327020202320824,8.57040163771658,0,1,5844.0376,-0.8293329,5,1,false,false,-20.437672,1.5001606,11.717976,2.555048,-0.43431368,3
47.86572,0.7674769,49.327023798865284,8.5703921453181,0,1,5854.501,-0.8089794,5,1,false,false,-19.323341,1.516537,11.064094,2.547839,-0.4306912,3
47.873615,0.76765454,49.32702748541253,8.570382652919621,0,1,5865.4507,-0.7900808,5,1,false,false,-18.993706,1.6668428,10.673952,2.5406702,-0.42786336,3
47.883377,0.76783216,49.327031171959774,8.570373298225995,0,1,5865.3965,-0.7794195,5,1,false,false,-19.153423,1.7598485,10.760073,2.533538,-0.4266029,3
47.893394,0.7680098,49.32703485850702,8.570363943112536,0,1,5861.8574,-0.767789,5,1,false,false,-19.432583,1.7690443,11.590469,2.5264266,-0.42528608,3
47.90221,0.76818734,49.32703863478265,8.570354588418908,0,1,5861.938,-0.75204027,5,1,false,false,-19.419724,1.6676185,10.938391,2.5193179,-0.42616853,3
47.911674,0.76836455,49.327042501335484,8.57034523372528,0,1,5866.6245,-0.7275691,5,1,false,false,-18.345821,1.710821,9.745456,2.51226,-0.41672602,3
47.922363,0.76854163,49.32704627761112,8.570336016316674,0,1,5870.1045,-0.6994658,5,1,false,false,-18.581053,1.7714897,10.7759695,2.5054443,-0.40222445,3
47.9333,0.7687186,49.32705023389234,8.5703267993279,0,1,5868.3345,-0.6665159,5,1,false,false,-18.854498,1.8177304,11.274534,2.498793,-0.39559108,3
47.94372,0.7688957,49.327054190173556,8.570317581919292,0,1,5867.1724,-0.6335676,5,1,false,false,-19.208094,1.6882674,11.678325,2.4922447,-0.3935487,3
47.950993,0.76907253,49.327058146454775,8.570308364930517,0,1,5878.8022,-0.59626025,5,1,false,false,-19.04611,1.575258,11.666396,2.485538,-0.41081616,3
47.96182,0.7692494,49.32706219273879,8.570299285226762,0,1,5894.698,-0.55410945,5,1,false,false,-18.094732,1.8724177,10.674209,2.478604,-0.4117351,3
47.977768,0.7694262,49.327066238748394,8.570290205523007,0,1,5886.895,-0.5177737,5,1,false,false,-17.075535,2.1969337,9.659831,2.4718807,-0.38743708,3
47.997753,0.76960313,49.327070285032406,8.57028112581925,0,1,5872.8843,-0.49379313,5,1,false,false,-16.747925,2.2159104,9.604082,2.4657767,-0.34391907,3
48.016033,0.76977986,49.32707442104481,8.570272183820347,0,1,5869.46,-0.48192406,5,1,false,false,-16.570988,2.0608778,9.582512,2.4603865,-0.30528662,3
48.03169,0.76995665,49.327078647060006,8.570263241821444,0,1,5874.8257,-0.48458773,5,1,false,false,-16.830008,1.8989962,9.964358,2.455544,-0.28198487,3
48.046307,0.77013344,49.327082783072406,8.570254299402709,0,1,5882.7847,-0.49791086,5,1,false,false,-16.462461,1.8281784,9.761698,2.4509244,-0.27703878,3
48.060764,0.77031016,49.32708709909039,8.570245357403806,0,1,5893.3066,-0.5114757,5,1,false,false,-16.347572,1.788405,10.099471,2.4462786,-0.28348505,3
48.075287,0.7704869,49.327091325105584,8.570236415404901,0,1,5904.63,-0.52407193,5,1,false,false,-16.661661,1.8640258,10.345969,2.441405,-0.30205983,3
48.09205,0.7706636,49.32709564112357,8.570227610691019,0,1,5909.006,-0.533035,5,1,false,false,-16.629057,1.9783871,10.147851,2.4362097,-0.3183973,3
48.110508,0.77084035,49.327100046869944,8.570218806396968,0,1,5904.517,-0.5373941,5,1,false,false,-16.986454,2.0759804,10.957148,2.4307897,-0.33027992,3
48.13072,0.771017,49.32710436288793,8.570210139387935,0,1,5900.4253,-0.5395747,5,1,false,false,-17.2366,2.1878488,10.7460375,2.4251916,-0.3356233,3
48.151512,0.7711937,49.3271088586371,8.570201335093884,0,1,5889.0674,-0.54151386,5,1,false,false,-17.002304,2.1640267,10.004563,2.4196472,-0.3262681,3
48.173794,0.7713704,49.32711326438347,8.570192668084852,0,1,5881.751,-0.545874,5,1,false,false,-14.52697,2.2061274,8.422954,2.414393,-0.29558802,3
48.19719,0.7715472,49.32711776013264,8.570184001075821,0,1,5881.7905,-0.55483615,5,1,false,false,-14.058249,2.0388944,7.812009,2.40998,-0.23781927,3
48.21549,0.7717239,49.327122255881804,8.570175471771641,0,1,5882.831,-0.5742158,5,1,false,false,-16.22954,1.7889616,10.132171,2.406302,-0.21875325,3
48.230164,0.77190065,49.32712684163376,8.57016680476261,0,1,5894.3633,-0.5991682,5,1,false,false,-14.697134,1.4988711,8.298941,2.4025688,-0.23497766,3
48.238983,0.77207744,49.327131427111325,8.57015827545843,0,1,5924.922,-0.61467177,5,1,false,false,-13.906147,1.0430651,8.4959755,2.3983893,-0.27677944,3
48.253067,0.77225417,49.327136012863285,8.57014974615425,0,1,5974.6025,-0.621455,5,1,false,false,-12.056512,1.7719094,6.9329967,2.3934069,-0.3108764,3
48.28338,0.77243084,49.32714068834363,8.570141216430239,0,1,5966.432,-0.62048703,5,1,false,false,-10.15223,2.4673703,5.134008,2.3884792,-0.27569857,3
48.316032,0.7726076,49.327145364098385,8.570132824830912,0,1,5927.646,-0.6233931,5,1,false,false,-8.581151,2.3767412,4.2665963,2.3842998,-0.23013026,3
48.343727,0.7727845,49.32715003957873,8.570124295526732,0,1,5941.253,-0.64253134,5,1,false,false,-10.72757,1.6631429,5.776726,2.380917,-0.19627418,3
48.356148,0.77296126,49.32715471505908,8.570115903507572,0,1,5969.5923,-0.6677284,5,1,false,false,-11.923579,0.9617261,6.5558615,2.377476,-0.23493978,3
48.35286,0.77313805,49.32715948054223,8.570107511908244,0,1,6030.784,-0.6827487,5,1,false,false,-11.958771,-0.1204315,7.462353,2.3729703,-0.3202382,3
48.350758,0.7733148,49.32716424602537,8.570099119889084,0,1,6137.6113,-0.6815372,5,1,false,false,-16.09433,1.5579875,9.299099,2.3664715,-0.4587974,3
48.38434,0.7734915,49.32716901150851,8.57009086599461,0,1,6112.2197,-0.6587636,5,1,false,false,-13.748306,3.1118183,8.421354,2.3582728,-0.49685213,3
48.424904,0.7736683,49.32717377699165,8.57008247397545,0,1,5979.628,-0.6226667,5,1,false,false,-15.831396,3.163954,10.383569,2.3500743,-0.48884726,3
48.46263,0.77384526,49.32717863247758,8.570074219661143,0,1,5970.281,-0.58753973,5,1,false,false,-15.248756,2.8073127,8.881165,2.342146,-0.43841976,3
48.487194,0.7740222,49.32718348796352,8.570065965346835,0,1,5949.3223,-0.5594388,5,1,false,false,-16.960892,1.8020412,8.925754,2.3357766,-0.34502676,3
48.50528,0.7741993,49.32718843317784,8.57005784873738,0,1,5937.055,-0.54805356,5,1,false,false,-6.7637854,2.043488,6.2982707,2.3301551,-0.3001607,3
48.535046,0.77437645,49.327193378666564,8.570049594842903,0,1,5962.3135,-0.5487803,5,1,false,false,-8.161695,1.7835141,2.596114,2.3264072,-0.15041889,3
48.529297,0.77455354,49.327198323880886,8.570041477813614,0,1,5984.7734,-0.58802485,5,1,false,false,-10.934253,-0.955976,5.424087,2.324507,-0.14288837,3
48.501408,0.77473056,49.32720326936961,8.570033361204159,0,1,6171.1016,-0.6236356,5,1,false,false,-11.825835,-0.21988545,5.1239047,2.3207974,-0.30371216,3
48.51418,0.77490747,49.327208304586726,8.570025244594703,0,1,6282.4487,-0.6282384,5,1,false,false,-10.781554,1.2899402,6.2915535,2.3150103,-0.37686673,3
48.529114,0.77508444,49.32721324980105,8.5700172656901,0,1,6190.9385,-0.607162,5,1,false,false,-15.095954,1.8774894,8.472878,2.3081086,-0.45047286,3
48.5393,0.77526146,49.32721828501817,8.570009149080644,0,1,6233.6772,-0.569613,5,1,false,false,-12.290454,1.020549,6.3267837,2.300487,-0.4509566,3
48.55846,0.77543837,49.327223410238076,8.570001169756209,0,1,6308.498,-0.51801634,5,1,false,false,-15.202813,2.29362,9.107487,2.292966,-0.47013983,3
48.610752,0.7756156,49.32722844545519,8.569993190851605,0,1,6193.3057,-0.4758684,5,1,false,false,-17.23478,5.2237444,9.978345,2.284816,-0.4863031,3
48.663433,0.7757929,49.3272335706751,8.56998534923202,0,1,6003.328,-0.42596996,5,1,false,false,-21.271387,3.5237691,13.175574,2.277052,-0.46701643,3
48.689053,0.7759704,49.32723878562339,8.569977370327416,0,1,6001.554,-0.37486476,5,1,false,false,-22.616222,2.9694185,13.596933,2.268916,-0.49348065,3
48.70811,0.776148,49.32724400084609,8.569969528707832,0,1,6003.525,-0.32255074,5,1,false,false,-18.523155,2.1007752,11.13516,2.2614257,-0.39805877,3
48.71857,0.77632576,49.32724921579439,8.5699618247931,0,1,5948.6504,-0.2813794,5,1,false,false,-28.784431,1.6938353,19.348946,2.2552178,-0.3642207,3
48.706863,0.77650356,49.32725452074548,8.569954120878368,0,1,5978.3027,-0.26273084,5,1,false,false,-12.054995,0.074609965,13.671544,2.2489703,-0.3807172,3
48.70879,0.7766813,49.32725982569657,8.569946416963637,0,1,6082.2104,-0.24819992,5,1,false,false,-6.2177906,0.39784333,2.4357824,2.2430701,-0.33253792,3
48.716236,0.776859,49.32726513064766,8.569938850333925,0,1,6144.974,-0.25546622,5,1,false,false,-8.091734,1.461106,7.3058977,2.2377505,-0.2866598,3
48.721024,0.77703696,49.32727043559875,8.569931146419192,0,1,6134.788,-0.26999614,5,1,false,false,-2.1744967,-0.086796835,1.9212542,2.2336838,-0.21385801,3
48.724556,0.7772148,49.32727583055263,8.569923580209313,0,1,6263.823,-0.276051,5,1,false,false,-8.40426,3.0505376,8.028149,2.2302701,-0.20732835,3
48.800446,0.7773928,49.32728113550372,8.5699160135796,0,1,6235.9336,-0.2731439,5,1,false,false,-10.261184,5.589545,8.060537,2.2275584,-0.08665839,3
48.872215,0.7775711,49.3272865304576,8.56990844736972,0,1,5895.568,-0.25473967,5,1,false,false,-13.271285,4.7499485,11.050563,2.227716,0.08707388,3
48.906075,0.7777498,49.32729192541148,8.569900880740008,0,1,5909.5464,-0.23730266,5,1,false,false,-18.294096,1.6251721,19.265224,2.2299523,0.18270336,3
48.890076,0.7779285,49.327297410093756,8.56989345223498,0,1,6018.3135,-0.2172029,5,1,false,false,-19.54156,-0.4899627,20.938063,2.2333333,0.21257846,3
48.87473,0.7781071,49.32730289505042,8.56988602331012,0,1,5981.4526,-0.20267296,5,1,false,false,-18.3923,0.29337955,21.718042,2.2362483,0.13053904,3
48.888344,0.7782859,49.3273083797327,8.56987859438526,0,1,5986.8,-0.18693238,5,1,false,false,-11.358196,1.8961257,10.055978,2.2380774,0.10272438,3
48.90914,0.778465,49.32731395469216,8.569871165880231,0,1,5995.802,-0.16852815,5,1,false,false,-8.60219,1.2866231,9.209233,2.2401257,0.13335922,3
48.931576,0.77864414,49.327319439374435,8.569863874660223,0,1,6002.5557,-0.16780166,5,1,false,false,-8.384372,2.222274,8.685299,2.2423918,0.13930146,3
48.961143,0.7788234,49.3273250140595,8.569856583020384,0,1,5992.2803,-0.17772983,5,1,false,false,-7.363162,1.6146256,6.909645,2.2449114,0.1579036,3
48.979374,0.77900285,49.32733058874456,8.569849291800375,0,1,6002.134,-0.19613406,5,1,false,false,-8.65288,1.3503968,11.8043165,2.2472858,0.12013254,3
49.012947,0.7791824,49.327336253432414,8.569842000580367,0,1,6024.194,-0.21502233,5,1,false,false,-6.994454,2.0325754,9.528108,2.2490115,0.09280545,3
49.04356,0.77936196,49.32734182811748,8.569834709360359,0,1,5986.3735,-0.225678,5,1,false,false,-8.155535,1.8844991,10.984157,2.250234,0.047110848,3
49.07934,0.7795418,49.32734740307694,8.56982741814035,0,1,5995.537,-0.2314903,5,1,false,false,-7.616538,2.304228,11.203453,2.2505586,-0.0052507482,3
49.112545,0.7797217,49.3273530674904,8.569820264625195,0,1,5998.723,-0.22785851,5,1,false,false,-6.576429,1.7449884,9.542255,2.2501774,-0.040540326,3
49.14545,0.77990174,49.327358732178254,8.569812973405186,0,1,5995.843,-0.22398329,5,1,false,false,-7.031998,2.13708,13.091442,2.2491052,-0.08817975,3
49.18352,0.7800819,49.32736439686611,8.56980581989003,0,1,6001.8545,-0.2215612,5,1,false,false,-5.6625476,2.1575434,9.738251,2.2473981,-0.11253793,3
49.216293,0.7802623,49.327370061553964,8.569798665955041,0,1,5990.676,-0.22131962,5,1,false,false,-6.426078,2.0236125,10.189583,2.2453206,-0.13931671,3
49.255016,0.7804427,49.32737581597021,8.569791512439885,0,1,6009.965,-0.22640447,5,1,false,false,-5.586223,2.383494,8.529202,2.2427967,-0.15679444,3
49.28789,0.7806233,49.32738148065806,8.569784221219876,0,1,5998.143,-0.23124784,5,1,false,false,-6.280177,1.706014,8.966844,2.2401476,-0.16389419,3
49.31884,0.78080404,49.32738723534871,8.569777067284889,0,1,6012.8843,-0.23584959,5,1,false,false,-7.5498943,1.9506484,11.256207,2.237103,-0.19804572,3
49.346455,0.78098494,49.327392900036564,8.569770051474585,0,1,6031.1113,-0.23391247,5,1,false,false,-6.7399864,1.3117142,10.114437,2.2336233,-0.21727379,3
49.36776,0.78116584,49.327398654452814,8.569762897539595,0,1,6039.866,-0.21962404,5,1,false,false,-7.5613847,1.6231874,14.703093,2.2297997,-0.24556413,3
49.405235,0.7813469,49.327404409006256,8.56975574402444,0,1,6061.1094,-0.19734554,5,1,false,false,-6.322328,2.5565429,12.2922325,2.22575,-0.23457375,3
49.440575,0.7815281,49.3274102535625,8.569748727794304,0,1,6018.0415,-0.17022379,5,1,false,false,-6.552878,2.0648172,9.636503,2.2222974,-0.18867229,3
49.476627,0.7817095,49.32741600811594,8.569741574279147,0,1,6022.942,-0.15714692,5,1,false,false,-5.33052,1.9347353,12.728298,2.219563,-0.13843186,3
49.501022,0.781891,49.327421852534975,8.56973455804901,0,1,6057.627,-0.1564204,5,1,false,false,-4.1943555,1.052118,9.069503,2.2179174,-0.061029483,3
49.5232,0.78207254,49.327427607088424,8.569727404533854,0,1,6093.2705,-0.17070778,5,1,false,false,-5.4283648,1.756686,11.309825,2.2173774,-0.015881,3
49.555683,0.7822542,49.327433451644666,8.569720388303718,0,1,6105.7817,-0.1958925,5,1,false,false,-4.5482965,1.818638,7.418768,2.2174757,0.029331436,3
49.569214,0.782436,49.3274392960637,8.569713372493414,0,1,6110.6436,-0.22834255,5,1,false,false,-7.134162,0.8815241,11.112934,2.2179744,0.01219631,3
49.613434,0.7826179,49.32744514048274,8.569706356263277,0,1,6197.3594,-0.25401223,5,1,false,false,-2.7471423,2.920475,8.381689,2.2176478,-0.02784015,3
49.641685,0.7827999,49.32745098503897,8.569699340033141,0,1,6108.694,-0.25788748,5,1,false,false,-3.1933048,0.9741841,1.3795325,2.21754,0.00026715102,3
49.660606,0.78298205,49.327456829458015,8.569692324222837,0,1,6182.6816,-0.25231668,5,1,false,false,-5.64886,2.0591984,6.892073,2.2171016,-0.055079386,3
49.709747,0.7831643,49.32746276387984,8.5696853079927,0,1,6256.288,-0.23245937,5,1,false,false,-3.2486413,1.394595,5.341805,2.2159407,-0.07439443,3
49.700016,0.78334665,49.32746860829888,8.569678291762564,0,1,6183.5693,-0.19225974,5,1,false,false,-5.0423574,-0.89002526,7.265746,2.214429,-0.120714836,3
49.71942,0.783529,49.327474452855114,8.569671413237279,0,1,6432.4185,-0.15932652,5,1,false,false,-3.4876933,3.0005245,3.9244452,2.2120724,-0.15416631,3
49.765636,0.78371155,49.32748038727694,8.569664397426974,0,1,6380.091,-0.12252001,5,1,false,false,-3.1095629,2.0996678,5.4596515,2.209394,-0.16859008,3
49.833183,0.7838942,49.32748632156157,8.569657381196839,0,1,6220.3286,-0.094672576,5,1,false,false,-4.2833014,6.3614736,6.913961,2.2063472,-0.19236998,3
49.922115,0.7840772,49.3274922559834,8.569650502671553,0,1,6155.144,-0.0757862,5,1,false,false,-4.459786,3.4813824,6.0299225,2.2033439,-0.16305654,3
49.970684,0.78426045,49.32749819040523,8.569643486441418,0,1,6056.516,-0.07554461,5,1,false,false,-5.4842505,3.0723662,10.743921,2.2007718,-0.14992158,3
50.017357,0.784444,49.327504124827065,8.569636607916133,0,1,6085.831,-0.08619841,5,1,false,false,-6.3596087,2.169247,10.278002,2.1983871,-0.13287272,3
50.045666,0.78462756,49.32751005911169,8.569629591685997,0,1,6085.7896,-0.09249294,5,1,false,false,-6.873018,1.5428083,12.343505,2.196232,-0.13426636,3
50.082554,0.7848113,49.32751608339911,8.569622713160713,0,1,6105.3784,-0.09443102,5,1,false,false,-7.412846,2.408843,11.658369,2.1938136,-0.15040646,3
50.116844,0.78499526,49.32752210782373,8.569615834635428,0,1,6095.948,-0.08522939,5,1,false,false,-6.917283,1.9617512,10.957444,2.191348,-0.14759086,3
50.15507,0.7851793,49.32752804210836,8.569608956110145,0,1,6099.0967,-0.06852262,5,1,false,false,-7.2792063,2.477033,11.553381,2.1888266,-0.15391955,3
50.195976,0.78536355,49.32753415639857,8.56960207758486,0,1,6087.3384,-0.04697255,5,1,false,false,-6.7935076,2.26523,10.612214,2.1864328,-0.12925789,3
50.230953,0.7855479,49.32754018068599,8.569595199059576,0,1,6070.564,-0.024454378,5,1,false,false,-6.7566004,2.044756,13.815633,2.1844654,-0.11179295,3
50.26811,0.78573245,49.327546204973416,8.56958832053429,0,1,6090.442,-0.0072645005,5,1,false,false,-6.013905,2.1323833,12.102351,2.1827388,-0.08868294,3
50.297127,0.7859171,49.327552319263624,8.569581442009007,0,1,6081.7593,0.005083934,5,1,false,false,-5.8867373,1.6802586,14.456437,2.1815453,-0.06154433,3
50.33243,0.78610194,49.32755834355105,8.569574701188573,0,1,6094.195,0.012105007,5,1,false,false,-5.860596,2.3829443,14.098937,2.1806357,-0.04814686,3
50.36889,0.7862869,49.32756445770406,8.56956782266329,0,1,6081.1816,0.015494294,5,1,false,false,-6.011444,2.0780852,16.356112,2.1801274,-0.019339101,3
50.401775,0.786472,49.327570571994265,8.569561081842856,0,1,6086.651,0.013074041,5,1,false,false,-5.1353836,2.2216969,16.28377,2.1798673,-0.012718337,3
50.432037,0.7866573,49.32757668614728,8.569554341022425,0,1,6102.596,0.0038733382,5,1,false,false,-3.6568882,1.7292778,10.610321,2.18,0.02618003,3
50.464817,0.7868427,49.32758280043749,8.56954759978216,0,1,6112.8315,-0.0055698566,5,1,false,false,-2.7999399,2.4468179,10.467182,2.1806006,0.042602725,3
50.50696,0.78702825,49.327589004456094,8.569540858961727,0,1,6095.667,-0.023002224,5,1,false,false,-3.479393,2.1355774,11.69816,2.1814158,0.053605508,3
50.52938,0.7872139,49.32759511874631,8.569533980436443,0,1,6075.0273,-0.03074984,5,1,false,false,-2.737347,0.937987,12.460282,2.1823208,0.05318002,3
50.55104,0.7873997,49.32760123289932,8.56952723961601,0,1,6172.2305,-0.043583266,5,1,false,false,-3.0142813,1.8283823,13.246536,2.1829991,0.0261429,3
50.58451,0.7875856,49.32760743705512,8.569520498375745,0,1,6185.381,-0.049636222,5,1,false,false,-1.4834267,1.8584323,10.846032,2.1832433,0.00606552,3
50.621357,0.7877717,49.327613641210924,8.569513757555313,0,1,6141.622,-0.04382482,5,1,false,false,-1.8614794,2.6535876,11.22786,2.1832476,-0.0111568365,3
50.66573,0.7879579,49.32761975536393,8.56950701673488,0,1,6155.3096,-0.03922494,5,1,false,false,-1.4581946,2.5054362,9.322207,2.1830006,-0.018509392,3
50.700043,0.7881443,49.327625959519736,8.569500275494617,0,1,6126.271,-0.039467428,5,1,false,false,-1.2595047,1.9739093,9.542968,2.1826754,-0.021142261,3
50.73312,0.7883309,49.327632163675545,8.569493534674184,0,1,6135.7456,-0.041887674,5,1,false,false,-0.8580365,1.93452,8.935748,2.1823175,-0.019325191,3
50.75977,0.78851753,49.32763836783135,8.569486793853752,0,1,6160.071,-0.04043459,5,1,false,false,-1.2014992,1.3250612,8.209259,2.1820002,-0.017563358,3
50.786697,0.78870434,49.32764457198715,8.569480052613487,0,1,6186.75,-0.041646123,5,1,false,false,-1.227658,1.9117836,8.2200365,2.1816394,-0.022411915,3
50.817787,0.78889126,49.32765077614295,8.569473311793054,0,1,6200.2197,-0.047699086,5,1,false,false,-1.2620773,1.5930378,7.617466,2.1812246,-0.02371714,3
50.84673,0.78907835,49.327656980298755,8.569466570972622,0,1,6210.15,-0.049878724,5,1,false,false,-1.3150485,1.7132523,7.1711793,2.1807396,-0.031665944,3
50.879112,0.7892655,49.32766318431736,8.569459692447337,0,1,6239.7007,-0.055205144,5,1,false,false,-1.3306915,1.9333647,7.125542,2.18016,-0.0356375,3
50.912296,0.7894528,49.32766938847316,8.569452951207072,0,1,6237.9956,-0.056899793,5,1,false,false,-1.5021944,1.9962263,7.6007113,2.1794958,-0.042203147,3
50.94839,0.7896402,49.327675592628964,8.56944621038664,0,1,6236.941,-0.056899793,5,1,false,false,-1.6490438,2.1648436,8.19772,2.1787355,-0.047764886,3
50.98384,0.7898277,49.327681796784766,8.569439469566207,0,1,6242.335,-0.05520515,5,1,false,false,-1.7500157,2.0624297,8.241135,2.177888,-0.05286401,3
51.02039,0.7900154,49.32768809080616,8.569432728325943,0,1,6241.8765,-0.053752065,5,1,false,false,-1.782819,2.2289464,8.667748,2.1769862,-0.05538164,3
51.058514,0.7902032,49.327694294961965,8.569425987505511,0,1,6234.2563,-0.051088385,5,1,false,false,-1.9194031,2.2752178,9.632781,2.176055,-0.056249086,3
51.0967,0.79039115,49.327700588983355,8.569419246685078,0,1,6225.016,-0.049878728,5,1,false,false,-2.0705838,2.1979728,10.3550005,2.1751053,-0.05653008,3
51.13277,0.79057926,49.327706793139164,8.569412505444815,0,1,6222.965,-0.051330872,5,1,false,false,-2.3347716,2.0853088,10.516318,2.1741595,-0.057367127,3
51.167313,0.7907675,49.327713087160554,8.56940562691953,0,1,6226.869,-0.051814925,5,1,false,false,-2.4246695,2.0403526,10.659679,2.173211,-0.056888483,3
51.20131,0.79095584,49.32771938118195,8.569398886099098,0,1,6228.1187,-0.051330876,5,1,false,false,-2.753324,2.0454779,10.814561,2.1722703,-0.057876363,3
51.236496,0.7911444,49.327725675340545,8.569392145278664,0,1,6227.581,-0.052298974,5,1,false,false,-2.7448046,2.0659387,10.496078,2.171313,-0.05728389,3
51.270603,0.79133296,49.327731969361935,8.569385404458233,0,1,6224.211,-0.053025518,5,1,false,false,-2.8769152,2.0138328,10.2024355,2.170369,-0.057114065,3
51.3036,0.7915217,49.32773826338333,8.569378663217968,0,1,6229.5566,-0.05254147,5,1,false,false,-2.7853277,1.9451321,10.026252,2.1694272,-0.05588555,3
51.33576,0.7917106,49.32774455740473,8.569371922397535,0,1,6235.6797,-0.05036184,5,1,false,false,-2.7603793,1.8990651,10.395252,2.168505,-0.05461642,3
51.367756,0.7918996,49.327750851426124,8.569365181577103,0,1,6240.577,-0.04721505,5,1,false,false,-2.7669647,1.8997747,10.291541,2.167603,-0.053539243,3
51.39954,0.79208875,49.32775714558471,8.569358440336838,0,1,6248.235,-0.04455136,5,1,false,false,-2.6637287,1.8748605,9.409749,2.1667209,-0.0522353,3
51.43135,0.792278,49.3277635294717,8.569351699516405,0,1,6256.654,-0.04237173,5,1,false,false,-2.5791786,1.9093617,9.278882,2.1658623,-0.050547063,3
51.463737,0.79246736,49.3277698234931,8.569344958695973,0,1,6260.7437,-0.04019304,5,1,false,false,-2.5804403,1.9443172,9.520704,2.1650405,-0.04774912,3
51.496243,0.7926569,49.32777611765169,8.56933835516056,0,1,6263.836,-0.0372878,5,1,false,false,-2.6018128,1.9142472,10.199041,2.1642509,-0.04684524,3
51.528187,0.7928465,49.32778250153868,8.569331614340127,0,1,6271.294,-0.035108168,5,1,false,false,-2.550191,1.8852514,9.449129,2.1634753,-0.0463493,3
51.560192,0.7930362,49.32778888556286,8.569324873099863,0,1,6278.8755,-0.031233892,5,1,false,false,-2.4308212,1.9221628,9.816181,2.162725,-0.04427766,3
51.593628,0.79322606,49.32779526944985,8.569318132279431,0,1,6281.306,-0.02711806,5,1,false,false,-2.449985,2.0334277,9.70996,2.1620138,-0.041582104,3
51.627365,0.7934161,49.32780156347124,8.569311391458998,0,1,6278.234,-0.02251817,5,1,false,false,-2.3831503,1.9790685,9.183931,2.1613564,-0.03728493,3
51.660378,0.79360616,49.32780794749543,8.569304787923587,0,1,6280.424,-0.018159851,5,1,false,false,-2.2246213,1.9339647,10.613791,2.160777,-0.032004643,3
51.692673,0.7937964,49.32781433151961,8.569298047103153,0,1,6286.4326,-0.013074979,5,1,false,false,-2.4222038,1.9014095,11.118864,2.160275,-0.02903894,3
51.72431,0.7939868,49.3278207154066,8.569291305862889,0,1,6289.5938,-0.008716651,5,1,false,false,-2.1318374,1.8816339,10.262709,2.1598244,-0.02570769,3
51.756516,0.79417723,49.32782718929638,8.569284565042457,0,1,6296.617,-0.0033902263,5,1,false,false,-1.9630061,1.9633932,10.324256,2.1594398,-0.021568635,3
51.79023,0.79436785,49.32783357332056,8.569277961507044,0,1,6295.9453,0.0021786946,5,1,false,false,-1.9824063,2.03133,10.614872,2.1591396,-0.01585115,3
51.823856,0.7945586,49.327839957207544,8.56927122068661,0,1,6288.6924,0.0065370216,5,1,false,false,-1.7115424,1.9740697,10.36263,2.1589217,-0.010496769,3
51.8558,0.7947494,49.327846341231734,8.56926447986618,0,1,6292.9014,0.009683817,5,1,false,false,-1.4801623,1.864869,9.919889,2.158816,-0.0027104577,3
51.886387,0.7949404,49.32785281512151,8.569257876330767,0,1,6302.8755,0.015010242,5,1,false,false,-1.3539295,1.822636,10.776391,2.1588228,0.0031175863,3
51.917263,0.79513144,49.32785919900849,8.569251135510333,0,1,6307.602,0.018883578,5,1,false,false,-1.1835387,1.8593036,10.541789,2.1589158,0.0077935876,3
51.948116,0.79532266,49.32786567289827,8.569244394689902,0,1,6312.0483,0.021305706,5,1,false,false,-0.9228142,1.8212929,9.474622,2.159084,0.012259459,3
51.97932,0.7955139,49.32787205692246,8.569237653449637,0,1,6321.0127,0.023000348,5,1,false,false,-0.75931865,1.8979725,10.4449005,2.1593251,0.016575783,3
52.011112,0.7957053,49.327878530812235,8.569231050334055,0,1,6323.4155,0.025663093,5,1,false,false,-0.618245,1.8937596,10.021536,2.1596498,0.021744546,3
52.042397,0.7958968,49.32788500456481,8.569224309093793,0,1,6323.8584,0.029778924,5,1,false,false,-0.46236852,1.8479137,9.723802,2.1600416,0.025138147,3
52.073586,0.79608846,49.32789147845459,8.56921756827336,0,1,6333.103,0.03147451,5,1,false,false,-0.24470654,1.8696413,10.235296,2.1604843,0.027870066,3
52.104866,0.7962802,49.32789786247878,8.569210827452926,0,1,6337.1763,0.03220105,5,1,false,false,-0.02649957,1.8681152,9.359392,2.160986,0.031959057,3
52.13628,0.7964721,49.327904336368555,8.569204086212663,0,1,6337.899,0.036558438,5,1,false,false,0.1354889,1.8767633,9.522575,2.161556,0.036465913,3
52.167725,0.79666406,49.32791081025833,8.56919734539223,0,1,6344.01,0.04236891,5,1,false,false,0.3025772,1.873349,9.96238,2.162184,0.03933038,3
52.19864,0.79685616,49.32791728414811,8.569190741856817,0,1,6348.1323,0.047453787,5,1,false,false,0.6023996,1.821413,9.578216,2.1628635,0.043045647,3
52.229294,0.79704833,49.32792375803788,8.569184001036385,0,1,6353.132,0.053021766,5,1,false,false,0.8366935,1.8354174,9.247527,2.1636183,0.04814518,3
52.26023,0.7972407,49.32793023192766,8.5691771225111,0,1,6360.732,0.061010957,5,1,false,false,1.0120215,1.847609,9.399453,2.1644647,0.053657442,3
52.29151,0.7974331,49.32793670568024,8.569170381690668,0,1,6362.7417,0.068517014,5,1,false,false,1.2153981,1.8593984,8.800188,2.165406,0.059780836,3
52.322433,0.7976256,49.32794317957001,8.569163640450403,0,1,6365.409,0.07650619,5,1,false,false,1.6146767,1.827445,9.108334,2.1664362,0.06584321,3
52.353184,0.7978183,49.32794965345979,8.56915689962997,0,1,6374.1587,0.083284296,5,1,false,false,1.7592428,1.817649,9.2046385,2.1675856,0.07273074,3
52.383633,0.798011,49.327956127349566,8.569150158809538,0,1,6379.067,0.09175846,5,1,false,false,2.0980825,1.8015803,9.437927,2.1688538,0.08042417,3
52.414463,0.7982039,49.32796260123935,8.569143280284253,0,1,6384.735,0.09902106,5,1,false,false,2.3474867,1.8507143,9.216306,2.17027,0.08956138,3
52.445904,0.7983969,49.327969075129126,8.569136539043988,0,1,6389.2124,0.10458907,5,1,false,false,2.6709046,1.8837255,9.088364,2.171831,0.09813635,3
52.477875,0.79858994,49.3279755490189,8.569129660518705,0,1,6389.119,0.10822131,5,1,false,false,2.8983526,1.9157743,9.179709,2.1735227,0.10477335,3
52.509857,0.7987831,49.32798202290868,8.569122919698271,0,1,6389.1646,0.111610144,5,1,false,false,3.2329726,1.879341,9.68638,2.1753154,0.11055895,3
52.540836,0.7989765,49.327988496798454,8.569116041172988,0,1,6391.0835,0.11330524,5,1,false,false,3.5542986,1.8259698,10.227409,2.177204,0.11638785,3
52.571346,0.7991699,49.32799497068823,8.569109162647704,0,1,6397.684,0.113547266,5,1,false,false,3.9369688,1.8345071,10.206293,2.179214,0.1243002,3
52.602016,0.79936343,49.32800144457801,8.569102284122419,0,1,6400.5166,0.112820745,5,1,false,false,4.144321,1.8717334,10.16467,2.1813378,0.12969369,3
52.63353,0.7995571,49.32800791846778,8.569095405597135,0,1,6398.9424,0.110883586,5,1,false,false,4.3808312,1.9183941,10.004345,2.1835282,0.13197288,3
52.665108,0.79975086,49.32801439222036,8.56908852707185,0,1,6396.678,0.11015751,5,1,false,false,4.6576858,1.8825625,10.370597,2.1857178,0.13036081,3
52.695526,0.79994476,49.32802086611014,8.569081510841714,0,1,6396.404,0.10967301,5,1,false,false,4.834976,1.8273743,10.2008,2.187873,0.12803449,3
52.72476,0.8001387,49.328027250134326,8.569074632316429,0,1,6401.8804,0.110883564,5,1,false,false,5.1132536,1.765441,10.495627,2.1899924,0.12672585,3
52.753513,0.80033284,49.3280337240241,8.569067616506125,0,1,6407.354,0.11354728,5,1,false,false,5.25286,1.7761533,10.374996,2.1921115,0.12716787,3
52.782516,0.80052704,49.32804019791388,8.56906060027599,0,1,6410.917,0.11814667,5,1,false,false,5.4440665,1.7851409,9.994785,2.1942377,0.12792417,3
52.81188,0.80072135,49.328046671803655,8.569053584045852,0,1,6413.9136,0.12613538,5,1,false,false,5.6419144,1.8055841,10.458487,2.1963875,0.12949096,3
52.840897,0.8009157,49.328053055690646,8.569046568235548,0,1,6415.348,0.13727137,5,1,false,false,5.8035784,1.7849103,9.988498,2.1985612,0.13142778,3
52.86934,0.80111027,49.32805952958042,8.569039552005412,0,1,6419.768,0.14550304,5,1,false,false,5.9877257,1.7512401,9.856228,2.2007737,0.13460699,3
52.897488,0.8013048,49.3280660034702,8.569032398490256,0,1,6425.698,0.15252271,5,1,false,false,6.3261333,1.7530296,10.313399,2.2030666,0.14098974,3
52.925488,0.80149955,49.32807238749438,8.569025244555267,0,1,6429.3984,0.1583327,5,1,false,false,6.6187987,1.737846,10.680416,2.2054784,0.14883551,3
52.953415,0.80169433,49.32807877138137,8.569018228744962,0,1,6433.6147,0.16051188,5,1,false,false,6.6385,1.7481213,9.841531,2.2080464,0.15822656,3
52.981796,0.80188924,49.32808524527115,8.569010937524954,0,1,6438.656,0.15809071,5,1,false,false,6.2881393,1.7761409,8.596111,2.2107055,0.15884334,3
53.01024,0.8020842,49.32809162929533,8.569003783589967,0,1,6439.2617,0.1517966,5,1,false,false,6.6750813,1.8130103,10.491777,2.2133265,0.1562675,3
53.038586,0.80227935,49.32809801318232,8.56899663007481,0,1,6438.966,0.14598614,5,1,false,false,6.9600344,1.737722,10.261595,2.2159393,0.157343,3
53.064163,0.80247456,49.3281043972065,8.568989338854802,0,1,6446.1704,0.13775586,5,1,false,false,6.731448,1.5818179,9.556623,2.2185848,0.16133025,3
53.090652,0.8026698,49.328110781093486,8.568982184919813,0,1,6463.227,0.12734595,5,1,false,false,6.74811,1.7878304,10.220466,2.2213209,0.16548377,3
53.119446,0.8028652,49.328117165117675,8.568974893699805,0,1,6460.331,0.11717812,5,1,false,false,7.088969,1.8542191,10.500824,2.2240617,0.1626769,3
53.14889,0.8030607,49.32812354900466,8.568967602479796,0,1,6451.0503,0.11015752,5,1,false,false,6.944405,1.8548377,10.065476,2.2267332,0.1565358,3
53.177032,0.8032563,49.32812993302885,8.56896017397477,0,1,6456.8867,0.10483109,5,1,false,false,6.973897,1.7648535,10.5964,2.2292693,0.14726284,3
53.20443,0.80345196,49.32813622705024,8.568952882754761,0,1,6461.4673,0.1019263,5,1,false,false,7.344587,1.7692292,11.406034,2.2316604,0.13989854,3
53.23214,0.80364776,49.328142611074426,8.568945453829901,0,1,6458.901,0.10071574,5,1,false,false,6.8598666,1.7807992,9.389174,2.2339292,0.13078336,3
53.25963,0.8038436,49.32814899496141,8.56893802490504,0,1,6462.27,0.099747166,5,1,false,false,6.762356,1.7405063,9.954253,2.2359934,0.11771293,3
53.28684,0.80403966,49.328155289120005,8.56893059598018,0,1,6468.02,0.098536536,5,1,false,false,6.945449,1.7600307,10.567526,2.237887,0.10984569,3
53.313137,0.80423576,49.3281615831414,8.568923167475152,0,1,6467.444,0.09660035,5,1,false,false,6.5818863,1.6171352,9.741161,2.239662,0.10403438,3
53.338753,0.8044319,49.328167967028385,8.56891560084544,0,1,6478.8164,0.091516405,5,1,false,false,6.150304,1.6564883,8.9998665,2.2413893,0.10344102,3
53.365463,0.80462825,49.32817426118698,8.568908172340413,0,1,6490.5576,0.08473736,5,1,false,false,6.0472655,1.7165766,9.452939,2.2430878,0.10036254,3
53.39325,0.80482465,49.32818055520838,8.5689006057107,0,1,6486.5693,0.076748684,5,1,false,false,5.8111153,1.757735,9.080384,2.244725,0.0964704,3
53.420765,0.8050211,49.328186849229766,8.56889303950082,0,1,6490.4966,0.06779045,5,1,false,false,5.4912896,1.6826662,9.122106,2.246285,0.0913167,3
53.447777,0.8052177,49.32819314325116,8.568885472871107,0,1,6501.83,0.05713761,5,1,false,false,5.150467,1.6966772,8.883408,2.2477703,0.08655341,3
53.47566,0.8054144,49.32819943727256,8.568877906661228,0,1,6503.9937,0.046484746,5,1,false,false,5.0141306,1.7314597,9.282351,2.2491522,0.0797596,3
53.504074,0.80561113,49.328205731431154,8.568870340451348,0,1,6504.2227,0.037042484,5,1,false,false,4.669183,1.754137,9.028928,2.250425,0.072780594,3
53.532043,0.805808,49.328212025452544,8.568862636536615,0.03133564,1,6510.818,0.028326774,5,1,false,false,4.545363,1.7176567,9.914576,2.2515657,0.06511854,3
53.55666,0.806005,49.328218229608346,8.568855069906904,0.07291791,1,6512.4478,0.020336667,5,1,false,false,4.4459906,1.3870413,10.253798,2.2526054,0.05875408,3
53.572403,0.80620205,49.32822452362974,8.568847365992172,0.13999763,0.931196,6498.7095,0.013799647,5,1,false,false,4.3014235,0.7507792,10.309288,2.2535152,0.05032503,3
53.57327,0.80639917,49.32823081765114,8.568839662077439,0.17824377,0.8685572,6479.4854,0.0075051193,5,1,false,false,4.161724,-0.3204243,10.338691,2.2542892,0.041458838,3
53.55687,0.8065962,49.328237111672536,8.568831958162708,0.23197906,0.7282367,6443.8936,0.0016946439,5,1,false,false,4.079748,-1.3514228,10.4793005,2.254888,0.030341899,3
53.518997,0.8067932,49.32824331582834,8.568824254247975,0.26843795,0.6101109,6402.056,-0.0036317823,5,1,false,false,3.671416,-2.843132,11.252604,2.2552989,0.018156486,3
53.457653,0.80698997,49.32824951998414,8.568816550333244,0.30573106,0.490752,6370.052,-0.007990109,5,1,false,false,3.267721,-4.175259,10.592045,2.2554958,0.0050802357,3
53.37472,0.8071865,49.32825581400553,8.568808846418511,0.34683672,0.38692972,6339.3853,-0.012349369,5,1,false,false,2.8792057,-5.469001,10.84869,2.2554915,-0.0056827175,3
53.270325,0.80738264,49.32826201816133,8.56880114250378,0.3912784,0.29124528,6305.403,-0.01283342,5,1,false,false,2.497042,-6.742131,10.507452,2.255317,-0.0149210105,3
53.145805,0.8075784,49.32826813231435,8.568793438169216,0.43536288,0.20937112,6270.2344,-0.011622828,5,1,false,false,2.0963812,-7.9135866,10.280752,2.2549953,-0.022885453,3
53.002228,0.80777365,49.32827433647015,8.568785734254483,0.4849279,0.13119602,6230.401,-0.008232604,5,1,false,false,1.8757085,-9.091457,10.2985115,2.25456,-0.027928865,3
52.83944,0.8079683,49.328280540625954,8.568778168044604,0.52293587,0.08483353,6185.4814,-0.0033902256,5,1,false,false,1.6525784,-10.168539,10.282388,2.254086,-0.027241735,3
52.661224,0.8081624,49.32828665491616,8.568770464129871,0.55915636,0.055487044,6118.1216,0.003146796,5,1,false,false,1.4033939,-11.032753,10.923869,2.2536626,-0.02317112,3
52.470078,0.8083558,49.32829276906918,8.568762897919992,0.5925174,0.028606666,6034.7783,0.00992631,5,1,false,false,0.9196316,-11.896898,11.286605,2.2533052,-0.021577803,3
52.27145,0.80854845,49.328298793356595,8.56875533129028,0.62325746,0.004685574,5941.588,0.015010241,5,1,false,false,1.2899625,-11.970798,8.698457,2.2530146,-0.01161096,3
52.060093,0.8087404,49.32830481764402,8.5687477650804,0.65709513,1.1641532e-10,5937.195,0.019368565,5,1,false,false,0.9406035,-13.570042,9.5077095,2.2528758,-0.0057880254,3
51.81707,0.8089314,49.32831084193144,8.568740198450687,0.6819968,0,6053.413,0.025421543,5,1,false,false,0.7028545,-15.030967,10.186625,2.2527971,-0.004194548,3
51.57653,0.8091216,49.328316866218856,8.568732632240808,0.70344347,0,5967.8433,0.028569268,5,1,false,false,1.0422711,-13.836263,10.218246,2.2526906,-0.004159486,3
51.34658,0.8093109,49.32832289064348,8.568725203315948,0.7232216,0,5873.1343,0.03316915,5,1,false,false,0.9885631,-13.999943,9.074502,2.2527616,0.012254286,3
51.107143,0.8094994,49.32832882492811,8.568717774810919,0.7399022,0,5824.6016,0.04261142,5,1,false,false,0.8529334,-14.751038,8.8699045,2.2530403,0.020697031,3
50.85832,0.80968696,49.32833466948434,8.568710345886059,0.7555106,0.77,6060.9355,0.050600596,0,1,false,false,0.79827255,-15.2988205,9.777994,2.2534387,0.026198477,3
50.617092,0.8098736,49.32834060390617,8.568702916961199,0.7658764,0.77,6477.8677,0.058105715,0,1,false,false,0.948103,-14.561934,7.9360037,2.2539506,0.036448542,3
50.36713,0.81005937,49.32834644832521,8.56869562574119,0.7771953,0,6478.7954,0.06585425,4,1,false,false,0.997331,-15.224969,8.788459,2.254572,0.03964543,3
50.098774,0.8102442,49.328352202878655,8.568688334521182,0.7861313,0,6658.5303,0.06900107,4,1,false,false,0.97443676,-17.22537,8.837742,2.2552526,0.04179054,3
49.814518,0.81042796,49.3283580472977,8.568681043301174,0.79375666,0,6778.3745,0.06730546,4,1,false,false,1.2802994,-16.083569,9.33838,2.2559264,0.04467618,3
49.53396,0.8106108,49.32836380185114,8.568673752081166,0.7959014,0,6653.796,0.06391713,4,1,false,false,1.2542007,-17.241743,9.66064,2.2567515,0.053241465,3
49.247818,0.8107925,49.328369466538994,8.56866659856601,0.7962589,0,6542.8174,0.05689512,4,1,false,false,1.4257524,-17.200247,9.528308,2.257711,0.062077336,3
48.963596,0.81097317,49.32837513122685,8.568659444631022,0.7877995,0,6434.427,0.05084215,4,1,false,false,1.4391403,-16.952375,9.763049,2.2588005,0.067734405,3
48.684845,0.8111528,49.328380795777505,8.568652291115864,0.7831527,0,6328.794,0.04818034,4,1,false,false,1.6555319,-16.752378,10.106672,2.2599742,0.07282642,3
48.396183,0.8113314,49.32838646046536,8.568645274885728,0.770523,0,6505.38,0.049874976,4,1,false,false,1.7032808,-17.907745,10.20705,2.2612088,0.07430289,3
48.099552,0.8115091,49.32839203515042,8.568638121370572,0.7725487,0,6586.261,0.053990807,4,1,false,false,1.9237196,-17.592346,10.997106,2.2624564,0.07540669,3
47.8172,0.8116858,49.3283975199699,8.568631105140437,0.7633743,0,6476.5195,0.060042858,4,1,false,false,2.42794,-16.566233,11.116465,2.263743,0.07950887,3
47.548214,0.81186146,49.32840300478937,8.568624226615151,0.7624212,0,6410.548,0.06706393,4,1,false,false,2.8615088,-16.112974,10.778308,2.265144,0.088595636,3
47.273544,0.812036,49.32840848960884,8.568617210385016,0.74764675,0,6459.186,0.074569054,4,1,false,false,3.1596456,-16.735971,11.414129,2.266701,0.097516865,3
46.997032,0.81220937,49.32841388456272,8.56861033185973,0.73847264,0,6449.3643,0.08255822,4,1,false,false,3.4425123,-16.424007,11.763106,2.2683985,0.10516403,3
46.72849,0.81238186,49.3284192793794,8.568603453334447,0.7207195,0,6400.3115,0.08933727,4,1,false,false,3.9702027,-16.017859,12.949907,2.2702413,0.1156776,3
46.449734,0.8125532,49.328424674333284,8.568596574809161,0.7135707,0,6389.143,0.09563178,4,1,false,false,5.357979,-16.978857,15.823909,2.2723694,0.14081809,3
46.192776,0.81272346,49.32842997928437,8.568589696283878,0.70415807,0,6390.349,0.10047371,4,1,false,false,4.1510444,-14.592149,11.11204,2.2747796,0.14018264,3
45.953342,0.8128926,49.32843528437267,8.568582955463445,0.70463467,0,6370.3813,0.099747166,4,1,false,false,4.3338103,-14.347092,9.629569,2.277003,0.12646435,3
45.70893,0.8130608,49.32844049932096,8.568576076938161,0.69605637,0,6333.593,0.0946632,4,1,false,false,4.8267155,-15.174107,10.259887,2.2790577,0.122183725,3
45.457066,0.8132281,49.32844571440646,8.568569336117728,0.69605625,0,6332.827,0.09853655,4,1,false,false,4.1631584,-14.131077,9.841081,2.2810557,0.11372899,3
45.233948,0.8133944,49.32845083962636,8.568562594877463,0.6891458,0,6311.9907,0.10797882,4,1,false,false,3.3099647,-12.817546,9.329906,2.2827675,0.09502941,3
45.027573,0.8135599,49.328456054711864,8.568555854057031,0.68473727,0,6205.5723,0.12298859,4,1,false,false,3.8778317,-12.203825,8.040326,2.284341,0.09913289,3
44.81845,0.8137246,49.32846117979457,8.56854925094145,0.66912895,0,6105.496,0.14211327,4,1,false,false,4.5120673,-12.7194,8.785589,2.286202,0.12833527,3
44.604084,0.81388855,49.32846621501169,8.568542509701185,0.6635293,0,6008.0166,0.17116374,4,1,false,false,4.8131795,-12.970683,9.01985,2.2886915,0.17079286,3
44.38348,0.8140516,49.328471250366,8.568535906585605,0.6550698,0,5912.252,0.20626396,4,1,false,false,5.834331,-13.496809,10.586139,2.2918718,0.21217887,3
44.151917,0.814214,49.328476285583115,8.568529303050193,0.6566186,0,5818.8677,0.24354291,4,1,false,false,7.39777,-14.050617,11.071131,2.2958627,0.2663415,3
43.909477,0.8143754,49.32848123093464,8.56852256222976,0.6508994,0,5858.8994,0.2725892,4,1,false,false,7.7953067,-14.756232,9.033069,2.3007092,0.30604595,3
43.667263,0.814536,49.328486176148964,8.568515958694348,0.6516144,0,5960.6436,0.28856513,4,1,false,false,7.0502505,-14.023753,8.071216,2.3058655,0.303238,3
43.430363,0.8146957,49.32849112150049,8.568509355158936,0.6439891,0,5970.4844,0.29050192,4,1,false,false,8.681423,-14.18718,10.090689,2.3107324,0.2823857,3
43.189636,0.8148547,49.328495976986424,8.568502752043354,0.6472059,0,5960.9194,0.28445026,4,1,false,false,10.154104,-14.238073,11.67152,2.3153408,0.273753,3
42.957985,0.81501275,49.328500742469565,8.568496286212794,0.6331466,0,5969.973,0.27694708,4,1,false,false,9.633689,-13.181661,11.377478,2.3198817,0.2754269,3
42.751377,0.81517005,49.328505507952705,8.56848968267738,0.6299298,0,5901.957,0.27210602,4,1,false,false,9.212301,-11.622182,10.462146,2.3246644,0.30427822,3
42.55139,0.81532675,49.328510273435846,8.568483079141968,0.6174192,0,5808.3564,0.2682328,4,1,false,false,9.47509,-11.97245,9.574534,2.3300946,0.347708,3
42.343246,0.8154828,49.3285149490534,8.568476613311407,0.60729194,0,5717.2695,0.2667811,4,1,false,false,9.672956,-12.137862,8.801589,2.3362312,0.3852396,3
42.14205,0.8156382,49.32851962453375,8.568470010195828,0.58751357,0,5636.3354,0.26799017,4,1,false,false,9.42298,-11.57266,8.217595,2.3428037,0.398812,3
41.939526,0.8157929,49.3285243001513,8.568463406660415,0.57786244,0,5685.459,0.2692008,4,1,false,false,9.784203,-12.129984,8.541791,2.3494468,0.3986777,3
41.727192,0.8159469,49.328528885766055,8.568456940829854,0.5542712,0,5706.939,0.26823273,4,1,false,false,10.802582,-12.304472,9.656138,2.35614,0.40759137,3
41.520466,0.81610036,49.32853338151522,8.568450337714273,0.5335397,0,5646.74,0.26557052,4,1,false,false,12.434738,-11.499627,10.046802,2.3630872,0.42992935,3
41.331467,0.8162532,49.328537877264395,8.568443871883714,0.5079233,0,5607.5527,0.2600029,4,1,false,false,12.390868,-10.600604,9.229409,2.3704555,0.45232224,3
41.1507,0.81640536,49.32854237301356,8.568437268348301,0.47956622,0,5589.637,0.24620473,4,1,false,false,12.273561,-10.295634,8.992473,2.3781295,0.4663466,3
40.970486,0.8165568,49.328546778897135,8.568430664812889,0.4489455,0,5565.8286,0.2324074,4,1,false,false,12.942611,-10.232499,9.612029,2.3859575,0.4727099,3
40.788303,0.81670797,49.328551184780714,8.568424198982328,0.4240439,0,5560.9346,0.22224091,4,1,false,false,14.008739,-10.227549,10.379911,2.3938448,0.4715035,3
40.61481,0.8168585,49.328555500661494,8.568417595866746,0.39389974,0,5572.126,0.21812606,4,1,false,false,14.221221,-9.470463,10.258459,2.4017107,0.47358653,3
40.454575,0.8170085,49.32855981654228,8.568410992331334,0.37674248,0,5553.6177,0.2203038,4,1,false,false,14.506564,-8.609523,9.679753,2.409677,0.4831059,3
40.3034,0.81715786,49.328564042557474,8.568404388795921,0.35148343,0,5520.3657,0.22732438,4,1,false,false,15.230553,-8.217451,9.706179,2.4177973,0.492068,3
40.15074,0.8173069,49.32856826857267,8.568397785680341,0.33968776,0,5511.1587,0.23579623,4,1,false,false,16.12721,-8.367022,10.426797,2.426055,0.49815202,3
39.99801,0.81745553,49.32857240465367,8.568391182144929,0.32288808,0,5522.215,0.24426894,4,1,false,false,16.424658,-8.084181,10.117162,2.4343426,0.49555102,3
39.85383,0.8176036,49.32857654073467,8.568384579029347,0.31800312,0,5518.015,0.25080505,4,1,false,false,16.634008,-7.240773,9.550668,2.4424658,0.48059973,3
39.71891,0.8177511,49.32858058695008,8.568377975493936,0.3064458,0,5492.884,0.25322476,4,1,false,false,16.651955,-6.8275723,9.489011,2.4503536,0.46606994,3
39.588074,0.8178983,49.328584633096895,8.568371234673503,0.30549276,0,5467.112,0.25201464,4,1,false,false,17.043478,-6.814157,9.918036,2.4579825,0.45074567,3
39.454826,0.818045,49.328588589378114,8.568364493433238,0.2931014,0,5454.739,0.24886793,4,1,false,false,17.122797,-6.9785647,10.154663,2.4654124,0.44444364,3
39.32181,0.81819123,49.32859254559073,8.568357890317658,0.29036108,0,5442.3843,0.2478998,4,1,false,false,16.954506,-6.7893434,9.694462,2.4728513,0.45083725,3
39.193035,0.818337,49.32859650187195,8.568351149077394,0.27439526,0,5420.4795,0.2493524,4,1,false,false,16.492935,-6.567908,9.941048,2.480418,0.45693174,3
39.06814,0.8184824,49.32860036821898,8.568344270552108,0.2645062,0,5397.152,0.25274077,4,1,false,false,16.966639,-6.3939457,10.258171,2.4881055,0.46475184,3
38.939735,0.8186274,49.32860414463182,8.568337529731677,0.25020853,0,5386.212,0.25782427,4,1,false,false,18.431839,-6.839071,11.45528,2.4959676,0.48030835,3
38.803707,0.81877214,49.32860792104465,8.568330788911243,0.24186826,0,5388.031,0.26314932,4,1,false,false,19.759975,-7.0728335,12.361656,2.5041854,0.50458133,3
38.67196,0.81891626,49.328611607591895,8.56832391038596,0.22828552,0,5392.576,0.26920086,4,1,false,false,19.333393,-6.2848206,11.331942,2.5128798,0.53140134,3
38.55987,0.81906,49.32861529413914,8.568317031860675,0.22304301,0,5386.3735,0.27476838,4,1,false,false,19.02842,-4.903628,10.6188965,2.521777,0.52317804,3
38.456837,0.8192033,49.32861889068359,8.568310153335391,0.21327297,0,5376.8345,0.27936727,4,1,false,false,19.731916,-4.857109,10.261861,2.5302746,0.48918173,3
38.355007,0.8193461,49.32862248729665,8.568303274810106,0.210056,0,5373.603,0.28275654,4,1,false,false,19.304533,-4.8143873,9.617856,2.5380108,0.43521303,3
38.253407,0.81948817,49.328625993975514,8.56829625857997,0.20338374,0,5374.1943,0.28590298,4,1,false,false,18.892584,-5.010667,10.043584,2.5447185,0.37714228,3
38.152252,0.8196299,49.328629410788785,8.568289380054685,0.19504353,0,5363.7544,0.2902599,4,1,false,false,17.856737,-4.7954707,9.874844,2.5506268,0.34282395,3
38.063515,0.81977123,49.328632917467644,8.568282363824549,0.18360539,0.77,5617.663,0.29703742,0,1,false,false,17.15367,-4.021884,9.339138,2.5561292,0.33012557,3
37.98236,0.8199123,49.32863624427813,8.568275348014245,0.18098415,0.77,6058.3706,0.30792958,0,1,false,false,15.665706,-3.8974757,8.642846,2.561619,0.33985633,3
37.90463,0.82005244,49.328639571157204,8.568268331784108,0.16978432,0,6159.399,0.32487324,0,1,false,false,14.631959,-3.945194,8.145948,2.567442,0.36675316,3
37.818077,0.8201922,49.328642898036286,8.568261315553972,0.16561422,0,6204.982,0.3454468,3,1,false,false,14.268031,-5.501109,7.6705694,2.5737398,0.3923718,3
37.687855,0.8203315,49.328646224846764,8.568254162038816,0.15727395,0,6531.712,0.37037626,3,1,false,false,13.330852,-7.763763,8.0397005,2.580401,0.41326365,3
37.555637,0.82047033,49.328649461791656,8.56824714580868,0.15548667,0,6588.844,0.397968,3,1,false,false,13.786073,-6.4161935,7.986476,2.5874755,0.44096446,3
37.454433,0.8206087,49.32865260880235,8.568240129998374,0.15238893,0,6475.156,0.4272526,3,1,false,false,14.71644,-4.8464003,8.5270815,2.5950446,0.47058576,3
37.361034,0.8207463,49.32865575588165,8.568232976063387,0.15751219,0,6405.76,0.45314884,3,1,false,false,15.87366,-4.947478,9.202734,2.6030684,0.49238554,3
37.252674,0.82088345,49.32865890289234,8.56822582254823,0.15501016,0,6458.686,0.4746881,3,1,false,false,16.226809,-6.0622478,9.498643,2.6112921,0.4942718,3
37.13559,0.8210202,49.328661959968855,8.568218806318095,0.15548667,0,6501.7695,0.49404925,3,1,false,false,17.288185,-5.9486456,10.032964,2.6193922,0.48483807,3
37.031654,0.8211565,49.328665017113956,8.568211652802939,0.15358038,0,6475.931,0.51292527,3,1,false,false,17.464993,-4.729039,9.677192,2.6274827,0.49233687,3
36.92746,0.8212924,49.32866798425627,8.56820449886795,0.15310383,0,6424.187,0.5262348,3,1,false,false,18.921192,-5.7220364,11.566746,2.635881,0.5220709,3
36.813652,0.82142776,49.328670861533,8.568197345352793,0.15524839,0,6401.382,0.537125,3,1,false,false,19.422007,-5.7040157,11.104058,2.644839,0.55127144,3
36.710037,0.8215627,49.32867373880972,8.568190191837637,0.15238892,0,6402.896,0.5477727,3,1,false,false,19.066273,-4.9814825,10.305647,2.654167,0.5620341,3
36.60254,0.8216971,49.32867661615504,8.568182900617629,0.15203145,0,6398.4434,0.55479085,3,1,false,false,19.730898,-5.302057,10.824505,2.6636357,0.5728374,3
36.479702,0.8218311,49.328679403497574,8.568175746682641,0.15334207,0,6380.5786,0.55866235,3,1,false,false,20.909388,-6.5572295,12.342038,2.6734414,0.6051681,3
36.36454,0.82196474,49.328682100905915,8.568168455462633,0.15203145,0,6356.2593,0.5618089,3,1,false,false,20.398073,-5.196437,11.005356,2.6837249,0.6174212,3
36.251816,0.82209796,49.32868479838285,8.568161164242625,0.15131655,0,6334.169,0.56640685,3,1,false,false,20.666512,-5.471235,11.042886,2.6940231,0.6127251,3
36.152763,0.8222307,49.328687405925606,8.568154010727469,0.15012513,0,6311.108,0.5707624,3,1,false,false,19.46453,-4.4285517,10.131565,2.7041576,0.60238695,3
36.05249,0.822363,49.328689923534164,8.56814671950746,0.14738469,0,6256.514,0.5751179,3,1,false,false,19.946386,-5.3191075,10.728262,2.7143538,0.6208633,3
35.92001,0.8224948,49.32869244114272,8.568139428287452,0.14226143,0,6194.2173,0.57874817,3,1,false,false,22.319283,-6.6818624,11.526648,2.724825,0.6226853,3
35.79567,0.8226264,49.32869495875128,8.568131999362592,0.14369121,0,6217.487,0.5855235,3,1,false,false,20.469799,-5.905795,11.569555,2.7350566,0.60068554,3
35.681137,0.82275754,49.32869729656005,8.568124708142584,0.14023595,0,6240.8486,0.5947196,3,1,false,false,21.643246,-5.475302,11.841323,2.7449667,0.5910406,3
35.56778,0.8228882,49.328699634368824,8.568117416922576,0.13809124,0,6192.2944,0.6005264,3,1,false,false,22.78125,-5.4000335,11.811275,2.754944,0.6040816,3
35.459156,0.8230183,49.328701972177605,8.568109987997715,0.13404024,0,6141.042,0.6036727,3,1,false,false,22.003395,-4.7627645,11.425198,2.7651005,0.60533667,3
35.3588,0.8231481,49.32870422005219,8.568102696777707,0.12891698,0,6140.7827,0.60560775,3,1,false,false,21.517406,-4.8343735,10.536092,2.775034,0.58371174,3
35.257954,0.82327765,49.32870637799258,8.568095268272678,0.122721314,0,6159.405,0.60536575,3,1,false,false,20.956244,-4.645837,10.09813,2.7845707,0.561621,3
35.159496,0.82340693,49.32870844599878,8.568087839347818,0.11902778,0,6149.5234,0.6034304,3,1,false,false,21.516254,-4.8261485,10.982395,2.7937968,0.5514059,3
35.05666,0.8235358,49.32871051407358,8.56808054812781,0.112355545,0,6121.4316,0.6029464,3,1,false,false,21.56969,-4.8686347,11.1042185,2.803025,0.56030875,3
34.951843,0.8236642,49.328712582148384,8.56807311920295,0.108661965,0,6103.8765,0.60415673,3,1,false,false,22.311298,-5.2684736,12.506697,2.8125515,0.5881776,3
34.84044,0.82379216,49.3287144703548,8.56806569027809,0.102823794,0,6092.467,0.6082701,3,1,false,false,23.352448,-5.337778,12.842337,2.8228023,0.64068174,3
34.736164,0.8239198,49.328716358561216,8.56805826177306,0.09543666,0,6072.6943,0.6157721,3,1,false,false,22.812698,-4.674817,11.771483,2.8340068,0.6903382,3
34.64133,0.82404727,49.328718156833446,8.5680508328482,0.08852614,0,6047.915,0.62545085,3,1,false,false,22.534885,-4.3135514,11.312592,2.845853,0.7166363,3
34.548695,0.82417434,49.32871995517427,8.56804326621849,0.08376027,0,6031.9707,0.63488775,3,1,false,false,22.523315,-4.2421784,11.339264,2.8579879,0.7242445,3
34.451294,0.8243009,49.328721663512304,8.568035837713461,0.07959016,0,6032.2725,0.6450505,3,1,false,false,23.67559,-4.5489936,12.262849,2.8700805,0.7132621,3
34.35139,0.82442707,49.32872328198475,8.568028408788601,0.076849766,0,6046.112,0.65521324,3,1,false,false,24.617996,-4.459833,13.064275,2.8817828,0.6836727,3
34.254936,0.8245529,49.328724900457196,8.56802084257872,0.074466795,0,6053.022,0.66755426,3,1,false,false,25.289448,-4.17342,13.170728,2.8930342,0.6635627,3
34.16603,0.8246787,49.32872642899545,8.56801341365386,0.07077328,0,6039.849,0.68037796,3,1,false,false,24.315514,-3.6924582,11.652793,2.904045,0.6531071,3
34.0838,0.8248042,49.32872786766811,8.568005847443981,0.06827117,0,6014.227,0.6953792,3,1,false,false,23.958668,-3.5017896,11.674952,2.9148693,0.6450676,3
34.002354,0.8249291,49.32872921640658,8.567998418519121,0.06779459,0,5992.2153,0.7130427,3,1,false,false,23.835176,-3.5913255,11.591206,2.9256155,0.6418722,3
33.92117,0.82505375,49.32873056514505,8.567990851889409,0.068271175,0,5980.7207,0.7316737,3,1,false,false,22.416164,-3.706081,10.712717,2.9362295,0.6282314,3
33.836884,0.825178,49.328731823949326,8.567983285679528,0.07101154,0,5970.9507,0.7505455,3,1,false,false,22.69174,-3.9764326,11.812117,2.9465916,0.6202269,3
33.748085,0.8253019,49.32873308275361,8.567975856754668,0.07375193,0,5955.593,0.76796615,3,1,false,false,23.646036,-4.0556126,12.117785,2.957088,0.64312816,3
33.66564,0.82542527,49.32873425162369,8.567968290544789,0.076611444,0,5936.331,0.78707916,3,1,false,false,16.990852,-3.529257,9.975275,2.9680476,0.64923173,3
33.60083,0.82554823,49.32873533062819,8.567960724334908,0.08030504,0,5914.4355,0.8015955,3,1,false,false,16.311031,-3.5689662,5.128643,2.9778414,0.54199106,3
33.517677,0.8256708,49.32873640956409,8.567953295410048,0.0850709,0,5888.898,0.8209509,3,1,false,false,22.89157,-4.055007,12.44396,2.9868646,0.5664173,3
33.423676,0.8257929,49.328737398634395,8.567945728780336,0.088049576,0,5857.761,0.84441733,3,1,false,false,27.867752,-4.3950286,15.8110485,2.9971197,0.66581523,3
33.32463,0.8259143,49.32873829777051,8.567938162570456,0.09341117,0,5830.295,0.8637719,3,1,false,false,28.381073,-4.626266,15.733369,3.0090163,0.7447365,3
33.230244,0.82603455,49.32873919697522,8.567930733645596,0.09781961,0,5816.8823,0.8838513,3,1,false,false,23.224022,-4.0292616,12.079773,3.0219717,0.81132454,3
33.14517,0.8261544,49.32874000617714,8.567923167435715,0.09913023,0,5796.049,0.90441406,3,1,false,false,20.745037,-5.0905843,10.30385,3.0370858,0.95547515,3
33.03711,0.82627374,49.32874072551347,8.567915738510855,0.09889196,0,5780.956,0.9261864,3,1,false,false,32.107513,-4.7875266,16.436497,3.0531201,0.9355651,3
32.923737,0.8263926,49.328741444849804,8.567908172300976,0.10175145,0,5797.915,0.94457096,3,1,false,false,31.178408,-4.940156,14.180278,3.0683677,0.8713175,3
32.820545,0.8265111,49.32874198431775,8.567900743376116,0.10055998,0,5813.0176,0.96464884,3,1,false,false,26.266134,-4.3378243,11.640196,3.082348,0.8028473,3
32.72916,0.8266286,49.3287425237857,8.567893314451256,0.10401525,0,5799.6235,0.9810982,3,1,false,false,23.719696,-3.8705342,11.077048,3.0955427,0.7789043,3
32.64223,0.82674557,49.32874297338806,8.567885748241375,0.103300355,0,5765.12,0.9982724,3,1,false,false,23.807865,-3.9504821,11.318628,3.1085887,0.774143,3
32.549545,0.82686216,49.328743333056224,8.567878319316515,0.10425354,0,5734.165,1.0120611,3,1,false,false,26.159258,-3.939488,12.593892,3.1207132,0.65544426,3
32.465103,0.8269783,49.32874369272439,8.567870890391655,0.10198976,0,5712.5557,1.0258482,3,1,false,false,23.149343,-3.5238292,10.1396055,3.1304317,0.5344945,3
32.394024,0.82709414,49.32874396245836,8.567863461886626,0.104968436,0,5682.883,1.0401192,3,1,false,false,17.52593,-3.085672,8.063473,3.13889,0.51091677,3
32.33015,0.82720965,49.328744142258145,8.567856032961766,0.10330036,0,5637.57,1.0582612,3,1,false,false,15.114183,-3.1573732,6.37973,-3.135589,0.55492866,3
32.22528,0.82732445,49.328744322126525,8.567848604036907,0.105206706,0,5603.735,1.0858349,3,1,false,false,19.868742,-6.5983686,10.901998,-3.1256313,0.6694636,3
32.098396,0.8274387,49.32874450192631,8.567841312816899,0.10425355,0,5603.7344,1.1187282,3,1,false,false,21.829382,-6.1953044,12.390932,-3.1131985,0.82401925,3
31.985723,0.8275524,49.3287445918605,8.567834021596891,0.10520671,0,5604.9756,1.1482363,3,1,false,false,22.209322,-5.1471205,12.642933,-3.0983562,0.9295812,3
31.888083,0.8276656,49.3287445918605,8.567826593091862,0.10258549,0,5588.353,1.1685517,3,1,false,false,22.70688,-4.3473654,11.943885,-3.0825956,0.9364576,3
31.792488,0.8277785,49.32874450192631,8.567819301452023,0.103538655,0,5556.568,1.1794353,3,1,false,false,23.946083,-4.319306,12.2020645,-3.06711,0.91093415,3
31.691755,0.827891,49.32874441199212,8.567812010232014,0.102585495,0,5529.7495,1.1772585,3,1,false,false,24.91321,-4.6305265,12.602461,-3.052066,0.8878015,3
31.583683,0.828003,49.328744232192335,8.567804856716856,0.10103659,0,5519.7993,1.1620216,3,1,false,false,25.624872,-4.9453382,13.15276,-3.037347,0.8738294,3
31.472548,0.82811445,49.32874405239255,8.567797565496848,0.0998451,0,5517.4316,1.1385615,3,1,false,false,25.809452,-4.9288716,13.157261,-3.0227683,0.8710947,3
31.364475,0.8282255,49.32874378258998,8.567790411981692,0.09388775,0,5505.958,1.1146166,3,1,false,false,25.537083,-4.650635,12.639455,-3.0081599,0.8751691,3
31.260555,0.82833606,49.32874342292181,8.567783258046704,0.09317286,0,5483.9336,1.0921228,3,1,false,false,25.380486,-4.463948,12.534823,-2.9934614,0.8794589,3
31.157984,0.8284463,49.32874297338806,8.567776104531548,0.085309185,0,5464.9336,1.0780947,3,1,false,false,25.19167,-4.448351,12.406907,-2.978741,0.8783165,3
31.053108,0.82855624,49.3287425237857,8.567768951016392,0.08161565,0,5453.2505,1.069387,3,1,false,false,26.11065,-4.643361,13.49678,-2.9640307,0.8821748,3
30.943537,0.82866585,49.32874198431775,8.567761934786255,0.07399025,0,5443.212,1.0667264,3,1,false,false,26.419714,-4.629368,13.573132,-2.9491062,0.89822245,3
30.840214,0.828775,49.328741354915614,8.567754918556119,0.07077328,0,5428.863,1.0686618,3,1,false,false,25.322865,-4.1107783,12.346707,-2.9339926,0.9013662,3
30.746326,0.8288837,49.32874063557928,8.567747902745815,0.060169198,0,5410.6714,1.0739831,3,1,false,false,24.163584,-3.7701662,11.425812,-2.9190476,0.88097185,3
30.65306,0.828992,49.32873991624295,8.56774102422053,0.055760756,0,5392.2314,1.0805138,3,1,false,false,24.096603,-3.7926672,11.5624275,-2.904457,0.8639458,3
30.5588,0.8291,49.32873910704103,8.567734145695246,0.043607775,0,5377.42,1.0872858,3,1,false,false,24.029882,-3.833402,11.993832,-2.890098,0.85243326,3
30.46404,0.82920784,49.32873829777051,8.567727267169962,0.03324199,0,5366.9062,1.094542,3,1,false,false,24.466324,-3.758036,12.31447,-2.8759623,0.83862823,3
30.3735,0.8293155,49.328737398634395,8.567720388644677,0.021208145,0,5360.3877,1.0991373,3,1,false,false,23.758099,-3.454291,12.0020895,-2.8620746,0.8230179,3
30.28852,0.8294228,49.32873640956409,8.567713647404412,0.014059337,0,5351.1865,1.0998628,3,1,false,false,23.62032,-3.1671557,11.59771,-2.8484294,0.8133303,3
30.206892,0.8295297,49.328735420493786,8.567706768879129,0.004170142,0,5335.9116,1.0998632,3,1,false,false,23.199183,-3.0042512,11.237264,-2.8348587,0.81008965,3
30.127634,0.8296363,49.32873434155789,8.567700165763547,-3.4924597e-10,0.003945746,5321.2783,1.0996213,3,1,false,false,22.917385,-2.863676,11.112395,-2.8213184,0.8089684,3
30.05109,0.8297426,49.3287331726192,8.567693424523283,0,0.022441432,5315.4487,1.0998628,3,1,false,false,22.258976,-2.7584302,10.739033,-2.807866,0.79893696,3
29.976034,0.82984877,49.32873200374911,8.567686821407703,0,0.04118372,5316.664,1.1015562,3,1,false,false,21.964642,-2.693852,10.80447,-2.7946541,0.78376156,3
29.901482,0.82995504,49.328730834879025,8.56768021787229,0,0.06288534,5316.6724,1.1034912,3,1,false,false,22.981724,-2.605511,12.103783,-2.7816484,0.7772288,3
29.827648,0.830061,49.32872948614055,8.567673614336877,0,0.084093735,5314.53,1.103007,3,1,false,false,23.870678,-2.4423792,12.218711,-2.7686129,0.7844568,3
29.758514,0.83016664,49.32872813740209,8.567667148506317,0,0.107768185,5314.369,1.0998628,3,1,false,false,23.055998,-2.1445274,11.666555,-2.7554464,0.7885908,3
29.694712,0.830272,49.328726788663616,8.567660682675756,0,0.14007397,5320.4688,1.0945417,3,1,false,false,22.55716,-1.8962952,11.174327,-2.7422614,0.7877242,3
29.635351,0.83037716,49.32872535005955,8.567654216845195,0,0.17287302,5343.0576,1.0843837,3,1,false,false,22.024984,-1.7281024,10.90086,-2.7291057,0.7831744,3
29.57778,0.8304822,49.3287238215213,8.567647751434468,0,0.21578299,5394.5835,1.06455,3,1,false,false,21.903992,-1.6626239,11.046658,-2.7160442,0.77554196,3
29.520432,0.8305874,49.32872229291445,8.567641422888926,0,0.25030822,5474.1265,1.0316539,3,1,false,false,22.206707,-1.6237369,11.462135,-2.703216,0.755439,3
29.464117,0.8306924,49.328720674442,8.567635094763217,0,0.28729966,5563.197,0.9912574,3,1,false,false,22.201937,-1.4190755,11.5785675,-2.6907895,0.73104006,3
29.427858,0.8307972,49.32871905596956,8.567628903922529,0,0.3181257,5452.949,0.9489251,3,1,false,false,22.371542,0.49217898,12.424489,-2.6787446,0.7121723,3
29.416576,0.8309019,49.328717347631525,8.567622713501672,0,0.3420468,5346.621,0.9102201,3,1,false,false,22.894592,1.2096651,12.368372,-2.6668198,0.714088,3
29.398106,0.8310065,49.32871563922489,8.567616522660982,0,0.36300868,5366.597,0.886512,3,1,false,false,22.96673,0.31014422,12.40687,-2.6548269,0.7148928,3
29.370943,0.83111113,49.32871384095266,8.567610332240125,0,0.3856967,5424.3203,0.87683535,3,1,false,false,21.9979,0.10843755,11.43186,-2.6429536,0.69874847,3
29.351692,0.8312156,49.328711952677644,8.56760427910429,0,0.40468562,5441.532,0.8826417,3,1,false,false,20.305794,0.7389745,10.367816,-2.63146,0.67153203,3
29.342783,0.83132,49.328710064471224,8.567598088263601,0,0.42120832,5426.671,0.8988503,3,1,false,false,21.747084,1.1904112,12.357675,-2.6204543,0.64864385,3
29.335934,0.83142424,49.32870808639921,8.567592172832615,0,0.43403202,5414.338,0.9254602,3,1,false,false,22.913204,1.2920171,12.521029,-2.6095235,0.6541289,3
29.33197,0.8315284,49.3287061082586,8.567586119696779,0,0.45055482,5414.7915,0.9554564,3,1,false,false,21.28967,1.4153192,11.220647,-2.5985906,0.64137,3
29.334295,0.8316326,49.3287040401838,8.567580204265793,0,0.47324294,5419.487,0.9840009,3,1,false,false,18.793844,1.5541488,9.911098,-2.588251,0.58599967,3
29.33589,0.8317368,49.328701972177605,8.567574288414978,0,0.50406903,5426.021,1.0178657,3,1,false,false,22.00542,1.4986193,12.123864,-2.5787144,0.567992,3
29.334959,0.831841,49.32869981416861,8.567568372983992,0,0.521085,5440.3013,1.0456828,3,1,false,false,20.64259,1.40749,11.444806,-2.5689197,0.6072172,3
29.343811,0.8319446,49.328697656228215,8.56756259525786,0,0.5371147,5459.9375,1.0715635,3,1,false,false,22.141788,2.0277052,12.312448,-2.5585554,0.6099785,3
29.356918,0.8320482,49.32869540835363,8.567556817111894,0,0.5469791,5440.752,1.0940583,3,1,false,false,22.23973,2.2481809,11.896544,-2.5486927,0.56885284,3
29.372683,0.8321518,49.32869307054486,8.567551038965929,0,0.5561036,5412.2124,1.1097796,3,1,false,false,20.20819,1.9149536,10.953707,-2.5393522,0.5590422,3
29.38521,0.8322554,49.32869073280468,8.567545261239797,0,0.55758345,5434.5854,1.1264687,3,1,false,false,19.845726,2.0503855,11.407085,-2.5296423,0.60170984,3
29.399002,0.83235914,49.32868839499591,8.567539620798684,0,0.5612825,5472.8477,1.140738,3,1,false,false,19.92534,1.899943,10.829325,-2.519495,0.6017865,3
29.421743,0.8324629,49.328685967252945,8.56753398035757,0,0.56547487,5467.1323,1.151864,3,1,false,false,15.648768,2.5239017,8.858519,-2.5097165,0.5567292,3
29.445538,0.83256644,49.32868344964439,8.567528477621309,0,0.572873,5443.1753,1.1666169,3,1,false,false,22.309435,2.0482848,13.071832,-2.500724,0.54770106,3
29.458004,0.8326699,49.32868093203583,8.567522837180196,0,0.578545,5443.148,1.1966071,3,1,false,false,23.087873,1.7801449,13.182007,-2.49089,0.6286755,3
29.473255,0.8327733,49.328678414427266,8.567517334443934,0,0.5859433,5468.0273,1.2210332,3,1,false,false,19.489162,1.97374,10.993227,-2.479928,0.6684828,3
29.494228,0.8328768,49.32867580688452,8.567511968992694,0,0.5896425,5488.2227,1.2394127,3,1,false,false,17.096125,2.2347069,9.730754,-2.4687333,0.6584967,3
29.518303,0.83298033,49.32867310940758,8.567506466256432,0,0.5953144,5487.8755,1.2621453,3,1,false,false,16.97891,2.0616112,9.940716,-2.4579875,0.637132,3
29.531649,0.833084,49.32867050193343,8.567501101225023,0,0.5990137,5507.1626,1.2860873,3,1,false,false,18.753578,2.0841866,10.505354,-2.446924,0.6983554,3
29.559858,0.8331877,49.3286677145223,8.567495735773782,0,0.6049323,5539.3433,1.3078518,3,1,false,false,23.119642,2.2784398,14.39277,-2.4350505,0.6991192,3
29.57935,0.8332912,49.328665017113956,8.567490508027392,0,0.60641205,5482.8657,1.3228449,3,1,false,false,23.46835,2.310157,14.178966,-2.4235377,0.68624985,3
29.597921,0.8333947,49.328662139837235,8.567485280281003,0,0.6101111,5446.98,1.3313082,3,1,false,false,22.088865,1.4291662,12.37538,-2.4118192,0.71838826,3
29.588552,0.83349824,49.328659262560514,8.567480052954446,0,0.61874235,5526.391,1.3380793,3,1,false,false,20.247929,-0.029522223,10.719281,-2.39919,0.78799814,3
29.600687,0.8336018,49.328656385283786,8.567474962493076,0,0.62983984,5684.8574,1.3419479,3,1,false,false,20.885025,3.1782875,11.812525,-2.3856874,0.79327536,3
29.630022,0.8337054,49.328653418072875,8.56746987245154,0,0.64167684,5643.1714,1.3443668,3,1,false,false,21.100323,3.052182,12.827818,-2.3727827,0.7434648,3
29.680248,0.8338092,49.32865045086196,8.567464782410001,0,0.649322,5478.8984,1.345333,3,1,false,false,19.473452,4.3086185,11.589487,-2.3606448,0.70666397,3
29.725527,0.83391315,49.32864739378545,8.567459830073316,0,0.64932185,5420.998,1.3472676,3,1,false,false,20.070152,3.0013251,12.0903845,-2.3490603,0.68126005,3
29.744719,0.83401716,49.328644336640345,8.567454877316798,0,0.6512946,5484.5776,1.3547642,3,1,false,false,23.094366,1.453633,12.6680975,-2.3377912,0.67902994,3
29.748257,0.8341211,49.32864118962965,8.567450062265134,0,0.6512947,5557.1597,1.3622602,3,1,false,false,23.218557,1.3532513,13.3478775,-2.326068,0.72275865,3
29.762148,0.8342252,49.328638042618955,8.5674452476333,0,0.6512947,5571.035,1.3680637,3,1,false,false,21.285116,2.1093445,12.055806,-2.3136446,0.7560315,3
29.787983,0.8343293,49.328634805674064,8.567440569866655,0,0.64932203,5555.2485,1.3721741,3,1,false,false,19.773361,2.5544062,10.943593,-2.3008714,0.7644517,3
29.805738,0.8344335,49.32863156872918,8.56743575523482,0,0.64932185,5555.0776,1.3731413,3,1,false,false,18.17261,1.2364094,9.669508,-2.2879832,0.7835359,3
29.82784,0.834538,49.32862833178429,8.567431215173027,0,0.64932185,5617.575,1.3714484,3,1,false,false,19.446785,2.994629,10.527346,-2.2747457,0.7853429,3
29.861547,0.8346426,49.328625004905206,8.567426537826213,0,0.6488287,5620.253,1.3699981,3,1,false,false,19.397322,2.909255,11.397649,-2.2620125,0.7273293,3
29.900244,0.83474725,49.32862167809473,8.567421998184251,0,0.6475955,5533.3584,1.369273,3,1,false,false,17.795347,3.300308,10.745724,-2.250571,0.65746653,3
29.9264,0.8348521,49.328618261281456,8.56741759582731,0,0.6475956,5506.013,1.3724163,3,1,false,false,24.033976,1.8310034,14.124544,-2.2396219,0.6845701,3
29.928682,0.8349569,49.32861484453679,8.567413055765517,0,0.6475956,5571.9517,1.3808799,3,1,false,false,24.93724,1.1400476,14.105482,-2.22735,0.7821266,3
29.931644,0.83506185,49.32861133785792,8.567408791113428,0,0.6490751,5635.1787,1.384265,3,1,false,false,22.602314,1.4644889,12.527461,-2.2136087,0.84812295,3
29.946856,0.83516693,49.32860783117906,8.567404526461337,0,0.6456227,5636.154,1.3837812,3,1,false,false,20.330296,2.328153,11.071377,-2.199187,0.86438674,3
29.971931,0.8352724,49.3286043245002,8.567400261809247,0,0.6475954,5613.021,1.3774941,3,1,false,false,16.137207,2.2904506,8.70045,-2.1848817,0.8421581,3
30.00014,0.8353779,49.32860072788714,8.56739613486201,0,0.6475956,5633.001,1.3724165,3,1,false,false,16.580097,3.1642356,8.879047,-2.170833,0.82128775,3
30.02328,0.83548355,49.32859713127409,8.56739200749494,0,0.6475956,5636.3506,1.3782198,3,1,false,false,26.485258,2.3094814,16.311413,-2.1574016,0.7957954,3
30.037653,0.83558923,49.32859353466104,8.567387880547702,0,0.64932185,5575.891,1.3878915,3,1,false,false,25.136164,2.444867,15.070294,-2.144053,0.8014893,3
30.052713,0.835695,49.32858984818239,8.567384028590336,0,0.6500618,5555.1646,1.3883753,3,1,false,false,22.826267,1.9233791,12.608688,-2.1305923,0.8056639,3
30.05397,0.8358009,49.32858607176956,8.567380038928118,0,0.64932173,5615.143,1.3861996,3,1,false,false,20.40972,0.73405355,10.614621,-2.1171212,0.81346697,3
30.039139,0.8359074,49.32858238522231,8.567376324675603,0,0.6512946,5724.317,1.3813636,3,1,false,false,18.576923,0.57857347,9.741747,-2.1030333,0.86117715,3
30.067717,0.83601385,49.32857860880947,8.567372472718239,0,0.6512947,5799.2324,1.3712078,3,1,false,false,20.40674,3.6327481,10.898796,-2.0885751,0.8414715,3
30.110018,0.8361205,49.32857474246244,8.567368895750743,0,0.654994,5668.2373,1.353797,3,1,false,false,20.229048,4.3131485,11.614402,-2.075574,0.7097299,3
30.157627,0.83622724,49.328570876115414,8.56736518149823,0,0.65499383,5514.5146,1.3354187,3,1,false,false,20.301111,3.8254197,11.821662,-2.064501,0.6358551,3
30.180094,0.8363342,49.32856700976839,8.567361604530735,0,0.6643651,5529.2285,1.3095436,3,1,false,false,21.992844,1.9615428,12.558863,-2.054135,0.6217385,3
30.18084,0.8364414,49.32856314342136,8.567358165268093,0,0.66806424,5647.7793,1.2727863,3,1,false,false,21.536087,1.2457302,11.981106,-2.0436745,0.6347416,3
30.18464,0.8365491,49.328559187140144,8.567354726005451,0,0.6786685,5714.9707,1.2232103,3,1,false,false,20.42309,1.7926135,10.854179,-2.0329762,0.65226996,3
30.204676,0.83665705,49.32855523092752,8.567351424447661,0,0.6868065,5708.7056,1.1586363,3,1,false,false,17.20355,2.6935096,9.368943,-2.0218859,0.66929615,3
30.236614,0.83676505,49.3285512746463,8.56734812288987,0,0.69987667,5701.9062,1.0943005,3,1,false,false,17.430298,3.0241494,9.515905,-2.0106921,0.67264044,3
30.273205,0.83687323,49.328547228499495,8.56734482133208,0,0.72108513,5716.1562,1.0386677,3,1,false,false,17.951273,3.5028152,10.248476,-1.9992943,0.68252534,3
30.30961,0.83698153,49.32854318235268,8.567341656639478,0,0.7462392,5706.322,0.9885969,3,1,false,false,19.933847,3.3364968,12.641909,-1.9879932,0.6751459,3
30.345152,0.8370901,49.32853913606867,8.567338630491392,0,0.7644883,5683.9365,0.94432884,3,1,false,false,21.368937,3.6985023,13.132994,-1.9764836,0.6963225,3
30.380278,0.83719885,49.32853508992186,8.567335603503642,0,0.79457474,5680.626,0.9061078,3,1,false,false,20.286093,3.1775372,11.857106,-1.9647868,0.7020718,3
30.411533,0.83730775,49.32853095390946,8.567332577355554,0,0.82046866,5714.3154,0.86111057,3,1,false,false,20.640615,3.158944,12.659672,-1.9529202,0.712003,3
30.443388,0.83741665,49.328526727894264,8.567329688072656,0,0.8577066,5762.736,0.8107895,3,1,false,false,19.9357,3.4618583,11.356346,-1.9409609,0.70656645,3
30.489864,0.8375258,49.328522591744665,8.56732693649461,0,0.9087547,5779.4487,0.759981,3,1,false,false,19.612627,4.4846597,12.23887,-1.9293467,0.67305094,3
30.546562,0.8376351,49.32851836572947,8.567324185756227,0,0.9600492,5739.4624,0.7152204,3,1,false,false,19.984312,4.819665,11.836824,-1.9184809,0.6235366,3
30.60315,0.8377447,49.32851413971428,8.56732143417818,0,0.99999994,5697.408,0.68061966,3,1,false,false,19.376198,4.694233,12.077048,-1.9083456,0.59413743,3
30.656107,0.83785444,49.32850991369908,8.567318820304985,0,1,5709.8057,0.6576336,3,1,false,false,19.510696,4.115613,12.636241,-1.8985944,0.57297516,3
30.702532,0.8379643,49.3285055978183,8.567316344136643,0,1,5746.1562,0.64311445,3,1,false,false,19.711943,3.9172034,12.372555,-1.889124,0.56062406,3
30.749496,0.83807427,49.32850128193751,8.5673138679683,0,1,5769.305,0.64045286,3,1,false,false,19.041693,4.0374885,11.784037,-1.8797174,0.5610733,3
30.800386,0.8381844,49.328496966056726,8.567311390960294,0,1,5775.4634,0.64601874,3,1,false,false,18.532228,4.2177496,11.246366,-1.8703281,0.5578364,3
30.854742,0.8382948,49.32849265003875,8.567309052496803,0,1,5780.4307,0.6569073,3,1,false,false,17.870316,4.3707676,11.24472,-1.8609742,0.55481064,3
30.910791,0.83840543,49.328488244292366,8.567306851738163,0,1,5788.7124,0.6767482,3,1,false,false,17.402685,4.3989873,11.05287,-1.8517236,0.54545826,3
30.96641,0.83851624,49.32848383840879,8.567304650139862,0,1,5791.549,0.69731545,3,1,false,false,17.833979,4.3082666,11.613162,-1.8426703,0.5341798,3
31.022228,0.83862704,49.328479432525214,8.567302449381222,0,1,5793.104,0.7212696,3,1,false,false,18.334139,4.384977,11.739742,-1.8337708,0.52748305,3
31.077091,0.8387381,49.32847493677605,8.567300385487771,0,1,5797.301,0.7394154,3,1,false,false,17.976667,4.231485,11.689075,-1.8249681,0.5232214,3
31.13021,0.8388493,49.32847044102688,8.567298322433984,0,1,5808.5083,0.75248146,3,1,false,false,18.065346,4.114544,11.831676,-1.8162028,0.5242661,3
31.182741,0.8389607,49.328466035280506,8.567296396245386,0,1,5826.2925,0.7558687,3,1,false,false,18.40439,4.1452436,12.138511,-1.807324,0.5350196,3
31.237461,0.8390724,49.32846144952855,8.567294470056787,0,1,5837.786,0.7476424,3,1,false,false,17.80729,4.278365,11.3110695,-1.7982184,0.54616064,3
31.294651,0.8391842,49.32845695377938,8.56729268157304,0,1,5836.3906,0.7244146,3,1,false,false,17.202518,4.356715,11.163827,-1.7890515,0.54369324,3
31.352663,0.8392961,49.32845236816462,8.567290893089293,0,1,5834.501,0.6842498,3,1,false,false,17.05079,4.369539,11.38624,-1.7799563,0.53987616,3
31.410301,0.8394082,49.32844778254986,8.567289242310396,0,1,5840.619,0.63367754,3,1,false,false,16.300812,4.2999134,11.015057,-1.7709869,0.5288862,3
31.46846,0.8395205,49.3284431967979,8.567287591531501,0,1,5853.1074,0.58866984,3,1,false,false,15.881243,4.339295,10.676212,-1.7622925,0.50871754,3
31.526878,0.8396331,49.328438611183145,8.567286078457458,0,1,5860.8706,0.54874074,3,1,false,false,15.49833,4.2836432,11.187789,-1.7540227,0.4831353,3
31.585323,0.839746,49.328434025568384,8.567284565383416,0,1,5867.4224,0.5296235,3,1,false,false,15.014476,4.292625,10.440929,-1.7460941,0.46916622,3
31.644756,0.83985895,49.32842934995084,8.567283051469708,0,1,5881.4536,0.527445,3,1,false,false,14.299104,4.3002157,10.695769,-1.7384081,0.4532751,3
31.703337,0.8399721,49.328424674333284,8.567281676100517,0,1,5897.0234,0.5361575,3,1,false,false,14.507667,4.201451,11.024861,-1.7309304,0.4460072,3
31.760698,0.84008545,49.32841999871574,8.567280300731326,0,1,5913.3535,0.55817837,3,1,false,false,14.923077,4.1323633,11.195382,-1.7234468,0.45329067,3
31.818024,0.840199,49.32841532323538,8.567279062227323,0,1,5932.3438,0.59036314,3,1,false,false,15.068956,4.230661,11.405638,-1.7157139,0.47083518,3
31.87777,0.8403128,49.32841064761784,8.567277824562982,0,1,5946.1475,0.6249665,3,1,false,false,14.50569,4.193309,9.877441,-1.7077954,0.4726188,3
31.935436,0.8404268,49.328405882134696,8.567276586058979,0,1,5953.82,0.66489184,3,1,false,false,14.272874,4.182523,10.049032,-1.6998024,0.48186177,3
31.994099,0.84054106,49.32840120651714,8.567275485259827,0,1,5966.9033,0.7065094,3,1,false,false,14.962254,4.2225556,10.83455,-1.6916596,0.49188396,3
32.052288,0.84065557,49.328396441034,8.567274522165528,0,1,5977.8457,0.7457069,3,1,false,false,15.451668,4.2174854,10.780566,-1.6833217,0.50253433,3
32.111702,0.8407702,49.32839167555086,8.567273422206041,0,1,5977.704,0.7812722,3,1,false,false,15.919354,4.3388953,11.032829,-1.6749104,0.5036054,3
32.16733,0.84088504,49.32838691006772,8.567272596816593,0,1,5972.6167,0.808854,3,1,false,false,16.81467,4.0064716,11.676714,-1.6664684,0.5151457,3
32.219315,0.8410002,49.32838214458457,8.567271633722294,0,1,5987.995,0.8337726,3,1,false,false,18.07351,3.7295294,12.53331,-1.6576117,0.5494438,3
32.266994,0.84111553,49.32837728909865,8.567270808332847,0,1,6016.0107,0.849014,3,1,false,false,17.947847,3.598265,12.060744,-1.6480606,0.5888977,3
32.314457,0.84123117,49.3283725236155,8.567270119808587,0,1,6039.684,0.85457844,3,1,false,false,18.140276,3.6637878,11.602126,-1.6379479,0.61808866,3
32.36333,0.841347,49.32836766826677,8.567269432123991,0,1,6053.278,0.8536113,3,1,false,false,17.194323,3.76806,11.571384,-1.6273906,0.6388275,3
32.415455,0.84146297,49.32836281278084,8.567268882144248,0,1,6065.748,0.84611106,3,1,false,false,14.958734,4.07724,9.566672,-1.6165929,0.63871336,3
32.477413,0.8415792,49.328357957432104,8.567268332164504,0,1,6073.0723,0.83449864,3,1,false,false,13.8234,4.5849066,8.324564,-1.6063541,0.58156234,3
32.5405,0.8416957,49.32835310208337,8.567267919049948,0,1,6053.7417,0.82651496,3,1,false,false,14.36239,4.4533887,8.52259,-1.597294,0.514094,3
32.599174,0.8418126,49.328348246597436,8.567267506775057,0,1,6037.4873,0.82554734,3,1,false,false,15.830671,4.167211,10.68467,-1.589167,0.48115936,3
32.649635,0.84193003,49.32834339124871,8.5672670936605,0,1,6055.5786,0.8153862,3,1,false,false,16.839035,3.7112687,11.457697,-1.5811255,0.49739718,3
32.69216,0.8420475,49.32833844589718,8.567266818250797,0,1,6092.489,0.7885312,3,1,false,false,16.481073,2.9500375,10.637099,-1.5726943,0.52610546,3
32.72254,0.8421652,49.32833359041125,8.567266543680757,0,1,6148.6226,0.73941565,3,1,false,false,15.7935295,2.5686073,10.019836,-1.5634475,0.5874155,3
32.75561,0.84228295,49.328328645196926,8.567266405975905,0,1,6237.1787,0.6690054,3,1,false,false,14.941684,2.9949853,9.349296,-1.5531876,0.63603204,3
32.802723,0.8424009,49.32832378971099,8.567266268271053,0,1,6289.3364,0.5821358,3,1,false,false,14.435655,4.196954,9.919163,-1.5423089,0.6553676,3
32.86641,0.84251964,49.328318844359465,8.567266268271053,0,1,6248.1836,0.50493956,3,1,false,false,14.313142,4.8155403,10.127751,-1.5314393,0.6408133,3
32.935703,0.8426388,49.328313899145144,8.567266268271053,0,1,6174.5044,0.43475586,3,1,false,false,14.205074,5.067647,10.192551,-1.5209558,0.61217403,3
33.00267,0.8427582,49.328308953793616,8.567266268271053,0,1,6154.6333,0.38392964,3,1,false,false,14.888463,4.701619,10.636954,-1.5110506,0.57276326,3
33.059246,0.8428778,49.328304008442096,8.567266405975905,0,1,6169.2437,0.34544677,3,1,false,false,15.248438,4.1987305,11.163469,-1.5018705,0.53008616,3
33.11132,0.8429976,49.32829906309057,8.567266680545945,0,1,6183.7,0.31712744,3,1,false,false,16.764713,4.1199436,12.078964,-1.49331,0.5018814,3
33.163017,0.84311783,49.32829411773905,8.567266955955649,0,1,6191.1934,0.29510078,3,1,false,false,16.023647,4.1152935,11.165312,-1.4850911,0.4812135,3
33.2139,0.84323883,49.32828917252472,8.567267231365353,0,1,6204.5522,0.27283168,3,1,false,false,15.018949,4.046061,10.465914,-1.4772625,0.45445734,3
33.26513,0.84336,49.32828413717041,8.567267643640244,0,1,6231.4556,0.24814178,3,1,false,false,15.084448,4.09979,11.04912,-1.4699011,0.42701802,3
33.321156,0.84348136,49.328279191956085,8.5672680567548,0,1,6249.627,0.22199887,3,1,false,false,13.367891,4.3822055,9.483503,-1.4630799,0.3857635,3
33.383175,0.843603,49.328274156601765,8.567268606734544,0,1,6244.478,0.195371,3,1,false,false,12.065657,4.5264993,8.684607,-1.4571682,0.32028404,3
33.44527,0.8437249,49.32826921138744,8.567269157553952,0,1,6234.417,0.17673132,3,1,false,false,11.864359,4.38436,9.040812,-1.4523605,0.26322725,3
33.504944,0.8438469,49.32826417617033,8.567269707533695,0,1,6247.079,0.16777405,3,1,false,false,11.700857,4.197218,9.505923,-1.4483199,0.2300366,3
33.567204,0.84396917,49.3282592308188,8.56727039521829,0,1,6270.7905,0.16462725,3,1,false,false,11.518288,4.390134,9.928633,-1.4446987,0.20906858,3
33.628353,0.8440916,49.32825419560169,8.567271082902886,0,1,6271.794,0.1672895,3,1,false,false,10.708524,4.2212615,9.389074,-1.4413322,0.1999474,3
33.68846,0.8442143,49.328249160247374,8.567271771427146,0,1,6278.1064,0.17261547,3,1,false,false,10.135185,4.1385264,8.931064,-1.4379818,0.20425178,3
33.749313,0.8443373,49.32824412503026,8.567272596816593,0,1,6309.361,0.18278237,3,1,false,false,10.013538,4.214111,9.028538,-1.4345456,0.20695628,3
33.81282,0.8444604,49.328239089813145,8.567273422206041,0,1,6328.7935,0.19633952,3,1,false,false,9.979002,4.39587,9.450436,-1.4311088,0.20467174,3
33.880135,0.84458387,49.328234054596024,8.567274247595488,0,1,6316.8696,0.2154628,3,1,false,false,9.948848,4.6034822,9.714776,-1.4277005,0.20415992,3
33.949905,0.84470755,49.32822901937891,8.567275210689788,0,1,6299.641,0.23700684,3,1,false,false,10.01014,4.633609,9.324167,-1.4242867,0.20561749,3
34.018032,0.84483147,49.328223984161795,8.567276172944425,0,1,6299.038,0.25951892,3,1,false,false,9.775224,4.4208603,9.073359,-1.4208759,0.20416136,3
34.08289,0.8449557,49.32821885894189,8.567277136038724,0,1,6311.054,0.2829977,3,1,false,false,10.021456,4.224371,9.954567,-1.4175,0.20427226,3
34.145412,0.8450801,49.328213823724774,8.567278236837875,0,1,6325.052,0.30429816,3,1,false,false,11.074282,4.131471,11.517859,-1.4140052,0.21969639,3
34.20716,0.8452047,49.32820878850766,8.567279337637027,0,1,6336.715,0.32051575,3,1,false,false,11.920831,4.1558056,12.770399,-1.4100833,0.25203556,3
34.269596,0.84532964,49.32820366328775,8.567280437596514,0,1,6346.2603,0.3270509,3,1,false,false,11.713142,4.129305,11.639758,-1.4055581,0.28574497,3
34.332603,0.8454547,49.32819862807064,8.567281538395665,0,1,6356.31,0.32245255,3,1,false,false,9.307393,4.161695,8.978767,-1.4005936,0.2975185,3
34.398033,0.84558004,49.32819350298793,8.567282776899669,0,1,6369.488,0.31228653,3,1,false,false,7.691585,4.329883,7.0285,-1.3957444,0.27527136,3
34.46506,0.8457056,49.32818837776802,8.567284014564008,0,1,6374.7407,0.30478272,3,1,false,false,7.8657827,4.349428,7.9400363,-1.3914667,0.2375959,3
34.531925,0.84583145,49.32818334255091,8.567285390772863,0,1,6366.2793,0.30720353,3,1,false,false,9.615446,4.2946153,10.969876,-1.3877511,0.21755235,3
34.596107,0.84595746,49.328178217331,8.567286628437202,0,1,6362.9136,0.3130126,3,1,false,false,9.8286915,4.020991,11.297353,-1.3841661,0.21964787,3
34.651997,0.84608376,49.32817309224829,8.567288004646057,0,1,6386.0464,0.31591684,3,1,false,false,9.2077055,3.410175,10.0734625,-1.3803748,0.24318288,3
34.700523,0.8462102,49.328167967028385,8.567289380015248,0,1,6449.2656,0.31519085,3,1,false,false,8.767112,3.1159124,9.224818,-1.3760302,0.28148568,3
34.751663,0.8463368,49.32816284194568,8.567290893089293,0,1,6523.686,0.3096232,3,1,false,false,8.29114,3.739571,9.019673,-1.3710116,0.315414,3
34.816532,0.8464637,49.32815771672577,8.567292407002999,0,1,6539.335,0.30066788,3,1,false,false,8.175682,4.3954577,8.92424,-1.3656989,0.3157289,3
34.887676,0.8465907,49.32815259164307,8.567293920077043,0,1,6489.038,0.29219654,3,1,false,false,8.619412,4.734696,9.831395,-1.3605299,0.3047667,3
34.959927,0.8467181,49.32814746642316,8.567295433151086,0,1,6456.746,0.2861449,3,1,false,false,10.381362,4.5712204,11.078887,-1.3554157,0.31181383,3
35.02603,0.8468456,49.32814234134045,8.56729694622513,0,1,6469.4175,0.28081986,3,1,false,false,9.942279,4.075995,9.98511,-1.3502002,0.3097728,3
35.08532,0.8469734,49.328137216120545,8.567298597004024,0,1,6490.674,0.27428427,3,1,false,false,9.497309,3.781536,10.551726,-1.3451238,0.29927206,3
35.14295,0.8471015,49.32813209103784,8.567300247782919,0,1,6509.732,0.2682327,3,1,false,false,10.226849,3.8439925,11.808659,-1.3401165,0.30329752,3
35.20493,0.8472297,49.32812687595234,8.567302036266666,0,1,6528.0146,0.26193866,3,1,false,false,10.385418,4.272581,10.749241,-1.3349657,0.3067189,3
35.26837,0.84735817,49.328121750732436,8.567303824750413,0,1,6518.7295,0.2517722,3,1,false,false,9.728255,3.9087884,10.099255,-1.3300903,0.27469757,3
35.32839,0.84748685,49.32811662564973,8.567305613234161,0,1,6504.4526,0.244511,3,1,false,false,8.707005,3.9839213,10.141742,-1.3257246,0.25050452,3
35.393257,0.8476158,49.328111410564226,8.567307401717908,0,1,6523.912,0.24305838,3,1,false,false,4.5649276,4.560494,5.722682,-1.3220546,0.17763887,3
35.45894,0.84774494,49.32810628534432,8.567309190201655,0,1,6535.833,0.25806624,3,1,false,false,3.7679296,3.9045477,2.216448,-1.320023,0.07333157,3
35.50934,0.84787434,49.32810107039602,8.567311116390254,0,1,6538.2886,0.33044016,3,1,false,false,2.4217627,2.2371893,1.2781492,-1.31961,0.00022956693,3
35.53466,0.8480039,49.328095945176116,8.567313042578853,0,1,6632.085,0.38804513,3,1,false,false,6.3795624,0.9508636,6.1886234,-1.3196242,0.031322274,3
35.530384,0.8481335,49.328090730090615,8.567314967927787,0,1,6844.4297,0.44830838,3,1,false,false,12.444298,0.053877227,10.500474,-1.3182068,0.16675004,3
35.553005,0.8482631,49.32808551500512,8.567316894116386,0,1,7062.7314,0.45919904,3,1,false,false,12.435333,1.115025,13.499412,-1.313909,0.3416001,3
35.548676,0.8483927,49.32808038992241,8.567318820304985,0,1,7135.8496,0.44709817,3,1,false,false,11.64175,1.6471158,8.486965,-1.3069814,0.4926135,3
35.609642,0.84852254,49.328075264702505,8.567320883358773,0,1,7189.714,0.40692303,3,1,false,false,10.132167,2.8346384,8.308157,-1.2977198,0.5846939,3
35.69172,0.8486526,49.328070049617004,8.567322947252224,0,1,7148.483,0.348593,3,1,false,false,11.004338,8.867782,8.859655,-1.2882789,0.5251697,3
35.847034,0.84878314,49.3280649245343,8.567325148010863,0,1,6897.429,0.29195446,3,1,false,false,13.571377,8.896581,12.984662,-1.2803895,0.42281196,3
35.980804,0.84891415,49.3280597094488,8.567327349609165,0,1,6508.852,0.25225672,3,1,false,false,13.340021,8.219202,12.973314,-1.2740253,0.34489083,3
36.083393,0.84904563,49.32805449436331,8.567329550367804,0,1,6382.638,0.20965278,3,1,false,false,11.7798195,4.9536157,11.338527,-1.2687562,0.28703088,3
36.127846,0.84917754,49.328049279277806,8.567331889670958,0,1,6533.3013,0.15905927,3,1,false,false,10.64452,2.0365064,10.636364,-1.2644659,0.22824302,3
36.154892,0.84930956,49.3280441541951,8.567334228134449,0,1,6716.3125,0.13097686,3,1,false,false,10.185773,2.1569405,10.746823,-1.2611402,0.17480303,3
36.203156,0.84944177,49.328038939109604,8.567336704302793,0,1,6754.0273,0.11766261,3,1,false,false,10.334234,3.9301562,11.739434,-1.2585016,0.14418559,3
36.271984,0.8495741,49.3280337240241,8.567339042766283,0,1,6680.4263,0.122988604,3,1,false,false,9.770705,4.578462,12.081133,-1.2561417,0.14439759,3
36.343765,0.84970677,49.3280285089386,8.567341518934626,0,1,6638.571,0.13775586,3,1,false,false,8.3670435,4.385035,10.528107,-1.2536474,0.1553073,3
36.407078,0.84983987,49.3280233837187,8.56734413280782,0,1,6673.0947,0.15252268,3,1,false,false,7.3802156,3.6710293,9.510165,-1.2510222,0.15723127,3
36.463444,0.8499732,49.3280181687704,8.567346609815827,0,1,6720.096,0.1728575,3,1,false,false,7.1113124,3.569736,9.1308775,-1.2484338,0.15224864,3
36.52293,0.85010684,49.328012953684905,8.567349222849359,0,1,6733.654,0.19052957,3,1,false,false,7.5618296,3.936325,9.673855,-1.2458922,0.1532342,3
36.58699,0.8502406,49.3280077385994,8.567351837142384,0,1,6720.615,0.2048114,3,1,false,false,7.7774568,4.0162935,10.052556,-1.2433124,0.15769702,3
36.648907,0.85037464,49.3280025235139,8.567354451015579,0,1,6717.44,0.21255803,3,1,false,false,8.010809,3.7932463,10.449842,-1.2405577,0.17512639,3
36.707016,0.8505092,49.32799730842841,8.567357064888773,0,1,6743.998,0.21183197,3,1,false,false,7.577167,3.5642111,10.504062,-1.2374722,0.19542482,3
36.762012,0.85064405,49.32799209334291,8.567359816046988,0,1,6780.7754,0.20190707,3,1,false,false,7.2468576,3.4636161,10.47738,-1.2340692,0.21206202,3
36.81756,0.85077906,49.32798687825741,8.567362567625034,0,1,6807.044,0.18810834,3,1,false,false,6.789429,3.5685046,9.966166,-1.2304679,0.2187209,3
36.877346,0.85091424,49.32798166317191,8.56736531878325,0,1,6819.264,0.173584,3,1,false,false,6.2990522,4.0385823,8.7328005,-1.2268093,0.21757305,3
36.939274,0.8510498,49.327976448223616,8.567368070361296,0,1,6822.008,0.16438521,3,1,false,false,6.637553,3.7675822,11.577696,-1.223259,0.20898215,3
36.99251,0.8511855,49.327971233138115,8.567370959224363,0,1,6821.833,0.16051182,3,1,false,false,6.3822436,2.8679116,16.776785,-1.2199413,0.18455799,3
37.044006,0.8513214,49.32796601805262,8.567373710802409,0,1,6824.459,0.15470183,3,1,false,false,7.4779186,3.8504953,18.512545,-1.2170956,0.16075496,3
37.109898,0.85145754,49.327960713101525,8.567376599665476,0,1,6831.386,0.15712209,3,1,false,false,5.143864,4.037822,9.16653,-1.2146502,0.124546565,3
37.170647,0.8515939,49.32795549801603,8.567379488948374,0,1,6835.7197,0.17673129,3,1,false,false,5.5961304,4.281547,16.426075,-1.2129648,0.0823536,3
37.22999,0.85173047,49.32795028293053,8.567382377811441,0,1,6833.4624,0.21352664,3,1,false,false,1.9791632,3.2280111,6.8662534,-1.2117116,0.05764128,3
37.28132,0.8518671,49.327945067845036,8.567385404379358,0,1,6863.9536,0.23821741,3,1,false,false,3.3793302,3.0502,8.038004,-1.2112406,0.0042759907,3
37.335304,0.85200393,49.32793976289394,8.567388293242425,0,1,6912.694,0.27694705,3,1,false,false,2.3059864,3.5672607,7.8770103,-1.2116095,-0.04397083,3
37.377457,0.8521409,49.32793454780845,8.567391319810344,0,1,6924.1235,0.30429825,3,1,false,false,4.041991,1.770955,5.943284,-1.212518,-0.04885572,3
37.435215,0.85227805,49.327929332722945,8.567394346378263,0,1,6966.128,0.34617287,3,1,false,false,6.9688888,4.2186203,12.832254,-1.2129164,0.014506803,3
37.471786,0.8524154,49.32792402777186,8.56739737294618,0,1,6988.857,0.35464412,3,1,false,false,8.891952,1.6669927,13.175175,-1.212011,0.10424236,3
37.51953,0.8525527,49.32791881268636,8.5674003995141,0,1,7050.604,0.3258408,3,1,false,false,6.2172947,3.3051558,9.910342,-1.209415,0.19726332,3
37.54724,0.8526903,49.32791350773527,8.567403426082018,0,1,7118.6646,0.29994175,3,1,false,false,4.079493,1.8511478,7.2984176,-1.2058619,0.22988646,3
37.600822,0.8528279,49.327908292649774,8.567406589934956,0,1,7198.733,0.26702303,3,1,false,false,4.8652053,4.5642962,7.816323,-1.2017131,0.26622492,3
37.683777,0.85296583,49.32790298756148,8.567409616502875,0,1,7157.692,0.24620464,3,1,false,false,4.2620206,5.468784,7.6544003,-1.1972604,0.25924653,3
37.76953,0.85310405,49.327897772613184,8.567412780775644,0,1,6985.4893,0.23531312,3,1,false,false,4.8627563,5.189305,8.717935,-1.1931539,0.23417501,3
37.845222,0.8532425,49.3278924675249,8.567415945048415,0,1,6908.179,0.24523753,3,1,false,false,5.114429,4.4027066,9.13161,-1.1893919,0.21930665,3
37.907204,0.8533812,49.3278871625738,8.567419108901353,0,1,6974.222,0.2592769,3,1,false,false,6.6632915,3.581136,9.906195,-1.1858108,0.21086457,3
37.95298,0.8535201,49.32788194748831,8.567422410878976,0,1,7024.616,0.27960926,3,1,false,false,6.725879,2.8130665,9.333444,-1.1823912,0.20228712,3
38.001133,0.8536592,49.32787664253722,8.567425574731914,0,1,7031.662,0.30018383,3,1,false,false,7.028386,3.315768,10.186942,-1.1789526,0.21373513,3
38.059227,0.8537984,49.327871337586124,8.567428876709537,0,1,7041.1494,0.3195481,3,1,false,false,8.005746,3.6385868,10.145473,-1.1752342,0.2323117,3
38.11584,0.85393786,49.32786603249784,8.567432178267326,0,1,7042.609,0.32777753,3,1,false,false,7.942207,3.5752363,9.539621,-1.1712651,0.2429213,3
38.17056,0.85407746,49.32786081754954,8.567435617529968,0,1,7041.35,0.3297142,3,1,false,false,7.4367476,3.3797016,8.307887,-1.1671567,0.24966457,3
38.22363,0.85421735,49.32785551246125,8.56743891908776,0,1,7057.883,0.3270509,3,1,false,false,7.7117677,3.406351,9.490216,-1.1629455,0.25673833,3
38.27842,0.85435736,49.32785020751016,8.567442358350402,0,1,7077.883,0.32075775,3,1,false,false,8.399568,3.5174081,9.95866,-1.1586055,0.26432338,3
38.330265,0.8544976,49.327844992424666,8.567445797613043,0,1,7077.883,0.31277055,3,1,false,false,8.321284,3.3702407,9.678942,-1.1541297,0.27461743,3
38.38189,0.85463804,49.32783968747357,8.567449236875685,0,1,7086.0796,0.30647734,3,1,false,false,8.081917,3.2636697,9.31098,-1.1494673,0.28558153,3
38.43307,0.85477865,49.32783438252248,8.56745281384318,0,1,7112.224,0.30115196,3,1,false,false,8.347415,3.339028,9.413971,-1.1445996,0.2980829,3
38.485603,0.8549195,49.327829077571394,8.567456253105822,0,1,7129.959,0.29776356,3,1,false,false,8.588824,3.4602835,8.971718,-1.1395804,0.30219868,3
38.53984,0.85506046,49.32782386248589,8.567459967358337,0,1,7124.1772,0.2955849,3,1,false,false,8.5785675,3.5688639,8.953381,-1.134586,0.29662788,3
38.593758,0.8552017,49.327818557397606,8.56746354432583,0,1,6853.199,0.29679543,3,1,false,false,9.393434,3.2651763,9.797255,-1.1296911,0.2926984,3
38.600353,0.85534304,49.32781334244931,8.567467121293324,0,1,6718.269,0.29994184,0,1,false,false,9.96809,-0.48331055,9.913056,-1.1249075,0.28044307,3
38.59787,0.85548437,49.32780803736102,8.567470835545839,0,1,6239.897,0.30454016,4,1,false,false,10.878324,2.579436,11.888754,-1.1202834,0.27981555,3
38.68865,0.85562587,49.32780282227552,8.567474549798353,0,1,5457.452,0.30889812,4,1,false,false,10.756974,6.5189257,10.8194065,-1.1153376,0.31716508,3
38.761395,0.8557677,49.327797517324434,8.567478401755718,0,1,5617.611,0.30889812,4,1,false,false,10.623847,2.905008,9.814527,-1.1097755,0.34080142,3
38.782867,0.8559098,49.32779230223893,8.567482253713084,0,1,5850.7437,0.30647734,4,1,false,false,10.404396,1.75768,9.369123,-1.1042017,0.3222058,3
38.82979,0.8560519,49.32778708715343,8.567486106090282,0,1,5764.0537,0.30478278,4,1,false,false,10.243713,4.1057234,9.02607,-1.09904,0.29837203,3
38.897728,0.8561943,49.327781782202344,8.567489958047648,0,1,5654.837,0.30550873,4,1,false,false,9.907465,4.2621408,8.683893,-1.0942589,0.27602938,3
38.950653,0.856337,49.32777656711685,8.567493947290036,0,1,5694.9663,0.3105918,4,1,false,false,10.246477,3.0359974,9.153054,-1.0898341,0.25765342,3
38.991066,0.8564798,49.32777135203135,8.567497936952252,0,1,5756.5884,0.3205158,4,1,false,false,10.482474,2.7359173,9.444312,-1.0856577,0.24864282,3
39.03342,0.8566229,49.32776613708305,8.56750192661447,0,1,5761.441,0.33068135,4,1,false,false,10.493924,2.9582865,9.623189,-1.0814661,0.26092127,3
39.076954,0.85676605,49.32776092199755,8.567505915856856,0,1,5774.0576,0.3413313,4,1,false,false,10.330633,2.954603,9.343559,-1.076875,0.29336977,3
39.121994,0.8569094,49.32775570691206,8.567510043223926,0,1,5815.7925,0.34689838,4,1,false,false,10.459193,3.064826,9.246175,-1.0716958,0.3260493,3
39.169937,0.857053,49.327750491826556,8.567514170171163,0,1,5826.377,0.3471405,4,1,false,false,10.815408,3.3409777,9.414807,-1.0660529,0.34853566,3
39.222458,0.85719675,49.327745276741055,8.567518434823254,0,1,5807.3125,0.34351015,4,1,false,false,11.245343,3.6359327,9.628874,-1.0601153,0.36155146,3
39.276623,0.8573408,49.327740151658354,8.567522699475344,0,1,5795.856,0.33770093,4,1,false,false,11.765721,3.6013188,10.126802,-1.0540819,0.3602945,3
39.32747,0.857485,49.32773493657285,8.567526964127433,0,1,5792.4717,0.33140782,4,1,false,false,12.291313,3.403529,10.557919,-1.0481348,0.35250688,3
39.375923,0.8576294,49.32772972148735,8.567531229199355,0,1,5793.9077,0.32535625,4,1,false,false,12.839228,3.3250422,11.041523,-1.0423179,0.34575796,3
39.42218,0.8577741,49.32772459626745,8.567535631136465,0,1,5799.745,0.32099986,4,1,false,false,13.599739,3.19221,11.334817,-1.0365613,0.34658214,3
39.468014,0.8579189,49.32771947118474,8.567540033493406,0,1,5808.8564,0.31567475,4,1,false,false,12.635547,3.2534735,10.39401,-1.030774,0.34389016,3
39.514324,0.85806394,49.327714345964836,8.5675445735552,0,1,5815.001,0.3081721,4,1,false,false,12.7632885,3.2716172,10.768811,-1.0251127,0.33485055,3
39.561398,0.85820913,49.327709130879335,8.567549113197162,0,1,5817.7534,0.3028466,4,1,false,false,12.674263,3.2845457,10.180369,-1.0196286,0.32206,3
39.60905,0.85835457,49.327704005796626,8.567553652839123,0,1,5820.855,0.298248,4,1,false,false,12.661765,3.393149,10.161566,-1.0143704,0.30708373,3
39.655952,0.85850024,49.32769897057951,8.567558192900917,0,1,5821.453,0.29606885,4,1,false,false,12.124958,3.1901765,9.670068,-1.0094172,0.28841814,3
39.70192,0.8586461,49.327693845359605,8.56756287024773,0,1,5830.866,0.2943743,4,1,false,false,11.573473,3.1857991,9.720902,-1.0047349,0.27441344,3
39.747017,0.85879207,49.3276887202769,8.567567685299396,0,1,5846.6377,0.29268053,4,1,false,false,11.65415,3.068224,9.543885,-1.0002464,0.26676214,3
39.79172,0.8589383,49.32768368492258,8.56757236264621,0,1,5858.938,0.29292268,4,1,false,false,11.274546,3.0850842,9.102527,-0.99582684,0.26535743,3
39.83693,0.8590847,49.327678559839875,8.567577177697876,0,1,5870.468,0.29606897,4,1,false,false,10.655981,3.0661285,8.683105,-0.9914163,0.26516458,3
39.88087,0.8592314,49.32767352462276,8.567581992329709,0,1,5886.5635,0.3018784,4,1,false,false,11.241138,3.0229666,9.918291,-0.9869254,0.27766323,3
39.926067,0.8593782,49.327668489405646,8.567586945086227,0,1,5903.2896,0.31107593,4,1,false,false,11.135801,3.1136723,9.424403,-0.982159,0.293253,3
39.97224,0.8595252,49.32766336418574,8.567591897422911,0,1,5908.0464,0.32003123,4,1,false,false,11.480154,3.176902,10.057941,-0.97715914,0.30776137,3
40.01835,0.8596724,49.327658328968624,8.567596850179429,0,1,5911.675,0.32801956,4,1,false,false,11.5706005,3.1335313,9.858127,-0.9718807,0.32559475,3
40.0672,0.8598202,49.32765329375151,8.567601802516114,0,1,5922.16,0.33528113,4,1,false,false,11.839864,3.4261005,9.611471,-0.966334,0.33441153,3
40.116383,0.85996807,49.32764834839998,8.567606892977484,0,1,5913.3833,0.33987957,4,1,false,false,11.395925,3.3440976,8.754297,-0.9608214,0.32475352,3
40.16637,0.8601162,49.32764331318287,8.567611983019022,0,1,5904.9727,0.34544668,4,1,false,false,11.155321,3.3805575,8.839668,-0.9555649,0.3056984,3
40.214146,0.8602645,49.327638277965754,8.567617073060559,0,1,5911.748,0.3546442,4,1,false,false,11.5206175,3.1781082,8.880734,-0.9506445,0.28797936,3
40.259197,0.86041284,49.327633332614226,8.567622300806947,0,1,5921.7485,0.36819753,4,1,false,false,11.526911,3.0321097,9.000123,-0.9459749,0.27743003,3
40.302208,0.8605612,49.327628387262706,8.567627528553338,0,1,5934.8447,0.3839296,4,1,false,false,10.857526,2.8769815,7.88371,-0.941385,0.2781126,3
40.343555,0.8607098,49.32762335204559,8.567632755879895,0,1,5959.449,0.40522838,4,1,false,false,10.779637,2.800533,7.7190137,-0.9367177,0.28845465,3
40.384514,0.8608585,49.327618406694064,8.567638121331136,0,1,5985.8193,0.4296733,4,1,false,false,11.632387,2.7870123,8.706268,-0.9317713,0.31139436,3
40.425056,0.8610073,49.327613461342544,8.567643486362545,0,1,6000.193,0.45024502,4,1,false,false,12.509651,2.8611622,9.961875,-0.926288,0.35052273,3
40.465984,0.86115605,49.327608516128215,8.567648851813786,0,1,6010.8716,0.4681536,4,1,false,false,13.250662,2.8838634,10.0181055,-0.92005664,0.39849615,3
40.508213,0.86130494,49.32760366064228,8.567654354550047,0,1,6022.762,0.47371963,4,1,false,false,13.474676,3.0353563,9.633973,-0.9130085,0.44269764,3
40.553013,0.86145395,49.32759871529076,8.567659857286309,0,1,6023.2954,0.47008967,4,1,false,false,14.47321,3.3164024,10.733813,-0.9053508,0.4710198,3
40.60084,0.8616032,49.32759385994203,8.567665360442401,0,1,6003.8843,0.458715,4,1,false,false,15.199687,3.4940763,10.547181,-0.89737225,0.4784634,3
40.64856,0.8617524,49.327589004456094,8.567671000463683,0,1,5979.093,0.4424998,4,1,false,false,15.549734,3.3943038,10.841261,-0.8895192,0.45923397,3
40.691673,0.86190164,49.32758414910736,8.567676640904796,0,1,5972.7705,0.42797863,4,1,false,false,16.11791,3.1039038,11.408021,-0.88206875,0.43591318,3
40.73058,0.8620511,49.32757929375863,8.56768228134591,0,1,5986.1167,0.41611943,4,1,false,false,16.554482,2.964716,11.829465,-0.8749137,0.4229262,3
40.767666,0.8622007,49.327574528138285,8.567688059491873,0,1,5996.13,0.40861717,4,1,false,false,16.944868,2.878453,11.840379,-0.86793643,0.41577932,3
40.80467,0.86235034,49.327569762655145,8.56769397492286,0,1,6000.8677,0.40401915,4,1,false,false,16.749008,2.9178696,11.318091,-0.8609792,0.41911682,3
40.84167,0.8625,49.327564997172004,8.567699753068824,0,1,6012.09,0.40087184,4,1,false,false,17.213797,2.9159694,12.204473,-0.85389686,0.4296584,3
40.878555,0.86264986,49.327560231688864,8.56770580578483,0,1,6021.1255,0.4001459,4,1,false,false,17.370033,2.955353,12.008973,-0.8466141,0.43990624,3
40.917,0.8627998,49.32755555607131,8.567711721635645,0,1,6021.972,0.40038794,4,1,false,false,17.32933,3.0584092,11.7597065,-0.83921164,0.44197306,3
40.955784,0.8629499,49.32755088059096,8.567717774771483,0,1,6019.5513,0.40038785,4,1,false,false,17.339563,3.081132,11.818544,-0.8318361,0.43813977,3
40.99518,0.86310005,49.327546204973416,8.56772396519234,0,1,6021.5225,0.40062994,4,1,false,false,16.954363,3.1185849,11.233203,-0.8246032,0.42327547,3
41.034145,0.86325026,49.32754152935586,8.567730018328175,0,1,6022.1567,0.40208256,4,1,false,false,17.085058,3.0389981,11.604685,-0.8177264,0.40083987,3
41.071983,0.8634007,49.3275369437411,8.567736346453884,0,1,6023.4375,0.40522838,4,1,false,false,17.387869,3.0109305,12.344645,-0.81115544,0.38870972,3
41.10928,0.86355126,49.32753235812635,8.567742537294574,0,1,6029.8643,0.40958568,4,1,false,false,17.604183,2.9197898,12.527404,-0.80470586,0.3843992,3
41.144947,0.86370194,49.32752777237439,8.567749003125135,0,1,6037.6357,0.41321567,4,1,false,false,17.089745,2.838416,11.826915,-0.7982596,0.3873255,3
41.18064,0.8638527,49.32752327662522,8.567755331250844,0,1,6051.695,0.41757208,4,1,false,false,16.812956,2.9040406,11.273925,-0.7917041,0.39527297,3
41.21878,0.86400354,49.327518780876055,8.567761797081404,0,1,6061.2217,0.42144397,4,1,false,false,16.406971,3.0308592,10.919221,-0.78508645,0.39328453,3
41.258823,0.86415464,49.32751428512689,8.567768262911963,0,1,6055.186,0.4287053,4,1,false,false,16.263456,3.0842702,11.226762,-0.7786227,0.3799155,3
41.298054,0.86430585,49.327509789377714,8.567774866447376,0,1,6051.4424,0.44056457,4,1,false,false,16.268005,2.9979882,11.624538,-0.772308,0.3754952,3
41.335484,0.8644572,49.32750538363134,8.567781469562957,0,1,6062.226,0.4570218,4,1,false,false,15.238842,2.7809122,9.877719,-0.76611125,0.36506143,3
41.36872,0.86460865,49.32750097774777,8.56778807309837,0,1,6083.1367,0.47614035,4,1,false,false,15.986408,2.5628371,10.701415,-0.7600467,0.3672432,3
41.4039,0.8647603,49.32749657186419,8.567794813918802,0,1,6105.01,0.49913132,4,1,false,false,13.688481,2.937232,9.76211,-0.75377136,0.3783395,3
41.441406,0.8649121,49.327492166117814,8.567801555159066,0,1,6112.886,0.5250257,4,1,false,false,15.647053,2.899068,10.10883,-0.74740803,0.38996717,3
41.47871,0.865064,49.32748785009983,8.567808433684352,0,1,6109.8735,0.54414296,4,1,false,false,16.949692,2.8721743,11.613225,-0.7406938,0.41831076,3
41.516308,0.86521614,49.32748353421904,8.567815174504783,0,1,6110.678,0.55116093,4,1,false,false,14.856119,3.0649312,10.040179,-0.73346066,0.44058865,3
41.5533,0.86536837,49.32747921833826,8.567822053030069,0,1,6117.016,0.5426907,4,1,false,false,15.365568,2.5138373,8.940731,-0.72619134,0.43604612,3
41.58737,0.8655208,49.32747499232307,8.567829069260204,0,1,6133.768,0.5242997,4,1,false,false,15.845773,2.890513,10.212106,-0.71884364,0.44129685,3
41.62452,0.8656734,49.32747076630787,8.567836085070509,0,1,6136.6587,0.49646902,4,1,false,false,15.874622,2.9823484,10.784939,-0.7114967,0.43852058,3
41.6594,0.86582625,49.327466540292676,8.567843101300646,0,1,6125.862,0.4633134,4,1,false,false,16.681644,2.5862682,11.253816,-0.70423406,0.44077182,3
41.688187,0.86597914,49.32746231427748,8.567850254815802,0,1,6151.4614,0.42289668,4,1,false,false,16.962233,2.8218472,12.29894,-0.6965401,0.47646144,3
41.721287,0.8661322,49.32745817826508,8.567857271045938,0,1,6178.2817,0.38514027,4,1,false,false,16.528244,2.7194161,11.632404,-0.68850636,0.485912,3
41.756912,0.86628544,49.327454042115484,8.567864562265946,0,1,6172.7944,0.34375203,4,1,false,false,16.458363,3.0840945,11.984631,-0.68033063,0.48789492,3
41.795383,0.8664389,49.32744999596867,8.567871716200933,0,1,6162.278,0.31398118,4,1,false,false,16.09736,3.4289856,11.508994,-0.67214996,0.48419815,3
41.838528,0.8665926,49.32744585981907,8.567879007420943,0,1,6150.656,0.2938903,4,1,false,false,16.994726,3.1756778,11.594006,-0.6645014,0.4312164,3
41.875805,0.8667465,49.32744190353785,8.56788643592597,0,1,6135.4883,0.28590295,4,1,false,false,18.63989,3.2171943,14.191005,-0.65762025,0.3950575,3
41.91124,0.86690044,49.32743785739104,8.567893727145979,0,1,6136.4355,0.2873556,4,1,false,false,17.893036,2.9886892,12.606566,-0.6511775,0.3712872,3
41.944305,0.86705476,49.32743390110982,8.56790129377569,0,1,6142.086,0.29219657,4,1,false,false,18.222717,2.541053,12.591547,-0.64526695,0.34225667,3
41.975445,0.86720926,49.3274299449658,8.56790872228072,0,1,6157.9966,0.29945725,4,1,false,false,16.082066,2.8904083,11.124963,-0.63962597,0.32541364,3
42.01263,0.86736387,49.32742598868458,8.567916288910432,0,1,6176.657,0.3064775,4,1,false,false,14.327724,3.117937,9.555181,-0.6345251,0.2798984,3
42.051018,0.86751866,49.327422122268956,8.567923855120311,0,1,6169.3755,0.3173695,4,1,false,false,14.377899,2.8843288,9.627296,-0.63022465,0.24226223,3
42.091545,0.86767375,49.32741825599052,8.567931421750023,0,1,6166.617,0.33455455,4,1,false,false,13.287891,3.072576,8.974753,-0.6263825,0.22128728,3
42.127747,0.86782914,49.3274143895749,8.567939125664756,0,1,6179.348,0.35270748,4,1,false,false,13.001966,2.6112885,9.880776,-0.62273806,0.2244051,3
42.159893,0.8679847,49.32741061316206,8.567946829579487,0,1,6209.6636,0.3681976,4,1,false,false,12.84516,2.487269,9.329579,-0.6187992,0.25208992,3
42.193462,0.8681404,49.327406836749226,8.56795453349422,0,1,6244.508,0.37594324,4,1,false,false,12.446271,2.6308715,8.971772,-0.61435324,0.28169426,3
42.230183,0.8682963,49.32740306019919,8.567962375113803,0,1,6255.811,0.37739545,4,1,false,false,13.239338,2.8584862,10.502637,-0.6093759,0.31816435,3
42.26936,0.86845267,49.32739928392355,8.567970216313554,0,1,6253.5967,0.36965013,4,1,false,false,15.369562,3.060464,13.328683,-0.60358685,0.37618712,3
42.31059,0.86860913,49.3273955973763,8.56797805793314,0,1,6245.8887,0.35270756,4,1,false,false,15.670211,3.1682904,12.810627,-0.59682894,0.42526248,3
42.35247,0.86876583,49.32739191082906,8.567985899552722,0,1,6234.131,0.3222104,4,1,false,false,14.823942,3.235739,11.41426,-0.5894799,0.44255528,3
42.396954,0.86892265,49.32738822428181,8.567993878457328,0,1,6226.3584,0.28033543,4,1,false,false,13.286125,3.4647155,9.968442,-0.58233345,0.39783254,3
42.442833,0.8690796,49.32738462773736,8.568001857781763,0,1,6207.566,0.24838385,4,1,false,false,14.93705,3.3983922,12.22619,-0.5763307,0.32036987,3
42.48533,0.8692366,49.32738103119291,8.568009836686366,0,1,6182.748,0.23216534,4,1,false,false,15.041044,3.2183368,12.873757,-0.5715302,0.25917903,3
42.523605,0.8693937,49.327377434648454,8.568017953295822,0,1,6188.711,0.22296698,4,1,false,false,13.117021,2.7181916,10.683575,-0.56762993,0.2122142,3
42.553417,0.86955106,49.3273738378296,8.568025932620259,0,1,6228.1143,0.21812606,4,1,false,false,11.315951,2.224349,9.384702,-0.5642771,0.19636111,3
42.587147,0.8697081,49.32737033128794,8.568034049229714,0,1,6276.7627,0.21957773,4,1,false,false,11.983347,2.793855,10.337198,-0.56098396,0.20264883,3
42.62781,0.8698652,49.32736682447187,8.568042303544022,0,1,6274.7324,0.22224095,4,1,false,false,11.646328,3.0214753,10.733381,-0.5575293,0.21235713,3
42.668987,0.8700224,49.327363317930214,8.568050420153478,0,1,6255.0415,0.22103035,4,1,false,false,11.033804,2.9934187,10.561867,-0.5538561,0.22967215,3
42.709755,0.8701798,49.32735990111694,8.568058674467785,0,1,6279.1396,0.21473625,4,1,false,false,10.183839,2.8626359,9.126669,-0.5498832,0.24231137,3
42.750774,0.8703373,49.327356394575276,8.568066928362262,0,1,6301.2017,0.20432733,4,1,false,false,9.93661,3.0188346,9.164397,-0.54585946,0.23743315,3
42.796036,0.87049496,49.327352977762004,8.56807518267657,0,1,6287.865,0.1927087,4,1,false,false,9.846061,3.2623668,9.788709,-0.5420078,0.22312169,3
42.843422,0.8706528,49.32734956094873,8.568083574695729,0,1,6270.799,0.1815727,4,1,false,false,9.6026125,3.2661376,9.044996,-0.5384243,0.20495161,3
42.885647,0.8708108,49.32734614413546,8.568091829010037,0,1,6276.341,0.17043728,4,1,false,false,9.017355,2.8935273,9.484856,-0.53519267,0.18539882,3
42.925568,0.87096894,49.32734281732498,8.568100220609363,0,1,6299.6143,0.15930124,4,1,false,false,9.122747,2.7821934,9.654158,-0.5321846,0.17780575,3
42.9661,0.8711271,49.32733940051171,8.568108612208691,0,1,6315.347,0.14816527,4,1,false,false,8.833008,2.9206047,9.547864,-0.52925235,0.17381144,3
43.00712,0.8712855,49.32733607370123,8.568117004227851,0,1,6317.9966,0.13557671,4,1,false,false,8.404366,2.8021748,9.241734,-0.5263968,0.17072985,3
43.04808,0.87144405,49.327332746890754,8.568125533532031,0,1,6332.4395,0.121051475,4,1,false,false,8.112287,2.8971946,9.991663,-0.5234832,0.1779553,3
43.091457,0.8716027,49.327329420080275,8.56813392555119,0,1,6348.204,0.107494764,4,1,false,false,7.890266,3.0139449,9.493581,-0.5205324,0.17496283,3
43.136456,0.8717615,49.32732609299539,8.56814245485537,0,1,6343.3706,0.0874001,4,1,false,false,7.5207224,3.1214924,9.438382,-0.51768273,0.16596666,3
43.182716,0.87192035,49.327322856187706,8.56815098415955,0,1,6338.7524,0.07093819,4,1,false,false,7.259784,3.1439273,9.143964,-0.5150142,0.15320334,3
43.22975,0.8720795,49.32731952937723,8.568159513463728,0,1,6342.1733,0.054717354,4,1,false,false,7.091583,3.1196542,9.313759,-0.51262236,0.13244516,3
43.27492,0.87223876,49.32731629229514,8.568168042767908,0,1,6340.0435,0.03655844,4,1,false,false,6.717043,3.023379,9.488025,-0.51061743,0.10921233,3
43.319244,0.87239814,49.32731296548466,8.568176572072089,0,1,6344.9067,0.019126073,4,1,false,false,6.4173813,2.9565537,10.504221,-0.5089543,0.09162001,3
43.362827,0.8725576,49.327309728676966,8.568185239081119,0,1,6357.6646,0.0002415576,4,1,false,false,5.87151,2.8976798,9.837565,-0.50754297,0.077169396,3
43.405888,0.87271726,49.32730649159488,8.568193906090151,0,1,6368.781,-0.019370442,4,1,false,false,5.1787415,2.8975356,8.994025,-0.50637394,0.062850155,3
43.451054,0.87287706,49.32730325478719,8.568202573099182,0,1,6377.597,-0.03680281,4,1,false,false,4.586791,3.0298352,8.419389,-0.5054822,0.04372648,3
43.49822,0.873037,49.32730010770789,8.568211102403362,0,1,6378.095,-0.052541476,4,1,false,false,3.965433,3.067209,8.795607,-0.50494033,0.0198965,3
43.54454,0.873197,49.32729687062581,8.568219907117246,0,1,6373.7485,-0.061984673,4,1,false,false,3.4805012,2.9752805,8.005171,-0.5048042,-0.0028092049,3
43.588394,0.8733573,49.327293633818115,8.568228573706445,0,1,6385.5376,-0.06924916,4,1,false,false,2.8931894,2.7445502,7.3990808,-0.50501364,-0.021673871,3
43.628975,0.8735177,49.327290396736025,8.568237240715476,0,1,6411.6304,-0.07336502,4,1,false,false,2.2487779,2.5337129,6.525892,-0.5054802,-0.03481502,3
43.669624,0.87367815,49.32728724993113,8.568245907724508,0,1,6438.036,-0.073849045,4,1,false,false,1.8793337,2.6446445,6.9632425,-0.5061281,-0.0437159,3
43.71092,0.8738387,49.32728401284904,8.56825471243839,0,1,6454.2773,-0.07530214,4,1,false,false,1.6153109,2.5654058,6.508003,-0.5069032,-0.04980774,3
43.752296,0.87399954,49.327280776041356,8.568263516732443,0,1,6474.024,-0.08014451,4,1,false,false,1.2952683,2.6334445,7.4538426,-0.5077384,-0.051910777,3
43.79351,0.8741604,49.32727762896206,8.568272183741474,0,1,6500.053,-0.086198434,4,1,false,false,0.87647843,2.599484,7.158608,-0.5086057,-0.053637862,3
43.83865,0.87432146,49.32727439187997,8.568280988455358,0,1,6518.684,-0.09515758,4,1,false,false,0.57617867,2.9408321,6.8775744,-0.5095221,-0.057690624,3
43.887196,0.8744826,49.32727115507228,8.56828979274941,0,1,6515.395,-0.107506946,4,1,false,false,0.3090469,3.0808325,7.1755605,-0.51051056,-0.062079776,3
43.941036,0.874644,49.327268007992984,8.568298597463292,0,1,6503.7397,-0.119612865,4,1,false,false,-0.019034602,3.3748755,8.156562,-0.5116042,-0.06973335,3
43.994328,0.8748055,49.32726477118529,8.568307264052493,0,1,6486.0894,-0.13559498,4,1,false,false,-0.6565397,3.205566,8.839069,-0.5128256,-0.07891555,3
44.044456,0.87496716,49.32726153410321,8.568316068766375,0,1,6479.6387,-0.15181956,4,1,false,false,-1.0266256,2.9844782,9.305636,-0.5142228,-0.08951391,3
44.0922,0.87512904,49.327258297295515,8.568325010765278,0,1,6491.3096,-0.17215998,4,1,false,false,-1.5689898,2.8900108,9.337755,-0.51582086,-0.10292661,3
44.139874,0.87529105,49.32725506021343,8.568333815479162,0,1,6498.9795,-0.188142,4,1,false,false,-2.1052551,3.0073483,8.651804,-0.5176642,-0.11854715,3
44.18897,0.87545323,49.32725182340574,8.568342619773214,0,1,6492.3086,-0.20315696,4,1,false,false,-2.4781232,3.0124435,8.630977,-0.5197366,-0.13041845,3
44.237995,0.87561554,49.32724858632365,8.568351424487098,0,1,6486.7173,-0.21526483,4,1,false,false,-2.9931176,2.9583695,8.872923,-0.52201056,-0.14317648,3
44.284554,0.875778,49.32724525951317,8.568360228781149,0,1,6491.9736,-0.22834261,4,1,false,false,-3.3467677,2.798521,8.564511,-0.52449423,-0.15612145,3
44.327953,0.8759406,49.327242022705484,8.568369033495031,0,1,6503.871,-0.23730268,4,1,false,false,-3.6245565,2.563641,8.181861,-0.5271687,-0.1676446,3
44.36948,0.87610346,49.3272386956206,8.568377975493936,0,1,6524.2803,-0.24020883,4,1,false,false,-3.9236531,2.5467095,8.337704,-0.53006124,-0.18161796,3
44.41177,0.8762663,49.327235458812915,8.568386779787987,0,1,6544.1904,-0.24166098,4,1,false,false,-4.518884,2.6032028,8.266419,-0.5331997,-0.19739695,3
44.454506,0.8764293,49.327232132002436,8.56839558450187,0,1,6553.261,-0.24456814,4,1,false,false,-4.749524,2.660669,8.216302,-0.5366093,-0.21308896,3
44.498478,0.87659246,49.32722880519195,8.568404388795921,0,1,6562.7007,-0.2472318,4,1,false,false,-5.0710297,2.7549891,8.706695,-0.54025435,-0.22524466,3
44.543583,0.8767558,49.327225478107074,8.568413331214657,0,1,6570.3193,-0.24819988,4,1,false,false,-5.7120123,2.7700088,8.864298,-0.5441116,-0.23798756,3
44.589504,0.87691915,49.3272220615682,8.568422135508708,0,1,6570.6265,-0.24868482,4,1,false,false,-6.4003153,2.9214919,9.496724,-0.54816586,-0.24862918,3
44.635685,0.8770827,49.327218734483324,8.568430940222592,0,1,6567.654,-0.24819991,4,1,false,false,-6.859543,2.8480413,9.293955,-0.55237937,-0.25608122,3
44.681694,0.8772464,49.32721531794445,8.568439744516644,0,1,6566.942,-0.24747336,4,1,false,false,-7.3586507,2.9107432,9.581154,-0.5566746,-0.25815582,3
44.7266,0.87741023,49.32721190113118,8.568448549230526,0,1,6566.0967,-0.24505219,4,1,false,false,-7.505407,2.8426487,8.876044,-0.5609637,-0.2552245,3
44.771122,0.8775742,49.32720848431791,8.568457353524579,0,1,6565.803,-0.24359909,4,1,false,false,-7.3269663,2.808222,8.365253,-0.5651032,-0.24121864,3
44.8143,0.8777382,49.32720497750185,8.568466158238461,0,1,6568.1104,-0.24384153,4,1,false,false,-7.5636377,2.6810577,8.57464,-0.5689705,-0.22627579,3
44.85545,0.8779023,49.327201560962976,8.568474962532513,0,1,6578.115,-0.2479583,4,1,false,false,-8.314748,2.5735507,9.467837,-0.57266533,-0.22239514,3
44.89323,0.87806666,49.32719805414691,8.568483767246397,0,1,6593.2974,-0.25425473,4,1,false,false,-8.638424,2.3221476,9.472697,-0.57641643,-0.23292762,3
44.928783,0.878231,49.32719454760525,8.568492571540448,0,1,6618.923,-0.2598246,4,1,false,false,-8.597802,2.3291514,9.467347,-0.5804613,-0.25459096,3
44.96665,0.8783953,49.327190950786395,8.568501376254332,0,1,6644.9463,-0.26103604,4,1,false,false,-8.872661,2.6007378,9.260329,-0.5849019,-0.27650625,3
45.01,0.87855977,49.327187444244736,8.568510043263363,0,1,6644.528,-0.2610361,4,1,false,false,-8.936026,2.92809,8.582997,-0.58961284,-0.28398728,3
45.05587,0.8787243,49.32718384770028,8.568518847557414,0,1,6623.2944,-0.26224577,4,1,false,false,-9.313233,2.9718628,9.21962,-0.5942937,-0.27699026,3
45.100857,0.878889,49.327180250881426,8.568527514566446,0,1,6614.8447,-0.2653954,4,1,false,false,-9.849648,2.8759062,9.837267,-0.59882706,-0.26711363,3
45.142353,0.8790537,49.32717656460858,8.568536319280328,0,1,6620.041,-0.27120772,4,1,false,false,-10.144688,2.6382606,9.186241,-0.60318273,-0.2571036,3
45.180584,0.87921846,49.32717296778973,8.56854498586953,0,1,6628.141,-0.27895626,4,1,false,false,-10.489446,2.5072384,9.3486805,-0.6074198,-0.25513282,3
45.21804,0.8793834,49.32716928124248,8.56855365287856,0,1,6640.2837,-0.2874333,4,1,false,false,-10.611631,2.549096,9.988493,-0.61173385,-0.26288638,3
45.255898,0.8795485,49.32716550496684,8.568562319887592,0,1,6649.416,-0.29518268,4,1,false,false,-11.639731,2.5541923,11.309084,-0.61618036,-0.27405968,3
45.293053,0.8797141,49.3271618184196,8.568570986896622,0,1,6653.089,-0.29929957,4,1,false,false,-12.046486,2.5342987,10.345974,-0.6209507,-0.297551,3
45.331512,0.8798797,49.327158041869566,8.568579653905655,0,1,6659.904,-0.29905793,4,1,false,false,-12.405644,2.6787357,11.35541,-0.62607616,-0.31377813,3
45.369286,0.8800456,49.327154265593926,8.568588320914685,0,1,6660.986,-0.2922775,4,1,false,false,-12.350279,2.657373,11.379629,-0.6314242,-0.32389763,3
45.41018,0.88021153,49.3271503993155,8.568596850218865,0,1,6656.848,-0.2813793,4,1,false,false,-13.141219,2.8477092,11.600259,-0.6368436,-0.32043818,3
45.449306,0.88037765,49.32714653276267,8.568605517227898,0,1,6644.9937,-0.26515287,4,1,false,false,-13.238974,2.736372,11.800226,-0.64210486,-0.3089791,3
45.488533,0.8805438,49.32714266648424,8.568614046532076,0,1,6644.8037,-0.2479583,4,1,false,false,-12.594592,2.6981697,10.951106,-0.6471039,-0.28558403,3
45.525658,0.8807102,49.32713871020302,8.568622575836256,0,1,6649.8604,-0.22955318,4,1,false,false,-12.134743,2.592819,10.444408,-0.6516456,-0.25787073,3
45.562748,0.88087666,49.327134753921804,8.568631105140437,0,1,6654.961,-0.21841343,4,1,false,false,-11.465109,2.5918915,10.360756,-0.65568155,-0.22773424,3
45.598846,0.88104326,49.327130797640585,8.568639634444615,0,1,6662.1978,-0.21478076,4,1,false,false,-12.030729,2.421193,11.148196,-0.6593129,-0.2134336,3
45.634308,0.88120997,49.32712684163376,8.568648026463775,0,1,6674.4663,-0.21889846,4,1,false,false,-11.058019,2.483347,10.149448,-0.6628358,-0.20991577,3
45.669086,0.8813768,49.32712279534975,8.568656555767955,0,1,6690.595,-0.22785854,4,1,false,false,-10.920543,2.3359222,10.399982,-0.6663399,-0.21292883,3
45.704323,0.88154376,49.32711874906575,8.568664947367282,0,1,6705.8896,-0.24020885,4,1,false,false,-11.293195,2.5293005,10.771521,-0.6700311,-0.22974297,3
45.743298,0.8817108,49.32711461305334,8.568673339386441,0,1,6710.4272,-0.25255916,4,1,false,false,-10.973842,2.608008,9.715457,-0.67395747,-0.23680699,3
45.78258,0.881878,49.32711047704094,8.56868173098577,0,1,6704.096,-0.26321483,4,1,false,false,-9.723352,2.681738,8.768634,-0.6778614,-0.2282798,3
45.82299,0.8820454,49.32710643075693,8.568690123004929,0,1,6708.9033,-0.27169183,4,1,false,false,-10.416891,2.6862323,9.89933,-0.68158484,-0.21867815,3
45.861256,0.8822128,49.327102204741735,8.568698514604257,0,1,6710.6445,-0.2811369,4,1,false,false,-11.852025,2.5402544,11.375005,-0.6852067,-0.21992904,3
45.89625,0.8823804,49.327098068729335,8.568706906623417,0,1,6711.882,-0.2886438,4,1,false,false,-12.212897,2.3265157,12.0077095,-0.6890067,-0.24002706,3
45.92899,0.88254815,49.32709384271414,8.568715160937725,0,1,6733.4165,-0.28961283,4,1,false,false,-11.962092,2.2944655,11.303884,-0.6933138,-0.27486786,3
45.96412,0.882716,49.32708961669895,8.568723552537051,0,1,6754.1807,-0.28137937,4,1,false,false,-11.736454,2.55758,10.681233,-0.6981431,-0.2972147,3
46.004173,0.882884,49.32708530068096,8.568731806851359,0,1,6744.147,-0.26733154,4,1,false,false,-10.928532,2.8350532,9.587865,-0.7031091,-0.28973147,3
46.04761,0.8830521,49.327080984937375,8.568740061165666,0,1,6722.1094,-0.25595024,4,1,false,false,-9.547191,2.8677847,8.026435,-0.707597,-0.244471,3
46.087894,0.8832204,49.327076668919396,8.568748315060143,0,1,6717.955,-0.25377074,4,1,false,false,-9.667942,2.5539026,8.535261,-0.7112298,-0.19731483,3
46.122845,0.8833888,49.32707235290141,8.56875656937445,0,1,6734.751,-0.26757404,4,1,false,false,-10.012774,2.2018485,9.185154,-0.71424,-0.17479403,3
46.151493,0.8835573,49.32706803715782,8.568764685983906,0,1,6762.792,-0.2876758,4,1,false,false,-9.550001,1.7282175,8.624003,-0.7171901,-0.18931472,3
46.177753,0.883726,49.32706363113705,8.568772940298214,0,1,6808.971,-0.3111676,4,1,false,false,-8.919354,1.93602,7.183189,-0.720625,-0.22591907,3
46.20838,0.8838947,49.32705922539067,8.56878105690767,0,1,6848.294,-0.33126935,4,1,false,false,-8.936493,2.1676548,7.051305,-0.7246564,-0.2589231,3
46.245842,0.8840635,49.327054819644296,8.568789173517125,0,1,6849.4053,-0.34943375,4,1,false,false,-9.092222,2.6092281,7.474929,-0.7291498,-0.27931878,3
46.28641,0.8842325,49.32705032389513,8.568797427831434,0,1,6833.161,-0.3610594,4,1,false,false,-9.589891,2.6531262,7.8281684,-0.73391396,-0.29420683,3
46.325302,0.8844016,49.32704591814875,8.56880554444089,0,1,6833.9717,-0.3695365,4,1,false,false,-10.102044,2.5371304,8.168642,-0.7389443,-0.31091657,3
46.361732,0.88457096,49.32704142239958,8.568813661050346,0,1,6845.9736,-0.3731692,4,1,false,false,-10.666429,2.4328806,8.207774,-0.7442562,-0.32746232,3
46.39776,0.88474035,49.32703683664763,8.56882164037478,0,1,6848.96,-0.37244353,4,1,false,false,-11.164224,2.5035262,8.724393,-0.74982285,-0.3403576,3
46.433945,0.88490987,49.327032340898455,8.568829756984236,0,1,6844.75,-0.36856738,4,1,false,false,-12.6574335,2.5486634,10.306613,-0.75561315,-0.35645354,3
46.469288,0.88507956,49.3270277551465,8.56883773588884,0,1,6841.1587,-0.36323908,4,1,false,false,-13.717467,2.5263648,10.667102,-0.76172554,-0.37641218,3
46.50338,0.8852494,49.32702316939454,8.568845715213277,0,1,6838.9956,-0.35282406,4,1,false,false,-14.021919,2.4939256,10.311852,-0.76813114,-0.38972953,3
46.536865,0.88541937,49.32701849391419,8.56885369411788,0,1,6838.463,-0.33780813,4,1,false,false,-14.135187,2.5394602,10.606902,-0.77467346,-0.3913345,3
46.570827,0.8855895,49.327013908162236,8.568861673442315,0,1,6834.8296,-0.31916058,4,1,false,false,-14.7238655,2.5894299,10.465123,-0.7811238,-0.3794259,3
46.604023,0.8857597,49.32700914267909,8.56886965234692,0,1,6825.5034,-0.30220667,4,1,false,false,-14.711068,2.527208,10.618637,-0.7872526,-0.35544866,3
46.63584,0.8859301,49.32700446719874,8.568877493966504,0,1,6824.244,-0.28840128,4,1,false,false,-14.538566,2.4111295,10.472969,-0.79296964,-0.33090132,3
46.66604,0.8861006,49.3269997017156,8.568885335586089,0,1,6834.1143,-0.27871466,4,1,false,false,-13.8976965,2.3357723,9.789536,-0.79829335,-0.30730504,3
46.696472,0.88627124,49.32699493623246,8.56889317678584,0,0.9482119,6843.427,-0.2726599,4,1,false,false,-12.956479,2.3349237,8.413577,-0.80316603,-0.27793646,3
46.7266,0.886442,49.326990080746526,8.568900881120404,0,0.8976571,6845.9297,-0.27314392,4,1,false,false,-12.910598,2.2075005,8.978991,-0.8075638,-0.25530002,3
46.75528,0.8866129,49.326985315263386,8.568908722320156,0,0.7876695,6843.3496,-0.2787147,4,1,false,false,-13.183118,2.1533606,9.750231,-0.8117844,-0.2543112,3
46.77998,0.8867839,49.32698037004906,8.568916426234887,0.013344454,0.67866814,6830.8965,-0.28476954,4,1,false,false,-13.283369,1.7824086,9.880413,-0.81608564,-0.26447093,3
46.796844,0.886955,49.326975514563124,8.56892413014962,0.02978673,0.56892735,6813.9375,-0.28743318,4,1,false,false,-12.307711,1.2908294,8.193506,-0.8206334,-0.2793242,3
46.807064,0.88712627,49.3269705693488,8.568931696779332,0.051233176,0.4503082,6785.542,-0.28573772,4,1,false,false,-11.126607,0.7737763,7.065066,-0.82523763,-0.26711717,3
46.804688,0.88729745,49.32696571386287,8.568939400694063,0.0729179,0.3541307,6737.132,-0.28355795,4,1,false,false,-11.559008,-0.1729796,8.0808,-0.8294085,-0.2352404,3
46.782936,0.8874686,49.32696076864855,8.568946966903944,0.10747053,0.23748463,6683.885,-0.28573775,4,1,false,false,-12.90971,-1.406325,9.648007,-0.8331375,-0.21754375,3
46.74022,0.88763976,49.32695573343143,8.568954533533656,0.1326105,0.16572136,6653.4106,-0.29009697,4,1,false,false,-12.487744,-2.629812,9.005335,-0.8367425,-0.21886174,3
46.683628,0.88781077,49.32695078794271,8.568962099743535,0.15501016,0.09371146,6611.356,-0.2910659,4,1,false,false,-11.980864,-3.2326958,8.161699,-0.8404694,-0.2309156,3
46.617844,0.8879815,49.32694575272559,8.568969528668395,0.17502683,0.054747216,6533.739,-0.28864378,4,1,false,false,-12.115,-3.892589,8.435847,-0.8444222,-0.24534449,3
46.542458,0.888152,49.32694071750848,8.568976957593256,0.19254145,0.017755851,6436.4814,-0.285496,4,1,false,false,-12.052856,-4.3331513,8.827402,-0.84860325,-0.2574737,3
46.46141,0.88832235,49.32693568229136,8.568984248813264,0.20850708,4.656613e-10,6375.1353,-0.28380057,4,1,false,false,-11.832859,-4.9469614,8.722997,-0.85294807,-0.26419917,3
46.351418,0.88849235,49.32693064707424,8.568991677318293,0.22649828,0,6525.1787,-0.28331557,4,1,false,false,-12.050148,-6.9029636,9.243516,-0.85740924,-0.27414152,3
46.231636,0.88866186,49.32692561185713,8.5689989685383,0.24162996,0,6535.576,-0.28598022,4,1,false,false,-12.429239,-6.4858623,8.474674,-0.86214167,-0.29664356,3
46.12769,0.8888312,49.32692057664001,8.569006122473288,0.25485525,0,6433.381,-0.29033947,4,1,false,false,-11.764043,-5.728724,8.541622,-0.8672045,-0.30910704,3
46.01894,0.88900054,49.3269155414229,8.569013275988445,0.26426783,0,6408.724,-0.29639423,4,1,false,false,-12.681151,-6.6830087,9.432326,-0.8724304,-0.3188869,3
45.89314,0.8891694,49.32691041620299,8.5690204295036,0.27213153,0,6425.056,-0.30559677,4,1,false,false,-12.800474,-7.200051,8.68312,-0.87782955,-0.32702583,3
45.772663,0.8893378,49.32690538098588,8.56902758343859,0.27606332,0,6404.975,-0.3155269,4,1,false,false,-12.565518,-6.6099477,8.309284,-0.8832601,-0.32836396,3
45.655895,0.88950545,49.32690025576597,8.569034599668726,0.28130585,0,6352.1616,-0.32376143,4,1,false,false,-13.108464,-6.7786555,9.246049,-0.8888623,-0.3458954,3
45.53074,0.8896722,49.326895220548856,8.569041478194011,0.27904207,0,6318.222,-0.33175328,4,1,false,false,-13.465481,-7.233984,8.381116,-0.89477694,-0.36230507,3
45.40785,0.8898385,49.32689009532895,8.569048494004315,0.27344215,0,6319.223,-0.33780816,4,1,false,false,-11.77075,-6.669185,7.1623893,-0.90086234,-0.36626562,3
45.29407,0.89000434,49.32688497010904,8.56905523524458,0.2637912,0,6292.602,-0.34240997,4,1,false,false,-12.520559,-6.609056,8.524322,-0.906904,-0.36290598,3
45.16631,0.8901695,49.32687984516353,8.569062113769863,0.25592756,0,6241.098,-0.34604362,4,1,false,false,-16.035847,-7.637008,11.256555,-0.9131513,-0.39552096,3
45.021465,0.8903337,49.326874719943625,8.569068854590297,0.23638749,0,6228.383,-0.35016042,4,1,false,false,-18.798399,-8.0304165,13.229223,-0.92041457,-0.4818376,3
44.889324,0.8904973,49.32686959472372,8.569075457705877,0.22208986,0,6233.0737,-0.35306644,4,1,false,false,-16.905611,-6.612378,10.420693,-0.92925394,-0.5684973,3
44.777275,0.8906606,49.32686446950381,8.56908206124129,0.19158821,0,6209.0977,-0.35258248,4,1,false,false,-15.764094,-5.8118687,9.027102,-0.93891907,-0.5752226,3
44.663845,0.89082325,49.326859254555515,8.569088664776702,0.17431194,0,6202.409,-0.3489497,4,1,false,false,-18.122288,-6.2943473,9.900841,-0.9481489,-0.5234764,3
44.540462,0.89098525,49.32685412933561,8.569095130607263,0.15334205,0,6248.1973,-0.3450745,4,1,false,false,-18.771072,-6.3835096,9.938885,-0.9561834,-0.43822017,3
44.433037,0.8911468,49.326848914387305,8.569101458732971,0.14321458,0,6286.544,-0.34265238,4,1,false,false,-16.619425,-4.938418,9.1016865,-0.9628164,-0.3655876,3
44.349213,0.891308,49.32684369916461,8.56910778685868,0.12689146,0,6250.6084,-0.34168345,4,1,false,false,-15.560797,-3.99717,8.367331,-0.968568,-0.33220223,3
44.265396,0.8914689,49.32683848421631,8.56911411540422,0.1173597,0,6193.31,-0.34313643,4,1,false,false,-17.127209,-4.626154,10.033286,-0.97408193,-0.34057474,3
44.16945,0.8916294,49.32683326899362,8.569120305825077,0.10282379,0,6186.029,-0.3482232,4,1,false,false,-17.64081,-5.0116973,10.030585,-0.9801875,-0.3990512,3
44.07719,0.8917896,49.32682796404252,8.569126496665767,0.08971761,0,6190.891,-0.3562162,4,1,false,false,-16.20775,-4.517164,8.6287565,-0.98741,-0.4643932,3
43.997074,0.89194953,49.32682274909423,8.569132549801603,0.07494339,0,6169.5747,-0.36251253,4,1,false,false,-15.181009,-3.9026775,7.7546043,-0.99553406,-0.5050912,3
43.918198,0.8921092,49.32681744414314,8.56913860293744,0.07029666,0,6154.82,-0.3651772,4,1,false,false,-16.201942,-3.9931705,8.52187,-1.0040449,-0.50545514,3
43.835133,0.89226884,49.32681213919204,8.569144518368425,0.06410104,0,6171.597,-0.3675983,4,1,false,false,-17.371038,-4.029238,9.170786,-1.0121462,-0.4628526,3
43.754574,0.89242816,49.32680683396656,8.56915043379941,0.06362445,0,6184.9224,-0.3734116,4,1,false,false,-17.549187,-3.6892745,9.092477,-1.0195017,-0.422329,3
43.6814,0.8925873,49.32680152901547,8.569156211945375,0.06410103,0,6172.027,-0.3843107,4,1,false,false,-17.08613,-3.2981768,8.986935,-1.0262855,-0.39423588,3
43.610744,0.89274627,49.32679622406438,8.569161989671509,0.067794606,0,6151.8135,-0.397632,4,1,false,false,-17.338621,-3.3066447,9.18532,-1.0327333,-0.38255823,3
43.539253,0.8929053,49.3267908291105,8.569167767817474,0.07077327,0,6140.5015,-0.4138602,4,1,false,false,-17.103392,-3.4206982,8.610677,-1.0390555,-0.37743646,3
43.464783,0.89306426,49.32678543443102,8.569173408258585,0.07911355,0,6131.209,-0.43057364,4,1,false,false,-18.09596,-3.5744696,10.032623,-1.0453432,-0.38253707,3
43.384144,0.893223,49.326780039477136,8.569178910994847,0.08399857,0,6114.7324,-0.44389486,4,1,false,false,-20.148474,-3.9296322,11.131067,-1.0520236,-0.42542338,3
43.299335,0.8933815,49.326774644523255,8.569184413731108,0.09436437,0,6096.841,-0.4555213,4,1,false,false,-19.85886,-3.9666383,10.1400795,-1.0595607,-0.4747893,3
43.21857,0.89354014,49.326769249569374,8.56918991646737,0.10627904,0,6086.874,-0.46351436,4,1,false,false,-18.096556,-3.729321,8.901148,-1.0677012,-0.4960746,3
43.138294,0.89369875,49.32676385461549,8.56919528191861,0.11759801,0,6070.6704,-0.4678745,4,1,false,false,-19.283443,-3.9976642,10.470261,-1.0759403,-0.49113917,3
43.04205,0.8938572,49.32675836993322,8.569200509665,0.12176812,0,6049.3745,-0.47078165,4,1,false,false,-22.641773,-4.8317795,12.93809,-1.0841373,-0.4923187,3
42.936836,0.8940154,49.32675288497655,8.569205736991558,0.12057666,0,6046.414,-0.47393033,4,1,false,false,-23.814528,-4.8216963,12.9617605,-1.0924712,-0.5101962,3
42.837864,0.8941736,49.32674740029427,8.569210964737946,0.12152984,0,6046.3467,-0.47586828,4,1,false,false,-21.988623,-4.350739,11.0391655,-1.1011597,-0.5285145,3
42.750664,0.8943318,49.32674191533761,8.569215917494464,0.11902775,0,6024.851,-0.47659487,4,1,false,false,-20.655155,-3.9136095,10.547098,-1.1099362,-0.5175244,3
42.660046,0.8944899,49.32673643065533,8.569220869831149,0.1173597,0,5997.1494,-0.47804898,4,1,false,false,-22.028835,-4.379723,11.538251,-1.1183436,-0.49082503,3
42.55988,0.8946477,49.32673085597027,8.569225822587667,0.111640655,0,5995.519,-0.48071253,4,1,false,false,-23.182512,-4.771826,12.700722,-1.1263016,-0.4671249,3
42.458466,0.89480555,49.326725281285206,8.569230637639333,0.11211724,0,5999.139,-0.4850728,4,1,false,false,-22.36019,-4.577584,11.156297,-1.1340685,-0.46751466,3
42.36551,0.8949635,49.32671979632853,8.569235314986146,0.10675564,0,5981.2905,-0.49233907,4,1,false,false,-20.97368,-4.162925,10.524994,-1.1419553,-0.4791056,3
42.279373,0.89512134,49.32671422164347,8.56923999233296,0.11044921,0,5952.8193,-0.50105953,4,1,false,false,-20.226803,-3.9054754,10.376037,-1.1500237,-0.48708716,3
42.192577,0.89527905,49.326708556955616,8.56924453197492,0.10949602,0,5935.961,-0.51026416,4,1,false,false,-20.516064,-4.12151,10.974876,-1.1580796,-0.4778435,3
42.09983,0.8954367,49.326702982270554,8.569248934331863,0.12617658,0,5930.398,-0.5204385,4,1,false,false,-21.318134,-4.4692173,11.041926,-1.1660234,-0.4799016,3
42.004242,0.89559454,49.326697407585485,8.569253336688805,0.13094242,0,5921.3843,-0.52891636,4,1,false,false,-20.724985,-4.5151024,10.85982,-1.1741843,-0.49988848,3
41.90719,0.8957522,49.32669174289763,8.569257601340894,0.1471464,0,5900.389,-0.5390909,4,1,false,false,-21.53189,-4.6005483,11.716533,-1.1827251,-0.52575,3
41.807625,0.8959097,49.32668616821257,8.569261865992985,0.1473847,0,5878.514,-0.5507183,4,1,false,false,-21.752203,-4.777507,11.993548,-1.1916986,-0.54893994,3
41.70338,0.8960671,49.32668050352471,8.569265992940222,0.15798883,0,5858.6133,-0.5606503,4,1,false,false,-22.321695,-5.0068703,11.369844,-1.2010249,-0.5671358,3
41.596275,0.8962248,49.32667483883686,8.569270120307293,0.15429522,0,5844.2637,-0.5698555,4,1,false,false,-22.039793,-5.035619,11.098829,-1.2105417,-0.57267255,3
41.49146,0.8963824,49.326669174149,8.569274109549678,0.16346957,0,5830.9023,-0.5783342,4,1,false,false,-21.60269,-4.861824,11.331548,-1.2200203,-0.56085575,3
41.384193,0.8965397,49.326663509735546,8.569277961507044,0.16120577,0,5813.1343,-0.58632815,4,1,false,false,-22.33851,-5.144241,11.749042,-1.2292602,-0.5487043,3
41.274845,0.8966968,49.32665784504769,8.56928181346441,0.16632906,0,5794.4995,-0.5928689,4,1,false,false,-22.365723,-5.0942354,11.233601,-1.2383283,-0.54159313,3
41.168423,0.89685386,49.32665218035984,8.569285528136756,0.15894192,0,5778.3374,-0.59868336,4,1,false,false,-21.045383,-4.853581,10.623265,-1.2473425,-0.5383977,3
41.06867,0.8970107,49.32664651567198,8.56928910510425,0.16489933,0,5755.1914,-0.6032859,4,1,false,false,-20.727783,-4.685866,9.989686,-1.2562592,-0.53367513,3
40.96608,0.8971673,49.32664085098413,8.569292681651913,0.15655908,0,5729.2114,-0.6064356,4,1,false,false,-20.446268,-4.896573,10.049922,-1.265144,-0.531622,3
40.861576,0.8973237,49.326635096567884,8.569296120914554,0.16072915,0,5712.534,-0.61006904,4,1,false,false,-20.260632,-4.927249,10.187262,-1.273971,-0.52860695,3
40.756264,0.8974794,49.32662943188003,8.569299560177196,0.15286548,0,5700.011,-0.6144305,4,1,false,false,-20.337696,-4.990724,10.488433,-1.2828466,-0.5398537,3
40.650913,0.8976342,49.32662367718938,8.569302862154819,0.15822713,0,5675.4775,-0.6197597,4,1,false,false,-20.424326,-4.9037995,10.438103,-1.2920355,-0.5640454,3
40.542114,0.89778876,49.32661801250153,8.569306163712609,0.15012513,0,5647.5454,-0.6255739,4,1,false,false,-21.24505,-5.2736726,11.055135,-1.3017083,-0.5977399,3
40.427105,0.8979431,49.32661234808807,8.569309327565547,0.15131654,0,5631.724,-0.6292073,4,1,false,false,-21.882769,-5.38383,11.524263,-1.3119928,-0.636823,3
40.308014,0.89809686,49.32660659339742,8.569312354133466,0.1432146,0,5625.558,-0.6313879,4,1,false,false,-22.694605,-5.4111385,12.205274,-1.3229402,-0.6724589,3
40.197243,0.8982498,49.32660092870957,8.569315380701385,0.13535088,0,5614.3916,-0.6323561,4,1,false,false,-21.396194,-4.6388326,10.255165,-1.3342068,-0.669956,3
40.098835,0.89840245,49.326595174293324,8.569318269984283,0.11688314,0,5602.142,-0.6309041,4,1,false,false,-21.032265,-4.193745,10.050694,-1.3450453,-0.6290551,3
39.999817,0.89855474,49.32658950960547,8.569321021142498,0.10723221,0,5594.9077,-0.6265427,4,1,false,false,-21.661264,-4.300025,10.816759,-1.355182,-0.58760554,3
39.89527,0.89870685,49.32658375491482,8.569323772720544,0.0830454,0,5599.052,-0.6214552,4,1,false,false,-23.16988,-4.598878,11.92791,-1.3646718,-0.55417126,3
39.786686,0.8988583,49.32657800049858,8.569326386593739,0.07172643,0,5606.0664,-0.6190329,4,1,false,false,-24.148504,-4.4573975,12.910652,-1.3739009,-0.561777,3
39.68818,0.89900935,49.326572335810724,8.569329000466933,0.057190523,0,5595.786,-0.6200022,4,1,false,false,-22.983032,-3.7259815,11.498418,-1.3835244,-0.59078246,3
39.60362,0.89916015,49.326566581120076,8.569331338930423,0.043607764,0,5573.9355,-0.6243623,4,1,false,false,-21.536737,-3.0432985,10.115724,-1.3934962,-0.6006879,3
39.515324,0.8993107,49.32656091670662,8.569333815518599,0.03502919,0,5563.7505,-0.63066155,4,1,false,false,-22.086924,-3.4896636,10.593994,-1.403643,-0.6161992,3
39.428223,0.8994611,49.32655516201597,8.569336016277237,0.027403783,0,5563.631,-0.6364758,4,1,false,false,-22.226185,-3.3587492,10.963424,-1.413904,-0.6127259,3
39.341564,0.8996111,49.32654940759973,8.569338217455709,0.021208154,0,5561.9253,-0.6420475,4,1,false,false,-22.544455,-3.1395273,11.804872,-1.4240065,-0.60036296,3
39.256626,0.89976084,49.32654374291187,8.56934041863418,0.020969858,0,5553.834,-0.647135,4,1,false,false,-23.5021,-3.1280189,11.927244,-1.4340646,-0.6088475,3
39.16822,0.89991033,49.326537988221226,8.569342344822779,0.017991185,0,5543.018,-0.65367573,4,1,false,false,-24.41914,-3.2460833,12.638205,-1.4443729,-0.6264046,3
39.082405,0.9000595,49.32653223380498,8.569344270591545,0.017276306,0,5538.9995,-0.66070175,4,1,false,false,-23.71086,-2.9143472,12.415322,-1.4549402,-0.63909674,3
39.00072,0.9002088,49.32652656911713,8.569346196780144,0.015250808,0,5530.361,-0.6660317,4,1,false,false,-23.640295,-2.741334,11.7337265,-1.4656316,-0.6408351,3
38.92008,0.9003577,49.32652081442648,8.569347847559039,0.0147742145,0,5514.681,-0.67208856,4,1,false,false,-23.877552,-2.6673932,11.622517,-1.4761964,-0.6236455,3
38.83954,0.9005064,49.32651506001023,8.569349498337935,0.011080664,0,5503.878,-0.68081,4,1,false,false,-23.696949,-2.6679223,11.583854,-1.4863813,-0.59628147,3
38.759205,0.90065473,49.326509395322375,8.56935114911683,0.010127489,0,5498.486,-0.6924392,4,1,false,false,-23.857182,-2.6336625,12.320661,-1.4960762,-0.5688835,3
38.678802,0.9008033,49.32650364090613,8.569352524905852,0.005480758,0,5490.7534,-0.7057651,4,1,false,false,-24.348854,-2.6298358,12.534433,-1.5054595,-0.55978644,3
38.598785,0.90095174,49.326497886215485,8.569353900694876,0.0034552598,0,5479.055,-0.7232088,4,1,false,false,-24.550533,-2.5605674,12.489493,-1.5148193,-0.5645111,3
38.520897,0.9010998,49.32649222152763,8.569355276483899,0.0014297625,0,5468.9424,-0.7433178,4,1,false,false,-24.113626,-2.4599462,11.920059,-1.5242739,-0.5702164,3
38.445255,0.9012477,49.32648646711139,8.569356376863219,0.002502085,0,5459.321,-0.7646386,4,1,false,false,-23.622732,-2.4235523,11.719643,-1.5338113,-0.57253623,3
38.367855,0.9013953,49.32648080242353,8.569357477242539,0.0016680565,0,5448.15,-0.7869302,4,1,false,false,-24.673796,-2.5221972,12.627677,-1.5433279,-0.57063115,3
38.28977,0.9015435,49.326475047732885,8.56935857804169,0.0051233172,0,5439.4287,-0.81212896,4,1,false,false,-24.319717,-2.5008805,12.008911,-1.5528533,-0.5700371,3
38.214203,0.9016912,49.32646938304503,8.569359403431138,0.006672226,0,5432.5747,-0.8363596,4,1,false,false,-22.797947,-2.4208004,11.146427,-1.5622633,-0.5553554,3
38.142334,0.90183866,49.32646362862878,8.569360228820585,0.008578577,0,5421.6587,-0.8615601,4,1,false,false,-21.72172,-2.3405,10.460647,-1.5712861,-0.5268553,3
38.07147,0.90198576,49.326457963940925,8.56936091650518,0.009650901,0,5406.568,-0.88336855,4,1,false,false,-21.928486,-2.396253,10.894039,-1.5798414,-0.50006324,3
37.998135,0.90213335,49.32645229925307,8.569361604609607,0.011080662,0,5394.0557,-0.90517706,4,1,false,false,-22.37401,-2.5153224,11.594756,-1.5879766,-0.47682625,3
37.92458,0.9022808,49.326446634565215,8.569362155009184,0.010604073,0,5387.3867,-0.9269866,4,1,false,false,-22.322796,-2.5290363,11.754744,-1.5958222,-0.46854258,3
37.85093,0.902428,49.32644097015176,8.569362704988928,0.012033838,0,5378.5796,-0.94855356,4,1,false,false,-22.37834,-2.565016,11.456355,-1.6037065,-0.48108268,3
37.777523,0.90257466,49.3264353054639,8.569363117683652,0.010365783,0,5366.738,-0.96818215,4,1,false,false,-22.24577,-2.605628,11.382045,-1.6119207,-0.50514543,3
37.70366,0.9027213,49.32642964077605,8.569363393093356,0.0122721335,0,5356.749,-0.9873271,4,1,false,false,-22.337872,-2.6472929,11.553413,-1.6205525,-0.5294654,3
37.62919,0.90286833,49.3264239760882,8.569363668083227,0.011795542,0,5349.1626,-1.0067154,4,1,false,false,-22.096664,-2.6806402,11.599181,-1.6295255,-0.5441657,3
37.55489,0.9030149,49.32641840140313,8.569363805788079,0.012867868,0,5339.5923,-1.0241632,4,1,false,false,-21.999727,-2.689993,11.267955,-1.638593,-0.5400187,3
37.48063,0.903161,49.32641273671528,8.569363805788079,0.012272131,0,5328.6157,-1.0423403,4,1,false,false,-22.084257,-2.6783588,11.24213,-1.6474948,-0.5280757,3
37.406837,0.9033067,49.326407162030215,8.569363805788079,0.01429763,0,5319.8086,-1.0568807,4,1,false,false,-22.045206,-2.6755815,11.57143,-1.6562315,-0.52085435,3
37.332626,0.90345085,49.32640149734236,8.569363668083227,0.014774218,0,5311.218,-1.0704532,4,1,false,false,-22.3511,-2.7397652,11.890997,-1.6649013,-0.52067196,3
37.258366,0.9035938,49.3263959226573,8.569363530378375,0.014774216,0,5299.994,-1.0813599,4,1,false,false,-22.014204,-2.7129524,11.452928,-1.6736038,-0.52341634,3
37.185238,0.9037363,49.326390347972236,8.569363255388504,0.016323125,0,5288.113,-1.0932348,4,1,false,false,-21.712635,-2.7036045,11.254465,-1.6823635,-0.52761155,3
37.11044,0.90387845,49.32638477328717,8.56936284269378,0.01501251,0,5276.003,-1.1031711,4,1,false,false,-22.71723,-2.8201451,12.04984,-1.6912848,-0.5455853,3
37.03436,0.9040202,49.3263792883305,8.569362429999057,0.015250802,0,5265.0654,-1.1118976,4,1,false,false,-22.727404,-2.8385599,11.989974,-1.7006123,-0.5721339,3
36.95907,0.9041609,49.32637371364543,8.56936187959948,0.014297631,0,5254.8755,-1.1189249,4,1,false,false,-22.284416,-2.8262074,11.409382,-1.7102683,-0.58356005,3
36.885,0.9043011,49.326368228688764,8.569361329619737,0.014535921,0,5243.57,-1.1261971,4,1,false,false,-21.820131,-2.7479806,10.978052,-1.7200352,-0.587318,3
36.816257,0.90444106,49.32636274400649,8.569360641515308,0.011080662,0,5231.6245,-1.1337109,4,1,false,false,-18.253912,-2.462721,9.184568,-1.729712,-0.5625457,3
36.750957,0.90458053,49.326357259049814,8.56935981612586,0.013582749,0,5219.6523,-1.1388011,4,1,false,false,-19.621378,-2.5913968,9.817966,-1.7386136,-0.5113109,3
36.679474,0.9047195,49.326351774367545,8.569358990736413,0.009174313,0,5210.0815,-1.1458285,4,1,false,false,-20.11092,-2.6413717,10.324375,-1.7470806,-0.5043803,3
36.61394,0.9048577,49.32634628968527,8.569358165346966,0.009889193,0,5204.656,-1.1531007,4,1,false,false,-17.307531,-2.3854036,8.494778,-1.7553442,-0.48302442,3
36.555416,0.90499544,49.3263408047286,8.569357202252666,0.0071488144,0,5193.5483,-1.157948,4,1,false,false,-15.524436,-2.1896944,7.444823,-1.7630776,-0.4452433,3
36.50169,0.9051329,49.32633540977472,8.569356101873348,0.0069105197,0,5175.8145,-1.168613,4,1,false,false,-14.12478,-1.9574661,6.882527,-1.7703145,-0.4301998,3
36.445866,0.90527,49.32633001482084,8.569355138779047,0.0034552598,0,5159.058,-1.187035,4,1,false,false,-15.413623,-2.4074368,6.6363783,-1.7774138,-0.42188877,3
36.38321,0.9054066,49.32632462014136,8.569353900694876,0.0046467287,0,5155.741,-1.2124851,4,1,false,false,-17.329523,-2.4642928,9.34128,-1.7845848,-0.4485964,3
36.318985,0.9055425,49.326319225187476,8.569352799895725,0.0007148816,0,5156.561,-1.235754,4,1,false,false,-17.468735,-2.4736953,9.7112465,-1.7925658,-0.51309925,3
36.25628,0.905678,49.326313830233595,8.569351561811553,0.00071488146,0,5143.0425,-1.2459346,4,1,false,false,-17.336914,-2.354507,9.303568,-1.8017293,-0.58534414,3
36.193867,0.90581304,49.326308435279714,8.56935018602253,-1.4551915e-11,0,5124.978,-1.2425413,4,1,false,false,-17.264715,-2.3830068,8.511757,-1.811951,-0.6342765,3
36.13119,0.9059479,49.326303130328625,8.56934881065334,0,0,5117.5806,-1.2260584,4,1,false,false,-16.559786,-2.3943784,7.986893,-1.8227013,-0.64881426,3
36.066315,0.9060821,49.32629782537754,8.569347434864316,0,0,5114.818,-1.2032747,4,1,false,false,-17.432446,-2.4451327,9.221559,-1.8333509,-0.6249841,3
35.99909,0.9062158,49.32629252042645,8.56934592137044,0,0,5107.5605,-1.1821858,4,1,false,false,-18.437838,-2.429679,9.606076,-1.8434834,-0.58858716,3
35.93146,0.9063491,49.326287215475354,8.569344270591545,0,0,5099.189,-1.16837,4,1,false,false,-19.063808,-2.3379536,10.083997,-1.8529979,-0.5568129,3
35.86707,0.90648204,49.326281910524266,8.569342757517502,0,0,5091.4697,-1.1591606,4,1,false,false,-17.342623,-2.1778564,8.712729,-1.8621266,-0.53784215,3
35.808563,0.9066146,49.326276695301566,8.569340969033755,0,0,5078.2275,-1.1545554,4,1,false,false,-15.131316,-1.926625,7.092321,-1.8708929,-0.51228964,3
35.754448,0.90674675,49.32627139035048,8.56933931825486,0,0,5062.9224,-1.1574639,4,1,false,false,-13.373958,-1.9403486,6.1084785,-1.8790957,-0.46638373,3
35.702454,0.9068786,49.32626617540218,8.569337529771113,0,0,5052.66,-1.173946,4,1,false,false,-12.684151,-1.8722768,5.847653,-1.8863885,-0.411501,3
35.651608,0.90701,49.32626096017948,8.569335603582514,0,0.018495684,5045.5986,-1.2047282,4,1,false,false,-12.305183,-1.8751493,5.8637486,-1.8928398,-0.36536258,3
35.596916,0.907141,49.326255834959575,8.569333815518599,0,0.04093712,5040.9326,-1.2415712,4,1,false,false,-18.08021,-2.2132573,9.048501,-1.8987406,-0.3686269,3
35.525833,0.90727174,49.32625062001128,8.569331751625148,0,0.06387176,5038.6113,-1.2786596,4,1,false,false,-21.84058,-2.4078302,12.525336,-1.9060383,-0.52100676,3
35.459213,0.90740216,49.32624549479137,8.56932982585638,0,0.09543774,5047.3906,-1.2910223,4,1,false,false,-17.449636,-2.2126915,9.468775,-1.9160963,-0.6681664,3
35.402466,0.90753216,49.326240369571465,8.569327762382763,0,0.13736129,5061.6074,-1.2801139,4,1,false,false,-14.973721,-1.862489,7.6189623,-1.9276408,-0.7049241,3
35.3517,0.90766186,49.326235244625956,8.569325561204291,0,0.17879158,5095.077,-1.2534498,4,1,false,false,-14.616581,-1.5723197,6.5512123,-1.9393582,-0.69060785,3
35.297405,0.9077913,49.32623011940605,8.56932336002582,0,0.21997532,5158.586,-1.2328463,4,1,false,false,-17.384813,-1.619421,8.254517,-1.9502478,-0.5930802,3
35.240757,0.9079203,49.326225084188934,8.56932115884735,0,0.2547472,5249.595,-1.227271,4,1,false,false,-18.523733,-1.522544,9.512798,-1.9587837,-0.4387501,3
35.190453,0.9080492,49.32621995896903,8.569318819964026,0,0.29395807,5194.6074,-1.2347853,4,1,false,false,-20.048578,-0.40650567,11.649536,-1.9654293,-0.38111553,3
35.16058,0.90817803,49.32621492375191,8.569316481500536,0,0.32108504,5039.7974,-1.2418137,4,1,false,false,-20.826187,0.17062911,11.787283,-1.9720212,-0.4195784,3
35.121952,0.90830654,49.3262098885348,8.569314005332194,0,0.34673235,5123.117,-1.2330892,4,1,false,false,-19.410837,-0.8488793,10.010222,-1.9794527,-0.46617368,3
35.080772,0.9084348,49.32620494332047,8.569311528744018,0,0.36251542,5217.007,-1.2149085,4,1,false,false,-17.516026,-0.53609806,8.818774,-1.9873129,-0.47330847,3
35.058372,0.908563,49.32619990782896,8.569308914870824,0,0.38421696,5174.357,-1.1913979,4,1,false,false,-15.547233,0.66496503,7.753681,-1.9951787,-0.4667565,3
35.052326,0.90869105,49.326194962614636,8.56930630141746,0,0.40221944,5129.6045,-1.177823,4,1,false,false,-14.361423,1.1110107,7.0962358,-2.002705,-0.43171588,3
35.047237,0.9088193,49.32619001740031,8.569303687544267,0,0.43501842,5142.467,-1.1790352,4,1,false,false,-13.749006,0.9078488,6.8890157,-2.0094159,-0.37101626,3
35.03889,0.9089474,49.32618507191159,8.56930093596622,0,0.4562269,5150.3413,-1.194306,4,1,false,false,-15.338144,0.82050043,8.446563,-2.0151277,-0.3249057,3
35.028652,0.90907544,49.32618012669726,8.569298184388174,0,0.48705295,5147.535,-1.2180595,4,1,false,false,-17.045786,0.8347873,9.881754,-2.0204742,-0.32423416,3
35.013947,0.9092033,49.326175271211326,8.569295295525107,0,0.5107276,5164.912,-1.2347854,4,1,false,false,-18.21147,0.49472496,10.627614,-2.0261264,-0.36180335,3
34.996784,0.909331,49.32617041572539,8.56929240666204,0,0.5418004,5204.4214,-1.2381786,4,1,false,false,-17.546883,0.5211543,9.181747,-2.0326712,-0.42241877,3
34.987225,0.9094592,49.32616547051107,8.569289380094121,0,0.56473494,5240.7847,-1.2279981,4,1,false,false,-15.885519,1.101344,8.658936,-2.0401495,-0.46886042,3
34.995186,0.9095874,49.32616061502514,8.569286353526204,0,0.584957,5244.859,-1.2105454,4,1,false,false,-14.333908,2.0504482,7.8738437,-2.047965,-0.45905623,3
35.012283,0.9097153,49.3261557598136,8.569283326958285,0,0.60123324,5210.5063,-1.1972146,4,1,false,false,-15.661233,2.370274,8.890575,-2.0553358,-0.42537725,3
35.029083,0.9098434,49.32615099433046,8.569280162685514,0,0.6130702,5177.1284,-1.1960025,4,1,false,false,-17.26338,2.3910208,10.3212385,-2.062178,-0.39534166,3
35.040325,0.9099714,49.32614613884453,8.569276998832576,0,0.6197286,5165.391,-1.2008504,4,1,false,false,-18.296732,1.9389377,10.564184,-2.0685272,-0.37081656,3
35.04573,0.9100995,49.32614137336139,8.569273696854953,0,0.6283601,5171.859,-1.2052134,4,1,false,false,-17.606804,1.547694,10.118324,-2.0746174,-0.3624818,3
35.04835,0.91022754,49.32613660787825,8.569270395297163,0,0.6308263,5195.3906,-1.2061825,4,1,false,false,-17.042168,1.5450026,9.427322,-2.080794,-0.38049662,3
35.054825,0.9103556,49.32613184239511,8.569266956034522,0,0.6308262,5216.0396,-1.2052132,4,1,false,false,-17.316595,1.7866176,9.857878,-2.0872784,-0.3983245,3
35.066437,0.91048354,49.326127076911966,8.56926351677188,0,0.63255244,5208.331,-1.2015777,4,1,false,false,-17.063763,2.0327754,9.913551,-2.0940242,-0.40975007,3
35.080936,0.9106116,49.326122311428826,8.569260077509236,0,0.6357582,5191.6045,-1.1974572,4,1,false,false,-16.728159,2.1028697,9.462519,-2.1009154,-0.4156391,3
35.096024,0.9107395,49.32611763567407,8.569256500541742,0,0.6362515,5190.402,-1.193821,4,1,false,false,-16.436375,1.9290385,8.941429,-2.1077619,-0.407955,3
35.108334,0.9108674,49.326112960193726,8.56925292399408,0,0.63748467,5198.3086,-1.1913975,4,1,false,false,-17.069191,1.8041145,9.879871,-2.1145375,-0.40919915,3
35.119354,0.91099524,49.32610828471337,8.569249209321734,0,0.6399508,5203.3394,-1.1916395,4,1,false,false,-17.447012,1.8672107,9.9442425,-2.1214774,-0.4236117,3
35.13239,0.9111232,49.326103608958626,8.56924549506922,0,0.6456227,5202.32,-1.1913975,4,1,false,false,-17.017025,1.9066969,9.5862665,-2.1286247,-0.4333118,3
35.1484,0.91125107,49.32609893347827,8.569241643111855,0,0.64808893,5200.9,-1.1880032,4,1,false,false,-15.4832,1.9849089,8.488794,-2.1358042,-0.42620584,3
35.166695,0.911379,49.32609434772632,8.569237791154489,0,0.6633785,5211.894,-1.1831557,4,1,false,false,-13.8996105,2.1764572,7.642583,-2.142799,-0.40987507,3
35.188972,0.91150683,49.32608967224596,8.56923380149227,0,0.67940813,5224.4707,-1.1833982,4,1,false,false,-13.952181,2.284673,7.864918,-2.1493757,-0.38105005,3
35.21132,0.9116348,49.326085086494004,8.569229949534904,0,0.71344036,5224.9443,-1.1884881,4,1,false,false,-15.770741,2.2153065,9.591344,-2.1555202,-0.36683282,3
35.23139,0.9117628,49.326080500742044,8.569225822587667,0,0.753884,5233.1772,-1.1930934,4,1,false,false,-16.140446,2.0883408,10.006396,-2.1617336,-0.38370237,3
35.246838,0.9118908,49.32607600499288,8.569221832925448,0,0.81257695,5265.038,-1.1848522,4,1,false,false,-16.926092,1.8960966,10.5668955,-2.1685112,-0.43428394,3
35.261845,0.9120188,49.32607141951532,8.569217705978211,0,0.84611607,5304.926,-1.1623104,4,1,false,false,-16.859022,1.9126769,9.933663,-2.1762354,-0.494875,3
35.28294,0.9121468,49.326066923766156,8.569213441326122,0,0.9062886,5337.386,-1.1126248,4,1,false,false,-15.876708,2.4484434,9.009756,-2.1849697,-0.54667675,3
35.317657,0.9122749,49.32606242801699,8.569209313959051,0,0.9474723,5344.887,-1.0568807,4,1,false,false,-15.330815,3.3273249,8.668357,-2.194308,-0.5636711,3
35.361065,0.91240305,49.326057932267815,8.56920491160211,0,0.98890275,5312.3164,-0.9892659,4,1,false,false,-15.2014675,3.6762688,9.087564,-2.2036104,-0.54842865,3
35.408062,0.91253144,49.32605343651865,8.56920064695002,0,0.9999999,5283.0674,-0.92262423,4,1,false,false,-14.845619,3.7665117,8.594161,-2.2124763,-0.5100525,3
35.452236,0.91265994,49.32604894076948,8.56919624501291,0,1,5276.743,-0.85622895,4,1,false,false,-14.490069,3.468299,8.687346,-2.2205148,-0.45509675,3
35.490047,0.9127884,49.32604453474871,8.569191704951116,0,1,5285.1206,-0.8128555,4,1,false,false,-15.224631,3.093069,8.962345,-2.2277358,-0.42020535,3
35.521988,0.91291714,49.32604012900233,8.569187165309154,0,1,5303.2876,-0.7779653,4,1,false,false,-15.778625,2.768957,9.785456,-2.2346282,-0.41696543,3
35.55207,0.9130458,49.326035723255956,8.569182625247361,0,1,5328.505,-0.7459835,4,1,false,false,-15.980151,2.9570308,9.874249,-2.24177,-0.44098294,3
35.57402,0.9131746,49.32603131723518,8.5691780856054,0,1,5352.1206,-0.7086714,4,1,false,false,-15.193703,2.3737564,9.452416,-2.2494154,-0.48103276,3
35.606674,0.91330355,49.3260269114888,8.569173408258585,0,1,5396.608,-0.66700083,4,1,false,false,-16.111395,2.9130437,10.233793,-2.2576258,-0.50374645,3
35.641712,0.9134326,49.326022595745215,8.569168593206921,0,1,5395.061,-0.61321867,4,1,false,false,-16.122948,3.173796,10.320308,-2.2662141,-0.5253776,3
35.68246,0.9135617,49.326018279727236,8.569163778155255,0,1,5376.0312,-0.5570165,4,1,false,false,-16.05162,3.6695936,10.225622,-2.275121,-0.5387824,3
35.724697,0.913691,49.32601396370925,8.56915896310359,0,1,5373.3667,-0.491855,4,1,false,false,-15.947248,3.5571036,9.708389,-2.2840905,-0.5352804,3
35.76796,0.91382045,49.32600964796566,8.569154148051924,0,1,5373.211,-0.43711248,4,1,false,false,-15.956231,3.8259099,10.457573,-2.2928903,-0.516717,3
35.813847,0.91395,49.32600533194768,8.569149195715239,0,1,5355.88,-0.39085048,4,1,false,false,-16.619099,3.9545503,10.6408,-2.3012378,-0.48143235,3
35.860195,0.91407967,49.326001105932484,8.5691441056737,0,1,5329.475,-0.36105943,4,1,false,false,-16.375252,3.915757,10.64626,-2.3088713,-0.43100312,3
35.904945,0.91420966,49.32599687991729,8.569139015632164,0,1,5321.1826,-0.3438631,4,1,false,false,-16.136656,3.757149,10.230013,-2.31562,-0.37820265,3
35.94595,0.91433966,49.3259926539021,8.569133925170794,0,1,5329.1865,-0.3390197,4,1,false,false,-15.837258,3.492525,10.073931,-2.3215435,-0.33447877,3
35.98391,0.9144699,49.325988427886905,8.569128697844237,0,1,5338.436,-0.34168333,4,1,false,false,-16.767557,3.3460379,10.8819475,-2.3269079,-0.3143141,3
36.021114,0.9146002,49.325984291874505,8.569123470097848,0,1,5343.0864,-0.34580112,4,1,false,false,-16.814198,3.2705336,10.862915,-2.3320825,-0.31070802,3
36.060154,0.9147307,49.325980155862105,8.56911824235146,0,1,5351.512,-0.34434807,4,1,false,false,-15.573334,3.2562413,9.883973,-2.3372536,-0.30834317,3
36.100296,0.9148614,49.3259760195753,8.569112876900217,0,1,5366.46,-0.33611256,4,1,false,false,-15.135177,3.426328,9.7957325,-2.3423872,-0.30526358,3
36.14271,0.9149923,49.3259718835629,8.569107511868808,0,1,5378.782,-0.32424632,4,1,false,false,-14.170897,3.648014,9.361846,-2.34745,-0.2992054,3
36.19012,0.9151232,49.32596783727889,8.569102009132546,0,1,5376.648,-0.31262076,4,1,false,false,-13.950589,3.6338415,9.832252,-2.3522854,-0.2818044,3
36.238167,0.9152543,49.325963791269274,8.569096506396287,0,1,5367.5527,-0.30438632,4,1,false,false,-14.088102,3.5859606,10.574606,-2.3568525,-0.2680336,3
36.284924,0.91538584,49.32595974498527,8.569091003240192,0,1,5373.967,-0.3012375,4,1,false,false,-14.097086,3.5030172,10.325382,-2.3612978,-0.26615158,3
36.330997,0.91551745,49.325955698975655,8.569085362799079,0,1,5386.58,-0.30099598,4,1,false,false,-13.838942,3.4091334,10.161904,-2.365708,-0.26389465,3
36.377865,0.9156492,49.32595165269164,8.569079722777799,0,1,5392.547,-0.30172253,4,1,false,false,-13.1130905,3.4564965,9.396923,-2.3701167,-0.26372898,3
36.42709,0.9157812,49.325947696410424,8.569074082336686,0,1,5397.5146,-0.30365965,4,1,false,false,-12.572469,3.5610704,9.266061,-2.3744893,-0.25878224,3
36.47719,0.9159133,49.325943740129205,8.56906830419072,0,1,5399.8745,-0.30826148,4,1,false,false,-13.83495,3.578556,10.518327,-2.37878,-0.25897616,3
36.527172,0.91604584,49.325939783847986,8.569062526464588,0,1,5396.735,-0.31625336,4,1,false,false,-13.810244,3.5647242,11.589632,-2.3830879,-0.2596215,3
36.576992,0.9161785,49.32593582756677,8.569056748318623,0,1,5400.355,-0.32908976,4,1,false,false,-13.135623,3.4652524,9.941077,-2.3874912,-0.26570678,3
36.62637,0.91631144,49.32593187128555,8.569050832887637,0,1,5409.941,-0.34604356,4,1,false,false,-12.160069,3.4224963,9.1840105,-2.3919032,-0.262519,3
36.676884,0.9164445,49.32592800500712,8.569044917456653,0,1,5421.1606,-0.36638778,4,1,false,false,-11.250842,3.6219351,8.832252,-2.3962018,-0.25149277,3
36.729195,0.9165778,49.3259240487259,8.569039001605836,0,1,5421.654,-0.39278856,4,1,false,false,-11.579372,3.4965498,9.441323,-2.40023,-0.23522975,3
36.782207,0.91671145,49.325920182447476,8.569033086174851,0,1,5418.014,-0.42500284,4,1,false,false,-11.93394,3.4907742,9.89002,-2.4040558,-0.2263137,3
36.830387,0.9168454,49.32591631616904,8.569027033039013,0,1,5423.7285,-0.45794353,4,1,false,false,-13.149002,3.1750994,10.525748,-2.4079041,-0.24397032,3
36.87471,0.91697943,49.32591253961901,8.569020979903177,0,1,5447.776,-0.49137008,4,1,false,false,-12.927604,2.9452486,10.104324,-2.4122624,-0.28164428,3
36.918644,0.9171138,49.32590867334058,8.56901478948232,0,1,5477.443,-0.5129296,4,1,false,false,-12.178722,3.0708294,9.683686,-2.4173293,-0.32379398,3
36.966232,0.9172482,49.32590489679055,8.569008598641632,0,1,5492.5137,-0.5264944,4,1,false,false,-11.946246,3.2900724,9.666703,-2.4230003,-0.35354716,3
37.017315,0.91738325,49.32590112051491,8.569002407800943,0,1,5491.412,-0.53230745,4,1,false,false,-12.282466,3.567553,9.795539,-2.429115,-0.376446,3
37.07126,0.91751856,49.32589734396487,8.568996217380086,0,1,5481.6973,-0.53473043,4,1,false,false,-12.770801,3.5644422,9.889969,-2.4354396,-0.3808761,3
37.122925,0.9176539,49.325893567689235,8.568989889254377,0,1,5473.7056,-0.53739417,4,1,false,false,-12.475773,3.4004245,9.584857,-2.4417403,-0.37515184,3
37.171227,0.91778964,49.32588988114199,8.568983698413689,0,1,5484.071,-0.54296607,4,1,false,false,-12.247959,3.1925817,9.606644,-2.4479551,-0.3716396,3
37.217827,0.9179255,49.32588610459195,8.568977232583128,0,1,5502.6226,-0.5492652,4,1,false,false,-13.022814,3.1570122,10.5194025,-2.4541564,-0.37459126,3
37.26313,0.9180614,49.325882418044706,8.56897090445742,0,1,5510.3003,-0.5548359,4,1,false,false,-13.929061,3.1305707,10.966792,-2.4605079,-0.39100426,3
37.30834,0.9181974,49.32587873177186,8.568964438626859,0,1,5516.655,-0.5562901,4,1,false,false,-13.825066,3.1051512,10.300433,-2.4671943,-0.41221046,3
37.35365,0.91833365,49.32587513495301,8.568957972796298,0,1,5532.388,-0.5536246,4,1,false,false,-12.254292,3.1384764,8.542777,-2.4742005,-0.4237894,3
37.40051,0.91847,49.325871538408556,8.568951369260885,0,1,5548.279,-0.55192965,4,1,false,false,-11.388447,3.244347,8.044332,-2.4811785,-0.4121544,3
37.449364,0.9186066,49.32586785186131,8.568944903430324,0,1,5552.027,-0.55798477,4,1,false,false,-12.197404,3.3504772,8.977907,-2.4878943,-0.39634672,3
37.497765,0.91874284,49.32586425531686,8.568938300314745,0,1,5547.3945,-0.57179374,4,1,false,false,-12.914754,3.2411485,9.6909485,-2.4943898,-0.38772526,3
37.54354,0.91887945,49.32586074877519,8.56893155907448,0,1,5552.8604,-0.5906885,4,1,false,false,-13.225907,3.025621,9.433656,-2.5008366,-0.39019156,3
37.58321,0.919016,49.32585715195634,8.568924955958899,0,1,5576.1235,-0.60982764,4,1,false,false,-13.260834,2.781662,9.299188,-2.50749,-0.4136291,3
37.621994,0.9191529,49.325853645414675,8.568918214718634,0,1,5610.5205,-0.62436235,4,1,false,false,-13.86446,2.845701,10.160939,-2.514651,-0.4479264,3
37.66273,0.9192898,49.32585013859861,8.568911473898202,0,1,5624.201,-0.63066155,4,1,false,false,-14.981058,3.064869,11.171669,-2.5224364,-0.48562747,3
37.706676,0.9194266,49.32584663205695,8.568904595372917,0,1,5615.4087,-0.62581635,4,1,false,false,-14.997475,3.249001,10.332246,-2.5308046,-0.51331174,3
37.751698,0.9195636,49.32584321524368,8.568897716847633,0,1,5609.7427,-0.6129764,4,1,false,false,-13.840534,3.2964602,9.077076,-2.5394058,-0.51366276,3
37.796165,0.9197007,49.32583979843041,8.568890838322348,0,1,5618.113,-0.59650254,4,1,false,false,-13.2872095,3.263329,8.3775015,-2.5478294,-0.49454173,3
37.840782,0.91983813,49.32583638161714,8.568883959797065,0,1,5621.536,-0.581483,4,1,false,false,-13.950869,3.2946072,9.268796,-2.5558596,-0.46871233,3
37.88546,0.9199756,49.325832964803865,8.568876943566929,0,1,5611.74,-0.5749424,4,1,false,false,-14.436781,3.3145158,10.430494,-2.5633845,-0.43657953,3
37.925358,0.92011315,49.32582963799339,8.568869927756623,0,1,5612.3804,-0.5703396,4,1,false,false,-14.621742,2.9368668,10.778279,-2.5704854,-0.4225034,3
37.959465,0.9202509,49.32582631118291,8.568862911526487,0,1,5643.463,-0.5608926,4,1,false,false,-14.370657,2.645234,10.1481285,-2.5776243,-0.43706983,3
37.991486,0.92038864,49.325823074375215,8.568855758011331,0,1,5679.208,-0.53884816,4,1,false,false,-13.902698,2.5186772,9.597016,-2.585094,-0.46000028,3
38.027546,0.92052674,49.32581974729034,8.568848604076344,0,1,5703.221,-0.49984792,4,1,false,false,-13.323192,3.066847,8.920437,-2.592943,-0.4764637,3
38.071655,0.92066485,49.325816510482646,8.568841450561187,0,1,5705.1333,-0.45649034,4,1,false,false,-12.641108,3.467698,8.77365,-2.6008024,-0.4598031,3
38.11765,0.92080325,49.32581327367496,8.568834296626198,0,1,5683.819,-0.4187045,4,1,false,false,-13.263547,3.2960413,9.208362,-2.6082506,-0.43448827,3
38.163048,0.92094177,49.32581012659566,8.56882700540619,0,1,5681.6553,-0.38431072,4,1,false,false,-14.149835,3.4662118,10.401505,-2.615322,-0.4125913,3
38.20717,0.92108047,49.32580688951357,8.568819714186182,0,1,5687.9424,-0.36130202,4,1,false,false,-14.478775,3.4579604,10.490709,-2.6219757,-0.3834277,3
38.246895,0.9212194,49.32580374243428,8.568812422966174,0,1,5681.708,-0.34749573,4,1,false,false,-12.533909,2.9263806,8.68614,-2.6281595,-0.3602154,3
38.28936,0.9213587,49.32580068535777,8.568804994461145,0,1,5706.993,-0.3433789,4,1,false,false,-12.277122,3.2299266,8.7934675,-2.6339755,-0.33672518,3
38.333267,0.92149806,49.32579753855288,8.568797703241136,0,1,5728.6987,-0.34773827,4,1,false,false,-13.320379,3.336459,8.935568,-2.639353,-0.30870304,3
38.375587,0.92163765,49.32579448120197,8.568790274316276,0,1,5712.274,-0.36009035,4,1,false,false,-14.191271,3.291921,10.82362,-2.6443589,-0.29765773,3
38.417065,0.9217775,49.32579142412546,8.568782707686566,0,1,5711.037,-0.37389573,4,1,false,false,-13.7710085,3.022644,10.292343,-2.6493223,-0.30140042,3
38.458424,0.9219175,49.32578845705175,8.568775279181537,0,1,5743.5874,-0.38867,4,1,false,false,-11.82557,3.1125731,8.779362,-2.654341,-0.29448462,3
38.50009,0.9220579,49.325785399975246,8.568767712551825,0,1,5758.265,-0.4034452,4,1,false,false,-13.572994,3.111368,9.287404,-2.6592474,-0.2988751,3
38.544434,0.92219853,49.32578243262713,8.568760146341944,0,1,5753.3345,-0.4228222,4,1,false,false,-13.258576,3.477518,8.9757185,-2.664314,-0.3046818,3
38.592537,0.9223393,49.3257795555562,8.568752580132065,0,1,5744.9565,-0.44292575,4,1,false,false,-14.224982,3.5708804,10.2311535,-2.6692946,-0.2938294,3
38.63748,0.9224804,49.32577658820809,8.5687448757975,0,1,5729.905,-0.46206206,4,1,false,false,-13.799475,3.1277556,9.602142,-2.674104,-0.28808644,3
38.680824,0.9226217,49.32577371086277,8.568737171882768,0,1,5741.9863,-0.48022753,4,1,false,false,-13.9840975,3.1667671,10.33772,-2.6789587,-0.29420003,3
38.723934,0.92276347,49.32577083379184,8.568729467968037,0,1,5755.028,-0.49427807,4,1,false,false,-15.009739,3.1100407,10.105175,-2.6838949,-0.30059603,3
38.76526,0.9229053,49.325768046174915,8.568721764053304,0,1,5747.1016,-0.5061464,4,1,false,false,-14.625851,3.1261742,9.753307,-2.6890492,-0.31847844,3
38.80771,0.9230475,49.325765258832384,8.568713922433721,0,1,5752.4316,-0.5148678,4,1,false,false,-13.701044,3.1049738,8.848514,-2.6944835,-0.3325344,3
38.851505,0.9231899,49.32576247148985,8.56870608123397,0,1,5766.6665,-0.5218915,4,1,false,false,-13.5523615,3.0880957,8.711359,-2.7000558,-0.3375003,3
38.894905,0.92333275,49.325759684147314,8.568698239614385,0,1,5770.4673,-0.5291589,4,1,false,false,-13.7863655,3.1574032,9.279215,-2.7057285,-0.3445084,3
38.938232,0.92347574,49.325756986807576,8.568690397994802,0,1,5770.1455,-0.5388484,4,1,false,false,-14.509299,3.0734046,9.916363,-2.711547,-0.35716328,3
38.97913,0.92361903,49.32575428919343,8.568682419090198,0,1,5778.0884,-0.5466006,4,1,false,false,-14.039876,2.881002,9.377225,-2.71765,-0.3766936,3
39.017822,0.9237625,49.32575168185649,8.568674439765761,0,1,5798.8584,-0.5480536,4,1,false,false,-14.473096,2.8229637,9.977166,-2.7241457,-0.4051993,3
39.056656,0.9239063,49.325748984242345,8.568666460861158,0,1,5818.1255,-0.54417765,4,1,false,false,-14.734657,2.9153464,9.909918,-2.7311592,-0.43500528,3
39.099064,0.9240504,49.3257463769054,8.56865848153672,0,1,5820.547,-0.5369101,4,1,false,false,-15.0968,3.2212577,9.724137,-2.7386134,-0.45607844,3
39.143475,0.92419475,49.32574385929684,8.568650364927265,0,1,5809.462,-0.52843225,4,1,false,false,-14.636249,3.3024175,9.359385,-2.746265,-0.4586454,3
39.18794,0.9243394,49.32574134168828,8.56864224831781,0,1,5806.4526,-0.5223766,4,1,false,false,-14.65371,3.227328,9.506655,-2.7538443,-0.4489582,3
39.230885,0.9244843,49.325738823805324,8.568634131708354,0,1,5810.4062,-0.52068096,4,1,false,false,-15.472061,3.173321,10.494469,-2.7612097,-0.43445924,3
39.27113,0.9246295,49.32573630619677,8.568626015098898,0,1,5810.7764,-0.52407193,4,1,false,false,-16.781694,3.0635943,11.528788,-2.768399,-0.43109557,3
39.30894,0.9247749,49.325733878591,8.56861776078459,0,1,5813.7393,-0.53085524,4,1,false,false,-17.49252,2.962065,11.226673,-2.7756891,-0.44483092,3
39.345177,0.92492056,49.325731540713626,8.568609506470283,0,1,5825.945,-0.5347306,4,1,false,false,-16.410713,2.9197996,10.293224,-2.7832265,-0.4569316,3
39.383045,0.92506635,49.32572920311065,8.568601252575807,0,1,5840.914,-0.5342456,4,1,false,false,-15.78543,2.9791129,9.620316,-2.790867,-0.45600334,3
39.423603,0.92521256,49.32572686523328,8.568592998261499,0,1,5842.7886,-0.53158087,4,1,false,false,-16.033236,3.231217,9.950353,-2.7983654,-0.44036105,3
39.466354,0.9253591,49.3257245273559,8.56858460624234,0,1,5830.5605,-0.5298865,4,1,false,false,-16.296207,3.2688804,9.741437,-2.8055046,-0.41457638,3
39.50723,0.92550564,49.32572227948132,8.568576214643013,0,1,5823.7734,-0.5315808,4,1,false,false,-15.861938,3.0312934,9.736883,-2.8121681,-0.38969502,3
39.543865,0.92565256,49.32572012160952,8.568567822623853,0,1,5840.459,-0.5352155,4,1,false,false,-15.330268,2.8143115,9.402563,-2.8185678,-0.38008004,3
39.5787,0.9257996,49.32571787373494,8.568559431024525,0,1,5865.927,-0.5383641,4,1,false,false,-15.186841,2.717925,9.154457,-2.8248513,-0.3766395,3
39.61439,0.9259467,49.32571571586315,8.568550901720345,0,1,5880.9927,-0.5390909,4,1,false,false,-14.535303,2.7724643,9.092595,-2.83111,-0.3756944,3
39.649925,0.92609376,49.325713647719745,8.568542509701185,0,1,5896.592,-0.53715277,4,1,false,false,-14.441165,2.8409724,8.700547,-2.8374333,-0.3832296,3
39.68813,0.92624104,49.32571157957635,8.568533980397007,0,1,5915.4927,-0.5356996,4,1,false,false,-15.030048,2.873404,9.396664,-2.8438706,-0.39259756,3
39.72718,0.9263884,49.325709511707345,8.568525451092826,0,1,5919.9272,-0.5352154,4,1,false,false,-14.831188,3.058663,9.269281,-2.8505511,-0.40778807,3
39.76812,0.92653596,49.32570744356394,8.568516784083796,0,1,5919.9277,-0.53521556,4,1,false,false,-15.035112,3.0717273,9.96862,-2.8574529,-0.42095655,3
39.80838,0.9266833,49.32570546542333,8.568508254779616,0,1,5923.6895,-0.5364261,4,1,false,false,-15.527697,3.0565484,9.973791,-2.8645844,-0.43369946,3
39.848732,0.9268309,49.325703577285516,8.568499587770583,0,1,5926.495,-0.53812164,4,1,false,false,-16.276556,3.1944702,10.42642,-2.8719234,-0.4446304,3
39.889435,0.9269785,49.32570159914491,8.568490920761553,0,1,5916.5947,-0.54030216,4,1,false,false,-17.054016,3.1458237,11.335141,-2.8793666,-0.44929823,3
39.92886,0.9271264,49.32569980073548,8.56848225375252,0,1,5909.038,-0.54345083,4,1,false,false,-17.0773,3.17366,10.638864,-2.886917,-0.45268142,3
39.967373,0.92727435,49.32569791259766,8.568473587163322,0,1,5910.863,-0.54974914,4,1,false,false,-16.454954,3.1121998,10.257887,-2.8944135,-0.4422096,3
40.00672,0.9274222,49.32569611418823,8.568464782449439,0,1,5912.7593,-0.55968124,4,1,false,false,-15.627855,3.1303895,8.974184,-2.9015357,-0.40941784,3
40.04648,0.9275702,49.325694406055995,8.568455977735555,0,1,5912.0425,-0.5754272,4,1,false,false,-15.570845,3.0955086,9.018922,-2.9080303,-0.3712953,3
40.08507,0.92771846,49.32569260764657,8.568447173441504,0,1,5914.4478,-0.5962602,4,1,false,false,-14.58528,2.9447515,8.348274,-2.9139197,-0.338027,3
40.121616,0.92786676,49.32569098924273,8.56843836872762,0,1,5928.072,-0.6260588,4,1,false,false,-15.256832,2.6258304,9.162263,-2.9193554,-0.32179877,3
40.152092,0.9280151,49.325689280836094,8.568429564433568,0,0.93020964,5950.0146,-0.6563413,4,1,false,false,-15.053564,2.4330153,9.217817,-2.9248009,-0.3371906,3
40.181267,0.9281635,49.325687662432244,8.568420622434665,0,0.77410614,5965.554,-0.6817788,4,1,false,false,-15.394327,2.2963352,9.425583,-2.9307103,-0.3751068,3
40.207348,0.92831194,49.3256861337568,8.568411817720781,0,0.5980273,5940.7705,-0.7033421,4,1,false,false,-15.626072,2.0926652,9.579794,-2.9373658,-0.42441177,3
40.22776,0.9284606,49.32568460508134,8.568402875721878,0,0.38914925,5881.456,-0.71981657,4,1,false,false,-15.384578,1.6806874,8.890072,-2.944824,-0.46406204,3
40.236176,0.92860913,49.325683076680285,8.568393933722975,0,0.25745988,5826.6426,-0.73265654,4,1,false,false,-14.746285,0.6835761,8.023123,-2.9526465,-0.468372,3
40.22647,0.92875767,49.32568154800484,8.568384991724072,0,0.1721332,5794.178,-0.744287,4,1,false,false,-15.481771,-0.3389659,9.166975,-2.9602883,-0.4479923,3
40.20022,0.92890614,49.325680109332176,8.568376049305336,0,0.102096155,5761.124,-0.76415455,4,1,false,false,-17.350956,-1.1065712,10.400075,-2.9676409,-0.43601257,3
40.164402,0.92905456,49.325678760662306,8.568367107306432,0,0.06609123,5715.4165,-0.78499204,4,1,false,false,-17.819784,-1.407812,10.465005,-2.974856,-0.4311482,3
40.126358,0.92920274,49.32567741199243,8.56835816530753,0,0.03699138,5648.75,-0.8000146,4,1,false,false,-18.011347,-1.4865494,10.404047,-2.9820595,-0.43767017,3
40.087353,0.9293508,49.325676153325354,8.568349085603774,0,0.011344019,5567.591,-0.81237125,4,1,false,false,-17.54377,-1.527896,9.5656805,-2.9895117,-0.45442146,3
40.044888,0.9294987,49.32567489438387,8.568340143604871,0,-1.1641532e-09,5562.3843,-0.81673336,4,1,false,false,-17.222399,-2.3574479,9.712415,-2.9970996,-0.4540968,3
39.976135,0.9296463,49.3256736354424,8.568331201605968,0,0,5729.407,-0.82060945,4,1,false,false,-17.388079,-3.6499248,9.5868,-3.004649,-0.45348346,3
39.910767,0.9297937,49.32567246677811,8.568322121902213,0,0,5729.007,-0.8286054,4,1,false,false,-18.305573,-2.580444,10.324185,-3.0122898,-0.46670648,3
39.86333,0.92994106,49.325671387567816,8.568313179903308,0,0.01159063,5645.7695,-0.8378135,4,1,false,false,-17.472317,-1.8160589,9.419357,-3.020215,-0.48302722,3
39.81666,0.9300881,49.32567030863192,8.568304237484574,0,0.021208383,5645.0503,-0.8477484,4,1,false,false,-16.429405,-2.2865071,9.122775,-3.028372,-0.49220347,3
39.758915,0.930235,49.32566922969602,8.56829529548567,0,0.037977803,5673.9077,-0.86034745,4,1,false,false,-19.08264,-2.6278076,10.556135,-3.0367205,-0.51383144,3
39.702374,0.9303817,49.325668240762916,8.568286215781916,0,0.049568433,5666.008,-0.8727065,4,1,false,false,-18.898064,-2.3169458,10.70492,-3.0454977,-0.53694534,3
39.65113,0.9305282,49.3256673415582,8.568277273783012,0,0.063131936,5649.4136,-0.88118714,4,1,false,false,-18.189793,-2.0799193,9.581522,-3.0545752,-0.5505628,3
39.60025,0.9306747,49.32566644235349,8.568268331784108,0,0.07546241,5647.0176,-0.88821477,4,1,false,false,-19.53924,-2.1374965,11.107785,-3.0638716,-0.56892693,3
39.542313,0.9308209,49.32566554314877,8.568259252080352,0,0.08927251,5647.7754,-0.8940297,4,1,false,false,-23.066784,-2.326346,13.654484,-3.073669,-0.6084549,3
39.482956,0.9309669,49.325664823949644,8.56825031008145,0,0.10974107,5650.8066,-0.8983918,4,1,false,false,-22.992783,-2.1936178,12.972575,-3.0841725,-0.6482035,3
39.429104,0.93111277,49.32566410447611,8.568241368082546,0,0.14451295,5655.3457,-0.90226895,4,1,false,false,-20.633516,-1.8523865,10.381419,-3.0951054,-0.6545255,3
39.37993,0.9312586,49.32566338527698,8.568232425663812,0,0.16966707,5667.9844,-0.9056622,4,1,false,false,-19.8102,-1.6703804,10.40455,-3.1058686,-0.63090485,3
39.33083,0.93140435,49.32566275580624,8.568223483664907,0,0.19457461,5698.533,-0.9088116,4,1,false,false,-20.547806,-1.6956167,10.873172,-3.1159573,-0.57491827,3
39.280796,0.93154985,49.325662216338294,8.568214403961152,0,0.21652284,5745.1484,-0.91293114,4,1,false,false,-20.537447,-1.6494105,10.563096,-3.1250017,-0.50972515,3
39.23326,0.93169516,49.32566167687035,8.568205461962249,0,0.23551169,5805.336,-0.9221401,4,1,false,false,-19.48592,-1.5755041,10.129591,-3.1330202,-0.45939928,3
39.19484,0.93184036,49.32566122740519,8.568196519963346,0,0.2520345,5718.064,-0.9347406,4,1,false,false,-19.524826,-0.49219465,10.68164,-3.1405191,-0.44747564,3
39.17422,0.9319859,49.32566077766563,8.568187577964443,0,0.28754625,5610.158,-0.9504913,4,1,false,false,-19.366983,-0.08994376,10.509555,3.1350589,-0.46808377,3
39.14459,0.9321313,49.32566041820327,8.56817863596554,0,0.32034534,5676.1826,-0.960912,4,1,false,false,-18.980654,-0.93692654,9.674851,3.127068,-0.48986506,3
39.111374,0.9322766,49.325660058466504,8.568169693546803,0,0.35758325,5732.2173,-0.96648574,4,1,false,false,-17.61497,-0.72463584,8.86997,3.118788,-0.50164604,3
39.089596,0.9324217,49.32565978873253,8.5681607515479,0,0.3938347,5710.927,-0.9703638,4,1,false,false,-17.23653,0.0714121,8.782671,3.11041,-0.50083786,3
39.076923,0.932567,49.325659518998556,8.568151809548997,0,0.4293465,5699.585,-0.9769062,4,1,false,false,-17.360893,0.3918172,9.322592,3.1021633,-0.4860962,3
39.064617,0.9327127,49.32565933899297,8.568142729845242,0,0.48976573,5723.6084,-0.9875694,4,1,false,false,-18.908346,0.39894283,10.646656,3.094219,-0.46874255,3
39.05252,0.93285805,49.32565915926179,8.568133787846339,0,0.5440197,5740.6147,-0.99968666,4,1,false,false,-19.629276,0.62267065,11.192459,3.0864205,-0.47021857,3
39.04537,0.9330035,49.325659069259,8.568124845847436,0,0.6002467,5750.2583,-1.0086532,4,1,false,false,-19.674583,0.9153004,11.047571,3.0784447,-0.488864,3
39.043053,0.93314886,49.32565897953061,8.56811590384853,0,0.6577067,5773.9624,-1.0101074,4,1,false,false,-19.313908,1.1943601,10.504226,3.0701168,-0.50840753,3
39.04576,0.93329465,49.32565897953061,8.568106961429796,0,0.71417993,5798.077,-1.0059875,4,1,false,false,-20.247328,1.6220239,11.317967,3.061497,-0.5244686,3
39.05594,0.93344027,49.325659069259,8.568098019430893,0,0.7721333,5800.85,-1.0016254,4,1,false,false,-20.99216,2.0960274,12.074423,3.0526714,-0.5330491,3
39.07125,0.933586,49.32565915926179,8.56808907743199,0,0.8157831,5789.336,-0.99459714,4,1,false,false,-20.750757,2.3819249,11.909384,3.043755,-0.53409314,3
39.089848,0.93373173,49.32565933899297,8.568080135433085,0,0.85400736,5789.3535,-0.9875694,4,1,false,false,-20.104115,2.4791043,11.155179,3.0349164,-0.52321357,3
39.111137,0.93387747,49.325659518998556,8.568071193434182,0,0.9060419,5799.6274,-0.98223734,4,1,false,false,-19.358541,2.6430852,10.49636,3.0263946,-0.49597996,3
39.136974,0.9340229,49.32565978873253,8.568062251015448,0,0.9356349,5799.02,-0.98151076,4,1,false,false,-18.76276,2.8675632,10.109424,3.0184577,-0.4547203,3
39.165825,0.9341685,49.325660058466504,8.568053309016545,0,0.95684344,5789.4834,-0.9865996,4,1,false,false,-18.313408,2.9370956,10.106734,3.011261,-0.4098193,3
39.191166,0.93431413,49.32566041820327,8.56804422931279,0,0.97928494,5790.9844,-0.9989592,4,1,false,false,-20.460844,2.5820687,11.502014,3.004671,-0.39135945,3
39.20948,0.93445987,49.32566077766563,8.568035287313885,0,1,5805.1226,-1.014227,4,1,false,false,-21.211214,2.1450055,11.573711,2.9980023,-0.41649368,3
39.227882,0.9346053,49.32566122740519,8.568026345314982,0,1,5831.742,-1.0171359,4,1,false,false,-17.682598,2.1783283,9.76242,2.9908788,-0.43116966,3
39.240467,0.93475074,49.32566176687314,8.568017403316079,0,1,5870.4414,-1.008168,4,1,false,false,-21.552275,1.7451167,11.806488,2.9833746,-0.47871298,3
39.249474,0.93489623,49.32566230634109,8.568008460897344,0,1,5902.514,-0.994113,4,1,false,false,-19.985294,1.9286335,11.541226,2.974735,-0.5472008,3
39.267563,0.9350417,49.32566293581183,8.56799951889844,0,1,5929.472,-0.9689096,4,1,false,false,-16.12588,2.2086968,8.52184,2.9654903,-0.5503592,3
39.28466,0.93518716,49.32566356500816,8.567990576899536,0,1,5962.075,-0.9454028,4,1,false,false,-18.251358,2.7060747,9.877115,2.956139,-0.5780009,3
39.324184,0.9353326,49.325664194478904,8.567981497195781,0,1,5962.5527,-0.93643713,4,1,false,false,-16.147623,4.3437176,9.6739645,2.94661,-0.5417577,3
39.381973,0.9354781,49.32566491395244,8.567972555196878,0,1,5858.4863,-0.926744,4,1,false,false,-19.188622,4.3160367,10.812517,2.9384642,-0.44397494,3
39.415897,0.93562376,49.32566572315436,8.567963613197975,0,1,5765.0195,-0.9289244,4,1,false,false,-20.478992,2.6091802,12.715307,2.9312682,-0.4328524,3
39.4371,0.93576956,49.32566653235628,8.567954671199072,0,1,5839.3237,-0.9306211,4,1,false,false,-18.618727,2.454007,10.239887,2.9241586,-0.41011977,3
39.44691,0.93591523,49.325667431560994,8.567945728780336,0,1,5913.251,-0.9279556,4,1,false,false,-21.291025,1.3607435,11.53042,2.917468,-0.41230264,3
39.459473,0.93606085,49.32566833049131,8.567936786781432,0,1,5909.6455,-0.9289247,4,1,false,false,-16.783995,2.6476161,9.712335,2.910226,-0.4432344,3
39.4972,0.9362066,49.32566931969881,8.56792784478253,0,1,5924.321,-0.9231084,4,1,false,false,-17.139257,3.418775,9.486619,2.9029155,-0.4278575,3
39.531654,0.93635243,49.32567030863192,8.567918902783626,0,1,5892.223,-0.92747146,4,1,false,false,-16.274042,2.9031317,9.220905,2.895957,-0.41328758,3
39.558384,0.9364984,49.325671387567816,8.567910098069742,0,1,5883.574,-0.9357098,4,1,false,false,-18.602674,3.286138,10.763465,2.888729,-0.44931543,3
39.588234,0.9366442,49.32567246677811,8.567901156070839,0,1,5889.752,-0.9420107,4,1,false,false,-19.799791,2.4879835,11.919685,2.8812032,-0.45904997,3
39.61384,0.9367903,49.3256736354424,8.567892214071936,0,1,5875.8457,-0.9366796,4,1,false,false,-17.73072,3.2639744,10.715838,2.8733103,-0.47584927,3
39.65563,0.9369363,49.32567480438109,8.567883272073033,0,1,5862.8613,-0.9216553,4,1,false,false,-18.999098,3.5418887,10.963792,2.8657784,-0.4138667,3
39.685833,0.93708265,49.32567606332256,8.567874467359148,0,1,5819.9297,-0.90832657,4,1,false,false,-19.436172,2.621022,11.857793,2.8595266,-0.35693786,3
39.709183,0.937229,49.32567741199243,8.567865525360245,0,1,5836.5083,-0.89742184,4,1,false,false,-21.296726,2.6083248,12.770369,2.853428,-0.3753384,3
39.724922,0.93737537,49.325678760662306,8.567856720646363,0,1,5868.4307,-0.8819137,4,1,false,false,-22.751348,1.8261518,13.649619,2.8469303,-0.41172603,3
39.73392,0.93752176,49.325680109332176,8.567847778647458,0,1,5880.331,-0.85986364,4,1,false,false,-20.949059,2.240245,12.220655,2.8393452,-0.49936277,3
39.760128,0.93766826,49.32568163800763,8.567838974353407,0,1,5902.751,-0.83248353,4,1,false,false,-21.365768,2.4405649,11.802869,2.8308156,-0.5173969,3
39.77722,0.9378149,49.325683076680285,8.567830169639524,0,1,5896.043,-0.7990455,4,1,false,false,-17.812012,1.880758,12.407105,2.8219612,-0.5478568,3
39.793182,0.9379616,49.325684695084135,8.567821365345473,0,1,5942.1504,-0.76342785,4,1,false,false,-18.201265,1.6502678,10.192591,2.8126688,-0.5655798,3
39.81388,0.93810827,49.32568622375958,8.56781256063159,0,1,6015.918,-0.72175467,4,1,false,false,-16.294191,2.6388688,8.833872,2.8031988,-0.56092864,3
39.843143,0.9382551,49.32568793216622,8.567803756337538,0,1,6008.529,-0.6919543,4,1,false,false,-16.513285,2.861754,7.7349296,2.7940152,-0.55237186,3
39.895905,0.9384021,49.32568955057007,8.567794951623654,0,1,5962.094,-0.66603196,4,1,false,false,-14.760155,4.1959524,7.957031,2.7851,-0.5038951,3
39.940556,0.9385494,49.325691258976704,8.567786284614623,0,1,5908.2856,-0.65391827,4,1,false,false,-13.36944,3.0506835,7.5234447,2.777305,-0.43669054,3
39.972706,0.93869686,49.32569305711173,8.567777480320572,0,1,5935.097,-0.66385114,4,1,false,false,-13.331126,3.1227164,7.2484217,2.7703369,-0.3964025,3
40.010662,0.9388445,49.32569485552116,8.567768675606688,0,1,5981.783,-0.6885629,4,1,false,false,-14.778848,2.952763,8.414297,2.7642794,-0.33480248,3
40.03336,0.9389922,49.325696653930585,8.567760008597656,0,1,5954.3926,-0.7222387,4,1,false,false,-16.32786,2.578049,10.311007,2.7585635,-0.36274776,3
40.068897,0.93913996,49.3256985420684,8.567751204303605,0,1,5976.6226,-0.7561587,4,1,false,false,-18.243969,3.2586098,10.845392,2.7523277,-0.38758188,3
40.093567,0.9392882,49.32570043020622,8.567742537294574,0,1,5980.121,-0.77021134,4,1,false,false,-19.179556,2.2096927,12.624198,2.745524,-0.4395235,3
40.123066,0.93943644,49.32570240834683,8.567733870285542,0,1,5981.545,-0.7704537,4,1,false,false,-17.637924,3.2805672,10.586353,2.7377286,-0.47914025,3
40.157257,0.93958473,49.32570438648744,8.567725203276511,0,1,5974.6245,-0.7583402,4,1,false,false,-18.734375,3.1295047,11.178953,2.7297359,-0.47678185,3
40.186874,0.93973315,49.32570645463084,8.56771653668731,0,1,5947.114,-0.7488904,4,1,false,false,-17.945553,3.0382495,10.662154,2.7219217,-0.46279538,3
40.21907,0.93988204,49.32570852249984,8.56770786967828,0,1,5954.248,-0.7387142,4,1,false,false,-19.359211,3.103999,11.279819,2.7143512,-0.44354692,3
40.243824,0.9400311,49.32571068064603,8.567699202669248,0,1,5947.3955,-0.7353232,4,1,false,false,-20.638573,2.7146184,13.070316,2.7070243,-0.44165242,3
40.265358,0.9401802,49.32571283851782,8.56769067336507,0,1,5941.773,-0.7343532,4,1,false,false,-21.385086,2.5533397,13.280657,2.6994617,-0.4694482,3
40.284733,0.94032925,49.32571508639241,8.567682006356037,0,1,5964.09,-0.7234504,4,1,false,false,-20.596434,2.6991801,12.455666,2.6913645,-0.49260858,3
40.30926,0.9404787,49.32571733426699,8.567673477051857,0,1,5974.7256,-0.70939875,4,1,false,false,-20.677229,2.850757,12.338075,2.6832023,-0.48283374,3
40.33787,0.9406285,49.325719672144366,8.567664947747678,0,1,5952.8496,-0.689048,4,1,false,false,-18.824057,2.9712453,11.010529,2.675358,-0.45552805,3
40.36698,0.9407783,49.32572209975013,8.567656418023667,0,1,5950.727,-0.6590059,4,1,false,false,-18.706516,2.8308034,10.71765,2.668021,-0.42633775,3
40.391754,0.9409283,49.3257245273559,8.567648026424338,0,1,5971.6465,-0.63066155,4,1,false,false,-19.144527,2.6183507,11.741494,2.6609988,-0.419021,3
40.41693,0.9410783,49.325726955236064,8.567639497120158,0,1,5983.674,-0.5872973,4,1,false,false,-18.673975,2.7353694,11.535049,2.6539829,-0.4224889,3
40.44367,0.9412287,49.32572947284462,8.567631105100999,0,1,5986.3276,-0.5412713,4,1,false,false,-17.86603,2.7207804,10.7476425,2.6469054,-0.42774352,3
40.471786,0.9413792,49.32573199045318,8.567622713501672,0,1,5999.5376,-0.5015446,4,1,false,false,-17.570807,2.8523574,10.545662,2.6397023,-0.4355498,3
40.505703,0.9415297,49.32573459806453,8.567614321482512,0,1,6006.673,-0.46206206,4,1,false,false,-16.464088,3.1550999,9.890964,2.6325274,-0.4193303,3
40.541874,0.9416804,49.325737295404274,8.567605929883184,0,1,5989.3735,-0.43299484,4,1,false,false,-16.149479,3.2005372,10.180362,2.625796,-0.38699353,3
40.57771,0.94183093,49.32573999274401,8.567597537864025,0,1,5979.197,-0.41894698,4,1,false,false,-16.18759,3.1217253,10.14709,2.6195893,-0.35726386,3
40.611378,0.9419813,49.325742690358155,8.567589283969548,0,1,5988.931,-0.42136815,4,1,false,false,-16.22982,2.9587274,10.244574,2.613868,-0.33058965,3
40.64346,0.9421318,49.325745477700686,8.567580891950389,0,1,6001.4126,-0.43929306,4,1,false,false,-14.853892,2.8590589,9.531051,2.60855,-0.30828768,3
40.676495,0.9422824,49.32574826504322,8.567572637636081,0,1,6016.4824,-0.46860102,4,1,false,false,-14.758673,2.930001,9.330199,2.603542,-0.29537117,3
40.710728,0.9424332,49.32575105238575,8.567564383321773,0,1,6028.2,-0.5015446,4,1,false,false,-15.103125,2.9503613,9.9797125,2.5985987,-0.30075592,3
40.744873,0.9425837,49.32575392973107,8.567556129427299,0,1,6030.3877,-0.53884834,4,1,false,false,-15.488705,2.8972678,10.45436,2.5934727,-0.31667084,3
40.776005,0.94273436,49.325756806802,8.567548012817843,0,1,6037.199,-0.5657369,4,1,false,false,-16.975348,2.6727672,11.716871,2.5879173,-0.35551515,3
40.805225,0.94288504,49.32575977415011,8.567539758503536,0,1,6054.1323,-0.5793025,4,1,false,false,-17.62562,2.7787433,11.851477,2.5815437,-0.405707,3
40.837463,0.9430359,49.325762741223826,8.56753164189408,0,1,6059.4463,-0.5756697,4,1,false,false,-17.37614,2.9315398,11.265858,2.5744848,-0.43509117,3
40.873745,0.9431867,49.32576579830033,8.56752338757977,0,1,6047.221,-0.56113505,4,1,false,false,-16.20237,3.3306112,9.916103,2.567153,-0.43642107,3
40.91438,0.9433375,49.32576885565123,8.567515270970315,0,1,6032.609,-0.5446625,4,1,false,false,-16.036385,3.3408916,10.48167,2.560091,-0.4055247,3
40.953957,0.9434884,49.32577191272774,8.56750715436086,0,1,6016.3545,-0.5359421,4,1,false,false,-16.392365,3.2285771,10.80407,2.5537252,-0.35884678,3
40.990868,0.9436394,49.325775059807036,8.567499175036424,0,1,6011.958,-0.53618455,4,1,false,false,-15.2079525,3.0325074,9.755546,2.5480928,-0.31678504,3
41.024563,0.94379056,49.32577829661473,8.567491058426969,0,1,6026.2017,-0.54223955,4,1,false,false,-14.244044,2.731259,8.810669,2.5431037,-0.28701118,3
41.055794,0.94394165,49.32578144369403,8.567483079522365,0,1,6052.0166,-0.5589546,4,1,false,false,-13.993137,2.5658293,8.397276,2.538418,-0.2812894,3
41.084824,0.9440928,49.32578468050171,8.567475100197928,0,1,6073.1567,-0.57906115,4,1,false,false,-14.713024,2.4868665,9.622024,2.5336115,-0.30243465,3
41.11338,0.944244,49.32578800731219,8.567467121293324,0,1,6089.9727,-0.5984408,4,1,false,false,-14.179205,2.3794577,9.038345,2.5282784,-0.34043038,3
41.142155,0.94439536,49.325791334397074,8.56745914196889,0,1,6115.1255,-0.60619307,4,1,false,false,-13.644102,2.5241482,8.583889,2.5222347,-0.38404477,3
41.17404,0.9445467,49.32579466120755,8.567451163064284,0,1,6137.4956,-0.6032859,4,1,false,false,-13.304852,2.6690674,8.066629,2.5155675,-0.41386893,3
41.21012,0.94469804,49.32579798801803,8.567443321444701,0,1,6138.7812,-0.59044605,4,1,false,false,-13.477129,2.9864233,8.840104,2.5085177,-0.42962727,3
41.247803,0.9448496,49.3258014048313,8.567435342540097,0,1,6128.1177,-0.56743336,4,1,false,false,-14.524882,3.0272026,9.775396,2.5012715,-0.440738,3
41.2834,0.9450012,49.325804821644574,8.567427500920513,0,1,6123.935,-0.54030234,4,1,false,false,-15.726241,2.9003832,11.023905,2.493812,-0.45649305,3
41.315895,0.9451528,49.325808328186234,8.56741965930093,0,1,6130.8125,-0.5054196,4,1,false,false,-15.986102,2.8060951,10.587864,2.4860094,-0.47813487,3
41.347897,0.9453045,49.3258118350023,8.567411817681345,0,1,6138.9917,-0.46157706,4,1,false,false,-15.30082,2.8864694,9.681157,2.477919,-0.4874265,3
41.38336,0.9454564,49.325815341543965,8.567404113766614,0,1,6140.032,-0.4235488,4,1,false,false,-14.613466,3.063549,9.214094,2.4699316,-0.46721178,3
41.421124,0.94560826,49.32581893808842,8.567396409851881,0,1,6131.19,-0.39254618,4,1,false,false,-15.279563,3.2270582,10.033308,2.4623957,-0.43483648,3
41.45783,0.94576025,49.32582253490727,8.567388568232298,0,1,6118.079,-0.37825498,4,1,false,false,-15.643361,3.106355,9.946901,2.455469,-0.39825076,3
41.491333,0.94591236,49.325826221180115,8.567380864317565,0,1,6118.348,-0.37413812,4,1,false,false,-15.281792,2.832849,9.926037,2.4490764,-0.37218916,3
41.51959,0.9460646,49.32582990772736,8.567373298107686,0,1,6139.6626,-0.378255,4,1,false,false,-15.937454,2.6073573,10.88983,2.4429398,-0.36915863,3
41.5466,0.9462169,49.325833594274606,8.567365594192953,0,1,6165.376,-0.38334167,4,1,false,false,-17.121614,2.68006,11.744972,2.436691,-0.38339338,3
41.57557,0.9463692,49.325837370824644,8.567358027563241,0,1,6170.7725,-0.38455227,4,1,false,false,-17.41075,2.8513477,12.003442,2.430105,-0.40616456,3
41.607838,0.9465217,49.32584114710028,8.567350461353362,0,1,6167.0317,-0.3789824,4,1,false,false,-15.935866,3.0654929,10.336663,2.4231536,-0.42031267,3
41.646107,0.9466742,49.32584501365311,8.567342895143481,0,1,6168.041,-0.36663032,4,1,false,false,-14.252258,3.3038645,8.9611845,2.4163592,-0.38417777,3
41.68753,0.946827,49.325848879931534,8.56733546579879,0,1,6155.5137,-0.35766828,4,1,false,false,-13.955262,3.4483488,8.190854,2.4104867,-0.3164949,3
41.729073,0.9469798,49.32585274620996,8.567327899588909,0,1,6132.31,-0.3593638,4,1,false,false,-14.701526,3.320271,9.463782,2.4057846,-0.25112453,3
41.765457,0.9471328,49.32585670249118,8.56732047108388,0,1,6124.938,-0.3707479,4,1,false,false,-14.666361,2.866725,9.696359,2.4019964,-0.21239236,3
41.792988,0.947286,49.3258606587724,8.567313042578853,0,1,6153.583,-0.3845522,4,1,false,false,-13.972216,2.2817762,9.060799,2.398494,-0.2155358,3
41.817585,0.94743913,49.32586461505362,8.567305613234161,0,1,6204.387,-0.39351514,4,1,false,false,-12.899496,2.236124,7.988832,2.3947608,-0.23544009,3
41.84659,0.94759244,49.32586866106323,8.567298322433984,0,1,6239.241,-0.397632,4,1,false,false,-12.507623,2.5468106,8.0160475,2.390653,-0.25852636,3
41.881428,0.94774586,49.325872707347244,8.567290893089293,0,1,6243.387,-0.39908606,4,1,false,false,-12.879658,2.88803,9.17713,2.3861299,-0.28578255,3
41.921566,0.94789946,49.32587675363125,8.567283602289116,0,1,6237.5156,-0.40126553,4,1,false,false,-13.347637,3.0949857,9.441069,2.381137,-0.31301817,3
41.961002,0.94805324,49.32588079964086,8.567276310649277,0,1,6232.7065,-0.40489838,4,1,false,false,-13.443383,3.0370257,9.585639,2.3757126,-0.3366773,3
42.0002,0.9482071,49.325884935653264,8.5672690198491,0,1,6234.657,-0.41071066,4,1,false,false,-13.69083,3.0628805,9.371169,2.369945,-0.35333762,3
42.040165,0.94836104,49.32588916166846,8.56726186591411,0,1,6232.1245,-0.41797802,4,1,false,false,-13.736821,3.1970706,9.163188,2.3639908,-0.35679442,3
42.081573,0.94851536,49.32589329795526,8.567254575113935,0,1,6216.7866,-0.4276665,4,1,false,false,-14.780772,3.233022,10.501092,2.3581347,-0.3458245,3
42.121414,0.94866985,49.325897523970454,8.567247421178946,0,1,6201.1797,-0.43759656,4,1,false,false,-14.987504,3.111237,10.051396,2.3524578,-0.33421186,3
42.158348,0.9488243,49.32590174998565,8.567240267243958,0,1,6201.288,-0.4487391,4,1,false,false,-15.151761,2.9082525,10.264078,2.3469996,-0.3220541,3
42.190777,0.948979,49.325906065729235,8.567233251013823,0,1,6211.8604,-0.46060818,4,1,false,false,-15.760645,2.6447306,10.838063,2.341639,-0.32661164,3
42.221844,0.9491339,49.325910381747214,8.567226097918498,0,1,6227.0923,-0.47029662,4,1,false,false,-16.415192,2.6532817,11.6756935,2.3360329,-0.34736437,3
42.252876,0.949289,49.325914787493595,8.56721908168836,0,1,6234.7803,-0.4729622,4,1,false,false,-15.88433,2.6682358,10.37335,2.330047,-0.36976996,3
42.285213,0.94944423,49.32591910351158,8.567212065458225,0,1,6242.322,-0.46908513,4,1,false,false,-15.024751,2.7228158,9.898255,2.3237622,-0.38108346,3
42.32042,0.94959956,49.325923509257954,8.567205186932942,0,1,6251.1465,-0.46472576,4,1,false,false,-15.200724,2.9665732,9.940511,2.3174071,-0.37806654,3
42.358593,0.949755,49.32592800500712,8.567198170702804,0,1,6242.6963,-0.46375683,4,1,false,false,-14.968404,3.072304,9.906269,2.311234,-0.35913706,3
42.39649,0.949911,49.32593250075629,8.56719129217752,0,1,6228.6465,-0.4669064,4,1,false,false,-14.088293,2.9576921,9.233432,2.3054676,-0.33334252,3
42.432316,0.95006686,49.325936996505455,8.567184551357087,0,1,6239.1245,-0.47441426,4,1,false,false,-13.270012,2.728899,8.277753,2.3001115,-0.3104472,3
42.465637,0.95022297,49.32594149225462,8.567177672831804,0,1,6262.357,-0.48604187,4,1,false,false,-13.147553,2.6274607,8.271745,2.2950964,-0.29483354,3
42.49766,0.95037913,49.32594607800658,8.56717093201137,0,1,6276.8525,-0.5022711,4,1,false,false,-13.482395,2.5503476,8.914409,2.2901974,-0.29890215,3
42.52836,0.95053524,49.32595066375854,8.567164053486087,0,1,6290.3813,-0.51680475,4,1,false,false,-14.079074,2.4731693,9.551823,2.285035,-0.3257154,3
42.55688,0.9506913,49.3259552492361,8.567157312665653,0,1,6312.702,-0.5255262,4,1,false,false,-15.412267,2.3728936,10.95324,2.2792325,-0.37533063,3
42.585503,0.9508475,49.32595992499085,8.56715070871041,0,1,6331.765,-0.52189153,4,1,false,false,-15.879348,2.5377617,10.6922655,2.2724748,-0.43349504,3
42.61875,0.9510038,49.3259646004712,8.567143967889976,0,1,6333.178,-0.50178605,4,1,false,false,-15.379411,2.8836222,9.907291,2.2648735,-0.46998653,3
42.656612,0.9511602,49.32596927595155,8.567137364774396,0,1,6316.9795,-0.4712656,4,1,false,false,-15.394758,3.1609588,9.882074,2.2569442,-0.47376344,3
42.697826,0.9513166,49.32597404143469,8.567130898524004,0,1,6294.698,-0.43541777,4,1,false,false,-15.437519,3.3184183,9.835157,2.2492669,-0.4393073,3
42.736973,0.9514731,49.32597880691783,8.567124295408423,0,1,6273.4473,-0.40441328,4,1,false,false,-15.272797,3.0974987,9.928363,2.242428,-0.38079897,3
42.77147,0.9516299,49.32598357240097,8.567117829997693,0,1,6271.9517,-0.38140464,4,1,false,false,-14.981603,2.7518897,9.867749,2.2365074,-0.33521003,3
42.80158,0.9517865,49.325988427886905,8.567111363747301,0,1,6294.064,-0.3649347,4,1,false,false,-15.003135,2.4949946,10.334522,2.231173,-0.3110494,3
42.82823,0.95194334,49.32599328337284,8.567104898336572,0,1,6319.0156,-0.3547621,4,1,false,false,-15.27546,2.3681977,10.965883,2.2259765,-0.3186217,3
42.855442,0.95210004,49.32599813885877,8.567098569791032,0,1,6341.088,-0.34628522,4,1,false,false,-15.267871,2.478918,10.6555395,2.2204318,-0.3485732,3
42.885773,0.95225704,49.32600308407309,8.567092241245492,0,1,6357.9644,-0.3327223,4,1,false,false,-15.085172,2.6941903,10.421775,2.2143605,-0.37765086,3
42.92104,0.952414,49.32600802928742,8.567085913539614,0,1,6360.9614,-0.31528443,4,1,false,false,-13.773431,3.0501823,9.210885,2.2079384,-0.38396707,3
42.961864,0.9525709,49.32601297477614,8.567079722698926,0,1,6347.694,-0.29566777,4,1,false,false,-13.824396,3.2888138,9.362634,2.201729,-0.3557055,3
43.00311,0.9527281,49.32601800999326,8.567073394153386,0,1,6324.945,-0.28404212,4,1,false,false,-14.539912,3.207998,10.443753,2.1961455,-0.3150183,3
43.041126,0.9528853,49.32602304521038,8.567067203312696,0,1,6315.8076,-0.2811369,4,1,false,false,-15.316976,2.975141,11.320992,2.191173,-0.28466317,3
43.073776,0.95304275,49.32602808042749,8.567061151016523,0,1,6326.014,-0.28404203,4,1,false,false,-15.246344,2.6428366,11.254355,2.1865401,-0.2756554,3
43.104847,0.9532001,49.326033115644606,8.567054960175835,0,1,6347.745,-0.28815982,4,1,false,false,-14.888906,2.662906,10.897497,2.1818936,-0.28190848,3
43.138855,0.95335746,49.32603824086451,8.567048907039998,0,1,6360.881,-0.28961283,4,1,false,false,-13.60909,2.8441017,9.283234,2.1771643,-0.28041974,3
43.177467,0.95351505,49.32604336608442,8.567042991609013,0,1,6356.585,-0.29033938,4,1,false,false,-12.5331335,3.0504174,8.511773,2.1726959,-0.2529978,3
43.217712,0.95367277,49.32604849102993,8.567036938473176,0,1,6348.629,-0.2949412,4,1,false,false,-12.355105,2.976967,8.644099,2.1687818,-0.21787477,3
43.256554,0.9538306,49.32605370625262,8.56703102304219,0,1,6349.1636,-0.3060818,4,1,false,false,-12.066273,2.8618314,8.735554,2.165381,-0.1925176,3
43.28988,0.95398843,49.326058921200925,8.567025106771542,0,1,6359.742,-0.3252144,4,1,false,false,-12.249832,2.3498354,8.681352,2.162307,-0.18776383,3
43.319687,0.9541463,49.326064136423625,8.567019191340558,0,1,6393.6113,-0.34580112,4,1,false,false,-11.055595,2.205945,7.971958,2.1590211,-0.2084078,3
43.351673,0.95430434,49.32606935137192,8.567013275909572,0,1,6431.666,-0.35984892,4,1,false,false,-11.059634,2.546463,7.851931,2.1553245,-0.23691303,3
43.38911,0.95446247,49.32607465632301,8.56700749818344,0,1,6440.788,-0.36638772,4,1,false,false,-9.214508,2.8277788,6.1965775,2.1512825,-0.24394397,3
43.42882,0.9546206,49.3260799612741,8.567001720457306,0,1,6436.327,-0.36905137,4,1,false,false,-9.215281,2.669719,6.9253235,2.1472597,-0.24157734,3
43.46818,0.95477897,49.32608526622519,8.56699594189151,0,1,6454.227,-0.37244353,4,1,false,false,-9.4118805,2.8798344,6.611672,2.1431627,-0.25052097,3
43.511795,0.9549374,49.32609057145068,8.566990164165377,0,1,6460.9995,-0.37656036,4,1,false,false,-8.314328,2.682879,5.4579415,2.1392457,-0.22060862,3
43.54655,0.9550959,49.326095876401766,8.566984386439243,0,1,6455.775,-0.3818886,4,1,false,false,-10.670506,2.3985498,8.463536,2.1355844,-0.23303138,3
43.57995,0.95525455,49.32610127135565,8.566978745578298,0,1,6494.2275,-0.38866994,4,1,false,false,-12.2028265,2.527898,9.233016,2.1312528,-0.28776878,3
43.619057,0.9554132,49.32610666603513,8.566972967852166,0,1,6505.313,-0.38261607,4,1,false,false,-6.3511424,2.4439585,3.812279,2.1265957,-0.26097286,3
43.653976,0.955572,49.32611206098901,8.566967327830884,0,1,6503.192,-0.36614624,4,1,false,false,-10.909095,2.6946998,7.220471,2.122311,-0.27033585,3
43.695282,0.955731,49.32611745594289,8.56696168696994,0,1,6529.39,-0.36057544,4,1,false,false,-15.380849,2.6084855,10.8764,2.1173496,-0.32192397,3
43.70567,0.95589,49.32612285089677,8.56695618465351,0,1,6534.325,-0.33223838,4,1,false,false,-11.187613,0.35868847,10.619337,2.1115375,-0.39242122,3
43.742752,0.956049,49.32612833557904,8.566950543792565,0,1,6644.784,-0.2942137,4,1,false,false,-15.934572,4.4182143,12.042553,2.10408,-0.4911814,3
43.803356,0.9562082,49.326133820535716,8.566945041476135,0,1,6573.804,-0.25861397,4,1,false,false,-14.773851,4.3790975,11.033615,2.0962117,-0.42213774,3
43.869087,0.95636773,49.32613930521799,8.566939676024894,0,1,6379.1777,-0.22398333,4,1,false,false,-16.795567,4.5790043,12.691575,2.0900736,-0.32682356,3
43.91816,0.9565274,49.326144879903055,8.566934172868802,0,1,6360.5474,-0.21453828,4,1,false,false,-16.749638,3.0464401,12.712915,2.0850666,-0.27262223,3
43.9488,0.9566873,49.32615045458812,8.566928807417561,0,1,6434.8047,-0.21720284,4,1,false,false,-13.2966,1.9427775,8.379814,2.0813951,-0.17058855,3
43.970078,0.95684713,49.326156029547576,8.566923442805983,0,1,6463.9214,-0.23076375,4,1,false,false,-15.010649,2.021841,13.047386,2.0786712,-0.17681958,3
44.002205,0.95700717,49.326161604232645,8.566918215059594,0,1,6476.4287,-0.26224574,4,1,false,false,-15.940218,2.8561196,13.563814,2.0752082,-0.23257834,3
44.0418,0.9571674,49.3261672689205,8.566912987313204,0,1,6465.466,-0.2736289,4,1,false,false,-5.933773,2.4082696,5.845762,2.0716467,-0.17383121,3
44.071796,0.95732766,49.32617293333395,8.566907759566815,0,1,6480.3154,-0.28404215,4,1,false,false,-7.621496,2.7141008,4.6681314,2.0690181,-0.14635536,3
44.118793,0.9574882,49.326178598021805,8.566902531820427,0,1,6512.3745,-0.31528446,4,1,false,false,-7.121955,2.3008974,4.6409974,2.0671859,-0.059898023,3
44.121006,0.95764863,49.32618426270966,8.566897441778888,0,1,6506.111,-0.3223082,4,1,false,false,-4.0742555,-1.314943,3.2322161,2.0666509,-0.036839057,3
44.103077,0.95780915,49.326189927397515,8.5668922140325,0,1,6732.6533,-0.34483203,4,1,false,false,-7.3538346,0.33195624,3.2075636,2.0653312,-0.12305935,3
44.11493,0.9579698,49.32619568208816,8.566887123990963,0,1,6954.0596,-0.3356285,4,1,false,false,-11.559876,1.4459908,9.7450075,2.0624418,-0.23501574,3
44.12951,0.9581304,49.32620134650162,8.566882033949424,0,1,6917.1606,-0.30632344,4,1,false,false,-12.583615,1.1959769,19.536219,2.0574303,-0.36574653,3
44.180634,0.958291,49.32620710119227,8.566876943907888,0,1,6854.684,-0.2607936,4,1,false,false,-9.314355,6.7771482,13.00776,2.050738,-0.40566522,3
44.302902,0.95845217,49.32621285560851,8.566871853866349,0,1,6641.9175,-0.21163303,4,1,false,false,-7.648594,6.299237,7.9570255,2.0456333,-0.20881249,3
44.37821,0.95861375,49.32621861029916,8.566866763824812,0,1,6347.842,-0.19565,4,1,false,false,-9.017762,4.1490135,9.825053,2.043601,-0.053930987,3
44.41373,0.95877546,49.32622436471541,8.566861810648463,0,1,6373.7856,-0.21284357,4,1,false,false,-6.8462048,1.5034531,10.275995,2.043402,0.024291594,3
44.415226,0.9589372,49.32623020940884,8.566856858311779,0,1,6563.633,-0.244084,4,1,false,false,-4.714395,-0.8073118,7.544651,2.0439515,0.030459864,3
44.389126,0.9590991,49.32623605382788,8.566851905975092,0,1,6682.4146,-0.2884013,4,1,false,false,-8.538336,-0.8118783,12.639978,2.043877,-0.0508809,3
44.426502,0.95926106,49.32624180824413,8.566846953638407,0,1,6737.8896,-0.32739404,4,1,false,false,-7.2330694,3.5779433,11.298683,2.0426424,-0.08434966,3
44.47964,0.9594232,49.32624765293756,8.566842000462058,0,1,6582.919,-0.35306656,4,1,false,false,-8.847328,3.178679,12.4168005,2.0413065,-0.08190266,3
44.537098,0.9595855,49.3262534973566,8.566837048125372,0,1,6446.526,-0.37026304,4,1,false,false,-7.4037595,3.5934284,10.586619,2.0400903,-0.05991015,3
44.574516,0.95974815,49.32625934177564,8.566832233493539,0,1,6473.1436,-0.3763178,4,1,false,false,-6.7691627,1.5255331,9.433231,2.039432,-0.021235699,3
44.58995,0.9599109,49.32626527619747,8.566827281156852,0,1,6552.471,-0.3770452,4,1,false,false,-8.77368,1.0123088,9.292084,2.0390062,-0.03892895,3
44.611954,0.9600738,49.326271120616504,8.566822465685355,0,1,6600.6133,-0.37389567,4,1,false,false,-7.323057,1.4806844,8.240351,2.0380008,-0.076589294,3
44.63246,0.9602368,49.32627705503833,8.566817651053523,0,1,6624.8486,-0.36372313,4,1,false,false,-6.9589863,1.3464202,8.382121,2.036272,-0.1292353,3
44.66051,0.96039987,49.32628298946016,8.566812835582025,0,1,6675.739,-0.3506454,4,1,false,false,-8.292125,2.3858335,7.869527,2.0335422,-0.19928852,3
44.713806,0.9605632,49.32628892388199,8.566808158655043,0,1,6692.4614,-0.32545602,4,1,false,false,-6.4156566,3.2732553,6.055419,2.0299847,-0.21776648,3
44.76172,0.9607266,49.32629485830382,8.566803343183546,0,1,6618.9043,-0.2888864,4,1,false,false,-6.984251,2.8903372,7.852421,2.026301,-0.22767487,3
44.81259,0.96089035,49.32630079245125,8.566798666256563,0,1,6615.043,-0.26248822,4,1,false,false,-9.258538,3.4137218,11.030408,2.0222516,-0.25669327,3
44.863804,0.9610542,49.32630672687308,8.566793850785066,0,1,6622.8906,-0.23560709,4,1,false,false,-9.818409,2.6503153,10.066079,2.0179443,-0.2575414,3
44.903946,0.96121836,49.3263127512977,8.566789173858085,0,1,6592.2715,-0.21357013,4,1,false,false,-9.547693,2.5828247,11.507474,2.013548,-0.2711816,3
44.94846,0.9613826,49.32631877544792,8.56678449609144,0,1,6616.3643,-0.20339948,4,1,false,false,-9.037765,3.119043,9.809803,2.008909,-0.27892655,3
44.99364,0.96154714,49.32632470986975,8.56677995686931,0,1,6622.106,-0.19879769,4,1,false,false,-8.512324,2.713396,8.9375305,2.0046024,-0.23565213,3
45.032856,0.96171176,49.32633082429716,8.566775279102664,0,1,6596.973,-0.20364106,4,1,false,false,-10.927813,2.5700474,12.125004,2.0007977,-0.22509626,3
45.07623,0.9618767,49.32633684844738,8.566770739040871,0,1,6615.0312,-0.21792942,4,1,false,false,-11.003679,2.8139534,11.546167,1.9969401,-0.23335429,3
45.10898,0.9620417,49.326342872872,8.56676619981874,0,1,6629.3296,-0.23124783,4,1,false,false,-10.449155,1.9723912,11.093073,1.9930261,-0.2434869,3
45.14458,0.96220696,49.326348987025014,8.566761659756947,0,1,6659.7637,-0.24214599,4,1,false,false,-10.676057,2.7833443,11.664381,1.9886614,-0.27743658,3
45.19108,0.9623723,49.326355101178024,8.566757119695154,0,1,6665.997,-0.24408405,4,1,false,false,-10.99999,2.9945683,11.24515,1.9841145,-0.26463932,3
45.232826,0.962538,49.32636121533103,8.566752717338211,0,1,6623.2827,-0.24141945,4,1,false,false,-12.396623,2.8827205,11.702024,1.9797761,-0.2644778,3
45.27864,0.96270376,49.32636732975845,8.56674831498127,0,1,6624.2095,-0.23899826,4,1,false,false,-10.870598,3.2119427,10.122197,1.9754333,-0.24935243,3
45.318592,0.96286964,49.32637353391425,8.566743912624329,0,1,6632.549,-0.23366994,4,1,false,false,-8.438629,2.561115,7.17666,1.9717674,-0.18820404,3
45.35885,0.9630359,49.32637964806726,8.56673951110705,0,1,6636.732,-0.23633364,4,1,false,false,-7.6450973,2.852725,5.792133,1.9691243,-0.1294356,3
45.400875,0.9632023,49.32638585222306,8.56673524645496,0,1,6639.9565,-0.2445681,4,1,false,false,-6.3096466,2.5291965,4.0349145,1.9674612,-0.065989204,3
45.423187,0.9633688,49.326392056378864,8.56673084409802,0,1,6657.2515,-0.259098,4,1,false,false,-7.454042,0.8005034,6.281013,1.9664285,-0.06861572,3
45.43757,0.9635354,49.326398260534674,8.566726579445929,0,1,6757.114,-0.27483955,4,1,false,false,-8.640228,1.1695611,8.625506,1.964639,-0.13986519,3
45.45009,0.9637021,49.32640446441607,8.56672231479384,0,1,6855.4175,-0.2707228,4,1,false,false,-7.1933126,0.43511802,7.110665,1.9616282,-0.21846613,3
45.46345,0.9638689,49.32641066857188,8.56671805014175,0,1,6921.8647,-0.24166101,4,1,false,false,-8.08925,1.0904031,9.095734,1.9572885,-0.3016864,3
45.49807,0.9640358,49.326416872727684,8.566713922354849,0,1,6991.5967,-0.196619,4,1,false,false,-6.1545806,4.057194,6.6818595,1.9517194,-0.35153773,3
45.57384,0.964203,49.32642316688627,8.566709657702757,0,1,6918.444,-0.13850111,4,1,false,false,-8.824564,4.694375,7.8724556,1.9460608,-0.33324313,3
45.650364,0.96437037,49.32642946104487,8.56670553075552,0,1,6728.2114,-0.101210535,4,1,false,false,-7.900792,5.3332686,9.068046,1.9409004,-0.2830658,3
45.720814,0.9645382,49.32643566492627,8.566701266103431,0,1,6659.626,-0.07481809,4,1,false,false,-12.958815,3.4548821,14.062254,1.9367048,-0.22845367,3
45.758812,0.96470624,49.32644204908766,8.566697276861044,0,1,6675.11,-0.06779607,4,1,false,false,-11.945027,2.5398614,14.573643,1.933193,-0.1966625,3
45.792263,0.96487445,49.32644834297185,8.566693149913807,0,1,6708.656,-0.0544786,4,1,false,false,-11.411642,1.8186878,11.9924135,1.9301206,-0.17938831,3
45.826057,0.9650427,49.326454637130446,8.566689159831757,0,1,6734.718,-0.042371742,4,1,false,false,-9.827761,4.06081,11.272292,1.9271686,-0.15886036,3
45.8786,0.9652113,49.32646102101743,8.56668503288452,0,1,6700.706,-0.034624122,4,1,false,false,-11.384617,2.9922261,11.346478,1.9251782,-0.08138795,3
45.92494,0.96537995,49.32646740490442,8.566681180507322,0,1,6632.142,-0.036802806,4,1,false,false,-9.158037,2.9173148,12.05288,1.924448,-0.012867189,3
45.96279,0.9655489,49.3264737890658,8.566677191264935,0,1,6659.822,-0.03462412,4,1,false,false,-8.438344,2.110562,12.450475,1.9244254,0.0029945802,3
45.992397,0.9657179,49.32648017295279,8.56667320202255,0,1,6728.918,-0.0290552,4,1,false,false,-7.2890286,1.9164798,11.376622,1.9244303,-0.0037358734,3
46.02606,0.9658871,49.326486556839775,8.566669349645352,0,1,6754.1694,-0.020581035,4,1,false,false,-6.1664395,2.3839,10.763584,1.9242747,-0.014628927,3
46.069565,0.96605647,49.32649303072955,8.566665498107817,0,1,6745.006,-0.013074976,4,1,false,false,-5.4318547,2.8420768,9.9688,1.9240203,-0.014864245,3
46.115376,0.96622604,49.32649941489094,8.566661645730619,0,1,6733.5596,-0.007990108,4,1,false,false,-4.7467184,2.7924802,10.571015,1.9238392,-0.006329663,3
46.15959,0.96639585,49.326505888780716,8.566657794193086,0,1,6733.073,-0.0048433123,4,1,false,false,-4.378857,2.6070645,11.199489,1.923834,0.00479151,3
46.20105,0.96656585,49.326512362396095,8.566653941815888,0,1,6742.82,-0.0016955811,4,1,false,false,-3.9509902,2.5490832,12.777848,1.9239469,0.007960973,3
46.24152,0.9667359,49.326518746557475,8.566650090278353,0,1,6755.7847,0.0019362015,4,1,false,false,-3.3963397,2.494722,10.493838,1.9241152,0.0108404085,3
46.283165,0.96690613,49.32652522044725,8.566646237901155,0,1,6763.036,0.0062945285,4,1,false,false,-2.3869522,2.6024504,9.578246,1.9243106,0.014865737,3
46.326393,0.96707666,49.326531694337035,8.56664252322881,0,1,6765.8525,0.007263565,4,1,false,false,-2.0477958,2.6905525,8.59877,1.9246292,0.022686496,3
46.37017,0.9672473,49.32653816822681,8.566638671691274,0,1,6760.6074,0.009683817,4,1,false,false,-1.3505244,2.5275881,7.008146,1.9250814,0.033257347,3
46.41055,0.96741813,49.326544731844976,8.566634819314077,0,1,6765.4824,0.01041036,4,1,false,false,-1.3203311,2.4215326,6.42742,1.9256843,0.03751646,3
46.44374,0.967589,49.32655120573475,8.566631105481395,0,1,6795.486,0.009926311,4,1,false,false,-1.1603101,1.8067528,5.7120748,1.9263201,0.03661513,3
46.474422,0.9677602,49.32655767962453,8.566627253104198,0,1,6844.325,0.010167865,4,1,false,false,-0.7093483,1.7949618,7.306914,1.9269171,0.035993725,3
46.49856,0.96793145,49.3265642435171,8.566623401566662,0,1,6895.494,0.012347497,4,1,false,false,-0.44146577,1.5977013,8.403006,1.9274323,0.026975999,3
46.528503,0.96810275,49.326570717406874,8.566619686894317,0,1,6950.604,0.014768684,4,1,false,false,-0.62891185,1.7111962,7.944329,1.9278592,0.022334954,3
46.571754,0.96827424,49.326577281025045,8.566615834517119,0,1,6976.574,0.02348534,4,1,false,false,-0.16150664,3.1147153,8.362029,1.9282414,0.02475378,3
46.63328,0.96844596,49.32658375491482,8.566611982979586,0,1,6929.403,0.03413819,4,1,false,false,0.313642,4.2362914,8.301594,1.9286375,0.024783676,3
46.701706,0.96861804,49.32659031880739,8.566608268307238,0,1,6827.4463,0.047937844,4,1,false,false,-0.107391074,3.7736177,7.1822615,1.9290531,0.022936253,3
46.757626,0.9687902,49.32659688269996,8.566604416769705,0,1,6778.0576,0.067305475,4,1,false,false,0.55212796,2.9178212,8.653247,1.9294269,0.023390453,3
46.798687,0.9689625,49.326603356589736,8.566600564392507,0,1,6809.2393,0.09006335,4,1,false,false,1.1947334,2.0824778,10.030936,1.9298546,0.030028455,3
46.83073,0.9691351,49.32660992020791,8.566596712854972,0,1,6846.9375,0.1157255,4,1,false,false,1.7693707,1.6727495,11.623379,1.9304576,0.044722743,3
46.862793,0.9693078,49.32661648410048,8.566592860477774,0,1,6879.4204,0.13606076,4,1,false,false,2.2899504,2.0578198,11.369521,1.9313899,0.06808511,3
46.902027,0.9694806,49.32662304799304,8.566589008940241,0,1,6906.9326,0.14743923,4,1,false,false,2.8475578,2.3651693,10.201483,1.9327695,0.09655196,3
46.947666,0.9696535,49.32662961161121,8.566585156563043,0,1,6898.855,0.15518634,4,1,false,false,2.9870274,2.8822005,10.87614,1.9345807,0.11791826,3
46.99796,0.9698267,49.32663617550378,8.566581305025508,0,1,6866.3315,0.1568801,4,1,false,false,3.010618,2.9144208,10.931401,1.936678,0.13009064,3
47.04506,0.97,49.32664273912195,8.56657745264831,0,1,6848.116,0.15082803,4,1,false,false,3.6591613,2.6861327,12.785165,1.938935,0.13926908,3
47.086685,0.9701735,49.32664930301451,8.566573463405925,0,1,6856.463,0.14114472,4,1,false,false,3.9990957,2.3823743,12.3789625,1.9413232,0.14564352,3
47.125603,0.9703469,49.32665586690708,8.566569611028727,0,1,6870.06,0.12831452,4,1,false,false,4.179395,2.3586113,12.521855,1.9437933,0.14871937,3
47.16497,0.9705204,49.326662520528046,8.56656562178634,0,1,6874.8486,0.11330523,4,1,false,false,4.1282225,2.485877,12.225349,1.946275,0.14667258,3
47.205643,0.970694,49.32666908442061,8.56656163170429,0,1,6873.514,0.09853655,4,1,false,false,4.1178985,2.4472234,12.024285,1.9486758,0.13973673,3
47.2458,0.97086775,49.32667564803878,8.566557642461905,0,1,6874.8076,0.085705936,4,1,false,false,4.2721915,2.4214015,12.1196785,1.950908,0.12865284,3
47.284874,0.97104156,49.32668221193135,8.566553653219518,0,1,6882.836,0.07602214,4,1,false,false,3.702064,2.3595085,10.643801,1.9529577,0.115002416,3
47.3231,0.97121555,49.32668877582392,8.566549663137469,0,1,6891.7188,0.07093818,4,1,false,false,2.9563708,2.3852997,8.923844,1.9547253,0.096009284,3
47.36092,0.9713895,49.326695429444875,8.566545536190231,0,1,6902.3643,0.07190535,4,1,false,false,3.0619714,2.1869802,6.7961197,1.9560759,0.07037676,3
47.3959,0.9715637,49.326701993337444,8.566541546947846,0,1,6917.4053,0.084252864,4,1,false,false,4.165351,2.0211933,10.570014,1.9571906,0.06702804,3
47.427475,0.971738,49.326708556955616,8.566537420000607,0,1,6935.9185,0.11064155,4,1,false,false,4.2102423,1.9775063,11.578654,1.9584299,0.082693174,3
47.450428,0.9719123,49.326715120848185,8.566533429918557,0,1,6973.16,0.12758802,4,1,false,false,4.4902334,0.91309315,9.424636,1.9600389,0.11682815,3
47.49011,0.97208685,49.32672177446914,8.56652930297132,0,1,7038.3403,0.12831452,4,1,false,false,4.5032125,2.7700965,8.5868435,1.9621701,0.13216119,3
47.54087,0.97226155,49.32672833836171,8.566525176024083,0,1,7001.1704,0.12952513,4,1,false,false,4.6111217,3.408579,9.688466,1.9644308,0.13185772,3
47.592854,0.97243637,49.32673490197988,8.566521049076844,0,1,6907.78,0.13291393,4,1,false,false,4.4742484,3.0702724,10.046105,1.9665105,0.11786748,3
47.635853,0.9726114,49.32674155587524,8.566516784424755,0,1,6910.5874,0.12686191,4,1,false,false,4.4590993,2.205764,9.157712,1.9683795,0.10828137,3
47.666553,0.9727866,49.32674811949341,8.566512656637853,0,1,6969.75,0.11717812,4,1,false,false,4.4727287,1.803782,9.269765,1.9701654,0.10701356,3
47.699345,0.972962,49.32675468338598,8.566508391985764,0,1,6992.4795,0.111610115,4,1,false,false,4.7947865,2.1934006,10.107745,1.971956,0.1091301,3
47.737225,0.9731374,49.326761337006936,8.566504127333673,0,1,6980.2124,0.106768206,4,1,false,false,4.6283627,2.3662624,9.559702,1.9738022,0.112872705,3
47.776047,0.973313,49.326767900899505,8.566500000386435,0,1,6985.4136,0.10555765,4,1,false,false,4.404612,2.3286116,9.144846,1.975698,0.114685856,3
47.812634,0.9734887,49.326774464792074,8.566495735734346,0,1,7005.91,0.10507358,4,1,false,false,4.0686755,2.2298875,8.773436,1.9776118,0.113928355,3
47.850227,0.9736646,49.32678111841303,8.566491333377403,0,1,7014.056,0.10652618,4,1,false,false,4.640419,2.3214364,9.2662,1.9795041,0.11421121,3
47.888412,0.97384065,49.3267876823056,8.566487068725314,0,1,7011.134,0.110157505,4,1,false,false,5.024752,2.367122,10.21106,1.9814265,0.11803367,3
47.927185,0.9740168,49.32679424592377,8.566482804073225,0,1,7016.9688,0.110883586,4,1,false,false,5.037911,2.3522415,10.249407,1.9834458,0.12325615,3
47.964005,0.9741931,49.326800899819126,8.566478401716282,0,1,7026.3164,0.11039954,4,1,false,false,5.3349214,2.3451927,10.410757,1.9855412,0.12829861,3
48.003376,0.97436947,49.3268074634373,8.56647399935934,0,1,7030.904,0.107252724,4,1,false,false,5.618502,2.4814417,11.107605,1.9877355,0.13284945,3
48.044094,0.97454613,49.32681411733265,8.566469597842064,0,1,7019.6265,0.10265284,4,1,false,false,5.7346783,2.538811,11.277877,1.9899532,0.13118485,3
48.084354,0.9747229,49.326820680950824,8.56646519548512,0,1,7009.825,0.093210585,4,1,false,false,5.706348,2.471483,10.949599,1.9921025,0.12524126,3
48.122665,0.9748998,49.32682724484339,8.56646079312818,0,1,7014.045,0.08183262,4,1,false,false,5.6853848,2.3325562,10.987598,1.9941232,0.11624584,3
48.152897,0.9750769,49.32683389846435,8.566456253066386,0,1,6869.4067,0.07166381,0,1,false,false,5.156496,0.61044735,10.319775,1.995955,0.10151358,3
48.137257,0.97525394,49.32684046235692,8.566451850709445,0,1,6734.164,0.05980128,0,1,false,false,4.869589,-1.2606685,10.544565,1.9974608,0.07985343,3
48.16427,0.975431,49.32684702597509,8.56644731064765,0,1,5845.4556,0.051568694,5,1,false,false,4.676933,4.920621,11.408989,1.998659,0.068592586,3
48.240353,0.97560835,49.326853679870446,8.566442771425521,0,1,5621.6978,0.046727255,5,1,false,false,4.5037303,2.8348556,9.615982,1.9998319,0.07116427,3
48.245075,0.9757859,49.32686024348862,8.566438231363728,0,1,6022.981,0.046727248,5,1,false,false,3.8177626,-0.17313896,9.831789,2.0009513,0.060920123,3
48.269756,0.9759633,49.32686680738119,8.566433691301933,0,1,5925.324,0.04745379,5,1,false,false,3.862221,2.8144648,9.781417,2.0018778,0.052655205,3
48.323177,0.976141,49.326873371273756,8.566429014374952,0,1,5799.6313,0.04745379,5,1,false,false,3.7231987,3.0252523,9.762687,2.0027525,0.05219679,3
48.358498,0.97631884,49.32688002489471,8.566424474313159,0,1,5904.5396,0.04842189,5,1,false,false,3.5110364,1.7091442,9.9739895,2.0036278,0.051567003,3
48.38837,0.9764968,49.32688658878728,8.566419796546512,0,1,5924.221,0.047695346,5,1,false,false,3.6223373,2.1336112,10.193902,2.0044665,0.0504428,3
48.428413,0.97667485,49.326893152405454,8.566415257324383,0,1,5879.849,0.04745379,5,1,false,false,3.468616,2.548663,10.146928,2.005318,0.051702477,3
48.467102,0.9768531,49.32689980630081,8.566410579557738,0,1,5898.695,0.047695346,5,1,false,false,3.2401967,2.219492,9.453419,2.0062046,0.052968703,3
48.502422,0.97703147,49.32690636991898,8.566405902630756,0,1,5914.3496,0.04745379,5,1,false,false,3.2846653,2.2517326,10.935997,2.0070693,0.05122726,3
48.54057,0.9772099,49.32691293381155,8.56640122486411,0,1,5902.1094,0.046727248,5,1,false,false,3.2659423,2.3769743,10.847503,2.007927,0.050944224,3
48.578445,0.97738856,49.326919587432506,8.566396547097465,0,1,5902.3594,0.046000704,5,1,false,false,3.087638,2.2407622,10.395287,2.0087736,0.04977016,3
48.6137,0.9775674,49.326926151325075,8.566391870170483,0,1,5915.0166,0.045032606,5,1,false,false,2.9177325,2.2274585,10.314207,2.009601,0.049121704,3
48.650288,0.9777463,49.32693280494604,8.56638705553865,0,1,5919.124,0.044064503,5,1,false,false,2.9409304,2.2482083,10.329472,2.010403,0.04696344,3
48.68717,0.97792536,49.3269393688386,8.566382377772005,0,1,5915.2827,0.04333796,5,1,false,false,2.7527115,2.2509122,9.8681755,2.011178,0.045427907,3
48.722958,0.97810453,49.32694593245677,8.56637756314017,0,1,5922.7896,0.043337956,5,1,false,false,2.6147468,2.1636963,9.936949,2.011912,0.043114178,3
48.75808,0.9782839,49.326952586352135,8.566372885373525,0,1,5932.7017,0.042611413,5,1,false,false,2.661402,2.1501634,9.689239,2.0126188,0.04259393,3
48.793507,0.9784634,49.3269591499703,8.566368070741692,0,1,5937.7314,0.042611413,5,1,false,false,2.3597066,2.1734133,9.250248,2.0133193,0.04132692,3
48.82871,0.97864294,49.32696580386566,8.566363255270193,0,1,5944.1357,0.042611413,5,1,false,false,2.2592185,2.148563,9.3647785,2.0140057,0.04152082,3
48.864185,0.97882265,49.32697245748662,8.56635844063836,0,1,5953.3296,0.04188487,5,1,false,false,2.2269723,2.1705008,9.797889,2.0146844,0.040608227,3
48.89983,0.9790025,49.32697902137919,8.566353625166863,0,1,5958.2144,0.039947733,5,1,false,false,2.2553709,2.181427,9.596793,2.0153716,0.042347927,3
48.935577,0.9791825,49.32698567500015,8.566348810535029,0,1,5963.5327,0.038495585,5,1,false,false,2.084775,2.1980424,9.21098,2.0160832,0.043055408,3
48.971756,0.9793626,49.326992238892714,8.566343995903196,0,1,5970.4185,0.035347853,5,1,false,false,2.1008015,2.2246883,9.452586,2.0168002,0.04326211,3
49.008755,0.97954285,49.32699889251368,8.566339180431699,0,1,5972.0073,0.030989528,5,1,false,false,1.8939046,2.26662,9.610076,2.0175102,0.041353837,3
49.0456,0.97972316,49.327005546134636,8.566334228095013,0,1,5972.153,0.027358674,5,1,false,false,1.8667812,2.2233517,9.226436,2.018189,0.039901063,3
49.081795,0.9799037,49.327012110027205,8.56632941346318,0,1,5978.0483,0.024452504,5,1,false,false,1.7761669,2.1950793,9.09707,2.0188198,0.03656046,3
49.11766,0.9800844,49.32701876364816,8.566324597991683,0,1,5983.7793,0.020095117,5,1,false,false,1.7131684,2.1840172,9.439211,2.0193892,0.032815307,3
49.15349,0.98026514,49.32702541726913,8.566319645654996,0,1,5987.814,0.017189879,5,1,false,false,1.6460497,2.1605527,9.806248,2.0199027,0.029382003,3
49.18898,0.98044616,49.32703207116448,8.566314693318311,0,1,5994.2876,0.014768687,5,1,false,false,1.5999268,2.135734,9.890148,2.0203822,0.028509114,3
49.22474,0.9806271,49.32703863478265,8.566309877846814,0,1,6002.3306,0.01283155,5,1,false,false,1.6043452,2.1910641,9.771382,2.0208447,0.027260654,3
49.261467,0.9808083,49.327045288678015,8.566304925510128,0,1,6005.288,0.010652851,5,1,false,false,1.4498818,2.260159,9.829412,2.0212855,0.024772117,3
49.29888,0.98098963,49.32705194229897,8.566299973173443,0,1,6002.5767,0.009683816,5,1,false,false,1.3379782,2.2804585,9.94386,2.0216703,0.020701358,3
49.336372,0.9811711,49.32705859591993,8.566295020836758,0,1,6002.1304,0.007990108,5,1,false,false,1.3257208,2.2396057,9.970757,2.0219846,0.016647778,3
49.37266,0.9813527,49.32706524981529,8.566290067660407,0,1,6004.0625,0.006537021,5,1,false,false,1.3714609,2.1743765,9.680631,2.0222373,0.014266272,3
49.408077,0.9815344,49.32707190343625,8.566285115323723,0,1,6009.2476,0.0058104773,5,1,false,false,1.2008566,2.139335,10.143903,2.0224519,0.011774753,3
49.443096,0.9817163,49.32707855705721,8.566280162987038,0,1,6015.1,0.00484144,5,1,false,false,1.0766106,2.1108806,10.116649,2.0226202,0.008818192,3
49.4782,0.98189825,49.32708521095257,8.566275210650351,0,1,6021.1006,0.0041148965,5,1,false,false,1.0038471,2.1242595,9.885635,2.0227547,0.0072108577,3
49.513153,0.9820803,49.32709186457353,8.566270257474002,0,1,6026.766,0.004599884,5,1,false,false,0.90371716,2.1368253,9.72786,2.0228677,0.006483072,3
49.548424,0.9822626,49.32709860819728,8.566265167432466,0,1,6032.241,0.005810476,5,1,false,false,0.8378186,2.142995,9.7049465,2.0229645,0.0052820956,3
49.584133,0.982445,49.32710526181824,8.56626021509578,0,1,6035.588,0.0070210705,5,1,false,false,0.78080636,2.1462257,9.2246065,2.0230455,0.004640323,3
49.61948,0.98262745,49.3271119157136,8.566255262759094,0,1,6038.326,0.008230729,5,1,false,false,0.66489685,2.1330957,9.605133,2.0231116,0.0036773002,3
49.65445,0.9828101,49.32711856933456,8.566250172717556,0,1,6044.618,0.008957272,5,1,false,false,0.6564995,2.110561,9.998686,2.0231767,0.004747659,3
49.689064,0.9829929,49.327125312958316,8.566245219541207,0,1,6051.455,0.009441322,5,1,false,false,0.6194522,2.0774088,9.717667,2.02326,0.0058947173,3
49.72362,0.9831757,49.32713196657927,8.56624012949967,0,1,6058.555,0.009199768,5,1,false,false,0.50497025,2.112499,9.803006,2.0233686,0.0067150854,3
49.759136,0.98335874,49.327138620474635,8.566235177162985,0,1,6064.1255,0.007990107,5,1,false,false,0.4722091,2.1774728,10.109975,2.0234842,0.0066194586,3
49.795338,0.9835419,49.327145364098385,8.566230087121447,0,1,6063.3706,0.006294527,5,1,false,false,0.47611338,2.1925485,10.015029,2.0236,0.006788793,3
49.831367,0.98372513,49.32715201771934,8.56622499707991,0,1,6064.361,0.004841441,5,1,false,false,0.45948333,2.1741745,10.173536,2.0237179,0.006976932,3
49.867023,0.9839085,49.32715876134309,8.566220044743224,0,1,6068.4146,0.004599884,5,1,false,false,0.3729016,2.1469076,10.337881,2.023838,0.0068091988,3
49.902435,0.98409206,49.32716541496406,8.566214954701687,0,1,6070.0938,0.0038733399,5,1,false,false,0.27503872,2.1468074,10.316069,2.0239477,0.0055982177,3
49.93753,0.98427576,49.32717215858781,8.56620986466015,0,1,6071.9424,0.0024211886,5,1,false,false,0.29033002,2.1304047,10.553873,2.024039,0.005096767,3
49.972446,0.9844595,49.32717890221156,8.566204774618612,0,1,6077.0083,0.0019362015,5,1,false,false,0.25967205,2.1026068,9.97958,2.024126,0.004796073,3
50.00699,0.98464346,49.32718555610691,8.566199821442263,0,1,6079.89,0.0019362016,5,1,false,false,0.22417021,2.094205,9.846075,2.024201,0.0042565716,3
50.041584,0.9848275,49.32719229973067,8.566194731400726,0,1,6083.6455,0.0016946442,5,1,false,false,0.12410925,2.1027958,9.918796,2.0242662,0.003207815,3
50.07566,0.98501164,49.32719904335442,8.566189641359188,0,1,6088.462,0.0016946445,5,1,false,false,0.13429302,2.0471952,9.51804,2.0243108,0.0026487235,3
50.1091,0.985196,49.32720578697817,8.56618455131765,0,1,6094.9995,0.002178695,5,1,false,false,0.1151278,2.0267522,9.171098,2.0243435,0.0022252833,3
50.142384,0.9853804,49.32721253060192,8.566179461276114,0,1,6104.301,0.0024211886,5,1,false,false,0.13224754,2.0169327,9.2752285,2.024371,0.002235798,3
50.175873,0.9855649,49.32721927422567,8.566174371234576,0,1,6111.2856,0.0031467956,5,1,false,false,0.09049159,2.031001,9.66871,2.0244024,0.0024296192,3
50.209538,0.9857496,49.32722601784942,8.566169281193039,0,1,6117.841,0.0033883522,5,1,false,false,0.08538926,2.0478282,9.761371,2.0244398,0.0025636647,3
50.243565,0.9859344,49.32723276147318,8.566164191151502,0,1,6125.295,0.0033883527,5,1,false,false,0.039309368,2.0676758,8.762192,2.024484,0.0027818887,3
50.278404,0.9861193,49.32723950509693,8.566158963405112,0,1,6128.8794,0.002904302,5,1,false,false,0.05007106,2.13583,8.746479,2.0245392,0.0037556565,3
50.314423,0.98630434,49.32724624872068,8.566153873363575,0,1,6128.041,0.0024211886,5,1,false,false,-0.004018262,2.1974103,9.285583,2.0246012,0.0043739593,3
50.34959,0.98648953,49.32725299234443,8.566148783322037,0,1,6126.1626,0.0007256074,5,1,false,false,-0.011742979,2.0691147,8.855925,2.0246627,0.004296791,3
50.3829,0.9866748,49.32725973596818,8.5661436932805,0,1,6134.968,-0.0019380741,5,1,false,false,-0.0510218,1.9750022,8.986478,2.024724,0.004382646,3
50.415756,0.9868602,49.32726656932032,8.566138602399299,0,1,6148.667,-0.004358326,5,1,false,false,-0.091371045,1.9690653,8.849713,2.0247972,0.004945064,3
50.44901,0.9870457,49.32727331294407,8.566133375492573,0,1,6153.0283,-0.0072644996,5,1,false,false,-0.219058,2.0312917,10.003662,2.024871,0.0042530796,3
50.483883,0.9872315,49.32728005656782,8.566128285451036,0,1,6157.8374,-0.01355903,5,1,false,false,-0.16608673,2.1205933,8.8946085,2.0249245,0.0022612982,3
50.51833,0.9874172,49.327286890194365,8.566123194569835,0,1,6161.218,-0.021065088,5,1,false,false,-0.1834212,2.057741,9.928938,2.0249538,0.0010410293,3
50.555294,0.9876031,49.327293633818115,8.566117967663109,0,1,6163.573,-0.02445437,5,1,false,false,-0.4798922,2.2937405,11.119183,2.024949,-0.0031973242,3
50.591843,0.9877892,49.32730046744466,8.566112876781908,0,1,6153.0195,-0.027118055,5,1,false,false,-0.6303974,2.1297274,10.308344,2.0248551,-0.009316004,3
50.626892,0.98797536,49.327307300796804,8.566107786740371,0,1,6154.6147,-0.03099233,5,1,false,false,-0.6086745,2.1114345,10.455778,2.0246627,-0.015002955,3
50.6621,0.98816174,49.327314044420554,8.566102558993983,0,1,6161.704,-0.033171963,5,1,false,false,-0.5684,2.1310637,10.871192,2.0243883,-0.018713765,3
50.69696,0.9883482,49.3273208780471,8.566097468952444,0,1,6152.5615,-0.032686975,5,1,false,false,-0.6471847,2.110423,10.616108,2.02405,-0.022311803,3
50.73091,0.9885347,49.32732771167364,8.566092241206055,0,1,6154.5513,-0.030992337,5,1,false,false,-0.7328479,2.0019073,10.836546,2.023651,-0.025495118,3
50.763012,0.9887214,49.32733454502578,8.566087151164517,0,1,6166.4224,-0.03026579,5,1,false,false,-0.9277588,1.941971,10.791536,2.0232053,-0.028851025,3
50.79519,0.9889083,49.32734128864953,8.566081923418128,0,1,6172.4365,-0.029296752,5,1,false,false,-0.7808004,1.9672456,10.788496,2.0227125,-0.029839702,3
50.827908,0.9890952,49.32734812227607,8.566076833376592,0,1,6176.555,-0.028087098,5,1,false,false,-0.9050268,1.9984424,10.89558,2.0222135,-0.030615052,3
50.860806,0.98928225,49.327354955902614,8.566071605630201,0,1,6182.5337,-0.027360551,5,1,false,false,-0.9381621,2.0074446,10.703111,2.0217016,-0.03156211,3
50.89374,0.98946947,49.32736178925476,8.566066515588664,0,1,6185.451,-0.027118055,5,1,false,false,-1.181328,2.0256724,9.681976,2.0211804,-0.033060495,3
50.927425,0.98965675,49.327368712884095,8.566061287842276,0,1,6187.7144,-0.026634008,5,1,false,false,-0.97505295,2.0496655,8.458083,2.0206292,-0.032395348,3
50.960518,0.9898442,49.32737554623623,8.566056197800737,0,1,6188.5977,-0.026149957,5,1,false,false,-1.0134498,1.9861236,8.091,2.0200958,-0.03030805,3
50.991997,0.9900317,49.327382379862776,8.566050970054349,0,1,6194.2627,-0.025423413,5,1,false,false,-1.0117426,1.8447832,9.476767,2.019584,-0.028102951,3
51.020123,0.9902194,49.32738921348932,8.566045880012812,0,1,6210.451,-0.023727832,5,1,false,false,-1.1699672,1.6136695,10.0482435,2.0190911,-0.029162595,3
51.046955,0.99040717,49.32739613684425,8.566040652266421,0,1,6239.9165,-0.022034127,5,1,false,false,-1.2087398,1.672478,10.107369,2.0185792,-0.031925194,3
51.078743,0.990595,49.32740297047079,8.566035562224885,0,1,6258.283,-0.019370444,5,1,false,false,-1.1490676,2.2065606,10.6556635,2.01804,-0.033315953,3
51.117146,0.99078304,49.32740980396014,8.566030334478496,0,1,6241.063,-0.017433306,5,1,false,false,-1.3199246,2.4445388,10.761758,2.0175083,-0.033129696,3
51.158325,0.99097115,49.327416727452274,8.566025244436958,0,1,6215.7334,-0.016706761,5,1,false,false,-1.6120806,2.4462767,10.867531,2.0170116,-0.029991101,3
51.194813,0.9911595,49.327423650807205,8.566020016690569,0,1,6205.659,-0.016222712,5,1,false,false,-1.3060478,2.1131308,10.743826,2.0165608,-0.02536276,3
51.227516,0.9913479,49.32743048443375,8.56601492664903,0,1,6209.832,-0.01670676,5,1,false,false,-1.615892,1.9424177,9.897693,2.0161939,-0.020806145,3
51.25846,0.99153644,49.32743740778868,8.566009698902642,0,1,6213.8726,-0.012590929,5,1,false,false,-1.6541862,1.8992698,10.307002,2.0158837,-0.017402349,3
51.28759,0.9917251,49.327444331280816,8.566004608861105,0,1,6220.5107,-0.00871665,5,1,false,false,-0.9499066,1.7759306,10.258573,2.01558,-0.015074695,3
51.316147,0.9919138,49.32745125477295,8.565999518819567,0,1,6237.086,-0.0092007015,5,1,false,false,-0.7805846,1.5816553,9.031839,2.0153198,-0.012487225,3
51.345413,0.9921027,49.32745817826508,8.565994291073178,0,1,6254.194,-0.0075069936,5,1,false,false,-1.2860414,1.895712,9.072784,2.015134,-0.011136374,3
51.3739,0.9922916,49.327465101620014,8.565989201031641,0,1,6264.3496,-0.005569855,5,1,false,false,-1.295616,1.9627776,8.867519,2.0149934,-0.007213466,3
51.403553,0.9924807,49.32747202511215,8.56598397328525,0,1,6276.0054,-0.008232602,5,1,false,false,-0.6920646,1.7685821,8.712421,2.0148857,-0.0026553075,3
51.439056,0.9926699,49.32747894860429,8.565978883243714,0,1,6282.27,-0.015738659,5,1,false,false,-0.9144854,1.9883178,8.201627,2.0148156,-0.0038766202,3
51.473656,0.9928593,49.32748587195922,8.565973655497325,0,1,6271.6465,-0.023002226,5,1,false,false,-1.0602126,2.1485448,8.291026,2.014729,-0.006145488,3
51.50574,0.99304867,49.327492795451356,8.565968565455787,0,1,6276.672,-0.025907459,5,1,false,false,-1.2238092,2.0486495,8.134756,2.0145981,-0.009230117,3
51.537003,0.9932383,49.327499718943486,8.565963337709398,0,1,6289.1187,-0.02469687,5,1,false,false,-1.1946652,1.8522725,9.40468,2.0144172,-0.011099842,3
51.568737,0.9934279,49.32750673230121,8.565958247667862,0,1,6292.5747,-0.02324472,5,1,false,false,-0.99899817,1.9278395,9.267665,2.01417,-0.015982637,3
51.60157,0.9936177,49.32751365579335,8.565953019921471,0,1,6297.3926,-0.023487212,5,1,false,false,-1.0866218,1.9849224,9.809878,2.0138898,-0.01831695,3
51.635967,0.9938077,49.32752057914828,8.565947929879934,0,1,6299.8423,-0.018159851,5,1,false,false,-1.1357186,2.1729898,11.188612,2.013584,-0.019625185,3
51.671032,0.9939977,49.32752759264321,8.565942702133544,0,1,6288.68,-0.01259093,5,1,false,false,-0.89222854,2.1060946,10.965285,2.0132515,-0.019653868,3
51.70617,0.99418795,49.32753451599814,8.565937612092007,0,1,6284.2734,-0.011864385,5,1,false,false,-0.9320534,2.0866396,9.761472,2.0129414,-0.019154934,3
51.739628,0.9943782,49.32754152935586,8.565932384345619,0,1,6284.279,-0.010653791,5,1,false,false,-1.227336,2.042202,9.577644,2.0126808,-0.01541626,3
51.77097,0.9945687,49.327548542713586,8.56592729430408,0,1,6282.9204,-0.004116768,5,1,false,false,-1.0459732,1.8931801,10.721581,2.01245,-0.011437661,3
51.801033,0.99475914,49.32755546620572,8.565922066557691,0,1,6288.1963,0.0007256074,5,1,false,false,-0.5648385,1.6645967,13.042831,2.012265,-0.0062115043,3
51.830067,0.9949498,49.32756247956345,8.565916976516155,0,1,6302.461,0.0021786948,5,1,false,false,-0.61256444,1.68868,12.81468,2.012154,-0.007900935,3
51.85875,0.9951406,49.32756949292117,8.565911748769764,0,1,6320.966,-0.00024249335,5,1,false,false,-0.9537603,2.0557024,10.513204,2.0120888,-0.00614234,3
51.89263,0.99533147,49.327576506278895,8.565906658728228,0,1,6320.9824,0.0019362015,5,1,false,false,-0.98711896,2.4378588,10.96279,2.0120761,-0.0005176677,3
51.931183,0.99552244,49.327583519636626,8.565901430981839,0,1,6287.1235,0.0072635654,5,1,false,false,-0.8847538,2.0919373,9.895055,2.0121012,0.0028040872,3
51.96337,0.99571365,49.32759053313155,8.565896203235448,0,1,6277.6245,0.0072635645,5,1,false,false,-0.5753423,1.7794893,11.645459,2.0121741,0.0063298987,3
51.990368,0.9959049,49.32759754648927,8.565891113193912,0,1,6308.417,0.004357391,5,1,false,false,-0.59330916,1.6443604,9.975678,2.0122743,0.0060528303,3
52.014744,0.99609625,49.327604559846996,8.565885885447523,0,1,6321.0264,0.0041148956,5,1,false,false,-0.27371594,1.5046453,9.887017,2.0123737,0.007485744,3
52.044083,0.9962877,49.32761157320472,8.565880795405985,0,1,6333.995,0.0113793975,5,1,false,false,-0.03256446,1.9039366,9.108782,2.0125046,0.009035754,3
52.07472,0.9964792,49.32761858656245,8.565875567659596,0,1,6335.1636,0.020095114,5,1,false,false,-0.468016,1.7704135,8.45798,2.012676,0.010796329,3
52.101906,0.9966709,49.32762568978576,8.56587034075287,0,1,6344.3276,0.022758793,5,1,false,false,-0.1257144,1.9140748,7.2124343,2.0128617,0.014359659,3
52.131474,0.99686265,49.32763270314349,8.565865249871669,0,1,6361.4062,0.019610127,5,1,false,false,0.35972255,1.5592412,7.9741406,2.0130923,0.019827003,3
52.15971,0.9970545,49.32763971650122,8.565860022964943,0,1,6364.406,0.01985262,5,1,false,false,0.24726634,1.6363776,7.922347,2.0133789,0.0193916,3
52.185,0.9972465,49.32764672985894,8.565854795218554,0,1,6389.495,0.017916422,5,1,false,false,-0.15728968,1.67037,8.10784,2.013711,0.01999686,3
52.214176,0.9974386,49.32765383321946,8.565849567472165,0,1,6416.4136,0.016463332,5,1,false,false,-0.16040678,2.1571352,8.033535,2.0141087,0.025148977,3
52.250496,0.9976308,49.32766084657718,8.565844477430627,0,1,6395.1987,0.015252737,5,1,false,false,0.35579762,2.237221,10.466241,2.0145433,0.028891686,3
52.29127,0.9978231,49.3276679498005,8.565839249684238,0,1,6368.5234,0.009441323,5,1,false,false,0.48733738,2.261243,10.821206,2.0149992,0.026881436,3
52.328148,0.9980155,49.32767496329542,8.56583402193785,0,1,6360.531,-0.0019380739,5,1,false,false,0.3133431,2.0152457,10.412469,2.0154245,0.021767288,3
52.3615,0.99820817,49.32768206651874,8.565828794191459,0,1,6360.4927,-0.009200702,5,1,false,false,-0.20196751,2.169532,10.426088,2.0157812,0.015793873,3
52.392258,0.99840087,49.327689079876464,8.56582356644507,0,1,6355.8984,-0.0075069936,5,1,false,false,-0.20443243,2.0142672,10.933256,2.0160313,0.011852755,3
52.422516,0.99859375,49.32769618309978,8.565818338698682,0,1,6357.5566,-0.0060539073,5,1,false,false,0.30403367,1.7460606,11.86031,2.0161936,0.009987157,3
52.45236,0.9987867,49.3277032864603,8.565813110952291,0,1,6365.2207,-0.010653789,5,1,false,false,0.028798759,1.6798406,9.653324,2.0163066,0.004287992,3
52.481083,0.9989796,49.32771029981802,8.565807883205903,0,1,6372.319,-0.014769623,5,1,false,false,-0.112707585,1.792011,11.057526,2.0163746,0.0012625162,3
52.510445,0.9991728,49.32771740304134,8.565802655459514,0,1,6378.0713,-0.0096856905,5,1,false,false,0.1716544,1.9097092,11.144112,2.0163693,-0.0011912555,3
52.53968,0.99936604,49.32772450640186,8.565797427713123,0,1,6379.8257,-0.0055698557,5,1,false,false,0.23781565,1.6654804,9.761797,2.0163252,-0.0034756812,3
52.571606,0.99955946,49.327731609625175,8.565792199966735,0,1,6385.192,-0.005569856,5,1,false,false,0.110477984,1.813982,10.392683,2.0162632,-0.00483788,3
52.600105,0.99975294,49.32773871298569,8.565786972220346,0,1,6386.1216,-0.002905238,5,1,false,false,-0.19941482,1.87412,10.634642,2.0162017,-0.0049351477,3
52.629276,0.99994653,49.327745816209,8.565781607608768,0,1,6394.549,-0.00072748004,5,1,false,false,-0.07787241,1.7580564,7.735002,2.0161467,-0.0022395602,3
52.658245,0.00014024515,49.32775291956952,8.56577637986238,0,1,6402.4087,-0.0019380741,5,1,false,false,0.058806434,1.7897985,7.640702,2.0160992,-0.0010169303,3
